animal_group,family,species,common_name,value,record_count
Bird,Artamidae,Gymnorhina tibicen,Australian Magpie,1,542615
Bird,Monarchidae,Grallina cyanoleuca,Magpie-lark,1,426831
Bird,Meliphagidae,Manorina melanocephala,Noisy Miner,1,490355
Bird,Psittacidae,Trichoglossus moluccanus,Rainbow Lorikeet,1,541249
Bird,Hirundinidae,Hirundo neoxena,Welcome Swallow,1,327186
Bird,Anatidae,Anas superciliosa,Pacific Black Duck,1,299137
Bird,Rhipiduridae,Rhipidura leucophrys,Willie Wagtail,1,251337
Bird,Sturnidae,Acridotheres tristis,Common Myna,1,252442
Bird,Meliphagidae,Anthochaera carunculata,Red Wattlebird,1,306046
Bird,Cacatuidae,Cacatua galerita,Sulphur-crested Cockatoo,1,307067
Bird,Artamidae,Strepera graculina,Pied Currawong,1,279882
Bird,Columbidae,Ocyphaps lophotes,Crested Pigeon,1,250211
Bird,Threskiornithidae,Threskiornis moluccus,Australian White Ibis,1,297781
Bird,Maluridae,Malurus cyaneus,Superb Fairy-wren,1,233768
Bird,Rallidae,Gallinula tenebrosa,Dusky Moorhen,1,237455
Bird,Columbidae,Spilopelia chinensis,Spotted Turtle-dove,1,247746
Bird,Cacatuidae,Eolophus roseicapilla,Galah,1,234283
Bird,Artamidae,Cracticus torquatus,Grey Butcherbird,1,257933
Bird,Charadriidae,Vanellus miles,Masked Lapwing,1,217309
Bird,Rallidae,Porphyrio porphyrio,Australasian Purple Swamphen,1,205802
Bird,Anatidae,Chenonetta jubata,Australian Wood Duck,1,209115
Bird,Alcedinidae,Dacelo novaeguineae,Laughing Kookaburra,1,208049
Bird,Laridae,Chroicocephalus novaehollandiae,Silver Gull,1,199667
Bird,Phalacrocoracidae,Microcarbo melanoleucos,Little Pied Cormorant,1,197399
Bird,Corvidae,Corvus coronoides,Australian Raven,1,195740
Bird,Rhipiduridae,Rhipidura albiscapa,Grey Fantail,1,178470
Bird,Rallidae,Fulica atra,Eurasian Coot,1,192462
Bird,Zosteropidae,Zosterops lateralis,Silvereye,1,151814
Bird,Columbidae,Columba livia,Rock Dove,1,188857
Bird,Phalacrocoracidae,Phalacrocorax sulcirostris,Little Black Cormorant,1,149103
Bird,Corvidae,Corvus orru,Torresian Crow,1,129021
Bird,Ardeidae,Egretta novaehollandiae,White-faced Heron,1,143139
Bird,Sturnidae,Sturnus vulgaris,Common Starling,1,149382
Bird,Campephagidae,Coracina novaehollandiae,Black-faced Cuckoo-shrike,1,123377
Bird,Turdidae,Turdus merula,Eurasian Blackbird,1,134118
Bird,Pelecanidae,Pelecanus conspicillatus,Australian Pelican,1,104696
Bird,Anatidae,Cygnus atratus,Black Swan,1,116812
Bird,Cacatuidae,Cacatua sanguinea,Little Corella,1,145196
Bird,Anatidae,Anas castanea,Chestnut Teal,1,117391
Bird,Anhingidae,Anhinga novaehollandiae,Australasian Darter,1,100506
Bird,Podicipedidae,Tachybaptus novaehollandiae,Australasian Grebe,1,122745
Bird,Meliphagidae,Lichmera indistincta,Brown Honeyeater,1,109468
Bird,Acanthizidae,Sericornis frontalis,White-browed Scrubwren,1,107981
Bird,Corvidae,Corvus mellori,Little Raven,1,176652
Bird,Anatidae,Anas gracilis,Grey Teal,1,116274
Bird,Pardalotidae,Pardalotus striatus,Striated Pardalote,1,105690
Bird,Psittacidae,Platycercus eximius,Eastern Rosella,1,121493
Bird,Psittacidae,Platycercus elegans,Crimson Rosella,1,98891
Bird,Meliphagidae,Phylidonyris novaehollandiae,New Holland Honeyeater,1,121415
Bird,Pardalotidae,Pardalotus punctatus,Spotted Pardalote,1,111015
Bird,Ardeidae,Ardea alba,Great Egret,1,84196
Bird,Oriolidae,Sphecotheres vieilloti,Australasian Figbird,1,89773
Bird,Acanthizidae,Acanthiza pusilla,Brown Thornbill,1,111471
Bird,Artamidae,Cracticus nigrogularis,Pied Butcherbird,1,64546
Bird,Pachycephalidae,Colluricincla harmonica,Grey Shrike-thrush,1,71245
Bird,Acrocephalidae,Acrocephalus australis,Australian Reed Warbler,1,72526
Bird,Meliphagidae,Caligavis chrysops,Yellow-faced Honeyeater,1,66325
Bird,Meliphagidae,Ptilotula penicillata,White-plumed Honeyeater,1,75935
Bird,Estrildidae,Neochmia temporalis,Red-browed Finch,1,73016
Bird,Pachycephalidae,Pachycephala rufiventris,Rufous Whistler,1,55384
Bird,Psittacidae,Psephotus haematonotus,Red-rumped Parrot,1,74920
Bird,Meliphagidae,Anthochaera chrysoptera,Little Wattlebird,1,86667
Bird,Psittacidae,Alisterus scapularis,Australian King-parrot,1,86955
Bird,Passeridae,Passer domesticus,House Sparrow,1,73037
Bird,Phalacrocoracidae,Phalacrocorax carbo,Great Cormorant,1,53388
Bird,Alcedinidae,Todiramphus sanctus,Sacred Kingfisher,1,60896
Bird,Meliphagidae,Acanthorhynchus tenuirostris,Eastern Spinebill,1,66504
Bird,Meliphagidae,Entomyzon cyanotis,Blue-faced Honeyeater,1,56266
Bird,Psittacidae,Trichoglossus chlorolepidotus,Scaly-breasted Lorikeet,1,48988
Bird,Columbidae,Geopelia humeralis,Bar-shouldered Dove,1,59171
Bird,Threskiornithidae,Threskiornis spinicollis,Straw-necked Ibis,1,64417
Bird,Cisticolidae,Cisticola exilis,Golden-headed Cisticola,1,45681
Bird,Anatidae,Aythya australis,Hardhead,1,73917
Bird,Oriolidae,Oriolus sagittatus,Olive-backed Oriole,1,49961
Bird,Ardeidae,Ardea intermedia,Intermediate Egret,1,38939
Bird,Meliphagidae,Meliphaga lewinii,Lewin's Honeyeater,1,51241
Bird,Recurvirostridae,Himantopus himantopus,Black-winged Stilt,1,57671
Bird,Meropidae,Merops ornatus,Rainbow Bee-eater,1,50010
Bird,Dicruridae,Dicrurus bracteatus,Spangled Drongo,1,38585
Bird,Threskiornithidae,Platalea regia,Royal Spoonbill,1,49113
Bird,Podargidae,Podargus strigoides,Tawny Frogmouth,1,65549
Bird,Cuculidae,Eudynamys orientalis,Eastern Koel,1,47189
Bird,Phalacrocoracidae,Phalacrocorax varius,Pied Cormorant,1,43286
Bird,Meliphagidae,Philemon corniculatus,Noisy Friarbird,1,39995
Bird,Maluridae,Malurus melanocephalus,Red-backed Fairy-wren,1,31514
Bird,Petroicidae,Eopsaltria australis,Eastern Yellow Robin,1,42038
Bird,Megapodiidae,Alectura lathami,Australian Brush-turkey,1,69647
Bird,Maluridae,Malurus lamberti,Variegated Fairy-wren,1,28464
Bird,Hirundinidae,Petrochelidon nigricans,Tree Martin,1,40339
Bird,Acanthizidae,Acanthiza chrysorrhoa,Yellow-rumped Thornbill,1,33784
Bird,Locustellidae,Cincloramphus timoriensis,Tawny Grassbird,1,24314
Bird,Anatidae,Anas platyrhynchos,Common Mallard,1,20758
Bird,Ardeidae,Egretta garzetta,Little Egret,1,36458
Bird,Accipitridae,Accipiter fasciatus,Brown Goshawk,1,35165
Bird,Dicaeidae,Dicaeum hirundinaceum,Mistletoebird,1,33468
Bird,Psophodidae,Psophodes olivaceus,Eastern Whipbird,1,40671
Bird,Podicipedidae,Poliocephalus poliocephalus,Hoary-headed Grebe,1,42687
Bird,Cacatuidae,Cacatua tenuirostris,Long-billed Corella,1,45600
Bird,Columbidae,Phaps chalcoptera,Common Bronzewing,1,42268
Bird,Accipitridae,Haliastur sphenurus,Whistling Kite,1,30021
Bird,Psittacidae,Platycercus adscitus,Pale-headed Rosella,1,23874
Bird,Hirundinidae,Petrochelidon ariel,Fairy Martin,1,31417
Bird,Meliphagidae,Gavicalis virescens,Singing Honeyeater,1,47389
Bird,Cacatuidae,Zanda funerea,Eastern Yellow-tailed Black-cockatoo,1,34645
Bird,Cuculidae,Scythrops novaehollandiae,Channel-billed Cuckoo,1,29105
Bird,Fringillidae,Carduelis carduelis,European Goldfinch,1,28076
Bird,Estrildidae,Stizoptera bichenovii,Double-barred Finch,1,30796
Bird,Acanthizidae,Smicrornis brevirostris,Weebill,1,40748
Bird,Coraciidae,Eurystomus orientalis,Dollarbird,1,17436
Bird,Laridae,Thalasseus bergii,Crested Tern,1,33267
Bird,Locustellidae,Poodytes gramineus,Little Grassbird,1,33277
Bird,Anatidae,Spatula rhynchotis,Australasian Shoveler,1,26695
Bird,Meliphagidae,Myzomela sanguinolenta,Scarlet Honeyeater,1,24065
Bird,Meliphagidae,Philemon citreogularis,Little Friarbird,1,28498
Bird,Accipitridae,Elanus axillaris,Black-shouldered Kite,1,27318
Bird,Meliphagidae,Melithreptus albogularis,White-throated Honeyeater,1,19346
Bird,Monarchidae,Myiagra rubecula,Leaden Flycatcher,1,17316
Bird,Motacillidae,Anthus novaeseelandiae,Australian Pipit,1,12487
Bird,Artamidae,Strepera versicolor,Grey Currawong,1,22237
Bird,Anatidae,Malacorhynchus membranaceus,Pink-eared Duck,1,25472
Bird,Acanthizidae,Gerygone levigaster,Mangrove Gerygone,1,19335
Bird,Cacatuidae,Callocephalon fimbriatum,Gang-gang Cockatoo,1,21754
Bird,Estrildidae,Lonchura castaneothorax,Chestnut-breasted Munia,1,17494
Bird,Artamidae,Artamus leucorynchus,White-breasted Woodswallow,1,23136
Bird,Haematopodidae,Haematopus longirostris,Australian Pied Oystercatcher,1,22494
Bird,Meliphagidae,Manorina melanophrys,Bell Miner,1,31060
Bird,Accipitridae,Haliaeetus leucogaster,White-bellied Sea-eagle,1,23152
Bird,Pycnonotidae,Pycnonotus jocosus,Red-whiskered Bulbul,1,18179
Bird,Rhipiduridae,Rhipidura rufifrons,Rufous Fantail,1,17850
Bird,Accipitridae,Haliastur indus,Brahminy Kite,1,15819
Bird,Cuculidae,Cacomantis flabelliformis,Fan-tailed Cuckoo,1,25131
Bird,Anatidae,Tadorna tadornoides,Australian Shelduck,1,22967
Bird,Falconidae,Falco cenchroides,Nankeen Kestrel,1,20415
Bird,Climacteridae,Cormobates leucophaea,White-throated Treecreeper,1,17112
Bird,Scolopacidae,Gallinago hardwickii,Latham's Snipe,1,14772
Bird,Anseranatidae,Anseranas semipalmata,Magpie Goose,1,15650
Bird,Rallidae,Hypotaenidia philippensis,Buff-banded Rail,1,26331
Bird,Psittacidae,Barnardius zonarius,Australian Ringneck,1,19859
Bird,Laridae,Hydroprogne caspia,Caspian Tern,1,13828
Bird,Accipitridae,Circus approximans,Swamp Harrier,1,18007
Bird,Ardeidae,Nycticorax caledonicus,Nankeen Night-heron,1,24906
Bird,Scolopacidae,Numenius phaeopus,Whimbrel,1,10982
Bird,Jacanidae,Irediparra gallinacea,Comb-crested Jacana,1,14807
Bird,Ardeidae,Butorides striata,Striated Heron,1,15207
Bird,Acanthizidae,Gerygone olivacea,White-throated Gerygone,1,8688
Bird,Phasianidae,Synoicus ypsilophora,Brown Quail,1,17074
Bird,Accipitridae,Pandion haliaetus,Osprey,1,15379
Bird,Falconidae,Falco longipennis,Australian Hobby,1,13881
Bird,Scolopacidae,Calidris ruficollis,Red-necked Stint,1,10255
Bird,Corcoracidae,Corcorax melanorhamphos,White-winged Chough,1,13981
Bird,Meliphagidae,Plectorhyncha lanceolata,Striped Honeyeater,1,9212
Bird,Meliphagidae,Gavicalis fasciogularis,Mangrove Honeyeater,1,8623
Bird,Columbidae,Spilopelia senegalensis,Laughing Turtle-dove,1,20240
Bird,Alcedinidae,Todiramphus macleayii,Forest Kingfisher,1,13462
Bird,Columbidae,Geopelia placida,Peaceful Dove,1,26121
Bird,Threskiornithidae,Platalea flavipes,Yellow-billed Spoonbill,1,13637
Bird,Scolopacidae,Limosa lapponica,Bar-tailed Godwit,1,10797
Bird,Anatidae,Biziura lobata,Musk Duck,1,13833
Bird,Fringillidae,Chloris chloris,European Greenfinch,1,10658
Bird,Scolopacidae,Numenius madagascariensis,Eastern Curlew,1,10388
Bird,Laridae,Gelochelidon nilotica,Gull-billed Tern,1,10898
Bird,Acanthizidae,Acanthiza nana,Yellow Thornbill,1,19864
Bird,Scolopacidae,Tringa nebularia,Common Greenshank,1,8601
Bird,Accipitridae,Accipiter cirrocephalus,Collared Sparrowhawk,1,11564
Bird,Anatidae,Oxyura australis,Blue-billed Duck,1,16397
Bird,Ptilonorhynchidae,Ptilonorhynchus violaceus,Satin Bowerbird,1,22065
Bird,Meliphagidae,Phylidonyris niger,White-cheeked Honeyeater,1,11995
Bird,Cuculidae,Chalcites lucidus,New Zealand Shining Bronze-cuckoo,1,11850
Bird,Rallidae,Zapornia tabuensis,Spotless Crake,1,12362
Bird,Scolopacidae,Calidris acuminata,Sharp-tailed Sandpiper,1,12922
Bird,Alcedinidae,Todiramphus chloris,Northern Collared Kingfisher,1,8958
Bird,Laridae,Larus dominicanus,Kelp Gull,1,13373
Bird,Petroicidae,Petroica boodang,Scarlet Robin,1,6826
Bird,Cuculidae,Cacomantis variolosus,Brush Cuckoo,1,7124
Bird,Strigidae,Ninox strenua,Powerful Owl,1,12405
Bird,Acanthizidae,Acanthiza lineata,Striated Thornbill,1,14300
Bird,Cuculidae,Centropus phasianinus,Pheasant Coucal,1,13095
Bird,Anatidae,Stictonetta naevosa,Freckled Duck,1,9359
Bird,Corvidae,Corvus tasmanicus,Forest Raven,1,14843
Bird,Laridae,Larus pacificus,Pacific Gull,1,10645
Bird,Acanthizidae,Gerygone fusca,Western Gerygone,1,15688
Bird,Artamidae,Artamus cyanopterus,Dusky Woodswallow,1,12544
Bird,Cacatuidae,Calyptorhynchus banksii,Forest Red-tailed Black-cockatoo,1,19063
Bird,Meliphagidae,Nesoptilotis leucotis,White-eared Honeyeater,1,10469
Bird,Accipitridae,Aviceda subcristata,Pacific Baza,1,6764
Bird,Accipitridae,Aquila audax,Wedge-tailed Eagle,1,10079
Bird,Charadriidae,Charadrius ruficapillus,Red-capped Plover,1,9487
Bird,Anatidae,Dendrocygna arcuata,Wandering Whistling-duck,1,7010
Bird,Falconidae,Falco peregrinus,Peregrine Falcon,1,10845
Bird,Apodidae,Hirundapus caudacutus,White-throated Needletail,1,7242
Bird,Anatidae,Cairina moschata,Muscovy Duck,1,5818
Bird,Threskiornithidae,Plegadis falcinellus,Glossy Ibis,1,9596
Bird,Campephagidae,Lalage leucomela,Varied Triller,1,15529
Bird,Burhinidae,Burhinus grallarius,Bush Stone-curlew,1,15698
Bird,Meliphagidae,Melithreptus lunatus,White-naped Honeyeater,1,8231
Bird,Accipitridae,Hieraaetus morphnoides,Little Eagle,1,5437
Bird,Acanthizidae,Gerygone mouki,Brown Gerygone,1,7906
Bird,Charadriidae,Pluvialis fulva,Pacific Golden Plover,1,6346
Bird,Scolopacidae,Tringa brevipes,Grey-tailed Tattler,1,6961
Bird,Psittacidae,Polytelis swainsonii,Superb Parrot,1,8743
Bird,Rallidae,Lewinia pectoralis,Lewin's Rail,1,3684
Bird,Meliphagidae,Anthochaera paradoxa,Yellow Wattlebird,1,8734
Bird,Petroicidae,Petroica rosea,Rose Robin,1,6450
Bird,Podicipedidae,Podiceps cristatus,Great Crested Grebe,1,11812
Bird,Accipitridae,Milvus migrans,Black Kite,1,13089
Bird,Meliphagidae,Stomiopera unicolor,White-gaped Honeyeater,1,18515
Bird,Maluridae,Malurus splendens,Splendid Fairy-wren,1,10719
Bird,Acanthizidae,Acanthiza reguloides,Buff-rumped Thornbill,1,4078
Bird,Campephagidae,Coracina papuensis,White-bellied Cuckoo-shrike,1,10724
Bird,Scolopacidae,Arenaria interpres,Ruddy Turnstone,1,4973
Bird,Haematopodidae,Haematopus fuliginosus,Sooty Oystercatcher,1,6758
Bird,Scolopacidae,Calidris tenuirostris,Great Knot,1,4524
Bird,Scolopacidae,Tringa stagnatilis,Marsh Sandpiper,1,3749
Bird,Alaudidae,Alauda arvensis,Eurasian Skylark,1,6415
Bird,Meliphagidae,Phylidonyris pyrrhopterus,Crescent Honeyeater,1,6578
Bird,Accipitridae,Pandion cristatus,Eastern Osprey,1,6127
Bird,Sulidae,Morus serrator,Australasian Gannet,1,8455
Bird,Pachycephalidae,Colluricincla rufogaster,,1,3921
Bird,Laridae,Sternula albifrons,Little Tern,1,3697
Bird,Strigidae,Ninox boobook,Southern Boobook,1,9079
Bird,Scolopacidae,Actitis hypoleucos,Common Sandpiper,1,5409
Bird,Monarchidae,Monarcha melanopsis,Black-faced Monarch,1,3221
Bird,Anatidae,Anser anser,Domestic (greylag) Goose,1,2033
Bird,Alcedinidae,Ceyx azureus,Azure Kingfisher,1,5127
Bird,Megapodiidae,Megapodius reinwardt,Orange-footed Scrubfowl,1,12158
Bird,Rallidae,Tribonyx mortierii,Tasmanian Native-hen,1,7333
Bird,Psittacidae,Trichoglossus rubritorquis,Red-collared Lorikeet,1,14026
Bird,Columbidae,Ducula spilorrhoa,Torresian Imperial-pigeon,1,12102
Bird,Scolopacidae,Calidris ferruginea,Curlew Sandpiper,1,4835
Bird,Cuculidae,Chalcites basalis,Horsfield's Bronze-cuckoo,1,8556
Bird,Meliphagidae,Epthianura albifrons,White-fronted Chat,1,3105
Bird,Petroicidae,Petroica phoenicea,Flame Robin,1,4731
Bird,Ardeidae,Egretta sacra,Eastern Reef Egret,1,5115
Bird,Columbidae,Macropygia phasianella,Brown Cuckoo-dove,1,5825
Bird,Campephagidae,Edolisoma tenuirostre,Cicadabird,1,4096
Bird,Psittacidae,Purpureicephalus spurius,Red-capped Parrot,1,6988
Bird,Charadriidae,Pluvialis squatarola,Grey Plover,1,2122
Bird,Recurvirostridae,Recurvirostra novaehollandiae,Red-necked Avocet,1,7304
Bird,Scolopacidae,Tringa glareola,Wood Sandpiper,1,2109
Bird,Oriolidae,Oriolus flavocinctus,Yellow Oriole,1,9321
Bird,Falconidae,Falco berigora,Brown Falcon,1,6181
Bird,Cacatuidae,Zanda latirostris,Short-billed Black-cockatoo,1,8521
Bird,Meliphagidae,Conopophila albogularis,Rufous-banded Honeyeater,1,9691
Bird,Monarchidae,Symposiachrus trivirgatus,Spectacled Monarch,1,2028
Bird,Scolopacidae,Limosa limosa,Black-tailed Godwit,1,2253
Bird,Laridae,Chlidonias hybrida,Whiskered Tern,1,7785
Bird,Meliphagidae,Anthochaera lunulata,Western Wattlebird,1,5013
Bird,Meliphagidae,Nesoptilotis flavicollis,Yellow-throated Honeyeater,1,5784
Bird,Psittacidae,Platycercus caledonicus,Green Rosella,1,6686
Bird,Campephagidae,Lalage tricolor,White-winged Triller,1,6874
Bird,Pachycephalidae,Pachycephala pectoralis,Golden Whistler,1,16758
Bird,Charadriidae,Erythrogonys cinctus,Red-kneed Dotterel,1,10461
Bird,Charadriidae,Charadrius mongolus,Mongolian Lesser Sand Plover,1,3360
Bird,Ardeidae,Ardea pacifica,White-necked Heron,1,9394
Bird,Petroicidae,Microeca flavigaster,Lemon-bellied Flycatcher,1,6962
Bird,Columbidae,Lopholaimus antarcticus,Topknot Pigeon,1,3916
Bird,Monarchidae,Myiagra inquieta,Restless Flycatcher,1,2822
Bird,Menuridae,Menura novaehollandiae,Superb Lyrebird,1,4416
Bird,Laridae,Sternula nereis,Fairy Tern,1,2510
Bird,Meliphagidae,Ptilotula fusca,Fuscous Honeyeater,1,1815
Bird,Rallidae,Porzana fluminea,Australian Spotted Crake,1,8630
Bird,Accipitridae,Lophoictinia isura,Square-tailed Kite,1,3472
Bird,Passeridae,Passer montanus,Eurasian Tree Sparrow,1,1916
Bird,Meliphagidae,Melithreptus brevirostris,Brown-headed Honeyeater,1,2434
Bird,Rallidae,Amaurornis moluccana,Pale-vented Bush-hen,1,2572
Bird,Scolopacidae,Calidris canutus,Red Knot,1,2061
Bird,Monarchidae,Myiagra cyanoleuca,Satin Flycatcher,1,1307
Bird,Monarchidae,Myiagra alecto,Shining Flycatcher,1,3707
Bird,Neosittidae,Daphoenositta chrysoptera,Black-capped Sittella,1,2235
Bird,Charadriidae,Charadrius leschenaultii,Greater Sand Plover,1,2698
Bird,Columbidae,Ptilinopus regina,Rose-crowned Fruit-dove,1,3355
Bird,Acanthizidae,Pyrrholaemus sagittatus,Speckled Warbler,1,1420
Bird,Corcoracidae,Struthidea cinerea,Apostlebird,1,1001
Bird,Charadriidae,Charadrius bicinctus,Double-banded Plover,1,1503
Bird,Meliphagidae,Myzomela erythrocephala,Red-headed Honeyeater,1,4402
Bird,Aegothelidae,Aegotheles cristatus,Australian Owlet-nightjar,1,2470
Bird,Anatidae,Radjah radjah,Rajah Shelduck,1,3504
Bird,Scolopacidae,Xenus cinereus,Terek Sandpiper,1,2386
Bird,Rhipiduridae,Rhipidura rufiventris,Northern Fantail,1,5843
Bird,Psittacidae,Lathamus discolor,Swift Parrot,1,3666
Bird,Ciconiidae,Ephippiorhynchus asiaticus,Black-necked Stork,1,2555
Bird,Laridae,Sterna hirundo,Common Tern,1,1422
Bird,Cuculidae,Chalcites minutillus,Little Bronze-cuckoo,1,2658
Bird,Acanthizidae,Acanthiza apicalis,Red-rumped Tit,1,2240
Bird,Meliphagidae,Lichenostomus melanops,Yellow-tufted Honeyeater,1,697
Bird,Columbidae,Columba leucomela,White-headed Pigeon,1,2533
Bird,Strigidae,Ninox rufa,Rufous Owl,1,1242
Bird,Artamidae,Strepera fuliginosa,Black Currawong,1,1777
Bird,Meliphagidae,Myzomela obscura,Dusky Honeyeater,1,3476
Bird,Ardeidae,Ixobrychus dubius,Minute Bittern,1,1363
Bird,Artamidae,Melloria quoyi,Black Butcherbird,1,3366
Bird,Acanthizidae,Sericornis magnirostra,Large-billed Scrubwren,1,1669
Bird,Diomedeidae,Thalassarche melanophris,Black-browed Albatross,1,1440
Bird,Meliphagidae,Melithreptus affinis,Black-headed Honeyeater,1,2338
Bird,Scolopacidae,Calidris melanotos,Pectoral Sandpiper,1,901
Bird,Meliphagidae,Philemon buceroides,Helmeted Friarbird,1,4585
Bird,Meliphagidae,Philemon argenticeps,Silver-crowned Friarbird,1,1067
Bird,Turdidae,Turdus philomelos,Song Thrush,1,1023
Bird,Turnicidae,Turnix varius,Painted Button-quail,1,1476
Bird,Psittacidae,Aprosmictus erythropterus,Red-winged Parrot,1,6679
Bird,Anatidae,Nettapus coromandelianus,Cotton Pygmy-goose,1,994
Bird,Numididae,Numida meleagris,Helmeted Guineafowl,1,595
Bird,Columbidae,Phaps elegans,Brush Bronzewing,1,1542
Bird,Recurvirostridae,Cladorhynchus leucocephalus,Banded Stilt,1,936
Bird,Acanthizidae,Gerygone chloronota,Green-backed Gerygone,1,2825
Bird,Estrildidae,Neochmia phaeton,Crimson Finch,1,5649
Bird,Turdidae,Zoothera lunulata,Bassian Thrush,1,1452
Bird,Gruidae,Antigone rubicunda,Brolga,1,852
Bird,Phalacrocoracidae,Phalacrocorax fuscescens,Black-faced Cormorant,1,2452
Bird,Petroicidae,Peneothello pulverulenta,Mangrove Robin,1,1207
Bird,Meliphagidae,Acanthagenys rufogularis,Spiny-cheeked Honeyeater,1,3276
Bird,Columbidae,Leucosarcia melanoleuca,Wonga Pigeon,1,2935
Bird,Estrildidae,Lonchura punctulata,Nutmeg Munia,1,716
Bird,Procellariidae,Ardenna pacifica,Wedge-tailed Shearwater,1,1208
Bird,Monarchidae,Myiagra ruficollis,Broad-billed Flycatcher,1,1456
Bird,Zosteropidae,Zosterops luteus,Northern Australian Yellow White-eye,1,1483
Bird,Burhinidae,Esacus magnirostris,Beach Stone-curlew,1,1314
Bird,Anatidae,Anas superciliosa X platyrhynchos,Mallard Cross,1,1908
Bird,Ardeidae,Egretta picata,Pied Heron,1,1562
Bird,Maluridae,Malurus assimilis,Purple-backed Fairy-wren,1,2083
Bird,Pittidae,Pitta versicolor,Noisy Pitta,1,952
Bird,Rallidae,Zapornia pusilla,Baillon's Crake,1,4654
Bird,Pachycephalidae,Pachycephala simplex,Grey Whistler,1,2686
Bird,Falcunculidae,Falcunculus frontatus,Crested Shrike-tit,1,1559
Bird,Spheniscidae,Eudyptula minor,Little Penguin,1,871
Bird,Anatidae,Dendrocygna eytoni,Plumed Whistling-duck,1,2970
Bird,Psittacidae,Psitteuteles versicolor,Varied Lorikeet,1,1384
Bird,Apodidae,Apus pacificus,Fork-tailed Swift,1,2004
Bird,Accipitridae,Circus assimilis,Spotted Harrier,1,559
Bird,Alcedinidae,Dacelo leachii,Blue-winged Kookaburra,1,3610
Bird,Meliphagidae,Acanthorhynchus superciliosus,Western Spinebill,1,1540
Bird,Laridae,Thalasseus bengalensis,Lesser Crested Tern,1,1294
Bird,Anatidae,Cygnus olor,Mute Swan,1,36
Bird,Cuculidae,Heteroscenes pallidus,Pallid Cuckoo,1,2359
Bird,Cacatuidae,Nymphicus hollandicus,Cockatiel,1,811
Bird,Tytonidae,Tyto javanica,Eastern Barn Owl,1,1890
Bird,Strigidae,Ninox connivens,Barking Owl,1,1189
Bird,Procellariidae,Ardenna tenuirostris,Short-tailed Shearwater,1,985
Bird,Scolopacidae,Calidris alba,Sanderling,1,743
Bird,Meliphagidae,Ramsayornis fasciatus,Bar-breasted Honeyeater,1,2314
Bird,Pittidae,Pitta iris,Rainbow Pitta,1,915
Bird,Tytonidae,Tyto novaehollandiae,Masked Owl,1,187
Bird,Ardeidae,Botaurus poiciloptilus,Australasian Bittern,1,431
Bird,Acanthizidae,Gerygone magnirostris,Large-billed Gerygone,1,968
Bird,Anatidae,Nettapus pulchellus,Green Pygmy-goose,1,1676
Bird,Acanthizidae,Acanthiza inornata,Western Thornbill,1,643
Bird,Petroicidae,Petroica rodinogaster,Pink Robin,1,1449
Bird,Maluridae,Malurus leucopterus,White-winged Fairy-wren,1,1048
Bird,Columbidae,Streptopelia roseogrisea,African Collared Dove,1,436
Bird,Artamidae,Cracticus argenteus,Silver-backed Butcherbird,1,1099
Bird,Phasianidae,Coturnix pectoralis,Stubble Quail,1,1389
Bird,Estrildidae,Stagonopleura guttata,Diamond Firetail,1,310
Bird,Laridae,Chlidonias leucopterus,White-winged Black Tern,1,442
Bird,Rallidae,Tribonyx ventralis,Black-tailed Native-hen,1,4055
Bird,Monarchidae,Myiagra nana,Paperbark Flycatchert,1,2723
Bird,Rhipiduridae,Rhipidura dryas,Arafura Fantail,1,1341
Bird,Meliphagidae,Gliciphila melanops,Tawny-crowned Honeyeater,1,436
Bird,Procellariidae,Puffinus gavia,Fluttering Shearwater,1,625
Bird,Pomatostomidae,Pomatostomus temporalis,Grey-crowned Babbler,1,2401
Bird,Laridae,Sterna striata,White-fronted Tern,1,360
Bird,Cacatuidae,Calyptorhynchus lathami,Glossy Black-cockatoo,1,1605
Bird,Locustellidae,Cincloramphus mathewsi,Rufous Songlark,1,1191
Bird,Acanthizidae,Sericornis humilis,Tasmanian Scrubwren,1,1091
Bird,Charadriidae,Thinornis cucullatus,Hooded Plover,1,7568
Bird,Acanthizidae,Origma solitaria,Rockwarbler,1,285
Bird,Pachycephalidae,Colluricincla megarhyncha,Little Shrike-thrush,1,1105
Bird,Stercorariidae,Stercorarius parasiticus,Arctic Skua,1,754
Bird,Strigidae,Ninox leucopsis,Tasmanian Boobook,1,393
Bird,Columbidae,Chalcophaps longirostris,Brown-capped Emerald-dove,1,1184
Bird,Stercorariidae,Stercorarius pomarinus,Pomarine Jaeger,1,344
Bird,Scolopacidae,Calidris falcinellus,Broad-billed Sandpiper,1,609
Bird,Fregatidae,Fregata minor,Great Frigatebird,1,57
Bird,Cacatuidae,Zanda baudinii,Long-billed Black-cockatoo,1,306
Bird,Meliphagidae,Melithreptus chloropsis,Gilbert's Honeyeater,1,784
Bird,Meliphagidae,Melithreptus validirostris,Strong-billed Honeyeater,1,400
Bird,Falconidae,Falco subniger,Black Falcon,1,384
Bird,Caprimulgidae,Caprimulgus macrurus,Large-tailed Nightjar,1,1517
Bird,Meliphagidae,Melithreptus gularis,Black-chinned Honeyeater,1,231
Bird,Estrildidae,Taeniopygia guttata,Zebra Finch,1,564
Bird,Ptilonorhynchidae,Chlamydera nuchalis,Great Bowerbird,1,1317
Bird,Cuculidae,Cuculus optatus,Oriental Cuckoo,1,497
Bird,Glareolidae,Stiltia isabella,Australian Pratincole,1,355
Bird,Psittacidae,Neophema chrysostoma,Blue-winged Parrot,1,449
Bird,Alcedinidae,Ceyx pusillus,Little Kingfisher,1,244
Bird,Acanthizidae,Calamanthus fuliginosus,Striated Fieldwren,1,907
Bird,Estrildidae,Stagonopleura oculata,Red-eared Firetail,1,209
Bird,Charadriidae,Vanellus tricolor,Banded Lapwing,1,254
Bird,Motacillidae,Motacilla tschutschensis,Eastern Yellow Wagtail,1,191
Bird,Psittacidae,Polytelis anthopeplus,Regent Parrot,1,394
Bird,Psittacidae,Glossopsitta concinna,Musk Lorikeet,1,11652
Bird,Psittacidae,Parvipsitta pusilla,Little Lorikeet,1,771
Bird,Charadriidae,Charadrius veredus,Oriental Plover,1,123
Bird,Climacteridae,Climacteris erythrops,Red-browed Treecreeper,1,681
Bird,Psittacidae,Psittacula krameri,Ring-necked Parakeet,1,439
Bird,Caprimulgidae,Eurostopodus mystacalis,White-throated Nightjar,1,291
Bird,Glareolidae,Glareola maldivarum,Oriental Pratincole,1,72
Bird,Petroicidae,Eopsaltria griseogularis,Western Yellow Robin,1,173
Bird,Psittacidae,Melopsittacus undulatus,Budgerigar,1,470
Bird,Scolopacidae,Numenius minutus,Little Curlew,1,421
Bird,Locustellidae,Cincloramphus cruralis,Brown Songlark,1,989
Bird,Ardeidae,Bubulcus ibis,Eastern Cattle Egret,1,1487
Bird,Columbidae,Ptilinopus superbus,Superb Fruit-dove,1,329
Bird,Petroicidae,Petroica goodenovii,Red-capped Robin,1,1279
Bird,Corvidae,Corvus splendens,House Crow,1,52
Bird,Petroicidae,Microeca fascinans,Jacky Winter,1,253
Bird,Anatidae,Cereopsis novaehollandiae,Cape Barren Goose,1,347
Bird,Charadriidae,Elseyornis melanops,Black-fronted Dotterel,1,2683
Bird,Pachycephalidae,Pachycephala olivacea,Olive Whistler,1,552
Bird,Procellariidae,Ardenna carneipes,Flesh-footed Shearwater,1,236
Bird,Meliphagidae,Conopophila rufogularis,Rufous-throated Honeyeater,1,248
Bird,Procellariidae,Puffinus huttoni,Hutton's Shearwater,1,487
Bird,Meliphagidae,Manorina flavigula,Yellow-throated Miner,1,917
Bird,Scolopacidae,Limnodromus semipalmatus,Asian Dowitcher,1,296
Bird,Psittacidae,Platycercus venustus,Northern Rosella,1,269
Bird,Acanthizidae,Hylacola pyrrhopygia,Chestnut-rumped Heathwren,1,216
Bird,Tytonidae,Tyto longimembris,Eastern Grass Owl,1,118
Bird,Procellariidae,Macronectes halli,Northern Giant-petrel,1,235
Bird,Diomedeidae,Thalassarche cauta,Shy Albatross,1,556
Bird,Pachycephalidae,Pachycephala melanura,Mangrove Golden Whistler,1,329
Bird,Turdidae,Zoothera heinei,Russet-tailed Thrush,1,174
Bird,Stercorariidae,Stercorarius antarcticus,Brown Skua,1,187
Bird,Acanthizidae,Aphelocephala leucopsis,Southern Whiteface,1,151
Bird,Scolopacidae,Calidris pugnax,Ruff,1,82
Bird,Maluridae,Malurus elegans,Red-winged Fairy-wren,1,340
Bird,Psittacidae,Neophema elegans,Elegant Parrot,1,794
Bird,Artamidae,Artamus superciliosus,White-browed Woodswallow,1,416
Bird,Fregatidae,Fregata ariel,Lesser Frigatebird,1,456
Bird,Phasianidae,Gallus gallus,Red Junglefowl,1,354
Bird,Phasianidae,Pavo cristatus,Indian Peafowl,1,958
Bird,Casuariidae,Dromaius novaehollandiae,Emu,1,439
Bird,Accipitridae,Hamirostra melanosternon,Black-breasted Buzzard,1,260
Bird,Acanthizidae,Acanthiza ewingii,Tasmanian Thornbill,1,463
Bird,Estrildidae,Poephila acuticauda,Long-tailed Finch,1,1092
Bird,Psittacidae,Platycercus icterotis,Western Rosella,1,264
Bird,Monarchidae,Carterornis leucotis,White-eared Monarch,1,220
Bird,Psittacidae,Parvipsitta porphyrocephala,Purple-crowned Lorikeet,1,341
Bird,Petroicidae,Melanodryas vittata,Dusky Robin,1,450
Bird,Psittacidae,Polytelis alexandrae,Princess Parrot,1,48
Bird,Ptilonorhynchidae,Sericulus chrysocephalus,Regent Bowerbird,1,98
Bird,Alaudidae,Mirafra javanica,Horsfield's Bushlark,1,244
Bird,Phasianidae,Phasianus colchicus,Common Pheasant,1,54
Bird,Tytonidae,Tyto tenebricosa,Sooty Owl,1,253
Bird,Accipitridae,Accipiter novaehollandiae,Grey Goshawk,1,678
Bird,Scolopacidae,Calidris subminuta,Long-toed Stint,1,566
Bird,Ardeidae,Ardea sumatrana,Great-billed Heron,1,26
Bird,Procellariidae,Pterodroma gouldi,Grey-faced Petrel,1,162
Bird,Oceanitidae,Oceanites oceanicus,Wilson's Storm-petrel,1,42
Bird,Cinclosomatidae,Cinclosoma punctatum,Spotted Quail-thrush,1,62
Bird,Pomatostomidae,Pomatostomus superciliosus,White-browed Babbler,1,252
Bird,Diomedeidae,Thalassarche carteri,Indian Yellow-nosed Albatross,1,208
Bird,Climacteridae,Climacteris rufus,Rufous Treecreeper,1,31
Bird,Estrildidae,Stagonopleura bella,Beautiful Firetail,1,195
Bird,Columbidae,Geopelia cuneata,Diamond Dove,1,225
Bird,Acanthizidae,Pycnoptilus floccosus,Pilotbird,1,60
Bird,Procellariidae,Ardenna grisea,Sooty Shearwater,1,245
Bird,Estrildidae,Chloebia gouldiae,Gouldian Finch,1,582
Bird,Acanthizidae,Acanthiza iredalei,Slender-billed Thornbill,1,9
Bird,Maluridae,Stipiturus malachurus,Southern Emu-wren,1,424
Bird,Pycnonotidae,Pycnonotus cafer,Red-vented Bulbul,1,2
Bird,Ptilonorhynchidae,Ailuroedus crassirostris,Green Catbird,1,57
Bird,Psittacidae,Neophema chrysogaster,Orange-bellied Parrot,1,45
Bird,Meliphagidae,Ptilotula flavescens,Yellow-tinted Honeyeater,1,771
Bird,Pachycephalidae,Pachycephala lanioides,White-breasted Whistler,1,65
Bird,Hirundinidae,Cheramoeca leucosterna,White-backed Swallow,1,85
Bird,Cisticolidae,Cisticola juncidis,Zitting Cisticola,1,50
Bird,Cacatuidae,Lophochroa leadbeateri,Major Mitchell's Cockatoo,1,118
Bird,Acanthizidae,Neosericornis citreogularis,Yellow-throated Scrubwren,1,185
Bird,Artamidae,Artamus personatus,Masked Woodswallow,1,299
Bird,Procellariidae,Pterodroma macroptera,Great-winged Petrel,1,19
Bird,Rhipiduridae,Rhipidura phasiana,Mangrove Grey Fantail,1,39
Bird,Rallidae,Eulabeornis castaneoventris,Chestnut Rail,1,306
Bird,Columbidae,Ptilinopus magnificus,Wompoo Fruit-dove,1,158
Bird,Procellariidae,Pachyptila turtur,Fairy Prion,1,98
Bird,Artamidae,Artamus cinereus,Black-faced Woodswallow,1,235
Bird,Sulidae,Sula leucogaster,Brown Booby,1,233
Bird,Podargidae,Podargus ocellatus,Marbled Frogmouth,1,7
Bird,Hirundinidae,Hirundo rustica,Barn Swallow,1,23
Bird,Stercorariidae,Stercorarius longicaudus,Long-tailed Skua,1,98
Bird,Procellariidae,Calonectris leucomelas,Streaked Shearwater,1,83
Bird,Procellariidae,Ardenna bulleri,Buller's Shearwater,1,33
Bird,Laridae,Onychoprion fuscatus,Sooty Tern,1,195
Bird,Diomedeidae,Thalassarche bulleri,Buller's Albatross,1,55
Bird,Meliphagidae,Anthochaera phrygia,Regent Honeyeater,1,366
Bird,Petroicidae,Melanodryas cucullata,Hooded Robin,1,22
Bird,Diomedeidae,Thalassarche impavida,Campbell Albatross,1,65
Bird,Psittacidae,Psittacula eupatria,Alexandrine Parrot,1,204
Bird,Cuculidae,Chalcites osculans,Black-eared Cuckoo,1,198
Bird,Strigidae,Ninox novaeseelandiae,Southern Boobook,1,787
Bird,Cacatuidae,Cacatua pastinator,Western Corella,1,286
Bird,Corvidae,Corvus bennetti,Little Crow,1,140
Bird,Climacteridae,Climacteris picumnus,North-eastern Brown Treecreeper,1,117
Bird,Petroicidae,Quoyornis georgiana,White-breasted Robin,1,89
Bird,Ardeidae,Ixobrychus flavicollis,Torresian Black Bittern,1,36
Bird,Laridae,Onychoprion anaethetus,Western Indian Ocean Bridled Tern,1,220
Bird,Psittacidae,Neophema pulchella,Turquoise Parrot,1,103
Bird,Alcedinidae,Todiramphus pyrrhopygius,Red-backed Kingfisher,1,549
Bird,Turnicidae,Turnix velox,Little Button-quail,1,66
Bird,Scolopacidae,Calidris subruficollis,Buff-breasted Sandpiper,1,320
Bird,Phasianidae,Synoicus chinensis,King Quail,1,143
Bird,Psittacidae,Eclectus roratus,Eclectus Parrot,1,23
Bird,Meliphagidae,Purnella albifrons,White-fronted Honeyeater,1,183
Bird,Oceanitidae,Pelagodroma marina,White-faced Storm-petrel,1,103
Bird,Meliphagidae,Grantiella picta,Painted Honeyeater,1,67
Bird,Estrildidae,Aidemosyne modesta,Plum-headed Finch,1,3
Bird,Alcedinidae,Tanysiptera sylvia,Buff-breasted Paradise-kingfisher,1,2
Bird,Procellariidae,Pterodroma cervicalis,White-necked Petrel,1,25
Bird,Psophodidae,Psophodes nigrogularis,Western Whipbird,1,2
Bird,Meliphagidae,Ptilotula ornata,Yellow-plumed Honeyeater,1,175
Bird,Spheniscidae,Eudyptes pachyrhynchus,Fiordland Penguin,1,1
Bird,Procellariidae,Pterodroma leucoptera,Gould's Petrel,1,33
Bird,Spheniscidae,Eudyptes chrysocome,,1,1
Bird,Menuridae,Menura alberti,Albert's Lyrebird,1,3
Bird,Procellariidae,Pachyptila salvini,Salvin's Prion,1,3
Bird,Turnicidae,Turnix pyrrhothorax,Red-chested Button-quail,1,26
Bird,Psittacidae,Agapornis roseicollis,Rosy-faced Lovebird,1,8
Bird,Meliphagidae,Cissomela pectoralis,Banded Honeyeater,1,239
Bird,Rostratulidae,Rostratula australis,Australian Painted Snipe,1,331
Bird,Diomedeidae,Diomedea exulans,Wandering Albatross,1,15
Bird,Procellariidae,Pterodroma nigripennis,Black-winged Petrel,1,20
Bird,Psittacidae,Neophema splendida,Scarlet-chested Parrot,1,2
Bird,Pardalotidae,Pardalotus quadragintus,Forty-spotted Pardalote,1,2
Bird,Psittacidae,Neophema petrophila,Rock Parrot,1,40
Bird,Meliphagidae,Manorina melanotis,Black-eared Miner,1,2
Bird,Columbidae,Chalcophaps indica,Emerald Dove,1,5
Bird,Ptilonorhynchidae,Chlamydera maculata,Spotted Bowerbird,1,4
Bird,Oreoicidae,Oreoica gutturalis,Crested Bellbird,1,10
Bird,Maluridae,Malurus amabilis,Lovely Fairy-wren,1,4
Bird,Alcedinidae,Alcedo atthis,Common Kingfisher,1,1
Bird,Procellariidae,Pterodroma cookii,Cook's Petrel,1,4
Bird,Laridae,Chroicocephalus ridibundus,Black-headed Gull,1,15
Bird,Anatidae,Spatula clypeata,Northern Shoveler,1,203
Bird,Hirundinidae,Hirundo tahitica,Pacific Swallow,1,12
Bird,Acanthizidae,Gerygone palpebrosa,Fairy Gerygone,1,91
Bird,Charadriidae,Charadrius semipalmatus,Semipalmated Plover,1,202
Bird,Meliphagidae,Epthianura crocea,Yellow Chat,1,28
Bird,Scolopacidae,Tringa incana,Wandering Tattler,1,85
Bird,Estrildidae,Poephila personata,Western Masked Finch,1,1380
Bird,Acrocephalidae,Acrocephalus stentoreus,Clamorous Reed Warbler,1,7
Bird,Phasianidae,Alectoris chukar,Chukar Partridge,1,11
Bird,Meliphagidae,Ptilotula keartlandi,Grey-headed Honeyeater,1,31
Bird,Meliphagidae,Ptilotula plumula,Grey-fronted Honeyeater,1,42
Bird,Laridae,Sterna dougallii,Roseate Tern,1,94
Bird,Campephagidae,Coracina lineata,Barred Cuckoo-shrike,1,70
Bird,Laridae,Anous tenuirostris,Lesser Noddy,1,37
Bird,Scolopacidae,Limosa haemastica,Hudsonian Godwit,1,152
Bird,Motacillidae,Motacilla cinerea,Grey Wagtail,1,19
Bird,Sturnidae,Aplonis metallica,Metallic Starling,1,1
Bird,Phaethontidae,Phaethon rubricauda,Red-tailed Tropicbird,1,21
Bird,Meliphagidae,Epthianura tricolor,Crimson Chat,1,24
Bird,Orthonychidae,Orthonyx temminckii,Australian Logrunner,1,7
Bird,Turnicidae,Turnix maculosus,Red-backed Button-quail,1,69
Bird,Diomedeidae,Thalassarche chrysostoma,Grey-headed Albatross,1,3
Bird,Phasianidae,Meleagris gallopavo,Wild Turkey,1,20
Bird,Procellariidae,Pterodroma inexpectata,Mottled Petrel,1,1
Bird,Diomedeidae,Diomedea antipodensis,Gibson's Albatross,1,18
Bird,Scolopacidae,Calidris bairdii,Baird's Sandpiper,1,27
Bird,Procellariidae,Daption capense,Cape Petrel,1,7
Bird,Laridae,Anous minutus,Black Noddy,1,166
Bird,Scolopacidae,Gallinago megala,Swinhoe's Snipe,1,83
Bird,Otididae,Ardeotis australis,Australian Bustard,1,4
Bird,Laridae,Gygis alba,White Tern,1,33
Bird,Sulidae,Sula sula,Red-footed Booby,1,6
Bird,Estrildidae,Lonchura flaviprymna,Yellow-rumped Munia,1,144
Bird,Procellariidae,Pterodroma lessonii,White-headed Petrel,1,7
Bird,Psittacidae,Northiella haematogaster,Bluebonnet,1,37
Bird,Procellariidae,Fulmarus glacialoides,Southern Fulmar,1,19
Bird,Procellariidae,Macronectes giganteus,Southern Giant-petrel,1,47
Bird,Procellariidae,Bulweria bulwerii,Bulwer's Petrel,1,2
Bird,Laridae,Anous stolidus,Common Noddy,1,140
Bird,Meliphagidae,Sugomel niger,Black Honeyeater,1,29
Bird,Laridae,Leucophaeus pipixcan,Franklin's Gull,1,61
Bird,Procellariidae,Pelecanoides urinatrix,Common Diving-petrel,1,5
Bird,Scolopacidae,Calidris minuta,Little Stint,1,70
Bird,Ardeidae,Nycticorax nycticorax,Black-crowned Night-heron,1,2
Bird,Laridae,Sterna paradisaea,Arctic Tern,1,75
Bird,Procellariidae,Pterodroma solandri,Providence Petrel,1,9
Bird,Procellariidae,Pterodroma neglecta,Kermadec Petrel,1,2
Bird,Meliphagidae,Lichenostomus cratitius,Purple-gaped Honeyeater,1,3
Bird,Hydrobatidae,Hydrobates matsudairae,Matsudaira's Storm-petrel,1,1
Bird,Anatidae,Branta canadensis,Canada Goose,1,2
Bird,Phaethontidae,Phaethon lepturus,White-tailed Tropicbird,1,4
Bird,Rallidae,Amaurornis cinerea,White-browed Crake,1,6
Bird,Procellariidae,Procellaria westlandica,Westland Petrel,1,7
Bird,Petroicidae,Tregellasia capito,Southern Pale-yellow Robin,1,12
Bird,Laridae,Sterna sumatrana,Black-naped Tern,1,41
Bird,Maluridae,Malurus pulcherrimus,Blue-breasted Fairy-wren,1,6
Bird,Meliphagidae,Gavicalis versicolor,Varied Honeyeater,1,1
Bird,Acanthizidae,Acanthiza uropygialis,Chestnut-rumped Thornbill,1,5
Bird,Acanthizidae,Acanthornis magna,Tasmanian Scrubtit,1,16
Bird,Pardalotidae,Pardalotus rubricatus,Inland Red-browed Pardalote,1,8
Bird,Laridae,Anous albivitta,Tasman Grey Noddy,1,74
Bird,Procellariidae,Puffinus assimilis,Tasman Little Shearwater,1,10
Bird,Laridae,Larus crassirostris,Black-tailed Gull,1,1
Bird,Procellariidae,Pachyptila belcheri,Slender-billed Prion,1,3
Bird,Psittacidae,Pezoporus wallicus,Eastern Ground Parrot,1,3
Bird,Stercorariidae,Stercorarius maccormicki,South Polar Skua,1,1
Bird,Falconidae,Falco hypoleucos,Grey Falcon,1,51
Bird,Charadriidae,Charadrius hiaticula,Common Ringed Plover,1,4
Bird,Climacteridae,Climacteris affinis,White-browed Treecreeper,1,7
Bird,Caprimulgidae,Eurostopodus argus,Spotted Nightjar,1,14
Bird,Procellariidae,Procellaria parkinsoni,Black Petrel,1,3
Bird,Rhipiduridae,Rhipidura fuliginosa,New Zealand Fantail,1,30
Bird,Meliphagidae,Certhionyx variegatus,Pied Honeyeater,1,4
Bird,Columbidae,Ducula bicolor,Pied Imperial-pigeon,1,9
Bird,Laridae,Larus canus,Mew Gull,1,2
Bird,Psittacidae,Neopsephotus bourkii,Bourke's Parrot,1,4
Bird,Psittacidae,Psephotellus varius,Mulga Parrot,1,2
Bird,Ardeidae,Ardea cinerea,Grey Heron,1,3
Bird,Spheniscidae,Aptenodytes patagonicus,King Penguin,1,1
Bird,Nectariniidae,Nectarinia jugularis,Olive-backed Sunbird,1,1
Bird,Procellariidae,Pachyptila desolata,Antarctic Prion,1,1
Bird,Artamidae,Artamus minor,Little Woodswallow,1,50
Bird,Oceanitidae,Fregetta grallaria,White-bellied Storm-petrel,1,1
Bird,Ardeidae,Gorsachius melanolophus,Malayan Night-heron,1,1
Bird,Acanthizidae,Calamanthus montanellus,Western Fieldwren,1,2
Bird,Diomedeidae,Phoebetria palpebrata,Light-mantled Sooty Albatross,1,3
Bird,Charadriidae,Peltohyas australis,Inland Dotterel,1,5
Bird,Fregatidae,Fregata andrewsi,Christmas Island Frigatebird,1,1
Bird,Climacteridae,Climacteris melanurus,Black-tailed Treecreeper,1,4
Bird,Laridae,Larus fuscus,Lesser Black-backed Gull,1,3
Bird,Sulidae,Papasula abbotti,Abbott's Booby,1,1
Bird,Petroicidae,Poecilodryas cerviniventris,Buff-sided Robin,1,86
Bird,Procellariidae,Pterodroma mollis,Soft-plumaged Petrel,1,1
Bird,Odontophoridae,Callipepla californica,California Quail,1,1
Bird,Diomedeidae,Thalassarche steadi,White-capped Albatross,1,1
Bird,Charadriidae,Pluvialis dominica,American Golden Plover,1,1
Bird,Estrildidae,Lonchura oryzivora,Java Sparrow,1,2
Bird,Turnicidae,Turnix melanogaster,Black-breasted Button-quail,1,3
Bird,Psittacidae,Psephotellus dissimilis,Hooded Parrot,1,4
Bird,Anatidae,Dendrocygna guttata,Spotted Whistling-duck,1,4
Bird,Estrildidae,Emblema pictum,Painted Finch,1,7
Bird,Accipitridae,Erythrotriorchis radiatus,Red Goshawk,1,1
Bird,Estrildidae,Heteromunia pectoralis,Pictorella Mannikin,1,2
Bird,Laridae,Leucophaeus atricilla,Laughing Gull,1,4
Bird,Spheniscidae,Eudyptes chrysolophus,Royal Penguin,1,20
Bird,Columbidae,Phaps histrionica,Flock Bronzewing,1,8
Bird,Psittacidae,Cyanoramphus novaezelandiae,Red-fronted Parakeet,1,1
Bird,Psittacidae,Myiopsitta monachus,Monk Parrot,1,3
Bird,Estrildidae,Neochmia ruficauda,Western Star Finch,1,6
Bird,Columbidae,Geophaps smithii,Eastern Partridge Pigeon,1,3
Bird,Petroicidae,Petroica multicolor,Pacific Robin,1,1
Bird,Paradisaeidae,Ptiloris paradiseus,Paradise Riflebird,1,2
Bird,Columbidae,Geophaps scripta,Southern Squatter Pigeon,1,2
Bird,Procellariidae,Pachyptila vittata,Broad-billed Prion,1,1
Bird,Cinclosomatidae,Cinclosoma castanotum,Chestnut Quail-thrush,1,1
Bird,Diomedeidae,Phoebetria fusca,Sooty Albatross,1,1
Bird,Columbidae,Columba vitiensis,Lord Howe Metallic Pigeon,1,1
Bird,Procellariidae,Procellaria cinerea,Grey Petrel,1,1
Bird,Petroicidae,Heteromyias cinereifrons,Grey-headed Robin,1,2
Bird,Sulidae,Sula dactylatra,Masked Booby,1,1
Bird,Procellariidae,Pseudobulweria rostrata,Tahiti Petrel,1,1
Mammal,Phascolarctidae,Phascolarctos cinereus,Koala,1,23047
Mammal,Canidae,Vulpes vulpes,Fox,1,21049
Mammal,Phalangeridae,Trichosurus vulpecula,Common Brushtail Possum,1,52233
Mammal,Leporidae,Oryctolagus cuniculus,Rabbit,1,17487
Mammal,Macropodidae,Wallabia bicolor,Swamp Wallaby,1,10669
Mammal,Pseudocheiridae,Pseudocheirus peregrinus,Common Ringtail Possum,1,59655
Mammal,Macropodidae,Macropus giganteus,Eastern Grey Kangaroo,1,11255
Mammal,Tachyglossidae,Tachyglossus aculeatus,Short-beaked Echidna,1,8646
Mammal,Cervidae,Cervus unicolor,Sambar,1,4589
Mammal,Pteropodidae,Pteropus poliocephalus,Grey-headed Flying-fox,1,23929
Mammal,Muridae,Rattus rattus,Black Rat,1,5497
Mammal,Macropodidae,Macropus fuliginosus,Black-faced Kangaroo,1,2348
Mammal,Peramelidae,Isoodon obesulus,Southern Brown Bandicoot (eastern),1,2297
Mammal,Vombatidae,Vombatus ursinus,Bare-nosed Wombat,1,2479
Mammal,Muridae,Mus musculus,House Mouse,1,2567
Mammal,Muridae,Hydromys chrysogaster,Water-rat,1,2254
Mammal,Muridae,Rattus lutreolus,Swamp Rat,1,1311
Mammal,Felidae,Felis catus,Cat,1,3199
Mammal,Pteropodidae,Pteropus alecto,Black Flying-fox,1,1839
Mammal,Macropodidae,Notamacropus rufogriseus,Red-necked Wallaby,1,821
Mammal,Ornithorhynchidae,Ornithorhynchus anatinus,Platypus,1,1510
Mammal,Petauridae,Petaurus notatus,Krefft's Glider,1,541
Mammal,Peramelidae,Perameles nasuta,Long-nosed Bandicoot,1,9564
Mammal,Peramelidae,Isoodon fusciventer,Southwestern Brown Bandicoot,1,426
Mammal,Cervidae,Dama dama,Fallow Deer,1,538
Mammal,Muridae,Rattus norvegicus,Brown Rat,1,697
Mammal,Macropodidae,Thylogale billardierii,Tasmanian Pademelon,1,312
Mammal,Petauridae,Petaurus norfolcensis,Squirrel Glider,1,325
Mammal,Peramelidae,Perameles gunnii,Eastern Barred Bandicoot,1,247
Mammal,Leporidae,Lepus capensis,Brown Hare,1,353
Mammal,Macropodidae,Osphranter robustus,Common Wallaroo,1,457
Mammal,Vespertilionidae,Chalinolobus gouldii,Gould's Wattled Bat,1,4919
Mammal,Otariidae,Arctocephalus pusillus,Australian Fur-seal,1,222
Mammal,Petauridae,Petaurus breviceps,Sugar Glider,1,1473
Mammal,Muridae,Rattus fuscipes,Bush Rat,1,10945
Mammal,Pseudocheiridae,Petauroides volans,Southern Greater Glider,1,165
Mammal,Dasyuridae,Phascogale tapoatafa,Brush-tailed Phascogale,1,136
Mammal,Macropodidae,Notamacropus agilis,Agile Wallaby,1,526
Mammal,Potoroidae,Bettongia gaimardi,Tasmanian Bettong,1,102
Mammal,Peramelidae,Isoodon macrourus,Northern Brown Bandicoot,1,369
Mammal,Molossidae,Austronomus australis,White-striped Freetail-bat,1,1043
Mammal,Dasyuridae,Antechinus agilis,Agile Antechinus,1,104
Mammal,Dasyuridae,Antechinus mimetes,Mainland Dusky Antechinus,1,95
Mammal,Otariidae,Arctocephalus forsteri,Long-nosed Fur Seal,1,214
Mammal,Bovidae,Capra hircus,Goat,1,227
Mammal,Phalangeridae,Trichosurus caninus,Short-eared Brush-tailed Possum,1,75
Mammal,Delphinidae,Tursiops aduncus,Long-beaked Bottle-nosed Dolphin,1,93
Mammal,Balaenopteridae,Megaptera novaeangliae,Humpback Whale,1,153
Mammal,Pteropodidae,Pteropus scapulatus,Little Red Flying-fox,1,266
Mammal,Petauridae,Petaurus australis,Yellow-bellied Glider,1,71
Mammal,Canidae,Canis familiaris,Dingo,1,829
Mammal,Dasyuridae,Antechinus stuartii,Brown Antechinus,1,3598
Mammal,Pseudocheiridae,Petropseudes dahli,Rock Ringtail Possum,1,79
Mammal,Vespertilionidae,Nyctophilus geoffroyi,Lesser Long-eared Bat,1,506
Mammal,Vespertilionidae,Vespadelus vulturnus,Little Forest Bat,1,535
Mammal,Vespertilionidae,Vespadelus darlingtoni,Large Forest Bat,1,125
Mammal,Dasyuridae,Antechinus flavipes,Yellow-footed Antechinus,1,35
Mammal,Molossidae,Ozimops planiceps,South-eastern Free-tailed Bat,1,163
Mammal,Suidae,Sus scrofa,Pig,1,36
Mammal,Otariidae,Neophoca cinerea,Australian Sea-lion,1,39
Mammal,Delphinidae,Tursiops truncatus,Bottlenose Dolphin,1,43
Mammal,Vespertilionidae,Chalinolobus morio,Chocolate Wattled Bat,1,276
Mammal,Phocidae,Hydrurga leptonyx,Leopard Seal,1,21
Mammal,Muridae,Pseudomys novaehollandiae,New Holland Mouse,1,34
Mammal,Molossidae,Ozimops ridei,Ride's Free-tailed Bat,1,1504
Mammal,Dasyuridae,Sarcophilus harrisii,Tasmanian Devil,1,58
Mammal,Burramyidae,Cercartetus nanus,Eastern Pygmy-possum,1,1742
Mammal,Muridae,Mesembriomys gouldii,Black-footed Tree-rat,1,70
Mammal,Bovidae,Bos taurus,European Cattle,1,53
Mammal,Vespertilionidae,Myotis macropus,Southern Myotis,1,344
Mammal,Dasyuridae,Dasyurus maculatus,Bindjulang,1,19
Mammal,Dasyuridae,Sminthopsis leucopus,White-footed Dunnart,1,10
Mammal,Delphinidae,Delphinus delphis,Common Dolphin,1,60
Mammal,Rhinolophidae,Rhinolophus megaphyllus,Southern Horseshoe Bat,1,121
Mammal,Macropodidae,Notamacropus dorsalis,Black-striped Wallaby,1,12
Mammal,Potoroidae,Potorous tridactylus,Long-nosed Potoroo,1,14
Mammal,Vespertilionidae,Falsistrellus tasmaniensis,Eastern False Pipistrelle,1,123
Mammal,Phocidae,Mirounga leonina,Southern Elephant Seal,1,8
Mammal,Vespertilionidae,Nyctophilus gouldi,Gould's Long-eared Bat,1,69
Mammal,Balaenidae,Eubalaena australis,Southern Right Whale,1,23
Mammal,Miniopteridae,Miniopterus orianae,Eastern Bent-winged Bat,1,2819
Mammal,Vespertilionidae,Vespadelus regulus,Southern Forest Bat,1,89
Mammal,Acrobatidae,Acrobates pygmaeus,Feathertail Glider,1,290
Mammal,Dugongidae,Dugong dugon,Dugong,1,11
Mammal,Vespertilionidae,Scotorepens balstoni,Inland Broad-nosed Bat,1,7
Mammal,Phalangeridae,Trichosurus cunninghami,Mountain Brushtail Possum,1,29
Mammal,Cervidae,Cervus elaphus,Red Deer,1,107
Mammal,Dasyuridae,Sminthopsis murina,Common Dunnart,1,5
Mammal,Muridae,Melomys burtoni,Grassland Melomys,1,20
Mammal,Equidae,Equus caballus,Horse,1,53
Mammal,Miniopteridae,Miniopterus australis,Little Bentwing-bat,1,860
Mammal,Caviidae,Cavia porcellus,Guinea Pig,1,17
Mammal,Otariidae,Arctocephalus tropicalis,Subantarctic Fur-seal,1,9
Mammal,Petauridae,Petaurus ariel,Savanna Glider,1,5
Mammal,Mustelidae,Mustela furo,Ferret,1,3
Mammal,Phocidae,Lobodon carcinophaga,Crab-eater Seal,1,5
Mammal,Macropodidae,Thylogale thetis,Red-necked Pademelon,1,6
Mammal,Muridae,Melomys cervinipes,Fawn-footed Melomys,1,4
Mammal,Cervidae,Axis axis,Chital,1,3
Mammal,Dasyuridae,Dasyurus viverrinus,Luaner,1,5
Mammal,Molossidae,Ozimops kitcheneri,South-western Free-tailed Bat,1,2
Mammal,Rhinonycteridae,Rhinonicteris aurantia,Orange Leaf-nosed Bat,1,3
Mammal,Kogiidae,Kogia breviceps,Pygmy Sperm Whale,1,21
Mammal,Macropodidae,Thylogale stigmatica,Red-legged Pademelon,1,6
Mammal,Macropodidae,Notamacropus irma,Western Brush Wallaby,1,2
Mammal,Dasyuridae,Dasyurus geoffroii,Chuditch,1,2
Mammal,Acrobatidae,Acrobates frontalis,Broad-toed Feather-tailed Glider,1,3
Mammal,Pseudocheiridae,Pseudocheirus occidentalis,Western Ringtail Possum,1,3
Mammal,Vespertilionidae,Scotorepens orion,Eastern Broad-nosed Bat,1,397
Mammal,Vespertilionidae,Nyctophilus arnhemensis,Arnhem Long-eared Bat,1,5
Mammal,Dasyuridae,Antechinus minimus,Swamp Antechinus,1,2
Mammal,Vespertilionidae,Scotorepens greyii,Little Broad-nosed Bat,1,10
Mammal,Vespertilionidae,Vespadelus troughtoni,Eastern Cave Bat,1,17
Mammal,Macropodidae,Setonix brachyurus,Quokka,1,3
Mammal,Delphinidae,Orcaella heinsohni,Australian Snubfin Dolphin,1,1
Mammal,Macropodidae,Petrogale penicillata,Brush-tailed Rock-wallaby,1,4
Mammal,Emballonuridae,Saccolaimus flaviventris,Yellow-bellied Sheathtail-bat,1,117
Bird,Procellariidae,Lugensa brevirostris,Kerguelen Petrel,1,1
Mammal,Dasyuridae,Sminthopsis crassicaudata,Fat-tailed Dunnart,1,1
Mammal,Balaenopteridae,Balaenoptera edeni,Bryde's Whale,1,1
Mammal,Dasyuridae,Dasyurus hallucatus,Digul,1,3
Mammal,Pteropodidae,Macroglossus minimus,Northern Blossom-bat,1,4
Mammal,Delphinidae,Sousa sahulensis,Australian Hump-backed Dolphin,1,8
Mammal,Macropodidae,Notamacropus eugenii,Tammar Wallaby,1,2
Mammal,Physeteridae,Physeter macrocephalus,Sperm Whale,1,4
Mammal,Emballonuridae,Taphozous kapalgensis,Arnhem Sheathtail-bat,1,1
Mammal,Molossidae,Ozimops lumsdenae,Northern Free-tailed Bat,1,1
Mammal,Macropodidae,Petrogale wilkinsi,Eastern Short-eared Rock-wallaby,1,1
Reptile,Agamidae,Intellagama lesueurii,Water Dragon,1,14702
Reptile,Scincidae,Tiliqua scincoides,Eastern Blue-tongue,1,20903
Reptile,Scincidae,Eulamprus quoyii,Eastern Water-skink,1,4520
Reptile,Gekkonidae,Christinus marmoratus,Marbled Gecko,1,3222
Reptile,Chelidae,Emydura macquarii,Macquarie River Turtle,1,2651
Reptile,Scincidae,Lampropholis guichenoti,Pale-flecked Garden Sunskink,1,2300
Reptile,Scincidae,Cryptoblepharus pulcher,Elegant Snake-eyed Skink,1,1895
Reptile,Scincidae,Lampropholis delicata,Dark-flecked Garden Sunskink,1,2439
Reptile,Pythonidae,Morelia spilota,Carpet Python,1,3814
Reptile,Chelidae,Chelodina longicollis,Snake-necked Turtle,1,5523
Reptile,Gekkonidae,Hemidactylus frenatus,House Gecko,1,1422
Reptile,Scincidae,Saproscincus mustelinus,Weasel Skink,1,1177
Reptile,Scincidae,Tiliqua rugosa,Bobtail,1,1649
Mammal,Vespertilionidae,Chalinolobus dwyeri,Large-eared Pied Bat,1,648
Reptile,Elapidae,Pseudechis porphyriacus,Red-bellied Black Snake,1,6924
Reptile,Varanidae,Varanus varius,Lace Monitor,1,1806
Reptile,Scincidae,Tiliqua nigrolutea,Southern Blue-tongue,1,960
Reptile,Agamidae,Pogona barbata,Common Bearded Dragon,1,1552
Reptile,Elapidae,Pseudonaja textilis,Common Brown Snake,1,2492
Reptile,Colubridae,Dendrelaphis punctulatus,Green Tree Snake,1,2162
Reptile,Elapidae,Notechis scutatus,Tiger Snake,1,791
Reptile,Scincidae,Cryptoblepharus buchananii,Buchanan’s Snake-eyed Skink,1,756
Reptile,Agamidae,Amphibolurus muricatus,Jacky Lizard,1,861
Reptile,Agamidae,Tropicagama temporalis,Swamplands Lashtail,1,721
Reptile,Carphodactylidae,Phyllurus platurus,Broad-tailed Gecko,1,723
Reptile,Scincidae,Pseudemoia pagenstecheri,Tussock Skink,1,343
Reptile,Elapidae,Austrelaps superbus,Lowland Copperhead,1,452
Reptile,Colubridae,Tropidonophis mairii,Keelback,1,467
Reptile,Scincidae,Concinnia tenuis,Barred-sided Skink,1,488
Reptile,Scincidae,Egernia cunninghami,Cunningham's Skink,1,556
Reptile,Scincidae,Ctenotus robustus,Robust Ctenotus,1,549
Mammal,Molossidae,Micronomus norfolkensis,Eastern Freetail-bat,1,204
Reptile,Chelidae,Chelodina oblonga,Northern Snake-necked Turtle,1,5587
Reptile,Scincidae,Carlia sexdentata,Six-toothed Rainbow-skink,1,347
Reptile,Pygopodidae,Delma impar,Striped Legless Lizard,1,355
Reptile,Scincidae,Eulamprus tympanum,Southern Water Skink,1,320
Reptile,Elapidae,Suta flagellum,Little Whip Snake,1,204
Reptile,Chelidae,Myuchelys latisternum,Saw-shelled Turtle,1,369
Mammal,Vespertilionidae,Scoteanax rueppellii,Greater Broad-nosed Bat,1,170
Reptile,Scincidae,Saproscincus spectabilis,Gully Skink,1,296
Mammal,Potoroidae,Bettongia penicillata,Woylie,1,157
Reptile,Elapidae,Demansia psammophis,Yellow-faced Whip Snake,1,494
Reptile,Diplodactylidae,Diplodactylus vittatus,Eastern Stone Gecko,1,274
Reptile,Gekkonidae,Hemidactylus garnotii,Indo-pacific Gecko,1,238
Reptile,Scincidae,Anepischetosia maccoyi,Highlands Forest-skink,1,210
Reptile,Scincidae,Hemiergis quadrilineata,Two-toed Earless Skink,1,276
Reptile,Scincidae,Concinnia martini,Dark Barsided Skink,1,206
Reptile,Elapidae,Cacophis squamulosus,Golden-crowned Snake,1,944
Reptile,Scincidae,Hemiergis decresiensis,Three-toed Earless Skink,1,257
Reptile,Agamidae,Pogona minor,Dwarf Bearded Dragon,1,181
Reptile,Scincidae,Carinascincus metallicus,Metallic Cool-skink,1,139
Reptile,Scincidae,Ctenotus taeniolatus,Copper-tailed Skink,1,213
Reptile,Scincidae,Egernia kingii,King's Skink,1,170
Reptile,Pygopodidae,Lialis burtonis,Burton's Snake-lizard,1,217
Reptile,Varanidae,Varanus panoptes,Yellow-spotted Monitor,1,217
Reptile,Carphodactylidae,Underwoodisaurus milii,Thick-tailed Gecko,1,142
Reptile,Scincidae,Hemiergis peronii,Lowlands Earless Skink,1,148
Reptile,Scincidae,Calyptotis scutirostrum,Scute-snouted Calyptotis,1,112
Reptile,Varanidae,Varanus scalaris,Spotted Tree Monitor,1,139
Reptile,Scincidae,Anomalopus verreauxii,Three-clawed Worm-skink,1,140
Reptile,Elapidae,Pseudonaja affinis,Dugite,1,103
Reptile,Diplodactylidae,Amalosia robusta,Robust Velvet Gecko,1,121
Reptile,Scincidae,Lerista bougainvillii,South-eastern Slider,1,101
Reptile,Agamidae,Ctenophorus pictus,Painted Dragon,1,243
Reptile,Scincidae,Saiphos equalis,Three-toed Skink,1,302
Reptile,Scincidae,Cyclodomorphus gerrardii,Pink-tongued Lizard,1,134
Mammal,Vespertilionidae,Vespadelus pumilus,Eastern Forest Bat,1,54
Reptile,Elapidae,Cacophis harriettae,White-crowned Snake,1,98
Reptile,Scincidae,Menetia greyii,Common Dwarf Skink,1,182
Reptile,Scincidae,Bellatorias frerei,Major Skink,1,91
Reptile,Scincidae,Liopholis whitii,White's Skink,1,99
Reptile,Agamidae,Chlamydosaurus kingii,Frilled Lizard,1,130
Reptile,Varanidae,Varanus mitchelli,Mitchell's Water Monitor,1,90
Reptile,Scincidae,Pseudemoia rawlinsoni,Glossy Grass Skink,1,64
Reptile,Elapidae,Cryptophis nigrescens,Eastern Small-eyed Snake,1,107
Reptile,Elapidae,Hemiaspis signata,Marsh Snake,1,178
Reptile,Diplodactylidae,Strophurus spinigerus,South-western Spiny-tailed Gecko,1,90
Reptile,Varanidae,Varanus rosenbergi,Heath Monitor,1,128
Reptile,Chelidae,Chelodina expansa,Broad-shelled Turtle,1,94
Reptile,Scincidae,Morethia obscura,Shrubland Morethia Skink,1,79
Reptile,Scincidae,Acritoscincus duperreyi,Eastern Three-lined Skink,1,49
Reptile,Gekkonidae,Gehyra dubia,Dubious Dtella,1,47
Reptile,Diplodactylidae,Amalosia lesueurii,Lesueur's Velvet Gecko,1,78
Reptile,Scincidae,Carlia vivax,Lively Rainbow Skink,1,49
Reptile,Agamidae,Rankinia diemensis,Mountain Dragon,1,56
Reptile,Gekkonidae,Heteronotia binoei,Bynoe's Gecko,1,89
Reptile,Pygopodidae,Pygopus lepidopodus,Common Scaly-foot,1,68
Reptile,Scincidae,Ctenotus australis,Western Limestone Ctenotus,1,60
Reptile,Scincidae,Carlia gracilis,Slender Rainbow-skink,1,67
Reptile,Typhlopidae,Indotyphlops braminus,Flowerpot Blind Snake,1,40
Reptile,Elapidae,Acanthophis antarcticus,Common Death Adder,1,157
Reptile,Scincidae,Lissolepis coventryi,Eastern Mourning Skink,1,37
Reptile,Scincidae,Ctenotus fallens,West-coast Laterite Ctenotus,1,58
Reptile,Typhlopidae,Anilios nigrescens,Blackish Blind Snake,1,118
Reptile,Cheloniidae,Chelonia mydas,Green Turtle,1,331
Mammal,Cervidae,Cervus timorensis,Rusa Deer,1,28
Reptile,Elapidae,Drysdalia coronoides,White-lipped Snake,1,55
Reptile,Colubridae,Boiga irregularis,Night Tiger,1,127
Reptile,Scincidae,Carlia rufilatus,Red-sided Rainbow-skink,1,85
Reptile,Varanidae,Varanus gouldii,Gould's Goanna,1,160
Reptile,Varanidae,Varanus tristis,Black-headed Monitor,1,43
Reptile,Scincidae,Eremiascincus douglasi,Orange-sided Bar-lipped Skink,1,36
Reptile,Scincidae,Carinascincus ocellatus,Ocellated Skink,1,38
Reptile,Pythonidae,Liasis fuscus,Water Python,1,41
Reptile,Elapidae,Suta gouldii,Gould's Hooded Snake,1,25
Mammal,Mustelidae,Mustela putorius,European Polecat,1,23
Reptile,Scincidae,Carlia amax,Bauxite Rainbow-skink,1,66
Reptile,Gekkonidae,Gehyra variegata,Tree Dtella,1,36
Reptile,Scincidae,Ctenotus spaldingi,Spalding's Ctenotus,1,27
Reptile,Homalopsidae,Fordonia leucobalia,White-bellied Mangrove Snake,1,32
Reptile,Elapidae,Simoselaps bertholdi,Jan's Banded Snake,1,33
Reptile,Scincidae,Acritoscincus trilineatus,Western Three-lined Skink,1,43
Reptile,Scincidae,Eulamprus heatwolei,Yellow-bellied Water-skink,1,73
Reptile,Scincidae,Carinascincus coventryi,Southern Forest Cool-skink,1,29
Reptile,Elapidae,Vermicella annulata,Bandy-bandy,1,53
Reptile,Scincidae,Cryptoblepharus cygnatus,Swanson’s Snake-eyed Skink,1,47
Reptile,Scincidae,Lygisaurus foliorum,Tree-base Litter-skink,1,27
Reptile,Pygopodidae,Delma molleri,Gulfs Delma,1,33
Mammal,Macropodidae,Osphranter rufus,Red Kangaroo,1,17
Reptile,Scincidae,Acritoscincus platynotus,Red-throated Skink,1,55
Reptile,Agamidae,Ctenophorus decresii,Tawny Dragon,1,29
Reptile,Gekkonidae,Gehyra australis,Northern Dtella,1,30
Reptile,Scincidae,Cryptoblepharus pannosus,Ragged Snake-eyed Skink,1,21
Reptile,Elapidae,Neelaps calonotos,Western Black-striped Snake,1,14
Reptile,Scincidae,Egernia napoleonis,South-western Crevice-skink,1,16
Reptile,Scincidae,Hemiergis initialis,Southwestern Earless Skink,1,19
Reptile,Homalopsidae,Cerberus australis,Australian Bockadam,1,15
Reptile,Colubridae,Stegonotus australis,Slaty-grey Snake,1,26
Reptile,Elapidae,Hoplocephalus bungaroides,Broad-headed Snake,1,17
Reptile,Scincidae,Pseudemoia entrecasteauxii,Southern Grass Skink,1,23
Reptile,Scincidae,Cryptoblepharus metallicus,Metallic Snake-eyed Skink,1,31
Reptile,Scincidae,Ophioscincus ophioscincus,Yolk-bellied Snake-skink,1,15
Reptile,Agamidae,Diporiphora bilineata,Two-lined Dragon,1,18
Reptile,Pythonidae,Antaresia childreni,Children's Python,1,35
Reptile,Scincidae,Morethia boulengeri,Boulenger's Snake-eyed Skink,1,89
Reptile,Scincidae,Ctenotus essingtonii,Port Essington Ctenotus,1,40
Reptile,Agamidae,Diporiphora australis,Tommy Roundhead,1,18
Reptile,Agamidae,Ctenophorus adelaidensis,Western Heath Dragon,1,14
Reptile,Scincidae,Morethia lineoocellata,West Coast Morethia Skink,1,15
Mammal,Thylacomyidae,Macrotis lagotis,Bilby,1,12
Reptile,Elapidae,Cacophis krefftii,Southern Dwarf Crowned Snake,1,20
Reptile,Scincidae,Lerista elegans,Elegant Slider,1,26
Reptile,Pygopodidae,Aprasia repens,Sedgelands Worm-lizard,1,11
Reptile,Elapidae,Pseudonaja nuchalis,Northern Brown Snake,1,13
Reptile,Elapidae,Brachyurophis semifasciatus,Southern Shovel-nosed Snake,1,9
Reptile,Scincidae,Carlia schmeltzii,Robust Rainbow-skink,1,9
Reptile,Scincidae,Eroticoscincus graciloides,Elf Skink,1,8
Mammal,Balaenopteridae,Balaenoptera musculus,Blue Whale,1,6
Reptile,Scincidae,Lissolepis luctuosa,Western Mourning Skink,1,14
Reptile,Scincidae,Morethia adelaidensis,Saltbush Morethia Skink,1,10
Reptile,Scincidae,Ctenotus orientalis,Eastern Striped Skink,1,12
Reptile,Diplodactylidae,Oedura tryoni,Southern Spotted Velvet Gecko,1,8
Reptile,Scincidae,Hemiergis talbingoensis,Eastern Three-toed Earless Skink,1,61
Reptile,Elapidae,Narophis bimaculatus,Black-naped Snake,1,9
Reptile,Gekkonidae,Lepidodactylus lugubris,Mourning Gecko,1,9
Reptile,Varanidae,Varanus mertensi,Mertens' Water Monitor,1,15
Reptile,Cheloniidae,Natator depressus,Flatback Turtle,1,32
Reptile,Pythonidae,Liasis olivaceus,Olive Python,1,8
Reptile,Elapidae,Hydrophis platurus,Yellow-bellied Sea Snake,1,68
Mammal,Muridae,Pseudomys gracilicaudatus,Eastern Chestnut Mouse,1,4
Reptile,Pygopodidae,Delma fraseri,Fraser's Delma,1,21
Reptile,Diplodactylidae,Amalosia jacovae,Clouded Gecko,1,4
Reptile,Scincidae,Cyclodomorphus celatus,Western Slender Blue-tongue,1,11
Reptile,Scincidae,Tiliqua occipitalis,Western Blue-tongue,1,38
Reptile,Typhlopidae,Anilios australis,Southern Blind Snake,1,14
Reptile,Scincidae,Ctenotus impar,Odd-striped Ctenotus,1,6
Reptile,Scincidae,Lerista lineata,Perth Slider,1,9
Mammal,Delphinidae,Grampus griseus,Risso's Dolphin,1,4
Reptile,Cheloniidae,Lepidochelys olivacea,Pacific Ridley,1,9
Reptile,Scincidae,Egernia striolata,Tree Skink,1,10
Mammal,Dasyuridae,Antechinus swainsonii,Dusky Antechinus,1,3
Reptile,Scincidae,Lerista lineopunctulata,Dotted-line Robust Slider,1,7
Reptile,Pythonidae,Morelia bredli,Centralian Carpet Python,1,5
Reptile,Scincidae,Lerista dorsalis,Southern Slider,1,25
Reptile,Scincidae,Lerista praepedita,Blunt-tailed West-coast Slider,1,10
Reptile,Scincidae,Carinascincus pretiosus,Agile Cool-skink,1,5
Reptile,Agamidae,Diporiphora nobbi,Nobbi Dragon,1,10
Mammal,Muridae,Notomys cervinus,Fawn Hopping-mouse,1,3
Reptile,Diplodactylidae,Crenadactylus ocellatus,South-western Clawless Gecko,1,5
Reptile,Chelidae,Emydura tanybaraga,Northern Yellow-faced Turtle,1,6
Reptile,Elapidae,Elapognathus coronatus,Western Crowned Snake,1,7
Reptile,Acrochordidae,Acrochordus arafurae,Arafura Filesnake,1,5
Reptile,Elapidae,Tropidechis carinatus,Rough-scaled Snake,1,4
Reptile,Elapidae,Demansia reticulata,Yellow-faced Whipsnake,1,4
Reptile,Elapidae,Hydrophis elegans,Elegant Sea Snake,1,14
Reptile,Scincidae,Silvascincus murrayi,Murray's Skink,1,3
Reptile,Homalopsidae,Myron richardsonii,Richardson's Mangrove Snake,1,2
Reptile,Pygopodidae,Aprasia pulchella,Western Granite Worm-lizard,1,2
Reptile,Carphodactylidae,Saltuarius swaini,Southern Leaf-tailed Gecko,1,96
Reptile,Pygopodidae,Delma inornata,Patternless Delma,1,20
Reptile,Scincidae,Bellatorias major,Land Mullet,1,5
Reptile,Elapidae,Echiopsis curta,Bardick,1,6
Reptile,Scincidae,Lampropholis amicula,Friendly Sunskink,1,3
Reptile,Elapidae,Furina diadema,Red-naped Snake,1,6
Reptile,Crocodylidae,Crocodylus johnstoni,Freshwater Crocodile,1,23
Mammal,Pteropodidae,Dobsonia magna,Bare-backed Fruit-bat,1,2
Reptile,Typhlopidae,Anilios waitii,Beaked Blind Snake,1,2
Reptile,Pygopodidae,Aprasia pseudopulchella,Flinders Ranges Worm-lizard,1,21
Reptile,Scincidae,Morethia storri,Top End Firetail Skink,1,10
Reptile,Cheloniidae,Eretmochelys imbricata,Hawksbill Turtle,1,46
Reptile,Emydidae,Trachemys scripta,Red-eared Slider,1,19
Mammal,Delphinidae,Stenella attenuata,Spotted Dolphin,1,2
Mammal,Equidae,Equus asinus,Donkey,1,2
Mammal,Vespertilionidae,Nyctophilus bifax,Eastern Long-eared Bat,1,2
Mammal,Delphinidae,Pseudorca crassidens,False Killer Whale,1,2
Mammal,Muridae,Notomys mitchellii,Mitchell's Hopping-mouse,1,2
Reptile,Pygopodidae,Aprasia parapulchella,Pink-tailed Worm-lizard,1,29
Mammal,Macropodidae,Notamacropus parryi,Whiptail Wallaby,1,3
Reptile,Homalopsidae,Pseudoferania polylepis,Macleay's Water Snake,1,3
Reptile,Gekkonidae,Gehyra lazelli,Southern Rock Dtella,1,2
Reptile,Scincidae,Cryptoblepharus virgatus,Striped Snake-eyed Skink,1,84
Reptile,Agamidae,Lophognathus gilberti,Gilbert's Dragon,1,9
Reptile,Elapidae,Hydrophis curtus,Spine-bellied Sea Snake,1,2
Reptile,Elapidae,Demansia olivacea,Olive Whipsnake,1,3
Mammal,Vespertilionidae,Scotorepens sanborni,Northern Broad-nosed Bat,1,1
Mammal,Pteropodidae,Pteropus conspicillatus,Spectacled Flying-fox,1,1
Mammal,Kogiidae,Kogia sima,Dwarf Sperm Whale,1,1
Mammal,Muridae,Pseudomys delicatulus,Delicate Mouse,1,1
Reptile,Elapidae,Hydrophis macdowelli,Small-headed Sea Snake,1,1
Reptile,Scincidae,Cyclodomorphus michaeli,Mainland She-oak Skink,1,5
Reptile,Scincidae,Calyptotis lepidorostrum,Cone-eared Calyptotis,1,1
Reptile,Diplodactylidae,Amalosia rhombifer,Zigzag Velvet Gecko,1,15
Reptile,Scincidae,Liopholis montana,Mountain Skink,1,1
Reptile,Pygopodidae,Aprasia striolata,Striated Worm-lizard,1,7
Reptile,Scincidae,Lerista distinguenda,South-western Orange-tailed Slider,1,3
Reptile,Pygopodidae,Delma borea,Rusty-topped Delma,1,6
Reptile,Elapidae,Drysdalia rhodogaster,Mustard-bellied Snake,1,6
Reptile,Elapidae,Furina ornata,Moon Snake,1,7
Reptile,Scincidae,Morethia taeniopleura,Fire-tailed Skink,1,2
Reptile,Diplodactylidae,Diplodactylus polyophthalmus,Spotted Sandplain Gecko,1,2
Reptile,Gekkonidae,Hemidactylus parvimaculatus,Spotted House Gecko,1,1
Reptile,Colubridae,Pantherophis guttatus,Corn Snake,1,45
Mammal,Vespertilionidae,Vespadelus baverstocki,Inland Forest Bat,1,1
Reptile,Cheloniidae,Caretta caretta,Loggerhead Turtle,1,79
Reptile,Elapidae,Hoplocephalus stephensii,Stephens' Banded Snake,1,5
Reptile,Agamidae,Ctenophorus ornatus,Ornate Dragon,1,1
Reptile,Scincidae,Ctenotus borealis,White-faced Ctenotus,1,3
Mammal,Delphinidae,Feresa attenuata,Pygmy Killer Whale,1,1
Reptile,Scincidae,Glaphyromorphus darwiniensis,Northern Mulch-skink,1,8
Mammal,Muridae,Uromys caudimaculatus,White-tailed Uromys,1,1
Mammal,Ziphiidae,Mesoplodon densirostris,Blainville's Beaked Whale,1,1
Mammal,Muridae,Pseudomys hermannsburgensis,Sandy Inland Mouse,1,1
Mammal,Vombatidae,Lasiorhinus latifrons,Southern Hairy-nosed Wombat,1,1
Mammal,Molossidae,Ozimops petersi,Inland Free-tailed Bat,1,4
Reptile,Scincidae,Carlia munda,Shaded-litter Rainbow-skink,1,22
Reptile,Elapidae,Austrelaps labialis,Pygmy Copperhead,1,4
Mammal,Potoroidae,Aepyprymnus rufescens,Rufous Bettong,1,1
Mammal,Delphinidae,Stenella coeruleoalba,Striped Dolphin,1,2
Mammal,Balaenopteridae,Balaenoptera acutorostrata,Dwarf Minke Whale,1,2
Mammal,Vespertilionidae,Phoniscus papuensis,Golden-tipped Bat,1,1
Mammal,Macropodidae,Petrogale xanthopus,Yellow-footed Rock-wallaby,1,1
Mammal,Pteropodidae,Syconycteris australis,Common Blossom-bat,1,1
Reptile,Typhlopidae,Anilios ligatus,Robust Blind Snake,1,2
Reptile,Elapidae,Brachyurophis fasciolatus,Narrow-banded Snake,1,1
Reptile,Pygopodidae,Delma tincta,Excitable Delma,1,3
Reptile,Agamidae,Lophognathus horneri,Horner's Dragon,1,2
Reptile,Diplodactylidae,Diplodactylus furcosus,Ranges Stone Gecko,1,2
Reptile,Dermochelyidae,Dermochelys coriacea,Leathery Turtle,1,10
Reptile,Agamidae,Tympanocryptis lineata,Canberra Grassland Earless Dragon,1,125
Reptile,Scincidae,Ctenotus arcanus,Arcane Ctenotus,1,1
Reptile,Elapidae,Suta nigriceps,Mitchell's Short-tailed Snake,1,1
Reptile,Scincidae,Carlia pectoralis,Open-litter Rainbow-skink,1,4
Reptile,Diplodactylidae,Strophurus ciliaris,Northern Spiny-tailed Gecko,1,1
Reptile,Pythonidae,Aspidites melanocephalus,Black-headed Python,1,3
Reptile,Pythonidae,Antaresia maculosa,Spotted Python,1,18
Reptile,Scincidae,Cyclodomorphus casuarinae,Tasmanian She-oak Skink,1,2
Reptile,Crocodylidae,Crocodylus porosus,Saltwater Crocodile,1,217
Reptile,Scincidae,Coeranoscincus reticulatus,Three-toed Snake-tooth Skink,1,2
Reptile,Elapidae,Suta dwyeri,Dwyer's Snake,1,3
Reptile,Pygopodidae,Delma torquata,Adorned Delma,1,2
Insect,Castniidae,Synemon plana,Golden Sun Moth,1,4151
Insect,Apidae,Apis mellifera,European Honey Bee,1,12243
Insect,Nymphalidae,Heteronympha merope,Common Brown,1,5844
Insect,Coccinellidae,Harmonia conformis,Common Spotted Ladybird,1,5719
Insect,Nymphalidae,Vanessa kershawi,Australian Painted Lady,1,5103
Insect,Hesperiidae,Ocybadistes walkeri,Green Grass-dart,1,4952
Insect,Lycaenidae,Zizina otis,Grass Blue,1,5297
Insect,Pieridae,Pieris rapae,Cabbage White Butterfly,1,5408
Insect,Libellulidae,Diplacodes bipunctata,Wandering Percher,1,3835
Insect,Libellulidae,Orthetrum caledonicum,Blue Skimmer,1,3840
Insect,Nymphalidae,Euploea corinna,Oleander Butterfly,1,4301
Insect,Coenagrionidae,Ischnura heterosticta,Common Bluetail,1,3437
Insect,Mantidae,Pseudomantis albofimbriata,,1,3498
Insect,Geometridae,Phrissogonus laticostata,Geometer Moth,1,3216
Insect,Coccinellidae,Illeis galbula,Fungus-eating Ladybird,1,3193
Insect,Nymphalidae,Junonia villida,Meadow Argus,1,3808
Insect,Lestidae,Austrolestes leda,Wandering Ringtail,1,3055
Insect,Reduviidae,Pristhesancus plagipennis,Assassin Bug,1,2901
Insect,Nymphalidae,Vanessa itea,Yellow Admiral,1,2750
Insect,Argiolestidae,Austroargiolestes icteromelas,Pale-mouth Common Flatwing,1,2698
Insect,Corduliidae,Hemicordulia tau,Tau Emerald,1,2622
Insect,Papilionidae,Papilio aegeus,Large Citrus Butterfly,1,3224
Insect,Syrphidae,Melangyna viridiceps,Hover Fly,1,2692
Insect,Geometridae,Scopula rubraria,Carpet Moth,1,2777
Insect,Acrididae,Valanga irregularis,Giant Grasshopper,1,2604
Insect,Scarabaeidae,Cyclocephala signaticollis,,1,2396
Insect,Papilionidae,Papilio anactus,Dainty Swallowtail,1,2554
Insect,Coccinellidae,Coccinella transversalis,Transverse Ladybird,1,2622
Insect,Nymphalidae,Danaus plexippus,Monarch,1,2749
Insect,Scutelleridae,Tectocoris diophthalmus,Cotton Harlequin Bug,1,2308
Insect,Coccinellidae,Coelophora inaequalis,Common Australian Lady Beetle,1,2450
Insect,Crambidae,Herpetogramma licarsisalis,Sod Webworm,1,1525
Insect,Formicidae,Camponotus consobrinus,Banded Sugar Ant,1,2168
Insect,Coccinellidae,Hippodamia variegata,Spotted Amber Ladybird,1,2154
Insect,Ricaniidae,Scolypopa australis,Passionvine Hopper,1,1979
Insect,Mantidae,Orthodera ministralis,Green Mantid,1,1949
Insect,Pseudophyllodromiidae,Ellipsidion australe,Austral Ellipsidion Cockroach,1,2161
Insect,Libellulidae,Orthetrum villosovittatum,Fiery Skimmer,1,2005
Insect,Libellulidae,Diplacodes haematodes,Scarlet Percher,1,1994
Insect,Corduliidae,Hemicordulia australiae,Australian Emerald,1,1920
Insect,Pyrrhocoridae,Dindymus versicolor,Harlequin Bug,1,1964
Insect,Noctuidae,Agrotis munda,Brown Cutworm Moth,1,2088
Insect,Hemerobiidae,Micromus tasmaniae,Tasmanian Brown Lacewing,1,1752
Insect,Nymphalidae,Melanitis leda,Evening Brown,1,2228
Insect,Syrphidae,Simosyrphus grandicornis,Hoverfly,1,2078
Insect,Vespidae,Polistes humilis,Common Paper Wasp,1,1843
Insect,Cicadidae,Yoyetta celis,Cicada,1,1779
Insect,Cantharidae,Chauliognathus lugubris,Plague Soldier Beetle,1,1922
Insect,Crambidae,Nacoleia rhoeoalis,Grass Moth,1,1585
Insect,Formicidae,Rhytidoponera metallica,Metallic Pony Ants,1,1702
Insect,Pieridae,Belenois java,Caper White,1,1995
Insect,Noctuidae,Spodoptera mauritia,,1,1179
Insect,Mantidae,Archimantis latistyla,Large Brown Mantid,1,1572
Insect,Psychidae,Metura elongatus,Saunder's Case Moth,1,1612
Insect,Lestidae,Austrolestes analis,Slender Ringtail,1,1277
Insect,Tortricidae,Crocidosema plebejana,Cotton Tipworm Moth,1,1213
Insect,Stratiomyidae,Exaireta spinigera,Garden Soldier Fly,1,1531
Insect,Aeshnidae,Anax papuensis,Australian Emperor,1,1491
Insect,Tenebrionidae,Ecnolagria grandis,Brown Darkling Beetle,1,1704
Insect,Cicadidae,Aleeta curvicosta,,1,1335
Insect,Hesperiidae,Trapezites symmomus,Splendid Ochre,1,1343
Insect,Hesperiidae,Suniana sunias,Wide-brand Grass-dart,1,1344
Insect,Nymphidae,Nymphes myrmeleonoides,Blue Eyes Lacewing,1,1254
Insect,Noctuidae,Agrotis infusa,Bogong Moth,1,1676
Insect,Hesperiidae,Cephrenes augiades,Orange Palm-dart,1,1421
Insect,Crambidae,Uresiphita ornithopteralis,Tree Lucerne Moth,1,1372
Insect,Bibionidae,Bibio imitator,Garden Maggot,1,1408
Insect,Cicadidae,Psaltoda plaga,Black Prince,1,1388
Insect,Coenagrionidae,Ischnura aurora,Aurora Bluetail,1,1219
Insect,Acrididae,Phaulacridium vittatum,Wingless Grasshopper,1,1481
Insect,Erebidae,Nyctemera amicus,Moth,1,1198
Insect,Erebidae,Anestia ombrophanes,Moth,1,1215
Insect,Geometridae,Epidesmia tryxaria,Geometer Moth,1,935
Insect,Cicadidae,Cyclochila australasiae,Greengrocer (green Form),1,1220
Insect,Scarabaeidae,Eupoecila australasiae,Fiddler Beetle,1,1329
Insect,Coccinellidae,Harmonia testudinaria,,1,1306
Insect,Lucanidae,Lamprima aurata,Golden Stag Beetle,1,1360
Insect,Scarabaeidae,Chondropyga dorsalis,Cowboy Beetle,1,1299
Insect,Nymphalidae,Hypolimnas bolina,Common Eggfly,1,1371
Insect,Noctuidae,Cosmodes elegans,Green Blotched Moth,1,1053
Insect,Tessaratomidae,Musgraveia sulciventris,Bronze Orange Bug,1,1217
Insect,Geometridae,Crypsiphona ocultaria,Redlined Geometrid Moth,1,1277
Insect,Tortricidae,Isotenes miserana,,1,1087
Insect,Aeshnidae,Adversaeschna brevistyla,Blue-spotted Hawker,1,1240
Insect,Pentatomidae,Bromocoris souefi,,1,1305
Insect,Crambidae,Achyra affinitalis,Grass Moth,1,1075
Insect,Vespidae,Vespula germanica,European Wasp,1,1361
Insect,Geometridae,Epyaxa sodaliata,Geometer Moth,1,893
Insect,Erebidae,Dasypodia selenophora,Granny Moth,1,1540
Insect,Formicidae,Iridomyrmex purpureus,Meat Ant,1,1490
Insect,Chrysomelidae,Paropsisterna cloelia,,1,1535
Insect,Pentatomidae,Poecilometis apicalis,Shield Bug,1,987
Insect,Erebidae,Utetheisa pulchelloides,Crimson Spotted Moth,1,1112
Insect,Tettigoniidae,Caedicia simplex,Common Garden Katydid,1,1218
Insect,Platystomatidae,Pogonortalis doclea,Signal Fly,1,1135
Insect,Noctuidae,Helicoverpa punctigera,Native Budworm,1,1168
Insect,Geometridae,Pasiphilodes testulata,Geometer Moth,1,969
Insect,Noctuidae,Phalaenoides glycinae,Grapevine Moth,1,1162
Insect,Reduviidae,Gminatus australis,Assassin Bug,1,1079
Insect,Nymphalidae,Hypocysta metirius,Brown Ringlet,1,1079
Insect,Formicidae,Myrmecia pyriformis,Bull Ant,1,1059
Insect,Noctuidae,Spodoptera litura,Armyworm Moth,1,947
Insect,Stratiomyidae,Hermetia illucens,,1,1005
Insect,Erebidae,Ardices glatignyi,,1,974
Insect,Libellulidae,Diplacodes trivialis,Chalky Percher,1,1056
Insect,Crambidae,Culladia cuneiferellus,Grass Moth,1,989
Insect,Flatidae,Siphanta acuta,Green Planthopper,1,954
Insect,Coreidae,Mictis profana,Crusader Bug,1,1133
Insect,Forficulidae,Forficula auricularia,European Earwig,1,984
Insect,Chrysopidae,Mallada signatus,Green Lacewing,1,939
Insect,Pentatomidae,Poecilometis strigatus,Gum Tree Shield Bug,1,1096
Insect,Dermestidae,Anthrenus scrophulariae,,1,973
Insect,Crambidae,Scoparia chiasta,,1,689
Insect,Scarabaeidae,Heteronychus arator,African Black Beetle,1,996
Insect,Plutellidae,Plutella xylostella,Diamondback Moth,1,937
Insect,Crambidae,Scoparia exhibitalis,,1,969
Insect,Tessaratomidae,Lyramorpha rosea,Litchi Stink Bug,1,1024
Insect,Pyralidae,Endotricha mesenterialis,,1,666
Insect,Geometridae,Phelotis cognata,Geometer Moth,1,862
Insect,Vespidae,Polistes chinensis,,1,1172
Insect,Ichneumonidae,Lissopimpla excelsa,Dusky Winged Ichneumonid (orchid Dupe Wasp),1,958
Insect,Noctuidae,Persectania ewingii,Southern Armyworm,1,863
Insect,Notodontidae,Trichiocercus sparshalli,Moth,1,854
Insect,Pieridae,Eurema hecabe,Common Grass-yellow,1,903
Insect,Lycidae,Porrostoma rhipidium,Long-nosed Lycid Beetle,1,1036
Insect,Erebidae,Nyctemera baulus,,1,739
Insect,Culicidae,Aedes notoscriptus,,1,751
Insect,Geometridae,Casbia rectaria,,1,450
Insect,Mantidae,Archimantis sobrina,Large Brown Mantid,1,817
Insect,Coccinellidae,Cryptolaemus montrouzieri,,1,965
Insect,Calliphoridae,Calliphora vicina,European Blowfly,1,962
Insect,Pyralidae,Faveria tritalis,Couchgrass Webworm Moth,1,1070
Insect,Gryllidae,Teleogryllus commodus,Black Field Cricket,1,911
Insect,Formicidae,Camponotus aeneopilosus,Golden Black Sugar Ant,1,1042
Insect,Chrysomelidae,Xanthogaleruca luteola,Elm Leaf Beetle,1,897
Insect,Anthelidae,Anthela acuta,Lappet Moth,1,621
Insect,Coenagrionidae,Austroagrion watsoni,Eastern Billabongfly,1,595
Insect,Crambidae,Hellula hydralis,Grass Moth,1,859
Insect,Pterophoridae,Sphenarches anisodactylus,,1,756
Insect,Scarabaeidae,Neorrhina punctatum,Punctate Flower Chafer,1,875
Insect,Formicidae,Myrmecia gulosa,Giant Bull Ant,1,743
Insect,Coccinellidae,Apolinus lividigaster,,1,948
Insect,Scutelleridae,Scutiphora pedicellata,Metallic Shield Bug,1,876
Insect,Geometridae,Ectropis excursaria,Twig Looper,1,982
Insect,Phasmatidae,Anchiale austrotessulata,Tessellated Stick-insect,1,774
Insect,Syrphidae,Eristalis tenax,Drone Fly,1,856
Insect,Geometridae,Epicyme rubropunctaria,Geometer Moth,1,837
Reptile,Agamidae,Pogona vitticeps,Central Bearded Dragon,1,136
Insect,Formicidae,Polyrhachis ammon,Golden-spined Ant,1,785
Insect,Libellulidae,Orthetrum sabina,Slender Skimmer,1,845
Insect,Hepialidae,Elhamma australasiae,Ghost Moth,1,850
Insect,Nolidae,Uraba lugens,Gum-leaf Skeletoniser,1,791
Insect,Anisopodidae,Sylvicola dubius,Bee Fly,1,732
Insect,Oecophoridae,Hoplostega ochroma,Concealer Moth,1,557
Insect,Erebidae,Halone consolatrix,Moth,1,666
Insect,Coccinellidae,Micraspis frenata,Striped Ladybird,1,757
Insect,Tipulidae,Nephrotoma australasiae,,1,812
Insect,Lycaenidae,Nacaduba berenice,Six Lineblue,1,654
Insect,Acrididae,Acrida conica,Giant Green Slant-face,1,959
Insect,Scutelleridae,Choerocoris paganus,Ground Shield Bug,1,695
Insect,Coenagrionidae,Xanthagrion erythroneurum,Red & Blue Damsel,1,820
Insect,Lycaenidae,Jalmenus evagoras,Common Imperial Blue,1,793
Insect,Nymphalidae,Geitoneura klugii,Marbled Xenica,1,709
Insect,Blaberidae,Laxta granicollis,Bark Cockroach,1,772
Insect,Gryllotalpidae,Gryllotalpa australis,,1,611
Insect,Scarabaeidae,Anoplognathus porosus,,1,740
Insect,Syrphidae,Eristalinus punctulatus,Native Drone Fly,1,899
Insect,Formicidae,Myrmecia pilosula,Jumping Jacks,1,615
Insect,Libellulidae,Rhodothemis lieftincki,Red Arrow,1,656
Insect,Geometridae,Chloroclystis filata,Filata Moth,1,717
Insect,Chrysopidae,Apertochrysa edwardsi,,1,590
Insect,Pyralidae,Spectrotrota fimbrialis,Grass Moth,1,756
Insect,Flatidae,Anzora unicolor,Grey Planthopper,1,829
Insect,Pieridae,Delias harpalyce,Imperial Jezebel,1,742
Insect,Phasmatidae,Ctenomorpha marginipennis,Margined-winged Stick-insect,1,713
Insect,Scarabaeidae,Anoplognathus olivieri,Christmas Beetle,1,623
Insect,Pyralidae,Etiella behrii,Lucerne Seed Web Moth,1,597
Insect,Geometridae,Cyclophora obstataria,,1,471
Insect,Coreidae,Amorbus atomarius,,1,571
Insect,Pieridae,Catopsilia pomona,Lemon Migrant,1,934
Insect,Dolichopodidae,Austrosciapus proximus,Long-legged Fly,1,594
Insect,Crambidae,Spoladea recurvalis,,1,645
Insect,Tipulidae,Leptotarsus costalis,Crane Fly,1,611
Insect,Geometridae,Pholodes sinistraria,Geometer Moth,1,649
Insect,Pyralidae,Endotricha pyrosalis,Grass Moth,1,613
Insect,Nymphalidae,Tirumala hamata,Blue Tiger,1,859
Insect,Papilionidae,Graphium anthedon,Blue Triangle,1,1138
Insect,Geometridae,Gastrina cristaria,Geometer Moth,1,462
Insect,Cicadidae,Tamasa tristigma,Brown Bunyip,1,585
Insect,Oecophoridae,Philobota protecta,,1,541
Insect,Libellulidae,Tramea loewii,Common Glider,1,713
Insect,Tenebrionidae,Lepispilus sulcicollis,,1,585
Insect,Oecophoridae,Eulechria marmorata,,1,477
Insect,Geometridae,Scopula optivata,Geometer Moth,1,652
Insect,Nymphalidae,Tisiphone abeona,Swordgrass Brown,1,635
Insect,Calliphoridae,Lucilia sericata,Green Blowfly,1,586
Insect,Libellulidae,Rhyothemis graphiptera,Graphic Flutterer,1,698
Insect,Formicidae,Myrmecia forficata,Inchman Bulldog Ant,1,532
Insect,Alydidae,Mutusca brevicornis,Broad-headed Bug,1,772
Insect,Geometridae,Comostola laesaria,,1,502
Insect,Tortricidae,Epiphyas postvittana,Light Brown Apple Moth,1,764
Insect,Coenagrionidae,Agriocnemis pygmaea,Pygmy Wisp,1,462
Insect,Erebidae,Achaea janata,,1,424
Insect,Geometridae,Chloroclystis insigillata,Geometer Moth,1,611
Insect,Psychodidae,Clogmia albipunctata,Moth Fly,1,538
Insect,Gomphidae,Ictinogomphus australis,Australian Tiger,1,659
Insect,Erebidae,Leptocneria reducta,Moth,1,718
Insect,Crambidae,Eudonia cleodoralis,,1,573
Insect,Noctuidae,Agrotis porphyricollis,Owlet Moth,1,712
Insect,Pyralidae,Heteromicta pachytera,Grass Moth,1,517
Insect,Culicidae,Toxorhynchites speciosus,,1,632
Insect,Nymphalidae,Geitoneura acantha,Eastern Ringed Xenica,1,482
Insect,Cicadidae,Galanga labeculata,Double-spotted Cicada,1,671
Insect,Formicidae,Polyrhachis australis,,1,489
Insect,Curculionidae,Leptopius robustus,Fruit-tree Root Weevil,1,516
Insect,Erebidae,Schistophleps albida,,1,398
Insect,Dolichopodidae,Heteropsilopus cingulipes,Long-legged Fly,1,515
Insect,Geometridae,Oenochroma vinaria,Grevillea Looper Moth,1,583
Insect,Formicidae,Myrmecia nigrocincta,Bull Ant,1,670
Insect,Lycaenidae,Lampides boeticus,Long-tailed Pea-blue,1,617
Insect,Libellulidae,Brachydiplax denticauda,Palemouth,1,462
Insect,Scarabaeidae,Glycyphana stolata,,1,671
Insect,Pseudophyllodromiidae,Balta spuria,Cockroach,1,482
Insect,Noctuidae,Maliattha amorpha,Owlet Moth,1,307
Insect,Crambidae,Tipanaea patulella,White Rush Moth,1,452
Insect,Chrysomelidae,Paropsides calypso,,1,508
Insect,Tettigoniidae,Conocephalus semivittatus,Blackish Meadow Katydid,1,678
Insect,Lycaenidae,Leptotes plinius,Plumbago Blue,1,702
Insect,Acrididae,Coryphistes ruricola,Bark-mimicking Grasshopper,1,566
Insect,Mantidae,Tenodera australasiae,Purplewinged Mantid,1,681
Insect,Lycaenidae,Theclinesthes serpentatus,Salt-bush Blue,1,692
Insect,Noctuidae,Chrysodeixis argentifera,Tobacco Looper Moth,1,621
Insect,Geometridae,Idaea philocosma,Geometer Moth,1,524
Insect,Oecophoridae,Chezala privatella,Concealer Moth,1,469
Insect,Noctuidae,Proteuxoa tortisigna,Streaked Rictonis Moth,1,528
Insect,Noctuidae,Spodoptera picta,Lily Caterpillar,1,667
Insect,Phasmatidae,Didymuria violescens,Spur-legged Phasmid,1,443
Insect,Halictidae,Lipotriches australica,Sweat Bee,1,568
Insect,Apidae,Tetragonula carbonaria,,1,635
Insect,Psychidae,Hyalarcta nigrescens,Ribbed Bagworm Moth,1,658
Insect,Pentatomidae,Nezara viridula,Green Vegetable Bug,1,534
Insect,Pseudophyllodromiidae,Balta bicolor,Cockroach,1,469
Insect,Scarabaeidae,Xylotrupes australicus,,1,509
Insect,Tettigoniidae,Austrosalomona falcata,,1,464
Insect,Libellulidae,Crocothemis nigrifrons,Black-headed Skimmer,1,569
Insect,Agromyzidae,Phytoliriomyza pittosporophylli,,1,515
Insect,Cicadidae,Yoyetta repetens,,1,550
Insect,Nymphalidae,Hypocysta adiante,Darwin Ringlet,1,564
Insect,Geometridae,Epyaxa subidaria,Subidaria Moth,1,609
Insect,Oecophoridae,Philobota philostaura,,1,541
Insect,Erebidae,Axiocteta oenoplex,,1,222
Insect,Erebidae,Speiredonia spectans,Granny's Cloak Moth,1,456
Insect,Oecophoridae,Tachystola hemisema,Hemisema Moth,1,393
Insect,Lycaenidae,Catopyrops florinda,Speckled Line-blue,1,560
Insect,Formicidae,Polyrhachis rufifemur,,1,479
Insect,Tettigoniidae,Conocephalus upoluensis,,1,493
Insect,Pteromalidae,Trichilogaster signiventris,Gall Wasp,1,443
Insect,Nolidae,Nola desmotes,,1,346
Insect,Formicidae,Opisthopsis rufithorax,Strobe Ant,1,504
Insect,Lycaenidae,Paralucia pyrodiscus,Eltham Copper Butterfly,1,403
Insect,Erebidae,Asura lydia,Moth,1,607
Insect,Hemerobiidae,Drepanacra binocula,Hooktipped Brown Lacewing,1,411
Insect,Cicadidae,Atrapsalta corticina,,1,477
Insect,Cicadidae,Henicopsaltria eydouxii,Razor Grinder,1,471
Insect,Tortricidae,Capua intractana,,1,455
Insect,Cantharidae,Chauliognathus tricolor,,1,522
Insect,Pieridae,Delias nigrina,Common Jezabel,1,630
Insect,Erebidae,Orgyia australis,Painted Pine Moth,1,393
Insect,Pergidae,Pterygophorus cinctus,Sawfly,1,597
Insect,Lestidae,Austrolestes annulosus,Blue Ringtail,1,548
Insect,Sphingidae,Hippotion scrofa,Scrofa Hawk Moth,1,557
Insect,Blattidae,Periplaneta americana,American Cockroach,1,490
Insect,Formicidae,Camponotus innexus,Antarctic Sugar Ant,1,445
Insect,Noctuidae,Chrysodeixis eriosoma,Green Looper Moth,1,442
Insect,Blattidae,Drymaplaneta semivitta,Gisborne Cockroach,1,468
Insect,Apidae,Amegilla cingulata,Blue-banded Bee,1,473
Insect,Oecophoridae,Olbonoma triptycha,Concealer Moth,1,544
Insect,Coenagrionidae,Argiocnemis rubescens,Red-tipped Shadefly,1,358
Insect,Formicidae,Technomyrmex albipes,White-footed Ant,1,386
Insect,Oecophoridae,Philobota curvilinea,,1,302
Insect,Cicadidae,Psaltoda moerens,Redeye,1,623
Insect,Pseudophyllodromiidae,Ellipsidion humerale,Bush Cockroach,1,497
Insect,Platycnemididae,Nososticta solida,Orange Threadtail,1,524
Insect,Stratiomyidae,Boreoides subulatus,Wingless Soldier Fly,1,474
Insect,Formicidae,Polyrhachis daemeli,,1,393
Insect,Sphecidae,Podalonia tydei,Wasp,1,386
Insect,Scoliidae,Austroscolia soror,Parasitoid Wasp,1,465
Insect,Cicadidae,Cystosoma saundersii,Bladder Cicada,1,410
Insect,Erebidae,Orgyia anartoides,Pine Moth,1,470
Insect,Sphecidae,Sceliphron formosum,,1,448
Insect,Erebidae,Pantydia sparsa,Owlet Moth,1,390
Insect,Geometridae,Scioglyptis lyciaria,Geometer Moth,1,476
Insect,Tineidae,Opogona omoscopa,,1,330
Insect,Scarabaeidae,Dasygnathus trituberculatus,,1,417
Insect,Nabidae,Nabis kinbergii,Pacific Damsel Bug,1,381
Insect,Papilionidae,Papilio demoleus,Chequered Swallowtail,1,364
Insect,Synthemistidae,Choristhemis flavoterminata,Yellow-tipped Tigertail,1,378
Insect,Geometridae,Chlenias banksiaria,Geometer Moth,1,471
Insect,Derbidae,Saccharodite chrysonoe,Planthopper,1,273
Insect,Coccinellidae,Halmus chalybeus,Steel Blue Lady Beetle,1,498
Insect,Flatidae,Colgar peracutum,Citrus Planthopper,1,425
Insect,Formicidae,Pheidole megacephala,African Big-headed Ant,1,423
Insect,Tiphiidae,Diamma bicolor,Blue Ant,1,430
Insect,Tettigoniidae,Conocephalus albescens,,1,367
Insect,Lycaenidae,Zizula hylax,Tiny Grass-blue,1,437
Insect,Erebidae,Luceria oculalis,,1,240
Insect,Pieridae,Delias aganippe,Red-spotted Jezebel,1,343
Insect,Fulgoridae,Desudaba psittacus,,1,358
Insect,Curculionidae,Chrysolopus spectabilis,Diamond Beetle,1,441
Insect,Geometridae,Didymoctenia exsuperata,Geometer Moth,1,445
Insect,Lycaenidae,Psychonotis caelius,Small Green-banded Blue,1,535
Insect,Nymphalidae,Danaus petilia,Lesser Wanderer,1,506
Insect,Cicadidae,Popplepsalta notialis,,1,357
Insect,Tineidae,Monopis icterogastra,Wool Moth,1,451
Insect,Formicidae,Myrmecia nigriscapa,Bull Ant,1,404
Insect,Curculionidae,Phlyctinus callosus,Garden Weevil,1,317
Insect,Geometridae,Cleora repetita,,1,299
Insect,Oecophoridae,Tachystola acroxantha,Concealer Moth,1,359
Insect,Noctuidae,Athetis tenuis,Owlet Moth,1,430
Insect,Erebidae,Donuca rubropicta,,1,302
Insect,Ichneumonidae,Echthromorpha intricatoria,Cream Spotted Ichneumon Wasp,1,372
Insect,Flatidae,Colgaroides acuminata,Mango Planthopper,1,315
Insect,Pentatomidae,Monteithiella humeralis,Shield Bug,1,449
Insect,Lycaenidae,Erina hyacinthina,Common Dusky Blue,1,523
Insect,Libellulidae,Agrionoptera insignis,Red Swampdragon,1,294
Insect,Pentatomidae,Oechalia schellenbergii,Predatory Shield Bug,1,532
Insect,Coenagrionidae,Ceriagrion aeruginosum,Redtail,1,430
Insect,Oecophoridae,Ptyoptila matutinella,Concealer Moth,1,357
Insect,Geometridae,Idaea inversata,Geometer Moth,1,314
Insect,Limacodidae,Doratifera vulnerans,Mottled Cup Moth,1,350
Insect,Erebidae,Philenora aspectalella,Moth,1,321
Insect,Nymphalidae,Acraea andromacha,Glasswing,1,577
Insect,Chrysomelidae,Monolepta australis,,1,320
Insect,Tabanidae,Scaptia auriflua,,1,364
Insect,Tortricidae,Acroceuthes metaxanthana,,1,348
Insect,Geometridae,Dissomorphia australiaria,Geometer Moth,1,367
Insect,Ichneumonidae,Ctenochares bicolorus,,1,339
Insect,Notodontidae,Epicoma melanospila,Black Spot Moth,1,329
Insect,Cerambycidae,Phoracantha semipunctata,Common Eucalypt Longicorn,1,467
Insect,Lophopidae,Magia subocellata,,1,463
Insect,Formicidae,Myrmecia simillima,Bull Ant,1,294
Insect,Formicidae,Polyrhachis femorata,Ant,1,339
Insect,Limacodidae,Doratifera quadriguttata,Four-spotted Cup Moth,1,336
Insect,Chrysomelidae,Lamprolina aeneipennis,Pittosporum Beetle,1,401
Insect,Cicadidae,Psaltoda claripennis,,1,380
Insect,Tettigoniidae,Torbia viridissima,Gum Leaf Katydid,1,379
Insect,Coreidae,Amorbus alternatus,Leaf-footed Bug,1,399
Insect,Scutelleridae,Lampromicra senator,Green Jewel Bug,1,397
Insect,Anthelidae,Chelepteryx collesi,White-stemmed Gum Moth,1,503
Insect,Noctuidae,Hypoperigea tonsa,Owlet Moth,1,346
Insect,Sphingidae,Theretra latreillii,,1,324
Insect,Geometridae,Chloroclystis catastreptes,Geometer Moth,1,376
Insect,Erebidae,Eilema plana,Moth,1,229
Insect,Geometridae,Scopula perlata,Geometer Moth,1,344
Insect,Pteromalidae,Trichilogaster acaciaelongifoliae,Wattle Apple-gall Wasp,1,308
Insect,Oecophoridae,Chezala brachypepla,Concealer Moth,1,187
Insect,Crambidae,Omiodes diemenalis,,1,209
Insect,Libellulidae,Neurothemis stigmatizans,Painted Grasshawk Dragonfly,1,379
Insect,Halictidae,Lasioglossum urbanum,,1,276
Insect,Pentatomidae,Cermatulus nasalis,Predatory Shield Bug,1,297
Insect,Geometridae,Cyclophora turneri,,1,167
Insect,Asilidae,Neoaratus hercules,Robber Fly,1,395
Insect,Tortricidae,Asthenoptycha encratopis,,1,145
Insect,Geometridae,Traminda aventiaria,,1,273
Insect,Curculionidae,Naupactus cervinus,Fuller's Rose Weevil,1,406
Insect,Chrysomelidae,Dicranosterna immaculata,Leaf Beetle,1,340
Insect,Erebidae,Heterallactis microchrysa,,1,195
Insect,Limoniidae,Symplecta pilipes,,1,328
Insect,Miridae,Creontiades dilutus,Green Mirid,1,295
Insect,Crambidae,Hygraula nitens,Pond Moth,1,327
Insect,Pterophoridae,Stenoptilia zophodactylus,Plume Moth,1,384
Insect,Oecophoridae,Pycnocera hypoxantha,,1,153
Insect,Cerambycidae,Syllitus rectus,,1,474
Insect,Argiolestidae,Austroargiolestes calcaris,Powdered Flatwing,1,203
Insect,Geometridae,Melanodes anthracitaria,Geometer Moth,1,468
Insect,Crambidae,Hyalobathra crenulata,,1,154
Insect,Lecithoceridae,Crocanthes prasinopis,Long-horned Moth,1,232
Insect,Chrysomelidae,Menippus cynicus,,1,344
Insect,Formicidae,Polyrhachis aurea,,1,394
Insect,Geometridae,Prasinocyma semicrocea,Geometer Moth,1,346
Insect,Geometridae,Luxiaria ochrophara,,1,189
Insect,Pentatomidae,Cuspicona simplex,Green Potato Bug,1,369
Insect,Crambidae,Hednota pleniferellus,Grass Moth,1,306
Insect,Pieridae,Appias paulina,Yellow Albatross,1,414
Insect,Calliphoridae,Chrysomya megacephala,,1,283
Insect,Chrysopidae,Italochrysa insignis,,1,416
Insect,Anthomyiidae,Anthomyia punctipennis,Fly,1,362
Insect,Ephydridae,Hydrellia tritici,Lawn Fly,1,272
Insect,Coccidae,Cryptes baccatus,Wattle Tick Scale,1,392
Insect,Argiolestidae,Griseargiolestes albescens,Coastal Flatwing,1,278
Insect,Lycaenidae,Nacaduba biocellata,Two-spotted Line-blue,1,388
Insect,Erebidae,Agape chloropyga,,1,286
Insect,Erebidae,Grammodes justa,Owlet Moth,1,296
Insect,Erebidae,Halone sejuncta,Moth,1,292
Insect,Geometridae,Idaea eretmopus,,1,169
Insect,Formicidae,Chelaner kiliani,,1,304
Insect,Erebidae,Mocis trifasciata,,1,264
Insect,Oecophoridae,Epithymema incomposita,Concealer Moth,1,319
Insect,Gryllidae,Gryllodes sigillatus,Indian House Cricket,1,339
Insect,Asilidae,Ommatius coeraebus,Robber Fly,1,283
Insect,Sphingidae,Agrius convolvuli,Convolvulus Hawk Moth,1,346
Insect,Sphingidae,Hippotion celerio,Grapevine Hawk Moth,1,414
Insect,Hesperiidae,Dispar compacta,Dispar Skipper,1,349
Insect,Choreutidae,Tebenna micalis,Small Thistle Moth,1,335
Insect,Nymphalidae,Danaus affinis,Black And White Tiger,1,354
Insect,Formicidae,Myrmecia brevinoda,Giant Bulldog Ant,1,285
Insect,Curculionidae,Orthorhinus cylindrirostris,Elephant Weevil,1,317
Insect,Erebidae,Euproctis lutea,Moth,1,322
Insect,Noctuidae,Leucania diatrecta,Dark-barred Wainscot,1,300
Insect,Pentatomidae,Notius depressus,Shield Bug,1,311
Insect,Cantharidae,Chauliognathus flavipennis,,1,243
Insect,Geometridae,Epidesmia chilonaria,Triangular Moth,1,378
Insect,Libellulidae,Diplacodes melanopsis,Blackfaced Percher Dragonfly,1,320
Insect,Vespidae,Polistes dominulus,,1,331
Insect,Erebidae,Mocis frugalis,,1,288
Insect,Formicidae,Camponotus intrepidus,Coastal Flumed Sugar Ant,1,249
Insect,Geometridae,Poecilasthena pulchraria,Geometer Moth,1,316
Insect,Noctuidae,Diarsia intermixta,Chevron Cutworm Moth,1,311
Insect,Geometridae,Thalaina clara,Claras Satin Moth,1,291
Insect,Oecophoridae,Philobota baryptera,,1,186
Insect,Blaberidae,Panesthia australis,Cockroach,1,349
Insect,Formicidae,Rhytidoponera victoriae,Ant,1,339
Insect,Miridae,Sidnia kinbergi,Crop Mirid,1,297
Insect,Pentatomidae,Commius elegans,Commius Elegans,1,317
Insect,Tettigoniidae,Conocephalomima barameda,Barameda Katydid,1,317
Insect,Crambidae,Talanga tolumnialis,,1,229
Insect,Tephritidae,Austrotephritis poenia,Primitive Crane Fly,1,361
Insect,Stathmopodidae,Stathmopoda melanochra,Eriococcus Caterpillar,1,315
Insect,Geometridae,Cleora displicata,,1,220
Reptile,Scincidae,Cyclodomorphus melanops,Eastern Slender Blue-tongue,1,52
Insect,Tortricidae,Lobesia physophora,,1,117
Insect,Saturniidae,Opodiphthera eucalypti,Emperor Gum Moth,1,310
Insect,Libellulidae,Hydrobasileus brevistylus,Water Prince,1,289
Insect,Crambidae,Diplopseustis perieresalis,Eastern Black Tabby,1,197
Insect,Apidae,Amegilla asserta,Blue-banded Bee,1,365
Insect,Erebidae,Asura cervicalis,Moth,1,357
Insect,Notodontidae,Epicoma contristis,Moth,1,328
Insect,Geometridae,Arhodia lasiocamparia,Geometer Moth,1,371
Insect,Crambidae,Nacoleia amphicedalis,,1,301
Insect,Geometridae,Taxeotis intextata,Geometer Moth,1,393
Insect,Formicidae,Colobopsis gasseri,,1,310
Insect,Papilionidae,Graphium eurypylus,Palegreen Triangle,1,327
Insect,Aphididae,Macrosiphum rosae,Rose Aphid,1,260
Insect,Geometridae,Aeolochroma metarhodata,Geometer Moth,1,262
Insect,Cicadidae,Yoyetta robertsonae,,1,303
Insect,Formicidae,Myrmecia tarsata,Bull Ant,1,282
Insect,Apidae,Amegilla chlorocyanea,Blue Banded Bee,1,364
Insect,Erebidae,Simplicia armatalis,Litter Moth,1,206
Insect,Formicidae,Polyrhachis hookeri,,1,309
Insect,Lycaenidae,Theclinesthes onycha,Cycad Blue (northern Subspecies),1,320
Insect,Noctuidae,Dasygaster padockina,Tasmanian Cutworm Moth,1,298
Insect,Erebidae,Acyphas chionitis,Moth,1,238
Insect,Pentatomidae,Agonoscelis rutila,Horehound Bug,1,362
Insect,Erebidae,Amata nigriceps,,1,281
Insect,Glyphipterigidae,Glyphipterix chrysoplanetis,Sedge Moth,1,340
Insect,Formicidae,Ochetellus glaber,Black House Ant,1,330
Insect,Lauxaniidae,Sapromyza brunneovittata,Acalyptrate Fly,1,317
Insect,Calliphoridae,Calliphora stygia,Blow Fly,1,347
Insect,Crambidae,Hednota grammellus,Grass Moth,1,254
Insect,Dolichopodidae,Chrysosoma leucopogon,,1,262
Insect,Nolidae,Nola elaphropasta,,1,180
Insect,Hesperiidae,Timoconia peron,Dingy Skipper,1,357
Insect,Cerambycidae,Stenoderus suturalis,,1,295
Insect,Cicadellidae,Brunotartessus fulvus,Leafhopper,1,441
Insect,Erebidae,Scoliacma nana,Moth,1,251
Insect,Formicidae,Linepithema humile,Argentine Ant,1,314
Insect,Oecophoridae,Hofmannophila pseudospretella,,1,219
Insect,Calliphoridae,Calliphora ochracea,Blow Fly,1,351
Insect,Erebidae,Chiriphe dichotoma,Moth,1,231
Insect,Syrphidae,Episyrphus viridaureus,,1,239
Insect,Geometridae,Anachloris subochraria,Geometer Moth,1,288
Insect,Tineidae,Monopis meliorella,,1,350
Insect,Lecithoceridae,Lecithocera micromela,Long-horned Moth,1,133
Insect,Coreidae,Amblypelta nitida,Fruitspotting Bug,1,258
Insect,Acrididae,Goniaea australasiae,Gumleaf Grasshopper,1,379
Insect,Tortricidae,Holocola thalassinana,,1,202
Insect,Coccinellidae,Cleobora mellyi,Southern Ladybird,1,238
Insect,Pyralidae,Pyralis farinalis,Meal Moth,1,389
Insect,Oecophoridae,Scatochresis innumera,,1,171
Insect,Pterophoridae,Stangeia xerodes,Xerodes Plume Moth,1,334
Insect,Monophlebidae,Icerya purchasi,Cottony Cushion Scale,1,298
Insect,Noctuidae,Condica illecta,,1,151
Insect,Pyralidae,Gauna aegusalis,Grass Moth,1,211
Insect,Crambidae,Hednota relatalis,Grass Moth,1,279
Insect,Geometridae,Gymnoscelis lophopus,,1,162
Insect,Formicidae,Dolichoderus scrobiculatus,Northern Sharkfined Dolly Ant,1,274
Insect,Cercopidae,Bathyllus albicinctus,Froghopper,1,404
Insect,Oecophoridae,Leistomorpha brontoscopa,Concealer Moth,1,285
Insect,Erebidae,Pericyma cruegeri,,1,250
Insect,Notodontidae,Ochrogaster lunifer,Processionary Caterpillar,1,321
Insect,Erebidae,Termessa gratiosa,Moth,1,200
Insect,Psychidae,Cebysa leucotelus,Lichen Case Moth,1,311
Insect,Sphingidae,Eupanacra splendens,,1,268
Insect,Pentatomidae,Oncocoris geniculatus,Shield Bug,1,302
Insect,Geometridae,Euphronarcha luxaria,Geometer Moth,1,332
Insect,Pyralidae,Mimaglossa nauplialis,Grass Moth,1,269
Insect,Scarabaeidae,Protaetia fusca,Mottled Flower Scarab,1,281
Insect,Erebidae,Rhapsa suscitatalis,Owlet Moth,1,273
Insect,Oecophoridae,Thema psammoxantha,Concealer Moth,1,284
Insect,Erebidae,Asota plagiata,,1,278
Insect,Tineidae,Edosa xystidophora,Fungus Moth,1,165
Insect,Apidae,Thyreus nitidulus,Neon Cuckoo Bee,1,244
Insect,Cicadidae,Psaltoda harrisii,Yellowbelly,1,204
Insect,Tortricidae,Cryptophlebia ombrodelta,,1,202
Insect,Apidae,Amegilla bombiformis,Bee,1,353
Insect,Formicidae,Polyrhachis vermiculosa,,1,252
Insect,Cerambycidae,Aridaeus thoracicus,,1,250
Insect,Chrysomelidae,Callidemum hypochalceum,Metallic Dodonaea Leaf Beetle,1,325
Insect,Membracidae,Sextius virescens,Green Treehopper,1,323
Insect,Alydidae,Leptocorisa acuta,Paddy Bug,1,273
Insect,Corduliidae,Hemicordulia continentalis,Fat-bellied Emerald,1,240
Insect,Formicidae,Aphaenogaster longiceps,Ant,1,251
Insect,Geometridae,Ectropis fractaria,Geometer Moth,1,282
Insect,Erebidae,Thallarcha partita,Moth,1,297
Insect,Lauxaniidae,Poecilohetaerus schineri,Acalyptrate Fly,1,267
Insect,Formicidae,Oecophylla smaragdina,Green Tree Ant,1,258
Insect,Chrysomelidae,Paropsis atomaria,Tortoise Leaf Beetle,1,618
Insect,Noctuidae,Cruria synopla,,1,299
Insect,Geometridae,Syneora hemeropa,Geometer Moth,1,273
Insect,Scarabaeidae,Phyllotocus macleayi,,1,287
Insect,Geometridae,Ectropis bispinaria,Geometer Moth,1,203
Insect,Libellulidae,Nannodiplax rubra,Pygmy Percher,1,239
Insect,Berytidae,Chinoneides tasmaniensis,Stilt Bug,1,288
Insect,Pyralidae,Scenedra decoratalis,Grass Moth,1,248
Insect,Cicadidae,Birrima varians,Black Treeticker,1,230
Insect,Pentatomidae,Notius consputus,,1,225
Insect,Dolichopodidae,Parentia dispar,Long-legged Fly,1,185
Insect,Lauxaniidae,Steganopsis melanogaster,,1,247
Insect,Alucitidae,Alucita phricodes,Many-plumed Moth,1,165
Insect,Nymphalidae,Heteronympha banksii,Banks' Brown,1,217
Insect,Therevidae,Taenogerella elizabethae,,1,199
Insect,Depressariidae,Agriophara confertella,,1,180
Insect,Chrysomelidae,Paropsisterna sexpustulata,,1,269
Insect,Tineidae,Monopis crocicapitella,Bird Nest Moth,1,212
Insect,Geometridae,Gastrophora henricaria,Geometer Moth,1,334
Insect,Formicidae,Podomyrma gratiosa,Ant,1,252
Insect,Hesperiidae,Bibla papyria,White-banded Grass-dart,1,337
Insect,Tenebrionidae,Adelium brevicorne,Ground Beetle Sp 1,1,298
Insect,Erebidae,Brunia replana,,1,247
Insect,Nymphalidae,Charaxes sempronius,Tailed Emperor,1,308
Insect,Anthomyiidae,Anthomyia medialis,,1,193
Insect,Chrysomelidae,Poneridia semipullata,Figleaf Beetle,1,260
Insect,Tenebrionidae,Meneristes australis,,1,280
Insect,Tineidae,Moerarchis inconcisella,Fungus Moth,1,296
Insect,Acrididae,Austracris guttulosa,Spur-throated Locust,1,231
Insect,Coenagrionidae,Agriocnemis rubricauda,Red-rumped Wisp,1,217
Insect,Oecophoridae,Eulechria hemisphaerica,,1,115
Insect,Crambidae,Cnaphalocrocis poeyalis,,1,183
Insect,Lygaeidae,Nysius vinitor,Rutherglen Bug,1,281
Insect,Calliphoridae,Lucilia porphyrina,,1,202
Insect,Vespidae,Ropalidia revolutionalis,,1,268
Insect,Mantispidae,Ditaxis biseriata,,1,215
Insect,Crambidae,Samea multiplicalis,,1,166
Insect,Sepsidae,Parapalaeosepsis plebeia,Black Scavenger Fly,1,306
Insect,Lasiocampidae,Pernattia pusilla,Oak Moth,1,316
Insect,Geometridae,Urolitha bipunctifera,,1,168
Insect,Cicadellidae,Eurymeloides pulchra,Leafhopper,1,347
Insect,Erebidae,Acyphas semiochrea,Moth,1,165
Insect,Scarabaeidae,Anoplognathus viriditarsis,,1,271
Insect,Alydidae,Riptortus serripes,Podsucking Bug,1,256
Insect,Scarabaeidae,Anoplognathus montanus,,1,338
Insect,Noctuidae,Elusa semipecten,,1,137
Insect,Crambidae,Conogethes haemactalis,,1,214
Insect,Lycaenidae,Deudorix diovis,Bright Cornelian,1,251
Insect,Stratiomyidae,Odontomyia decipiens,,1,258
Insect,Crambidae,Metasia tiasalis,,1,137
Insect,Formicidae,Iridomyrmex rufoniger,Black Tyrant Ant,1,235
Insect,Noctuidae,Agarista agricola,Painted Vine Moth,1,218
Insect,Formicidae,Papyrius nitidus,Ant,1,131
Insect,Noctuidae,Phalaenoides tristifica,Owlet Moth,1,274
Insect,Pergidae,Lophyrotoma interrupta,Cattlepoisoning Sawfly,1,250
Insect,Erebidae,Meranda susialis,,1,161
Insect,Geometridae,Idaea halmaea,Geometer Moth,1,187
Insect,Ricaniidae,Aprivesa exuta,,1,189
Insect,Plutellidae,Leuroperna sera,,1,137
Insect,Formicidae,Camponotus suffusus,Sugar Ant,1,250
Insect,Melyridae,Dicranolaius bellulus,Red And Blue Beetle,1,305
Insect,Rhyparochromidae,Remaudiereana inornata,Seed Bug,1,191
Insect,Geometridae,Chloroclystis approximata,Cherry Lopper Moth,1,194
Insect,Libellulidae,Zyxomma elgneri,Short-tailed Duskdarter,1,184
Insect,Crambidae,Sceliodes cordalis,Eggfruit Caterpillar,1,257
Insect,Elateridae,Monocrepidus basalis,,1,201
Insect,Phasmatidae,Acrophylla titan,Titan Stick-insect,1,231
Insect,Anisolabididae,Carcinophora occidentalis,,1,222
Insect,Megachilidae,Megachile ferox,Bee,1,262
Insect,Halictidae,Lipotriches flavoviridis,Sweat Bee,1,186
Insect,Crambidae,Parapoynx crisonalis,,1,116
Insect,Tineidae,Edosa tyrannica,,1,95
Insect,Dolichopodidae,Austrosciapus connexus,Long-legged Fly,1,238
Insect,Pteromalidae,Trichilogaster stefani,,1,203
Insect,Oenosandridae,Oenosandra boisduvalii,Boisduval S Autumn Moth,1,237
Insect,Crambidae,Nomophila corticalis,Grass Moth,1,193
Insect,Cerambycidae,Agrianome spinicollis,,1,185
Insect,Geometridae,Dysbatus singularis,Geometer Moth,1,176
Insect,Chrysomelidae,Calomela ruficeps,,1,235
Insect,Pyrgomorphidae,Psednura pedestris,Common Psednura Grasshopper,1,205
Insect,Notodontidae,Neola semiaurata,Wattle Moth,1,193
Insect,Anthicidae,Lemodes coccinea,,1,211
Insect,Oecophoridae,Endrosis sarcitrella,,1,223
Insect,Nolidae,Nola pycnopasta,,1,143
Insect,Psychidae,Clania ignobilis,Faggot Case Moth,1,267
Insect,Formicidae,Camponotus nigriceps,Black-headed Sugar Ant,1,316
Insect,Pyralidae,Plodia interpunctella,Snout Moth,1,222
Insect,Vespidae,Ropalidia romandi,,1,162
Insect,Lycaenidae,Eirmocides absimilis,Pencilled Blue,1,247
Insect,Pentatomidae,Theseus modestus,Shield Bug,1,251
Insect,Geometridae,Hypobapta tachyhalotaria,Geometer Moth,1,167
Insect,Pentatomidae,Anchises parvulus,,1,212
Insect,Erebidae,Ardices curvata,,1,260
Insect,Nymphalidae,Phaedyma shepherdi,Common Aeroplane,1,230
Insect,Blattidae,Methana marginalis,Common Methana,1,166
Insect,Notodontidae,Ecnomodes sagittaria,Moth,1,171
Insect,Eupterotidae,Panacela lewinae,Lewin's Bag-shelter Moth,1,128
Insect,Noctuidae,Apina callisto,Owlet Moth,1,411
Insect,Pergidae,Philomastix xanthophylax,,1,196
Insect,Chrysomelidae,Paropsis maculata,,1,214
Insect,Erebidae,Tolpiodes oligolasia,,1,123
Insect,Tortricidae,Anisogona similana,,1,163
Insect,Crambidae,Hemiscopis violacea,,1,72
Insect,Chrysomelidae,Lamprolina simillima,,1,202
Insect,Calliphoridae,Calliphora augur,Lesser Brown Blowfly,1,204
Insect,Hepialidae,Oxycanus dirempta,Ghost Moth,1,251
Insect,Geometridae,Isturgia penthearia,Geometer Moth,1,171
Insect,Nolidae,Austrocarea iocephala,,1,143
Insect,Noctuidae,Helicoverpa armigera,Cotton Bollworm,1,285
Insect,Limacodidae,Doratifera oxleyi,Painted Cup Moth,1,166
Insect,Pentatomidae,Pseudapines geminata,Pittosporum Bug,1,245
Insect,Curculionidae,Naupactus leucoloma,White-fringed Weevil,1,254
Insect,Geometridae,Prasinocyma rhodocosma,Emerald Moth,1,145
Insect,Pyralidae,Ephestiopsis oenobarella,,1,161
Insect,Aphididae,Aphis nerii,Oleander Aphid,1,172
Insect,Culicidae,Aedes alboannulatus,,1,271
Insect,Nymphalidae,Heteronympha penelope,Shouldered Brown,1,226
Insect,Geometridae,Mnesiloba eupitheciata,Geometer Moth,1,148
Insect,Formicidae,Myrmecia urens,Baby Bull Ant,1,251
Insect,Geometridae,Idaea pilosata,,1,98
Insect,Ichneumonidae,Echthromorpha agrestoria,,1,171
Insect,Chironomidae,Polypedilum nubifer,Non-biting Midge,1,174
Insect,Chrysomelidae,Paropsisterna nigerrima,,1,207
Insect,Erebidae,Avatha discolor,,1,156
Insect,Alydidae,Noliphus erythrocephalus,,1,142
Insect,Nolidae,Nola argentea,,1,96
Insect,Synthemistidae,Eusynthemis guttata,Southern Tigertail,1,180
Insect,Erebidae,Utetheisa lotrix,Moth,1,144
Insect,Crabronidae,Austrogorytes spryi,Wasp,1,198
Insect,Erebidae,Araeopteron canescens,,1,105
Insect,Rhyparochromidae,Dieuches notatus,Seed Bug,1,183
Insect,Lycaenidae,Lucia limbaria,Grassland Copper,1,367
Insect,Geometridae,Mnesampela privata,Autumn Gum Moth,1,251
Insect,Erebidae,Palaeosia bicosta,Moth,1,182
Insect,Erebidae,Euproctis baliolalis,Browntail Gum Moth,1,179
Insect,Noctuidae,Leucania uda,Owlet Moth,1,194
Insect,Erebidae,Sandava scitisignata,Owlet Moth,1,194
Insect,Sphecidae,Sceliphron laetum,Common Mud Daubler,1,198
Insect,Oecophoridae,Philobota mucida,,1,94
Insect,Oecophoridae,Compsotropha strophiella,Concealer Moth,1,127
Insect,Erebidae,Progonia umbrifera,,1,120
Insect,Geometridae,Circopetes obtusata,Geometer Moth,1,217
Insect,Tortricidae,Acropolitis rudisana,Leafroller Moth,1,211
Insect,Vespidae,Abispa ephippium,Potter Wasp,1,214
Insect,Hesperiidae,Parnara amalia,Orange Swift,1,151
Insect,Hepialidae,Abantiades atripalpis,,1,252
Insect,Pentatomidae,Poecilometis histricus,,1,172
Insect,Aphalaridae,Eucalyptolyma maideni,,1,177
Insect,Chrysomelidae,Paropsisterna crocata,,1,157
Insect,Formicidae,Polyrhachis ornata,Ant,1,212
Insect,Dytiscidae,Rhantus suturalis,Diving Beetle,1,190
Insect,Crambidae,Cnaphalocrocis medinalis,,1,112
Insect,Anthelidae,Anthela varia,Lappet Moth,1,211
Insect,Halictidae,Lasioglossum lanarium,Sweat Bee,1,335
Insect,Osmylidae,Porismus strigatus,,1,242
Insect,Coccinellidae,Diomus notescens,Minute Two-spotted Ladybird,1,267
Insect,Muscidae,Musca domestica,House Fly,1,224
Insect,Pentatomidae,Poecilometis patruelis,Shield Bug,1,192
Insect,Tortricidae,Isochorista panaeolana,,1,123
Insect,Euteliidae,Pataeta carbo,Owlet Moth,1,195
Insect,Neriidae,Derocephalus angusticollis,,1,167
Insect,Formicidae,Notoncus spinisquamis,Giant Epaulet Ant,1,137
Insect,Tettigoniidae,Ephippitytha trigintiduoguttata,Mottled Katydid,1,213
Insect,Scoliidae,Scolia verticalis,Parasitoid Wasp,1,181
Insect,Tettigoniidae,Pseudorhynchus lessonii,,1,213
Insect,Pyralidae,Endotricha ignealis,Grass Moth,1,179
Insect,Alydidae,Melanacanthus scutellaris,Podsucking Bug,1,210
Insect,Geometridae,Gastrinodes argoplaca,Geometer Moth,1,224
Insect,Apidae,Thyreus caeruleopunctatus,Cuckoo Bee,1,258
Insect,Erebidae,Donuca castalia,,1,94
Insect,Miridae,Taylorilygus apicalis,Brokenbacked Bug,1,218
Insect,Geometridae,Chlorocoma dichloraria,Guenee's Emerald Moth,1,231
Insect,Geometridae,Cleora injectaria,,1,165
Insect,Eriococcidae,Callococcus acaciae,,1,220
Insect,Erebidae,Eublemma cochylioides,Eublemma Moth,1,145
Insect,Geometridae,Gastrinodes bitaeniaria,Buff Bark Moth,1,152
Insect,Erebidae,Amata aperta,Moth,1,210
Insect,Geometridae,Parosteodes fictiliaria,Geometer Moth,1,193
Insect,Notodontidae,Destolmia lineata,Moth,1,143
Insect,Scarabaeidae,Anoplognathus brunnipennis,,1,231
Insect,Lygaeidae,Melanerythrus mactans,Bug,1,227
Insect,Geometridae,Cleora illustraria,,1,112
Insect,Zygaenidae,Pollanisus viridipulverulenta,Satin-green Forester Moth,1,185
Insect,Nymphalidae,Junonia hedonia,Brown Soldier,1,130
Insect,Anthelidae,Anthela ocellata,Lappet Moth,1,145
Insect,Psychidae,Conoeca guildingi,,1,222
Insect,Pentatomidae,Biprorulus bibax,Spined Citrus Bug,1,189
Insect,Lycaenidae,Nacaduba kurava,White-banded Line-blue,1,168
Insect,Acrididae,Chortoicetes terminifera,Australian Plague Locust,1,238
Insect,Crambidae,Eurrhyparodes bracteolalis,,1,144
Insect,Asilidae,Cerdistus rusticanoides,Robber Fly,1,193
Insect,Chrysomelidae,Peltoschema orphana,,1,167
Insect,Tettigoniidae,Requena verticalis,,1,144
Insect,Scutelleridae,Lampromicra aerea,,1,192
Insect,Nanaomantidae,Paraoxypilus tasmaniensis,,1,188
Insect,Scarabaeidae,Rhopaea magnicornis,,1,268
Insect,Formicidae,Rhytidoponera aspera,Rough Blue Pony Ant,1,153
Insect,Calliphoridae,Lucilia cuprina,Australian Sheep Blowfly,1,231
Insect,Geometridae,Dichromodes atrosignata,Geometer Moth,1,134
Insect,Crambidae,Metasia capnochroa,Grass Moth,1,134
Insect,Crambidae,Piletocera macroperalis,,1,139
Insect,Tettigoniidae,Zaprochilus australis,Twig-mimicking Katydid,1,159
Insect,Tipulidae,Ptilogyna ramicornis,,1,110
Insect,Asilidae,Ommatius mackayi,,1,128
Insect,Psychidae,Hyalarcta huebneri,Leaf Case Moth,1,147
Insect,Megachilidae,Megachile lucidiventris,Bee,1,147
Insect,Osmylidae,Stenosmylus tenuis,Brown Lacewing,1,187
Insect,Pyralidae,Cryptoblabes hemigypsa,,1,93
Insect,Lauxaniidae,Sapromyza sciomyzina,,1,138
Insect,Tortricidae,Zomariana doxasticana,,1,91
Insect,Chrysomelidae,Aporocera iridipennis,,1,245
Insect,Formicidae,Myrmecia fulvipes,Bull Ant,1,202
Insect,Noctuidae,Australothis rubrescens,Owlet Moth,1,177
Insect,Nymphalidae,Cupha prosope,Australian Rustic,1,216
Insect,Nymphalidae,Symbrenthia geoffroyii,White Nymph,1,178
Insect,Tortricidae,Tracholena sulfurosa,,1,194
Insect,Noctuidae,Chrysodeixis subsidens,Australian Cabbage Looper Moth,1,156
Insect,Cecidomyiidae,Dasineura glomerata,Gall Gnat,1,155
Insect,Nolidae,Garella vallata,,1,117
Insect,Yloryctidae,Plectophila discalis,Concealer Moth,1,123
Insect,Acrididae,Schizobothrus flavovittatus,Disappearing Grasshopper,1,149
Insect,Tachinidae,Trigonospila cingulata,Horse Fly,1,195
Insect,Nymphalidae,Euploea tulliolus,Eastern Brown Crow,1,190
Insect,Pentatomidae,Menida spectabilis,,1,118
Insect,Noctuidae,Elusa oenolopha,,1,56
Insect,Erebidae,Anomis flava,,1,149
Insect,Lasiocampidae,Entometa fervens,Gum Snout Moth,1,149
Insect,Erebidae,Heterallactis euchrysa,,1,161
Insect,Muscidae,Pygophora apicalis,,1,210
Insect,Colletidae,Hyleoides concinna,Species Of Yellowfaced Bee,1,142
Insect,Lepismatidae,Ctenolepisma longicaudata,Silverfish,1,152
Insect,Belidae,Rhinotia lineata,,1,158
Insect,Pterophoridae,Sinpunctiptilia emissalis,Plume Moth,1,209
Insect,Chrysomelidae,Lema daturaphila,,1,142
Insect,Oecophoridae,Garrha costimacula,,1,137
Insect,Ichneumonidae,Diplazon laetatorius,,1,152
Insect,Libellulidae,Aethriamanta circumsignata,Square-spot Basker,1,137
Insect,Chrysomelidae,Stethopachys formosa,,1,146
Insect,Lasiocampidae,Genduara punctigera,Crexa Moth,1,132
Insect,Geometridae,Psilosticha absorpta,Geometer Moth,1,276
Insect,Chrysomelidae,Peltoschema hamadryas,,1,239
Insect,Curculionidae,Orthorhinus klugii,Vine Weevil,1,197
Insect,Asilidae,Zosteria fulvipubescens,,1,136
Insect,Eriococcidae,Cylindrococcus spiniferus,Casuarina Gall,1,183
Insect,Oecophoridae,Heteroteucha translatella,Concealer Moth,1,141
Insect,Erebidae,Anestia semiochrea,Moth,1,141
Insect,Eupterotidae,Panacela nyctopa,,1,78
Insect,Labiduridae,Nala lividipes,Black Field Earwig,1,134
Insect,Lycaenidae,Erina erina,Small Dusky-blue,1,216
Insect,Pyralidae,Tirathaba rufivena,Coconut Spiked Moth,1,67
Insect,Ichneumonidae,Ichneumon promissorius,,1,167
Insect,Geometridae,Eucymatoge scotodes,,1,152
Insect,Lycidae,Trichalus ampliatus,,1,129
Insect,Pyralidae,Heteromicta tripartitella,Grass Moth,1,124
Insect,Vespidae,Ropalidia plebeiana,Wasp,1,148
Insect,Tortricidae,Lobesia transtrifera,,1,102
Insect,Silphidae,Ptomaphila lacrymosa,Carrion Beetle,1,200
Insect,,Cordulephya pygmaea,Common Shutwing,1,125
Insect,Scarabaeidae,Lyraphora obliquata,,1,158
Insect,Geometridae,Taxeotis perlinearia,Geometer Moth,1,161
Insect,Tortricidae,Epitymbia alaudana,,1,189
Insect,Crambidae,Notarcha aurolinealis,,1,92
Insect,Pyralidae,Morosaphycita oculiferella,,1,163
Insect,Oecophoridae,Scoliocheta ergatis,,1,99
Insect,Pentatomidae,Diemenia rubromarginata,Shield Bug,1,165
Insect,Oecophoridae,Eulechria triferella,,1,78
Insect,Hesperiidae,Pelopidas lyelli,Lyell's Swift,1,109
Insect,Rhopalidae,Leptocoris mitellatus,Scentless Plant Bug,1,190
Insect,Scarabaeidae,Anoplognathus velutinus,,1,129
Insect,Heteromyzidae,Tapeigaster nigricornis,Fly,1,106
Insect,Libellulidae,Tholymis tillarga,Twister,1,126
Insect,Coccidae,Parasaissetia nigra,Lapa-preta,1,133
Insect,Cossidae,Endoxyla cinereus,Carpenter Moth,1,150
Insect,Hesperiidae,Ocybadistes flavovittatus,Narrow-brand Grass-dart,1,122
Insect,Geometridae,Zermizinga sinuata,Lucerne Looper Moth,1,147
Insect,Crambidae,Scoparia spelaea,Grass Moth,1,144
Insect,Anisolabididae,Euborellia annulipes,Ring-legged Earwig,1,101
Insect,Papilionidae,Papilio fuscus,Fuscous Swallowtail,1,210
Insect,Gomphidae,Austrogomphus amphiclitus,Pale Hunter,1,138
Insect,Myrmeleontidae,Myrmeleon acer,Common Antlion,1,157
Insect,Lucanidae,Ryssonotus nebulosus,Brown Stag Beetle,1,150
Insect,Tettigoniidae,Austrophlugis debaari,,1,136
Insect,Formicidae,Leptomyrmex erythrocephalus,Red-headed Spider Ant,1,156
Insect,Lecithoceridae,Crocanthes micradelpha,Long-horned Moth,1,74
Insect,Blastobasidae,Blastobasis tarda,,1,142
Insect,Geometridae,Hypodoxa muscosaria,Geometer Moth,1,218
Insect,Chrysopidae,Mallada traviatus,,1,126
Insect,Crambidae,Sufetula hemiophthalma,,1,76
Insect,Coreidae,Amorbus robustus,Common Gum-tree Bug,1,185
Insect,Lecithoceridae,Lecithocera terrigena,,1,140
Insect,Halictidae,Lasioglossum bicingulatum,Sweat Bee,1,156
Insect,Lasiocampidae,Pararguda nasuta,Lappet Moth,1,173
Insect,Geometridae,Syneora acrotypa,,1,68
Insect,Noctuidae,Xanthodes transversa,,1,101
Insect,Vespidae,Pseudabispa bicolor,Wasp,1,97
Insect,Chrysomelidae,Peltoschema delicatula,,1,163
Insect,Reduviidae,Tegea atropicta,,1,150
Insect,Mantispidae,Spaminta minjerribae,,1,128
Insect,Lauxaniidae,Cephaloconus tenebrosus,,1,130
Insect,Scarabaeidae,Anoplognathus pallidicollis,Christmas Beetle,1,175
Insect,Geometridae,Syneora mundifera,Geometer Moth,1,102
Insect,Culicidae,Aedes camptorhynchus,,1,132
Insect,Geometridae,Thalaina selenaea,Satin Moth,1,131
Insect,Noctuidae,Agrotis ipsilon,Owlet Moth,1,155
Insect,Colletidae,Hylaeus nubilosus,Plasterer Bee,1,184
Insect,Lygaeidae,Arocatus rusticus,Bug,1,161
Insect,Chrysomelidae,Dicranosterna picea,,1,174
Insect,Hesperiidae,Telicota colon,Pale-orange Darter,1,160
Insect,Pyrrhocoridae,Dindymus circumcinctus,,1,143
Insect,Stratiomyidae,Odontomyia hunteri,,1,198
Insect,Cecidomyiidae,Asphondylia tonsura,,1,151
Insect,Tortricidae,Cryptoptila immersana,Four Eyes Moth,1,158
Insect,Chrysomelidae,Octotoma scabripennis,,1,156
Insect,Notodontidae,Sorama bicolor,Moth,1,156
Insect,Eriococcidae,Acanthococcus coriaceus,Blue Gum Scale,1,197
Insect,Phasmatidae,Tropidoderus childrenii,Children’s Stick-insect,1,188
Insect,Geometridae,Idaea costaria,White-edged Wave,1,160
Insect,Erebidae,Diatenes aglossoides,Owlet Moth,1,186
Insect,Scutelleridae,Cantao parentum,,1,88
Insect,Aeshnidae,Telephlebia tryoni,Coastal Evening Darner,1,139
Insect,Osmylidae,Stenosmylus stenopterus,Brown Lacewing,1,170
Insect,Pieridae,Eurema smilax,Small Grass-yellow,1,179
Insect,Cerambycidae,Xystrocera virescens,,1,127
Insect,Erebidae,Hydrillodes funestalis,Litter Moth,1,114
Insect,Geometridae,Poecilasthena thalassias,,1,138
Insect,Cercopidae,Philagra parva,Common Spittle Bug,1,164
Insect,Tephritidae,Spathulina acroleuca,Primitive Crane Fly,1,155
Insect,Nymphalidae,Geitoneura minyas,Western Xenica,1,113
Insect,Lycaenidae,Prosotas dubiosa,Small Purple Line-blue,1,145
Insect,Hesperiidae,Trapezites luteus,Rare White-spot Skipper,1,94
Insect,Limoniidae,Gynoplistia bella,Crane Fly,1,198
Insect,Culicidae,Aedes vigilax,Black Bush-mosquito,1,131
Insect,Tortricidae,Euphona euphona,,1,89
Insect,Geometridae,Antictenia punctunculus,,1,175
Insect,Pyrgomorphidae,Atractomorpha similis,Common Grass Pyrgomorph,1,176
Insect,Geometridae,Eucyclodes pieroides,,1,100
Insect,Chrysomelidae,Dicranosterna circe,,1,134
Insect,Tipulidae,Leptotarsus clavatus,Crane Fly,1,107
Insect,Libellulidae,Nannophya australis,Australian Pygmyfly,1,168
Insect,Oecophoridae,Philobota latifissella,Concealer Moth,1,147
Insect,Tortricidae,Spilonota constrictana,Leafroller Moth,1,141
Insect,Lycaenidae,Erysichton lineatus,Hairy Lineblue,1,136
Insect,Geometridae,Epidesmia hypenaria,Geometer Moth,1,175
Insect,Yloryctidae,Cryptophasa pultenae,,1,130
Insect,Membracidae,Aconophora compressa,Lantana Treehopper,1,146
Insect,Erebidae,Trigonistis asthenopa,Moth,1,104
Insect,Phasmatidae,Podacanthus viridiroseus,Red-winged Stick-insect,1,142
Insect,Geometridae,Chrysolarentia lucidulata,Geometer Moth,1,133
Insect,Erebidae,Eudesmeola lawsoni,Owlet Moth,1,186
Insect,Cicadidae,Clinopsalta autumna,,1,124
Insect,Cicadidae,Yoyetta australicta,,1,157
Insect,Cossidae,Endoxyla lituratus,Carpenter Moth,1,135
Insect,Tortricidae,Clarana clarana,Moth,1,161
Insect,Erebidae,Alapadna pauropis,Owlet Moth,1,101
Insect,Oecophoridae,Euchaetis rhizobola,Concealer Moth,1,111
Insect,Pyralidae,Orthaga seminivea,,1,58
Insect,Pterophoridae,Megalorhipida leucodactyla,,1,127
Insect,Yponomeutidae,Zelleria cynetica,,1,82
Insect,Myopsocidae,Nimbopsocus australis,,1,130
Insect,Cicadidae,Yoyetta cumberlandi,,1,96
Insect,Noctuidae,Neumichtis nigerrima,Black Turnip Moth,1,168
Insect,Erebidae,Castulo doubledayi,Moth,1,124
Insect,Geometridae,Scioglyptis canescaria,Geometer Moth,1,91
Insect,Formicidae,Polyrhachis pilosa,,1,110
Insect,Pentatomidae,Omyta centrolineata,Shield Bug,1,119
Insect,Apidae,Bombus terrestris,,1,173
Insect,Nymphalidae,Argynnina cyrila,Forest Brown,1,116
Insect,Formicidae,Rhytidoponera tasmaniensis,Ant,1,148
Insect,Scarabaeidae,Phyllotocus bimaculatus,,1,137
Insect,Yloryctidae,Maroga melanostigma,Fruit Stem Borer Moth,1,183
Insect,Crambidae,Hyalobathra archeleuca,,1,67
Insect,Phlaeothripidae,Idolothrips spectrum,Giant Thrips,1,119
Insect,Eurytomidae,Bruchophagus fellis,,1,93
Insect,Cosmopterigidae,Macrobathra chrysotoxa,Cosmet Moth,1,124
Insect,Vespidae,Delta bicinctum,Wasp,1,153
Insect,Rhopalidae,Leptocoris tagalicus,,1,139
Insect,Geometridae,Perixera longidiscata,,1,59
Insect,Evaniidae,Evania appendigaster,,1,136
Insect,Erebidae,Arrade leucocosmalis,Owlet Moth,1,129
Insect,Formicidae,Paratrechina longicornis,Black Crazy Ant,1,143
Insect,Geometridae,Eucyclodes insperata,Geometer Moth,1,101
Insect,Oecophoridae,Wingia rectiorella,,1,96
Insect,Saturniidae,Opodiphthera helena,Helena Emperor Moth,1,101
Insect,Anthelidae,Chelepteryx chalepteryx,Lappet Moth,1,122
Insect,Geometridae,Idaea trypheropa,,1,74
Insect,Tortricidae,Constrictana constrictana,,1,131
Insect,Tephritidae,Bactrocera tryoni,Queensland Fruit Fly,1,135
Insect,Oecophoridae,Garrha ocellifera,Concealer Moth,1,154
Insect,Noctuidae,Neumichtis saliaris,Green Cutworm Moth,1,133
Insect,Geometridae,Eumelea rosalia,,1,74
Insect,Elateridae,Monocrepidus submarmoratus,,1,100
Insect,Erebidae,Eressa angustipenna,,1,96
Insect,Formicidae,Polyrhachis phryne,Ant,1,144
Insect,Halictidae,Lipotriches phanerura,,1,162
Insect,Noctuidae,Amyna natalis,Owlet Moth,1,108
Insect,Gelechiidae,Anarsia epiula,,1,86
Insect,Lauxaniidae,Poecilohetaerus aquilus,Acalyptrate Fly,1,152
Insect,Oecophoridae,Philobota transversella,,1,101
Insect,Acrididae,Cryptobothrus chrysophorus,Golden Band-wing,1,120
Insect,Nymphalidae,Doleschallia bisaltide,Australian Leafwing,1,162
Insect,Tortricidae,Thrincophora lignigerana,Leafroller Moth,1,136
Insect,Tephritidae,Sphenella ruficeps,Primitive Crane Fly,1,205
Insect,Erebidae,Calliteara pura,Moth,1,69
Insect,Cosmopterigidae,Macrobathra desmotoma,Cosmet Moth,1,153
Insect,Geometridae,Scioglyptis chionomera,Geometer Moth,1,128
Insect,Pyralidae,Mampava rhodoneura,,1,51
Insect,Erebidae,Ardices canescens,,1,222
Insect,Eriococcidae,Apiomorpha munita,Felt Scale Insect,1,124
Insect,Tachinidae,Rutilia splendida,Horse Fly,1,174
Insect,Oecophoridae,Syringoseca rhodoxantha,Concealer Moth,1,138
Insect,Chrysopidae,Apochrysa lutea,,1,121
Insect,Lycaenidae,Candalides xanthospilos,Yellow-spotted Blue,1,117
Insect,Gerridae,Tenagogerris euphrosyne,Water Strider,1,117
Insect,Cerambycidae,Temnosternus planiusculus,,1,69
Insect,Pyralidae,Conobathra hemichlaena,,1,46
Insect,Colletidae,Hylaeus littleri,Species Of Yellowfaced Bee,1,226
Insect,Stathmopodidae,Stathmopoda megathyma,,1,99
Insect,Fulgoridae,Rentinus dilatatus,Planthopper,1,184
Insect,Pyralidae,Homoeosoma vagella,,1,139
Insect,Pentatomidae,Ocirrhoe unimaculata,Shield Bug,1,138
Insect,Blattellidae,Blattella germanica,German Cockroach,1,97
Insect,Hesperiidae,Arrhenes marnas,Swamp Darter,1,119
Insect,Muscidae,Musca vetustissima,Bush Fly,1,110
Insect,Pyralidae,Indomyrlaea auchmodes,,1,47
Insect,Noctuidae,Heterorta plutonis,,1,140
Insect,Miridae,Rayieria acaciae,Plant Bug,1,168
Insect,Oecophoridae,Barea leucocephala,,1,58
Insect,Fulgoridae,Erilla turneri,,1,58
Insect,Formicidae,Solenopsis invicta,Fire Ant,1,156
Insect,Noctuidae,Thoracolopha verecunda,,1,196
Insect,Acrididae,Bermius brachycerus,,1,169
Insect,Psychidae,Lepidoscia heliochares,,1,136
Insect,Syrphidae,Sphaerophoria macrogaster,,1,133
Insect,Curculionidae,Leptopius duponti,Broad-back Weevil,1,105
Insect,Chrysopidae,Plesiochrysa ramburi,,1,138
Insect,Geometridae,Plesanemma fucata,Lemon Gum Moth,1,152
Insect,Geometridae,Scopula hypochra,,1,80
Insect,Cicadellidae,Maiestas veta,,1,53
Insect,Oecophoridae,Philobota productella,Concealer Moth,1,147
Insect,Pyralidae,Addyme ferrorubella,,1,68
Insect,Scarabaeidae,Acrossidius tasmaniae,Blackheaded Pasture Cockchafer,1,117
Insect,Cicadidae,Popplepsalta aeroides,,1,92
Insect,Curculionidae,Naupactus peregrinus,,1,105
Insect,Pentatomidae,Alcaeus varicornis,Acacia Shield Bug,1,176
Insect,Coccinellidae,Harmonia octomaculata,,1,114
Insect,Erebidae,Pantydia capistrata,,1,69
Insect,Pergidae,Lophyrotoma analis,Sawfly,1,137
Insect,Cicadidae,Thopha saccata,Double Drummer,1,92
Insect,Mordellidae,Mordella sydneyana,,1,143
Insect,Oecophoridae,Arachnographa micrastrella,Concealer Moth,1,100
Insect,Pyralidae,Calguia defiguralis,,1,68
Insect,Heteromyzidae,Tapeigaster annulipes,Fly,1,109
Insect,Lycaenidae,Theclinesthes sulpitius,Saltpan Blue,1,94
Insect,Cosmopterigidae,Labdia deliciosella,Cosmet Moth,1,119
Insect,Chrysomelidae,Calomela pallida,,1,103
Insect,Aeshnidae,Telephlebia godeffroyi,Eastern Evening Darner,1,100
Insect,Sphingidae,Cephonodes kingii,Bee Hawk Moth,1,154
Insect,Erebidae,Meyrickella torquesauria,Owlet Moth,1,88
Insect,Oecophoridae,Oligoloba severa,Concealer Moth,1,113
Insect,Oecophoridae,Machetis aphrobola,Concealer Moth,1,85
Insect,Cerambycidae,Phacodes personatus,,1,166
Insect,Geometridae,Comibaena mariae,,1,65
Insect,Erebidae,Prionopterina grammatistis,,1,68
Insect,Formicidae,Dolichoderus doriae,Double Spined Dolly Ant,1,141
Insect,Geometridae,Capusa senilis,Geometer Moth,1,116
Insect,Geometridae,Dysphania numana,,1,102
Insect,Membracidae,Acanthuchus trispinifer,Treehopper,1,128
Insect,Scarabaeidae,Anoplognathus concolor,,1,138
Insect,Pyrrhocoridae,Dysdercus sidae,Pale Cotton Stainer,1,141
Insect,Gelechiidae,Aproaerema simplexella,,1,88
Insect,Tortricidae,Cryptoptila australana,Moth,1,112
Insect,Lauxaniidae,Depressa atrata,Acalyptrate Fly,1,92
Insect,Pieridae,Delias argenthona,Northern Jezabel,1,199
Insect,Sphingidae,Gnathothlibus eras,,1,101
Insect,Noctuidae,Thoracolopha melanographa,,1,56
Insect,Acrididae,Macrotona securiformis,Inland Macrotona,1,84
Insect,Passalidae,Aulacocyclus edentulus,,1,150
Insect,Pentatomidae,Poecilometis punctiventris,,1,89
Insect,Rhipiceridae,Rhipicera femorata,Feather-horned Beetle,1,114
Insect,Nolidae,Barasa cymatistis,,1,79
Insect,Coccinellidae,Cheilomenes sexmaculata,,1,143
Insect,Erebidae,Donuca orbigera,,1,100
Insect,Chrysopidae,Mallada tripunctatus,,1,105
Insect,Geometridae,Idiodes apicata,Bracken Moth,1,93
Insect,Cerambycidae,Phacodes obscurum,,1,81
Insect,Erebidae,Euproctis fimbriata,,1,81
Insect,Cerambycidae,Didymocantha obliqua,,1,91
Insect,Chrysomelidae,Monolepta froggatti,,1,196
Insect,Oecophoridae,Tortricopsis pyroptis,Concealer Moth,1,144
Insect,Pentatomidae,Dictyotus inconspicuus,Shield Bug,1,112
Insect,Geometridae,Corula geometroides,Geometer Moth,1,95
Insect,Chrysomelidae,Aporocera consors,,1,150
Insect,Aeshnidae,Austroaeschna multipunctata,Multi-spotted Darner,1,119
Insect,Hepialidae,Abantiades marcidus,Ghost Moth,1,107
Insect,Eulophidae,Ophelimus maskelli,,1,141
Insect,Erebidae,Eudocima salaminia,Owlet Moth,1,68
Insect,Geometridae,Psilosticha pristis,Geometer Moth,1,76
Insect,Rhyparochromidae,Neolethaeus tenebrosus,,1,67
Insect,Psychidae,Lepidoscia saxosa,,1,104
Insect,Cicadellidae,Neovulturnus vultuosus,,1,107
Insect,Erebidae,Esthlodora versicolor,,1,51
Insect,Oecophoridae,Tortricopsis uncinella,Concealer Moth,1,141
Insect,Pterophoridae,Stenoptilodes taprobanes,,1,71
Insect,Limacodidae,Anaxidia lozogramma,,1,89
Insect,Geometridae,Chrysolarentia mecynata,Geometer Moth,1,194
Insect,Aphididae,Brevicoryne brassicae,Cabbage Aphid,1,98
Insect,Cosmopterigidae,Macrobathra rubicundella,,1,34
Insect,Megachilidae,Megachile aurifrons,Bee,1,107
Insect,Geometridae,Ciampa arietaria,Brown Pasture Looper Moth,1,158
Insect,Crambidae,Nacoleia mesochlora,Grass Moth,1,100
Insect,Erebidae,Lygephila fallax,,1,125
Insect,Cerambycidae,Enchoptera apicalis,,1,108
Insect,Chrysomelidae,Paropsisterna octosignata,,1,127
Insect,Stathmopodidae,Hieromantis ephodophora,,1,51
Insect,Crambidae,Hednota pedionoma,Grass Moth,1,120
Insect,Cicadellidae,Ishidaella tumida,Leafhopper,1,86
Insect,Bombyliidae,Anthrax maculatus,Bee Fly,1,106
Insect,Cecidomyiidae,Dasineura dielsi,,1,92
Insect,Chrysomelidae,Paropsisterna beata,,1,204
Insect,Pentatomidae,Poecilometis lineatus,,1,119
Insect,Asilidae,Colepia rufiventris,Robber Fly,1,122
Insect,Cerambycidae,Phoracantha punctata,,1,102
Insect,Nymphidae,Norfolius howensis,,1,172
Insect,Anthelidae,Anthela nicothoe,Urticating Anthelid Moth,1,88
Insect,Chrysomelidae,Eurispa vittata,,1,117
Insect,Hepialidae,Abantiades argentata,Species Of Ghost Moth,1,131
Insect,Cosmopterigidae,Stagmatophora argyrostrepta,,1,75
Insect,Libellulidae,Lathrecista asiatica,Australasian Slimwing,1,172
Insect,Geometridae,Eucyclodes metaspila,Inscribed Emerald,1,72
Insect,Tingidae,Corythucha ciliata,Sycamore Lace Bug,1,99
Insect,Coccinellidae,Orcus australasiae,,1,134
Insect,Pieridae,Eurema drona,No-brand Grass-yellow,1,89
Insect,Lycaenidae,Ogyris amaryllis,Satin Azure,1,139
Insect,Hesperiidae,Timoconia flammeata,Bright Shield-skipper,1,68
Insect,Acrididae,Macrotona australis,Common Macrotona,1,221
Insect,Pyrgomorphidae,Atractomorpha australis,Australian Grass Pyrgomorph,1,103
Insect,Coenagrionidae,Austrocnemis splendida,Splendid Longlegs,1,102
Insect,Formicidae,Tetramorium bicarinatum,Bicoloured Pennant Ant,1,118
Insect,Scoliidae,Radumeris tasmaniensis,Parasitoid Wasp,1,106
Insect,Sphingidae,Hippotion rosetta,,1,61
Insect,Oecophoridae,Delexocha ochrocausta,Concealer Moth,1,151
Insect,Formicidae,Technomyrmex sophiae,,1,100
Insect,Tettigoniidae,Torbia perficita,,1,117
Insect,Erebidae,Meyrickella ruptellus,Owlet Moth,1,79
Insect,Oecophoridae,Pytinaea group schistopa,,1,69
Insect,Carabidae,Laemostenus complanatus,Cosmopolitan Ground Beetle,1,99
Insect,Papilionidae,Cressida cressida,Greasy Swallowtail,1,154
Insect,Erebidae,Anomis lyona,,1,59
Insect,Limacodidae,Doratifera pinguis,Pale Cup Moth,1,79
Insect,Oecophoridae,Leptocroca sanguinolenta,Large Winter Leptocroca Moth,1,111
Insect,Culicidae,Coquillettidia xanthogaster,,1,91
Insect,Labiduridae,Labidura riparia,Common Brown Earwig,1,102
Insect,Cicadellidae,Eurymeloides bicincta,Leafhopper,1,130
Insect,Buprestidae,Castiarina sexplagiata,,1,102
Insect,Agromyzidae,Phytoliriomyza pittosporocaulis,,1,123
Insect,Tachinidae,Rutilia argentifera,,1,85
Insect,Geometridae,Paralaea porphyrinaria,Geometer Moth,1,91
Insect,Castniidae,Synemon theresa,Cryptic Sun Moth,1,77
Insect,Blattidae,Drymaplaneta communis,Common Shining Cockroach,1,196
Insect,Scarabaeidae,Xylonichus eucalypti,,1,94
Insect,Cicadidae,Haemopsalta rubea,,1,95
Insect,Culicidae,Culex quinquefasciatus,House Mosquito,1,94
Insect,Megachilidae,Pseudoanthidium repetitum,,1,175
Insect,Formicidae,Chelaner rubriceps,,1,112
Insect,Chrysopidae,Nothancyla verreauxi,,1,78
Insect,Vespidae,Delta campaniforme,,1,77
Insect,Brentidae,Rhynolaccus formicarius,,1,111
Insect,Gracillariidae,Caloptilia xanthopharella,,1,73
Insect,Tachinidae,Sumpigaster fasciata,,1,105
Insect,Heteromyzidae,Tapeigaster argyrospila,Fly,1,73
Insect,Rhaphidophoridae,Parvotettix domesticus,,1,47
Insect,Chrysomelidae,Nisotra bicolorata,,1,72
Insect,Geometridae,Microdes villosata,Geometer Moth,1,84
Insect,Oecophoridae,Zonopetala clerota,Concealer Moth,1,113
Insect,Erebidae,Ophiusa disjungens,,1,123
Insect,Formicidae,Colobopsis macrocephala,,1,62
Insect,Glyphipterigidae,Glyphipterix meteora,,1,98
Insect,Megachilidae,Megachile maculariformis,Bee,1,123
Insect,Erebidae,Thallarcha phalarota,Moth,1,88
Insect,Cecidomyiidae,Austroacacidiplosis botrycephalae,,1,154
Insect,Geometridae,Pingasa chlora,,1,123
Insect,Tingidae,Stephanitis pyrioides,Azalea Lace Bug,1,88
Insect,Elateridae,Monocrepidus erubescens,,1,103
Insect,Cosmopterigidae,Limnaecia camptosema,Cosmet Moth,1,100
Insect,Chrysopidae,Mallada basalis,,1,94
Insect,Crambidae,Hyalobathra unicolor,,1,56
Insect,Sphingidae,Theretra tryoni,,1,100
Insect,Psychidae,Lepidoscia characota,Bagworm Moth,1,107
Insect,Halictidae,Lasioglossum peraustrale,Sweat Bee,1,132
Insect,Stathmopodidae,Snellenia lineata,Concealer Moth,1,72
Insect,Oecophoridae,Aeolothapsa malacella,Concealer Moth,1,137
Insect,Crambidae,Eudonia aphrodes,Grass Moth,1,75
Insect,Hepialidae,Oxycanus antipoda,Ghost Moth,1,101
Insect,Formicidae,Notoncus capitatus,,1,83
Insect,Coccidae,Ceroplastes sinensis,Hard Wax Scale,1,84
Insect,Cicadellidae,Austrotartessus ianassa,,1,71
Insect,Formicidae,Myrmecia piliventris,Bull Ant,1,114
Insect,Chrysomelidae,Uroplata girardi,,1,122
Insect,Calliphoridae,Calliphora hilli,Blow Fly,1,73
Insect,Geometridae,Gymnoscelis spodias,,1,46
Insect,Limacodidae,Pseudanapaea transvestita,Cup Moth,1,99
Insect,Acrididae,Austracris proxima,,1,91
Insect,Acrididae,Gastrimargus musicus,Yellow-winged Locust,1,208
Insect,Forficulidae,Elaunon bipartitus,,1,80
Insect,Mantidae,Mantis octospilota,Blackbarred Mantid,1,92
Insect,Dolichopodidae,Heteropsilopus ingenuus,Long-legged Fly,1,127
Insect,Apidae,Xylocopa bombylans,Green Carpenter Bee Species,1,118
Insect,Cicadellidae,Eurymeloides punctata,Leafhopper,1,144
Insect,Lygaeidae,Spilostethus hospes,Bug,1,65
Insect,Geometridae,Cyneoterpna wilsoni,Geometer Moth,1,109
Insect,Petaluridae,Petalura litorea,Coastal Petaltail,1,43
Reptile,Chelidae,Chelodina steindachneri,Steindachner's Turtle,1,17
Insect,Asilidae,Dolopus simulans,,1,125
Insect,Coccinellidae,Orcus bilunulatus,,1,125
Insect,Miomantidae,Miomantis caffra,African Praying Mantis,1,122
Insect,Geometridae,Poecilasthena anthodes,Geometer Moth,1,59
Insect,Micropezidae,Mimegralla australica,,1,92
Insect,Largidae,Physopelta gutta,Bordered Plant Bug,1,83
Insect,Crambidae,Agrioglypta excelsalis,,1,76
Insect,Chironomidae,Chironomus nepeanensis,Midge,1,47
Insect,Cecidomyiidae,Asphondylia dodonaeae,,1,114
Insect,Scarabaeidae,Diphucephala colaspidoides,Green Scarab Beetle,1,88
Insect,Oecophoridae,Enchronista proximella,Concealer Moth,1,81
Insect,Tortricidae,Vacuana vacuana,,1,62
Insect,Cerambycidae,Rhytiphora bankii,,1,75
Insect,Miridae,Tinginotum minutum,,1,65
Insect,Libellulidae,Macrodiplax cora,Wandering Pennant,1,88
Insect,Oecophoridae,Tachystola stenoptera,Concealer Moth,1,99
Insect,Vespidae,Phimenes arcuatus,,1,105
Insect,Bombyliidae,Anthrax confluensis,Bee Fly,1,73
Insect,Chrysomelidae,Peltoschema perplexa,,1,69
Insect,Thyrididae,Kanshizeia hemicycla,,1,39
Insect,Blaberidae,Pycnoscelus surinamensis,Surinam Cockroach,1,109
Insect,Oecophoridae,Philobota perixantha,,1,37
Insect,Tenebrionidae,Ecnolagria rufescens,Long-jointed Bark Beetle,1,107
Insect,Geometridae,Smyriodes trigramma,Geometer Moth,1,102
Insect,Geometridae,Hypodoxa emiliaria,,1,74
Insect,Oecophoridae,Euphiltra eroticella,Concealer Moth,1,91
Insect,Oecophoridae,Merocroca automima,Concealer Moth,1,155
Insect,Noctuidae,Ctenoplusia albostriata,,1,67
Insect,Pterophoridae,Lantanophaga pusillidactylus,Lantana Plume Moth,1,91
Insect,Erebidae,Adrapsa ablualis,,1,79
Insect,Crambidae,Diaphania indica,,1,87
Insect,Formicidae,Polyrhachis brisbanensis,,1,88
Insect,Oecophoridae,Tachystola thiasotis,Concealer Moth,1,59
Insect,Curculionidae,Ecrizothis boviei,,1,59
Insect,Cicadidae,Yoyetta timothyi,,1,76
Insect,Limoniidae,Discobola australis,Crane Fly,1,127
Insect,Choreutidae,Choreutis periploca,,1,91
Insect,Syrphidae,Eumerus obliquus,,1,123
Insect,Noctuidae,Proteuxoa testaceicollis,Owlet Moth,1,77
Insect,Lycaenidae,Rapala varuna,Indigo Flash,1,109
Insect,Hemerobiidae,Carobius pulchellus,Brown Lacewing,1,64
Insect,Lauxaniidae,Minettia maculithorax,,1,66
Insect,Aphididae,Shivaphis celti,Asian Wooly Hackberry Aphid,1,60
Insect,Limoniidae,Conosia irrorata,,1,78
Insect,Tortricidae,Statherotis pendulata,,1,39
Insect,Phasmatidae,Clemacantha goliath,,1,124
Insect,Formicidae,Tetraponera punctulata,Savanna Black Tree Ant,1,68
Insect,Crabronidae,Pison spinolae,Wasp,1,64
Reptile,Pythonidae,Aspidites ramsayi,Woma,1,16
Insect,Syrphidae,Austalis copiosa,,1,116
Insect,Uraniidae,Phazaca interrupta,,1,61
Insect,Cleridae,Lemidia subaenea,,1,137
Insect,Termitidae,Nasutitermes walkeri,,1,86
Insect,Chrysomelidae,Peltoschema oceanica,,1,93
Insect,Mantidae,Tenodera blanchardi,,1,64
Insect,Oecophoridae,Zonopetala quadripustulella,Concealer Moth,1,81
Insect,Lycidae,Cladophorus cinctus,,1,52
Insect,Anthomyiidae,Anthomyia vicarians,,1,84
Insect,Coccidae,Ceroplastes rubens,Pink Wax Scale,1,147
Insect,Pentatomidae,Glaucias amyoti,New Zealand Vegetable Bug,1,84
Insect,Pterophoridae,Platyptilia celidotus,Plume Moth,1,96
Insect,Apidae,Xylocopa aerata,,1,81
Insect,Myrmeleontidae,Heoclisis fundata,Antlion,1,124
Insect,Geometridae,Capusa cuculloides,Geometer Moth,1,86
Insect,Formicidae,Iridomyrmex rubriceps,,1,50
Insect,Nolidae,Earias huegeliana,Rough Bollworm Moth,1,100
Insect,Geometridae,Dichromodes mesogonia,Geometer Moth,1,63
Insect,Tettigoniidae,Austrophlugis orumbera,,1,55
Insect,Crambidae,Parotis marginata,,1,56
Insect,Cicadidae,Chlorocysta vitripennis,Small Bottle Cicada,1,53
Insect,Erebidae,Hesychopa chionora,Moth,1,77
Insect,Nymphidae,Osmylops sejunctus,,1,73
Insect,Cicadidae,Physeema quadricincta,Tick-tock,1,123
Insect,Tenebrionidae,Ospidus chrysomeloides,,1,76
Insect,Crambidae,Palpita pratti,,1,51
Insect,Reduviidae,Stenolemus fraterculus,,1,96
Insect,Lecithoceridae,Lecithocera imprudens,,1,43
Insect,Geometridae,Chrysolarentia correlata,,1,61
Insect,Culicidae,Aedes vittiger,Grey Striped Mosquito,1,115
Insect,Anthomyiidae,Anthomyia silvestris,,1,69
Insect,Erebidae,Tigrioides alterna,Moth,1,71
Insect,Pentatomidae,Dictyotus caenosus,Brown Shield Bug,1,106
Insect,Chrysomelidae,Paropsis pictipennis,,1,134
Insect,Crambidae,Glaucocharis dilatella,Grass Moth,1,63
Insect,Limacodidae,Doratifera casta,Cup Moths,1,90
Insect,Nolidae,Nola fasciata,,1,43
Insect,Cosmopterigidae,Labdia argophracta,,1,44
Insect,Chrysomelidae,Paropsisterna semifumata,,1,83
Insect,Crambidae,Maruca vitrata,,1,62
Insect,Oecophoridae,Heteroteucha distephana,Concealer Moth,1,50
Insect,Choreutidae,Choreutis ophiosema,,1,117
Insect,Pyralidae,Endotricha puncticostalis,,1,80
Insect,Lycaenidae,Prosotas felderi,Southern Line-blue,1,110
Insect,Chrysomelidae,Platymela sticticollis,,1,94
Insect,Oecophoridae,Zonopetala decisana,Concealer Moth,1,71
Insect,Phasmatidae,Eurycnema osiris,Darwin Stick-insect,1,93
Insect,Tettigoniidae,Diastella latifolia,,1,71
Insect,Melyridae,Dicranolaius cinctus,,1,121
Insect,Mantidae,Sphodropoda tristis,,1,89
Insect,Erebidae,Eublemma inconspicua,Owlet Moth,1,74
Insect,Colletidae,Hylaeus rotundiceps,Plasterer Bee,1,76
Insect,Pergidae,Lophyrotoma zonalis,,1,70
Insect,Crambidae,Crocidolomia pavonana,,1,65
Insect,Carposinidae,Coscinoptycha improbana,,1,90
Insect,Belostomatidae,Diplonychus eques,,1,71
Insect,Calliphoridae,Calliphora nigrithorax,Blow Fly,1,42
Insect,Geometridae,Idaea coercita,,1,34
Insect,Cicadidae,Popplepsalta rubristrigata,Red Scratcher,1,80
Insect,Pentatomidae,Poecilometis gravis,,1,107
Insect,Geometridae,Dichromodes estigmaria,Geometer Moth,1,94
Insect,Notodontidae,Epicoma protrahens,Moth,1,105
Insect,Cerambycidae,Syllitus microps,,1,98
Insect,Lucanidae,Syndesus cornutus,Lucanid Decay Borer,1,79
Insect,Acrididae,Rhitzala modesta,Upland Heath Grasshopper,1,53
Insect,Oxycarenidae,Oxycarenus luctuosus,Cottonseed Bug,1,86
Insect,Libellulidae,Orthetrum serapia,Green Skimmer,1,95
Insect,Erebidae,Phaeophlebosia furcifera,Moth,1,77
Insect,Tortricidae,Strepsicrates macropetana,Moth,1,119
Insect,Geometridae,Crypsiphona tasmanica,,1,39
Insect,Pentatomidae,Ocirrhoe westwoodi,Shield Bug,1,63
Insect,Yponomeutidae,Prays parilis,,1,79
Insect,Oecophoridae,Philobota xiphostola,Concealer Moth,1,77
Insect,Scarabaeidae,Repsimus manicatus,,1,85
Insect,Yloryctidae,Cryptophasa rubescens,Concealer Moth,1,74
Insect,Sphingidae,Theretra oldenlandiae,,1,48
Insect,Geometridae,Chloroclystis pyrrholopha,,1,43
Insect,Geometridae,Hypomecis agoraea,Geometer Moth,1,53
Insect,Megachilidae,Megachile mystaceana,,1,69
Insect,Rhyparochromidae,Daerlac cephalotes,Seed Bug,1,112
Insect,Hesperiidae,Trapezites maheta,Northern Silver Ochre,1,99
Insect,Chrysopidae,Dictyochrysa peterseni,Species Of Green Lacewing,1,86
Insect,Coreidae,Pternistria bispina,,1,79
Insect,Cantharidae,Chauliognathus imperialis,,1,114
Insect,Curculionidae,Eutyrhinus meditabundus,,1,83
Insect,Erebidae,Halone prosenes,Moth,1,85
Insect,Gomphidae,Austrogomphus guerini,Yellow-striped Hunter,1,71
Insect,Erebidae,Tolpia conscitulana,,1,54
Insect,Nolidae,Nola hyalospila,,1,35
Insect,Geometridae,Poecilasthena scoliota,,1,45
Insect,Acrididae,Pycnostictus seriatus,,1,119
Insect,Argiolestidae,Griseargiolestes intermedius,Alpine Flatwing,1,59
Insect,Chrysomelidae,Cassida compuncta,,1,70
Insect,Lycaenidae,Theclinesthes miskini,Wattle Blue,1,113
Insect,Tortricidae,Glyphidoptera insignana,Leafroller Moth,1,65
Insect,Staphylinidae,Creophilus erythrocephalus,Devil's Coach-horse,1,64
Insect,Cicadidae,Yoyetta humphreyae,,1,61
Insect,Geometridae,Eccymatoge callizona,Geometer Moth,1,95
Insect,Trigonidiidae,Trigonidium albovittata,,1,41
Insect,Oecophoridae,Philobota arabella,Concealer Moth,1,110
Insect,Coenagrionidae,Austroagrion exclamationis,Northern Billabongfly,1,40
Insect,Thaumastocoridae,Thaumastocoris peregrinus,,1,63
Insect,Cicadidae,Telmapsalta hackeri,Paperbark Cicada,1,62
Insect,Noctuidae,Persectania dyscrita,Inland Armyworm,1,58
Insect,Dolichopodidae,Parentia vulgaris,,1,73
Insect,Tineidae,Opogona comptella,,1,69
Insect,Chathamiidae,Philanisus plebeius,,1,50
Insect,Carposinidae,Sosineura mimica,Fruitworm Moth,1,64
Insect,Aleyrodidae,Aleuroctarthrus destructor,Coconut Whitefly,1,76
Insect,Formicidae,Froggattella kirbii,Common Froglet Ant,1,57
Insect,Colletidae,Hylaeus euxanthus,Plasterer Bee,1,136
Insect,Lecithoceridae,Sarisophora leptoglypta,,1,31
Insect,Culicidae,Aedes alternans,Scotch Grey,1,67
Insect,Cicadidae,Glaucopsaltria viridis,Bottle Cicada,1,80
Insect,Oecophoridae,Eulechria acrotropa,,1,47
Insect,Geocoridae,Germalus victoriae,Big-eyed Bug,1,77
Insect,Crambidae,Neargyria argyraspis,,1,62
Insect,Libellulidae,Aethriamanta nymphaeae,L-spot Basker,1,68
Insect,Cucujidae,Platisus angusticollis,,1,69
Insect,Noctuidae,Proteuxoa capularis,Owlet Moth,1,118
Insect,Aeshnidae,Austroaeschna unicornis,Unicorn Darner,1,71
Insect,Depressariidae,Eutorna tricasis,Moth,1,75
Insect,Pentatomidae,Cuspicona thoracica,Shield Bug,1,89
Insect,Formicidae,Polyrhachis clio,,1,52
Insect,Coreidae,Amorbus rubiginosus,Leaf-footed Bug,1,127
Insect,Tenebrionidae,Dimorphochilus pascoei,,1,46
Insect,Formicidae,Polyrhachis tubifera,,1,60
Insect,Euteliidae,Targalla plumbea,Owlet Moth,1,47
Insect,Erebidae,Lithilaria proestans,Moth,1,39
Insect,Yloryctidae,Cryptophasa irrorata,Concealer Moth,1,102
Insect,Chrysomelidae,Paropsis variolosa,,1,86
Insect,Tineidae,Tinea pellionella,,1,76
Insect,Tipulidae,Leptotarsus humilis,Crane Fly,1,78
Insect,Noctuidae,Leucania stenographa,Sugarcane Armyworm,1,60
Insect,Oecophoridae,Cirrograpta sporadica,,1,30
Insect,Geometridae,Thalassodes pilaria,,1,62
Insect,Chrysomelidae,Calomela parilis,,1,89
Insect,Tineidae,Moerarchis clathrata,,1,53
Reptile,Carphodactylidae,Uvidicolus sphyrurus,Granite Belt Thick-tailed Gecko,1,13
Insect,Halictidae,Lasioglossum sphecodoides,,1,105
Insect,Acrididae,Oedaleus australis,Australian Oedaleus,1,145
Insect,Oecophoridae,Wingia aurata,Golden Leaf Moth,1,89
Insect,Hepialidae,Abantiades latipennis,Ghost Moth,1,24
Insect,Tettigoniidae,Requena baraya,,1,63
Insect,Erebidae,Dysgonia constricta,,1,53
Insect,Formicidae,Myrmecia nigriceps,Bullant,1,138
Insect,Braconidae,Cotesia glomerata,,1,63
Insect,Hepialidae,Fraus nanus,Ghost Moth,1,27
Insect,Coccinellidae,Micraspis furcifera,,1,77
Insect,Noctuidae,Eutrichopidia latinus,Owlet Moth,1,98
Insect,Pompilidae,Cryptocheilus australis,,1,66
Insect,Cantharidae,Chauliognathus sydneyanus,,1,67
Insect,Depressariidae,Agriophara cinerosa,Concealer Moth,1,48
Insect,Aphididae,Tuberolachnus salignus,Giant Willow Aphid,1,66
Insect,Tineidae,Tineola bisselliella,Moth,1,78
Insect,Scutelleridae,Coleotichus costatus,Shield Bug,1,84
Insect,Scarabaeidae,Phyllotocus rufipennis,,1,144
Insect,Blastobasidae,Blastobasis scotia,,1,55
Insect,Psychidae,Lepidoscia protorna,,1,78
Insect,Crambidae,Dichocrocis clytusalis,,1,74
Insect,Termitidae,Nasutitermes exitiosus,Snouted Termite,1,64
Insect,Tortricidae,Rupicolana orthias,,1,89
Insect,Noctuidae,Proteuxoa hydraecioides,Owlet Moth,1,61
Insect,Hesperiidae,Hesperilla donnysa,Varied Sedge-skipper,1,105
Insect,Chrysomelidae,Monolepta picticollis,,1,85
Insect,Oecophoridae,Syncometes vilis,,1,104
Insect,Aphididae,Uroleucon sonchi,,1,76
Insect,Cicadellidae,Tortor pulchra,,1,19
Insect,Pyralidae,Patagoniodes farinaria,,1,61
Insect,Pyralidae,Stericta carbonalis,,1,55
Insect,Isostictidae,Rhadinosticta simplex,Powdered Wiretail,1,93
Insect,Syrphidae,Melanostoma apicale,,1,61
Insect,Acrididae,Stenocatantops angustifrons,,1,58
Insect,Reduviidae,Havinthus rufovarius,Assassin Bug,1,101
Insect,Cerambycidae,Bethelium diversicorne,,1,94
Insect,Libellulidae,Pantala flavescens,Wandering Glider,1,87
Insect,Nepidae,Laccotrephes tristis,Water Scorpion,1,79
Insect,Nymphalidae,Acraea terpsicore,Tawny Coster,1,63
Insect,Erebidae,Anomis involuta,Moth,1,49
Insect,Oecophoridae,Barea codrella,Common Barea Moth,1,158
Insect,Bombyliidae,Anthrax proconcisus,Bee Fly,1,65
Insect,Cleridae,Scrobiger splendidus,,1,58
Insect,Pyralidae,Meyriccia latro,Grass Moth,1,75
Insect,Sarcophagidae,Oxysarcodexia varia,Striped Dung Fly,1,76
Insect,Geometridae,Paralaea beggaria,Peppermint Looper,1,84
Insect,Geometridae,Thalaina angulosa,Angled Satin Moth,1,81
Insect,Tenebrionidae,Chalcopteroides columbinus,,1,135
Insect,Reduviidae,Brachysandalus fuliginosus,,1,45
Insect,Cicadidae,Yoyetta darug,,1,59
Insect,Depressariidae,Peritropha oligodrachma,Moth,1,55
Insect,Formicidae,Podomyrma adelaidae,Muscleman Ant,1,66
Insect,Crambidae,Syntonarcha iriastis,,1,80
Insect,Crambidae,Sameodes cancellalis,,1,70
Insect,Formicidae,Tetramorium simillimum,,1,57
Insect,Hesperiidae,Cephrenes trichopepla,Yellow Palm-dart,1,76
Insect,Tingidae,Froggattia olivinia,Olive Lace Bug,1,73
Insect,Erebidae,Dysgonia hamatilis,,1,55
Insect,Formicidae,Rhytidoponera impressa,,1,56
Insect,Oecophoridae,Acantholena siccella,Concealer Moth,1,52
Insect,Hesperiidae,Taractrocera ina,No-brand Grass-dart,1,43
Insect,Pieridae,Cepora perimale,Caper Gull,1,154
Insect,Rhiniidae,Stomorhina discolor,,1,107
Insect,Spongiphoridae,Nesogaster halli,,1,53
Insect,Scarabaeidae,Diaphonia xanthopyga,,1,68
Insect,Noctuidae,Mythimna reversa,,1,42
Insect,Noctuidae,Thoracolopha flexirena,,1,83
Insect,Bibionidae,Plecia dimidiata,Fly,1,79
Insect,Pseudococcidae,Pseudococcus longispinus,Long Tailed Mealybug,1,50
Insect,Phasmatidae,Extatosoma tiaratum,,1,63
Insect,Nolidae,Nycteola polycyma,Moth,1,42
Insect,Geometridae,Anachloris uncinata,Geometer Moth,1,117
Insect,Lycidae,Porrostoma laterale,,1,49
Insect,Coreidae,Amblypelta lutescens,Fruit Spotting Bug - Adult,1,67
Insect,Dermestidae,Eurhopalus froggatti,,1,75
Insect,Geometridae,Mixocera latilineata,,1,39
Insect,Curculionidae,Catasarcus spinipennis,,1,82
Insect,Oecophoridae,Callithauma callianthes,Concealer Moth,1,77
Insect,Ichneumonidae,Dicamptus fuscicornis,,1,82
Insect,Reduviidae,Gminatus wallengreni,,1,63
Insect,Drosophilidae,Drosophila immigrans,Fruit Fly,1,60
Insect,Coreidae,Pomponatius luridus,,1,54
Insect,Nymphalidae,Hypocysta pseudirius,Grey Ringlet,1,123
Insect,Oecophoridae,Piloprepes anassa,Concealer Moth,1,43
Insect,Halictidae,Lipotriches muscosa,,1,61
Insect,Coccidae,Pulvinaria mesembryanthemi,Iceplant Scale,1,69
Insect,Trichoceridae,Trichocera annulata,Winter Crane Fly,1,67
Insect,Geometridae,Gymnoscelis ischnophylla,,1,33
Insect,Crambidae,Palpita austrounionalis,,1,63
Insect,Vespidae,Vespula vulgaris,Common Wasp,1,64
Insect,Carabidae,Calosoma schayeri,Green Carab Beetle,1,85
Insect,Pseudophyllodromiidae,Balta hebardi,,1,62
Insect,Lycaenidae,Paralucia aurifera,Bright Copper,1,66
Insect,Nolidae,Etanna clopaea,,1,77
Insect,Tettigoniidae,Ephippitytha froggatti,,1,60
Insect,Aphalaridae,Spondyliaspis plicatuloides,Psyllid Bug,1,75
Insect,Chrysomelidae,Paropsisterna fastidiosa,,1,128
Insect,Anthelidae,Nataxa flavescens,Yellow-headed Anthelid Moth,1,73
Insect,Culicidae,Mansonia uniformis,Mosquito,1,42
Insect,Geometridae,Smyriodes aplectaria,Geometer Moth,1,27
Insect,Cicadidae,Gelidea torrida,Cicada,1,67
Insect,Chaoboridae,Chaoborus ornatipennis,Phantom Midge,1,53
Insect,Curculionidae,Sitona discoideus,Sitona Weevil,1,89
Insect,Nolidae,Negeta contrariata,,1,27
Insect,Gracillariidae,Phyllocnistis citrella,,1,73
Insect,Carsidaridae,Mycopsylla fici,,1,83
Insect,Acanthosomatidae,Eupolemus angularis,Shield Bug,1,54
Insect,Oecophoridae,Heteroteucha dichroella,Concealer Moth,1,50
Insect,Erebidae,Scaphidriotis xylogramma,,1,35
Insect,Psocidae,Sigmatoneura formosa,,1,90
Insect,Anthelidae,Anthela repleta,Lappet Moth,1,64
Insect,Noctuidae,Ectopatria horologa,Owlet Moth,1,94
Insect,Cicadidae,Pauropsalta mneme,Ticker,1,68
Insect,Erebidae,Asura bipars,,1,38
Insect,Hesperiidae,Hasora chromus,Common Banded Awl,1,92
Insect,Acrididae,Aiolopus thalassinus,,1,57
Insect,Tenebrionidae,Ecnolagria aurofasciata,,1,40
Insect,Formicidae,Dolichoderus ypsilon,,1,54
Insect,Tineidae,Monopis ethelella,Black Monopis Moth,1,71
Insect,Reduviidae,Scipinia arenacea,,1,65
Insect,Asilidae,Dolopus rubrithorax,Robber Fly,1,41
Insect,Pentatomidae,Amyotea hamata,,1,47
Insect,Cerambycidae,Phoracantha recurva,,1,73
Insect,Papilionidae,Graphium macleayanum,Macleay's Swallowtail,1,82
Insect,Geometridae,Hypobapta diffundens,Geometer Moth,1,116
Insect,Geometridae,Chaetolopha niphosticha,Geometer Moth,1,25
Insect,Pergidae,Pergagrapta polita,Sawfly,1,39
Insect,Reduviidae,Piestolestes obscurus,Assassin Bug,1,65
Insect,Geometridae,Scioglyptis loxographa,Geometer Moth,1,55
Insect,Cossidae,Endoxyla encalypti,Carpenter Moth,1,105
Insect,Mordellidae,Hoshihananomia leucosticta,,1,102
Insect,Formicidae,Myrmecia gilberti,Bull Ant,1,46
Insect,Formicidae,Meranoplus froggatti,False Tirtle Ant,1,27
Insect,Acrididae,Goniaea opomaloides,Mimetic Gumleaf Grasshopper,1,87
Insect,Noctuidae,Proteuxoa porphyrescens,Owlet Moth,1,80
Insect,Staphylinidae,Paederus cruenticollis,,1,63
Insect,Nolidae,Nola pleurochorda,,1,37
Insect,Geometridae,Rhinodia rostraria,Geometer Moth,1,83
Insect,Cercopidae,Amarusa australis,,1,21
Insect,Hesperiidae,Trapezites eliena,Eliena Skipper,1,138
Insect,Chrysomelidae,Paropsis ornata,,1,55
Insect,Formicidae,Polyrhachis erato,,1,86
Insect,Tineidae,Opogona stereodyta,Fungus Moth,1,43
Insect,Eurybrachidae,Hackerobrachys viridiventris,,1,62
Insect,Geometridae,Aeolochroma hypochromaria,,1,73
Insect,Tortricidae,Cydia pomonella,Codling Moth,1,105
Insect,Noctuidae,Fascionycta fasciata,,1,33
Insect,Geometridae,Syneora lithina,,1,72
Insect,Ichneumonidae,Xanthocryptus novazealandicus,,1,66
Insect,Bombyliidae,Villa fuscicostata,Bee Fly,1,67
Insect,Miridae,Pseudopantilius australis,Plant Bug,1,80
Insect,Crambidae,Antigastra catalaunalis,,1,64
Insect,Megachilidae,Megachile punctata,,1,57
Insect,Geometridae,Cernia amyclaria,,1,40
Insect,Tipulidae,Ischnotoma eburnea,Crane Fly,1,82
Insect,Lasiocampidae,Porela delineata,Lappet Moth,1,97
Insect,Cicadellidae,Stenocotis depressa,Black Flat-head Leafhopper,1,186
Insect,Pentatomidae,Kapunda troughtoni,Variable Shield Bug,1,89
Insect,Rhyparochromidae,Dieuches maculicollis,Seed Bug,1,67
Insect,Cerambycidae,Chlorophorus curtisi,,1,41
Insect,Scarabaeidae,Chlorobapta frontalis,,1,49
Insect,Buprestidae,Castiarina octomaculata,,1,64
Insect,Tortricidae,Goboea copiosana,,1,27
Insect,Erebidae,Lymantria antennata,,1,29
Insect,Nymphalidae,Heteronympha paradelpha,Spotted Brown,1,66
Insect,Eriococcidae,Apiomorpha conica,Felt Scale Insect,1,56
Insect,Syrphidae,Ischiodon scutellaris,Common Hover Fly,1,62
Insect,Lestidae,Austrolestes psyche,Cup Ringtail,1,42
Insect,Pentatomidae,Aspideurus flavescens,,1,63
Insect,Vespidae,Delta latreillei,Wasp,1,57
Reptile,Scincidae,Cryptoblepharus plagiocephalus,Péron's Snake-eyed Skink,1,12
Insect,Curculionidae,Acalonoma pusillum,,1,66
Insect,Erebidae,Halone coryphoea,Moth,1,162
Insect,Curculionidae,Gonipterus scutellatus,Eucalyptus Weevil,1,138
Insect,Euteliidae,Chlumetia transversa,,1,37
Insect,Gelechiidae,Dichomeris capnites,,1,46
Insect,Erebidae,Trigonodes hyppasia,Chaciope Deliana Moth,1,79
Reptile,Elapidae,Hemiaspis damelii,Grey Snake,1,11
Insect,Cerambycidae,Tessaromma undatum,Velvet Eucalypt Longhorn,1,87
Insect,Lauxaniidae,Rhagadolyra magnicornis,Acalyptrate Fly,1,87
Insect,Rhiniidae,Stomorhina subapicalis,Blow Fly,1,94
Insect,Geometridae,Dichromodes usurpatrix,,1,47
Insect,Reduviidae,Ectomocoris ornatus,Assassin Bug,1,50
Insect,Geometridae,Ectropis bhurmitra,,1,28
Insect,Geometridae,Gymnoscelis derogata,,1,33
Insect,Hepialidae,Oxycanus rufescens,Ghost Moth,1,30
Insect,Blattidae,Methana soror,,1,57
Insect,Colletidae,Hylaeus quadriceps,Plasterer Bee,1,71
Insect,Cosmopterigidae,Macrobathra alternatella,,1,24
Insect,Depressariidae,Enchocrates glaucopis,Moth,1,59
Insect,Tortricidae,Tarachota mersana,,1,53
Insect,Yloryctidae,Tymbophora peltastis,Concealer Moth,1,91
Insect,Colletidae,Hylaeus alcyoneus,Species Of Yellowfaced Bee,1,70
Insect,Limacodidae,Pseudanapaea denotata,,1,53
Insect,Belidae,Rhinotia brunnea,,1,37
Insect,Noctuidae,Spodoptera umbraculata,,1,46
Insect,Miridae,Zanessa rubrovariegata,Plant Bug,1,64
Insect,Gelechiidae,Stegasta variana,,1,53
Insect,Nymphalidae,Mycalesis perseus,Dingy Bush-brown,1,52
Insect,Cicadidae,Popplepsalta annulata,,1,50
Insect,Chrysomelidae,Phyllocharis cyanicornis,,1,59
Insect,Chrysomelidae,Paropsisterna intacta,,1,65
Insect,Eulophidae,Leptocybe invasa,,1,87
Insect,Crambidae,Agathodes ostentalis,,1,66
Insect,Noctuidae,Chasmina pulchra,Owlet Moth,1,72
Insect,Erebidae,Arrade destituta,Cryptic Snout Moth,1,84
Insect,Dolichopodidae,Heteropsilopus squamifer,,1,37
Insect,Curculionidae,Eurymetopus birabeni,,1,80
Insect,Cerambycidae,Rhinophthalmus nasutus,,1,72
Insect,Tiphiidae,Catocheilus apterus,Wasp,1,65
Insect,Cerambycidae,Coptocercus biguttatus,,1,44
Insect,Aeshnidae,Anaciaeschna jaspidea,Australasian Duskhawker,1,44
Insect,Noctuidae,Condica aroana,,1,58
Insect,Chrysomelidae,Calomela pulchella,,1,63
Insect,Crambidae,Eudonia protorthra,Grass Moth,1,62
Insect,Lauxaniidae,Depressa albicosta,,1,70
Insect,Tineidae,Edosa fraudulens,Fungus Moth,1,84
Insect,Asilidae,Zosteria rosevillensis,Robber Fly,1,100
Insect,Cerambycidae,Phoracantha synonyma,Eucalypt Longicorn,1,50
Insect,Hesperiidae,Pelopidas agna,Dingy Swift,1,67
Insect,Nitidulidae,Aethina concolor,,1,55
Insect,Pentatomidae,Paradictyotus fuscus,Shield Bug,1,39
Insect,Depressariidae,Agriophara plagiosema,,1,30
Insect,Chrysomelidae,Calomela juncta,,1,163
Insect,Erebidae,Lambula pristina,,1,27
Insect,Braconidae,Callibracon capitator,Parasitoid Wasp,1,61
Insect,Tenthredinidae,Caliroa cerasi,Pear And Cherry Slug,1,117
Insect,Oecophoridae,Tortricopsis euryphanella,Concealer Moth,1,65
Insect,Bittacidae,Harpobittacus nigriceps,Scorpionfly,1,35
Insect,Oecophoridae,Lophopepla igniferella,,1,18
Insect,Nolidae,Ochthophora sericina,,1,20
Insect,Buprestidae,Castiarina erythroptera,,1,97
Insect,Nymphalidae,Junonia orithya,Blue Argus,1,48
Insect,Chrysomelidae,Arsipoda chrysis,,1,70
Insect,Crambidae,Elophila responsalis,Grass Moth,1,58
Insect,Cosmopterigidae,Macrobathra bigerella,,1,84
Insect,Curculionidae,Rhinocyllus conicus,Thistle Seedhead Weevil,1,82
Insect,Psychodidae,Rotundopteryx illustrata,,1,30
Insect,Pyralidae,Assara subarcuella,,1,59
Insect,Blattellidae,Neotemnopteryx fulva,Cockroach,1,47
Insect,Crambidae,Lamprophaia ablactalis,,1,46
Insect,Muscidae,Stomoxys calcitrans,Stable Fly,1,55
Insect,Geometridae,Nisista serrata,Geometer Moth,1,56
Insect,Vespidae,Rhynchium superbum,,1,42
Insect,Crambidae,Haritalodes derogata,,1,44
Insect,Morabidae,Vandiemenella viatica,Grasshopper,1,51
Insect,Formicidae,Rhytidoponera chalybaea,,1,43
Insect,Crambidae,Achyra massalis,,1,60
Insect,Cosmopterigidae,Cosmopterix macrula,,1,31
Insect,Geometridae,Chrysolarentia subrectaria,Geometer Moth,1,44
Insect,Formicidae,Podomyrma micans,,1,46
Insect,Geometridae,Chrysolarentia phaedra,Geometer Moth,1,49
Insect,Acrididae,Gesonula mundata,,1,40
Insect,Syrphidae,Eupeodes confrater,,1,61
Insect,Pyralidae,Stericta concisella,,1,35
Reptile,Scincidae,Carlia tetradactyla,Southern Rainbow-skink,1,10
Insect,Hybotidae,Hoplopeza pulcherrima,,1,35
Insect,Oecophoridae,Barea melanodelta,Concealer Moth,1,52
Insect,Oecophoridae,Euchaetis inceptella,Concealer Moth,1,65
Insect,Nolidae,Maceda mansueta,,1,18
Insect,Yloryctidae,Leistarcha scitissimella,Concealer Moth,1,50
Insect,Colletidae,Amphylaeus obscuriceps,Plasterer Bee,1,54
Insect,Cerambycidae,Coptocercus aberrans,,1,90
Insect,Geometridae,Dichromodes stilbiata,Geometer Moth,1,64
Insect,Zygaenidae,Myrtartona coronias,Forester Moth,1,53
Insect,Geometridae,Chloroclystis metallospora,,1,47
Insect,Lecithoceridae,Crocanthes glycina,Long-horned Moth,1,37
Insect,Oecophoridae,Bathrosterra calotropha,,1,33
Insect,Halictidae,Lasioglossum dotatum,,1,57
Insect,Pseudophyllodromiidae,Ellipsidion reticulatum,Cockroach,1,65
Insect,Yloryctidae,Scieropepla polyxesta,Concealer Moth,1,46
Insect,Gelechiidae,Ardozyga catarrhacta,,1,32
Insect,Reduviidae,Nyllius australicus,Assassin Bug,1,33
Insect,Cosmopterigidae,Limnaecia cirrhosema,,1,49
Insect,Geometridae,Cryphaea xylina,Geometer Moth,1,112
Insect,Yloryctidae,Cryptophasa epadelpha,,1,40
Insect,Lygaeidae,Arocatus aenescens,,1,30
Insect,Tineidae,Opogona protodoxa,Fungus Moth,1,30
Insect,Oecophoridae,Barea eucapnodes,,1,40
Insect,Tephritidae,Euribia stylata,,1,86
Insect,Megachilidae,Megachile chrysopyga,Bee,1,76
Insect,Cicadellidae,Eurymeloides adspersa,Leafhopper,1,80
Insect,Pieridae,Elodina angulipennis,Common Pearl White,1,104
Insect,Gracillariidae,Phyllocnistis diaugella,,1,42
Insect,Myrmeleontidae,Bandidus canifrons,,1,81
Insect,Limoniidae,Epiphragma hardyi,Crane Fly,1,22
Insect,Erebidae,Amphiongia chordophoides,,1,47
Insect,Oecophoridae,Prionocris protoxantha,,1,42
Insect,Erebidae,Achaea serva,,1,35
Insect,Geometridae,Austroterpna paratorna,Geometer Moth,1,85
Insect,Hesperiidae,Mesodina halyzia,Halyzia Skipper,1,57
Insect,Erebidae,Sandava xylistis,Owlet Moth,1,109
Insect,Yloryctidae,Lichenaula arisema,Concealer Moth,1,62
Insect,Formicidae,Opisthopsis pictus,,1,49
Insect,Oecophoridae,Heteroteucha anthodora,Concealer Moth,1,40
Insect,Tortricidae,Dudua phyllanthana,,1,28
Insect,Miridae,Rayieria basifer,Plant Bug,1,120
Insect,Noctuidae,Heliothis punctifera,Owlet Moth,1,67
Insect,Melyridae,Carphurus cyanopterus,,1,55
Insect,Nymphalidae,Euploea darchia,Small Brown Crow,1,61
Insect,Chrysomelidae,Oides dorsosignata,,1,39
Insect,Geometridae,Catoria camelaria,,1,47
Insect,Formicidae,Myrmecia queenslandica,Bull Ant,1,30
Insect,Erebidae,Eressa geographica,,1,62
Insect,Erotylidae,Episcaphula australis,,1,70
Insect,Geometridae,Polyacme dissimilis,,1,18
Insect,Colletidae,Hylaeus honestus,Species Of Yellowfaced Bee,1,73
Insect,Notodontidae,Hylaeora capucina,Moth,1,38
Insect,Pseudophyllodromiidae,Ellipsidion bicolor,,1,24
Insect,Tachinidae,Trigonospila brevifacies,Australian Leafroller Tachinid,1,62
Insect,Erebidae,Parilyrgis concolor,,1,44
Insect,Oecophoridae,Chrysonoma fascialis,Concealer Moth,1,71
Insect,Cosmopterigidae,Pyroderces mesoptila,,1,19
Insect,Geometridae,Dichromodes limosa,,1,27
Insect,Noctuidae,Thysanoplusia orichalcea,Soybean Looper Moth,1,46
Insect,Erebidae,Erebus terminitincta,,1,54
Insect,Culicidae,Culex annulirostris,Common Banded Mosquito,1,37
Insect,Oecophoridae,Hoplomorpha abalienella,Concealer Moth,1,37
Insect,Acrididae,Percassa rugifrons,Mountain Grasshopper,1,43
Insect,Formicidae,Amblyopone australis,Ant,1,65
Insect,Adelidae,Nemophora laurella,Fairy Longhorn Moth,1,53
Insect,Hesperiidae,Toxidia doubledayi,Doubleday's Skipper,1,44
Insect,Calliphoridae,Calliphora dubia,Blow Fly,1,50
Insect,Buprestidae,Castiarina punctatosulcata,,1,39
Insect,Geometridae,Microdes squamulata,Dark Grey Flat Moth,1,122
Insect,Oecophoridae,Eulechria basiplaga,,1,32
Insect,Crambidae,Conogethes punctiferalis,,1,43
Insect,Geometridae,Scopula lydia,Geometer Moth,1,30
Insect,Tenebrionidae,Lepturidea deplanchei,,1,32
Insect,Coccinellidae,Micraspis lineola,,1,42
Insect,Noctuidae,Mythimna decisissima,,1,16
Insect,Culicidae,Coquillettidia linealis,Mosquito,1,41
Insect,Chrysomelidae,Altica corrusca,,1,84
Insect,Oecophoridae,Philobota humerella,,1,23
Insect,Gracillariidae,Epicephala trigonophora,,1,32
Insect,Cerambycidae,Obrida fascialis,,1,66
Insect,Tortricidae,Anisogona simana,,1,56
Insect,Gelechiidae,Ardozyga nyctias,Twirler Moth,1,33
Insect,Tortricidae,Lobesia xylistis,,1,34
Insect,Geometridae,Aeolochroma quadrilinea,,1,42
Insect,Cerambycidae,Rhytiphora nigrovirens,Beetle,1,68
Insect,Coreidae,Mictis caja,,1,71
Insect,Cicadellidae,Eurymeloides lineata,Leafhopper,1,86
Insect,Mordellidae,Mordella novemmaculata,,1,36
Insect,Tortricidae,Loboschiza koenigiana,,1,26
Insect,Geometridae,Chloroclystis embolocosma,,1,22
Insect,Cosmopterigidae,Limnaecia cirrhozona,,1,25
Insect,Oecophoridae,Barea anerasta,,1,21
Insect,Diaspididae,Maskellia globosa,,1,41
Insect,Formicidae,Dolichoderus scabridus,Dolly Ant,1,67
Reptile,Elapidae,Pseudechis guttatus,Blue-bellied Black Snake,1,9
Insect,Cicadellidae,Neovulturnus hackeri,,1,64
Insect,Stratiomyidae,Inopus rubriceps,,1,93
Insect,Termopsidae,Porotermes adamsoni,Dampwood Termite,1,69
Insect,Formicidae,Notoncus ectatommoides,Pronged Epaulet Ant,1,69
Insect,Hemerobiidae,Psectra nakaharai,Brown Lacewing,1,84
Insect,Pentatomidae,Morna florens,Shield Bug,1,47
Insect,Tineidae,Erechthias zebrina,,1,21
Insect,Nolidae,Etanna breviuscula,,1,40
Insect,Geometridae,Chlenias auctaria,Chlenias Moth,1,96
Insect,Tachinidae,Rutilia vivipara,Horse Fly,1,31
Insect,Halictidae,Lasioglossum calophyllae,Sweat Bee,1,32
Insect,Chrysomelidae,Lema bilineata,,1,25
Insect,Lonchodidae,Paracandovia peridromes,Sydney Stick-insect,1,52
Insect,Nolidae,Nola pleurosema,Tuft Moth,1,61
Insect,Nanaomantidae,Metoxypilus lobifrons,,1,40
Insect,Tenebrionidae,Leiochrodes suturalis,,1,28
Insect,Hesperiidae,Borbo impar,Yellow Rice Swift,1,28
Insect,Coenagrionidae,Pseudagrion cingillum,Northern Riverdamsel,1,37
Insect,Hepialidae,Abantiades labyrinthicus,Ghost Moth,1,39
Insect,Erebidae,Trigonistis demonias,Owlet Moth,1,16
Insect,Beesoniidae,Beesonia ferrugineus,,1,48
Insect,Cicadidae,Palapsalta circumdata,,1,39
Insect,Buprestidae,Diphucrania duodecimmaculata,,1,59
Insect,Kalotermitidae,Neotermes insularis,Ringant Termite,1,22
Insect,Geometridae,Mictodoca toxeuta,Geometer Moth,1,33
Insect,Megachilidae,Megachile deanii,,1,38
Insect,Scarabaeidae,Anoplognathus boisduvalii,,1,57
Insect,Cerambycidae,Disterna plumifera,,1,49
Insect,Tephritidae,Dirioxa pornia,,1,56
Insect,Zygaenidae,Pollanisus cupreus,,1,39
Insect,Elateridae,Dicteniophorus ramifer,,1,55
Insect,Geometridae,Prasinocyma albicosta,,1,27
Insect,Erebidae,Pantydia diemeni,Owlet Moth,1,87
Insect,Lasiocampidae,Pararguda rufescens,Lappet Moth,1,37
Insect,Crambidae,Haritalodes obliqualis,,1,46
Insect,Depressariidae,Hypertropha chlaenota,Moth,1,71
Insect,Heteromyzidae,Diplogeomyza diaphora,Fly,1,42
Insect,Cecidomyiidae,Trigonomyia ananas,,1,37
Insect,Lycaenidae,Jalmenus ictinus,Stencilled Hairstreak,1,159
Insect,Depressariidae,Eupselia beatella,,1,54
Insect,Cicadellidae,Australnirvana adelaideae,,1,19
Insect,Acrididae,Tasmaniacris tasmaniensis,Tasmanian Grasshopper,1,20
Insect,Lygaeidae,Spilostethus pacificus,Bug,1,44
Insect,Tessaratomidae,Stilida indecora,,1,42
Insect,Belidae,Rhinotia suturalis,Tailed Weevil,1,81
Insect,Scarabaeidae,Onthophagus dandalu,,1,38
Insect,Geometridae,Acodia pauper,Geometer Moth,1,34
Insect,Geometridae,Onycodes rubra,,1,30
Insect,Chrysomelidae,Aspidimorpha westwoodi,,1,44
Insect,Depressariidae,Eupselia carpocapsella,Common Eupselia Moth,1,45
Insect,Halictidae,Lipotriches ferricauda,,1,46
Insect,Curculionidae,Rhinaria granulosa,,1,35
Insect,Lecithoceridae,Sarisophora leucoscia,,1,19
Insect,Hemerobiidae,Psychobiella sordida,,1,50
Insect,Crambidae,Ischnurges illustralis,,1,36
Insect,Hesperiidae,Ocybadistes ardea,Dark Orange Dart,1,49
Insect,Muscidae,Helinomydaea fuscoflava,,1,39
Insect,Cicadidae,Haemopsalta aktites,,1,29
Insect,Tortricidae,Dudua aprobola,,1,56
Insect,Tortricidae,Epiblema strenuana,,1,32
Insect,Curculionidae,Euthyphasis acuta,,1,41
Insect,Erebidae,Ercheia dubia,,1,15
Insect,Gryllotalpidae,Gryllotalpa pluvialis,,1,60
Insect,Erebidae,Dasypodia cymatodes,Northern Brown House Moth,1,70
Insect,Colletidae,Euryglossa ephippiata,Plasterer Bee,1,90
Insect,Oecophoridae,Eusemocosma pruinosa,Concealer Moth,1,104
Insect,Formicidae,Polyrhachis semiaurata,Ant,1,48
Insect,Erebidae,Philenora elegans,Moth,1,40
Insect,Chrysomelidae,Chrysolina hyperici,St John's Wort Leaf Beetle,1,46
Insect,Erebidae,Argina astrea,,1,42
Insect,Chrysomelidae,Paropsisterna nobilitata,Noble Eucalyptus Leaf Beetle,1,30
Insect,Acrididae,Heteropternis obscurella,,1,69
Insect,Buprestidae,Castiarina pallidiventris,,1,48
Insect,Miridae,Austromiris viridissimus,Plant Bug,1,47
Insect,Oecophoridae,Scatochresis episema,Concealer Moth,1,51
Insect,Noctuidae,Tiracola plagiata,,1,34
Insect,Erebidae,Lambula obliquilinea,,1,21
Insect,Crambidae,Palpita margaritacea,,1,41
Insect,Gelechiidae,Ardozyga sodalisella,,1,52
Insect,Cerambycidae,Rhytiphora decipiens,,1,49
Insect,Depressariidae,Phylomictis maligna,Concealer Moth,1,64
Insect,Geometridae,Phrataria transcissata,Geometer Moth,1,24
Insect,Pentatomidae,Poecilometis australasiae,Shield Bug,1,49
Insect,Mantidae,Trachymantis dentifrons,,1,38
Insect,Chrysomelidae,Aporocera viridis,,1,54
Insect,Noctuidae,Leucania abdominalis,,1,30
Insect,Chrysomelidae,Aulacophora hilaris,Pumpkin Beetle,1,72
Insect,Heteromyzidae,Tapeigaster brunneifrons,Fly,1,38
Insect,Pyralidae,Aglossa caprealis,,1,29
Insect,Reduviidae,Ptilocnemus lemur,Assassin Bug,1,35
Insect,Lycaenidae,Euchrysops cnejus,Five-spotted Pea-blue,1,45
Insect,Colletidae,Leioproctus amabilis,Plasterer Bee,1,46
Insect,Crambidae,Glyphodes microta,,1,33
Insect,Erebidae,Termessa nivosa,Moth,1,70
Insect,Coenagrionidae,Ischnura pruinescens,Colourful Bluetail,1,59
Insect,Geometridae,Traminda rubra,,1,43
Insect,Hesperiidae,Trapezites phigalioides,Montane Ochre,1,43
Insect,Cleridae,Eleale aspera,,1,71
Insect,Stratiomyidae,Odontomyia opertanea,,1,44
Insect,Tenebrionidae,Amarygmus picicornis,,1,34
Insect,Lycaenidae,Candalides heathi,Rayed Blue,1,55
Reptile,Diplodactylidae,Diplodactylus platyurus,Eastern Fat-tailed Gecko,1,8
Insect,Hepialidae,Aenetus eximia,Common Ghost Moth,1,61
Insect,Tettigoniidae,Phasmodes ranatriformis,,1,36
Insect,Oecophoridae,Psaroxantha calligenes,Concealer Moth,1,71
Insect,Nolidae,Earias smaragdina,,1,53
Insect,Heteromyzidae,Diplogeomyza maculipennis,Fly,1,16
Insect,Erebidae,Loxioda hampsoni,,1,23
Insect,Miridae,Trilaccus nigroruber,,1,24
Insect,Tortricidae,Arotrophora arcuatalis,Moth,1,51
Insect,Megachilidae,Megachile serricauda,Bee,1,71
Insect,Coccinellidae,Rhyzobius lophanthae,,1,31
Insect,Chrysomelidae,Hispellinus multispinosus,,1,55
Insect,Oecophoridae,Garrha idiosema,Concealer Moth,1,69
Insect,Noctuidae,Hecatesia fenestrata,Common Whistling Moth,1,65
Insect,Tenebrionidae,Ecnolagria tomentosa,,1,55
Insect,Crambidae,Scoparia ochrophara,,1,30
Insect,Geometridae,Chlorocoma carenaria,Geometer Moth,1,27
Insect,Curculionidae,Oxyops fasciatus,,1,35
Insect,Carposinidae,Bondia nigella,,1,46
Insect,Hepialidae,Aenetus ligniveren,Common Splendid Ghost Moth,1,66
Insect,Crambidae,Ptochostola microphaeellus,,1,46
Insect,Crambidae,Musotima nitidalis,Grass Moth,1,45
Insect,Pentatomidae,Cuspicona privata,Shield Bug,1,32
Insect,Lauxaniidae,Depressa striatipennis,Acalyptrate Fly,1,59
Insect,Formicidae,Opisthopsis haddoni,,1,48
Insect,Scarabaeidae,Cheiroplatys bifossus,,1,62
Insect,Calliphoridae,Chrysomya rufifacies,Hairy Maggot Blowfly,1,41
Insect,Erebidae,Crioa hades,Owlet Moth,1,40
Insect,Ethmiidae,Ethmia clytodoxa,,1,37
Insect,Acrididae,Goniaea vocans,Slender Gumleaf Grasshopper,1,39
Insect,Pyralidae,Galleria mellonella,Greater Wax Moth,1,49
Insect,Aphalaridae,Creiis costatus,,1,76
Insect,Megachilidae,Megachile nigrovittata,,1,33
Insect,Lygaeidae,Nysius caledoniae,Grey Cluster Bug,1,42
Insect,Colletidae,Hylaeus elegans,Plasterer Bee,1,28
Insect,Bombyliidae,Anthrax incomptus,Bee Fly,1,52
Insect,Coenagrionidae,Pseudagrion ignifer,Flame-headed Riverdamsel,1,57
Insect,Tortricidae,Isochorista ranulana,,1,43
Insect,Colletidae,Hylaeus primulipictus,,1,59
Insect,Scarabaeidae,Phyllotocus scutellaris,,1,50
Insect,Erebidae,Mocis alterna,Bean Looper Moth,1,51
Insect,Buprestidae,Castiarina simulata,,1,44
Insect,Aradidae,Neuroctenus grandis,Flat Bug,1,37
Insect,Geometridae,Lipogya exprimataria,Geometer Moth,1,65
Insect,Geometridae,Sauris malaca,,1,42
Insect,Erotylidae,Thallis compta,,1,52
Insect,Erebidae,Cyme structa,,1,54
Insect,Formicidae,Myrmecia mandibularis,Toothless Bull Ant,1,52
Insect,Ichneumonidae,Eriostethus perkinsi,,1,39
Insect,Syrphidae,Xylota flavitarsis,Hover Fly,1,47
Insect,Coreidae,Gelonus tasmanicus,Leaf-footed Bug,1,57
Insect,Belidae,Rhinotia haemoptera,Slender Red Weevil,1,67
Insect,Noctuidae,Callopistria maillardi,,1,50
Insect,Formicidae,Leptomyrmex rufipes,,1,67
Insect,Coniopterygidae,Coniopteryx maculithorax,,1,61
Insect,Sphingidae,Coequosa australasiae,Hawk Moth,1,85
Insect,Oecophoridae,Euchaetis metallota,Concealer Moth,1,72
Insect,Ascalaphidae,Suhpalacsa subtrahens,,1,31
Insect,Erebidae,Hectobrocha pentacyma,Moth,1,47
Insect,Delphacidae,Sardia rostrata,,1,31
Insect,Crambidae,Tetracona amathealis,,1,48
Insect,Tiphiidae,Neozeleboria cryptoides,,1,35
Insect,Erebidae,Calathusa basicunea,,1,30
Insect,Crambidae,Parapoynx polydectalis,Grass Moth,1,26
Insect,Geometridae,Planolocha autoptis,Geometer Moth,1,25
Insect,Bombyliidae,Anthrax dolabratus,Bee Fly,1,54
Insect,Chrysomelidae,Sphaeroderma baldiense,,1,41
Insect,Noctuidae,Mataeomera coccophaga,Owlet Moth,1,50
Insect,Miridae,Hyalopeplus loriae,,1,42
Insect,Carabidae,Sarothrocrepis civica,,1,61
Insect,Calamoceratidae,Anisocentropus latifascia,Caddisfly,1,26
Insect,Chrysomelidae,Arsipoda holomelaena,,1,32
Insect,Scarabaeidae,Chondropyga gulosa,,1,35
Insect,Hepialidae,Oxycanus silvanus,Ghost Moth,1,84
Insect,Vespidae,Australozethus tasmaniensis,Wasp,1,18
Insect,Depressariidae,Eupselia melanostrepta,Moth,1,28
Insect,Halictidae,Lasioglossum brisbanense,,1,25
Insect,Anthelidae,Pterolocera amplicornis,Lappet Moth,1,16
Insect,Gracillariidae,Acrocercops didymella,,1,37
Insect,Stathmopodidae,Stathmopoda tritophaea,,1,22
Insect,Cosmopterigidae,Macrobathra platychroa,Cosmet Moth,1,33
Insect,Cecidomyiidae,Dactylasioptera milnae,,1,60
Insect,Coccinellidae,Serangium maculigerum,,1,74
Insect,Dytiscidae,Onychohydrus scutellaris,Diving Beetle,1,26
Insect,Geometridae,Dysbatus stenodesma,Geometer Moth,1,47
Insect,Formicidae,Camponotus chalceus,,1,70
Insect,Dolichopodidae,Amblypsilopus zonatus,,1,24
Insect,Pieridae,Elodina walkeri,Small Pearl-white,1,49
Insect,Pyralidae,Salma pyrastis,Grass Moth,1,44
Insect,Crambidae,Tatobotys janapalis,,1,26
Insect,Gelechiidae,Symmetrischema tangolias,Tomato Stemborer,1,32
Insect,Coniopterygidae,Cryptoscenea australiensis,,1,11
Insect,Nolidae,Nola crucigera,Tuft Moth,1,33
Insect,Erebidae,Hypena laceratalis,,1,30
Insect,Gomphidae,Hemigomphus heteroclytus,Stout Vicetail,1,36
Insect,Geometridae,Rhuma subaurata,,1,27
Insect,Pyralidae,Orthaga rubridiscalis,,1,19
Insect,Cosmopterigidae,Macrobathra diplochrysa,,1,13
Insect,Coenagrionidae,Austroagrion cyane,South-western Billabongfly,1,25
Insect,Pentatomidae,Tholosanus proximus,Shield Bug,1,27
Insect,Gelechiidae,Idiophantis chiridota,,1,22
Insect,Geometridae,Eucyclodes buprestaria,Bordered Emerald,1,22
Insect,Rhyparochromidae,Euander lacertosus,Strawberry Bug,1,68
Insect,Zygaenidae,Pollanisus subdolosa,Forester Moth,1,38
Insect,Lycaenidae,Jamides phaseli,Purple Cerulean,1,73
Insect,Syrphidae,Malometasternum rufocaudatum,,1,25
Insect,Lycaenidae,Ogyris olane,Olane Azure,1,60
Insect,Chrysomelidae,Monolepta vittimedia,,1,26
Insect,Pergidae,Phylacteophaga froggatti,,1,31
Insect,Ichneumonidae,Xanthopimpla rhapaloceros,,1,42
Insect,Noctuidae,Comocrus behri,Mistletoe Moth,1,22
Insect,Oecophoridae,Philobota sordidella,,1,16
Insect,Buprestidae,Castiarina sexguttata,,1,70
Insect,Geometridae,Aporoctena scierodes,Geometer Moth,1,42
Insect,Oecophoridae,Petalanthes hexastera,Concealer Moth,1,20
Insect,Crambidae,Parapoynx diminutalis,,1,54
Insect,Halictidae,Lasioglossum leichardti,,1,23
Insect,Apidae,Thyreus waroonensis,Cuckoo Bee,1,39
Insect,Chrysomelidae,Halticorcus platycerii,,1,35
Insect,Erebidae,Alophosoma emmelopis,,1,18
Insect,Nolidae,Earias luteolaria,,1,35
Insect,Geometridae,Dichromodes obtusata,Geometer Moth,1,10
Insect,Tiphiidae,Rhagigaster lyelli,,1,28
Insect,Coreidae,Kurrajongia aploa,,1,42
Insect,Calamoceratidae,Anisocentropus bicoloratus,Caddisfly,1,34
Insect,Aphalaridae,Cardiaspina fiscella,Psyllid Bug,1,35
Insect,Nolidae,Nola tornotis,,1,28
Insect,Pterophoridae,Hellinsia balanotes,Groundsel Plume Moth,1,30
Insect,Noctuidae,Athetis maculatra,,1,28
Insect,Formicidae,Leptomyrmex wiburdi,,1,38
Insect,Asilidae,Zosteria sydneensis,Robber Fly,1,24
Insect,Erebidae,Eublemma roseana,,1,31
Insect,Oecophoridae,Philobota cretacea,Concealer Moth,1,51
Insect,Lyonetiidae,Bedellia somnulentella,,1,40
Insect,Chrysomelidae,Cassida diomma,,1,56
Insect,Heteroceridae,Heterocerus flindersi,,1,31
Insect,Rhipiceridae,Rhipicera reichei,,1,46
Insect,Pyralidae,Cathyalia fulvella,,1,15
Insect,Scarabaeidae,Hemipharis insularis,,1,32
Insect,Oecophoridae,Philobota orescoa,Concealer Moth,1,44
Insect,Miridae,Pseudopantilius ghaurii,,1,26
Insect,Lycaenidae,Ogyris zosine,Northern Purple Azure,1,34
Insect,Libellulidae,Tramea stenoloba,Narrow-lobed Glider,1,37
Insect,Cicadidae,Arunta perulata,White Drummer,1,51
Insect,Geometridae,Parepisparis lutosaria,Geometer Moth,1,25
Insect,Asilidae,Blepharotes splendidissimus,Robber Fly,1,59
Insect,Stratiomyidae,Acanthasargus flavipes,,1,30
Insect,Geometridae,Niceteria macrocosma,Macrocosma Moth,1,36
Insect,Blastobasidae,Blastobasis tanyptera,,1,26
Insect,Asilidae,Cerdistus varimystaceus,Robber Fly,1,43
Insect,Cerambycidae,Phoracantha tricuspis,,1,52
Insect,Erebidae,Ophiusa parcemacula,Owlet Moth,1,43
Insect,Bittacidae,Harpobittacus australis,Scorpionfly,1,68
Insect,Pyralidae,Arippara disticha,,1,32
Insect,Coreidae,Amorbus obscuricornis,Leaf-footed Bug,1,74
Insect,Nymphalidae,Oreixenica kershawi,Kershaw's Brown,1,56
Insect,Notodontidae,Epicoma melanosticta,Common Epicoma Moth,1,38
Insect,Oecophoridae,Zonopetala divisella,,1,32
Insect,Buprestidae,Castiarina flavopicta,,1,56
Insect,Buprestidae,Melobasis purpurascens,,1,31
Insect,Geometridae,Chlorocoma vertumnaria,Geometer Moth,1,35
Insect,Libellulidae,Nannophlebia risi,Common Archtail,1,34
Insect,Tettigoniidae,Acripeza reticulata,Mountain Katydid,1,68
Insect,Chrysomelidae,Lilioceris bakewelli,,1,68
Insect,Sphingidae,Theretra silhetensis,,1,52
Insect,Lasiocampidae,Porela cinerea,Lappet Moth,1,43
Insect,Tineidae,Lindera tessellatella,,1,49
Insect,Geometridae,Idaea punctatissima,,1,25
Insect,Lecithoceridae,Crocanthes perigrapta,,1,36
Insect,Gelechiidae,Thiotricha atractodes,,1,17
Insect,Oecophoridae,Garrha atripunctatella,,1,21
Insect,Asilidae,Cerdistus fuscipennis,Robber Fly,1,26
Insect,Chrysomelidae,Adoxia benallae,,1,91
Insect,Oecophoridae,Barea consignatella,,1,42
Insect,Formicidae,Turneria bidentata,Ant,1,29
Insect,Calliphoridae,Amenia imperialis,Blow Fly,1,44
Insect,Geometridae,Cleora sabulata,,1,27
Insect,Chrysomelidae,Agasicles hygrophila,Alligatorweed Flea Beetle,1,25
Insect,Colletidae,Leioproctus plumosus,Plasterer Bee,1,39
Insect,Erebidae,Dysgonia monogona,,1,11
Insect,Oecophoridae,Ageletha hemiteles,Concealer Moth,1,43
Insect,Tettigoniidae,Tympanophora andreae,,1,57
Insect,Tenebrionidae,Lepispilus stygianus,,1,38
Insect,Culicidae,Anopheles annulipes,Spear Mosquito,1,45
Insect,Crambidae,Diasemiopsis ramburialis,,1,34
Insect,Curculionidae,Psapharus infaustus,,1,20
Insect,Chrysopidae,Plesiochrysa atalotis,,1,41
Insect,Chrysomelidae,Trachymela sloanei,Australian Tortoise Beetle,1,45
Insect,Noctuidae,Proteuxoa asbolaea,Owlet Moth,1,31
Insect,Oecophoridae,Delophanes anthracephala,,1,14
Insect,Erebidae,Pantydia metaspila,,1,19
Insect,Megachilidae,Megachile erythropyga,Bee,1,73
Insect,Scarabaeidae,Sericesthis geminata,Pruinose Scarab,1,69
Insect,Lycaenidae,Hypochrysops apelles,Copper Jewel,1,39
Insect,Pyralidae,Etiella chrysoporella,Grass Moth,1,36
Insect,Tineidae,Monopis chrysogramma,,1,30
Insect,Cerambycidae,Syllitus grammicus,Slenderlined Longicorn,1,38
Insect,Rhyparochromidae,Bedunia cuspidata,,1,13
Insect,Oecophoridae,Parocystola leucospora,,1,14
Insect,Erebidae,Hypocala deflorata,,1,16
Insect,Colletidae,Leioproctus launcestonensis,Plasterer Bee,1,75
Insect,Cleridae,Lemidia accinctus,,1,57
Insect,Ichneumonidae,Oedemopsis hobartensis,,1,38
Insect,Formicidae,Meranoplus minor,Ant,1,37
Insect,Formicidae,Technomyrmex jocosus,Ant,1,40
Insect,Alydidae,Riptortus abdominalis,,1,44
Insect,Carsidaridae,Protyora sterculiae,,1,51
Insect,Noctuidae,Clytoscopa iorrhoda,,1,34
Insect,Stathmopodidae,Calicotis crucifera,,1,33
Insect,Pyralidae,Faveria laiasalis,,1,28
Insect,Cossidae,Culama australis,Carpenter Moth,1,26
Insect,Ichneumonidae,Paraphylax mirax,,1,28
Insect,Erebidae,Artigisa impropria,Owlet Moth,1,24
Insect,Tephritidae,Ceratitis capitata,Mediterranean Fruit Fly,1,51
Insect,Formicidae,Polyrhachis machaon,,1,50
Insect,Aeshnidae,Anax gibbosulus,Green Emperor,1,50
Insect,Pieridae,Catopsilia pyranthe,Common Migrant,1,64
Insect,Oecophoridae,Tachystola anthera,,1,16
Insect,Ichneumonidae,Leptobatopsis indica,,1,41
Insect,Apidae,Amegilla pulchra,Bee,1,36
Insect,Pentatomidae,Piezodorus oceanicus,Shield Bug,1,24
Insect,Tephritidae,Dioxyna sororcula,Primitive Crane Fly,1,36
Insect,Crambidae,Eurrhyparodes tricoloralis,,1,31
Insect,Acrididae,Urnisa guttulosa,,1,34
Insect,Chrysomelidae,Aporocera speciosa,,1,59
Insect,Chrysomelidae,Peltoschema mansueta,,1,42
Insect,Hesperiidae,Hesperilla ornata,Spotted Sedge-skipper,1,33
Insect,Oecophoridae,Garrha phoenopis,,1,59
Insect,Yponomeutidae,Prays nephelomima,,1,34
Insect,Curculionidae,Sitophilus oryzae,Rice Weevil,1,27
Insect,Cicadidae,Myopsalta mackinlayi,,1,43
Insect,Geometridae,Xenomusa monoda,Geometer Moth,1,33
Insect,Lycaenidae,Arhopala eupolis,Purple Oak-blue,1,38
Insect,Reduviidae,Leistarches serripes,Assassin Bug,1,15
Insect,Formicidae,Podomyrma ferruginea,,1,18
Insect,Mordellidae,Hoshihananomia multiguttata,,1,34
Insect,Tortricidae,Crocidosema lantana,,1,14
Insect,Formicidae,Notoncus gilberti,Smooth Epaulet Ant,1,50
Insect,Cicadellidae,Carvaka elegantula,,1,16
Insect,Belostomatidae,Lethocerus insulanus,,1,27
Insect,Buprestidae,Melobasis propinqua,,1,44
Insect,Geometridae,Paralaea jarrah,,1,10
Insect,Chalcididae,Brachymeria podagrica,,1,53
Insect,Cerambycidae,Callidiopis praecox,,1,34
Insect,Myrmeleontidae,Periclystus circuiter,,1,26
Insect,Acrididae,Methiolopsis geniculata,,1,36
Insect,Erebidae,Nagia linteola,Owlet Moth,1,38
Insect,Erebidae,Praxis marmarinopa,Owlet Moth,1,41
Insect,Oecophoridae,Catacometes phanozona,Concealer Moth,1,48
Insect,Psychopsidae,Psychopsis insolens,,1,18
Insect,Formicidae,Amblyopone ferruginea,Ant,1,28
Insect,Depressariidae,Phylomictis lintearia,,1,30
Insect,Pentatomidae,Poecilometis cooki,,1,29
Insect,Erebidae,Eudocima materna,Owlet Moth,1,26
Insect,Coenagrionidae,Pseudagrion aureofrons,Gold-fronted Riverdamsel,1,71
Insect,Pentatomidae,Eysarcoris trimaculatus,Rice Stink Bug,1,34
Insect,Aphididae,Eriosoma lanigerum,Woolly Aphid,1,31
Insect,Erebidae,Asota iodamia,,1,19
Insect,Geometridae,Maxates centrophylla,Geometer Moth,1,33
Insect,Alydidae,Hamedius incarnatus,,1,35
Insect,Myrmeleontidae,Glenoleon pulchellus,Banded Antlion,1,38
Insect,Tortricidae,Heliocosma argyroleuca,,1,52
Insect,Thyrididae,Hypolamprus ypsilon,,1,17
Insect,Chrysomelidae,Calomela crassicornis,,1,50
Insect,Phasmatidae,Podacanthus keyi,Key’s Stick-insect,1,41
Insect,Aeshnidae,Austrogynacantha heterogena,Australian Duskhawker,1,67
Insect,Crambidae,Pleuroptya balteata,,1,44
Insect,Lauxaniidae,Cephaloconus cyprinus,,1,34
Insect,Cicadellidae,Cofana spectra,White Leafhopper,1,27
Insect,Erebidae,Cyana meyricki,,1,45
Insect,Carabidae,Notagonum submetallicum,Submetallic Ground Beetle,1,31
Insect,Syrphidae,Dideopsis aegrota,,1,25
Insect,Depressariidae,Thudaca obliquella,,1,32
Insect,Monophlebidae,Icerya seychellarum,,1,52
Insect,Noctuidae,Athetis reclusa,,1,28
Insect,Oecophoridae,Epicurica laetiferanus,Concealer Moth,1,20
Insect,Cerambycidae,Pentacosmia scoparia,,1,10
Insect,Oecophoridae,Cosmaresta callichrysa,Concealer Moth,1,32
Insect,Gelechiidae,Anarsia molybdota,,1,41
Insect,Reduviidae,Ptilocnemus sidnicus,Assassin Bug,1,29
Insect,Anisolabididae,Parisopsalis spryi,,1,20
Insect,Ulodidae,Meryx aequalis,,1,22
Insect,Chrysomelidae,Calomela ioptera,,1,37
Insect,Chrysopidae,Calochrysa extranea,,1,48
Insect,Megachilidae,Megachile heriadiformis,Bee,1,24
Insect,Depressariidae,Agriophara fascifera,,1,14
Insect,Elateridae,Lingana illita,,1,18
Insect,Coreidae,Aulacosternum nigrorubrum,Cotton Plant Bug,1,45
Insect,Colletidae,Hylaeus ruficeps,Plasterer Bee,1,34
Insect,Lycaenidae,Hypochrysops delicia,Moonlight Jewel (eastern Subspecies),1,38
Insect,Hesperiidae,Trapezites praxedes,Southern Silver Ochre,1,34
Insect,Gelechiidae,Dichomeris acuminatus,,1,15
Insect,Formicidae,Brachyponera lutea,Ant,1,44
Insect,Erebidae,Halone pteridaula,Moth,1,42
Insect,Membracidae,Ceraon vitta,Treehopper,1,62
Insect,Lyonetiidae,Stegommata sulfuratella,,1,16
Insect,Tettigoniidae,Kawanaphila nartee,,1,21
Insect,Erebidae,Amata trigonophora,,1,39
Insect,Erebidae,Oxyodes tricolor,,1,17
Insect,Reduviidae,Sastrapada australica,Assassin Bug,1,39
Insect,Geometridae,Chlorocoma tachypora,,1,12
Insect,Aphididae,Aphis gossypii,Cotton Aphid,1,38
Insect,Pergidae,Pteryperga galla,,1,42
Insect,Scutelleridae,Coleotichus excellens,,1,36
Insect,Cicadidae,Yoyetta incepta,,1,23
Insect,Hepialidae,Oxycanus australis,Ghost Moth,1,88
Insect,Hesperiidae,Telicota ancilla,Green Darter,1,30
Insect,Anthicidae,Lemodes atricollis,,1,29
Insect,Miridae,Austropeplus annulipes,,1,31
Insect,Oecophoridae,Syringoseca mimica,Concealer Moth,1,53
Insect,Scarabaeidae,Phyllotocus ruficollis,,1,19
Insect,Tachinidae,Microtropesa sinuata,Horse Fly,1,45
Insect,Erotylidae,Episcaphula pictipennis,,1,33
Insect,Lycaenidae,Catochrysops panormus,Pale Pea-blue,1,46
Insect,Tortricidae,Cryptaspasma sordida,,1,47
Insect,Meenoplidae,Nisia australiensis,,1,27
Insect,Erebidae,Calamidia hirta,Moth,1,39
Insect,Psychidae,Lepidoscia arctiella,,1,64
Insect,Lygaeidae,Scopiastes bicolor,,1,32
Insect,Pyralidae,Lasiosticha canilinea,,1,17
Insect,Geometridae,Oenochroma pallida,Geometer Moth,1,36
Insect,Tenebrionidae,Metriolagria affinis,,1,45
Insect,Lampyridae,Australoluciola nigra,,1,22
Insect,Oecophoridae,Garrha leucerythra,Concealer Moth,1,28
Insect,Geometridae,Monoctenia falernaria,Geometer Moth,1,34
Insect,Erebidae,Hydrillodes dimissalis,,1,22
Insect,Nolidae,Nola biguttalis,Tuft Moth,1,22
Insect,Cicadidae,Ewartia roberti,,1,23
Insect,Chrysomelidae,Monolepta minima,,1,22
Insect,Tettigoniidae,Metaballus frontalis,,1,26
Insect,Cicadellidae,Balclutha saltuella,Leafhopper,1,15
Insect,Tenebrionidae,Adelium abbreviatum,,1,19
Insect,Cicadidae,Macrotristria angularis,Cherrynose,1,31
Reptile,Scincidae,Tiliqua multifasciata,Centralian Blue-tongue,1,6
Insect,Geometridae,Hypobapta barnardi,Geometer Moth,1,21
Insect,Geometridae,Chlorocoma cadmaria,Geometer Moth,1,55
Insect,Notodontidae,Antithemerastis acrobela,,1,13
Insect,Chrysomelidae,Monolepta minuscula,,1,13
Insect,Buprestidae,Temognatha conspicillata,,1,25
Insect,Formicidae,Ochetellus punctatissimus,Ant,1,43
Insect,Ascalaphidae,Suhpalacsa flavipes,,1,36
Insect,Pentatomidae,Avicenna inquinata,,1,24
Insect,Erebidae,Ericeia subsignata,Owlet Moth,1,10
Insect,Lygaeidae,Oncopeltus sordidus,,1,34
Insect,Alucitidae,Alucita pygmaea,Plume Moth,1,19
Insect,Scoliidae,Laeviscolia frontalis,Parasitoid Wasp,1,50
Insect,Anthelidae,Anthela ferruginosa,Lappet Moth,1,30
Insect,Chrysomelidae,Paropsisterna decolorata,,1,70
Insect,Lycaenidae,Neolucia agricola,Fringed Blue,1,81
Insect,Nolidae,Armactica conchidia,Tuft Moth,1,61
Insect,Nanaomantidae,Gyromantis kraussi,,1,31
Insect,Megachilidae,Megachile macularis,Bee,1,44
Insect,Erebidae,Thallarcha sparsana,Moth,1,32
Insect,Formicidae,Iridomyrmex mayri,Ant,1,70
Insect,Scarabaeidae,Dilochrosis brownii,,1,31
Insect,Tettigoniidae,Pachysaga australis,,1,25
Insect,Crambidae,Metallarcha diplochrysa,Golden Metallarcha Moth,1,28
Insect,Tortricidae,Dudua siderea,,1,19
Insect,Formicidae,Pheidole rugosula,,1,24
Insect,Erebidae,Grammodes ocellata,Owlet Moth,1,39
Insect,Oecophoridae,Philobota xanthastis,,1,23
Insect,Geometridae,Hypodoxa bryophylla,,1,27
Insect,Scoliidae,Australelis anthracina,,1,38
Insect,Coccidae,Ceroplastes rusci,Qenimat Shaava Shel Hateena,1,32
Insect,Lepismatidae,Lepisma saccharina,Silverfish,1,26
Insect,Cleridae,Eleale simplex,,1,68
Insect,Mantispidae,Campion callosus,,1,34
Insect,Synlestidae,Synlestes weyersii,Bronze Needle,1,18
Insect,Tephritidae,Austrotephritis fuscata,Primitive Crane Fly,1,45
Insect,Scarabaeidae,Anoplognathus flavipennis,,1,40
Insect,Tineidae,Niditinea fuscella,,1,18
Insect,Aeshnidae,Austroaeschna parvistigma,Swamp Darner,1,30
Insect,Chrysomelidae,Chalcolampra pustulata,,1,17
Insect,Cecidomyiidae,Dasineura frauenfeldi,,1,19
Insect,Tephritidae,Acanthonevroides basalis,,1,23
Insect,Belidae,Araiobelus filum,,1,20
Insect,Oecophoridae,Antipterna trilicella,Concealer Moth,1,35
Insect,Geometridae,Psilosticha attacta,Geometer Moth,1,25
Insect,Sphingidae,Theretra celata,,1,20
Insect,Geometridae,Cycloprorodes melanoxysta,Geometer Moth,1,42
Insect,Geometridae,Scopula desita,Geometer Moth,1,18
Insect,Cosmopterigidae,Otonoma anemois,,1,14
Insect,Lycaenidae,Philiris innotata,Purple Moonbeam,1,31
Insect,Geometridae,Xanthorhoe xerodes,Geometer Moth,1,6
Insect,Pyrgomorphidae,Monistria discrepans,Common Pyrgomorph,1,38
Insect,Noctuidae,Proteuxoa amaurodes,Owlet Moth,1,50
Insect,Cerambycidae,Uracanthus cupressianus,,1,13
Insect,Sphecidae,Sphex modestus,,1,22
Insect,Issidae,Chlamydopteryx sidnicus,,1,46
Insect,Ampulicidae,Aphelotoma tasmanica,Cockroach Wasp,1,6
Insect,Cleridae,Phlogistus sculptus,,1,17
Insect,Fulgoridae,Desudaba maculata,,1,33
Insect,Lucanidae,Ceratognathus niger,,1,21
Insect,Curculionidae,Sphenophorus brunnipennis,La Plata Weevil,1,38
Insect,Hepialidae,Aenetus splendens,,1,22
Insect,Tachinidae,Amphibolia ignorata,Horse Fly,1,22
Insect,Curculionidae,Diocalandra frumenti,Lesser Coconut Weevil,1,22
Insect,Erebidae,Serrodes campana,,1,29
Insect,Clastopteridae,Chaetophyes compacta,Tube Spittlebug,1,108
Insect,Reduviidae,Australocleptes debilis,,1,15
Insect,Scarabaeidae,Anoplognathus viridiaeneus,King Christmas Beetle,1,15
Insect,Membracidae,Eutryonia monstrifera,,1,12
Insect,Oecophoridae,Thema protogramma,Concealer Moth,1,29
Insect,Vespidae,Ropalidia gracilenta,,1,10
Insect,Depressariidae,Enchocrates picrophylla,,1,19
Insect,Pyralidae,Salma ebenina,,1,20
Insect,Geometridae,Epidesmia perfabricata,Geometer Moth,1,23
Insect,Hesperiidae,Parnara bada,Grey Swift,1,22
Insect,Fanniidae,Fannia canicularis,Fly,1,39
Insect,Dolichopodidae,Amblypsilopus triscuticatus,Long-legged Fly,1,17
Insect,Mantidae,Hierodula werneri,,1,37
Insect,Psyllidae,Acizzia acaciaedecurrentis,,1,22
Insect,Oecophoridae,Eulechria pentamera,Concealer Moth,1,13
Insect,Nolidae,Detounda leptoplasta,,1,24
Insect,Chrysomelidae,Poneridia macdonaldi,,1,17
Insect,Noctuidae,Spodoptera exigua,Lesser Armyworm Moth,1,25
Insect,Colletidae,Hylaeus perhumilis,Species Of Yellowfaced Bee,1,23
Insect,Formicidae,Camponotus elegans,,1,31
Insect,Nolidae,Plotheia exacta,,1,12
Insect,Crambidae,Scoparia favilliferella,,1,41
Insect,Nitidulidae,Aethina tumida,Small Hive Beetle,1,22
Insect,Therevidae,Agapophytus albobasalis,Stiletto Fly,1,25
Insect,Gomphidae,Austrogomphus ochraceus,Jade Hunter,1,39
Insect,Cicadidae,Yoyetta kershawi,,1,29
Insect,Erebidae,Acontia nivipicta,Owlet Moth,1,40
Insect,Geometridae,Chlenias zonaea,Geometer Moth,1,26
Insect,Mutillidae,Bothriomutilla rugicollis,,1,20
Insect,Vespidae,Abispa splendida,,1,46
Insect,Geometridae,Chlorocoma stereota,Geometer Moth,1,26
Insect,Cicadidae,Yoyetta landsboroughi,Cicada,1,17
Insect,Chrysomelidae,Calomela curtisi,Leaf Beetle,1,139
Insect,Yloryctidae,Lichenaula melanoleuca,,1,31
Insect,Geometridae,Chrysolarentia vicissata,Geometer Moth,1,13
Insect,Geometridae,Scopula sublinearia,,1,23
Insect,Oecophoridae,Heliocausta oecophorella,,1,16
Insect,Geometridae,Casbia celidosema,Geometer Moth,1,19
Insect,Geometridae,Fisera hypoleuca,Russet Crest-moth,1,27
Insect,Cerambycidae,Phlyctaenodes pustulosa,,1,24
Insect,Therevidae,Anabarhynchus plumbeoides,Stiletto Fly,1,16
Insect,Oecophoridae,Palimmeces variegata,Concealer Moth,1,22
Insect,Cicadellidae,Balclutha rubrostriata,,1,23
Insect,Tineidae,Edosa purella,,1,17
Insect,Chrysomelidae,Tinosis decemmaculata,,1,32
Insect,Noctuidae,Brithys crini,,1,39
Insect,Crambidae,Dysallacta negatalis,,1,32
Insect,Muscidae,Australophyra rostrata,,1,47
Insect,Formicidae,Rhytidoponera violacea,,1,30
Insect,Tortricidae,Fuscicepsana fuscicepsana,,1,18
Insect,Aphididae,Aphis craccivora,Cowpea Aphid,1,23
Insect,Erebidae,Agamana conjungens,,1,16
Insect,Tessaratomidae,Erga longitudinalis,,1,20
Insect,Geometridae,Psilalcis isombra,,1,15
Insect,Hesperiidae,Chaetocneme beata,Common Red-eye,1,27
Insect,Eriococcidae,Cylindrococcus casuarinae,,1,32
Insect,Epipyropidae,Heteropsyche poecilochroma,,1,7
Insect,Pediculidae,Pediculus humanus,Human Head Louse,1,17
Insect,Tortricidae,Strepsicrates infensa,Moth,1,40
Insect,Meloidae,Australozonitis lutea,,1,16
Insect,Asilidae,Colepia ingloria,Robber Fly,1,27
Insect,Membracidae,Ceraon tasmaniae,Treehopper,1,46
Insect,Aleyrodidae,Dumbletoniella pittospori,Whitefly,1,32
Insect,Chrysididae,Chrysis lincea,,1,16
Insect,Eriococcidae,Apiomorpha strombylosa,Felt Scale Insect,1,22
Insect,Cerambycidae,Amphirhoe sloanei,,1,47
Insect,Ichneumonidae,Sericopimpla crenator,Ichneumon Wasp,1,18
Insect,Tettigoniidae,Coptaspis lateralis,,1,20
Insect,Pentatomidae,Oncocoris apicalis,Shield Bug,1,21
Insect,Noctuidae,Cruria donowani,Crow Moth,1,42
Insect,Cerambycidae,Rhytiphora piligera,,1,22
Insect,Gelechiidae,Ardozyga amblopis,,1,29
Insect,Hepialidae,Fraus simulans,Lesser Ghost Moth,1,15
Insect,Geometridae,Phallaria ophiusaria,Brown Leaf Moth,1,26
Insect,Mordellidae,Mordella limbata,,1,49
Insect,Rhyparochromidae,Horridipamera nietneri,,1,17
Insect,Cerambycidae,Pempsamacra dispersa,,1,30
Insect,Pyralidae,Callionyma sarcodes,,1,43
Insect,Curculionidae,Ecrizothis inaequalis,Gooseberry Weevil,1,33
Insect,Buprestidae,Diphucrania acuducta,,1,42
Insect,Formicidae,Crematogaster laeviceps,Cocktail Ant,1,37
Insect,Cossidae,Ptilomacra senex,Moth,1,24
Insect,Formicidae,Polyrhachis senilis,,1,25
Insect,Pentatomidae,Ocirrhoe australis,,1,15
Insect,Alydidae,Melanacanthus margineguttatus,,1,39
Insect,Cossidae,Macrocyttara expressa,,1,13
Insect,Geometridae,Syneora acclinis,,1,19
Insect,,Phenacodes aleuropa,,1,23
Insect,Pieridae,Eurema laeta,Lined Grass-yellow,1,23
Insect,Noctuidae,Thoracolopha nycteris,,1,28
Insect,Calliphoridae,Chrysomya varipes,Small Hairy Maggot Blowfly,1,23
Insect,Gasteruptiidae,Gasteruption longicolle,Parasitoid Wasp,1,35
Insect,Noctuidae,Ipanica cornigera,Owlet Moth,1,16
Insect,Tenebrionidae,Ecnolagria aeneoviolacea,,1,14
Insect,Sciomyzidae,Sepedon plumbella,,1,12
Insect,Erebidae,Euproctis lucifuga,,1,42
Insect,Cicadidae,Yoyetta aaede,Cicada,1,39
Insect,Therevidae,Neodialineura nitens,,1,26
Insect,Pseudophyllodromiidae,Supella longipalpa,,1,23
Insect,Spongiphoridae,Nesogaster ruficeps,Australian Red-headed Earwig,1,48
Insect,Formicidae,Myrmecia chrysogaster,,1,15
Insect,Nymphalidae,Oreixenica lathoniella,Common Silver Xenica,1,13
Insect,Cerambycidae,Epithora dorsalis,,1,55
Insect,Limacodidae,Mecytha fasciata,Moth,1,45
Insect,Hesperiidae,Hesperilla idothea,Flame Sedge-skipper,1,16
Insect,Psychidae,Lepidoscia euryptera,,1,16
Insect,Aphalaridae,Glycaspis brimblecombei,Redgum Lerp,1,33
Insect,Erebidae,Thallarcha eremicola,,1,16
Insect,Oecophoridae,Philobota impletella,Concealer Moth,1,29
Insect,Oecophoridae,Garrha carnea,Concealer Moth,1,35
Insect,Nanaomantidae,Kongobatha diademata,,1,36
Insect,Buprestidae,Castiarina octospilota,,1,62
Insect,Formicidae,Myrmecia vindex,Bull Ant,1,42
Insect,Belidae,Rhinotia melanocephala,,1,24
Insect,Gracillariidae,Acrocercops chionosema,,1,8
Insect,Cerambycidae,Skeletodes tetrops,,1,33
Insect,Tenebrionidae,Homotrysis macleayi,,1,27
Insect,Pergidae,Pergagrapta bicolor,,1,13
Insect,Geometridae,Aponotoreas dascia,Geometer Moth,1,15
Insect,Cleridae,Phlogistus cribratus,,1,16
Insect,Tenebrionidae,Pterohelaeus piceus,,1,93
Insect,Nolidae,Earias chlorodes,Tuft Moth,1,28
Insect,Yloryctidae,Lichenaula calligrapha,Concealer Moth,1,14
Insect,Oecophoridae,Euphiltra celeteria,,1,20
Insect,Synthemistidae,Eusynthemis brevistyla,Small Tigertail,1,17
Insect,Bittacidae,Harpobittacus similis,,1,16
Insect,Rhyparochromidae,Paradrymus exilirostris,Seed Bug,1,13
Insect,Ichneumonidae,Leptobatopsis mesominiata,,1,22
Insect,Elateridae,Elatichrosis trisulcatus,,1,21
Insect,Crambidae,Hyalobathra miniosalis,,1,20
Insect,Miridae,Coridromius chenopoderis,Plant Bug,1,21
Insect,Tenebrionidae,Euomma lateralis,,1,59
Insect,Noctuidae,Maliattha ritsemae,,1,37
Insect,Reduviidae,Stenolemus edwardsii,Assassin Bug,1,19
Insect,Colletidae,Euryglossina hypochroma,Plasterer Bee,1,23
Insect,Buprestidae,Castiarina xanthopilosa,,1,23
Insect,Noctuidae,Proteuxoa restituta,Owlet Moth,1,39
Insect,Yloryctidae,Leistarcha tenuistria,Concealer Moth,1,23
Insect,Cosmopterigidae,Macrobathra sarcoleuca,,1,17
Insect,Acrididae,Urnisa rugosa,,1,27
Insect,Reduviidae,Catasphactes coprias,Assassin Bug,1,34
Insect,Heteromyzidae,Tapeigaster paramonovi,Fly,1,11
Insect,Colletidae,Hylaeus albonitens,,1,21
Insect,Erebidae,Mormoscopa sordescens,Litter Moth,1,21
Insect,Syrphidae,Asiobaccha notofasciata,,1,34
Insect,Coenagrionidae,Aciagrion fragile,Blue Slim,1,71
Insect,Belidae,Rhinotia sparsa,Slender Weevil,1,39
Insect,Dytiscidae,Cybister tripunctatus,Diving Beetle,1,26
Insect,Geometridae,Syneora fractata,Geometer Moth,1,27
Insect,Formicidae,Monomorium sydneyense,Sydney Mono Ant,1,19
Insect,Nolidae,Nola epicentra,,1,30
Insect,Formicidae,Melophorus hirsutus,,1,19
Insect,Formicidae,Myrmecia impaternata,,1,12
Insect,Chrysomelidae,Paropsisterna m-fuscum,,1,198
Insect,Staphylinidae,Stenus pustulifer,,1,22
Insect,Cerambycidae,Piesarthrius marginellus,,1,19
Insect,Mordellidae,Mordella australis,,1,39
Insect,Cicadellidae,Cicadulina bimaculata,,1,7
Insect,Cerambycidae,Coptocercus rubripes,,1,28
Insect,Erebidae,Philenora chionastis,Moth,1,20
Insect,Curculionidae,Poropterus melancholicus,,1,8
Insect,Buprestidae,Castiarina decemmaculata,Ten-spot Jewel Beetle,1,45
Insect,Cosmopterigidae,Cosmopterix heliactis,,1,9
Insect,Psychodidae,Psychoda alternata,Drain Fly,1,28
Insect,Geometridae,Protuliocnemis partita,,1,30
Insect,Chrysomelidae,Paropsisterna rufobrunnea,,1,18
Insect,Rhinotermitidae,Coptotermes lacteus,Milk Termite,1,20
Insect,Bombyliidae,Meomyia fasciculata,Bee Fly,1,24
Insect,Vespidae,Polistes stigma,Wasp,1,64
Insect,Erebidae,Thallarcha albicollis,Moth,1,58
Insect,Crambidae,Hydriris chalybitis,,1,20
Insect,Oecophoridae,Archaereta dorsivittella,Concealer Moth,1,13
Insect,Cicadellidae,Nesoclutha phryne,The Australian Grass Leafhopper,1,30
Insect,Roeslerstammiidae,Vanicela xenadelpha,,1,34
Insect,Tortricidae,Cryptophlebia iridosoma,,1,9
Insect,Formicidae,Melophorus rufoniger,,1,27
Insect,Cosmopterigidae,Limnaecia tetraplanetis,,1,17
Insect,Melyridae,Carphurus latipennis,,1,20
Insect,Yloryctidae,Lichenaula lichenea,,1,21
Insect,Oecophoridae,Philobota lysizona,,1,73
Insect,Geometridae,Crasilogia gressitti,,1,30
Insect,Reduviidae,Thodelmus impicticornis,,1,8
Insect,Chrysomelidae,Rhyparida brevilineata,,1,32
Insect,Crabronidae,Cerceris minuscula,Wasp,1,33
Insect,Depressariidae,Euprionocera geminipuncta,,1,14
Insect,Crabronidae,Bembix furcata,Wasp,1,35
Insect,Oecophoridae,Opsitycha squalidella,Concealer Moth,1,31
Insect,Colletidae,Euryglossa adelaidae,Plasterer Bee,1,28
Insect,Tabanidae,Scaptia patula,,1,27
Insect,Crambidae,Aphytoceros lucusalis,,1,24
Insect,Chrysomelidae,Monolepta medioflava,,1,16
Insect,Oecophoridae,Crossophora semiota,,1,24
Insect,Nolidae,Earias paralella,Tuft Moth,1,24
Insect,Coccinellidae,Microcaria mulsanti,,1,17
Insect,Aeshnidae,Gynacantha dobsoni,Lesser Duskhawker,1,18
Insect,Oecophoridae,Philobota orinoma,Concealer Moth,1,17
Insect,Acrididae,Froggattina australis,Froggatt's Buzzer,1,20
Insect,Lycaenidae,Anthene lycaenoides,Pale Ciliated-blue,1,35
Insect,Erebidae,Grammodes oculicola,,1,48
Insect,Pentatomidae,Hyrmine dispar,,1,30
Insect,Tineidae,Moerarchis australasiella,Fungus Moth,1,13
Insect,Erebidae,Lysimelia lenis,,1,31
Insect,Chrysomelidae,Cadmus aurantiacus,,1,21
Insect,Acanthosomatidae,Panaetius lobulatus,Shield Bug,1,32
Insect,Acrididae,Cirphula pyrrhocnemis,Variable Cirphula,1,22
Insect,Formicidae,Leptomyrmex cnemidatus,,1,22
Insect,Tenebrionidae,Hemicyclus reaumuri,,1,12
Insect,Formicidae,Anoplolepis gracilipes,Yellow Crazy Ant,1,32
Insect,Ptinidae,Lasioderma serricorne,Cigarette Beetle,1,27
Insect,Pentatomidae,Anaxilaus vesiculosus,Shield Bug,1,46
Insect,Pyralidae,Curena externalis,,1,22
Insect,Miridae,Closterotomus norwegicus,Potato Bug,1,25
Insect,Gasteruptiidae,Gasteruption angusticeps,,1,15
Insect,Oecophoridae,Oxythecta hieroglyphica,Concealer Moth,1,26
Insect,Oecophoridae,Barea confusella,,1,53
Insect,Eulophidae,Selitrichodes utilis,,1,15
Insect,Erebidae,Amerila rubripes,,1,12
Insect,Cerambycidae,Coleocoptus senio,,1,21
Insect,Anthelidae,Anthela inornata,,1,27
Insect,Tettigoniidae,Conocephalus bilineatus,,1,22
Insect,Syrphidae,Melangyna damastor,Hover Fly,1,12
Insect,Erebidae,Thallarcha oblita,Moth,1,10
Insect,Formicidae,Camponotus molossus,Western Flumed Sugar Ant,1,26
Insect,Tephritidae,Sphaeniscus atilius,,1,15
Insect,Cerambycidae,Rhytiphora diva,,1,11
Insect,Sphingidae,Macroglossum errans,,1,22
Insect,Aleyrodidae,Aleyrodes proletella,Whitefly,1,33
Insect,Rhyparochromidae,Myocara australe,Seed Bug,1,24
Insect,Crambidae,Hellula undalis,,1,20
Insect,Pyralidae,Etiella zinckenella,,1,16
Insect,Erebidae,Prorocopis euxantha,Owlet Moth,1,15
Insect,Scarabaeidae,Onthophagus taurus,Bullhorned Dung Beetle,1,21
Insect,Erebidae,Brunia dorsalis,,1,25
Insect,Gryllacrididae,Paragryllacris combusta,,1,14
Insect,Tineidae,Monopis argillacea,,1,26
Insect,Curculionidae,Aoplocnemis rufipes,,1,22
Insect,Notodontidae,Trichiocercus mesomelas,,1,26
Insect,Rhopalidae,Liorhyssus hyalinus,,1,13
Insect,Scarabaeidae,Cephalodesmius armiger,,1,24
Insect,Erebidae,Schrankia capnophanes,,1,15
Insect,Stathmopodidae,Stathmopoda cephalaea,,1,13
Insect,Geometridae,Fisera eribola,Geometer Moth,1,46
Insect,Achilidae,Dipsiathus obscurifrons,Planthopper,1,42
Insect,Carabidae,Euthenarus bicolor,,1,8
Insect,Geometridae,Epyaxa agelasta,Geometer Moth,1,24
Insect,Geometridae,Tessarotis rubrata,,1,10
Insect,Chrysomelidae,Aporocera erosa,,1,40
Insect,Oecophoridae,Ocystola paulinella,Concealer Moth,1,24
Insect,Erebidae,Crioa acronyctoides,Owlet Moth,1,12
Insect,Coccidae,Eucalymnatus tessellatus,Palm Scale,1,32
Insect,Cercopidae,Anyllis tiegsi,,1,22
Insect,Scarabaeidae,Anoplognathus hirsutus,,1,30
Insect,Buprestidae,Nascio vetusta,,1,31
Insect,Coccidae,Saissetia coffeae,Coffee Root Mealybug,1,28
Insect,Hesperiidae,Antipodia atralba,Diamond Sand-skipper,1,25
Insect,Nolidae,Nola delograpta,Tuft Moth,1,6
Insect,Cossidae,Archaeoses polygrapha,Moth,1,17
Insect,Miridae,Termatophylum melaleucae,,1,9
Insect,Tenebrionidae,Adelium pustulosum,Darkling Beetle,1,11
Insect,Lycaenidae,Arhopala micale,Shining Oak-blue,1,34
Insect,Sphecidae,Sphex fumipennis,,1,24
Insect,Tenebrionidae,Coripera deplanata,,1,11
Insect,Ptinidae,Stegobium paniceum,Biscuit Beetle,1,37
Insect,Apidae,Thyreus lugubris,Cuckoo Bee,1,42
Reptile,Typhlopidae,Anilios bicolor,Dark-spined Blind Snake,1,4
Insect,Formicidae,Anochetus graeffei,,1,17
Insect,Erebidae,Anticarsia irrorata,,1,17
Insect,Lauxaniidae,Trigonometopsis binotata,Acalyptrate Fly,1,18
Insect,Geometridae,Dichromodes ainaria,Common Heath Moth,1,30
Insect,Buprestidae,Diphucrania aeruginosa,,1,7
Insect,Syrphidae,Austalis pulchella,Hover Fly,1,35
Insect,Oecophoridae,Telanepsia coprobora,Concealer Moth,1,19
Insect,Pyralidae,Pyralis manihotalis,,1,21
Insect,Erebidae,Thallarcha staurocola,Moth,1,16
Insect,Immidae,Imma acosma,,1,41
Insect,Tenebrionidae,Pterohelaeus striatopunctatus,,1,90
Insect,Geometridae,Palleopa innotata,Geometer Moth,1,30
Insect,Chrysomelidae,Dicranosterna semipunctata,,1,19
Insect,Buprestidae,Castiarina picta,,1,35
Insect,Anisopodidae,Sylvicola neozelandicus,,1,17
Insect,Lycaenidae,Erina acasta,Blotched Blue,1,65
Insect,Miridae,Dilatops fici,,1,10
Insect,Geometridae,Lipogya eutheta,,1,45
Insect,Mantispidae,Austromantispa imbecilla,,1,13
Insect,Crambidae,Glyphodes cosmarcha,,1,14
Insect,Hesperiidae,Anisynta cynone,Cynone Skipper,1,21
Insect,Hydrophilidae,Limnoxenus zealandicus,Water Scavenger Beetle,1,18
Insect,Buprestidae,Temognatha goryi,,1,6
Insect,Cossidae,Zyganisus propedia,Carpenter Moth,1,34
Insect,Coreidae,Cletus similis,Leaf-footed Bug,1,29
Insect,Coleophoridae,Coleophora alcyonipennella,,1,22
Insect,Elateridae,Drymelater fusiformis,,1,7
Insect,Colletidae,Leioproctus irroratus,Plasterer Bee,1,39
Insect,Hesperiidae,Trapezites phigalia,Phigalia Skipper,1,51
Insect,Pergidae,Perga affinis,Spitfire Sawfly,1,9
Insect,Geometridae,Chorodna strixaria,,1,11
Insect,Geometridae,Heliomystis electrica,Geometer Moth,1,14
Insect,Crambidae,Salbia haemorrhoidalis,,1,7
Insect,Lasiocampidae,Pararguda crenulata,,1,32
Insect,Achilidae,Francesca sparsa,,1,12
Insect,Erebidae,Hypocala guttiventris,,1,18
Insect,Chrysomelidae,Rhyparida australis,Cotton Stalkgirdling Beetle,1,28
Insect,Chrysomelidae,Plectonycha correntina,,1,23
Insect,Attelabidae,Euops falcatus,,1,28
Insect,Cerambycidae,Apomecyna histrio,,1,22
Insect,Reduviidae,Nebriscus pupus,Assassin Bug,1,14
Insect,Scutelleridae,Solenotichus circuliferus,Shield Bug,1,35
Insect,Megachilidae,Megachile ustulata,,1,27
Insect,Pergidae,Pergagrapta latreillii,Sawfly,1,48
Insect,Aleyrodidae,Trialeurodes vaporariorum,Whitefly,1,56
Insect,Ichneumonidae,Theronia maculosa,,1,30
Insect,Erebidae,Phytometra laevis,,1,20
Insect,Noctuidae,Athetis thoracica,,1,16
Insect,Crabronidae,Cerceris antipodes,Wasp,1,29
Insect,Pentatomidae,Poecilometis alienus,Shield Bug,1,26
Insect,Tineidae,Opogona papayae,,1,14
Insect,Geometridae,Chloroclystis pallidiplaga,,1,37
Insect,Ichneumonidae,Enicospilus coarctatus,,1,13
Insect,Cicadidae,Myopsalta waterhousei,Smoky Buzzer,1,26
Insect,Anthelidae,Anthela basigera,Western Toothed Anthelid,1,16
Insect,Erebidae,Termessa zonophanes,Moth,1,46
Insect,Stathmopodidae,Stathmopoda callichrysa,Concealer Moth,1,15
Insect,Therevidae,Anabarhynchus apertus,,1,11
Insect,Chrysomelidae,Paropsisterna agricola,,1,17
Insect,Euteliidae,Targalla delatrix,,1,22
Reptile,Pythonidae,Morelia imbricata,,1,4
Insect,Uraniidae,Acropteris teriadata,,1,18
Insect,Delphacidae,Cemus kirkaldyi,,1,7
Insect,Erebidae,Olene mendosa,,1,41
Insect,Yloryctidae,Xylorycta assimilis,Concealer Moth,1,37
Insect,Cicadidae,Physeema labyrinthica,Dune Ticker,1,29
Insect,Oecophoridae,Barea exarcha,Concealer Moth,1,22
Insect,Lauxaniidae,Sapromyza alboatra,Acalyptrate Fly,1,12
Insect,Belidae,Isacantha dermestiventris,,1,7
Insect,Tortricidae,Sobriana ophiodesma,Moth,1,11
Insect,Drosophilidae,Leucophenga scutellata,,1,7
Insect,Noctuidae,Agrotis interjectionis,,1,18
Insect,Melyridae,Balanophorus mastersii,,1,24
Insect,Cosmopterigidae,Pyroderces falcatella,,1,21
Insect,Cerambycidae,Uracanthus acutus,,1,50
Insect,Cossidae,Endoxyla secta,Carpenter Moth,1,17
Insect,Pieridae,Elodina parthia,Chalk White,1,11
Insect,Oecophoridae,Philobota partitella,Concealer Moth,1,48
Insect,Cicadellidae,Rosopaella lopada,Leafhopper,1,20
Insect,Lasiocampidae,Opsirhina albigutta,Lappet Moth,1,6
Insect,Buprestidae,Hedwigiella jureceki,,1,23
Insect,Euteliidae,Lophoptera vittigera,,1,14
Insect,Sphingidae,Daphnis placida,,1,29
Insect,Chrysomelidae,Paropsisterna lineata,,1,26
Insect,Noctuidae,Chrysodeixis acuta,,1,10
Insect,Ichneumonidae,Phytodietus celisissimus,,1,34
Insect,Formicidae,Pheidole longiceps,,1,8
Insect,Cerambycidae,Strongylurus thoracicus,,1,15
Insect,Crambidae,Ostrinia furnacalis,,1,12
Insect,Cicadidae,Atrapsalta furcilla,,1,57
Insect,Tineidae,Erechthias simulans,,1,31
Insect,Lycidae,Diatrichalus funereus,,1,15
Insect,Formicidae,Rhytidoponera nodifera,,1,22
Insect,Cicadellidae,Scaphoideus foshoi,Fosho's Leafhopper,1,12
Insect,Noctuidae,Proteuxoa paragypsa,,1,35
Insect,Synthemistidae,Archaeosynthemis leachii,Twinspot Tigertail,1,31
Insect,Carabidae,Clivina basalis,,1,14
Insect,Colletidae,Meroglossa impressifrons,,1,17
Reptile,Diplodactylidae,Lucasium microplax,Southern Sandplain Gecko,1,4
Insect,Lauxaniidae,Trypetisoma digitatum,Acalyptrate Fly,1,17
Insect,Glyphipterigidae,Glyphipterix cometophora,,1,9
Insect,Drepanidae,Hypsidia grisea,,1,15
Insect,Syrphidae,Syritta luteinervis,,1,10
Insect,Curculionidae,Menechirus parryi,,1,12
Insect,Pyralidae,Aphomia baryptera,Grass Moth,1,27
Insect,Lonchodidae,Mesaner sarpedon,Dark-winged Stick-insect,1,12
Insect,Curculionidae,Mogulones larvatus,Paterson's Curse Crown Weevil,1,34
Insect,Crambidae,Corynophora lativittalis,,1,10
Insect,Pyralidae,Orthaga atribasalis,,1,11
Insect,Vespidae,Epsilon chartergiforme,,1,27
Insect,Reduviidae,Austrovelinus varius,,1,20
Insect,Tortricidae,Rupicolana celatrix,,1,20
Insect,Pentatomidae,Kalkadoona truncatella,,1,14
Insect,Lycaenidae,Anthene seltuttus,Dark Ciliated-blue,1,18
Insect,Oecophoridae,Barea micropis,,1,12
Insect,Tipulidae,Leptotarsus mastersi,Crane Fly,1,5
Insect,Gracillariidae,Phyllonorycter messaniella,,1,30
Insect,Oecophoridae,Hapaloteucha paragramma,,1,7
Insect,Oecophoridae,Heteroteucha occidua,Concealer Moth,1,35
Insect,Muscidae,Synthesiomyia nudiseta,,1,27
Insect,Cicadellidae,Neotartessus flavipes,Leafhopper,1,20
Insect,Cicadidae,Plerapsalta multifascia,Cicada,1,12
Insect,Anthelidae,Anthela astata,,1,7
Insect,Syrphidae,Mesembrius bengalensis,,1,36
Insect,Crambidae,Trigonoorda gavisalis,Grass Moth,1,10
Insect,Stathmopodidae,Stathmopoda hyposcia,,1,26
Insect,Coniopterygidae,Heteroconis ornata,Lacewing,1,22
Insect,Geometridae,Spiralisigna acidna,,1,5
Insect,Carsidaridae,Mesohomotoma hibisci,,1,16
Insect,Apidae,Amegilla walkeri,,1,18
Insect,Erebidae,Lophotoma diagrapha,,1,50
Insect,Curculionidae,Epamoebus ziczac,,1,24
Insect,Formicidae,Myrmecia fulviculis,,1,22
Insect,Pygidicranidae,Dacnodes shortridgei,,1,22
Insect,Scarabaeidae,Anoplognathus suturalis,,1,20
Insect,Philopotamidae,Chimarra australica,Caddisfly,1,13
Insect,Tineidae,Edosa talantias,,1,10
Insect,Scarabaeidae,Onthophagus declivis,,1,21
Insect,Cicadellidae,Eurymela distincta,Leafhopper,1,28
Insect,Noctuidae,Spodoptera exempta,,1,18
Insect,Dytiscidae,Austrelatus clarki,,1,12
Insect,Erebidae,Dahlia capnobela,,1,13
Insect,Ricaniidae,Aprivesa varipennis,,1,12
Insect,Formicidae,Podomyrma densestrigosa,,1,8
Insect,Formicidae,Dolichoderus clarki,,1,27
Insect,Oecophoridae,Cosmaresta anarrecta,Concealer Moth,1,13
Insect,Cicadidae,Yoyetta abdominalis,Tea-tree Fire-tail Cicada,1,21
Insect,Nanaomantidae,Paraoxypilus verreauxii,,1,37
Insect,Chrysomelidae,Paropsis quadrimaculata,,1,13
Insect,Tephritidae,Zeugodacus cucumis,Cucumber Fruit Fly,1,14
Insect,Tachinidae,Cylindromyia tricolor,Horse Fly,1,11
Insect,Geometridae,Larentia apotoma,Geometer Moth,1,20
Insect,Scarabaeidae,Onthophagus auritus,,1,10
Insect,Calliphoridae,Amenia chrysame,Blow Fly,1,16
Insect,Crambidae,Scirpophaga imparellus,Grass Moth,1,11
Insect,Oecophoridae,Aeolothapsa acrocosma,,1,41
Insect,Monophlebidae,Icerya acaciae,,1,35
Insect,Pergidae,Pterygophorus insignis,,1,15
Insect,Derbidae,Levu vitiensis,,1,21
Insect,Chrysomelidae,Paropsis charybdis,,1,30
Insect,Cicadellidae,Platyeurymela semifascia,Leafhopper,1,9
Reptile,Chelidae,Chelodina canni,Cann's Snake-necked Turtle,1,4
Insect,Chrysomelidae,Peltoschema tetraspilota,,1,17
Insect,Sphingidae,Acosmeryx cinnamomea,,1,21
Insect,Erebidae,Hypena subvittalis,,1,24
Insect,Erebidae,Thallarcha leptographa,,1,13
Insect,Anthomyiidae,Anthomyia pluvialis,Bean Fly,1,19
Insect,Opostegidae,Opostegoides gephyraea,,1,7
Insect,Pergidae,Pseudoperga guerinii,Sawfly,1,13
Insect,Hesperiidae,Telicota augias,Bright-orange Darter,1,16
Insect,Nabidae,Stenonabis nitidicollis,,1,7
Insect,Erebidae,Metachrostis paurograpta,,1,14
Insect,Tortricidae,Meritastis polygraphana,,1,24
Insect,Coreidae,Agriopocoris froggatti,Leaf-footed Bug,1,23
Insect,Tenebrionidae,Spiloscapha thallioides,,1,18
Insect,Tineidae,Erechthias mystacinella,,1,33
Insect,Erebidae,Oruza crocodeta,,1,10
Insect,Oedemeridae,Pseudolycus torridus,,1,17
Insect,Tettigoniidae,Hemisaga denticulata,,1,23
Insect,Curculionidae,Atrichonotus sordidus,Flores Weevil,1,17
Insect,Gelechiidae,Ardozyga mesochra,Twirler Moth,1,7
Insect,Cleridae,Eleale aulicodes,,1,21
Insect,Tenebrionidae,Amarygmus sulcatus,,1,7
Insect,Curculionidae,Pelororhinus transversus,,1,12
Insect,Ichneumonidae,Enicospilus sausi,,1,15
Insect,Psychidae,Trigonocyttara clandestina,Bagworm Moth,1,77
Reptile,Scincidae,Ctenotus inornatus,Plain Ctenotus,1,4
Insect,Achilidae,Salemina francescophila,,1,7
Insect,Buprestidae,Castiarina bella,,1,41
Insect,Tettigarctidae,Tettigarcta crinita,Hairy Cicada,1,31
Insect,Erebidae,Ophisma gravata,,1,16
Insect,Ichneumonidae,Stenarella victoriae,,1,41
Insect,Erebidae,Rhesalides curvata,,1,13
Insect,Asilidae,Laphria rufifemorata,Robber Fly,1,27
Insect,Oecophoridae,Philobota pilipes,Concealer Moth,1,27
Insect,Oecophoridae,Machetis diamochla,,1,22
Insect,Crabronidae,Bembix palmata,Wasp,1,16
Insect,Coreidae,Cletus saucius,,1,18
Insect,Blattellidae,Robshelfordia circumducta,Shelford's Cockroach,1,55
Insect,Geometridae,Idaea nephelota,Geometer Moth,1,21
Insect,Staphylinidae,Antimerus punctipennis,,1,16
Insect,Cerambycidae,Strongylurus ceresioides,,1,40
Insect,Erebidae,Ophiusa tirhaca,Moth,1,49
Insect,Crambidae,Pyrausta testalis,,1,7
Insect,Asilidae,Colepia malleola,Robber Fly,1,20
Insect,Hesperiidae,Anisynta sphenosema,Wedge Grass-skipper,1,23
Insect,Geometridae,Rhynchopsota delogramma,Geometer Moth,1,6
Insect,Drosophilidae,Drosophila repleta,Fruit Fly,1,29
Insect,Geometridae,Hemithea wuka,,1,12
Insect,Crambidae,Anemosa exanthes,Grass Moth,1,25
Insect,Geometridae,Taxeotis stereospila,Geometer Moth,1,41
Insect,Oecophoridae,Atheropla decaspila,Concealer Moth,1,34
Insect,Formicidae,Rhytidoponera confusa,Ant,1,31
Insect,Cleridae,Necrobia rufipes,Red-legged Ham Beetle,1,16
Insect,Chrysomelidae,Aporocera viridipennis,,1,14
Insect,Pentatomidae,Poecilometis fuscescens,Shield Bug,1,21
Insect,Tortricidae,Syntozyga anconia,,1,46
Insect,Glyphipterigidae,Glyphipterix phosphora,,1,22
Insect,Megachilidae,Megachile oblonga,Bee,1,50
Insect,Asilidae,Orthogonis ornatipennis,Robber Fly,1,21
Insect,Erebidae,Ericeia sobria,Owlet Moth,1,17
Insect,Blattidae,Methana lunata,Cockroach,1,20
Insect,Crambidae,Hednota crypsichroa,Grass Moth,1,24
Insect,Oecophoridae,Ageletha elaeodes,Concealer Moth,1,11
Insect,Geometridae,Rhuma argyraspis,Webbed Grey,1,50
Insect,Lonchaeidae,Lamprolonchaea brouniana,Metallic-green Tomato Fly,1,29
Insect,Zygaenidae,Pollanisus lithopastus,Forester Moth,1,13
Insect,Tineidae,Opogona stenocraspeda,,1,31
Insect,Gelechiidae,Hypatima sphenophora,,1,9
Insect,Cicadidae,Psaltoda pictibasis,Black Friday,1,22
Insect,Crambidae,Scoparia ithyntis,Grass Moth,1,20
Insect,Pentatomidae,Oncocoris similis,Shield Bug,1,15
Insect,Geometridae,Idaea dolichopis,,1,8
Insect,Formicidae,Paraparatrechina minutula,Ant,1,9
Insect,Blaberidae,Nauphoeta cinerea,Speckled Cockroach,1,18
Insect,Buprestidae,Temognatha suturalis,,1,18
Insect,Ulidiidae,Physiphora clausa,,1,14
Insect,Geometridae,Phrixocomes ophiucha,,1,10
Insect,Triozidae,Aacanthocnema dobsoni,,1,7
Insect,Culicidae,Culex orbostiensis,Mosquito,1,16
Insect,Nymphalidae,Phalanta phalantha,Spotted Rustic,1,25
Insect,Chrysomelidae,Phyllotreta undulata,,1,14
Insect,Geometridae,Apodasmia rufonigraria,Geometer Moth,1,14
Insect,Tortricidae,Euphona ammochroa,,1,9
Insect,Cerambycidae,Phaolus metallicus,,1,11
Insect,Oecophoridae,Anomozancla scopariella,Concealer Moth,1,11
Insect,Curculionidae,Otiorhynchus rugosostriatus,Rough Strawberry Weevil,1,13
Insect,Tortricidae,Acropolitis canana,,1,18
Insect,Acanthosomatidae,Acanthosoma versicolor,,1,18
Insect,Agromyzidae,Liriomyza brassicae,,1,12
Insect,Crambidae,Bradina mannusalis,,1,4
Insect,Tenebrionidae,Phanechloros punctipennis,,1,7
Insect,Anthribidae,Euparius didymus,,1,8
Insect,Oedemeridae,Pseudolycus hilaris,,1,4
Insect,Crambidae,Myriostephes haplodes,,1,6
Insect,Geometridae,Dichromodes emplecta,,1,24
Insect,Oedemeridae,Copidita kershawi,,1,14
Insect,Cantharidae,Heteromastix fusicornis,,1,18
Insect,Oecophoridae,Thema stasiastica,Concealer Moth,1,26
Insect,Erebidae,Pantydia canescens,Owlet Moth,1,15
Insect,Muscidae,Dichaetomyia johannis,,1,6
Insect,Psychidae,Lepidoscia adelopis,,1,11
Insect,Cicadidae,Macrotristria doddi,,1,17
Insect,Aphididae,Macrosiphum euphorbiae,Potato Aphid,1,31
Insect,Erebidae,Polydesma boarmoides,,1,8
Insect,Oecophoridae,Barea euprepes,,1,7
Insect,Chrysomelidae,Paropsis sospita,,1,14
Insect,Bombyliidae,Pseudopenthes hesperis,,1,17
Insect,Formicidae,Camponotus marcens,,1,14
Insect,Tineodidae,Cenoloba obliteralis,,1,16
Insect,Chrysomelidae,Ellopidia pedestris,,1,13
Insect,Tineidae,Praeacedes atomosella,,1,5
Insect,Syrphidae,Cyphipelta rufocyanea,,1,13
Insect,Fulgoridae,Desudaboides melindae,,1,10
Insect,Tortricidae,Epiphyas xylodes,,1,15
Insect,Cerambycidae,Ancita crocogaster,,1,16
Insect,Geometridae,Chaetolopha leucophragma,Geometer Moth,1,9
Insect,Cicadidae,Atrapsalta encaustica,Black Squeaker,1,33
Insect,Ichneumonidae,Stiromesostenus rufus,,1,7
Insect,Cerambycidae,Atesta dorsale,,1,9
Insect,Geometridae,Parepisparis multicolora,,1,25
Insect,Tachinidae,Formosia speciosa,Horse Fly,1,19
Insect,Melyridae,Carphurus cyaneipennis,,1,18
Insect,Erebidae,Termessa laeta,Moth,1,18
Insect,Geometridae,Chrysolarentia conifasciata,Geometer Moth,1,8
Insect,Gelechiidae,Ardozyga hedana,,1,4
Insect,Erebidae,Plusiodonta arctipennis,,1,8
Insect,Noctuidae,Proteuxoa callimera,,1,14
Insect,Curculionidae,Storeus albosignatus,,1,16
Insect,Chrysomelidae,Calomela intemerata,,1,4
Insect,Buprestidae,Castiarina crocicolor,,1,27
Insect,Myrmeleontidae,Callistoleon erythrocephalus,,1,8
Insect,Dolichopodidae,Sympycnus anomalipennis,Long-legged Fly,1,23
Insect,Chironomidae,Chironomus tepperi,Rice Bloodworm,1,29
Insect,Oecophoridae,Piloprepes antidoxa,Concealer Moth,1,29
Insect,Geometridae,Chrysocraspeda aurimargo,,1,5
Insect,Lasiocampidae,Genduara subnotata,Lappet Moth,1,10
Insect,Depressariidae,Thudaca haplonota,,1,32
Insect,Formicidae,Platythyrea parallela,,1,18
Insect,Gryllidae,Eurepa marginipennis,,1,31
Insect,Aleyrodidae,Aleurocanthus banksiae,Whitefly,1,10
Insect,Pompilidae,Ferreola handschini,Spider Wasp,1,19
Insect,Cosmopterigidae,Macrobathra arrectella,,1,8
Insect,Scarabaeidae,Aphodius fimetarius,,1,7
Insect,Ichneumonidae,Xanthopimpla summervillei,,1,8
Insect,Tettigoniidae,Hemisaga albilinea,,1,8
Insect,Geometridae,Sauris lichenias,Moth,1,8
Insect,Erebidae,Ericeia plaesiodes,,1,13
Insect,Tineidae,Edosa ochranthes,Fungus Moth,1,6
Insect,Oecophoridae,Hemibela callista,Concealer Moth,1,16
Insect,Pterophoridae,Nippoptilia cinctipedalis,,1,18
Insect,Geometridae,Pachyplocia atmocyma,,1,5
Insect,Stathmopodidae,Calicotis sialota,,1,5
Insect,Culicidae,Anopheles bancroftii,,1,6
Insect,Limoniidae,Austrolimnophila antiqua,Crane Fly,1,27
Insect,Cicadidae,Pyropsalta melete,Red Bandit,1,14
Insect,Belidae,Rhinotia povera,,1,28
Insect,Lycaenidae,Eirmocides margarita,Trident Pencilled-blue,1,26
Insect,Hesperiidae,Hasora khoda,Large Banded Awl,1,19
Insect,Colletidae,Callohesma calliopsella,Plasterer Bee,1,9
Insect,Crambidae,Agrioglypta zelimalis,,1,7
Insect,Lasiocampidae,Symphyta nyctopis,Lappet Moth,1,19
Insect,Aphalaridae,Australopsylla revoluta,Psyllid Bug,1,26
Insect,Zygaenidae,Turneriprocris dolens,Forester Moth,1,12
Insect,Oecophoridae,Garrha repandula,Concealer Moth,1,42
Insect,Oecophoridae,Mimobrachyoma maculifera,,1,11
Insect,Pentatomidae,Eysarcoris distinctus,Shield Bug,1,17
Insect,Dermestidae,Dermestes ater,Black Larder Beetle,1,15
Insect,Mogoplistidae,Ornebius aperta,,1,13
Insect,Formicidae,Polyrhachis mjobergi,,1,16
Insect,Anthelidae,Anthela excellens,Grey-headed Anthelid,1,11
Insect,Oecophoridae,Enoplidia simplex,Concealer Moth,1,12
Insect,Oecophoridae,Garrha pudica,Concealer Moth,1,89
Insect,Noctuidae,Leucania leucosta,,1,14
Insect,Coccidae,Coccus hesperidum,Soft Brown Scale,1,25
Insect,Oecophoridae,Antipterna naias,Concealer Moth,1,10
Insect,Erebidae,Buzara latizona,,1,23
Insect,Colletidae,Pachyprosopis kellyi,Plasterer Bee,1,16
Insect,Oecophoridae,Garrha platyporphyra,,1,10
Insect,Crambidae,Protonoceras mitis,,1,10
Insect,Oecophoridae,Atheropla nigricincta,,1,12
Insect,Gracillariidae,Caloptilia azaleella,,1,16
Insect,Ichneumonidae,Diadegma semiclausum,,1,11
Insect,Geometridae,Oenochroma vetustaria,Geometer Moth,1,14
Insect,Scarabaeidae,Digitonthophagus gazella,Gazella Dung Beetle,1,20
Insect,Libellulidae,Urothemis aliena,Red Baron,1,13
Insect,Erebidae,Thallarcha rhaptophora,Moth,1,7
Insect,Pyralidae,Achroia grisella,Lesser Wax Moth,1,12
Insect,Tortricidae,Epitymbia cosmota,,1,8
Insect,Tortricidae,Eucosmogastra poetica,,1,14
Insect,Yloryctidae,Phthonerodes peridela,,1,12
Insect,Formicidae,Myrmecia comata,Bull Ant,1,12
Insect,Cicadellidae,Tortor daulias,,1,16
Insect,Pentatomidae,Austromalaya reticulata,,1,26
Insect,Pachygronthidae,Stenophyella macreta,Bug,1,36
Insect,Ichneumonidae,Heteropelma scaposum,Two-toned Caterpillar Parasite Wasp,1,42
Insect,Chrysididae,Myrmecomimesis nigricans,,1,10
Insect,Crambidae,Hymenia perspectalis,,1,19
Reptile,Scincidae,Cyclodomorphus branchialis,Gilled Slender Blue-tongue,1,3
Insect,Buprestidae,Nascioides parryi,,1,11
Insect,Crambidae,Hydriris ornatalis,,1,7
Insect,Crambidae,Rehimena cissophora,,1,4
Insect,Gomphidae,Austrogomphus australis,Inland Hunter,1,29
Insect,Aphalaridae,Cardiaspina bilobata,Psyllid Bug,1,15
Insect,Cleridae,Lemidia concinna,,1,3
Insect,Diapriidae,Rostropria spiniventris,,1,8
Insect,Hesperiidae,Hesperilla picta,Painted Sedge-skipper,1,18
Insect,Belidae,Rhinotia venusta,,1,12
Insect,Lasiocampidae,Pinara divisa,Lappet Moth,1,18
Insect,Oecophoridae,Isomoralla gephyrota,,1,26
Insect,Geometridae,Xanthorhoe anaspila,Geometer Moth,1,22
Insect,Lycaenidae,Neolucia mathewi,Broom Heath-blue,1,7
Insect,Curculionidae,Iptergonus bifurcatus,,1,18
Insect,Sphingidae,Cizara ardeniae,Cizara Hawk Moth,1,10
Insect,Pseudocaeciliidae,Austropsocus viridis,,1,18
Insect,Lycidae,Xylobanus heterodoxus,,1,15
Insect,Acrididae,Caledia captiva,,1,61
Reptile,Chelidae,Pseudemydura umbrina,Western Swamp Turtle,1,3
Insect,Depressariidae,Hypertropha tortriciformis,,1,25
Insect,Miridae,Nesidiocoris tenuis,Tomato Mirid,1,15
Insect,Chrysopidae,Glenochrysa opposita,,1,11
Insect,Noctuidae,Leucania dasycnema,,1,20
Insect,Tettigoniidae,Polichne brevipes,,1,24
Insect,Cossidae,Endoxyla coscinophanes,,1,24
Insect,Erebidae,Praxis edwardsii,Owlet Moth,1,30
Insect,Carabidae,Drypta australis,,1,13
Insect,Drepanidae,Hypsidia niphosema,,1,10
Insect,Hesperiidae,Badamia exclamationis,Brown Awl,1,24
Insect,Chrysomelidae,Monolepta juno,,1,10
Insect,Brentidae,Araiorrhinus howittii,,1,16
Insect,Curculionidae,Catasarcus asphaltinus,,1,18
Insect,Hepialidae,Fraus pteromela,Heath Fraus,1,19
Insect,Ichneumonidae,Enicospilus gardei,,1,8
Insect,Pentatomidae,Menida plebeia,,1,23
Insect,Aphalaridae,Dasypsylla brunnea,,1,18
Insect,Aphalaridae,Lasiopsylla rotundipennis,Yellowbox Lerp,1,15
Insect,Tachinidae,Microtropesa flaviventris,Horse Fly,1,6
Insect,Aeshnidae,Dendroaeschna conspersa,Wide-faced Darner,1,10
Insect,Erebidae,Gesonia obeditalis,,1,15
Insect,Psychidae,Clania lewinii,Bagworm Moth,1,51
Insect,Oecophoridae,Eulechria xeropterella,Concealer Moth,1,9
Insect,Pyralidae,Pyralis pictalis,,1,12
Insect,Cicadellidae,Carvaka mouldsorum,,1,6
Insect,Geometridae,Ciampa melanostrepta,,1,12
Insect,Acrididae,Austroicetes vulgaris,Southeastern Austroicetes Grasshopper,1,28
Insect,Scarabaeidae,Adoryphorus coulonii,Redheaded Pasture Cockchafer,1,51
Insect,Formicidae,Solenopsis geminata,Fire Ant,1,11
Insect,Ascalaphidae,Suhpalacsa dietrichiae,,1,6
Insect,Pergidae,Perga christii,Sawfly,1,8
Insect,Geometridae,Dichromodes disputata,Geometer Moth,1,13
Insect,Crambidae,Parapoynx stagnalis,,1,9
Insect,Curculionidae,Blepiarda undulata,,1,10
Insect,Tephritidae,Procecidochares utilis,,1,15
Insect,Lycaenidae,Jalmenus icilius,Icilius Blue,1,32
Insect,Curculionidae,Achopera lachrymosa,,1,18
Insect,Crambidae,Glycythyma chrysorycta,,1,7
Insect,Cleridae,Clerus gilberti,,1,7
Insect,Nolidae,Nola phaeogramma,Tuft Moth,1,20
Insect,Psyllidae,Acizzia uncatoides,,1,4
Insect,Psychidae,Lepidoscia confluens,,1,26
Insect,Colletidae,Hylaeus perplexus,,1,10
Insect,Oecophoridae,Mimobrachyoma pseudopis,,1,18
Insect,Curculionidae,Tepperia sterculiae,Kurrajong Seed Weevil,1,42
Insect,Aphididae,Myzus persicae,Green Peach Aphid,1,13
Insect,Buprestidae,Diphucrania albosparsa,,1,20
Insect,Mantispidae,Campion impressus,,1,16
Insect,Noctuidae,Proteuxoa cinereicollis,Owlet Moth,1,37
Insect,Geometridae,Chlenias gonosema,Geometer Moth,1,17
Insect,Colletidae,Pachyprosopis haematostoma,Plasterer Bee,1,20
Insect,Scarabaeidae,Plectris aliena,,1,20
Insect,Nymphidae,Nymphes nigrescens,,1,10
Insect,Nemestrinidae,Trichophthalma punctata,Tangle-veined Fly,1,33
Insect,Myrmeleontidae,Dendroleon longipennis,,1,7
Insect,Cleridae,Notopilo variipes,,1,16
Insect,Coccinellidae,Rodatus boucardi,,1,16
Insect,Geometridae,Xanthorhoe xanthospila,Geometer Moth,1,7
Insect,Cercopidae,Anyllis leiala,Froghopper,1,12
Insect,Oecophoridae,Barea meridarcha,Concealer Moth,1,22
Insect,Acrididae,Locusta migratoria,Migratory Locust,1,20
Insect,Geometridae,Catoria hemiprosopa,,1,7
Insect,Oecophoridae,Aeolocosma cycloxantha,,1,14
Insect,Cleridae,Lemidia bella,,1,13
Insect,Stathmopodidae,Stathmopoda astrapeis,,1,5
Insect,Epermeniidae,Epermenia exilis,,1,30
Insect,Nolidae,Nola tholera,,1,16
Insect,Oecophoridae,Eulechria encratodes,,1,15
Insect,Acrididae,Adreppus fallax,,1,12
Insect,Crambidae,Hednota longipalpella,Grass Moth,1,27
Insect,Coccinellidae,Olla v-nigrum,,1,17
Insect,Melyridae,Carphurus pallidifrons,,1,19
Insect,Lycidae,Porrostoma paradoxa,,1,26
Insect,Syrphidae,Austalis conjuncta,,1,20
Insect,Culicidae,Tripteroides atripes,Mosquito,1,22
Insect,Tortricidae,Meritastis laganodes,Leafroller Moth,1,40
Insect,Chrysomelidae,Monolepta themedicola,,1,9
Insect,Erebidae,Xanthanomis fuscifrons,,1,6
Insect,Crambidae,Scoparia crocospila,Grass Moth,1,22
Insect,Noctuidae,Proteuxoa epiplecta,,1,24
Insect,Rhyparochromidae,Pamerapa thoracica,Seed Bug,1,15
Insect,Synthemistidae,Synthemis eustalacta,Swamp Tigertail,1,30
Insect,Oecophoridae,Piloprepes gelidella,,1,4
Insect,Spongiphoridae,Labia minor,,1,10
Insect,Formicidae,Tetramorium confusum,,1,14
Insect,Formicidae,Dolichoderus inferus,Dolly Ant,1,16
Insect,Cantharidae,Chauliognathus inconstans,,1,20
Insect,Coreidae,Amorbus rhombifer,Leaf-footed Bug,1,35
Insect,Culicidae,Aedes kochi,,1,18
Insect,Sphingidae,Hyles livornicoides,Whitelined Hawk Moth,1,20
Insect,Mantidae,Statilia apicalis,,1,26
Insect,Halictidae,Nomia rubroviridis,,1,22
Insect,Cicadellidae,Ledromorpha planirostris,Leafhopper,1,130
Insect,Lucanidae,Cacostomus squamosus,,1,11
Insect,Scarabaeidae,Onthophagus mniszechi,Threehorned Dung Beetle,1,25
Insect,Aphididae,Hysteroneura setariae,Rusty Plum Aphid,1,9
Insect,Bostrichidae,Bostrychopsis jesuita,Large Auger Beetle,1,18
Insect,Tortricidae,Subfurcatana subfurcatana,,1,20
Insect,Noctuidae,Ectopatria aspera,Owlet Moth,1,32
Insect,Sphingidae,Psilogramma menephron,,1,17
Insect,Cicadidae,Taurella forresti,,1,36
Insect,Oecophoridae,Eulechria convictella,,1,24
Insect,Geometridae,Hypomecis pallidiscaria,,1,14
Insect,Pteromalidae,Perilampella hecataeus,,1,18
Insect,Chrysomelidae,Trachymela rugosa,,1,8
Insect,Noctuidae,Mataeomera ligata,Owlet Moth,1,20
Insect,Lycaenidae,Zizeeria karsandra,Dark Grass-blue,1,11
Insect,Calliphoridae,Chrysomya incisuralis,Blow Fly,1,19
Reptile,Pygopodidae,Aprasia aurita,Eared Worm-lizard,1,3
Reptile,Typhlopidae,Anilios proximus,Proximus Blind Snake,1,3
Reptile,Diplodactylidae,Strophurus williamsi,Eastern Spiny-tailed Gecko,1,5
Insect,Pentatomidae,Dictyotus conspicuus,Shield Bug,1,33
Insect,Cerambycidae,Pempsamacra tillides,,1,21
Insect,Tortricidae,Asthenoptycha sphaltica,Leafroller Moth,1,19
Insect,Geometridae,Chaetolopha oxyntis,Geometer Moth,1,43
Insect,Hepialidae,Abantiades hydrographus,,1,24
Insect,Psyllidae,Acizzia conspicua,,1,6
Insect,Lasiocampidae,Genduara acedesta,Lappet Moth,1,14
Insect,Oxycarenidae,Oxycarenus arctatus,Coon Bug,1,30
Insect,Curculionidae,Decilaus medioalbus,,1,10
Insect,Lonchopteridae,Lonchoptera bifurcata,,1,26
Insect,Halictidae,Lipotriches gracilipes,Sweat Bee,1,12
Insect,Oecophoridae,Chezala fulvia,Concealer Moth,1,6
Insect,Carabidae,Chlaenius hamifer,,1,9
Insect,Sphecidae,Sphex cognatus,,1,29
Insect,Noctuidae,Zalissa catocalina,,1,9
Insect,Yloryctidae,Cryptophasa nubila,,1,6
Insect,Pyralidae,Lamoria eumeces,,1,18
Insect,Formicidae,Crematogaster cornigera,,1,30
Insect,Notodontidae,Hobartina amblyiodes,Moth,1,7
Insect,Lasiocampidae,Pinara cana,Lappet Moth,1,14
Insect,Monomachidae,Monomachus antipodalis,Wasp,1,23
Insect,Cosmopterigidae,Macrobathra ceraunobola,Cosmet Moth,1,22
Insect,Mantispidae,Austromantispa trevori,,1,22
Insect,Cicadellidae,Nephotettix nigropictus,,1,11
Insect,Oecophoridae,Phryganeutis cinerea,Concealer Moth,1,40
Insect,Pyralidae,Cardamyla carinentalis,,1,25
Insect,Oecophoridae,Eochrois callianassa,Concealer Moth,1,4
Insect,Bombyliidae,Ligyra cingulata,,1,6
Insect,Pyralidae,Orthaga picta,,1,7
Insect,Crambidae,Anydraula glycerialis,,1,10
Insect,Dolichopodidae,Negrobovia australensis,Long-legged Fly,1,11
Insect,Formicidae,Myrmecia swalei,,1,19
Insect,Miridae,Campylomma liebknechti,Apple Dimpling Bug,1,19
Insect,Aleyrodidae,Pseudozaphanera wariensis,Species Of Whiteflies,1,23
Insect,Rhyparochromidae,Paramyocara iridescens,,1,10
Insect,Reduviidae,Ectomocoris decoratus,Assassin Bug,1,24
Insect,Notodontidae,Hylaeora eucalypti,Eucalyptus Prominent Moth,1,25
Insect,Chrysomelidae,Paropsisterna octolineata,,1,22
Insect,Anthribidae,Euciodes suturalis,Beetle,1,18
Insect,Miridae,Ragwelellus suspectus,,1,39
Insect,Belidae,Rhinotia bimaculata,,1,30
Insect,Phasmatidae,Echetlus peristhenes,Wa Slender Stick-insect,1,15
Insect,Colletidae,Euhesma tubulifera,,1,6
Insect,Tachinidae,Eurygastropsis tasmaniae,,1,15
Insect,Carabidae,Lebia melanonota,,1,9
Insect,Lestidae,Austrolestes io,Iota Ringtail,1,34
Insect,Chrysomelidae,Paropsisterna hectica,,1,8
Insect,Colletidae,Hylaeus amiculinus,Plasterer Bee,1,16
Insect,Cerambycidae,Uracanthus cryptophagus,,1,16
Insect,Oecophoridae,Zonopetala glauconephela,,1,13
Insect,Depressariidae,Eutorna pabulicola,,1,6
Insect,Tettigoniidae,Polichne tenuis,,1,13
Insect,Bombyliidae,Comptosia vittata,Bee Fly,1,18
Insect,Oecophoridae,Sphyrelata amotella,,1,16
Insect,Oecophoridae,Catadoceta xanthostephana,Concealer Moth,1,18
Insect,Gelechiidae,Macrenches clerica,Twirler Moth,1,14
Insect,Buprestidae,Castiarina nasuta,,1,21
Insect,Crambidae,Omiodes odontosticta,,1,6
Insect,Cerambycidae,Uracanthus bivitta,,1,8
Insect,Sphingidae,Acosmeryx miskini,,1,9
Insect,Buprestidae,Diphucrania leucosticta,,1,31
Insect,Anthelidae,Anthela canescens,Lappet Moth,1,20
Insect,Tortricidae,Sobriana stigmatias,,1,5
Insect,Scutelleridae,Choerocoris variegatus,Shield Bug,1,40
Insect,Geometridae,Euloxia meandraria,Two-lined Emerald,1,10
Insect,Tenebrionidae,Atoichus bicolor,,1,13
Insect,Cosmopterigidae,Glaphyristis marmarea,,1,9
Insect,Rhyparochromidae,Dieuches scutellatus,,1,5
Insect,Colletidae,Leioproctus clarki,Plasterer Bee,1,14
Insect,Limoniidae,Epiphragma meridionalis,Crane Fly,1,12
Insect,Geometridae,Chloroclystis mniochroa,,1,10
Insect,Phoridae,Megaselia scalaris,,1,18
Insect,Geometridae,Aphantes melanochorda,Geometer Moth,1,12
Insect,Formicidae,Camponotus ephippium,Jumbuck Sugar Ant,1,29
Insect,Hepialidae,Oxycanus sirpus,Ghost Moth,1,12
Insect,Curculionidae,Steriphus diversipes,Spotted Vegetable Weevil,1,10
Insect,Pyralidae,Heteromicta poeodes,,1,7
Insect,Chrysomelidae,Paropsisterna semivittata,,1,16
Insect,Syrphidae,Eristalinus aurulans,,1,17
Insect,Gracillariidae,Macarostola ida,,1,8
Insect,Phoridae,Sciadocera rufomaculata,Hump-backed Fly,1,12
Insect,Colletidae,Meroglossa rubricata,,1,14
Insect,Cicadellidae,Diemoides anomalus,,1,14
Insect,Cossidae,Idioses littleri,Carpenter Moth,1,9
Insect,Chrysomelidae,Trachymela echo,,1,17
Insect,Crambidae,Calamotropha paludella,,1,14
Insect,Nolidae,Elesma subglauca,Tuft Moth,1,10
Insect,Erebidae,Thallarcha trissomochla,Moth,1,15
Insect,Acanthosomatidae,Hiarchas crassicornis,Shield Bug,1,11
Insect,Oecophoridae,Prepocosma innocens,,1,17
Insect,Ichneumonidae,Lissonota bella,,1,6
Insect,Erebidae,Calyptra minuticornis,,1,18
Insect,Reduviidae,Empicoris rubromaculatus,Assassin Bug,1,23
Insect,Cerambycidae,Rhinophthalmus modestus,,1,17
Insect,Geometridae,Rhinodia undiferaria,,1,14
Insect,Acanthosomatidae,Anischys luteovarius,Shield Bug,1,37
Insect,Tephritidae,Austrotephritis pelia,,1,32
Insect,Tortricidae,Epitymbia isoscelana,,1,19
Insect,Pentatomidae,Cuspicona carneola,Shield Bug,1,10
Insect,Geometridae,Dichromodes molybdaria,,1,16
Insect,Erebidae,Mormoscopa phricozona,Litter Moth,1,59
Insect,Brentidae,Exapion ulicis,,1,8
Insect,Trigonidiidae,Trigonidium meekappa,,1,4
Insect,Melyridae,Carphurus fasciculatus,,1,16
Insect,Fulgoridae,Eurinopsyche obscurata,,1,12
Insect,Yloryctidae,Xylorycta argentella,,1,8
Insect,Achilidae,Anabunda retortinervis,,1,18
Insect,Cicadidae,Atrapsalta collina,,1,7
Insect,Chrysomelidae,Paropsisterna liturata,,1,13
Insect,Oecanthidae,Oecanthus rufescens,,1,22
Insect,Erebidae,Heliosia jucunda,Moth,1,20
Insect,Formicidae,Myrmecia clarki,,1,8
Insect,Geometridae,Authaemon stenonipha,Geometer Moth,1,14
Insect,Lucanidae,Figulus regularis,,1,9
Insect,Oecophoridae,Philobota stella,Concealer Moth,1,39
Insect,Hesperiidae,Toxidia rietmanni,White-brand Grass-skipper,1,27
Insect,Nolidae,Acatapaustus leucospila,Tuft Moth,1,10
Insect,Gelechiidae,Ardozyga stratifera,Twirler Moth,1,25
Insect,Culicidae,Verrallina funerea,,1,27
Insect,Buprestidae,Castiarina crenata,,1,34
Insect,Pergidae,Pseudoperga lewisii,Sawfly,1,25
Insect,Gryllidae,Acheta domesticus,,1,26
Insect,Crambidae,Parotis punctiferalis,,1,7
Insect,Noctuidae,Proteuxoa gypsina,Owlet Moth,1,14
Insect,Muscidae,Hydrotaea chalcogaster,,1,14
Insect,Cosmopterigidae,Labdia bryomima,,1,5
Insect,Coccinellidae,Phrynocaria gratiosa,,1,22
Insect,Cecidomyiidae,Dasineura rubiformis,,1,15
Insect,Ethmiidae,Ethmia eupostica,Moth,1,22
Insect,Curculionidae,Otiorhynchus cribricollis,Apple Weevil,1,23
Insect,Asilidae,Mauropteron pelago,Robber Fly,1,12
Insect,Coreidae,Canungrantmictis morindana,,1,12
Insect,Yloryctidae,Lichenaula onychotypa,Concealer Moth,1,14
Insect,Cosmopterigidae,Macrobathra embroneta,,1,8
Insect,Pergidae,Perga schiodtei,,1,15
Insect,Oecophoridae,Thema brevivitella,Concealer Moth,1,27
Insect,Noctuidae,Hyposada hydrocampata,,1,6
Insect,Curculionidae,Zymaus angustus,,1,9
Insect,Cosmopterigidae,Macrobathra trithyra,,1,5
Insect,Cerambycidae,Stenoderus ostricilla,,1,16
Insect,Aphalaridae,Creiis longipennis,Psyllid Bug,1,15
Insect,Formicidae,Anonychomyrma itinerans,Ant,1,30
Insect,Tortricidae,Aspila molesta,,1,13
Insect,Cecidomyiidae,Trigonomyia cristata,,1,11
Insect,Erebidae,Speiredonia mutabilis,Owlet Moth,1,14
Insect,Eurybrachidae,Gelastopsis insignis,,1,19
Insect,Membracidae,Bunyella dromedarius,,1,7
Insect,Cosmopterigidae,Trachydora droserodes,,1,8
Insect,Cerambycidae,Bardistus cibarius,Badee Grub,1,21
Insect,Apidae,Ceratina australensis,,1,14
Insect,Nolidae,Aquita tactalis,Tuft Moth,1,11
Insect,Acrididae,Goniaea carinata,,1,19
Insect,Coreidae,Acantholybas brunneus,,1,16
Insect,Oecophoridae,Palimmeces poecilella,Concealer Moth,1,20
Insect,Scarabaeidae,Haploscapanes barbarossa,,1,8
Insect,Megachilidae,Megachile fabricator,,1,5
Insect,Oecophoridae,Tisobarica thyteria,Concealer Moth,1,29
Insect,Yloryctidae,Cryptophasa sacerdos,,1,5
Insect,Acanthosomatidae,Hiarchas angularis,Shield Bug,1,8
Insect,Cerambycidae,Eurynassa australis,Wattle Root Longicorn,1,12
Insect,Gracillariidae,Polysoma eumetalla,,1,21
Insect,Cerambycidae,Hermerius prionoides,,1,16
Insect,Geometridae,Idaea pseliota,Geometer Moth,1,19
Insect,Tabanidae,Tabanus australicus,,1,17
Insect,Rhopalidae,Leptocoris rufomarginatus,,1,7
Insect,Thripidae,Anaphothrips carlylei,,1,17
Insect,Erebidae,Goniocraspedon mistura,,1,7
Insect,Nepidae,Ranatra dispar,Needle Bug,1,22
Insect,Crambidae,Conogethes pluto,,1,9
Insect,Blattellidae,Johnrehnia solida,,1,13
Insect,Scarabaeidae,Onthophagus ferox,Western Dung Beetle,1,21
Insect,Alydidae,Noliphus annulipes,,1,12
Insect,Tettigoniidae,Geoffagraecia gwinganna,,1,11
Insect,Acrididae,Pardillana limbata,,1,32
Insect,Lycaenidae,Hypolycaena phorbas,Common Tit,1,17
Insect,Delphacidae,Thrasymemnon kaha,,1,6
Insect,Formicidae,Odontomachus ruficeps,Trap-jaw Ant,1,11
Insect,Tenebrionidae,Lepturidea punctulaticollis,,1,16
Insect,Formicidae,Tetramorium impressum,,1,19
Insect,Zygaenidae,Hestiochora erythrota,,1,7
Insect,Erebidae,Lambula transcripta,,1,12
Insect,Curculionidae,Oemethylus triangularis,Wild Passionfruit Weevil,1,11
Insect,Muscidae,Muscina stabulans,,1,40
Insect,Geometridae,Taxeotis intermixtaria,Geometer Moth,1,20
Insect,Formicidae,Aphaenogaster pythia,Ant,1,15
Insect,Libellulidae,Rhyothemis braganza,Iridescent Flutterer,1,9
Insect,Lestidae,Indolestes alleni,Small Reedling,1,6
Insect,Chrysomelidae,Phola octodecimguttata,,1,9
Insect,Noctuidae,Argyrogramma signata,,1,5
Insect,Tachinidae,Microtropesa nigricornis,,1,9
Insect,Eriococcidae,Apiomorpha pedunculata,,1,19
Insect,Chrysomelidae,Edusella perplexa,,1,21
Insect,Buprestidae,Castiarina ocelligera,,1,4
Insect,Scarabaeidae,Repsimus aeneus,Repsimus Beetle,1,42
Insect,Yloryctidae,Lichenaula choriodes,,1,21
Insect,Noctuidae,Ectopatria clavigera,,1,6
Insect,Rhyparochromidae,Aristaenetus similis,,1,7
Insect,Hepialidae,Oncopera intricoides,Ghost Moth,1,3
Insect,Geometridae,Idiodes siculoides,Geometer Moth,1,14
Insect,Eriococcidae,Apiomorpha duplex,,1,5
Insect,Erebidae,Thallarcha pellax,Moth,1,3
Insect,Anthelidae,Munychryia senicula,Grey Anthelid,1,18
Insect,Crambidae,Scoparia axiolecta,,1,5
Insect,Sphingidae,Cephonodes hylas,,1,12
Insect,Gomphidae,Austroepigomphus praeruptus,Twinspot Hunter,1,8
Insect,Mutillidae,Ephutomorpha pulchella,,1,3
Insect,Ichneumonidae,Syrphoctonus nigreoauratilis,,1,13
Insect,Brentidae,Cylas formicarius,,1,15
Insect,Geometridae,Capusa graodes,Geometer Moth,1,8
Insect,Crambidae,Voliba scoparialis,,1,13
Insect,Syrphidae,Betasyrphus serarius,,1,18
Insect,Megachilidae,Megachile tosticauda,Bee,1,19
Insect,Chrysomelidae,Longitarsus echii,Salvation Jane Flea Beetle,1,12
Insect,Cicadellidae,Reuplemmeles hobartensis,Leafhopper,1,8
Insect,Cerambycidae,Coptocercus multitrichus,,1,12
Insect,Formicidae,Anonychomyrma fornicata,Ant,1,11
Insect,Formicidae,Polyrhachis lydiae,,1,13
Insect,Gracillariidae,Caloptilia octopunctata,,1,10
Insect,Curculionidae,Mitrastethus baridioides,Pine Stump Weevil,1,6
Insect,Elipsocidae,Propsocus pulchripennis,,1,6
Insect,Crambidae,Agrotera genuflexa,,1,5
Insect,Ichneumonidae,Enicospilus nigrinervis,,1,4
Insect,Carabidae,Chlaenius greyanus,,1,12
Insect,Cleridae,Eleale pantomelas,,1,4
Insect,Cicadellidae,Fieberiella florii,,1,12
Insect,Formicidae,Camponotus rufus,Ant,1,12
Insect,Austropetaliidae,Austropetalia tonyana,Alpine Redspot,1,9
Insect,Trogossitidae,Leperina decorata,,1,21
Insect,Geometridae,Taxeotis adelpha,,1,3
Insect,Cossidae,Culama anthracica,Carpenter Moth,1,7
Insect,Rhinotermitidae,Coptotermes michaelseni,,1,12
Insect,Formicidae,Camponotus oxleyi,Sugar Ant,1,19
Insect,Heteromyzidae,Tapeigaster cinctipes,Fly,1,5
Insect,Erebidae,Termessa catocalina,Moth,1,6
Insect,Tettigoniidae,Polichne spinulosa,,1,21
Insect,Colletidae,Hylaeus turgicollaris,,1,3
Insect,Chrysomelidae,Paropsis aspera,,1,27
Insect,Tettigoniidae,Lanciana semialata,,1,3
Insect,Vespidae,Paralastor parca,Wasp,1,8
Insect,Cleridae,Eleale lepida,Clerid Beetle,1,8
Insect,Hyocephalidae,Hyocephalus aprugnus,,1,11
Insect,Tettigoniidae,Nicsara trigonalis,,1,5
Insect,Erotylidae,Thallis vinula,,1,15
Insect,Geometridae,Cleora goldfinchi,,1,6
Insect,Pentatomidae,Lubentius marginellus,Shield Bug,1,7
Insect,Cicadellidae,Dialecticopteryx australica,Fig Leafhopper,1,11
Insect,Oecophoridae,Ochyrolopha praecana,,1,2
Insect,Formicidae,Leptomyrmex rothneyi,,1,7
Insect,Oecophoridae,Lepidotarsa alphitella,Concealer Moth,1,3
Insect,Carabidae,Scaraphites rotundipennis,,1,20
Insect,Noctuidae,Leucania rhodopsara,,1,4
Insect,Glyphipterigidae,Glyphipterix iometalla,,1,6
Insect,Calliphoridae,Amenia sexpunctata,,1,3
Insect,Flatidae,Colgar tricolor,,1,5
Insect,Geometridae,Epidesmia reservata,,1,7
Insect,Pentatomidae,Protestrica subpunctata,,1,8
Insect,Aeshnidae,Austroaeschna atrata,Mountain Darner,1,16
Insect,Pyralidae,Balanomis encyclia,,1,11
Insect,Cerambycidae,Nenenia fasciata,,1,4
Insect,Cerambycidae,Atesta sparsum,,1,5
Insect,Anthribidae,Taburnus breviceps,,1,8
Insect,Lauxaniidae,Homoneura binotata,,1,25
Insect,Hemerobiidae,Megalomina berothoides,,1,19
Insect,Tineidae,Erechthias diaphora,,1,2
Insect,Ichneumonidae,Drepanoctonus bifasciatus,,1,9
Insect,Yloryctidae,Lichenaula onychodes,Concealer Moth,1,30
Insect,Crambidae,Metasia liophaea,,1,4
Insect,Tortricidae,Bactra venosana,,1,3
Insect,Curculionidae,Paratranes zimmermani,,1,10
Insect,Erebidae,Orgyia athlophora,,1,11
Insect,Nepticulidae,Pectinivalva acmenae,,1,3
Insect,Stratiomyidae,Lecomyia cyanea,,1,8
Insect,Erebidae,Symmetrodes sciocosma,,1,6
Insect,Oecophoridae,Oxythecta acceptella,Concealer Moth,1,10
Insect,Geometridae,Oenochroma subustaria,Geometer Moth,1,22
Insect,Tachinidae,Microtropesa intermedia,Horse Fly,1,5
Insect,Tineidae,Edosa hypocritica,Fungus Moth,1,4
Insect,Tortricidae,Tritopterna capyra,,1,9
Insect,Anthribidae,Araecerus fasciculatus,Beetle,1,15
Insect,Colletidae,Hylaeus aralis,Plasterer Bee,1,40
Insect,Chrysomelidae,Cadmus litigiosus,,1,23
Insect,Carabidae,Lebia brisbanensis,,1,8
Insect,Megalyridae,Megalyra fasciipennis,,1,7
Insect,Oecophoridae,Tortricopsis semijunctella,Concealer Moth,1,10
Insect,Depressariidae,Thudaca crypsidesma,,1,5
Insect,Euteliidae,Chlumetia euthysticha,,1,3
Insect,Oecophoridae,Atalopsis heniocha,,1,19
Insect,Cossidae,Sympycnodes epicycla,Carpenter Moth,1,9
Insect,Syrphidae,Orthoprosopa grisea,Hover Fly,1,18
Insect,Geometridae,Taxeotis exsectaria,Geometer Moth,1,8
Insect,Pterophoridae,Imbophorus aptalis,Plume Moth,1,13
Insect,Oecophoridae,Barea phaeomochla,Concealer Moth,1,22
Reptile,Elapidae,Hydrophis stokesii,Stokes's Sea Snake,1,2
Reptile,Elapidae,Pseudonaja modesta,Ringed Brown Snake,1,2
Reptile,Diplodactylidae,Oedura marmorata,Marbled Velvet Gecko,1,3
Insect,Gelechiidae,Ardozyga odorifera,,1,4
Insect,Erebidae,Britha biguttata,,1,6
Insect,Rhyparochromidae,Plinthisus woodwardi,Seed Bug,1,20
Insect,Curculionidae,Poropterus conifer,,1,13
Insect,Protocucujidae,Ericmodes australis,,1,3
Insect,Aradidae,Euricoris australicus,,1,4
Insect,Cicadidae,Kobonga umbrimargo,Cicada,1,8
Insect,Geocoridae,Australocoris fuscomaculatus,,1,13
Insect,Chrysomelidae,Hispellinus fimbriatus,,1,5
Insect,Heteromyzidae,Tapeigaster luteipennis,Fly,1,15
Insect,Immidae,Imma loxoscia,,1,7
Insect,Leptoceridae,Oecetis australis,Caddisfly,1,4
Insect,Oecophoridae,Ischnomorpha charierga,,1,7
Insect,Chloropidae,Apotropina albiseta,,1,10
Insect,Tiphiidae,Catocheilus crinitus,,1,10
Insect,Erebidae,Achaea argilla,,1,6
Insect,Oecophoridae,Acantholena hiemalis,,1,34
Insect,Oecophoridae,Cosmaresta hyphanta,,1,4
Insect,Fulgoridae,Desudaba aulica,,1,28
Insect,Buprestidae,Diphucrania viridipurpurea,,1,17
Insect,Chironomidae,Procladius paludicola,Midge,1,19
Insect,Rhyparochromidae,Horridipamera robusta,,1,3
Insect,Cerambycidae,Phalota obscura,,1,27
Insect,Coccinellidae,Chilocorus circumdatus,,1,17
Insect,Aphalaridae,Cardiaspina densitexta,,1,17
Insect,Libellulidae,Tramea eurybia,Dune Glider,1,46
Insect,Tiphiidae,Guerinius flaviventris,,1,7
Insect,Bombyliidae,Aleucosia atherix,Bee Fly,1,6
Insect,Cerambycidae,Disterna pumila,,1,3
Insect,Staphylinidae,Aleochara rufopyga,,1,12
Insect,Aphididae,Aphis spiraecola,Apple Aphid,1,20
Insect,Geometridae,Syneora odontosticha,,1,12
Insect,Colletidae,Callohesma calliopsiformis,Plasterer Bee,1,6
Insect,Belidae,Rhinotia tenuis,,1,6
Insect,Hemerobiidae,Megalomina acuminata,,1,6
Insect,Erebidae,Ophiusa discriminans,,1,11
Insect,Oecophoridae,Euchaetis iospila,Concealer Moth,1,5
Insect,Flatidae,Lesabes handschini,,1,5
Insect,Crambidae,Autocharis hedyphaes,,1,27
Insect,Oenosandridae,Discophlebia celaena,Snub Moth,1,10
Insect,Colletidae,Hyphesma atromicans,Plasterer Bee,1,5
Insect,Baetidae,Cloeon fluviatile,Mayfly,1,13
Insect,Lycidae,Porrostoma ordinarium,,1,10
Insect,Geometridae,Dichromodes poecilotis,,1,18
Insect,Pompilidae,Calopompilus ornatipennis,,1,6
Insect,Anthicidae,Omonadus floralis,,1,2
Insect,Tipulidae,Leptotarsus setivena,Crane Fly,1,5
Insect,Chironomidae,Chironomus australis,Midge,1,30
Insect,Kalotermitidae,Bifiditermes improbus,Termite,1,7
Insect,Nitidulidae,Brachypeplus basalis,,1,4
Insect,Lycaenidae,Sahulana scintillata,Glistening Blue,1,29
Insect,Cicadidae,Clinopsalta adelaida,Cicada,1,24
Insect,Megachilidae,Megachile semiluctuosa,Bee,1,7
Insect,Gerridae,Limnogonus fossarum,Water Strider,1,13
Insect,Erebidae,Oxyodes scrobiculata,,1,6
Insect,Cerambycidae,Omophaena taeniata,,1,9
Insect,Psychidae,Metura phyllosacca,,1,5
Insect,Gracillariidae,Dialectica scalariella,,1,55
Insect,Geometridae,Parepisparis excusata,Geometer Moth,1,22
Insect,Eriococcidae,Apiomorpha ovicola,,1,3
Insect,Oecophoridae,Acanthodela erythrosema,Concealer Moth,1,7
Insect,Geometridae,Chlorodes boisduvalaria,Geometer Moth,1,10
Insect,Chrysomelidae,Lema togata,,1,13
Insect,Oecophoridae,Philobota iphigenes,Concealer Moth,1,10
Insect,Cerambycidae,Notoceresium impressiceps,,1,2
Insect,Crabronidae,Clitemnestra guttatula,,1,9
Insect,Oecophoridae,Barea bathrochorda,,1,34
Reptile,Scincidae,Ctenotus labillardieri,Common South-west Ctenotus,1,2
Insect,Noctuidae,Proteuxoa atra,Owlet Moth,1,12
Insect,Pieridae,Delias aestiva,Mangrove Jezebel,1,12
Insect,Hemerobiidae,Notiobiella viridis,,1,20
Insect,Crambidae,Anemosa isadasalis,,1,4
Insect,Cicadidae,Arenopsaltria fullo,Sandgrinder,1,26
Reptile,Elapidae,Cryptophis pallidiceps,Northern Small-eyed Snake,1,3
Insect,Coccinellidae,Archegleis edwardsi,,1,4
Insect,Erebidae,Buzara frontinus,,1,5
Insect,Buprestidae,Nascio simillima,,1,6
Insect,Erebidae,Calathusa hypotherma,,1,7
Insect,Tortricidae,Lobesia peltophora,,1,14
Insect,Noctuidae,Proteuxoa paratorna,Owlet Moth,1,11
Insect,Alydidae,Riptortus linearis,Bean Podsucking Bug,1,14
Insect,Erebidae,Dichromia quinqualis,,1,4
Insect,Geometridae,Chrysolarentia bichromata,Geometer Moth,1,20
Insect,Chrysomelidae,Paropsisterna morio,,1,19
Insect,Tettigoniidae,Polichne longipes,,1,19
Insect,Erebidae,Calathusa mesospila,,1,9
Insect,Tenebrionidae,Amarygmus watti,,1,8
Insect,Pyralidae,Heteromicta aegidia,,1,13
Insect,Geometridae,Amelora zophopasta,Geometer Moth,1,7
Insect,Batrachedridae,Batrachedra liopis,,1,2
Insect,Cicadidae,Yoyetta regalis,,1,13
Insect,Sciaridae,Pseudozygomma maculipennis,,1,6
Insect,Cerambycidae,Psilomorpha tenuipes,,1,8
Insect,Tephritidae,Austrotephritis bushi,Primitive Crane Fly,1,13
Insect,Aphalaridae,Cardiaspina retator,Redgum Basket Lerp,1,5
Insect,Geometridae,Dichromodes confluaria,Geometer Moth,1,11
Insect,Triozidae,Casuarinicola australis,Jumping Plant Louse,1,11
Insect,Oedemeridae,Copidita sloanei,,1,11
Insect,Derbidae,Kaha perfecta,,1,4
Insect,Oecophoridae,Eulechria melesella,Concealer Moth,1,2
Insect,Notodontidae,Epicoma tristis,Moth,1,14
Insect,Chrysomelidae,Monolepta rubrofasciata,,1,6
Insect,Geometridae,Comostola leucomerata,,1,21
Insect,Cicadellidae,Carvaka flava,,1,6
Insect,Bombyliidae,Aleucosia cuneata,,1,13
Insect,Elateridae,Monocrepidus eveillardi,,1,4
Insect,Geometridae,Furcatrox procera,Geometer Moth,1,7
Insect,Curculionidae,Gonipterus suturalis,,1,4
Insect,Cossidae,Culama suffusca,Carpenter Moth,1,7
Insect,Lycaenidae,Pseudalmenus chlorinda,Silky Hairstreak,1,14
Insect,Cosmopterigidae,Labdia chryselectra,,1,6
Insect,Apidae,Exoneurella setosa,,1,5
Insect,Erebidae,Fodina ostorius,,1,8
Insect,Formicidae,Polyrhachis sokolova,,1,5
Insect,Gelechiidae,Ardozyga thermochroa,,1,20
Insect,Cicadidae,Pyropsalta rhythmica,Sprinkler Cicada,1,12
Insect,Pieridae,Catopsilia gorgophone,Yellow Migrant,1,22
Insect,Erebidae,Eublemma lozostropha,,1,3
Insect,Erebidae,Laelia obsoleta,,1,21
Insect,Ichneumonidae,Camptotypus lachesis,,1,4
Insect,Crambidae,Canuza euspilella,,1,19
Insect,Melyridae,Carphurus strigicollis,,1,14
Insect,Colletidae,Hylaeus proximus,Plasterer Bee,1,29
Insect,Sphingidae,Coequosa triangularis,Double-headed Hawk Moth,1,12
Insect,Erotylidae,Episcaphula duplopunctata,,1,8
Insect,Curculionidae,Leptopius setosus,,1,10
Insect,Geometridae,Syneora leucanthes,,1,12
Insect,Stratiomyidae,Microchrysa wrightae,,1,2
Insect,Crambidae,Cirrhochrista punctulata,,1,2
Insect,Cicadidae,Yoyetta denisoni,Firetail,1,21
Insect,Scarabaeidae,Aphanesthes succinea,,1,35
Insect,Geometridae,Casbia farinalis,Geometer Moth,1,17
Insect,Cerambycidae,Rhytiphora collaris,,1,16
Insect,Cleridae,Paratillus carus,,1,8
Insect,Crambidae,Achyra nigrirenalis,,1,20
Insect,Curculionidae,Emplesis bifoveata,,1,5
Insect,Pterophoridae,Trichoptilus ceramodes,Plume Moth,1,12
Insect,Rhyparochromidae,Austroxestus australiensis,Seed Bug,1,3
Insect,Buprestidae,Temognatha variabilis,,1,9
Insect,Oecophoridae,Eochrois epidesma,Concealer Moth,1,20
Insect,Gelechiidae,Dichomeris zygophorus,,1,4
Insect,Cerambycidae,Phlyctaenodes pustulatus,,1,4
Insect,Gelechiidae,Aproaerema isoscelixantha,,1,6
Insect,Carabidae,Anomotarus crudelis,,1,20
Insect,Cupedidae,Adinolepis youanga,,1,5
Insect,Tenebrionidae,Emcephalus lacordairei,,1,8
Insect,Buprestidae,Temognatha flavicollis,,1,3
Insect,Mantispidae,Campion tenuistrigus,,1,15
Insect,Muscidae,Coenosia acuticornis,,1,15
Insect,Crambidae,Bradina admixtalis,,1,14
Insect,Cosmopterigidae,Limnaecia chionospila,,1,23
Insect,Ascalaphidae,Pilacmonotus sabulosus,,1,4
Insect,Formicidae,Iridomyrmex discors,Ant,1,4
Insect,Geometridae,Encryphia frontisignata,,1,3
Insect,Pentatomidae,Poecilometis eximius,,1,10
Insect,Eriococcidae,Apiomorpha spinifer,Felt Scale Insect,1,10
Insect,Gelechiidae,Ardozyga desmatra,Twirler Moth,1,18
Insect,Bombyliidae,Aleucosia calophthalma,Bee Fly,1,9
Insect,Crambidae,Strepsinoma foveata,,1,9
Insect,Chironomidae,Nasuticladius wirthi,Midge,1,2
Insect,Gracillariidae,Acrocercops unilineata,,1,4
Insect,Sphecidae,Prionyx saevus,,1,12
Insect,Yloryctidae,Cryptophasa catharia,,1,3
Insect,Pergidae,Xyloperga lalage,Sawfly,1,10
Insect,Tenebrionidae,Lepturidea viridis,,1,16
Insect,Cerambycidae,Stenoderus concolor,,1,16
Insect,Platystomatidae,Rivellia connata,,1,18
Insect,Depressariidae,Agriophara discobola,Concealer Moth,1,18
Insect,Elateridae,Crepidomenus fulgidus,,1,7
Insect,Tenebrionidae,Helea ovata,,1,44
Insect,Erebidae,Corgatha drosera,,1,15
Insect,Yponomeutidae,Yponomeuta paurodes,,1,9
Insect,Bombyliidae,Anthrax opacus,,1,5
Insect,Cecidomyiidae,Dasineura glauca,,1,23
Insect,Formicidae,Monomorium floricola,Flower Ant,1,8
Insect,Bombyliidae,Oncodosia patula,,1,7
Insect,Formicidae,Crematogaster frivola,,1,10
Insect,Crambidae,Eudonia anthracias,,1,7
Insect,Gelechiidae,Dichomeris ochreoviridella,,1,9
Insect,Noctuidae,Mataeomera mesotaenia,Owlet Moth,1,66
Insect,Blattidae,Platyzosteria melanaria,Cockroach,1,28
Insect,Curculionidae,Prophaesia confusa,,1,8
Insect,Spongiphoridae,Paraspania torpeo,,1,3
Insect,Cicadidae,Diemeniana euronotiana,Cicada,1,12
Insect,Crambidae,Conogethes semifascialis,,1,3
Insect,Pterophoridae,Tetraschalis arachnodes,,1,6
Insect,Colletidae,Hyleoides zonalis,,1,7
Insect,Phlaeothripidae,Gynaikothrips uzeli,,1,6
Insect,Formicidae,Orectognathus mjobergi,,1,7
Insect,Formicidae,Rhytidoponera mayri,Titan Pony Ant,1,15
Insect,Crambidae,Metasia pharisalis,,1,17
Insect,Nymphalidae,Hypolimnas misippus,Danaid Eggfly,1,3
Insect,Ulodidae,Meryx rugosa,,1,26
Insect,Cerambycidae,Pachydissus sericus,,1,24
Insect,Colletidae,Euryglossula fultoni,Plasterer Bee,1,2
Insect,Megachilidae,Coelioxys froggatti,,1,7
Insect,Crabronidae,Williamsita smithiensis,Wasp,1,4
Insect,Erebidae,Thallarcha macilenta,,1,10
Insect,Muscidae,Helina addita,,1,7
Insect,Crambidae,Lamprophaia albifimbrialis,,1,4
Reptile,Elapidae,Austrelaps ramsayi,Highland Copperhead,1,2
Reptile,Boidae,Boa constrictor,Common Boa,1,3
Insect,Tortricidae,Syntozyga sedifera,,1,4
Insect,Drosophilidae,Luzonimyia cineracea,,1,8
Insect,Ichneumonidae,Paraphylax anax,,1,10
Insect,Staphylinidae,Leucotachinus novitius,,1,4
Insect,Tenebrionidae,Chalcopteroides spectabilis,,1,47
Insect,Oecophoridae,Ericibdela delotis,,1,41
Insect,Miridae,Ausejanus albisignatus,Plant Bug,1,9
Insect,Sphecidae,Sphex ephippium,,1,3
Insect,Buprestidae,Castiarina cupreoflava,,1,6
Insect,Therevidae,Agapophytus queenslandi,Stiletto Fly,1,9
Insect,Colletidae,Hylaeus disjunctus,,1,13
Insect,Erebidae,Donuca spectabilis,White-spotted Owl Moth,1,16
Insect,Thripidae,Pezothrips kellyanus,,1,10
Insect,Blattidae,Cosmozosteria subzonata,Cockroach,1,5
Insect,Crambidae,Pycnarmon cribrata,,1,23
Insect,Cerambycidae,Brachytria erosa,,1,2
Insect,Agromyzidae,Tropicomyia polyphyta,,1,14
Insect,Coccinellidae,Exochomus quadripustulata,,1,4
Insect,Noctuidae,Condica dolorosa,,1,8
Insect,Formicidae,Plagiolepis alluaudi,Alluaud's Little Yellow Ant,1,11
Insect,Colletidae,Euryglossina mellea,Plasterer Bee,1,12
Insect,Curculionidae,Parorthorhinus aethiops,,1,6
Insect,Colletidae,Xanthesma trisulca,,1,3
Insect,Colletidae,Hylaeus vittatifrons,Plasterer Bee,1,7
Insect,Cerambycidae,Ectosticta cleroides,,1,15
Insect,Cosmopterigidae,Macrobathra honoratella,,1,9
Insect,Oecophoridae,Chezala conjunctella,,1,10
Insect,Mycetophagidae,Typhaea stercorea,Hairy Fungus Beetle,1,7
Insect,Blattidae,Polyzosteria fulgens,,1,6
Insect,Chironomidae,Nasuticladius wilsoni,Midge,1,8
Insect,Lygaeidae,Graptostethus servus,Seed Eating Bug,1,13
Insect,Formicidae,Podomyrma elongata,Ant,1,16
Insect,Buprestidae,Castiarina inconspicua,,1,12
Insect,Buprestidae,Castiarina producta,Postage Stamp Jewel Beetle,1,10
Insect,Cicadellidae,Kahaono wallacei,Leafhopper,1,8
Insect,Scarabaeidae,Telura vitticollis,,1,12
Insect,Buprestidae,Diphucrania pauperula,,1,5
Insect,Pentatomidae,Macrocarenoides scutellatus,Shield Bug,1,16
Insect,Baetidae,Cloeon paradieniense,Mayfly,1,19
Insect,Mantispidae,Campion australasiae,,1,12
Insect,Noctuidae,Neumichtis spumigera,Owlet Moth,1,10
Insect,Acanthosomatidae,Stauralia compuncta,Shield Bug,1,13
Insect,Meloidae,Palaestra foveicollis,,1,4
Insect,Sphecidae,Sphex vestitus,,1,10
Insect,Erebidae,Euproctis melanosoma,Moth,1,28
Insect,Tephritidae,Calosphenisca unicuneata,,1,4
Insect,Coccidae,Ceroplastes ceriferus,Indian White Wax Scale,1,19
Insect,Oenosandridae,Discophlebia lucasii,Snub Moth,1,6
Insect,Formicidae,Technomyrmex antonii,,1,11
Insect,Limoniidae,Helius communis,Crane Fly,1,5
Insect,Geometridae,Mesoptila compsodes,,1,8
Insect,Cicadellidae,Orosius orientalis,Common Brown Leafhopper,1,8
Insect,Erebidae,Euproctis panabra,,1,3
Insect,Oecophoridae,Philobota mathematica,,1,3
Insect,Depressariidae,Eupselia anommata,,1,10
Insect,Cerambycidae,Psylacrida australis,,1,3
Insect,Hydrophilidae,Coelostoma fabricii,,1,22
Insect,Blattidae,Polyzosteria limbata,Botany Bay Cockroach,1,16
Insect,Oecophoridae,Euchaetis crypsichroa,Concealer Moth,1,3
Insect,Geotrupidae,Geotrupes spiniger,,1,11
Insect,Choreutidae,Asterivora homotypa,Metalmark Moth,1,11
Insect,Cerambycidae,Adrium artifex,,1,11
Insect,Tenebrionidae,Homotrysis cisteloides,,1,33
Insect,Pyrgomorphidae,Psedna nana,Variable Psedna Grasshopper,1,7
Insect,Cerambycidae,Cacodacnus planicollis,,1,38
Insect,Bucculatricidae,Ogmograptis scribula,,1,2
Insect,Oecophoridae,Brachynemata restricta,,1,6
Insect,Tingidae,Oncophysa vesiculata,Lace Bug,1,12
Insect,Oecophoridae,Tisobarica eranna,Concealer Moth,1,6
Insect,Saturniidae,Syntherata janetta,,1,17
Insect,Colletidae,Palaeorhiza parallela,,1,21
Insect,Geometridae,Heterochasta conglobata,,1,10
Insect,Trigonidiidae,Trigonidium australianum,,1,12
Insect,Colletidae,Euryglossa depressa,Plasterer Bee,1,9
Insect,Ithonidae,Ithone pallida,,1,4
Insect,Fulgoridae,Desudaba circe,,1,6
Insect,Dolichopodidae,Chrysosoma pseudocallosum,,1,6
Insect,Pyralidae,Cactoblastis cactorum,,1,9
Insect,Saturniidae,Syntherata melvilla,,1,11
Insect,Formicidae,Acropyga myops,Ant,1,4
Insect,Cerambycidae,Rhytiphora neglecta,,1,11
Insect,Depressariidae,Thudaca campylota,,1,26
Insect,Tingidae,Tingis hurdae,,1,18
Insect,Aphalaridae,Creiis periculosus,,1,4
Insect,Oecophoridae,Telocharacta hemicroca,Concealer Moth,1,13
Insect,Curculionidae,Polyphrades paganus,,1,13
Insect,Oecophoridae,Eremnozona straminea,,1,2
Insect,Formicidae,Pheidole antipodum,,1,9
Insect,Tenebrionidae,Lepturidea pascoei,,1,6
Insect,Erotylidae,Caenolanguria vulgaris,,1,6
Insect,Tenebrionidae,Lepturidea occidentalis,,1,13
Insect,Buprestidae,Melobasis sexplagiata,,1,5
Insect,Termopsidae,Stolotermes victoriensis,Termite,1,3
Insect,Acroceridae,Leucopsina burnsi,Fly,1,15
Insect,Formicidae,Strumigenys godeffroyi,,1,10
Insect,Curculionidae,Cosmopolites sordidus,Banana Weevil Borer,1,3
Insect,Cleridae,Orthrius sepulcralis,,1,19
Insect,Cerambycidae,Ectosticta ruida,,1,5
Insect,Lycaenidae,Ogyris oroetes,Silky Azure,1,18
Insect,Tenebrionidae,Lepturidea pulchra,,1,3
Insect,Nolidae,Nola cycota,Tuft Moth,1,2
Insect,Oecophoridae,Philobota atmobola,,1,3
Insect,Oecophoridae,Tanyzancla calliophthalma,,1,6
Insect,Buprestidae,Agrilus occipitalis,,1,6
Insect,Muscidae,Helina collessi,,1,14
Insect,Oecophoridae,Eulechria callidesma,Concealer Moth,1,9
Insect,Erebidae,Thallarcha levis,,1,2
Insect,Aphididae,Neotoxoptera formosana,Onion Aphid,1,15
Insect,Cosmopterigidae,Labdia leucombra,,1,8
Insect,Chrysomelidae,Johannica gemellata,,1,15
Insect,Sphingidae,Hippotion boerhaviae,,1,2
Insect,Tettigoniidae,Pseudorhynchus mimeticus,,1,10
Insect,Colletidae,Amphylaeus morosus,Plasterer Bee,1,13
Insect,Therevidae,Anabarhynchus niveus,Stiletto Fly,1,3
Insect,Kerriidae,Austrotachardia melaleucae,,1,8
Insect,Chrysomelidae,Paropsisterna octomaculata,,1,14
Insect,Gelechiidae,Hypatima harpophora,,1,4
Insect,Histeridae,Saprinus laetus,,1,17
Insect,Passalidae,Aulacocyclus kaupii,,1,17
Insect,Scarabaeidae,Boletoscapter furcatus,,1,3
Insect,Geometridae,Chloroclystis delosticha,,1,8
Insect,Cerambycidae,Sybra albula,,1,5
Insect,Ephydridae,Brachydeutera sydneyensis,Shore Fly,1,11
Insect,Scarabaeidae,Onthophagus neostenocerus,,1,10
Insect,Formicidae,Meranoplus oceanicus,Ant,1,10
Insect,Yloryctidae,Xylorycta melaleucae,,1,5
Insect,Cantharidae,Chauliognathus curvipes,,1,18
Insect,Geometridae,Chlorocoma assimilis,Lucas's Emerald Moth,1,45
Insect,Nolidae,Nola phloeophila,,1,3
Insect,Erebidae,Calathusa thermosticha,Moth,1,6
Insect,Chrysomelidae,Paropsis omphale,,1,12
Insect,Nolidae,Blenina lichenopa,,1,4
Insect,Geometridae,Idaea elaphrodes,,1,12
Insect,Belidae,Sphinctobelus rufibeccus,,1,3
Insect,Halictidae,Lasioglossum hiltacus,,1,11
Insect,Noctuidae,Proteuxoa bistrigula,Owlet Moth,1,42
Insect,Apidae,Amegilla albiceps,Bee,1,8
Insect,Geometridae,Chlenomorpha lygdina,,1,5
Insect,Notodontidae,Aglaosoma variegata,Moth,1,17
Insect,Cicadellidae,Orosius argentatus,Common Brown Leafhopper,1,15
Insect,Ichneumonidae,Gotra gilberti,,1,11
Insect,Cleridae,Eunatalis porcata,Clerid Beetle,1,13
Insect,Limacodidae,Eloasa calida,,1,5
Insect,Crambidae,Hymenoptychis sordida,,1,6
Insect,Oecophoridae,Garrha oncospila,,1,3
Insect,Acrididae,Phaulacridium crassum,,1,2
Insect,Geometridae,Cassythaphaga macarta,Geometer Moth,1,9
Insect,Platystomatidae,Lenophila nila,,1,9
Insect,Sphingidae,Tetrachroa edwardsi,,1,6
Insect,Geometridae,Idaea uniformis,,1,8
Insect,Oecophoridae,Philobota amblys,,1,4
Insect,Formicidae,Stigmacros aemula,Ant,1,8
Insect,Tineidae,Erechthias citrinopa,,1,5
Insect,Libellulidae,Diplacodes nebulosa,Charcoal-winged Percher,1,11
Insect,Gasteruptiidae,Gasteruption terminale,,1,5
Insect,Erebidae,Ericeia pertendens,,1,3
Insect,Formicidae,Iridomyrmex suchieri,Ant,1,19
Insect,Reduviidae,Trachylestes aspericollis,,1,16
Insect,Calliphoridae,Hemipyrellia ligurriens,,1,10
Insect,Curculionidae,Meriphus guttatus,,1,11
Insect,Buprestidae,Castiarina burchellii,,1,3
Insect,Sphingidae,Cephonodes australis,,1,8
Insect,Cicadellidae,Trocnada dorsigera,Leafhopper,1,11
Insect,Curculionidae,Myllocerus bilineater,,1,3
Insect,Noctuidae,Proteuxoa senta,Owlet Moth,1,7
Insect,Cicadidae,Pauropsalta melanopygia,,1,17
Insect,Keroplatidae,Pyrtaula fenestralis,Fungus Gnat,1,11
Insect,Blattidae,Melanozosteria obscura,Cockroach,1,2
Insect,Oligotomidae,Oligotoma nigra,,1,9
Insect,Anostostomatidae,Anostostoma erinaceus,,1,4
Insect,Formicidae,Colobostruma biconvexa,,1,7
Insect,Formicidae,Meranoplus curvispina,,1,11
Insect,Formicidae,Leptogenys sjostedti,,1,9
Insect,Chrysomelidae,Peltoschema nigroconspersa,,1,10
Insect,Ephydridae,Eleleides chloris,Shore Fly,1,3
Insect,Oecophoridae,Barea sphaeridias,Concealer Moth,1,4
Reptile,Elapidae,Simoselaps littoralis,West-coast Banded Snake,1,2
Reptile,Scincidae,Egernia saxatilis,Black Rock Skink,1,4
Insect,Tenebrionidae,Homotrysis limbata,,1,3
Insect,Geometridae,Xanthorhoe vacuaria,Geometer Moth,1,7
Insect,Noctuidae,Prometopus inassueta,Owlet Moth,1,18
Insect,Lacturidae,Lactura panopsia,,1,10
Insect,Formicidae,Heteroponera imbellis,Ant,1,8
Insect,Passalidae,Pharochilus rugiceps,,1,7
Insect,Cicadellidae,Neovulturnus montanus,,1,16
Insect,Geometridae,Idiodes idiocrossa,,1,11
Insect,Buprestidae,Castiarina andersoni,,1,3
Insect,Brentidae,Cerobates ophthalmicus,,1,12
Insect,Geometridae,Bracca matutinata,,1,5
Insect,Geometridae,Casbia melanops,Geometer Moth,1,12
Insect,Limacodidae,Comana collaris,,1,8
Insect,Crabronidae,Bembix trepida,Wasp,1,7
Insect,Carabidae,Sarothrocrepis hippocrepis,,1,4
Insect,Tenebrionidae,Tanychilus striatus,,1,8
Insect,Cydnidae,Scaptocoris australis,,1,3
Insect,Pyralidae,Persicoptera aglaopa,,1,2
Insect,Yloryctidae,Catoryctis subparallela,,1,7
Insect,Geometridae,Rhynchopsota rhyncophora,Geometer Moth,1,4
Insect,Sphecidae,Sphex ermineus,Wasp,1,4
Insect,Hesperiidae,Hesperilla trimaculata,Large Brown Skipper,1,3
Insect,Crambidae,Prooedema inscisalis,,1,6
Insect,Termitidae,Microcerotermes nervosus,,1,3
Insect,Oecophoridae,Heterozyga coppatias,,1,27
Insect,Blaberidae,Laxta granulosa,Cockroach,1,9
Insect,Crambidae,Eudaimonisma batchelorella,,1,8
Insect,Crambidae,Scoparia emmetropis,,1,7
Insect,Erebidae,Acontia detrita,Marbled Shoulder,1,18
Insect,Formicidae,Mayriella spinosior,,1,2
Insect,Bombyliidae,Staurostichus hilaris,,1,21
Insect,Pentatomidae,Petalaspis tescorum,Shield Bug,1,5
Insect,Tettigoniidae,Anthophiloptera dryas,,1,18
Insect,Achilidae,Achilus flammeus,Red Fungus Bug,1,26
Insect,Vespidae,Ropalidia socialistica,,1,12
Insect,Tenebrionidae,Neocistela ovalis,,1,15
Insect,Anthelidae,Anthela denticulata,Lappet Moth,1,12
Insect,,Austrocordulia refracta,Eastern Hawk,1,7
Insect,Tenebrionidae,Tenebrio molitor,Yellow Mealworm,1,9
Insect,Chrysomelidae,Monolepta subsuturalis,,1,7
Insect,Coccinellidae,Rhyzobius ventralis,Black Lady Beetle,1,9
Insect,Hesperiidae,Netrocoryne repanda,Bronze Flat,1,58
Insect,Yloryctidae,Cryptophasa hyalinopa,,1,3
Insect,Erebidae,Heterallactis phlogozona,,1,5
Insect,Termitidae,Nasutitermes graveolus,,1,6
Insect,Yloryctidae,Zaphanaula hemileuca,,1,6
Insect,Rhyparochromidae,Daerlac apicalis,Seed Bug,1,22
Insect,Apidae,Tetragonula hockingsi,,1,217
Insect,Silvanidae,Cryptamorpha desjardinsi,,1,8
Insect,Muscidae,Pyrellia tasmaniae,,1,2
Insect,Cerambycidae,Tricheops ephippiger,,1,10
Insect,Elateridae,Crepidomenus decoratus,,1,9
Insect,Buprestidae,Castiarina costipennis,,1,7
Insect,Colletidae,Trichocolletes venustus,Plasterer Bee,1,13
Insect,Megachilidae,Megachile apicata,Bee,1,24
Insect,Pyrgotidae,Neotoxura longipalpis,,1,9
Insect,Tingidae,Carvalhotingis visenda,,1,7
Insect,Coccinellidae,Adalia bipunctata,,1,8
Insect,Pentatomidae,Cuspicona forticornis,,1,13
Insect,Pyralidae,Lamoria idiolepida,,1,16
Insect,Crambidae,Herpetogramma stultalis,,1,3
Insect,Leucospidae,Leucospis morawitzi,,1,4
Insect,Syrphidae,Eristalinus aeneus,,1,9
Insect,Erebidae,Artigisa melanephele,Owlet Moth,1,7
Insect,Lygaeidae,Thunbergia augur,,1,22
Insect,Crambidae,Tatobotys biannulalis,,1,16
Insect,Sphaeroceridae,Howickia myrmecophila,,1,6
Insect,Chrysomelidae,Chrysolina quadrigemina,St John's Wort Leaf Beetle,1,122
Insect,Coccinellidae,Novius bellus,,1,22
Insect,Erebidae,Calathusa allopis,Owlet Moth,1,6
Insect,Reduviidae,Sphedanocoris sabulosus,,1,7
Insect,Ectobiidae,Ectoneura minima,Cockroach,1,9
Insect,Nitidulidae,Urophorus humeralis,,1,20
Insect,Scarabaeidae,Diphucephala aurulenta,,1,5
Insect,Cerambycidae,Ipomoria tillides,,1,3
Insect,Culicidae,Anopheles farauti,,1,3
Insect,Yloryctidae,Xylorycta luteotactella,Concealer Moth,1,16
Insect,Megachilidae,Megachile ignescens,,1,24
Insect,Pompilidae,Turneromyia bassiana,Spider Wasp,1,5
Insect,Formicidae,Anonychomyrma biconvexa,Ant,1,9
Insect,Crabronidae,Arpactophilus steindachneri,,1,4
Insect,Cerambycidae,Zygocera pruinosa,,1,9
Insect,Sphecidae,Sphex bilobatus,,1,10
Insect,Chrysomelidae,Hispellinus australicus,,1,14
Insect,Geometridae,Syneora euboliaria,,1,48
Insect,Crabronidae,Piyuma prosopoides,,1,2
Insect,Argidae,Antargidium nigrum,,1,7
Insect,Oecophoridae,Heteroteucha dimochla,,1,7
Insect,Geometridae,Dinophalus hiracopis,,1,5
Insect,Curculionidae,Pelororhinus margaritaceus,,1,5
Insect,Erotylidae,Thallis erichsoni,,1,5
Insect,Eriococcidae,Apiomorpha variabilis,,1,22
Insect,Silphidae,Ptomaphila perlata,Carrion Beetle,1,6
Insect,Curculionidae,Oxyops pictipennis,,1,8
Insect,Chrysomelidae,Peltoschema haematosticta,,1,7
Insect,Nolidae,Nycteola indica,,1,2
Insect,Nymphalidae,Argynnina hobartia,Tasmanian Brown,1,12
Insect,Crambidae,Rhimphalea sceletalis,,1,4
Insect,Gracillariidae,Epicephala acrobaphes,,1,6
Insect,Geometridae,Dichromodes longidens,Geometer Moth,1,19
Insect,Coccinellidae,Diomus sydneyensis,,1,20
Insect,Apidae,Amegilla murrayensis,Bee,1,8
Insect,Chrysomelidae,Paropsis aegrota,Elliott's Eucalyptus Tortoise Beetle,1,22
Insect,Colletidae,Trichocolletes orientalis,Plasterer Bee,1,4
Insect,Cicadidae,Yoyetta spectabilis,,1,2
Insect,Limoniidae,Leolimnophila pantherina,Crane Fly,1,22
Insect,Termitidae,Nasutitermes triodiae,Spinifex Termite,1,5
Insect,Chrysomelidae,Aporocera parenthetica,,1,11
Insect,Termitidae,Nasutitermes dixoni,Termite,1,4
Insect,Bombyliidae,Comptosia tendens,,1,16
Insect,Oecophoridae,Euphiltra angustior,,1,18
Insect,Dolichopodidae,Arachnomyia cuprea,Long-legged Fly,1,4
Insect,Miridae,Chaetedus longiceps,Plant Bug,1,26
Insect,Nymphalidae,Cethosia penthesilea,Orange Lacewing,1,27
Insect,Libellulidae,Rhyothemis phyllis,Yellow-stripped Flutterer,1,56
Insect,Depressariidae,Eupselia satrapella,,1,8
Insect,Cleridae,Scrobiger idoneus,,1,3
Insect,Geometridae,Perixera porphyropis,,1,8
Insect,Curculionidae,Treptoplatypus crenatus,Polyphagous Pinhole Borer,1,4
Insect,Nymphalidae,Hypolimnas alimena,Blue-banded Eggfly,1,16
Insect,Erebidae,Hydrillodes metisalis,,1,6
Insect,Tortricidae,Thrincophora impletana,Leafroller Moth,1,51
Insect,Yloryctidae,Catoryctis subnexella,,1,6
Insect,Bombyliidae,Comptosia apicalis,Bee Fly,1,9
Insect,Oecophoridae,Eulechria pentatypa,,1,2
Insect,Oecophoridae,Heteroteucha leptobaphes,,1,10
Insect,Curculionidae,Afrophloeus squamifer,,1,2
Insect,Pentatomidae,Vitellus rufolineus,Shield Bug,1,13
Insect,Crambidae,Agrioglypta itysalis,,1,8
Insect,Cosmopterigidae,Macrobathra leucozancla,,1,2
Insect,Buprestidae,Castiarina subpura,,1,6
Insect,Tortricidae,Authomaema diemeniana,,1,4
Insect,Scarabaeidae,Liparetrus discipennis,,1,10
Insect,Chironomidae,Cricotopus albitarsis,,1,9
Insect,Tineidae,Thomintarra primaeva,,1,3
Insect,Bombyliidae,Aleucosia maculosa,Bee Fly,1,5
Insect,Epermeniidae,Gnathifera eurybias,,1,10
Insect,Tettigoniidae,Metaballus sagaeformis,Marauding Shieldbacked Katydid,1,13
Insect,Cecidomyiidae,Dasineura acaciaelongifoliae,Gall Gnat,1,13
Insect,Myrmeleontidae,Distoleon bistrigatus,Antlion Lacewing,1,15
Insect,Erebidae,Raparna crocophara,,1,3
Insect,Aphididae,Hyalopterus pruni,Mealy Plum Aphid,1,10
Insect,Cerambycidae,Uracanthus triangularis,Triangular Marked Banksia Longicorn,1,9
Insect,Blaberidae,Laxta rieki,,1,5
Insect,Geometridae,Prasinocyma ocyptera,Emerald Moth,1,18
Insect,Gryllotalpidae,Gryllotalpa nitidula,Shiny Mole Cricket,1,19
Insect,Buprestidae,Castiarina bifasciata,,1,23
Insect,Bittacidae,Harpobittacus phaeoscius,,1,2
Insect,Rhyparochromidae,Laticlerada laticollis,Seed Bug,1,21
Insect,Scarabaeidae,Phyllotocus navicularis,,1,75
Insect,Cleridae,Lemidia maculicollis,,1,4
Insect,Cerambycidae,Rhytiphora vermicularia,,1,16
Insect,Pyralidae,Salma cinerascens,,1,32
Insect,Geometridae,Racotis maculata,,1,9
Insect,Coccidae,Saissetia oleae,Olive Scale,1,16
Insect,Geometridae,Thalaina inscripta,Geometer Moth,1,4
Insect,Erebidae,Acontia thapsina,,1,7
Insect,Erebidae,Homodes bracteigutta,,1,11
Insect,Anthelidae,Anthela addita,Lappet Moth,1,6
Reptile,Agamidae,Gowidon longirostris,Long-nosed Dragon,1,4
Insect,Culicidae,Culex sitiens,,1,15
Insect,Tipulidae,Ptilogyna gracilis,Crane Fly,1,9
Insect,Stathmopodidae,Stathmopoda liporrhoa,,1,9
Insect,Cicadellidae,Rosopaella kirkaldyi,Leafhopper,1,3
Insect,Gracillariidae,Epicephala albistriatella,,1,2
Insect,Ascalaphidae,Suhpalacsa lyriformis,,1,4
Insect,Erebidae,Amerila crokeri,,1,18
Insect,Tortricidae,Acropolitis hedista,,1,10
Insect,Reduviidae,Trachylestes turneri,Assassin Bug,1,14
Insect,Buprestidae,Melobasis lathami,,1,10
Insect,Colletidae,Euryglossa edwardsii,Plasterer Bee,1,4
Insect,Geometridae,Fisera belidearia,Geometer Moth,1,7
Insect,Synthemistidae,Parasynthemis regina,Royal Tigertail,1,17
Insect,Curculionidae,Larinus latus,Onopordum Seed Weevil,1,31
Insect,Pergidae,Lophyrotoma leachii,,1,4
Insect,Pentatomidae,Diaphyta pulchra,,1,7
Insect,Scarabaeidae,Bisallardiana gymnopleura,,1,33
Insect,Lucanidae,Figulus lilliputanus,,1,4
Insect,Crabronidae,Pison peletieri,,1,3
Insect,Reduviidae,Lyramna vigil,,1,7
Insect,Formicidae,Cardiocondyla emeryi,,1,11
Insect,Chrysomelidae,Cadmus ferrugineus,,1,6
Insect,Hemerobiidae,Notherobius hastatus,,1,6
Insect,Cosmopterigidae,Pyroderces terminella,,1,17
Insect,Geometridae,Microdes diplodonta,Geometer Moth,1,17
Insect,Formicidae,Meranoplus mjobergi,,1,2
Insect,Formicidae,Pheidole vigilans,Ant,1,11
Insect,Silvanidae,Oryzaephilus surinamensis,Sawtoothed Grain Beetle,1,4
Insect,Cerambycidae,Bimia bicolor,Bimia Longicorn,1,9
Insect,Ichneumonidae,Labena chadwickii,,1,2
Insect,Chrysomelidae,Paropsisterna gloriosa,,1,12
Insect,Cerambycidae,Coptocercus assimilis,,1,5
Insect,Gelechiidae,Ardozyga loemias,,1,7
Insect,Erebidae,Euproctis semifusca,Moth,1,8
Insect,Belidae,Rhinotia bidentata,Two-spotted Weevil,1,34
Insect,Brentidae,Cordus hospes,,1,15
Insect,Culicidae,Culex palpalis,,1,3
Insect,Tenebrionidae,Gonocephalum elderi,Vegetable Beetle,1,6
Insect,Mantidae,Austromantis albomarginata,,1,5
Insect,Noctuidae,Holocryptis phasianura,Owlet Moth,1,24
Insect,Cicadellidae,Horouta aristarche,Leafhopper,1,14
Insect,Geometridae,Chrysolarentia insulsata,Geometer Moth,1,12
Insect,Apidae,Exoneurella lawsoni,Bee,1,11
Insect,Scarabaeidae,Trichaulax philipsii,Greyfurrowed Rose Chafer,1,11
Insect,Ichneumonidae,Aculicoxa striata,,1,9
Insect,Pyralidae,Catamola xanthomelalis,,1,6
Insect,Curculionidae,Euplatypus parallelus,Common Ambrosia Beetle,1,4
Insect,Keroplatidae,Arachnocampa richardsae,Glow Worm,1,8
Insect,Cicadellidae,Neovulturnus punctulatus,,1,22
Insect,Scarabaeidae,Anoplognathus rugosus,,1,3
Insect,Stratiomyidae,Lagenosoma dispar,,1,19
Insect,Coccinellidae,Novius cardinalis,,1,30
Insect,Carabidae,Sarothrocrepis benefica,,1,29
Insect,Formicidae,Lioponera turneri,,1,6
Insect,Hepialidae,Fraus bilineata,Ghost Moth,1,3
Insect,Plutellidae,Tritymba acrospila,,1,2
Insect,Oecophoridae,Antiopala ebenospila,,1,4
Insect,Oecophoridae,Thema endesma,Concealer Moth,1,6
Insect,Pergidae,Lophyrotoma cyanea,Sawfly,1,8
Insect,Erebidae,Araeopteron epiphracta,,1,3
Insect,Rhyparochromidae,Laticlerada tasmanica,,1,3
Insect,Hyblaeidae,Hyblaea ibidias,,1,4
Insect,Blattidae,Methana caneae,,1,7
Insect,Hesperiidae,Trapezites petalia,Common White-spot Skipper,1,9
Insect,Colletidae,Callomelitta picta,Plasterer Bee,1,16
Insect,Geometridae,Oenochroma quardrigramma,,1,3
Insect,Chrysomelidae,Paropsis intermedia,,1,9
Insect,Cicadellidae,Neovulturnus sordidus,,1,5
Insect,Scarabaeidae,Novapus crassus,,1,5
Insect,Erebidae,Halone servilis,Moth,1,12
Insect,Geometridae,Chrysolarentia heliacaria,Geometer Moth,1,6
Insect,Cicadellidae,Eurymeloides marmorata,Leafhopper,1,19
Insect,Crambidae,Glaucocharis ochracealis,,1,5
Insect,Nolidae,Ochrothripa leptochroma,,1,7
Insect,Pyralidae,Mimaglossa crypserythra,,1,6
Insect,Geometridae,Chlorocoma melocrossa,Geometer Moth,1,33
Insect,Asilidae,Zosteria lineata,,1,4
Insect,Geometridae,Lyelliana dryophila,Geometer Moth,1,14
Insect,Cerambycidae,Phoracantha acanthocera,,1,10
Insect,Reduviidae,Archilestidium cinnabarinum,Assassin Bug,1,17
Insect,Tenebrionidae,Saragus costatus,,1,5
Insect,Geometridae,Monoctenia smerintharia,Dark Leaf Moth,1,28
Insect,Oecophoridae,Eulechria aureola,,1,11
Insect,Tettigoniidae,Polichne argentata,,1,11
Insect,Depressariidae,Agriophara leptosemela,,1,15
Insect,Cerambycidae,Scolecobrotus westwoodii,,1,11
Insect,Rhyparochromidae,Laticlerada monteithi,,1,5
Insect,Tineidae,Morophaga clonodes,,1,7
Insect,Reduviidae,Neohavinthus pentatoma,Assassin Bug,1,12
Insect,Colletidae,Hylaeus bidentatus,,1,12
Insect,Scutelleridae,Coleotichus artensis,,1,17
Insect,Chaoboridae,Chaoborus vagus,,1,14
Insect,Crambidae,Glycythyma leonina,Grass Moth,1,10
Insect,Ephydridae,Notiphila fuscimana,Shore Fly,1,15
Insect,Chrysomelidae,Calomela bartoni,,1,25
Insect,Erebidae,Corgatha sideropasta,Owlet Moth,1,7
Insect,Crabronidae,Sericophorus viridis,Wasp,1,3
Insect,Erebidae,Chalciope alcyona,,1,12
Insect,Therevidae,Neodialineura striatithorax,,1,18
Insect,Crambidae,Metasia dicealis,Grass Moth,1,28
Insect,Formicidae,Epopostruma quadrispinosa,Ant,1,3
Insect,Notodontidae,Psalidostetha banksiae,Banksia Moth,1,9
Insect,Gasteruptiidae,Gasteruption raphidioides,,1,8
Insect,Erebidae,Ophyx ochroptera,,1,12
Insect,Carabidae,Pheropsophus verticalis,Bombardier Beetle,1,10
Insect,Formicidae,Iridomyrmex bicknelli,Black Trail Ant,1,21
Insect,Tingidae,Tanybyrsa ampliata,,1,9
Insect,Ichneumonidae,Pergaphaga xanthops,,1,2
Insect,Geometridae,Chlenias ochrocrana,Geometer Moth,1,11
Insect,Gryllacrididae,Tytthogryllacris minuscula,,1,7
Insect,Lygaeidae,Crompus oculatus,,1,4
Insect,Tingidae,Cantacader nocturnis,,1,4
Insect,Mutillidae,Ephutomorpha ferruginata,,1,15
Insect,Ceratopogonidae,Nilobezzia curticornis,Biting Midge,1,2
Insect,Glyphipterigidae,Glyphipterix gemmipunctella,,1,17
Insect,Cerambycidae,Didymocentrotus denticollis,,1,5
Insect,Cicadidae,Myopsalta bassiana,Montane Grass Buzzer,1,4
Insect,Cecidomyiidae,Actilasioptera tuberculata,,1,3
Insect,Pseudococcidae,Pseudoripersia turgipes,Casuarina Mealybug,1,9
Insect,Oecophoridae,Thema argoptera,Concealer Moth,1,16
Insect,Hesperiidae,Hesperilla flavescens,Yellowish Skipper,1,8
Insect,Oecophoridae,Acmotoma magniferella,Concealer Moth,1,26
Insect,Gracillariidae,Macarostola formosa,,1,5
Insect,Ripiphoridae,Ptilophorus pruinosa,,1,11
Insect,Acrididae,Cedarinia fuscotibialis,,1,9
Insect,Cerambycidae,Distichocera maculicollis,,1,8
Insect,Hepialidae,Abantiades hyalinatus,Ghost Moth,1,17
Insect,Geometridae,Casbia tetramera,,1,4
Insect,Oecophoridae,Tanyzancla melanocrossa,,1,5
Insect,Mycetophagidae,Litargops multiguttatus,,1,2
Reptile,Typhlopidae,Anilios affinis,Small-headed Blind Snake,1,2
Insect,Curculionidae,Notoplatypus elongatus,,1,2
Insect,Cosmopterigidae,Leptozestis crassipalpis,,1,3
Insect,Cerambycidae,Tragocerus fasciatus,,1,8
Insect,Formicidae,Polyrhachis euterpe,,1,28
Insect,Rhyparochromidae,Daerlac nigricans,,1,23
Insect,Mutillidae,Ephutomorpha picta,,1,38
Insect,Erebidae,Acontia clerana,Owlet Moth,1,13
Insect,Chrysomelidae,Paropsisterna anomala,,1,8
Insect,Noctuidae,Leucania porphyrodes,,1,3
Insect,Mantispidae,Theristria delicatula,,1,21
Insect,Yloryctidae,Lichenaula appropinquans,,1,17
Insect,Gelechiidae,Dichomeris holomela,Twirler Moth,1,5
Insect,Membracidae,Sarantus nobilis,,1,4
Insect,Colletidae,Pachyprosopis mirabilis,Plasterer Bee,1,1
Insect,Reduviidae,Brachysandalus setosus,,1,4
Insect,Megachilidae,Megachile preissi,,1,7
Insect,Formicidae,Melophorus curtus,,1,1
Insect,Crabronidae,Cerceris gilesi,,1,4
Insect,Erebidae,Serrodes mediopallens,,1,3
Insect,Ichneumonidae,Metopius michaelseni,,1,1
Insect,Syrphidae,Microdon rieki,,1,1
Insect,Cosmopterigidae,Macrobathra heminephela,Cosmet Moth,1,8
Insect,Rhyparochromidae,Porander scudderi,Seed Bug,1,4
Insect,Orussidae,Guiglia rubricata,,1,6
Insect,Chrysomelidae,Cassida denticulata,,1,6
Insect,Curculionidae,Haplonyx centralis,,1,1
Insect,Noctuidae,Proteuxoa oxygona,Owlet Moth,1,7
Insect,Triozidae,Trioza percyae,,1,23
Insect,Peradeniidae,Peradenia clavipes,Wasp,1,1
Insect,Cleridae,Phlogistus chrysurus,,1,6
Insect,Chironomidae,Polypedilum tonnoiri,Midge,1,6
Insect,Pyrgomorphidae,Propsednura eyrei,,1,3
Insect,Argiolestidae,Miniargiolestes minimus,Stream Flatwing,1,10
Insect,Geometridae,Prasinocyma iosticta,,1,6
Insect,Curculionidae,Timareta crinita,,1,2
Insect,Tettigoniidae,Metholce nigritarsis,Black-footed Gondwanan Katydid,1,4
Insect,Oecophoridae,Tisobarica pyrrhella,,1,3
Insect,Chrysomelidae,Peltoschema festiva,,1,3
Insect,Micropezidae,Metopochetus bivittatus,Muscoid Fly,1,21
Insect,Geometridae,Polyclysta hypogrammata,,1,3
Insect,Trogossitidae,Larinotus umbilicatus,,1,1
Insect,Buprestidae,Melobasis ignipicta,,1,1
Insect,Formicidae,Myrmecia varians,Bull Ant,1,6
Insect,Crambidae,Glyphodes stolalis,,1,1
Insect,Crambidae,Neargyria persimilis,,1,1
Insect,Yloryctidae,Lichenaula maculosa,Concealer Moth,1,7
Insect,Reduviidae,Polididus australis,,1,2
Insect,Chrysomelidae,Aporocera casta,,1,8
Insect,Geometridae,Taxeotis epigaea,,1,2
Insect,Eriococcidae,Apiomorpha pileata,,1,14
Insect,Yloryctidae,Xylorycta maeandria,,1,2
Insect,Syrphidae,Eumerus latipes,,1,3
Insect,Erebidae,Lambula phyllodes,,1,2
Insect,Ichneumonidae,Lissonota adornata,,1,4
Insect,Geometridae,Nearcha nullata,Geometer Moth,1,7
Insect,Lauxaniidae,Sapromyza occipitalis,,1,11
Insect,Blattidae,Temnelytra truncata,Cockroach,1,2
Insect,Oecophoridae,Tachystola oxytora,Concealer Moth,1,13
Insect,Nitidulidae,Cychramptodes murrayi,,1,9
Insect,Limoniidae,Austrolimnophila interventa,Crane Fly,1,5
Insect,Clastopteridae,Polychaetophyes serpulidia,,1,1
Insect,Chrysomelidae,Calligrapha pantherina,,1,7
Insect,Pentatomidae,Ocirrhoe lutescens,Shield Bug,1,4
Insect,Oecophoridae,Wingia psittacodes,Concealer Moth,1,1
Insect,Formicidae,Iridomyrmex sanguineus,,1,7
Insect,Muscidae,Dichaetomyia norrisi,,1,8
Insect,Depressariidae,Phylomictis idiotricha,,1,3
Insect,Tenebrionidae,Emcephalus gibbosus,,1,1
Insect,Oecophoridae,Ischnomorpha thrypticopa,Concealer Moth,1,1
Insect,Noctuidae,Leucania linearis,,1,1
Insect,Bombyliidae,Ligyra satyrus,,1,26
Insect,Trogossitidae,Leperina monilata,,1,2
Insect,Curculionidae,Methypora postica,,1,3
Insect,Crambidae,Anydraula pericompsa,,1,2
Insect,Heteroceridae,Heterocerus simillimus,,1,1
Insect,Noctuidae,Mythimna consanguis,Moth,1,12
Insect,Erebidae,Eublemma vestalis,,1,2
Insect,Oecophoridae,Petalanthes sphaerophora,Concealer Moth,1,6
Insect,Rhyparochromidae,Daerlac picturatus,,1,9
Insect,Cicadellidae,Maiestas knighti,Leafhopper,1,1
Insect,Geometridae,Nearcha aridaria,Geometer Moth,1,9
Insect,Cossidae,Endoxyla edwardsorum,,1,10
Insect,Agaonidae,Pleistodontes froggatti,,1,24
Insect,Tingidae,Cysteochila tricolor,,1,4
Insect,Erebidae,Crioa indistincta,,1,1
Insect,Pentatomidae,Cooperocoris australis,,1,10
Insect,Gelechiidae,Chaliniastis astrapaea,,1,6
Insect,Oecophoridae,Zonopetala melanoma,,1,17
Insect,Belidae,Rhinotia cristata,,1,4
Insect,Noctuidae,Ectopatria umbrosa,,1,4
Insect,Alucitidae,Alucita acascaea,,1,1
Insect,Crambidae,Crocidolomia suffusalis,,1,8
Insect,Oecophoridae,Rhadinoloba tyrianthina,,1,1
Insect,Drosophilidae,Drosophila melanogaster,,1,19
Insect,Erebidae,Calathusa ischnodes,Owlet Moth,1,11
Insect,Cicadellidae,Eurymelessa moruyana,Leafhopper,1,4
Insect,Mutillidae,Ephutomorpha albosignata,,1,1
Insect,Carabidae,Secatophus australis,,1,9
Insect,Geometridae,Loweria platydesma,Geometer Moth,1,3
Insect,Gelechiidae,Ardozyga macroplaca,,1,10
Insect,Syrphidae,Ceriana australis,,1,3
Insect,Erebidae,Philenora irregularis,Moth,1,10
Insect,Oecophoridae,Pytinaea group pytinaea,,1,1
Insect,Lauxaniidae,Poecilohetaerus pinnatus,Acalyptrate Fly,1,1
Insect,Crambidae,Araeomorpha diplopa,,1,3
Insect,Cerambycidae,Phoracantha impavida,,1,2
Insect,Zopheridae,Ablabus integricollis,,1,2
Insect,Erebidae,Corgatha dichionistis,,1,5
Insect,Geometridae,Chlenias seminigra,Geometer Moth,1,2
Insect,Ichneumonidae,Labium pilosum,,1,1
Insect,Cleridae,Tarsostenus univittatus,,1,2
Insect,Eucharitidae,Tricoryna punctulativentris,,1,1
Insect,Erebidae,Bastilla dicoela,,1,7
Insect,Erebidae,Stenoscaptia venusta,Moth,1,9
Insect,Tenebrionidae,Seirotrana parallela,,1,9
Insect,Coniopterygidae,Neosemidalis farinosa,,1,2
Insect,Membracidae,Lubra spinicornis,,1,25
Insect,Pergidae,Pseudoperga belinda,Sawfly,1,1
Insect,Yloryctidae,Lichenaula laniata,,1,7
Insect,Aradidae,Brachyrhynchus australis,,1,1
Insect,Noctuidae,Metasada polycesta,,1,4
Insect,Noctuidae,Enispa violacea,,1,4
Insect,Coreidae,Leptoglossus gonagra,Passionvine Bug,1,3
Insect,Culicidae,Aedes rubrithorax,,1,10
Insect,Formicidae,Iridomyrmex obscurior,Ant,1,2
Insect,Pyralidae,Endotricha approximalis,,1,4
Insect,Limacodidae,Parasoidea paroa,,1,4
Insect,Zygaenidae,Myrtartona leucopleura,,1,5
Insect,Derbidae,Rhotana ramentosa,,1,3
Insect,Cicadellidae,Rosopaella cuprea,,1,10
Insect,Nolidae,Iscadia poliochroa,,1,2
Insect,Bombycidae,Gastridiota adoxima,,1,5
Insect,Crambidae,Calamotropha leptogrammellus,,1,2
Insect,Oedemeridae,Pseudolycus haemopterus,,1,3
Insect,Crabronidae,Ammatomus icarioides,,1,4
Insect,Tingidae,Urentius sarinae,,1,4
Insect,Belidae,Sphinctobelus cinereus,,1,4
Insect,Crambidae,Palpita uedai,,1,3
Insect,Geometridae,Microdes melanocausta,Geometer Moth,1,15
Insect,Nolidae,Microthripa baeota,,1,9
Insect,Curculionidae,Oxyops nodicollis,,1,1
Insect,Carabidae,Chlaenius australis,,1,9
Insect,Buprestidae,Castiarina commixta,,1,2
Insect,Cupedidae,Adinolepis eumana,,1,1
Insect,Chrysomelidae,Geloptera tuberculata,,1,5
Insect,Culicidae,Culex bitaeniorhynchus,,1,2
Insect,Tenebrionidae,Pterohelaeus peltatus,,1,4
Insect,Tineidae,Analytarcha colleta,,1,2
Insect,Noctuidae,Eremochroa alphitias,Owlet Moth,1,5
Insect,Miridae,Fulviella australiana,,1,4
Insect,Erebidae,Phytometra formosalis,,1,2
Insect,Tortricidae,Peraglyphis atimana,,1,1
Insect,Limacodidae,Doratifera stenora,,1,1
Insect,Chrysopidae,Dictyochrysa fulva,,1,2
Insect,Bombyliidae,Docidomyia victoriana,Bee Fly,1,2
Insect,Curculionidae,Leptopius tuberculatus,,1,2
Insect,Hesperiidae,Chaetocneme denitza,Ornate Dusk-flat,1,2
Insect,Pyralidae,Oenogenes fugalis,Grass Moth,1,4
Insect,Curculionidae,Leptopius baileyi,,1,5
Insect,Curculionidae,Misophrice amplicollis,,1,5
Insect,Lycaenidae,Freyeria putli,Jewelled Grass-blue,1,5
Insect,Geometridae,Poecilasthena xylocyma,Geometer Moth,1,2
Insect,Leucospidae,Leucospis australis,,1,4
Insect,Formicidae,Tetramorium fuscipes,,1,8
Insect,Mutillidae,Ephutomorpha sanguineiceps,,1,3
Insect,Curculionidae,Syarbis porcata,,1,2
Insect,Hepialidae,Aenetus djernaesae,,1,5
Insect,Cecidomyiidae,Asphondylia acaciae,Gall Gnat,1,2
Insect,Pyrgomorphidae,Psednura musgravei,Musgrave's Psednura,1,1
Insect,Depressariidae,Eutorna intonsa,,1,4
Insect,Tortricidae,Epitymbia scotinopa,Leafroller Moth,1,7
Insect,Psychidae,Lepidoscia stenomochla,,1,5
Insect,Corydalidae,Archichauliodes guttiferus,Dobsonfly,1,14
Insect,Oecophoridae,Euphiltra epilecta,,1,6
Insect,Geometridae,Gastrinopa xylistis,Geometer Moth,1,9
Insect,Geometridae,Poecilasthena fragilis,Geometer Moth,1,3
Insect,Platystomatidae,Lenophila achilles,Signal Fly,1,5
Insect,Curculionidae,Cydmaea viridula,,1,1
Insect,Curculionidae,Austrocis bicaudatus,,1,1
Insect,Acroceridae,Panops conspicuus,Fly,1,1
Insect,Oecophoridae,Crepidosceles timalphes,Concealer Moth,1,8
Insect,Noctuidae,Proteuxoa nuna,Owlet Moth,1,11
Insect,Bombyliidae,Comptosia ocellata,,1,4
Insect,Cicadidae,Yoyetta loftyensis,,1,10
Insect,Coreidae,Agriopocoris porcellus,,1,7
Insect,Tortricidae,Meritastis piperata,,1,3
Insect,Chrysomelidae,Paropsisterna erudita,,1,14
Insect,Buprestidae,Synechocera elongata,,1,4
Insect,Nanaomantidae,Ciulfina ianrichardi,,1,5
Insect,Erebidae,Araeopteron micraeola,,1,2
Insect,Asilidae,Thereutria amaraca,Robber Fly,1,33
Insect,Chrysomelidae,Cadmus gigas,,1,9
Insect,Ichneumonidae,Poecilocryptus nigromaculatus,,1,6
Insect,Erebidae,Schistophleps obducta,,1,2
Insect,Limacodidae,Comana albibasis,,1,15
Insect,Curculionidae,Rhinaria tragocephala,,1,7
Insect,Ichneumonidae,Xanthopimpla hiatus,,1,5
Insect,Buprestidae,Melobasis hypocrita,,1,3
Insect,Ectobiidae,Mediastinia australica,,1,2
Insect,Ichneumonidae,Lissonota gibboclypeata,,1,1
Insect,Colletidae,Euryglossina xanthogena,Plasterer Bee,1,13
Insect,Pentatomidae,Cuspicona phi,,1,5
Insect,Lestoideidae,Diphlebia nymphoides,Arrowhead Rockmaster,1,5
Insect,Coreidae,Tambourina kelsalli,,1,7
Insect,Cynipidae,Phanacis hypochoeridis,,1,4
Insect,Tettigoniidae,Tinzeda albosignata,Whitelined Bush Katydid,1,13
Insect,Buprestidae,Melobasis obscurella,,1,15
Insect,Tiphiidae,Elidothynnus melleus,,1,5
Insect,Crabronidae,Austrogorytes fimbriatus,,1,1
Insect,Cosmopterigidae,Macrobathra nephelomorpha,Cosmet Moth,1,10
Insect,Erebidae,Diatenes gerula,Owlet Moth,1,12
Insect,Buprestidae,Diphucrania cupripennis,,1,3
Insect,Depressariidae,Agriophara dyscapna,Concealer Moth,1,13
Insect,Tineodidae,Tineodes adactylalis,,1,8
Insect,Colletidae,Hyleoides bivulnerata,Plasterer Bee,1,1
Insect,Incurvariidae,Perthida glyphopa,Jarrah Leaf Miner,1,3
Insect,Pentatomidae,Poecilometis mimicus,,1,1
Insect,Oecophoridae,Philobota pedetis,Concealer Moth,1,7
Insect,Megachilidae,Megachile eucalypti,,1,2
Insect,Cryptorhamphidae,Cryptorhamphus orbus,Bug,1,17
Insect,Oecophoridae,Wingia lambertella,Pink Leaf Moth,1,10
Insect,Pentatomidae,Cuspicona strenuella,,1,17
Insect,Ichneumonidae,Enicospilus lineolatus,,1,9
Insect,Cercopidae,Philagra recurva,,1,3
Insect,Dolichopodidae,Chrysosoma proliciens,,1,4
Insect,Pentatomidae,Antestiopsis cederwaldi,,1,5
Insect,Gracillariidae,Caloptilia oenopella,,1,1
Insect,Cicadellidae,Rosopaella praeda,Leafhopper,1,4
Insect,Nolidae,Risoba obstructa,,1,2
Insect,Cosmopterigidae,Macrobathra philopsamma,,1,3
Insect,Oecophoridae,Hemibela hemicalypta,Concealer Moth,1,11
Insect,Tenebrionidae,Alphitobius diaperinus,Lesser Mealworm,1,2
Insect,Yloryctidae,Iulactis semifusca,,1,6
Insect,Limoniidae,Dapanoptera richmondiana,,1,1
Insect,Tenebrionidae,Seirotrana subcancellata,,1,1
Insect,Pentatomidae,Dandinus crassus,Shield Bug,1,4
Insect,Gasteruptiidae,Gasteruption brachyurum,,1,6
Insect,Oecophoridae,Garrha atoecha,Concealer Moth,1,4
Insect,Tortricidae,Ancylis artifica,,1,4
Insect,Buprestidae,Castiarina amabilis,,1,3
Insect,,Trichophysetis fulvifusalis,,1,2
Insect,Hepialidae,Abantiades barcas,Ghost Moth,1,1
Insect,Cerambycidae,Syllitosimilis aberrans,,1,7
Insect,Ptinidae,Ptinus adeps,,1,2
Insect,Gelechiidae,Ardozyga catopta,,1,2
Insect,Pompilidae,Calopompilus irritabilis,,1,7
Insect,Geometridae,Antasia flavicapitata,Geometer Moth,1,7
Insect,Miridae,Tytthus chinensis,,1,1
Insect,Formicidae,Technomyrmex difficilis,White-footed Ant,1,1
Insect,Chrysomelidae,Arsipoda montana,,1,1
Insect,Erotylidae,Thallis dentipes,,1,16
Insect,Ptinidae,Priobium multimaculatus,,1,6
Insect,Dytiscidae,Copelatus portior,,1,11
Insect,Ripiphoridae,Ptilophorus nervosa,,1,4
Insect,Lampyridae,Atyphella scintillans,,1,17
Insect,Cixiidae,Bajauana austrina,,1,1
Insect,Formicidae,Myrmecia cydista,Bull Ant,1,1
Insect,Halictidae,Lasioglossum castor,,1,1
Insect,Diaspididae,Remotaspidiotus bossieae,Scale Insect,1,8
Insect,Tenebrionidae,Celibe striatipennis,,1,1
Insect,Geometridae,Idiodes pellophanes,,1,4
Insect,Nepticulidae,Roscidotoga callicomae,,1,4
Insect,Therevidae,Agapophytus pallidicornis,,1,14
Insect,Curculionidae,Melanterius maculatus,Acacia Seed Weevil,1,20
Insect,Tenthredinidae,Ametastegia glabrata,Dock Sawfly,1,3
Insect,Ptinidae,Dryophilodes pyrifer,,1,7
Insect,Cicadidae,Auscala spinosa,Cicada,1,10
Insect,Calliphoridae,Amenia nigromaculata,,1,2
Insect,Culicidae,Culex australicus,Australian House Mosquito,1,19
Insect,Formicidae,Meranoplus hirsutus,,1,2
Insect,Lecithoceridae,Lecithocera sobria,,1,13
Insect,Erebidae,Nudaria mollis,,1,2
Insect,Pyralidae,Mimaglossa zophera,,1,5
Insect,Kalotermitidae,Kalotermes rufinotum,Termite,1,4
Insect,Coenagrionidae,Caliagrion billinghursti,Large Riverdamsel,1,3
Insect,Geometridae,Dinophalus atmoscia,,1,5
Insect,Geometridae,Dinophalus drakei,Geometer Moth,1,1
Insect,Libellulidae,Nannophya dalei,Eastern Pygmyfly,1,4
Insect,Erebidae,Praxis pandesma,Variable Praxis,1,9
Insect,Bombyliidae,Ligyra sinuatifascia,Bee Fly,1,5
Insect,Naucoridae,Naucoris congrex,Creeping Water Bug,1,18
Insect,Cerambycidae,Phalota tenella,,1,4
Insect,Cerambycidae,Callidiopis scutellaris,,1,16
Insect,Tortricidae,Epiphyas lypra,,1,1
Insect,Depressariidae,Eupselia hypsichora,,1,11
Insect,Asilidae,Blepharotes coriarius,Giant Yellow Robber Fly,1,8
Insect,Aphalaridae,Creiis lituratus,Psyllid Bug,1,18
Insect,Buprestidae,Agrilus australasiae,,1,3
Insect,Reduviidae,Aradellus nigerrimus,Assassin Bug,1,1
Insect,Acanthosomatidae,Duadicus pallidus,Shield Bug,1,4
Insect,Acrididae,Valanga meleager,,1,2
Insect,Geocoridae,Germalus australis,Big-eyed Bug,1,4
Insect,Tortricidae,Anisogona notoplaga,,1,3
Insect,Tropiduchidae,Gaetulia koebelei,,1,2
Insect,Vespidae,Ropalidia gregaria,,1,6
Insect,Noctuidae,Pyripnoa auricularia,,1,1
Insect,Buprestidae,Stigmodera gratiosa,,1,5
Insect,Tineidae,Erechthias acontistes,,1,10
Insect,Bombyliidae,Nigromyia longistriata,,1,10
Insect,Curculionidae,Listronotus bonariensis,Argentine Stem Weevil,1,5
Insect,Cerambycidae,Strongylurus scutellatus,,1,1
Insect,Geometridae,Polyacme subpulchra,,1,2
Insect,Geometridae,Comostola iodioides,,1,1
Insect,Crambidae,Notarcha polytimeta,,1,6
Insect,Ichneumonidae,Habronyx victorianus,,1,5
Insect,Hemerobiidae,Micromus timidus,,1,9
Insect,Miridae,Fingulus atrocaeruleus,,1,2
Insect,Nolidae,Earias vittella,,1,1
Insect,Colletidae,Meroglossa itamuca,Plasterer Bee,1,17
Insect,Dictyopharidae,Hasta hastata,,1,9
Insect,Formicidae,Myrmecia gratiosa,,1,10
Insect,Curculionidae,Pachyporopterus satyrus,,1,4
Insect,Curculionidae,Oenopus guttatus,,1,1
Insect,Colletidae,Palaeorhiza turneriana,,1,17
Insect,Crabronidae,Ectemnius hebetescens,,1,1
Insect,Cosmopterigidae,Macrobathra leucopeda,,1,10
Insect,Oecophoridae,Euchaetis incarnatella,,1,3
Insect,Pergidae,Pergagrapta castanea,Sawfly,1,1
Insect,Cerambycidae,Nenenia thoracica,,1,10
Insect,Scarabaeidae,Pachytricha tecta,,1,5
Insect,Asilidae,Aplestobroma avidum,,1,3
Insect,Cerambycidae,Coptocercus undulatus,,1,1
Insect,Elateridae,Hapatesus hirtus,Potato Wireworm,1,6
Insect,Ichneumonidae,Labium petitorium,,1,3
Insect,Crambidae,Musotima ochropteralis,Grass Moth,1,16
Insect,Notodontidae,Cascera muscosa,,1,6
Insect,Chrysomelidae,Chalcolampra thoracica,,1,2
Insect,Apioceridae,Apiocera maritima,,1,1
Insect,Geometridae,Ectropis lignea,Geometer Moth,1,6
Insect,Crambidae,Calamotropha dielota,,1,2
Insect,Curculionidae,Xylosandrus crassiusculus,,1,1
Insect,Geometridae,Conosara pammicta,,1,1
Insect,Therevidae,Anabarhynchus maritimus,Stiletto Fly,1,2
Insect,Chironomidae,Clunio pacificus,Midge,1,1
Insect,Scarabaeidae,Neocnecus punctata,,1,1
Insect,Chrysomelidae,Cadmus calomeloides,,1,4
Insect,Oecophoridae,Philobota acropola,Concealer Moth,1,7
Insect,Belidae,Rhinotia filiformis,,1,15
Insect,Curculionidae,Gonipterus lepidotus,,1,1
Insect,Cerambycidae,Lygesis mendica,,1,2
Insect,Tortricidae,Helictophanes prospera,,1,2
Insect,Halictidae,Lasioglossum platychilum,,1,1
Insect,Pyralidae,Cardamyla didymalis,,1,4
Insect,Enicocephalidae,Oncylocotis tasmanicus,,1,9
Insect,Therevidae,Nanexila livea,,1,2
Insect,Colletidae,Trichocolletes erythrurus,,1,4
Insect,Oecophoridae,Temnogyropa stenomorpha,Concealer Moth,1,5
Insect,Buprestidae,Castiarina alternecosta,,1,2
Insect,Pyralidae,Assara holophragma,Grass Moth,1,16
Insect,Gomphidae,Austrogomphus collaris,Western Inland Hunter,1,5
Insect,Noctuidae,Proteuxoa typhlopa,,1,2
Insect,Psychidae,Ardiosteres moretonella,,1,5
Insect,Cicadidae,Sylphoides arenaria,Sand Fairy,1,10
Insect,Stathmopodidae,Stathmopoda acontias,Concealer Moth,1,1
Insect,Histeridae,Hister nomas,Hister Beetle,1,1
Insect,Acrididae,Stenocatantops vitripennis,,1,7
Insect,Oecophoridae,Wingia hesperidella,Concealer Moth,1,3
Insect,Pentatomidae,Protestrica stali,Shield Bug,1,3
Insect,Curculionidae,Aphela helopoides,,1,9
Insect,Cicadellidae,Rosopaella geoffroyi,Leafhopper,1,2
Insect,Yponomeutidae,Atteva niphocosma,,1,11
Insect,Apidae,Austroplebeia australis,,1,3
Insect,Yloryctidae,Araeostoma aenicta,,1,2
Insect,Spongiphoridae,Marava arachidis,"Chief Earwig, Bone-house Earwig",1,12
Insect,Scarabaeidae,Onthophagus fuliginosus,,1,2
Insect,Crambidae,Glyphodes bivitralis,,1,9
Insect,Muscidae,Musca terraereginae,,1,1
Insect,Crabronidae,Bembix flavifrons,Wasp,1,1
Insect,Meloidae,Australozonitis bizonata,,1,14
Insect,Nitidulidae,Epuraea ocularis,,1,1
Insect,Pteromalidae,Xantheurytoma pallidicoxa,,1,2
Insect,Aleyrodidae,Dialeuropora decempuncta,,1,5
Insect,Pteromalidae,Agamerion cleptideum,,1,5
Insect,Oecophoridae,Acanthodela protophaes,Concealer Moth,1,21
Insect,Rhyparochromidae,Arcleda fusca,Seed Bug,1,3
Insect,Meloidae,Australozonitis tricolor,,1,3
Insect,Curculionidae,Leptopius spinipennis,,1,2
Insect,Geometridae,Syneora excursaria,Geometer Moth,1,7
Insect,Pseudococcidae,Melanococcus albizziae,Wattle Mealybug,1,34
Insect,Coreidae,Cletus minutus,,1,4
Insect,Yloryctidae,Plectophila pyrgodes,,1,5
Insect,Platystomatidae,Lamprogaster imperialis,Signal Fly,1,10
Insect,Halictidae,Nomia lyonsiae,,1,3
Insect,Chrysomelidae,Paropsisterna annularis,,1,16
Insect,Dytiscidae,Sandracottus bakewelli,Diving Beetle,1,1
Insect,Tenebrionidae,Amarygmus aeger,,1,18
Insect,Oecophoridae,Eochrois acutella,,1,1
Insect,Nolidae,Blenina donans,,1,2
Insect,Anthicidae,Pseudocyclodinus strictus,,1,1
Insect,Tortricidae,Temnolopha mosaica,,1,1
Insect,Coccinellidae,Novius koebelei,,1,5
Insect,Yloryctidae,Xylorycta haplochroa,,1,1
Insect,Cerambycidae,Syllitus sinuaticosta,,1,3
Insect,Gelechiidae,Hypatima deviella,,1,6
Insect,Histeridae,Hololepta lissopyga,,1,3
Insect,Flatidae,Dworena hyacintha,,1,7
Insect,Oecophoridae,Garrha mellichroa,Concealer Moth,1,4
Insect,Colletidae,Leioproctus rhodurus,,1,1
Insect,Cleridae,Lemidia quadricolor,,1,6
Insect,Crambidae,Boeotarcha taenialis,,1,4
Insect,Crambidae,Cirrhochrista annulifera,,1,5
Insect,Eriococcidae,Lachnodius eucalypti,Redgum Pit Scale,1,4
Insect,Chrysomelidae,Candezea ziczac,,1,8
Insect,Curculionidae,Listroderes delaiguei,Subterranean Clover Weevil,1,2
Insect,Noctuidae,Mataeomera dubia,Scale-eating Caterpillar,1,18
Insect,Pyralidae,Assara seminivale,,1,1
Insect,Cicadellidae,Zygina ipoloa,Leafhopper,1,3
Insect,Cicadellidae,Dunioa picturata,,1,1
Insect,Oecophoridae,Garrha mitescens,,1,1
Insect,Curculionidae,Maleuterpes spinipes,Spine-legged Citrus Weevil,1,1
Insect,Pyralidae,Cathyalia pallicostalis,,1,2
Insect,Pergidae,Acanthoperga cameronii,,1,2
Insect,Pyrgomorphidae,Monistria pustulifera,Blistered Pyrgomorph,1,1
Insect,Crambidae,Glyphodes multilinealis,,1,1
Insect,Erebidae,Praxis porphyretica,Owlet Moth,1,32
Insect,Scarabaeidae,Maechidius tridentatus,,1,2
Insect,Cerambycidae,Tropis paradoxa,,1,17
Insect,Erebidae,Thallarcha chrysochares,Moth,1,19
Insect,Heterogastridae,Parathyginus acuminatus,,1,3
Insect,Tephritidae,Dacus absonifacies,Primitive Crane Fly,1,2
Insect,Aphalaridae,Spondyliaspis nigra,,1,2
Insect,Culicidae,Aedes elchoensis,,1,4
Insect,Chrysomelidae,Paropsisterna lignea,,1,1
Insect,Curculionidae,Aparete palpebrosa,,1,5
Insect,Heteromyzidae,Diplogeomyza pectinervis,Fly,1,15
Insect,Hepialidae,Fraus crocea,Ghost Moth,1,14
Insect,Crambidae,Metasia familiaris,,1,4
Insect,Asilidae,Promachus doddi,,1,13
Insect,Chrysomelidae,Cadmus crucicollis,,1,21
Insect,Melyridae,Hypattalus sordidus,,1,11
Insect,Oecophoridae,Stenoptena icmaea,,1,10
Insect,Cicadidae,Psaltoda mossi,,1,2
Insect,Euteliidae,Targalla subocellata,,1,3
Insect,Erebidae,Lithilaria ossicolor,Litter Moth,1,5
Insect,Aleyrodidae,Orchamoplatus citri,Whitefly,1,3
Insect,Formicidae,Camponotus judithmorrisae,,1,2
Insect,Buprestidae,Temognatha affinis,,1,2
Insect,Empididae,Thinempis turimetta,Dance Fly,1,1
Insect,Oecophoridae,Plectobela ecliptica,,1,11
Insect,Buprestidae,Castiarina wilsoni,,1,13
Insect,Pyrgotidae,Adapsilia illingworthana,,1,1
Insect,Cicadellidae,Candulifera rapea,,1,1
Insect,Tenebrionidae,Lepturidea cylindrica,,1,2
Insect,Curculionidae,Melanterius costipennis,,1,7
Insect,Nepticulidae,Stigmella leucargyra,,1,5
Insect,Culicidae,Aedeomyia venustipes,Mosquito,1,3
Insect,Geometridae,Epidesmia tricolor,Geometer Moth,1,10
Insect,Chrysomelidae,Paropsis latona,,1,3
Insect,Curculionidae,Cryptoplus ferrugineus,,1,1
Insect,Spongiphoridae,Paraspania brunneri,,1,1
Insect,Buprestidae,Castiarina kirbyi,,1,4
Insect,Aeshnidae,Austrophlebia costalis,Southern Giant Darner,1,9
Insect,Ichneumonidae,Tryonocryptus nigridorsalis,Ichneumon Wasp,1,4
Insect,Cicadellidae,Microtartessus idyia,,1,9
Insect,Pyralidae,Tylochares cosmiella,,1,7
Insect,Stathmopodidae,Stathmopoda rubripicta,,1,1
Insect,Coccinellidae,Sticholotis quadrimaculata,,1,7
Insect,Miridae,Hallodapus albofasciatus,,1,4
Insect,Megachilidae,Megachile leucopyga,,1,8
Insect,Oecophoridae,Aristeis hepialella,,1,8
Insect,Anthribidae,Dendropemon albopictus,,1,2
Insect,Cosmopterigidae,Macrobathra euryleuca,,1,10
Insect,Clastopteridae,Pectinariophyes stalii,Tube Spittlebug,1,13
Insect,Cerambycidae,Sophron inornatum,,1,2
Insect,Miridae,Helopeltis pernicialis,,1,1
Insect,Tenebrionidae,Tanychilus dubius,,1,1
Insect,Coccidae,Coccus viridis,Green Scale,1,4
Insect,Geometridae,Horisme plagiographa,,1,3
Insect,Pergidae,Neoeurys variabilis,Sawfly,1,3
Insect,Staphylinidae,Quedius ruficollis,,1,4
Insect,Mantispidae,Ditaxis meridiei,,1,2
Insect,Oecophoridae,Eulechria clytophanes,,1,1
Insect,Curculionidae,Lixus tasmanicus,,1,10
Insect,Reduviidae,Dicrotelus prolixus,Assassin Bug,1,9
Insect,Coccinellidae,Coccinella undecimpunctata,Elevenspotted Ladybird,1,20
Insect,Euteliidae,Lophoptera hemithyris,,1,1
Insect,Tephritidae,Paraactinoptera prolixa,,1,1
Insect,Culicidae,Ochlerotatus cv.,,1,2
Insect,Crambidae,Pygospila tyres,,1,6
Insect,Belidae,Rhinotiodes spinipennis,,1,3
Insect,Oecophoridae,Guestia chaetophora,,1,4
Insect,Geometridae,Chrysochloroma megaloptera,,1,2
Insect,Syrphidae,Episyrphus glaber,,1,2
Insect,Elateridae,Ophidius dracunculus,,1,3
Insect,Hesperiidae,Hesperilla malindeva,Malindeva Skipper,1,2
Insect,Scarabaeidae,Cheiroplatys latipes,,1,9
Insect,Aradidae,Carventus australis,,1,1
Insect,Cicadellidae,Aneono darwinensis,Leafhopper,1,1
Insect,Curculionidae,Eudelodes bicolor,,1,6
Insect,Gelechiidae,Ardozyga megalommata,,1,1
Insect,Cecidomyiidae,Actilasioptera coronata,,1,8
Insect,Cerambycidae,Demomisis filum,,1,19
Insect,Meloidae,Palaestra rufipennis,,1,4
Insect,Phlaeothripidae,Teuchothrips badiipennis,,1,6
Insect,Oecophoridae,Eridolera leucostephes,,1,2
Insect,Buprestidae,Castiarina testacea,,1,8
Insect,Syrphidae,Melangyna jacksoni,,1,16
Insect,Tenebrionidae,Lepturidea fastigiata,,1,1
Insect,Rhiniidae,Metallea incisuralis,Blow Fly,1,2
Insect,Blaberidae,Pycnoscelus indicus,,1,14
Insect,Curculionidae,Neolaemosaccus ater,,1,6
Insect,Geometridae,Minoa euthecta,Geometer Moth,1,1
Insect,Geometridae,Chlenias macrochorda,,1,6
Insect,Geometridae,Nadagara xylotrema,,1,3
Insect,Reduviidae,Mendola puellula,,1,1
Insect,Mordellidae,Mordella inusitata,,1,2
Insect,Depressariidae,Pedois cosmopoda,Moth,1,2
Insect,Oecophoridae,Acolasta scolia,Concealer Moth,1,3
Insect,Colletidae,Hylaeus amiculus,Plasterer Bee,1,6
Insect,Argiolestidae,Archiargiolestes parvulus,Midget Flatwing,1,6
Insect,Rhyparochromidae,Udeocoris scudderi,Seed Bug,1,5
Insect,Culicidae,Mimomyia chamberlaini,,1,2
Insect,Pentatomidae,Cuspicona apothoracica,Shield Bug,1,13
Insect,Colletidae,Hylaeus cyaneomicans,,1,4
Insect,Chrysomelidae,Paropsis dilatata,,1,4
Insect,Formicidae,Myrmecia nobilis,Bull Ant,1,5
Insect,Hesperiidae,Pasma tasmanica,Tasmanica Skipper,1,4
Insect,Erotylidae,Cnecosa insueta,,1,8
Insect,Tiphiidae,Ariphron bicolor,,1,10
Insect,Curculionidae,Rhabdoscelus obscurus,Sugarcane Weevil Borer,1,9
Insect,Noctuidae,Bathytricha truncata,Sugarcane And Maize Stemborer Moth,1,19
Insect,Geometridae,Epipristis oxyodonta,,1,1
Insect,Aphididae,Toxoptera aurantii,Aphid,1,6
Insect,Oecophoridae,Oenochroa lactella,,1,8
Insect,Carabidae,Chlaenius darlingensis,,1,9
Insect,Crambidae,Notarcha obrinusalis,,1,5
Insect,Acrididae,Bermius curvicercus,,1,5
Insect,Nolidae,Acatapaustus metallopa,Tuft Moth,1,4
Insect,Yloryctidae,Echiomima mythica,,1,12
Insect,Leptoceridae,Hudsonema paludosus,Caddisfly,1,1
Insect,Yloryctidae,Thymiatris cephalochra,,1,2
Insect,Cerambycidae,Cnemoplites edulis,Mallee Witchetygrub,1,5
Insect,Dolichopodidae,Amblypsilopus commoni,,1,2
Insect,Cicadellidae,Tortor dorrigensis,,1,6
Insect,Derbidae,Rhotana septemmaculata,,1,2
Insect,Scythrididae,Scythris pleonectis,,1,4
Insect,Crambidae,Scoparia meyrickii,,1,4
Insect,Geometridae,Gymnoscelis chlorobapta,,1,1
Insect,Erotylidae,Thallis metasternalis,,1,1
Insect,Therevidae,Anabarhynchus argenteus,,1,1
Insect,Cicadellidae,Dryadomorpha pallida,,1,1
Insect,Vespidae,Anterhynchium tasmaniense,,1,1
Insect,Bostrichidae,Lyctus brunneus,(powderpost Beetle),1,4
Insect,Tenthredinidae,Cladius brullei,,1,3
Insect,Nolidae,Nola albalis,Tuft Moth,1,3
Insect,Membracidae,Cebes transiens,Treehopper,1,2
Insect,Phlaeothripidae,Gynaikothrips ficorum,Fig Leaf-rolling Thrips,1,3
Insect,Blattellidae,Johnrehnia contraria,Cockroach,1,10
Insect,Formicidae,Camponotus woodroffeensis,,1,2
Insect,Geometridae,Dichromodes aristadelpha,,1,5
Insect,Cerambycidae,Ectinope spinicollis,,1,4
Insect,Noctuidae,Acronicta psorallina,,1,5
Insect,Euteliidae,Paectes cyanodes,,1,6
Insect,Vespidae,Pseudabispa ephippioides,,1,1
Insect,Colletidae,Callomelitta littleri,Plasterer Bee,1,3
Insect,Lauxaniidae,Sapromyza mallochiana,Acalyptrate Fly,1,18
Insect,Erebidae,Notata modicus,,1,11
Insect,Curculionidae,Cyrtobagous salviniae,Salvinia Weevil,1,2
Insect,Formicidae,Camponotus lownei,Sugar Ant,1,16
Insect,Syrphidae,Xanthandrus agrolas,,1,5
Insect,Formicidae,Melophorus turneri,,1,4
Insect,Cossidae,Endoxyla magnifica,Carpenter Moth,1,5
Insect,Buprestidae,Temognatha duboulayi,Jewel Beetle,1,2
Insect,Ichneumonidae,Riekophion emandibulator,,1,1
Insect,Cerambycidae,Telocera wollastoni,,1,1
Insect,Austroperlidae,Acruroperla atra,Stonefly,1,7
Insect,Oecophoridae,Thema gypsina,Concealer Moth,1,1
Insect,Syrphidae,Austalis smaragdi,,1,3
Insect,Nolidae,Nola pygmaeodes,,1,6
Insect,Lecithoceridae,Crocanthes thermobapta,,1,3
Insect,Belidae,Rhinotia marginella,,1,2
Insect,Alydidae,Daclera rufescens,,1,9
Insect,Formicidae,Stigmacros epinotalis,,1,6
Insect,Cerambycidae,Distichocera thomsonella,,1,3
Insect,Tachinidae,Cylindromyia nigricosta,,1,11
Insect,Oecophoridae,Barea crypsipyrrha,Concealer Moth,1,1
Insect,Tiphiidae,Catocheilus petulans,,1,4
Insect,Muscidae,Helinomydaea flavofusca,,1,12
Insect,Gelechiidae,Mesophleps crocina,Twirler Moth,1,3
Insect,Anthelidae,Anthela deficiens,,1,4
Insect,Noctuidae,Proteuxoa confinis,,1,1
Insect,Mantispidae,Campion rubellus,,1,4
Insect,Micropezidae,Metopochetus freyi,,1,6
Insect,Noctuidae,Proteuxoa adelopa,Owlet Moth,1,1
Insect,Tortricidae,Heliocosma incongruana,,1,2
Insect,Cosmopterigidae,Pyroderces tenuilinea,,1,2
Insect,Hepialidae,Fraus polyspila,Chequered Fraus,1,1
Insect,Noctuidae,Enispa niviceps,,1,1
Insect,Cerambycidae,Aphanosperma occidentalis,,1,1
Insect,Erebidae,Trigonodes cephise,,1,3
Insect,Limoniidae,Molophilus parvistylus,Crane Fly,1,1
Insect,Cerambycidae,Rhytiphora bakewelli,,1,18
Insect,Pyralidae,Emmalocera latilimbella,,1,1
Insect,Apidae,Exoneura robusta,Reed Bee,1,13
Insect,Scarabaeidae,Anomalomorpha anthracina,,1,5
Insect,Gerridae,Rhagadotarsus anomalus,Water Strider,1,6
Insect,Ripiphoridae,Macrosiagon rufofasciata,,1,1
Insect,Cerambycidae,Atesta pubescens,,1,2
Insect,Formicidae,Melophorus aeneovirens,,1,4
Insect,Nolidae,Bryophilopsis leucopolia,,1,4
Insect,Scirtidae,Scirtes exoletus,,1,7
Insect,Acroceridae,Mesophysa tenaria,,1,1
Insect,Gryllotalpidae,Gryllotalpa oya,,1,2
Insect,Noctuidae,Proteuxoa leptochroa,,1,10
Insect,Cerambycidae,Aphneope sericata,,1,2
Insect,Noctuidae,Proteuxoa florescens,Owlet Moth,1,16
Insect,Tropiduchidae,Paralasonia australis,,1,3
Insect,Aleyrodidae,Pseudozaphanera niger,Species Of Whiteflies,1,9
Insect,Tineidae,Metapherna salsa,,1,4
Insect,Yloryctidae,Cryptophasa flavolineata,,1,6
Insect,Drosophilidae,Drosophila busckii,Fruit Fly,1,7
Insect,Oecophoridae,Euchaetis rhodochila,,1,3
Insect,Rhinotermitidae,Coptotermes acinaciformis,Subterranean Termite,1,28
Insect,Gasteruptiidae,Gasteruption mirabilifemorale,,1,3
Insect,Tachinidae,Cylindromyia angustissimifrons,Horse Fly,1,1
Insect,Erebidae,Philogethes metableta,,1,7
Insect,Blaberidae,Panesthia cribrata,Cockroach,1,6
Insect,Colletidae,Hylaeus chlorosomus,Plasterer Bee,1,14
Insect,Buprestidae,Hypocisseis suturalis,,1,13
Insect,Geometridae,Casbia tanaoctena,Geometer Moth,1,10
Insect,Cicadellidae,Eurymeloides perpusilla,,1,19
Insect,Lycaenidae,Hypochrysops ignitus,Fiery Jewel,1,6
Insect,Scarabaeidae,Phyllotocus apicalis,,1,2
Insect,Curculionidae,Nemestra incerta,,1,15
Insect,Cicadellidae,Thamnophryne nysias,Leafhopper,1,9
Insect,Geometridae,Eucrostes disparata,,1,2
Insect,Gelechiidae,Ardozyga aversella,,1,3
Insect,Belidae,Pachyura australis,,1,2
Insect,Oecophoridae,Eulechria syngenes,,1,2
Insect,Carabidae,Philophlaeus luculentus,,1,2
Insect,Dictyopharidae,Thanatodictya praeferrata,Planthopper,1,5
Insect,Curculionidae,Sternochetus mangiferae,Mango Seed Weevil,1,4
Insect,Lonchodidae,Austrosipyloidea carterus,Black-striped Stick-insect,1,11
Insect,Lecithoceridae,Cophomantella lychnocentra,,1,6
Insect,Tettigoniidae,Diastella hilleri,,1,9
Insect,Limoniidae,Antocha australiensis,,1,9
Insect,Formicidae,Polyrhachis ammonoeides,,1,3
Insect,Scarabaeidae,Phyllotocus australis,,1,7
Insect,Acrididae,Exarna includens,,1,7
Insect,Depressariidae,Progonica rhothias,,1,1
Insect,Geometridae,Thallogama corticola,Geometer Moth,1,2
Insect,Dolichopodidae,Amblypsilopus bereni,,1,1
Insect,Curculionidae,Ophrythyreocis fasciculatus,,1,2
Insect,Chrysomelidae,Galerucella placida,,1,13
Insect,Geometridae,Dithalama cosmospila,Geometer Moth,1,35
Insect,Tortricidae,Clarana arrythmodes,,1,1
Insect,Piophilidae,Piophila australis,,1,1
Insect,Depressariidae,Pedois lewinella,Moth,1,9
Insect,Elateridae,Parablax ooliekirra,,1,1
Insect,Derbidae,Cedusa spinosa,,1,4
Insect,Keroplatidae,Macrocera decorosa,,1,8
Insect,Tenebrionidae,Hypaulax marginata,,1,1
Insect,Cerambycidae,Ancita marginicollis,,1,35
Insect,Miridae,Dolichomiris linearis,,1,1
Insect,Ichneumonidae,Theronia fraucai,,1,1
Insect,Pentatomidae,Anaxilaus oliva,Shield Bug,1,14
Insect,Anthribidae,Genethila retusa,,1,3
Insect,Corylophidae,Priamima rubicunda,,1,1
Insect,Staphylinidae,Aleochara bisulcata,,1,1
Insect,Geometridae,Chrysolarentia euphileta,Geometer Moth,1,6
Insect,Lycaenidae,Famegana nisa,Black-spotted Grass-blue,1,9
Insect,Tenebrionidae,Lepispilus rotundicollis,,1,5
Insect,Cerambycidae,Phoracantha frenchi,,1,3
Insect,Chrysomelidae,Poneridia australis,,1,9
Insect,Tortricidae,Constrictana ischnomorpha,,1,3
Insect,Cerambycidae,Tropis exilis,,1,2
Insect,Curculionidae,Trigonotarsus calandroides,,1,4
Insect,Tortricidae,Melanodaedala scopulosana,,1,4
Insect,Mydidae,Anomalomydas mackerrasi,,1,4
Insect,Thripidae,Heliothrips haemorrhoidalis,Greenhouse Thrips,1,11
Insect,Buprestidae,Diadoxus jungi,,1,2
Insect,Curculionidae,Amycterus exasperatus,,1,5
Insect,Gelechiidae,Anarsia dryinopa,,1,6
Insect,Oecophoridae,Thapsinotypa anthemodes,Concealer Moth,1,18
Insect,Lycidae,Metriorrhynchus tricavicollis,,1,5
Insect,Curculionidae,Aades griseatus,,1,6
Insect,Elateridae,Monocrepidus tabidus,,1,4
Insect,Pseudococcidae,Nipaecoccus aurilanatus,Golden Mealybug,1,4
Insect,Cossidae,Endoxyla leucomochla,Carpenter Moth,1,3
Insect,Cleridae,Lemidia nitens,,1,31
Insect,Cerambycidae,Titurius intonsodorsalis,,1,2
Insect,Sialidae,Stenosialis australiensis,Alderfly,1,3
Insect,Curculionidae,Amycterus elongatus,,1,1
Insect,Keroplatidae,Macrocera mastersi,,1,7
Insect,Crabronidae,Austrogorytes bellicosus,Wasp,1,5
Insect,Noctuidae,Cruria kochii,,1,2
Insect,Sarcophagidae,Sarcophaga iota,,1,11
Insect,Formicidae,Myrmecia esuriens,,1,7
Insect,Corydalidae,Archichauliodes neoguttiferus,Dobsonfly,1,1
Insect,Syrphidae,Chalcosyrphus victoriensis,Hover Fly,1,3
Insect,Sciomyzidae,Pherbellia juxtajavana,Marsh Fly,1,1
Insect,Gelechiidae,Symbolistis argyromitra,,1,2
Insect,Reduviidae,Ectomocoris binotatus,,1,8
Insect,Oecophoridae,Chrysonoma paracycla,Concealer Moth,1,4
Insect,Crambidae,Elophila difflualis,,1,7
Insect,Megachilidae,Megachile canifrons,Bee,1,25
Insect,Notodontidae,Epicoma pontificalis,Moth,1,8
Insect,Oecophoridae,Philobota cirrhocephala,,1,3
Insect,Formicidae,Podomyrma christae,Ant,1,2
Insect,Eriococcidae,Apiomorpha karschi,Felt Scale Insect,1,10
Insect,Cicadidae,Drymopsalta daemeli,,1,6
Insect,Rhyparochromidae,Elasmolomus papuanus,,1,5
Insect,Gracillariidae,Acrocercops irrorata,,1,13
Insect,Anthicidae,Trichananca fulgida,,1,2
Insect,Crambidae,Diathrausta ochreipennis,,1,5
Insect,Ichneumonidae,Enicospilus skeltonii,,1,13
Insect,Erebidae,Calathusa dispila,,1,3
Insect,Cerambycidae,Syllitus araucariae,,1,1
Insect,Carabidae,Demetrida brachinodera,,1,1
Insect,Colletidae,Hylaeus greavesi,,1,2
Insect,Erebidae,Rhesala imparata,,1,8
Insect,Cicadidae,Diemeniana hirsuta,,1,1
Insect,Tortricidae,Hyperxena scierana,,1,1
Insect,Colletidae,Leioproctus bicristatus,,1,1
Insect,Formicidae,Stigmacros clivispina,,1,1
Insect,Chrysomelidae,Arsipoda variegata,,1,5
Insect,Buprestidae,Diphucrania marmorata,,1,14
Insect,Blattidae,Drymaplaneta heydeniana,,1,8
Insect,Trogiidae,Lepinotus reticulatus,,1,1
Insect,Crambidae,Metallarcha beatalis,Grass Moth,1,1
Insect,Geometridae,Horisme mortuata,Geometer Moth,1,3
Insect,Oecophoridae,Crepidosceles iostephana,Concealer Moth,1,3
Insect,Cosmopterigidae,Trachydora peroneta,,1,5
Insect,Ceratopogonidae,Culicoides ornatus,,1,2
Insect,Therevidae,Ectinorhynchus terminalis,,1,10
Insect,Leptophlebiidae,Atalophlebia australis,Mayfly,1,4
Insect,Anisolabididae,Titanolabis colossea,Giant Earwig,1,8
Insect,Eriococcidae,Callococcus leptospermi,,1,5
Insect,Geometridae,Cleora decisaria,,1,1
Insect,Gelechiidae,Hypatima spathota,,1,1
Insect,Ricaniidae,Ricania limbata,,1,4
Insect,Oecophoridae,Syscalma prymnaea,,1,9
Insect,Syrphidae,Eristalinus hervebazini,,1,6
Insect,Buprestidae,Castiarina kerremansi,,1,12
Insect,Membracidae,Eufairmairiella curvicaudus,,1,1
Insect,Carabidae,Catadromus lacordairei,Catadromus Carabid Beetle,1,7
Insect,Pyralidae,Persicoptera compsopa,,1,4
Insect,Cerambycidae,Essisus dispar,,1,6
Insect,Yloryctidae,Iulactis insignis,,1,1
Insect,Oecophoridae,Compsotropha selenias,Concealer Moth,1,12
Insect,Buprestidae,Torresita cuprifera,,1,7
Insect,Dermestidae,Dermestes frischii,,1,6
Insect,Erebidae,Termessa discrepans,Moth,1,8
Insect,Formicidae,Pheidole ampla,,1,2
Insect,Crambidae,Hyalobathra aequalis,,1,3
Insect,Chrysomelidae,Bruchus pisorum,,1,2
Insect,Chrysomelidae,Aporocera atra,,1,7
Insect,Pompilidae,Psoropempula erythrostethus,Spider Wasp,1,4
Insect,Geometridae,Idiodes prionosema,Geometer Moth,1,6
Insect,Geometridae,Gymnoscelis mesophoena,,1,1
Insect,Gracillariidae,Acrocercops plebeia,,1,3
Insect,Gelechiidae,Phthorimaea operculella,Twirler Moth,1,4
Insect,Chrysomelidae,Oides silphomorphoides,,1,5
Insect,Blattidae,Methana parva,,1,4
Insect,Tephritidae,Austrotephritis trupanea,,1,24
Insect,Tenebrionidae,Platyphanes vittatus,,1,6
Insect,Reduviidae,Ploiaria armstrongi,,1,1
Insect,Erebidae,Amata huebneri,,1,7
Insect,Chrysomelidae,Phyllocharis cyanipes,,1,6
Insect,Dermestidae,Dermestes maculatus,Common Hide Beetle,1,40
Insect,Buprestidae,Castiarina subcincta,,1,8
Insect,Gelechiidae,Dichomeris iophaea,,1,1
Insect,Teratomyzidae,Teratomyza undulata,Fern Fly,1,3
Insect,Oecophoridae,Thema xiphochrysa,Concealer Moth,1,6
Insect,Lampyridae,Atyphella lychnus,Blue Mountains Firefly,1,6
Insect,Thyrididae,Mellea ordinaria,,1,3
Insect,Bombyliidae,Geron dispar,Bee Fly,1,7
Insect,Cerambycidae,Hesthesis ferrugineus,,1,4
Insect,Membracidae,Pogonella minutus,Treehopper,1,15
Insect,Pentatomidae,Mycoolona atricornis,Shield Bug,1,35
Insect,Asilidae,Chrysopogon albopunctatus,,1,10
Insect,Coreidae,Pachycolpura manca,,1,12
Insect,Cerambycidae,Oroderes uniformis,,1,2
Insect,Crambidae,Syntonarcha vulnerata,,1,7
Insect,Coenagrionidae,Austrocnemis maccullochi,Tiny Longlegs,1,7
Insect,Curculionidae,Cosmobaris discolor,,1,3
Insect,Cicadellidae,Austroagallia torrida,Spotted Leafhopper,1,5
Insect,Dytiscidae,Hyderodes crassus,Diving Beetle,1,2
Insect,Erebidae,Eublemma rivula,Owlet Moth,1,2
Insect,Pyralidae,Catamola funerea,,1,11
Insect,Cerambycidae,Temnosternus vitula,,1,4
Insect,Cicadidae,Pauropsalta extensa,,1,6
Insect,Tachinidae,Euthera skusei,Horse Fly,1,6
Insect,Tineidae,Opogona glycyphaga,,1,3
Insect,Curculionidae,Neolaemosaccus peccuarius,,1,9
Insect,Geometridae,Capusa stenophara,Geometer Moth,1,9
Insect,Pyralidae,Crocydopora cinigerella,,1,45
Insect,Oecophoridae,Thema chlorochyta,Concealer Moth,1,9
Insect,Crabronidae,Bembix variabilis,Wasp,1,3
Insect,Depressariidae,Thudaca circumdatella,,1,11
Insect,Nolidae,Eligma orthoxantha,,1,2
Insect,Formicidae,Pseudonotoncus eurysikos,Ant,1,20
Insect,Drosophilidae,Drosophila hydei,,1,2
Insect,Curculionidae,Lixus breweri,,1,2
Insect,Geometridae,Aeolochroma melaleucae,,1,6
Insect,Ptinidae,Stagetomorphus lanigera,,1,2
Insect,Cicadellidae,Tartessella rugosa,,1,1
Insect,Tortricidae,Rhopobota hortaria,,1,1
Insect,Achilidae,Aneipo ceres,,1,2
Insect,Elateridae,Paracrepidomenus linearis,,1,10
Insect,Formicidae,Podomyrma rugosa,Ant,1,3
Insect,Gasteruptiidae,Gasteruption simillimum,,1,1
Insect,Nolidae,Nola vepallida,,1,4
Insect,Erebidae,Hypospila dochmotoma,,1,2
Insect,Geometridae,Scopula loxosema,Geometer Moth,1,1
Insect,Cerambycidae,Syllitus argillaceus,,1,4
Insect,Nolidae,Nola eurrhyncha,Tuft Moth,1,6
Insect,Formicidae,Camponotus claripes,Pale Legged Sugar Ant,1,32
Insect,Gracillariidae,Acrocercops laciniella,,1,7
Insect,Tettigoniidae,Polichne parvicauda,,1,6
Insect,Formicidae,Meranoplus puryi,Ant,1,12
Insect,Tortricidae,Debiliana debiliana,,1,7
Insect,Geometridae,Organopoda olivescens,,1,3
Insect,Coccinellidae,Docimocaria princeps,,1,2
Insect,Endomychidae,Daulotypus umbratilis,,1,1
Insect,Trogossitidae,Leperina adusta,,1,3
Insect,Chrysomelidae,Longitarsus flavicornis,,1,1
Insect,Crabronidae,Austrogorytes grahami,,1,1
Insect,Ichneumonidae,Ceratomansa spinifrons,,1,5
Insect,Geometridae,Planolocha obliquata,,1,1
Insect,Syrphidae,Austalis roederi,,1,2
Insect,Tingidae,Physatocheila uniseriata,,1,9
Insect,Aradidae,Glochocoris brisbanicus,,1,1
Insect,Mastotermitidae,Mastotermes darwiniensis,Giant Northern Termite,1,3
Insect,Tettigoniidae,Ephippitytha maculata,,1,4
Insect,Geometridae,Hypographa phlegetonaria,,1,9
Insect,Oecophoridae,Ochropolia micrastis,,1,2
Insect,Buprestidae,Castiarina fossoria,,1,3
Insect,Cossidae,Sympycnodes rhaptodes,Carpenter Moth,1,1
Insect,Acanthosomatidae,Eupolemus insularis,Shield Bug,1,6
Insect,Bombyliidae,Pseudopenthes fenestrata,Bee Fly,1,17
Insect,Mantidae,Sphodropoda quinquedens,,1,2
Insect,Oedemeridae,Sessinia punctum,,1,20
Insect,Dinidoridae,Megymenum affine,Cucurbit Shield Bug,1,6
Insect,Curculionidae,Ephrycus obliquus,,1,9
Insect,Cosmopterigidae,Labdia cyanogramma,,1,2
Insect,Cerambycidae,Stromatium longicorne,,1,1
Insect,Pyralidae,Lasiosticha opimella,,1,5
Insect,Curculionidae,Cubicorhynchus sordidus,,1,1
Insect,Trogiidae,Trogium pulsatorium,,1,9
Insect,Hesperiidae,Mesodina cyanophracta,Blue Iris-skipper,1,7
Insect,Coccidae,Protopulvinaria pyriformis,Pyriform Scale,1,2
Insect,Cosmopterigidae,Labdia ceraunia,,1,1
Insect,Buprestidae,Diphucrania laticollis,,1,5
Insect,Lasiocampidae,Entometa apicalis,Lappet Moth,1,12
Insect,Cosmopterigidae,Labdia promacha,,1,1
Insect,Castniidae,Synemon magnifica,,1,1
Insect,Aeshnidae,Austroaeschna pinheyi,Inland Darner,1,1
Insect,Crambidae,Hednota bivittella,,1,15
Insect,Adelidae,Ceromitia leptosticta,,1,5
Insect,Ptinidae,Ptinus albohumeralis,,1,2
Insect,Tortricidae,Epiphyas dotatana,Leafroller Moth,1,9
Insect,Geometridae,Syneora emmelodes,,1,6
Insect,Pyrgotidae,Osa commoni,,1,5
Insect,Apidae,Amegilla aeruginosa,,1,4
Insect,Noctuidae,Proteuxoa leucosticta,Owlet Moth,1,8
Insect,Formicidae,Myrmecia rugosa,,1,12
Insect,Curculionidae,Oxyops fasciculatus,,1,9
Insect,Scarabaeidae,Semanopterus solidus,,1,7
Insect,Pentatomidae,Anaxarchus pardalinus,,1,10
Insect,Cleridae,Stigmatium linealba,,1,3
Insect,Curculionidae,Acantholophus denticollis,,1,3
Insect,Eucnemidae,Galbodema mannerheimii,,1,3
Insect,Geometridae,Scopula oppilata,,1,8
Insect,Blattidae,Anamesia lambii,,1,5
Insect,Therevidae,Evansomyia levis,,1,16
Insect,Blattidae,Anamesia angusta,,1,6
Insect,Cicadellidae,Eurymela fenestrata,Leafhopper,1,15
Insect,Calocidae,Caenota plicata,Caddisfly,1,8
Insect,Syrphidae,Chalcosyrphus elongatus,Hover Fly,1,6
Insect,Cicadidae,Macrotristria intersecta,Green Whizzer (green Form),1,9
Insect,Pyralidae,Calguia deltophora,,1,5
Insect,Eurybrachidae,Platybrachys vidua,,1,6
Insect,Zygaenidae,Hestiochora intermixta,,1,1
Insect,Oecophoridae,Euchaetis rufogrisea,Concealer Moth,1,1
Insect,Curculionidae,Orpha flavicornis,,1,5
Insect,Cicadellidae,Tolasella brunnea,,1,2
Insect,Melyridae,Carphurus maculicollis,,1,5
Insect,Erebidae,Scoliacma bicolora,Moth,1,15
Insect,Erebidae,Asura zebrina,,1,4
Insect,Geometridae,Casbia oenias,Geometer Moth,1,4
Insect,Alucitidae,Alucita agapeta,,1,1
Insect,Cleridae,Trogodendron fasciculatum,,1,20
Insect,Tortricidae,Statherotis euryphaea,,1,6
Insect,Cerambycidae,Rhytiphora cruciata,,1,1
Insect,Chrysomelidae,Paropsisterna simsoni,,1,6
Insect,Scarabaeidae,Thyregis kershawi,,1,1
Insect,Colletidae,Euryglossa calaina,,1,1
Insect,Cleridae,Blackburniella intricata,,1,17
Insect,Curculionidae,Hylurgus ligniperda,Golden-haired Bark Beetle,1,8
Insect,Tettigoniidae,Xederra gwynnei,,1,8
Insect,Crambidae,Parotis marinata,,1,2
Insect,Eurybrachidae,Platybrachys lurida,,1,5
Insect,Myrmeleontidae,Austrogymnocnemia falsa,,1,3
Insect,Asilidae,Cerdistus hudsoni,,1,7
Insect,Tineidae,Edosa balanosema,Fungus Moth,1,5
Insect,Colletidae,Callohesma geminata,Plasterer Bee,1,3
Insect,Mutillidae,Ephutomorpha porrecticeps,,1,6
Insect,Vespidae,Abispa australiana,,1,1
Insect,Formicidae,Ooceraea australis,,1,8
Insect,Tenebrionidae,Chalcopteroides cupripennis,,1,29
Insect,Crambidae,Aporocosmus lamprodeta,,1,9
Insect,Oecophoridae,Philobota biophora,Concealer Moth,1,3
Insect,Chrysomelidae,Aporocera pulchella,,1,4
Insect,Crambidae,Rehimena phrynealis,,1,2
Insect,Ichneumonidae,Megaceria pagana,,1,7
Insect,Melandryidae,Callidircaea venusta,,1,1
Insect,Buprestidae,Castiarina erythromelas,,1,6
Insect,Crambidae,Hednota diargyra,,1,1
Insect,Rhyparochromidae,Brachydrymus lateabundans,Seed Bug,1,1
Insect,Neriidae,Telostylinus lineolatus,,1,21
Insect,Colletidae,Trichocolletes gelasinus,,1,1
Insect,Pergidae,Perga brullei,Sawfly,1,3
Insect,Erebidae,Agamana sarmentosa,,1,3
Insect,Colletidae,Trichocolletes fuscus,,1,4
Insect,Nolidae,Nycteola symmicta,,1,1
Insect,Myrmeleontidae,Austrogymnocnemia meteorica,,1,10
Insect,Cleridae,Necrobia ruficollis,Redshouldered Ham Beetle,1,5
Insect,Anthribidae,Dendropemon subfasciatus,Beetle,1,8
Insect,Eurytomidae,Stigmeurytoma eucalypti,,1,1
Insect,Erebidae,Donuca lanipes,,1,14
Insect,Anisolabididae,Carcinophora venusta,,1,5
Insect,Ptinidae,Deroptilinus granicollis,Beetle,1,2
Insect,Halictidae,Lasioglossum megastigmum,,1,6
Insect,Gelechiidae,Helcystogramma hibisci,,1,11
Insect,Argidae,Trichorhachus hyalinus,,1,2
Insect,Oecophoridae,Machetis versatrix,Concealer Moth,1,3
Insect,Carabidae,Scopodes tasmanicus,,1,14
Insect,Geometridae,Scopula caesaria,,1,3
Insect,Coccinellidae,Parastethorus histrio,,1,2
Insect,Lecithoceridae,Sarisophora tenella,,1,2
Insect,Reduviidae,Opistoplatys australasiae,Assassin Bug,1,7
Insect,Colletidae,Euhesma nitidifrons,,1,3
Insect,Geometridae,Paralaea toowoomba,,1,1
Insect,Yponomeutidae,Yponomeuta pustulellus,,1,9
Insect,Chrysomelidae,Trachymela orbicularis,,1,1
Insect,Delphacidae,Metadelphax propinqua,,1,1
Insect,Formicidae,Stigmacros marginata,Ant,1,3
Insect,Leptoceridae,Oecetis pechana,Caddisfly,1,3
Insect,Therevidae,Ectinorhynchus latistria,,1,4
Insect,Oecophoridae,Philobota thiocrossa,,1,1
Insect,Cicadidae,Pyropsalta amnica,,1,14
Insect,Micronectidae,Micronecta annae,Water Boatman,1,1
Insect,Eriococcidae,Apiomorpha annulata,,1,9
Insect,Palaephatidae,Ptyssoptera tetropa,,1,2
Insect,Tephritidae,Dacus aequalis,,1,1
Insect,Ichneumonidae,Xylophion xylus,,1,8
Insect,Oecophoridae,Barea nymphica,,1,4
Insect,Leptoceridae,Oecetis inscripta,Caddisfly,1,17
Insect,Lygaeidae,Scopiastes impeditus,,1,1
Insect,Formicidae,Camponotus tricoloratus,Sugar Ant,1,5
Insect,Geometridae,Lackrana carbo,,1,1
Insect,Formicidae,Plagiolepis squamulosa,,1,1
Insect,Asilidae,Ommatius flavicaudus,,1,2
Insect,Oecophoridae,Oenochroa ochrosoma,,1,3
Insect,Oecophoridae,Eulechria hilda,,1,1
Insect,Scarabaeidae,Schizognathus burmeisteri,,1,8
Insect,Cicadidae,Pauropsalta contigua,,1,5
Insect,Pentatomidae,Austromalaya lata,,1,8
Insect,Scarabaeidae,Scitala sericans,Shiny Pasture Scarab,1,12
Insect,Oecophoridae,Guestia uniformis,Concealer Moth,1,6
Insect,Cerambycidae,Tritocosmia atricilla,,1,21
Insect,Pseudococcidae,Paracoccus marginatus,Papaya Mealybug,1,4
Insect,Pentatomidae,Novatilla barnardi,,1,3
Insect,Euteliidae,Gyrtona polionota,,1,4
Insect,Oecophoridae,Thema macroscia,,1,81
Insect,Pentatomidae,Platycoris rugosus,Shield Bug,1,9
Insect,Anthelidae,Munychryia periclyta,,1,3
Insect,Oecophoridae,Pycnozancla acribes,,1,4
Insect,Sphingidae,Daphnis moorei,,1,6
Insect,Cicadidae,Yoyetta grandis,,1,5
Insect,Cerambycidae,Dictamnia aestuosa,,1,1
Insect,Chrysomelidae,Altica gravida,,1,1
Insect,Buprestidae,Castiarina imitator,,1,4
Insect,Mordellidae,Mordella promiscua,,1,8
Insect,Pergidae,Pergagrapta bella,Sawfly,1,11
Insect,Pulicidae,Ctenocephalides felis,Cat Flea,1,5
Insect,Curculionidae,Orthoporopterus elongatus,,1,1
Insect,Platystomatidae,Lenophila dentipes,Signal Fly,1,4
Insect,Formicidae,Mayriella abstinens,,1,2
Insect,Colletidae,Callomelitta antipodes,Plasterer Bee,1,11
Insect,Formicidae,Lioponera singularis,,1,1
Insect,Heteromyzidae,Cairnsimyia robusta,Fly,1,3
Insect,Curculionidae,Steriphus murinus,,1,2
Insect,Culicidae,Aedes tremulus,,1,9
Insect,Tipulidae,Leptotarsus terraereginae,,1,2
Insect,Gracillariidae,Diphtheroptila ochridorsellum,,1,2
Insect,Formicidae,Mesoponera australis,,1,14
Insect,Geometridae,Chlenias stenosticha,Geometer Moth,1,6
Insect,Oedemeridae,Pseudolycus bivitticollis,,1,1
Insect,Oecophoridae,Philobota strigatella,,1,1
Insect,Argidae,Trichorhachus nitidus,,1,10
Insect,Aleyrodidae,Siphoninus phillyreae,Ash Whitefly,1,13
Insect,Aphididae,Cerataphis brasiliensis,,1,1
Insect,Chrysomelidae,Paropsis deserti,,1,3
Insect,Oecophoridae,Sphyrelata melanoleuca,,1,4
Insect,Dolichopodidae,Heteropsilopus brevicornis,Long-legged Fly,1,10
Insect,Oecophoridae,Philobota physaula,Concealer Moth,1,12
Insect,Psyllidae,Heteropsylla cubana,,1,3
Insect,Carabidae,Demetrida grandis,,1,8
Insect,Largidae,Physopelta australis,,1,4
Insect,Ephydridae,Scatella nitidithorax,,1,2
Insect,Formicidae,Camponotus terebrans,Brown Bearded Sugar Ant,1,8
Insect,Reduviidae,Dulitocoris usingeri,,1,2
Insect,Pyralidae,Emmalocera macrorrhynca,,1,1
Insect,Pergidae,Xyloperga univittata,,1,2
Insect,Lacturidae,Lactura caminaea,,1,8
Insect,Pteromalidae,Trichilogaster maideni,,1,4
Insect,Stenotritidae,Ctenocolletes ordensis,,1,2
Insect,Cicadellidae,Aneono australensis,Leafhopper,1,2
Insect,Formicidae,Camponotus prostans,,1,1
Insect,Cerambycidae,Strongylurus musgravei,,1,2
Insect,Erebidae,Cyme quadrilineata,,1,7
Insect,Yloryctidae,Xylorycta parabolella,Concealer Moth,1,7
Insect,Oecophoridae,Myrascia lathicentra,Concealer Moth,1,1
Insect,Curculionidae,Neolaemosaccus narinus,,1,2
Insect,Yloryctidae,Leistarcha amphigramma,,1,5
Insect,Curculionidae,Gonipterus pulverulentus,,1,26
Insect,Oecanthidae,Oecanthus angustus,,1,3
Insect,Muscidae,Lispe albimaculata,,1,1
Insect,Scarabaeidae,Antitrogus morbillosus,Tableland Pasture Scarab,1,14
Insect,Geometridae,Mnesampela comarcha,Geometer Moth,1,6
Insect,Rhyparochromidae,Aristaenetus diffinis,,1,2
Insect,Chrysomelidae,Peltoschema dryope,,1,9
Insect,Sphingidae,Agrius godarti,Hawk Moth,1,19
Insect,Coreidae,Gralliclava australiensis,,1,8
Insect,Vespidae,Euodynerus aspra,,1,7
Insect,Curculionidae,Atrichonotus minimus,Little Fringed Weevil,1,7
Insect,Lestoideidae,Diphlebia lestoides,Whitewater Rockmaster,1,3
Insect,Cicadellidae,Austrocerus ipo,,1,3
Insect,Chironomidae,Nasuticladius ater,Midge,1,1
Insect,Elateridae,Elatichrosis wilsoni,,1,8
Insect,Argidae,Schizocerella pilicornis,,1,24
Insect,Cicadellidae,Japananus hyalinus,Japanese Maple Leafhopper,1,20
Insect,Sphecidae,Sphex carbonicolor,,1,5
Insect,Eulophidae,Cobarus planus,,1,3
Insect,Miridae,Diomocoris nebulosus,,1,5
Insect,Asilidae,Cerdistus exilis,,1,3
Insect,Formicidae,Ponera leae,Ant,1,7
Insect,Cleridae,Parapylus bicinctus,,1,6
Insect,Crambidae,Phanomorpha icelomorpha,,1,4
Insect,Heteromyzidae,Trixoleria maculata,Fly,1,1
Insect,Curculionidae,Linogeraeus urbanus,,1,2
Insect,Cicadellidae,Anacornutipo lignosa,Leafhopper,1,2
Insect,Pyralidae,Meyrickiella homosema,,1,24
Insect,Buprestidae,Selagis caloptera,,1,15
Insect,Oecophoridae,Eulechria tanysticha,Concealer Moth,1,2
Insect,Ascalaphidae,Megacmonotus magnus,Owlfly,1,11
Insect,Noctuidae,Ectopatria mundoides,Owlet Moth,1,11
Insect,Geometridae,Thalassodes dorsilinea,,1,8
Insect,Rhyparochromidae,Paromius gracilis,,1,2
Insect,Cleridae,Scrobiger albocinctus,,1,1
Insect,Cleridae,Lemidia variicollis,,1,1
Insect,Phlaeothripidae,Teuchothrips disjunctus,,1,1
Insect,Aeshnidae,Austroaeschna anacantha,Western Darner,1,5
Insect,Isostictidae,Labidiosticta vallisi,Large Wiretail,1,7
Insect,Erebidae,Amata humeralis,,1,6
Insect,Curculionidae,Acantholophus planicollis,,1,12
Insect,Ichneumonidae,Sericopimpla australis,Ichneumon Wasp,1,3
Insect,Muscidae,Prohardyia carinata,,1,1
Insect,Culicidae,Aedes edwardsi,,1,1
Insect,Therevidae,Parapsilocephala elegans,,1,3
Insect,Pentatomidae,Bathrus variegatus,,1,8
Insect,Pyralidae,Enchesphora recurvalis,,1,1
Insect,Elachistidae,Elachista carcharota,,1,1
Insect,Chrysomelidae,Paropsisterna nigrovittata,,1,7
Insect,Geometridae,Dichromodes ornata,,1,7
Insect,Psychidae,Lepidoscia cataphracta,Bagworm Moth,1,4
Insect,Ichneumonidae,Lissonota macqueeni,,1,3
Insect,Geometridae,Middletonia suavis,Geometer Moth,1,9
Insect,Formicidae,Colobopsis vitrea,,1,5
Insect,Buprestidae,Castiarina mimesis,,1,1
Insect,Curculionidae,Gonipterus conicollis,,1,1
Insect,Buprestidae,Castiarina sagittaria,,1,3
Insect,Myrmeleontidae,Mossega indecisa,,1,16
Insect,Acrididae,Oxya japonica,Rice Grasshopper,1,15
Insect,Formicidae,Camponotus cinereus,Mallee Black Sugar Ant,1,8
Insect,Scarabaeidae,Pimelopus nothus,,1,14
Insect,Gryllacrididae,Pterapotrechus longicornis,,1,1
Insect,Miridae,Stenotus binotatus,,1,6
Insect,Acrididae,Macrotona mjobergi,,1,5
Insect,Colletidae,Hylaeus amiculiformis,,1,13
Insect,Bostrichidae,Xylobosca bispinosus,,1,2
Insect,Nolidae,Armactica columbina,,1,28
Insect,Elateridae,Crepidomenus victoriae,,1,2
Insect,Curculionidae,Misophrice squamiventris,,1,2
Insect,Tortricidae,Technitis cataractis,,1,3
Insect,Dermestidae,Eurhopalus apicipenis,,1,2
Insect,Aleyrodidae,Aleurocanthus spiniferus,,1,1
Insect,Crambidae,Aboetheta pteridonoma,,1,2
Insect,Oecophoridae,Dissoloba iochalca,,1,1
Insect,Belidae,Agnesiotis pilosula,,1,7
Insect,Chrysomelidae,Nisotra breweri,,1,8
Insect,Cicadellidae,Xestocephalus australensis,,1,1
Insect,Pentatomidae,Alcaeus lignicolor,Shield Bug,1,10
Insect,Formicidae,Rhytidoponera inornata,,1,2
Insect,Tiphiidae,Thynnus pulchralis,,1,6
Insect,Morabidae,Keyacris scurra,Key's Matchstick Grasshopper,1,3
Insect,Castniidae,Synemon crocea,Orange-banded Sun-moth,1,2
Insect,Mesoveliidae,Mesovelia hungerfordi,Water Treader,1,2
Insect,,Trichophysetis neophyla,,1,5
Insect,Halictidae,Lipotriches grisella,,1,4
Insect,Carabidae,Distipsidera undulata,,1,5
Insect,Oecophoridae,Philobota ancylotoxa,,1,8
Insect,Tenebrionidae,Helea perforata,,1,16
Insect,Curculionidae,Decilaus variegatus,,1,1
Insect,Asilidae,Humorolethalis sergius,,1,3
Insect,Geometridae,Chlenias nodosus,,1,9
Insect,Bombyliidae,Comptosia neosobria,,1,2
Insect,Ethmiidae,Ethmia sphaerosticha,,1,3
Insect,Lygaeidae,Spilostethus decoratus,,1,3
Insect,Noctuidae,Adisura marginalis,,1,4
Insect,Blattidae,Methana curvigera,,1,4
Reptile,Elapidae,Hydrophis major,Olive-headed Sea Snake,1,1
Insect,Erotylidae,Leucohimatium arundinaceum,,1,3
Insect,Curculionidae,Aades cultratus,,1,26
Insect,Cerambycidae,Ancita varicornis,,1,7
Insect,Curculionidae,Baris tenuistriata,,1,2
Insect,Curculionidae,Tepperia major,,1,6
Insect,Noctuidae,Ctenoplusia furcifera,,1,1
Insect,Erebidae,Plusiodonta coelonota,,1,1
Insect,Castniidae,Synemon leucospila,,1,10
Insect,Colletidae,Hylaeus kelvini,,1,6
Insect,Erebidae,Chiriphe equidistans,,1,2
Insect,Oenosandridae,Discophlebia catocalina,Snub Moth,1,21
Insect,Chrysomelidae,Trachymela catenata,,1,6
Insect,Cicadellidae,Alotartessus iambe,Leafhopper,1,7
Insect,Carabidae,Distipsidera flavicans,,1,1
Insect,Syrphidae,Melangyna collatus,Hover Fly,1,19
Insect,Oecophoridae,Atelosticha phaedrella,,1,1
Insect,Chrysomelidae,Paropsis elytrura,,1,2
Insect,Carabidae,Agonocheila curtula,,1,3
Insect,Chironomidae,Procladius villosimanus,Midge,1,6
Insect,Corduliidae,Hemicordulia intermedia,Yellow-spotted Emerald,1,3
Insect,Psychidae,Lepidoscia lainodes,,1,6
Insect,Eriococcidae,Apiomorpha ovicoloides,Felt Scale Insect,1,7
Insect,Hydrophilidae,Hydrophilus albipes,Water Scavenger Beetle,1,3
Insect,Ichneumonidae,Xanthopimpla fraterculus,,1,1
Insect,Halictidae,Lasioglossum mirandum,,1,1
Insect,Carabidae,Carenum scaritoides,,1,1
Insect,Curculionidae,Emplesis parilis,,1,2
Insect,Ripiphoridae,Ptilophorus meyricki,,1,2
Insect,Lecithoceridae,Lecithocera alampes,,1,2
Insect,Zygaenidae,Hestiochora tricolor,Forester Moth,1,1
Insect,Chrysomelidae,Rhyparida didyma,,1,1
Insect,Haliplidae,Haliplus testudo,,1,1
Insect,Chrysomelidae,Aspidimorpha maculatissima,,1,2
Insect,Scarabaeidae,Trichaulax kirbyi,,1,1
Insect,Trogiidae,Cerobasis guestfalica,,1,14
Insect,Chrysomelidae,Paropsis thyone,,1,2
Insect,Ptinidae,Dryophilodes niger,,1,2
Insect,Syrphidae,Austalis muscoides,,1,4
Insect,Cerambycidae,Phoracantha obscura,,1,36
Insect,Derbidae,Kuranda notata,,1,2
Insect,Geometridae,Paralaea ochrosoma,Geometer Moth,1,20
Insect,Geometridae,Casbia leptorrhoda,,1,6
Insect,Formicidae,Camponotus subnitidus,Aerial Sugar Ant,1,8
Insect,Lauxaniidae,Homoneura discoglauca,,1,1
Insect,Erebidae,Epicyrtica oostigma,,1,4
Insect,Stratiomyidae,Odontomyia scutellata,,1,1
Insect,Gasteruptiidae,Gasteruption cinerescens,,1,9
Insect,Buprestidae,Astraeus navarchis,,1,2
Insect,Crambidae,Nacoleia oncophragma,,1,2
Insect,Chrysididae,Stilbum cyanurum,,1,13
Insect,Conopidae,Physocephala australiana,Kelp Fly,1,1
Insect,Tabanidae,Triclista media,,1,2
Insect,Oecophoridae,Echinocosma catachrysa,Concealer Moth,1,13
Insect,Buprestidae,Castiarina livida,,1,3
Insect,Cerambycidae,Mecynopus cothurnatus,,1,10
Insect,Glyphipterigidae,Glyphipterix palaeomorpha,,1,5
Insect,Tabanidae,Scaptia jacksonii,,1,4
Insect,Vespidae,Anterhynchium tamarinum,,1,2
Insect,Curculionidae,Aricerus eichhoffi,Fig Twig-borer,1,2
Insect,Cleridae,Lemidia cicatricosa,,1,1
Insect,Syrphidae,Melangyna ambustus,,1,25
Insect,Pentatomidae,Poecilometis parilis,Shield Bug,1,5
Insect,Geometridae,Amelora sparsularia,Geometer Moth,1,2
Insect,Nanaomantidae,Paraoxypilus armatus,,1,4
Insect,Cylindrotomidae,Stibadocerodes zherikhini,,1,3
Insect,Cossidae,Endoxyla lichenea,,1,3
Insect,Scarabaeidae,Onthophagus australis,Southern Dung Beetle,1,4
Insect,Heteromyzidae,Austroleria extensa,Fly,1,7
Insect,Buprestidae,Astraeus oberthuri,,1,2
Insect,Acrididae,Calephorops viridis,,1,10
Insect,Depressariidae,Thalamarchella alveola,,1,3
Insect,Psyllidae,Arytinnis hakani,,1,2
Insect,Sphecidae,Sceliphron caementarium,,1,8
Insect,Geometridae,Androchela milvaria,Geometer Moth,1,12
Insect,Tortricidae,Microsarotis sanderyi,,1,4
Insect,Oecophoridae,Philobota melanoxantha,,1,3
Insect,Cicadellidae,Austrimonus luteus,,1,3
Insect,Cerambycidae,Uracanthus maculatus,,1,1
Insect,Erebidae,Calathusa metableta,,1,6
Insect,Geometridae,Hypodoxa erebusata,,1,2
Insect,Erebidae,Hypena conscitalis,,1,3
Insect,Oecophoridae,Lepidotarsa habrodelta,Concealer Moth,1,11
Insect,Termitidae,Nasutitermes magnus,,1,1
Insect,Gelechiidae,Aristotelia centrosema,,1,2
Insect,Colletidae,Pachyprosopis purnongensis,,1,5
Insect,Pentatomidae,Cuspicona procallosa,,1,1
Insect,Cosmopterigidae,Limnaecia scoliosema,Cosmet Moth,1,7
Insect,Curculionidae,Parahyborrhynchus crassiusculus,,1,1
Insect,Cleridae,Notopilo congruus,,1,5
Insect,Oecophoridae,Cosmaresta eugramma,Concealer Moth,1,1
Insect,Chrysomelidae,Candezea seminigra,,1,1
Insect,Formicidae,Chelaner leae,,1,6
Insect,Ichneumonidae,Enicospilus borroloolai,,1,1
Insect,Gelechiidae,Hypatima orthostathma,,1,1
Insect,Eriococcidae,Apiomorpha baeuerleni,,1,2
Insect,Lasiocampidae,Pinara metaphaea,Lappet Moth,1,4
Insect,Curculionidae,Achoperinus infulatus,,1,1
Insect,Ichneumonidae,Xanthopimpla australis,,1,1
Insect,Bombyliidae,Geron paramonovi,,1,3
Insect,Formicidae,Polyrhachis leae,Ant,1,4
Insect,Sciomyzidae,Dichetophora biroi,Marsh Fly,1,2
Insect,Scoliidae,Radumeris radula,,1,9
Insect,Scarabaeidae,Saulostomus villosus,Hairy Scarab,1,3
Insect,Chrysomelidae,Aproida balyi,,1,16
Insect,Depressariidae,Eupselia metabola,,1,6
Insect,Tineidae,Tinea corynephora,,1,1
Insect,Rhyparochromidae,Coleocoris ocellatus,,1,1
Insect,Tineidae,Craniosara pyrotricha,,1,5
Insect,Pterophoridae,Bipunctiphorus euctimena,,1,2
Insect,Formicidae,Epopostruma monstrosa,Ant,1,6
Reptile,Diplodactylidae,Hesperoedura reticulata,Reticulated Velvet Gecko,1,1
Reptile,Diplodactylidae,Diplodactylus lateroides,Speckled Stone Gecko,1,1
Reptile,Scincidae,Pseudemoia spenceri,Trunk-climbing Cool-skink,1,1
Insect,Cicadidae,Yoyetta nigrimontana,,1,2
Insect,Corydalidae,Archichauliodes plomleyi,Dobsonfly,1,10
Insect,Pyralidae,Mimaglossa habitalis,Grass Moth,1,2
Insect,Erebidae,Corgatha pleuroplaca,,1,2
Insect,Cicadellidae,Exitianus plebeius,Leafhopper,1,12
Insect,Yloryctidae,Maroga leptopasta,,1,2
Insect,Therevidae,Bonjeania clamosis,,1,2
Insect,Asilidae,Thereutria pulchra,,1,2
Insect,Halictidae,Lasioglossum cassiaeflore,,1,2
Insect,Formicidae,Pheidole dispar,,1,5
Insect,Cerambycidae,Atesta stigmosa,,1,21
Insect,Formicidae,Myrmecia infima,,1,3
Reptile,Gekkonidae,Gehyra mutilata,Skin-shedding Dtella,1,1
Reptile,Varanidae,Varanus primordius,Northern Ridge-tailed Monitor,1,1
Reptile,Elapidae,Demansia vestigiata,Lesser Black Whipsnake,1,2
Insect,Chrysomelidae,Aporocera haematodes,,1,47
Insect,Cicadellidae,Carvaka contempta,Leafhopper,1,6
Insect,Cerambycidae,Eroschema atricolle,,1,8
Insect,Curculionidae,Psapharus mistothes,,1,1
Insect,Crabronidae,Bembix vespiformis,Wasp,1,13
Insect,Notodontidae,Gallaba duplicata,,1,1
Insect,Aphalaridae,Glycaspis granulata,,1,9
Insect,Tortricidae,Epiphyas asthenopis,Leafroller Moth,1,7
Insect,Chrysomelidae,Paropsis tasmanica,,1,3
Insect,Geometridae,Chloroclystis nigrilineata,,1,2
Insect,Erebidae,Meranda holochrysa,,1,2
Insect,Buprestidae,Synechocera deplana,,1,1
Insect,Calamoceratidae,Anisocentropus banghaasi,Caddisfly,1,4
Insect,Formicidae,Myrmecorhynchus carteri,Ant,1,2
Insect,Lauxaniidae,Poecilohetaerus castaneus,Acalyptrate Fly,1,1
Insect,Muscidae,Graphomya rufitibia,,1,2
Insect,Therevidae,Agapophytus australasiae,Stiletto Fly,1,1
Insect,Cicadellidae,Rhotidus teliformis,Leafhopper,1,4
Insect,Therevidae,Agapophytus quatiens,Stiletto Fly,1,8
Insect,Cerambycidae,Scolecobrotus variegatus,,1,8
Insect,Tortricidae,Meritastis pyrosemana,Leafroller Moth,1,13
Insect,Formicidae,Camponotus eastwoodi,,1,6
Insect,Ichneumonidae,Zaglyptus glabrinotus,,1,7
Insect,Pergidae,Pergagrapta gravenhorstii,Sawfly,1,17
Insect,Cicadidae,Pauropsalta castanea,,1,13
Insect,Elateridae,Anilicus xanthomus,,1,16
Insect,Coccinellidae,Scymnodes difficilis,,1,1
Insect,Formicidae,Epopostruma curiosa,,1,2
Insect,Noctuidae,Proteuxoa marginalis,Owlet Moth,1,4
Reptile,Scincidae,Carlia triacantha,Desert Rainbow-skink,1,1
Insect,Aphalaridae,Cryptoneossa vulgaris,,1,1
Insect,Mordellidae,Mordella quadrimaculata,,1,5
Insect,Chrysomelidae,Hyphalticoda caesita,,1,5
Insect,Coreidae,Amorbus bispinus,,1,5
Insect,Pentatomidae,Basicryptus interruptus,,1,3
Insect,Belidae,Rhinotia simplicipennis,,1,1
Insect,Cerambycidae,Hesthesis cingulatus,,1,2
Insect,Noctuidae,Cerynea trogobasis,,1,3
Insect,Tortricidae,Peraglyphis scepasta,,1,11
Insect,Trogidae,Omorgus australasiae,,1,4
Insect,Oecophoridae,Stictochila sarcoptera,Concealer Moth,1,4
Insect,Tenebrionidae,Homotrysis scutellaris,,1,17
Insect,Geocoridae,Umbrageocoris woodwardi,,1,3
Reptile,Chelidae,Elusor macrurus,Mary River Turtle,1,1
Insect,Nolidae,Nola semograpta,Tuft Moth,1,1
Insect,Anthicidae,Floydwernerius australis,,1,3
Insect,Reduviidae,Pnirsus cinctipes,Assassin Bug,1,14
Insect,Halictidae,Lasioglossum laevidiscum,,1,1
Insect,Oecophoridae,Saphezona pholidoxantha,Concealer Moth,1,5
Insect,Bolboceratidae,Elephastomus gellarus,,1,1
Insect,Scarabaeidae,Diaphonia dispar,,1,1
Insect,Tenebrionidae,Ulomoides tetraspilotus,,1,7
Insect,Zygaenidae,Pollanisus trimacula,,1,4
Insect,Tettigoniidae,Pseudorhynchus selonis,,1,1
Insect,Tiphiidae,Tachynomyia abdominalis,,1,8
Insect,Geometridae,Epyaxa centroneura,Geometer Moth,1,3
Insect,Crabronidae,Bembix musca,,1,12
Reptile,Elapidae,Brachyurophis roperi,Northern Shovel-nosed Snake,1,1
Insect,Carabidae,Agonocheila guttata,,1,4
Insect,Philorheithridae,Kosrheithrus tillyardi,Caddisfly,1,3
Insect,Lygaeidae,Eurynysius meschioides,,1,2
Insect,Sphaeroceridae,Howickia australis,,1,3
Insect,Nolidae,Nola vernalis,Tuft Moth,1,16
Insect,Lygaeidae,Graptostethus varipictus,Large Milkweed Bug,1,8
Insect,Depressariidae,Agonopterix alstroemeriana,,1,4
Insect,Hepialidae,Oxycanus subvaria,Ghost Moth,1,4
Insect,Megachilidae,Megachile monstrosa,Bee,1,10
Insect,Nolidae,Selepa celtis,,1,2
Insect,Chrysomelidae,Aporocera scabrosa,,1,24
Insect,Asilidae,Neosaropogon princeps,Robber Fly,1,5
Insect,Australembiidae,Metoligotoma minima,,1,14
Insect,Asilidae,Chrysopogon muelleri,Robber Fly,1,17
Insect,Buprestidae,Temognatha flavomarginata,,1,3
Insect,Chrysomelidae,Peltoschema rubiginosa,,1,20
Insect,Lonchodidae,Candovia coenosa,Muddy Stick-insect,1,6
Insect,Cicadellidae,Eurypella tasmaniensis,Leafhopper,1,35
Insect,Tineidae,Opogona nebularis,,1,2
Insect,Scythrididae,Eretmocera coracopis,,1,4
Insect,Formicidae,Iridomyrmex chasei,Ant,1,3
Insect,Reduviidae,Brachysandalus fulvipennis,,1,5
Insect,Depressariidae,Agriophara platyscia,,1,25
Insect,Oecophoridae,Epithymema helias,,1,3
Insect,Dolichopodidae,Paraclius manglar,,1,1
Insect,Eurybrachidae,Dardus abbreviatus,,1,9
Insect,Formicidae,Polyrhachis patiens,Ant,1,7
Insect,Noctuidae,Proteuxoa microspila,Owlet Moth,1,32
Insect,Ephydridae,Hydrellia victoria,Shore Fly,1,3
Insect,Phasmatidae,Podacanthus wilkinsoni,Ringbarker Stick-insect,1,5
Insect,Cerambycidae,Thyada barbicornis,,1,3
Insect,Carabidae,Pentagonica vittipennis,,1,1
Insect,Cerambycidae,Thoris octoguttata,,1,3
Insect,Coelopidae,Chaetocoelopa sydneyensis,Sydney Kelp Fly,1,12
Insect,Plutellidae,Plutella australiana,,1,8
Insect,Mordellidae,Mordella ruficollis,,1,6
Insect,Stratiomyidae,Geranopus purpuratus,Soldier Fly,1,1
Insect,Curculionidae,Mythites granulatus,,1,4
Insect,Buprestidae,Ethonion reichei,,1,4
Insect,Scarabaeidae,Liparetrus vestitus,,1,1
Insect,Acrididae,Kakaduacris minuta,Kakadu Grasshopper,1,2
Insect,Yloryctidae,Lichenaula tuberculata,,1,9
Insect,Ichneumonidae,Paraphylax corvax,,1,5
Insect,Asilidae,Asiola fasciata,Robber Fly,1,10
Insect,Scarabaeidae,Anoplostethus roseus,,1,12
Insect,Tenebrionidae,Pterohelaeus planus,,1,18
Insect,Geometridae,Nisista galearia,Geometer Moth,1,21
Insect,Heteromyzidae,Austroleria truncata,Fly,1,15
Insect,Therevidae,Taenogerella nigrapicalis,Stiletto Fly,1,2
Insect,Pentatomidae,Trachyops australis,Shield Bug,1,2
Insect,Formicidae,Crematogaster australis,,1,1
Insect,Adelidae,Ceromitia iolampra,Fairy Longhorn Moth,1,13
Insect,Formicidae,Pheidole bos,,1,3
Insect,Acrididae,Austracris basalis,,1,13
Insect,Crambidae,Margarosticha euprepialis,,1,6
Insect,Oecophoridae,Psaroxantha basilica,,1,11
Insect,Geometridae,Ectropis calida,Geometer Moth,1,3
Insect,Trigonidiidae,Homoeoxipha lycoides,,1,4
Insect,Gelechiidae,Ardozyga ceramica,,1,3
Insect,Notoligotomidae,Notoligotoma hardyi,,1,2
Insect,Scarabaeidae,Colymbomorpha vittata,Spring Beetle,1,10
Insect,Heteromyzidae,Diplogeomyza hardyi,Fly,1,4
Insect,Buprestidae,Diphucrania scabrosula,,1,27
Insect,Erebidae,Avitta ophiusalis,,1,1
Insect,Pentatomidae,Cuspicona cygniterrae,,1,1
Insect,Aphididae,Megoura crassicauda,,1,23
Insect,Gelechiidae,Symbolistis orophota,,1,4
Insect,Nolidae,Nola pothina,Tuft Moth,1,11
Insect,Buprestidae,Diadoxus erythrurus,Small Cypress Jewel Beetle,1,9
Insect,Buprestidae,Temognatha excisicollis,,1,2
Insect,Noctuidae,Mythimna formosana,,1,1
Insect,Curculionidae,Exithius musculus,,1,4
Insect,Chrysomelidae,Diaphanops westermanni,,1,6
Insect,Cecidomyiidae,Asphondylia floriformis,Gall Gnat,1,3
Insect,Geometridae,Dichromodes denticulata,,1,1
Reptile,Diplodactylidae,Diplodactylus bilybara,Western Fat-tailed Gecko,1,1
Reptile,Scincidae,Saproscincus rosei,Rose's Shadeskink,1,1
Reptile,Pygopodidae,Delma grayii,Side-barred Delma,1,2
Insect,Zygaenidae,Onceropyga anelia,,1,1
Insect,Formicidae,Cardiocondyla nuda,Ant,1,4
Insect,Geometridae,Aeolochroma olivia,,1,4
Insect,Syrphidae,Melangyna sellenyi,,1,3
Insect,Curculionidae,Exithius cariosus,,1,2
Insect,Aphididae,Sarucallis kahawaluokalani,,1,3
Insect,Pyralidae,Cryptoblabes euraphella,,1,15
Insect,Figitidae,Anacharis zealandica,,1,14
Insect,Crambidae,Phanomorpha dapsilis,Grass Moth,1,3
Insect,Myrmeleontidae,Protoplectron venustum,,1,1
Insect,Buprestidae,Castiarina aureola,,1,11
Insect,Gelechiidae,Ardozyga tetraploa,,1,12
Insect,Chrysomelidae,Paropsis bella,,1,2
Insect,Rhyparochromidae,Ethaltomarus terraereginae,,1,2
Insect,Buprestidae,Aaaaba fossicollis,,1,2
Insect,Pentatomidae,Kalkadoona pallida,Shield Bug,1,3
Insect,Cerambycidae,Pachydissus intermedius,,1,16
Insect,Psyllidae,Acizzia acaciaebaileyanae,,1,7
Insect,Culicidae,Aedes burpengaryensis,,1,1
Insect,Cosmopterigidae,Limnaecia leptomeris,,1,13
Insect,Sphingidae,Theretra margarita,,1,4
Insect,Acanthosomatidae,Anischys lundbecki,Shield Bug,1,5
Insect,Cicadellidae,Pascoepus nymphias,,1,2
Insect,Cossidae,Brevicyttara cyclospila,,1,2
Insect,Cicadellidae,Katipo rubrivenosa,Leafhopper,1,40
Insect,Curculionidae,Rhadinosomus lacordairei,Thin Strawberry Weevil,1,9
Insect,Thripidae,Thrips hawaiiensis,Banana Flower Thrips,1,1
Insect,Erebidae,Thallarcha lochaga,,1,4
Insect,Crambidae,Symmoracma minoralis,,1,1
Insect,Libellulidae,Camacinia othello,Black Knight,1,8
Insect,Tettigoniidae,Larifugagraecia spuria,,1,6
Insect,Cerambycidae,Oroderes mimulus,,1,3
Insect,Syrphidae,Eumerus argyrogaster,,1,2
Insect,Pyralidae,Ptyomaxia trigonogramma,,1,6
Insect,Culicidae,Aedes aculeatus,,1,6
Insect,Chrysomelidae,Calomela moorei,,1,6
Insect,Chloropidae,Pemphigonotus mirabilis,,1,4
Insect,Crambidae,Parapoynx dentizonalis,,1,5
Insect,Formicidae,Camponotus fergusoni,,1,16
Insect,Calliphoridae,Calliphora varifrons,,1,4
Insect,Cicadellidae,Ishidaella latomarginata,,1,2
Insect,Gelechiidae,Ephysteris promptella,,1,6
Reptile,Scincidae,Hemiergis gracilipes,South-western Mulch-skink,1,1
Reptile,Carphodactylidae,Orraya occultus,Mcilwraith Leaf-tailed Gecko,1,1
Reptile,Pygopodidae,Delma concinna,Javelin Lizard,1,1
Reptile,Scincidae,Cryptoblepharus ruber,Tawny Snake-eyed Skink,1,1
Reptile,Scincidae,Lerista verhmens,Powerful Lerista,1,1
Reptile,Scincidae,Cryptoblepharus egeriae,Blue-tailed Snake-eyed Skink,1,1
Reptile,Elapidae,Pseudechis australis,Mulga Snake,1,1
Reptile,Carphodactylidae,Nephrurus sheai,Northern Knob-tailed Gecko,1,1
Insect,Cicadellidae,Austroagalloides grisea,Leafhopper,1,12
Insect,Megachilidae,Megachile pictiventris,,1,6
Insect,Cossidae,Sympycnodes dunnorum,Carpenter Moth,1,3
Insect,Aleyrodidae,Bemisia afer,,1,1
Insect,Noctuidae,Autoba silicula,,1,11
Insect,Crambidae,Parapoynx villidalis,,1,3
Insect,Noctuidae,Anadevidia peponis,,1,6
Insect,Elateridae,Cryptalaus suboculatus,,1,1
Insect,Eupelmidae,Metapelma westwoodi,,1,2
Insect,Culicidae,Aedes pecuniosa,,1,1
Insect,Erebidae,Epicyrtica docima,Owlet Moth,1,5
Insect,Gripopterygidae,Illiesoperla mayi,Stonefly,1,2
Insect,Pyralidae,Stericta phaeopteralis,,1,1
Insect,Tortricidae,Holocola deloschema,,1,6
Insect,Chrysomelidae,Aulacophora quadrimaculata,,1,9
Insect,Oecophoridae,Olbonoma disticta,,1,8
Insect,Buprestidae,Agrilus hypoleucus,,1,46
Insect,Curculionidae,Otiorhynchus sulcatus,European Strawberry Weevil,1,4
Insect,Chrysomelidae,Paropsis lutea,,1,32
Insect,Pachygronthidae,Pachygrontha robusta,,1,3
Insect,Mantispidae,Theristria stigma,,1,8
Insect,Syrphidae,Syritta orientalis,,1,5
Insect,Geometridae,Paralaea taggorum,,1,4
Insect,Lucanidae,Lissotes furcicornis,,1,14
Insect,Ephydridae,Nostima duoseta,,1,9
Insect,Psocidae,Cycetes collessi,,1,1
Insect,Lycaenidae,Petrelaea tombugensis,Mauve Line-blue,1,2
Insect,Castniidae,Synemon obscurella,,1,1
Insect,Nolidae,Nola taeniata,,1,10
Insect,Chrysopidae,Mallada innotatus,,1,1
Insect,Tachinidae,Senostoma longipes,Horse Fly,1,4
Insect,Syrphidae,Ceriana ornata,,1,14
Insect,Asilidae,Austrosaropogon nigrinus,Robber Fly,1,6
Insect,Noctuidae,Proteuxoa coelenoptera,,1,1
Insect,Ectopsocidae,Ectopsocus petersi,,1,1
Insect,Noctuidae,Cycloprora nodyna,,1,4
Insect,Miridae,Sejanus howardae,,1,1
Insect,Histeridae,Saprinus cyaneus,Round Green Hister,1,9
Insect,Therevidae,Ectinorhynchus variabilis,Stiletto Fly,1,4
Insect,Lycidae,Synchonnus limbatum,,1,5
Insect,Reduviidae,Empicoris scabraventris,,1,1
Insect,Passalidae,Pharochilus punctiger,,1,1
Insect,Gelechiidae,Hypatima simulacrella,,1,1
Insect,Sphingidae,Hippotion johanna,,1,6
Insect,Aphalaridae,Lasiopsylla striata,,1,7
Insect,Bombyliidae,Dissodesma immaculata,,1,1
Insect,Anthribidae,Ethneca bakewellii,Beetle,1,1
Insect,Spongiphoridae,Paraspania discors,,1,5
Insect,Melyridae,Carphurus angustatus,,1,11
Insect,Formicidae,Aphaenogaster poultoni,,1,2
Insect,Gomphidae,Hemigomphus gouldii,Southern Vicetail,1,3
Insect,Geometridae,Amelora mesocapna,Geometer Moth,1,3
Insect,Pentatomidae,Vitellus antemna,Lesser Horned Citrus Bug,1,5
Insect,Cerambycidae,Chlorophorus annularis,,1,10
Insect,Geometridae,Euloxia pyropa,Unadorned Emerald,1,1
Insect,Formicidae,Myrmecia forceps,Bull Ant,1,4
Insect,Crambidae,Patissa pentamita,,1,1
Insect,Pseudophyllodromiidae,Ellipsidion gemmiculum,,1,3
Insect,Gasteruptiidae,Gasteruption curticauda,Parasitoid Wasp,1,2
Insect,Oecophoridae,Oxythecta nephelonota,,1,1
Insect,Crambidae,Scoparia oxygona,,1,28
Insect,Apidae,Amegilla flava,,1,2
Insect,Lauxaniidae,Homoneura nigra,,1,18
Insect,Formicidae,Myrmecia pulchra,Bull Ant,1,2
Insect,Lauxaniidae,Noeetomima decora,,1,2
Insect,Cicadidae,Psaltoda brachypennis,,1,1
Insect,Lasiocampidae,Entometa guttularis,Boxtree Moth,1,12
Insect,Erebidae,Spirama recessa,,1,6
Insect,Curculionidae,Pelororhinus argentosus,,1,4
Insect,Pergidae,Philomastix macleaii,,1,4
Insect,Coccinellidae,Erithionyx lanosus,,1,1
Insect,Buprestidae,Hypocisseis ornata,,1,1
Reptile,Scincidae,Carinascincus palfreymani,Pedra Branca Cool-skink,1,1
Reptile,Typhlopidae,Anilios unguirostris,Claw-snouted Blind Snake,1,2
Reptile,Elapidae,Aipysurus laevis,Olive Sea Snake,1,1
Reptile,Scincidae,Cryptoblepharus australis,Inland Snake-eyed Skink,1,1
Reptile,Colubridae,Lampropeltis californiae,California Kingsnake,1,1
Insect,Oecophoridae,Heliocausta pelosticta,,1,1
Insect,Vespidae,Paralastor laetus,,1,6
Insect,Formicidae,Myrmecia fuscipes,,1,4
Insect,Aphalaridae,Ctenarytaina longicauda,,1,1
Insect,Reduviidae,Aradellus cygnalis,Assassin Bug,1,12
Insect,Formicidae,Camponotus nigroaeneus,Sugar Ant,1,14
Insect,Cerambycidae,Zoedia divisa,,1,3
Insect,Buprestidae,Temognatha sanguinipennis,Jewel Beetle,1,5
Insect,Thyrididae,Aglaopus pyrrhata,Picture-winged Leaf Moth,1,38
Insect,Geometridae,Plesiolaea maritima,,1,5
Insect,Chrysomelidae,Paropsisterna laesa,,1,45
Insect,Pentatomidae,Neomazium typicum,,1,3
Insect,Muscidae,Neomyia lauta,,1,2
Insect,Geometridae,Scopula megalocentra,Geometer Moth,1,7
Insect,Tortricidae,Asthenoptycha iriodes,,1,1
Insect,Calliphoridae,Amenia leonina,,1,6
Insect,Lygaeidae,Melanerythrus biguttatus,,1,9
Insect,Cleridae,Cleromorpha novemguttata,,1,4
Insect,Curculionidae,Merimnetes oblongus,Radiata Pine Shoot Weevil,1,25
Insect,Buprestidae,Castiarina australasiae,,1,26
Insect,Pentatomidae,Diaphyta fulvescens,Shield Bug,1,7
Insect,Scarabaeidae,Euoniticellus intermedius,Northern Sandy Dung Beetle,1,2
Insect,Geometridae,Lipogya leucoprosopa,Geometer Moth,1,7
Insect,Reduviidae,Ectomocoris fuscatus,,1,5
Insect,Mordellidae,Mordella brevis,,1,1
Insect,Lestidae,Austrolestes aridus,Inland Ringtail,1,10
Insect,Formicidae,Iridomyrmex angusticeps,,1,1
Insect,Nepticulidae,Stigmella phyllanthina,,1,8
Insect,Caeciliusidae,Aphyopsocus prolixus,,1,6
Insect,Nemopteridae,Chasmoptera huttii,,1,9
Insect,Nolidae,Maurilia iconica,,1,2
Insect,Therevidae,Acraspisoides helviarta,,1,5
Insect,Elateridae,Paracrepidomenus filiformis,,1,4
Insect,Oecophoridae,Prepocosma tropica,,1,1
Insect,Bombyliidae,Thraxan luteus,,1,19
Insect,Synlestidae,Episynlestes albicauda,Southern Whitetip,1,7
Insect,Pergidae,Pterygophorus turneri,,1,1
Insect,Crambidae,Deuterarcha xanthomela,Grass Moth,1,16
Insect,Ichneumonidae,Zatypota dandiensis,,1,2
Insect,Cerambycidae,Phacodes ferrugineus,,1,1
Insect,Blattidae,Melanozosteria triangulata,,1,1
Insect,Oecophoridae,Tisobarica larotypa,,1,1
Insect,Oecophoridae,Isomoralla pyrrhoptera,,1,33
Insect,Braconidae,Aphidius rosae,,1,3
Insect,Aphididae,Drepanosiphum platanoidis,Sycamore Aphid,1,16
Insect,Yloryctidae,Brachybelistis pentachroa,Concealer Moth,1,2
Insect,Cosmopterigidae,Macrobathra melanomitra,,1,13
Insect,Formicidae,Calomyrmex albopilosus,Ant,1,1
Insect,Gryllidae,Eurepa yumbena,,1,5
Insect,Ichneumonidae,Enicospilus insularis,,1,16
Insect,Isostictidae,Rhadinosticta banksi,Northern Wiretail,1,4
Insect,Curculionidae,Decilaus expletus,,1,4
Insect,Tortricidae,Epiphyas ashworthana,Leafroller Moth,1,39
Insect,Lycaenidae,Ogyris abrota,Dark Purple Azure,1,16
Insect,Pelecorhynchidae,Pelecorhynchus fulvus,Snipe Fly,1,17
Insect,Geometridae,Idaea simplex,,1,9
Insect,Lycidae,Synchonnus clientulum,,1,4
Insect,Lycidae,Porrostoma fuscolineatum,,1,7
Insect,Oecophoridae,Euchaetis holoclera,,1,4
Insect,Tineodidae,Oxychirota paradoxa,,1,6
Insect,Formicidae,Stigmacros barretti,Ant,1,5
Insect,Tineidae,Metapherna isomacra,Moth,1,6
Insect,Reduviidae,Croscius melanopterus,,1,3
Insect,Buprestidae,Castiarina rectifasciata,,1,14
Insect,Cosmopterigidae,Labdia bathrosema,,1,1
Insect,Crambidae,Metoeca foedalis,,1,5
Insect,Chrysomelidae,Trachymela papuligera,,1,3
Insect,Elachistidae,Elachista gladiatrix,,1,10
Insect,Culicidae,Culex hilli,,1,2
Insect,Cleridae,Stigmatium quadricostatum,,1,8
Insect,Tortricidae,Epiphyas caryotis,,1,20
Insect,Formicidae,Dolichoderus niger,,1,20
Insect,Chrysomelidae,Chalcolampra marmorata,,1,6
Insect,Chrysomelidae,Ditropidus vulpinus,,1,2
Insect,Yloryctidae,Telecrates laetiorella,Concealer Moth,1,11
Insect,Tabanidae,Cydistomyia alternata,,1,2
Insect,Mydidae,Miltinus viduatus,,1,4
Insect,Pentatomidae,Vitellus mucronatus,,1,2
Insect,Crambidae,Paliga damastesalis,,1,1
Insect,Hepialidae,Abantiades argentangulum,,1,1
Insect,Glyphipterigidae,Glyphipterix pharetropis,,1,1
Insect,Chrysididae,Primeuchroeus relegatus,,1,2
Insect,Tortricidae,Technitis campylosticha,,1,1
Insect,Culicidae,Aedes multiplex,,1,7
Insect,Tephritidae,Bactrocera neohumeralis,,1,5
Insect,Oecophoridae,Coeranica isabella,Concealer Moth,1,14
Insect,Myrmeleontidae,Dendroleon amabilis,,1,6
Insect,Anthribidae,Exillis australis,,1,5
Insect,Lasiocampidae,Porela vitulina,Lappet Moth,1,4
Insect,Halictidae,Lasioglossum platycephalum,Sweat Bee,1,1
Insect,Formicidae,Iridomyrmex victorianus,Ant,1,2
Insect,Glyphipterigidae,Glyphipterix acinacella,,1,9
Insect,Blattidae,Periplaneta australasiae,Australian Cockroach,1,34
Insect,Coenagrionidae,Pseudagrion microcephalum,Blue Riverdamsel,1,15
Insect,Pieridae,Delias nysa,Nyza Jezabel,1,3
Insect,Tettigoniidae,Elephantodeta nobilis,,1,10
Insect,Curculionidae,Catasarcus impressipennis,Redlegged Weevil,1,7
Insect,Curculionidae,Talaurinus impressicollis,,1,9
Insect,Cicadellidae,Limotettix incertus,Leafhopper,1,8
Insect,Formicidae,Monomorium rothsteini,Smiling Mono Ant,1,13
Insect,Tenebrionidae,Nocar depressiusculus,,1,16
Insect,Cerambycidae,Neostenus saundersii,,1,10
Insect,Pentatomidae,Antestiopsis notia,,1,2
Insect,Geometridae,Maxates calaina,,1,7
Insect,Erebidae,Euproctis edwardsii,Mistletoe Browntail Moth,1,14
Insect,Lauxaniidae,Poecilohetaerus leucopus,,1,2
Insect,Lauxaniidae,Sapromyza immaculipes,Acalyptrate Fly,1,18
Insect,Sphecidae,Chalybion bengalense,,1,9
Insect,Curculionidae,Asceparnus subfasciatus,,1,3
Insect,Ninidae,Cymoninus sechellensis,,1,3
Insect,Tingidae,Malandiola similis,Lace Bug,1,8
Insect,Brachodidae,Miscera centropis,Day-flying Moth,1,1
Insect,Eriococcidae,Apiomorpha urnalis,Felt Scale Insect,1,20
Insect,Reduviidae,Gardena brevicollis,,1,2
Insect,Oecophoridae,Zacorus carus,Concealer Moth,1,19
Insect,Cicadellidae,Austroagalloides rosea,Leafhopper,1,10
Insect,Osmylidae,Kempynus millgrovensis,,1,2
Insect,Tenebrionidae,Strongylium neboissianum,,1,6
Insect,Ichneumonidae,Gavrana maculipes,,1,13
Insect,Eriococcidae,Apiomorpha maliformis,,1,3
Insect,Dytiscidae,Eretes australis,Diving Beetle,1,5
Insect,Eriococcidae,Apiomorpha floralis,,1,2
Insect,Oecophoridae,Telanepsia nonymopis,,1,3
Insect,Erebidae,Calathusa cyrtosticha,,1,2
Insect,Erebidae,Eublemma leucodesma,Owlet Moth,1,4
Insect,Ichneumonidae,Xorides australiensis,,1,4
Insect,Libellulidae,Austrothemis nigrescens,Swamp Flat-tail,1,17
Insect,Buprestidae,Melobasis splendida,,1,5
Insect,Gracillariidae,Acrocercops autadelpha,,1,11
Insect,Noctuidae,Helicoverpa assulta,,1,4
Insect,Sisyridae,Sisyra rufistigma,Sponge-fly,1,6
Insect,Limoniidae,Gymnastes fascipennis,,1,1
Insect,Formicidae,Lioponera clarki,,1,1
Insect,Eriococcidae,Tanyscelis maskelli,,1,3
Insect,Crambidae,Calamotropha delatalis,,1,5
Insect,Cerambycidae,Sybra centurio,,1,6
Insect,Cicadidae,Tryella rubra,,1,4
Insect,Lygaeidae,Arocatus chiasmus,,1,2
Insect,Aphididae,Aulacorthum solani,Foxglove Aphid,1,2
Insect,Ripiphoridae,Trigonodera conicollis,,1,2
Insect,Teredidae,Ascetoderes vittatus,,1,9
Insect,Lycaenidae,Jalmenus inous,Varied Hairstreak,1,1
Insect,Syrphidae,Odyneromyia spadix,,1,3
Insect,Tachinidae,Zebromyia ornata,,1,7
Insect,Tenebrionidae,Adelium licinoides,,1,2
Insect,Scoliidae,Pseudotrielis congener,,1,3
Insect,Geometridae,Aeolochroma mniaria,Geometer Moth,1,7
Insect,Geometridae,Epicompsa xanthocrossa,Geometer Moth,1,8
Insect,Philopteridae,Trabeculus hexakon,,1,1
Insect,Tenebrionidae,Achthosus westwoodi,,1,10
Insect,Trogossitidae,Leperina lacera,,1,2
Insect,Colletidae,Hylaeus chrysaspis,Plasterer Bee,1,1
Insect,Nymphalidae,Heteronympha mirifica,Wonder Brown,1,24
Insect,Chrysomelidae,Monolepta megalops,,1,1
Insect,Asilidae,Bromotheres australis,Robber Fly,1,8
Insect,Tetrigidae,Paratettix argillaceus,,1,6
Insect,Lauxaniidae,Ceratolauxania tetanocerina,Acalyptrate Fly,1,1
Insect,Crambidae,Margarosticha sphenotis,,1,13
Insect,Buprestidae,Castiarina versicolor,,1,8
Insect,Curculionidae,Metacymia marmorea,,1,9
Insect,Calliphoridae,Chrysomya saffranea,,1,6
Insect,Geometridae,Dichromodes personalis,,1,2
Insect,Gelechiidae,Ardozyga voluta,,1,8
Insect,Oecophoridae,Oxythecta lygrosema,Concealer Moth,1,16
Insect,Papilionidae,Protographium leosthenes,Four-barred Swordtail,1,6
Insect,Euteliidae,Penicillaria jocosatrix,,1,5
Insect,Formicidae,Rhytidoponera convexa,,1,2
Insect,Austropetaliidae,Austropetalia patricia,Waterfall Redspot,1,2
Insect,Colletidae,Xanthesma megastigma,,1,1
Insect,Cicadellidae,Motschulskyia serratus,,1,1
Insect,Colletidae,Leioproctus conospermi,,1,4
Insect,Thyrididae,Banisia lobata,,1,9
Insect,Apidae,Amegilla preissi,,1,8
Insect,Saturniidae,Opodiphthera loranthi,,1,6
Insect,Therevidae,Collessiama pyrrhotelus,,1,9
Insect,Curculionidae,Trigonopterus albidosparsus,,1,4
Insect,Therevidae,Pipinnipons fascipennis,Stiletto Fly,1,6
Insect,Curculionidae,Exithius tricarinatus,,1,2
Insect,Choreutidae,Choreutis metallica,,1,5
Insect,Marchalinidae,Marchalina hellenica,Giant Pine Scale,1,3
Insect,Curculionidae,Rhinaria cristata,,1,2
Insect,Gelechiidae,Ardozyga gypsocrana,,1,11
Insect,Hybotidae,Leptodromia bimaculata,,1,1
Insect,Ichneumonidae,Trichomma clavipes,,1,1
Insect,Mantidae,Orthodera gracilis,,1,5
Insect,Mycetophilidae,Mycomya richmondensis,,1,6
Insect,Chrysomelidae,Paropsis delittlei,Delittle's Eucalyptus Tortoise Beetle,1,5
Insect,Geometridae,Antimimistis illaudata,,1,8
Insect,Lycaenidae,Hypochrysops cyane,Cyane Jewel,1,8
Insect,Oecophoridae,Eulechria heliophanes,Concealer Moth,1,12
Insect,Pergidae,Pergagrapta glabra,Sawfly,1,4
Insect,Formicidae,Dolichoderus clusor,,1,3
Insect,Aeshnidae,Telephlebia brevicauda,Southern Evening Darner,1,24
Insect,Cimicidae,Cimex lectularius,Bed Bug,1,7
Insect,Ptinidae,Mezium affine,,1,3
Insect,Reduviidae,Ploiaria guttata,,1,1
Insect,Culicidae,Aedes lineatopenne,,1,4
Insect,Formicidae,Myrmecorhynchus emeryi,Ant,1,10
Insect,Ichneumonidae,Metopius unifenestratus,,1,2
Insect,Curculionidae,Gonipterus notographus,,1,6
Insect,Oedemeridae,Pseudolycus rufipennis,,1,5
Insect,Carabidae,Eurylychnus blagravei,,1,7
Insect,Megachilidae,Coelioxys reginae,,1,1
Insect,Nolidae,Nola paromoea,Tuft Moth,1,22
Insect,Cerambycidae,Mecynopus annulicornis,,1,4
Insect,Reduviidae,Ptilocnemus distinctus,,1,1
Insect,Lecithoceridae,Sarisophora pycnospila,,1,3
Insect,Noctuidae,Chasmina tibialis,,1,3
Insect,Caenidae,Tasmanocoenis tillyardi,Mayfly,1,5
Insect,Coccinellidae,Rhyzobius alphabeticus,,1,2
Insect,Oecophoridae,Thema holoxesta,Concealer Moth,1,17
Insect,Geometridae,Eccymatoge fulvida,Geometer Moth,1,11
Insect,Psychidae,Piestoceros conjunctella,,1,4
Insect,Tropiduchidae,Gaetulia chrysopoides,Planthopper,1,3
Insect,Carabidae,Sarothrocrepis elegans,,1,12
Insect,Noctuidae,Buciara bipartita,Owlet Moth,1,5
Insect,Tineidae,Tinea pallescentella,,1,7
Insect,Aeshnidae,Austroaeschna obscura,Sydney Mountain Darner,1,5
Insect,Formicidae,Notoncus hickmani,Yellow Epaulet Ant,1,5
Insect,Buprestidae,Hypocisseis latipennis,,1,3
Insect,Nolidae,Aquita plagiochyta,,1,5
Insect,Bombyliidae,Eusurbus crassilabris,,1,1
Insect,Tachinidae,Saralba ocypteroides,,1,10
Insect,Cleridae,Olesterus australis,,1,7
Insect,Bombyliidae,Zaclava minima,,1,1
Insect,Buprestidae,Castiarina gravis,,1,3
Insect,Geometridae,Comostolopsis germana,,1,2
Insect,Crambidae,Scoparia charopoea,,1,11
Insect,Chrysomelidae,Ditropidus lentulus,,1,6
Insect,Lycaenidae,Acrodipsas illidgei,Illidge's Ant-blue,1,2
Insect,Diaspididae,Aonidia banksiae,,1,8
Insect,Cossidae,Endoxyla dictyoschema,,1,19
Insect,Oecophoridae,Palimmeces leucopelta,,1,40
Insect,Buprestidae,Cyrioides imperialis,Banksia Jewel Beetle,1,15
Insect,Lygaeidae,Koscocrompus obscurus,,1,15
Insect,Pterophoridae,Wheeleria spilodactylus,Horehound Plume Moth,1,39
Insect,Megachilidae,Megachile rhodura,Bee,1,16
Insect,Tephritidae,Oedaspis goodenia,Primitive Crane Fly,1,11
Insect,Geometridae,Picromorpha pyrrhopa,Geometer Moth,1,20
Insect,Notodontidae,Commonia hesychima,Moth,1,12
Insect,Chrysomelidae,Lamprolina impressicollis,,1,44
Insect,Buprestidae,Castiarina hilaris,,1,18
Insect,Formicidae,Tapinoma melanocephalum,Ghost Ant,1,18
Insect,Buprestidae,Castiarina rufipennis,,1,18
Insect,Phasmatidae,Podacanthus typhon,Large Pink-winged Stick-insect,1,19
Insect,Cicadidae,Ewartia oldfieldi,Wattle Cicada,1,12
Insect,Chrysomelidae,Aulacophora borrei,,1,11
Insect,Geometridae,Syneora gypsochroa,,1,20
Insect,Yloryctidae,Cryptophasa albacosta,Concealer Moth,1,12
Insect,Buprestidae,Astraeus crassus,,1,7
Insect,Erebidae,Habrophylla euryzona,,1,14
Insect,Platystomatidae,Lamprogaster vella,,1,10
Insect,Culicidae,Tripteroides tasmaniensis,Mosquito,1,16
Insect,Geometridae,Furcatrox australis,Geometer Moth,1,8
Insect,Pentatomidae,Austromalaya aculeata,,1,10
Insect,Erebidae,Hulodes caranea,,1,6
Insect,Rhyparochromidae,Pseudopachybrachius guttus,,1,6
Insect,Yloryctidae,Scieropepla trinervis,Concealer Moth,1,13
Insect,Halictidae,Lasioglossum brunnesetum,Sweat Bee,1,12
Insect,Lonchodidae,Candovia strumosa,Richmond River Stick-insect,1,12
Insect,Pyralidae,Salma cholica,Grass Moth,1,10
Insect,Anthelidae,Anthela rubeola,Lappet Moth,1,5
Insect,Sphingidae,Nephele subvaria,,1,11
Insect,Tettigoniidae,Caedicia marginata,,1,11
Insect,Buprestidae,Castiarina scalaris,,1,47
Insect,Pteromalidae,Terobiella nigriceps,Parasitoid Wasp,1,9
Insect,Nolidae,Nola paroxynta,,1,12
Insect,Crambidae,Cataclysta lampetialis,,1,14
Insect,Rhiniidae,Stomorhina xanthogaster,,1,16
Insect,Tachinidae,Rutilia formosa,Horse Fly,1,22
Insect,Aphalaridae,Creiis corniculatus,Psyllid Bug,1,21
Insect,Geometridae,Chrysolarentia gypsomela,Geometer Moth,1,23
Insect,Colletidae,Hylaeus bituberculatus,Plasterer Bee,1,16
Insect,Chrysomelidae,Aspidimorpha deusta,,1,20
Insect,Dermestidae,Eurhopalus riguus,Australian Carpet Beetle,1,12
Insect,Oecophoridae,Ericrypsina chorodoxa,Concealer Moth,1,13
Insect,Cerambycidae,Distichocera fuliginosa,,1,11
Insect,,Heliothela ophideresana,,1,20
Insect,Myrmeleontidae,Bandidus breviusculus,,1,15
Insect,Chrysomelidae,Paropsis geographica,,1,8
Insect,Cerambycidae,Oroderes humeralis,,1,7
Insect,Formicidae,Tapinoma minutum,Dwarf Pecdicel Ant,1,9
Insect,Geometridae,Nisista notodontaria,Geometer Moth,1,8
Insect,Cicadellidae,Opsius stactogalus,Tamarix Leafhopper,1,14
Insect,Ichneumonidae,Glabridorsum stokesii,Oriental Fruit Moth Parasite Wasp,1,16
Insect,Chrysomelidae,Paropsisterna bimaculata,Tasmanian Eucalyptus Leaf Beetle,1,10
Insect,Cicadellidae,Ledracotis gunnensis,,1,4
Insect,Depressariidae,Eupselia holoxantha,Moth,1,17
Insect,Tettigoniidae,Coptaspis brevipennis,,1,13
Insect,Bolboceratidae,Elephastomus proboscideus,,1,4
Insect,Pentatomidae,Deroploa parva,Shield Bug,1,7
Insect,Brentidae,Rhynolaccus exsertus,,1,9
Insect,Chrysomelidae,Paropsisterna tigrina,,1,14
Insect,Sphingidae,Macroglossum corythus,,1,8
Insect,Tipulidae,Leptotarsus hilli,Crane Fly,1,13
Insect,Halictidae,Lasioglossum flindersi,,1,7
Insect,Oecophoridae,Barea atmophora,Concealer Moth,1,10
Insect,Pentatomidae,Montrouzieriellus turneri,,1,5
Insect,Yloryctidae,Cryptophasa lasiocosma,,1,8
Insect,Tortricidae,Palaeotoma styphelana,,1,14
Insect,Glyphipterigidae,Glyphipterix argyrosema,,1,10
Insect,Chironomidae,Ablabesmyia notabilis,Midges,1,9
Insect,Noctuidae,Proteuxoa heliosema,Owlet Moth,1,11
Insect,Carposinidae,Carposina taractis,,1,8
Insect,Asilidae,Cabasa pulchella,Robber Fly,1,6
Insect,Curculionidae,Camptorhinus inornatus,,1,8
Insect,Vespidae,Anterhynchium nigrocinctum,,1,20
Insect,Cosmopterigidae,Macrobathra myriophthalma,,1,7
Insect,Curculionidae,Gonipterus platensis,,1,12
Insect,Buprestidae,Stigmodera macularia,Stigmodera Macularia,1,12
Insect,Formicidae,Iridomyrmex longisoma,,1,6
Insect,Mycetophagidae,Litargops intricatus,,1,6
Insect,Culicidae,Lutzia halifaxii,,1,14
Insect,Scarabaeidae,Bisallardiana obscura,,1,6
Insect,Noctuidae,Heliocheilus moribunda,Owlet Moth,1,15
Insect,Oecophoridae,Eulechria sigmophora,Concealer Moth,1,7
Insect,Brachodidae,Miscera mesochrysa,Day-flying Moth,1,7
Insect,Cicadidae,Arunta interclusa,Mangrove Cicada,1,4
Insect,Buprestidae,Castiarina vicina,,1,10
Insect,Noctuidae,Neogalea sunia,,1,6
Insect,Aleyrodidae,Aleurocanthus callistemonus,,1,4
Insect,Formicidae,Pheidole proxima,,1,4
Insect,Rhyparochromidae,Udeocoris rolandi,Seed Bug,1,6
Insect,Buprestidae,Castiarina oblita,,1,5
Insect,Sepsidae,Lasionemopoda hirsuta,Black Scavenger Fly,1,3
Insect,Erebidae,Stenopaltis lithina,,1,8
Insect,Chironomidae,Chironomus javanus,Midge,1,9
Insect,Tingidae,Malandiola semota,Lace Bug,1,4
Insect,Phlaeothripidae,Klambothrips myopori,,1,8
Insect,Buprestidae,Castiarina insignis,,1,4
Insect,Noctuidae,Amyna axis,,1,12
Insect,Scarabaeidae,Onitis alexis,Bronze Dung Beetle,1,6
Insect,Lymexylidae,Australymexylon fuscipennis,,1,4
Insect,Erebidae,Nodaria aneliopis,,1,7
Insect,Coccinellidae,Rhyzobius forestieri,Black Ladybird,1,7
Insect,Gasteruptiidae,Gasteruption cylindricum,,1,4
Insect,Aphididae,Myzus cerasi,Cherry Aphid,1,5
Insect,Osmylidae,Oedosmylus tasmaniensis,,1,21
Insect,Curculionidae,Tranes vigorsii,,1,11
Insect,Therevidae,Hort yealensis,,1,4
Insect,Erebidae,Praxis aterrima,,1,4
Insect,Noctuidae,Pseudozarba orthopetes,Owlet Moth,1,18
Insect,Culicidae,Culex globocoxitus,Mosquito,1,8
Insect,Bostrichidae,Xylodeleis obsipa,Auger Beetle,1,5
Insect,Cerambycidae,Sceleocantha pilosicollis,,1,7
Insect,Staphylinidae,Creophilus lanio,,1,11
Insect,Reduviidae,Australocleptes hackeri,,1,9
Insect,Tortricidae,Anisogona mediana,,1,4
Insect,Yloryctidae,Brachybelistis neomorpha,,1,6
Insect,Geometridae,Amphiclasta lygaea,Geometer Moth,1,12
Insect,Tachinidae,Rutilia inusta,Horse Fly,1,4
Insect,Psychidae,Lepidoscia dicranota,,1,5
Insect,Formicidae,Rhytidoponera maniae,Ant,1,9
Insect,Gelechiidae,Deltophora peltosema,,1,6
Insect,Phasmatidae,Xeroderus kirbyi,,1,4
Insect,Geometridae,Stibaroma melanotoxa,Grey-caped Line-moth,1,16
Insect,Cicadidae,Yoyetta hunterorum,,1,14
Insect,Scatopsidae,Scatopse notata,Black Scavenger Fly,1,8
Insect,Oecophoridae,Philobota archepeda,Concealer Moth,1,6
Insect,Tephritidae,Austrotephritis pumila,,1,10
Insect,Noctuidae,Neumichtis expulsa,Owlet Moth,1,12
Insect,Buprestidae,Castiarina sanguinolenta,,1,4
Insect,Geometridae,Phrataria replicataria,Geometer Moth,1,6
Insect,Blaberidae,Laxta guttata,,1,5
Insect,Tettigoniidae,Terpandrus jumbunna,,1,3
Insect,Erebidae,Bastilla arctotaenia,,1,7
Insect,Cerambycidae,Brachytria jugosa,,1,5
Insect,Geometridae,Amelora demistis,Geometer Moth,1,7
Insect,Oecophoridae,Stictochila myriospila,Concealer Moth,1,11
Insect,Ascalaphidae,Stilbopteryx walkeri,,1,4
Insect,Calliphoridae,Calliphora fulvicoxa,Blow Fly,1,5
Insect,Buprestidae,Castiarina parallela,,1,4
Insect,Delphacidae,Perkinsiella saccharicida,The Australian Sugarcane Planthopper,1,4
Insect,Rhaphidophoridae,Australotettix montanus,,1,10
Insect,Limoniidae,Libnotes restricta,,1,6
Insect,Limacodidae,Pseudanapaea dentifascia,,1,4
Insect,Reduviidae,Micropolytoxus hackeri,,1,5
Insect,Halictidae,Lasioglossum callomelittinum,Sweat Bee,1,12
Insect,Yloryctidae,Plectophila micradelpha,,1,5
Insect,Cerambycidae,Rhytiphora piperitia,,1,8
Insect,Aphididae,Rhopalosiphum nymphaeae,Waterlily Aphid,1,5
Insect,Crambidae,Merodictya marmorata,,1,4
Insect,Agaonidae,Blastophaga psenes,,1,4
Insect,Ectopsocidae,Ectopsocus vachoni,,1,3
Insect,Crambidae,Rehimena surusalis,,1,4
Insect,Reduviidae,Ptilocnemus femoralis,Assassin Bug,1,9
Insect,Geometridae,Phrataria bijugata,Geometer Moth,1,20
Insect,Therevidae,Evansomyia phyciformis,Stiletto Fly,1,5
Insect,Ichneumonidae,Certonotus humeralifer,,1,9
Insect,Tipulidae,Leptotarsus luteisubcostatus,Crane Fly,1,9
Insect,Crambidae,Sameodes iolealis,Grass Moth,1,4
Insect,Tachinidae,Chrysopasta elegans,,1,9
Insect,Erebidae,Oraesia argyrosigna,,1,3
Insect,Formicidae,Myrmecia chasei,,1,3
Insect,Noctuidae,Callopistria rivularis,,1,4
Insect,Tephritidae,Acanthonevroides nigriventris,Primitive Crane Fly,1,4
Insect,Geometridae,Dichromodes anelictis,Geometer Moth,1,10
Insect,Oecophoridae,Barea subviridella,,1,10
Insect,Staphylinidae,Scaphidium alpicola,,1,9
Insect,Cerambycidae,Distichocera kirbyi,,1,5
Insect,Chrysomelidae,Aporocera viridinitens,,1,5
Insect,Ichneumonidae,Enicospilus pulkus,,1,6
Insect,Mantispidae,Toolida infrequens,,1,6
Insect,Tenebrionidae,Adelium angulicolle,,1,7
Insect,Pterophoridae,Pterophorus albidus,,1,8
Insect,Chrysomelidae,Paropsis obsoleta,,1,6
Insect,Geometridae,Oenochroma turneri,Geometer Moth,1,8
Insect,Colletidae,Hylaeus philoleucus,Plasterer Bee,1,9
Insect,Geometridae,Visiana brujata,Geometer Moth,1,10
Insect,Colletidae,Callohesma flavopicta,Plasterer Bee,1,10
Insect,Cerambycidae,Syllitus heros,,1,4
Insect,Formicidae,Myrmecia croslandi,Jumping Jack Ant,1,6
Insect,Geometridae,Anachloris tofocolorata,Geometer Moth,1,7
Insect,Ichneumonidae,Goryphus turneri,,1,8
Insect,Curculionidae,Achopera alternata,,1,6
Insect,Chironomidae,Dicrotendipes pelochloris,Midge,1,7
Insect,Chrysomelidae,Ditropidus fugitivus,,1,5
Insect,Lacturidae,Lactura erythractis,,1,5
Insect,Agromyzidae,Calycomyza lantanae,,1,6
Insect,Noctuidae,Idalima affinis,Owlet Moth,1,13
Insect,Zygaenidae,Hestiochora occidentalis,,1,7
Insect,Pentatomidae,Eufroggattia tuberculata,Shield Bug,1,8
Insect,Yponomeutidae,Yponomeuta internellus,,1,8
Insect,Curculionidae,Catasarcus bilineatus,,1,4
Insect,Depressariidae,Phylomictis sarcinopa,,1,13
Insect,Tettigoniidae,Oligodectoides tindalei,Tindale's Shieldback Katydid,1,5
Insect,Peripsocidae,Peripsocus milleri,,1,3
Insect,Pachygronthidae,Pachygrontha austrina,,1,10
Insect,Chrysomelidae,Aporocera jocosa,,1,14
Insect,Acrididae,Apotropis tricarinata,,1,5
Insect,Sphecidae,Prionyx globosus,Wasp,1,11
Insect,Cerambycidae,Thoris septemguttata,,1,5
Insect,Cerambycidae,Acalolepta ovina,,1,3
Insect,Crabronidae,Cerceris australis,Wasp,1,4
Insect,Oecophoridae,Piloprepes aristocratica,Concealer Moth,1,11
Insect,Colletidae,Hylaeus certus,Plasterer Bee,1,7
Insect,Reduviidae,Ectomocoris truculentus,Assassin Bug,1,4
Insect,Oecophoridae,Myrascia bracteatella,Concealer Moth,1,6
Insect,Colletidae,Pachyprosopis holoxanthopus,,1,5
Insect,Oecophoridae,Isomoralla eriscota,,1,55
Insect,Cymidae,Ontiscus obscurus,,1,5
Insect,Bombyliidae,Meomyia sericans,,1,9
Insect,Cleridae,Stigmatium confusum,,1,4
Insect,Tenebrionidae,Emcephalus floccosus,,1,3
Insect,Pentatomidae,Kapunda tepperi,,1,2
Insect,Scarabaeidae,Sericesthis nigrolineata,Dusky Pasture Scarab,1,43
Insect,Oecophoridae,Compsotropha charidotis,,1,7
Insect,Reduviidae,Stenolemus bituberus,Assassin Bug,1,10
Insect,Erebidae,Lophotoma metabula,,1,10
Insect,Geometridae,Zeuctophlebia squalidata,Geometer Moth,1,6
Insect,Curculionidae,Gonipterus gibberus,,1,9
Insect,Buprestidae,Merimna atrata,Fire Beetle,1,10
Insect,Geometridae,Thalassodes rhytiphorus,,1,3
Insect,Hepialidae,Aenetus lewinii,Splendid Swift Moth,1,7
Insect,Stratiomyidae,Australoactina incisuralis,,1,5
Insect,Oecophoridae,Eulechria phaeina,,1,3
Insect,Scarabaeidae,Phyllococerus purpurascens,,1,8
Insect,Aphididae,Rhopalosiphum padi,Wheat Aphid,1,4
Insect,Erebidae,Threnosia heminephes,Moth,1,17
Insect,Cerambycidae,Coptocercus trimaculatus,,1,4
Insect,Halictidae,Lasioglossum conspicuum,Sweat Bee,1,9
Insect,Pergidae,Pseudoperga ferruginea,Sawfly,1,14
Insect,Lasiocampidae,Pernattia brevipennis,,1,4
Insect,Melyridae,Balanophorus brevipennis,,1,3
Insect,Geometridae,Idaea miltophrica,,1,2
Insect,Oecophoridae,Microbela monodyas,Moth,1,2
Insect,Yloryctidae,Lichenaula ignota,Concealer Moth,1,5
Insect,Mantispidae,Spaminta pavida,,1,4
Insect,Nolidae,Nola euraphes,,1,12
Insect,Colletidae,Trichocolletes aeratus,,1,2
Insect,Geometridae,Taxeotis thegalea,,1,5
Insect,Carsidaridae,Mycopsylla proxima,,1,4
Insect,Leucospidae,Leucospis histrio,,1,4
Insect,Tettigoniidae,Paraphisis tryonensis,,1,6
Insect,Hippoboscidae,Pseudolynchia canariensis,,1,5
Insect,Tiphiidae,Macrothynnus insignis,,1,6
Insect,Crambidae,Protonoceras eucosma,,1,5
Insect,Evaniidae,Szepligetiella xanthotoma,,1,3
Insect,Cerambycidae,Coptocercus walkeri,,1,3
Insect,Membracidae,Acanthuchus rufiventris,,1,5
Insect,Geometridae,Syneora strixata,,1,2
Insect,Erebidae,Achaea eusciasta,,1,9
Insect,Diaspididae,Aonidiella aurantii,California Red Scale Insect,1,4
Insect,Geometridae,Chrysolarentia ptochopis,Geometer Moth,1,5
Insect,Colletidae,Hylaeus eugeniellus,Plasterer Bee,1,4
Insect,Pentatomidae,Aglaophon variegatus,Shield Bug,1,13
Insect,Depressariidae,Eupselia beltera,Moth,1,4
Insect,Lasiocampidae,Porela amathodes,,1,2
Insect,Geometridae,Lychnographa agaura,Geometer Moth,1,4
Insect,Oecophoridae,Palimmeces habrophanes,Concealer Moth,1,31
Insect,Nitidulidae,Carpophilus hemipterus,Dried Fruit Beetle,1,11
Insect,Eurybrachidae,Platybrachys barbata,,1,6
Insect,Lycaenidae,Eirmocides consimilis,Dark Pencilled-blue,1,6
Insect,Tridactylidae,Xya muta,,1,9
Insect,Tingidae,Epimixia allocasuarina,,1,2
Insect,Geometridae,Calluga costalis,,1,6
Insect,Erebidae,Epicyrtica leucostigma,Owlet Moth,1,2
Insect,Zygaenidae,Pollanisus empyrea,,1,4
Insect,Cicadellidae,Zygina evansi,Leafhopper,1,9
Insect,Tineidae,Opogona cleonyma,,1,5
Insect,Pyrgotidae,Maenomenus ensifer,,1,4
Insect,Epermeniidae,Paraepermenia santaliella,,1,2
Insect,Glyphipterigidae,Glyphipterix cyanochalca,,1,8
Insect,Hepialidae,Aenetus blackburnii,Species Of Ghost Moth,1,12
Insect,Staphylinidae,Thyreocephalus orthodoxus,,1,3
Insect,Membracidae,Alosextius carinatus,,1,9
Insect,Pyralidae,Nephopterix hemibaphes,,1,2
Insect,Geometridae,Nycterephes coracopa,,1,3
Insect,Erebidae,Paonidia anthracias,,1,5
Insect,Cosmopterigidae,Trachydora musaea,,1,7
Insect,Geometridae,Gymnoscelis holocapna,,1,3
Insect,Curculionidae,Platypus subgranosus,Mountain Pinhole Borer,1,2
Insect,Noctuidae,Ectopatria subrufescens,Owlet Moth,1,4
Insect,Pyralidae,Stericta orchidivora,,1,5
Insect,Crambidae,Metasia typhodes,,1,7
Insect,Aphididae,Euceraphis betulae,European Birch Aphid,1,4
Insect,Melyridae,Carphurus frenchi,,1,3
Insect,Oecophoridae,Chezala silvestris,,1,2
Insect,Sphingidae,Hippotion velox,,1,3
Insect,Dolichopodidae,Austrosciapus tumidus,Long-legged Fly,1,9
Insect,Formicidae,Orectognathus clarki,Ant,1,3
Insect,Pyralidae,Endosimilis stilbealis,Grass Moth,1,21
Insect,Sphingidae,Theretra indistincta,,1,13
Insect,Chrysomelidae,Lilioceris nigripes,,1,5
Insect,Cerambycidae,Acalolepta argentata,,1,2
Insect,Eriococcidae,Eremococcus pirogallis,,1,4
Insect,Scarabaeidae,Temnorrhynchus retusus,,1,4
Insect,Cerambycidae,Zoedia tenuis,,1,4
Insect,Oecophoridae,Barea zygophora,Concealer Moth,1,24
Insect,Cosmopterigidae,Labdia schismatias,,1,3
Insect,Scarabaeidae,Phyllotocus marginipennis,,1,8
Insect,Buprestidae,Nascioides carissima,,1,2
Insect,Tingidae,Tingis drakei,,1,7
Insect,Tortricidae,Arotrophora siniocosma,,1,2
Insect,Silvanidae,Macrohyliota militaris,,1,3
Insect,Noctuidae,Proteuxoa nyctereutica,Owlet Moth,1,10
Insect,Colletidae,Hylaeus asperithorax,Plasterer Bee,1,5
Insect,Diapriidae,Austroxylabis pictipennis,,1,5
Insect,Heteromyzidae,Diplogeomyza wirthi,Fly,1,8
Insect,Nolidae,Nola tetralopha,,1,25
Insect,Eriococcidae,Tanyscelis maculata,,1,2
Insect,Mantispidae,Asperala erythraea,,1,3
Insect,Acrididae,Tolgadia bivittata,,1,4
Insect,Apidae,Exoneurella eremophila,,1,3
Insect,Erebidae,Erebus crepuscularis,,1,2
Insect,Noctuidae,Neumichtis adamantina,Owlet Moth,1,5
Insect,Crambidae,Hednota megalarcha,,1,4
Insect,Aphididae,Periphyllus testudinaceus,,1,2
Insect,Cerambycidae,Sceleocantha carteri,,1,4
Insect,Gracillariidae,Acrocercops obscurella,,1,5
Insect,Formicidae,Iridomyrmex pallidus,,1,6
Insect,Coccidae,Ceroplastes destructor,Soft Wax Scale,1,10
Insect,Curculionidae,Evas argenteiventris,,1,5
Insect,Braconidae,Aphidius colemani,Parasitoid Wasp,1,4
Insect,Buprestidae,Dinocephalia cyaneipennis,,1,2
Insect,Bostrichidae,Rhyzopertha dominica,Lesser Grain Borer Beetle,1,7
Insect,Tachinidae,Amphibolia vidua,Horse Fly,1,5
Insect,Encyrtidae,Cryptanusia aureiscutellum,,1,4
Insect,Tettigoniidae,Terpandrus endota,,1,4
Insect,Chelisochidae,Hamaxas nigrorufus,,1,2
Insect,Braconidae,Chaoilta hollowayi,,1,2
Insect,Mydidae,Miltinus maculipennis,,1,3
Insect,Formicidae,Colobostruma alinodis,Ant,1,5
Insect,Erebidae,Corgatha dipyra,Owlet Moth,1,3
Insect,Pyrgotidae,Adapsilia gratiosa,,1,4
Insect,Oedemeridae,Pseudolycus haemorrhoidalis,,1,6
Insect,Pygidicranidae,Cranopygia ophthalmica,,1,9
Insect,Gelechiidae,Anarsia hippocoma,,1,3
Insect,Buprestidae,Selagis peroni,,1,2
Insect,Derbidae,Zoraida essingtonii,,1,2
Insect,Gasteruptiidae,Gasteruption fibuliforme,,1,4
Insect,Noctuidae,Enispa parva,,1,3
Insect,Drosophilidae,Hirtodrosophila mycetophaga,,1,2
Insect,Geometridae,Pingasa cinerea,Geometer Moth,1,5
Insect,Bombyliidae,Dissodesma primogenitus,,1,5
Insect,Depressariidae,Enchocrates phaedryntis,,1,4
Insect,Oecophoridae,Garrha zonostola,Concealer Moth,1,5
Insect,Erebidae,Esthlodora variabilis,,1,3
Insect,Scarabaeidae,Rhopaea heterodactyla,,1,2
Insect,Scarabaeidae,Metanastes vulgivagus,Black Beetle,1,5
Insect,Therevidae,Anabarhynchus plumbeus,Stiletto Fly,1,4
Insect,Ichneumonidae,Trichomma biroi,,1,3
Insect,Erotylidae,Neothallis bizonata,,1,2
Insect,Aeshnidae,Notoaeschna sagittata,Southern Rifle Darner,1,7
Insect,Orussidae,Orussobaius wilsoni,Parasitoid Wasp,1,2
Insect,Buprestidae,Melobasis innocua,,1,6
Insect,Cerambycidae,Disterna canosa,,1,7
Insect,Buprestidae,Castiarina placida,,1,6
Insect,Geometridae,Furcatrox paracus,Geometer Moth,1,2
Insect,Chrysopidae,Chrysoperla congrua,,1,4
Insect,Hippoboscidae,Ornithomya fuscipennis,Louse Fly,1,2
Insect,Culicidae,Culex pullus,,1,4
Insect,Formicidae,Mayriella overbecki,,1,9
Insect,Geometridae,Dinophalus serpentaria,Geometer Moth,1,5
Insect,Cossidae,Eusthenica treicleiota,,1,2
Insect,Dermestidae,Thaumaglossa nigricans,,1,3
Insect,Cerambycidae,Phytoecia coerulescens,,1,11
Insect,Crambidae,Scirpophaga nivella,,1,2
Insect,Braconidae,Dinocampus coccinellae,,1,9
Insect,Tephritidae,Bactrocera cacuminata,Fruit Fly,1,10
Insect,Psocidae,Clematostigma maculiceps,,1,6
Insect,Drosophilidae,Scaptodrosophila hibisci,,1,3
Insect,Depressariidae,Peritornenta circulatella,,1,6
Insect,Mantispidae,Euclimacia torquata,,1,3
Insect,Depressariidae,Eupselia iridizona,,1,2
Insect,Formicidae,Camponotus hartogi,Sugar Ant,1,7
Insect,Chrysomelidae,Oulema rufotincta,,1,6
Insect,Oecophoridae,Philobota chrysopotama,Concealer Moth,1,6
Insect,Melyridae,Carphurus excisus,,1,5
Insect,Tortricidae,Euphona decolorana,,1,6
Insect,Erebidae,Parelictis saleuta,Moth,1,3
Insect,Aeshnidae,Anax guttatus,Lesser Green Emperor,1,3
Insect,Buprestidae,Melobasis vittata,,1,8
Insect,Oecophoridae,Eulechria suffusa,,1,7
Insect,Lycaenidae,Hypochrysops epicurus,Mangrove Jewel,1,4
Insect,Mycetophilidae,Mycomya quadrimaculata,,1,3
Insect,Ichneumonidae,Certonotus sisyphus,Ichneumon Wasp,1,2
Insect,Myrmeleontidae,Bandidus vafer,,1,5
Insect,Cossidae,Zyganisus fulvicollis,Carpenter Moth,1,4
Insect,Cicadellidae,Rosopaella rubrofascia,Leafhopper,1,3
Insect,Yloryctidae,Cryptophasa insana,Concealer Moth,1,2
Insect,Tortricidae,Grapholita zapyrana,,1,5
Insect,Erebidae,Arrade cristatum,,1,3
Insect,Ethmiidae,Ethmia heptasema,,1,4
Insect,Pentatomidae,Platycoris rotundatus,Shield Bug,1,25
Insect,Lauxaniidae,Rhagadolyra handlirschi,,1,10
Insect,Yloryctidae,Plectophila eucrines,,1,17
Insect,Braconidae,Diaeretiella rapae,,1,2
Insect,Cerambycidae,Sceleocantha glabricollis,,1,29
Insect,Pentatomidae,Dippilana membranacea,,1,2
Insect,Argiolestidae,Archiargiolestes pusillus,Little Flatwing,1,4
Insect,Crambidae,Culladia hastiferalis,,1,5
Insect,Formicidae,Lioponera larvata,,1,4
Insect,Tachinidae,Microtropesa violacescens,,1,4
Insect,Curculionidae,Catastygnus scutellaris,,1,4
Insect,Notoligotomidae,Notoligotoma nitens,,1,3
Insect,Geometridae,Aponotoreas petrodes,Geometer Moth,1,3
Insect,Oecophoridae,Zonopetala synarthra,Concealer Moth,1,3
Insect,Cicadellidae,Kahaono montana,Silk Leafhopper,1,3
Insect,Noctuidae,Cirphis ebriosa,Owlet Moth,1,4
Insect,Geometridae,Aporoctena aprepes,,1,5
Insect,Yponomeutidae,Chionogenes isanema,,1,2
Insect,Crambidae,Nausinoe geometralis,,1,4
Insect,Noctuidae,Coenotoca subaspersa,Owlet Moth,1,2
Insect,Buprestidae,Anilara angusta,,1,5
Insect,Coccinellidae,Australoneda bourgeoisi,,1,2
Insect,Erebidae,Leptocneria binotata,,1,3
Insect,Tephritidae,Hyalopeza schneiderae,Primitive Crane Fly,1,7
Insect,Crambidae,Herpetogramma hipponalis,,1,3
Insect,Phasmatidae,Tropidoderus rhodomus,Red-shouldered Stick-insect,1,11
Insect,Bombyliidae,Comptosia insignis,,1,3
Insect,Tettigoniidae,Larifugagraecia cornuta,,1,7
Insect,Megachilidae,Anthidium manicatum,European Wool Carder Bee,1,7
Insect,Oecophoridae,Hemibela gnomica,,1,3
Insect,Carabidae,Microlestodes macleayi,,1,8
Insect,Gryllotalpidae,Gryllotalpa monanka,Dark Night Mole Cricket,1,7
Insect,Oecophoridae,Philobota argotoxa,Concealer Moth,1,6
Insect,Cleridae,Phlogistus instabilis,,1,3
Insect,Coccidae,Coccus longulus,Long Brown Scale,1,2
Insect,Geometridae,Taxeotis egenata,,1,7
Insect,Geometridae,Scopula aleuritis,,1,3
Insect,Formicidae,Camponotus lividicoxis,,1,14
Insect,Gelechiidae,Ardozyga secta,,1,2
Insect,Buprestidae,Temognatha thoracica,,1,3
Insect,Platystomatidae,Lamprogaster corusca,,1,2
Insect,Formicidae,Rhytidoponera scabrior,,1,5
Insect,Nolidae,Nola monozona,Tuft Moth,1,3
Insect,Tortricidae,Paraphyas callixena,,1,5
Insect,Yloryctidae,Bida radiosella,Concealer Moth,1,3
Insect,Nolidae,Etanna albisecta,,1,2
Insect,Cerambycidae,Phoracantha lata,,1,2
Insect,Cecidomyiidae,Dasineura banksiae,,1,8
Insect,Pompilidae,Calopompilus raptor,,1,3
Insect,Gasteruptiidae,Gasteruption cornutum,,1,2
Insect,Heteromyzidae,Tapeigaster pulverea,Fly,1,2
Insect,Gelechiidae,Hypatima baliodes,,1,3
Insect,Lycidae,Trichalus serraticornis,,1,5
Insect,Crabronidae,Cerceris multiguttata,,1,5
Insect,Chrysomelidae,Paropsisterna debilis,,1,4
Insect,Lecithoceridae,Lecithocera concinna,,1,4
Insect,Curculionidae,Storeus variegatus,,1,2
Insect,Cerambycidae,Neissa inconspicua,,1,3
Insect,Chrysomelidae,Trachymela graphica,,1,2
Insect,Culicidae,Aedes procax,,1,19
Insect,Tephritidae,Bactrocera decurtans,,1,2
Insect,Chrysomelidae,Menippus yulensis,,1,2
Insect,Buprestidae,Castiarina cruentata,,1,6
Insect,Stratiomyidae,Boreoides tasmaniensis,,1,10
Insect,Halictidae,Lasioglossum mediopolitum,Sweat Bee,1,2
Insect,Curculionidae,Ethemaia sellata,Greybanded Leaf Weevil,1,10
Insect,Cerambycidae,Phoracantha superans,,1,2
Insect,Platystomatidae,Pogonortalis commoni,,1,2
Insect,Carabidae,Perigona nigriceps,,1,3
Insect,Colletidae,Hylaeus violaceus,Species Of Yellowfaced Bee,1,8
Insect,Erebidae,Corgatha molybdophaes,Owlet Moth,1,9
Insect,Hesperiidae,Trapezites argenteoornatus,Silver-spotted Skipper,1,5
Insect,Noteridae,Neohydrocoptus subfasciatus,Water Beetle,1,2
Insect,Chrysomelidae,Eulina curtisii,,1,4
Insect,Curculionidae,Leptopius tetraphysodes,,1,2
Insect,Pergidae,Polyclonus atratus,Sawfly,1,7
Insect,Coccinellidae,Rhyzobius fasciculatus,,1,3
Insect,Buprestidae,Stigmodera roei,,1,8
Insect,Pygidicranidae,Dacnodes hackeri,,1,5
Insect,Colletidae,Hylaeus halictiformis,,1,4
Insect,Tortricidae,Tarachota scaphosema,,1,2
Insect,Tenebrionidae,Leichenum canaliculatum,,1,5
Insect,Tortricidae,Cryptoptila crypsilopha,,1,4
Insect,Nitidulidae,Cryptarcha australis,,1,3
Insect,Culicidae,Aedes rupestris,,1,2
Insect,Stathmopodidae,Stathmopoda chalcotypa,Concealer Moth,1,2
Insect,Geometridae,Collix ghosha,,1,5
Insect,Buprestidae,Melobasis fulgurans,,1,3
Insect,Cydnidae,Adrisa erichsoni,Shield Bug,1,4
Insect,Tineidae,Edosa irruptella,Fungus Moth,1,6
Insect,Aphalaridae,Boreioglycaspis melaleucae,,1,3
Insect,Endomychidae,Stenotarsus bimaculipennis,,1,4
Insect,Buprestidae,Cyrioides vittigera,,1,3
Insect,Depressariidae,Thudaca mimodora,,1,6
Insect,Leptoceridae,Triplectides similis,Caddisfly,1,4
Insect,Cleridae,Stigmatium acerbum,,1,2
Insect,Brachodidae,Miscera desmotoma,Day-flying Moth,1,2
Insect,Lyonetiidae,Leucoptera spartifoliella,English Broom Twig-mining Moth,1,3
Insect,Pentatomidae,Gilippus hostilis,Shield Bug,1,2
Insect,Tortricidae,Lobesia extrusana,,1,5
Insect,Cerambycidae,Brachytria pulcherrima,,1,6
Insect,Limacodidae,Hedraea quadridens,,1,3
Insect,Rhyparochromidae,Elasmolomus v-album,,1,4
Insect,Spercheidae,Spercheus platycephalus,,1,3
Insect,Syrphidae,Deineches hackeri,,1,3
Insect,Noctuidae,Platagarista macleayi,Owlet Moth,1,5
Insect,Blattidae,Platyzosteria similis,Cockroach,1,17
Insect,Dolichopodidae,Yumbera signata,Long-legged Fly,1,4
Insect,Psyllidae,Acizzia solanicola,,1,7
Insect,Oecophoridae,Cirromitra tetratherma,Concealer Moth,1,6
Insect,Miridae,Felisacus elegantulus,Plant Bug,1,5
Insect,Carabidae,Chlaenius flaviguttatus,,1,3
Insect,Braconidae,Iphiaulax rufus,,1,4
Insect,Noctuidae,Proteuxoa sarcomorpha,Owlet Moth,1,4
Insect,Geometridae,Fisera bradymorpha,,1,8
Insect,Buprestidae,Xyroscelis crocata,,1,3
Insect,Tortricidae,Glyphidoptera polymita,Leafroller Moth,1,7
Insect,Formicidae,Podomyrma octodentata,,1,2
Insect,Erebidae,Oligeria hemicalla,Moth,1,6
Insect,Corydalidae,Archichauliodes deceptor,Dobsonfly,1,4
Insect,Geometridae,Chaetolopha emporias,Geometer Moth,1,8
Insect,Cerambycidae,Oebarina ceresioides,,1,14
Insect,Eriococcidae,Opisthoscelis beardsleyi,,1,2
Insect,Cerambycidae,Eroschema poweri,,1,10
Insect,Erebidae,Thallarcha lechrioleuca,Moth,1,2
Insect,Gelechiidae,Sarotorna epipona,,1,3
Insect,Colletidae,Callohesma occidentalis,,1,6
Insect,Geometridae,Dichromodes consignata,Geometer Moth,1,6
Insect,Asilidae,Laphria flavifemorata,,1,2
Insect,Nitidulidae,Epuraea imperialis,,1,3
Insect,Tenebrionidae,Sympetes gagates,,1,4
Insect,Cerambycidae,Atesta angasii,,1,3
Insect,Gelechiidae,Ardozyga obeliscota,,1,2
Insect,Tortricidae,Spilonota ruficomana,,1,2
Insect,Elateridae,Toorongus jugulatus,,1,1
Insect,Coccinellidae,Telsimia subviridis,,1,1
Insect,Scarabaeidae,Trichaulax marginipennis,,1,2
Insect,Elateridae,Elatichrosis exarata,,1,2
Insect,Tabanidae,Cydistomyia cyanea,,1,1
Insect,Curculionidae,Myctides imberbis,,1,1
Insect,Cicadidae,Physeema latorea,,1,1
Insect,Crabronidae,Clitemnestra mimetica,,1,1
Insect,Ulodidae,Dipsaconia pyritosa,,1,1
Insect,Geometridae,Liometopa rectilinea,Geometer Moth,1,2
Insect,Pseudococcidae,Maconellicoccus australiensis,,1,1
Insect,Tortricidae,Thrincophora dryinodes,,1,3
Insect,Miridae,Acaciacapsus bournda,,1,2
Insect,Cleridae,Lemidia leoparda,,1,3
Insect,Erebidae,Rivula niphodesma,,1,1
Insect,Megachilidae,Coelioxys albolineata,,1,12
Insect,Pergidae,Xyloperga halidaii,Sawfly,1,4
Insect,Crabronidae,Clitemnestra plomleyi,Wasp,1,2
Insect,Chrysomelidae,Cadmus rugicollis,,1,2
Insect,Oecophoridae,Barea basigramma,,1,2
Insect,Bostrichidae,Xylopsocus gibbicollis,Common Auger Beetle,1,1
Insect,Chrysomelidae,Aporocera melanocephala,,1,8
Insect,Pentatomidae,Testrica haedula,,1,1
Insect,Rhyparochromidae,Lilliputocoris terraereginae,,1,1
Insect,Formicidae,Tetraponera nitida,,1,1
Insect,Chrysomelidae,Menippus darcyi,,1,3
Insect,Aphalaridae,Blastopsylla adnatariae,,1,1
Insect,Reduviidae,Smiliopus quadrinotatus,Assassin Bug,1,1
Insect,Crambidae,Hednota bifractellus,Grass Moth,1,1
Insect,Apidae,Exoneura angophorae,Reed Bee,1,1
Insect,Colletidae,Euryglossina perpusilla,,1,2
Insect,Depressariidae,Eupselia theorella,,1,1
Insect,Chironomidae,Imparipecten pictipes,Midge,1,8
Insect,Cerambycidae,Uracanthus discicollis,,1,7
Insect,Geometridae,Adeixis inostentata,Geometer Moth,1,5
Insect,Formicidae,Polyrhachis templi,,1,3
Insect,Diaspididae,Pinnaspis aspidistrae,,1,2
Insect,Buprestidae,Castiarina interstitialis,,1,2
Insect,Synthemistidae,Eusynthemis virgula,Golden Tigertail,1,1
Insect,Pentatomidae,Dictyotus roei,Shield Bug,1,1
Insect,Megachilidae,Megachile callura,,1,2
Insect,Formicidae,Austromorium flavigaster,Ant,1,1
Insect,Ectobiidae,Mediastinia delicatula,,1,1
Insect,Formicidae,Carebara mjobergi,,1,1
Insect,Clastopteridae,Chaetophyes admittens,Tube Spittlebug,1,2
Insect,Geometridae,Dichromodes lechria,,1,1
Insect,Cerambycidae,Atesta thorntoni,,1,2
Insect,Cicadellidae,Putoniessa neboissi,Leafhopper,1,4
Insect,Lucanidae,Lissotes obtusatus,,1,6
Insect,Erotylidae,Episcaphula rudepunctata,,1,2
Insect,Chironomidae,Chironomus occidentalis,Midge,1,3
Insect,Hesperiidae,Antipodia dactyliota,Western Sand-skipper,1,1
Insect,Bucculatricidae,Ogmograptis racemosa,,1,2
Insect,Scarabaeidae,Onthophagus arrilla,,1,1
Insect,Oecophoridae,Placocosma agaclita,,1,1
Insect,Gelechiidae,Idiophantis insomnis,,1,1
Insect,Chaoboridae,Chaoborus longicercus,,1,1
Insect,Pseudococcidae,Phenacoccus parvus,Lantana Mealybug,1,1
Insect,Staphylinidae,Antimerus smaragdinus,,1,3
Insect,Eulophidae,Entedon magnificus,,1,1
Insect,Tineidae,Erechthias elaeorrhoa,,1,1
Insect,Tortricidae,Heliocosma rhodopnoana,,1,1
Insect,Oecophoridae,Elaeonoma deltacostamela,,1,1
Insect,Curculionidae,Pseudostoreus placitus,,1,9
Insect,Syrphidae,Deineches nudiventris,Hover Fly,1,3
Insect,Pseudococcidae,Phenacoccus solenopsis,,1,5
Insect,Blattidae,Cosmozosteria trifasciata,,1,6
Insect,Oecophoridae,Garrha sincerella,Concealer Moth,1,15
Insect,Zygaenidae,Hestiochora furcata,Forester Moth,1,2
Insect,Formicidae,Iridomyrmex reburrus,,1,1
Insect,Blattellidae,Paratemnopteryx couloniana,Cockroach,1,8
Insect,Geometridae,Dichromodes leptozona,,1,6
Insect,Oecophoridae,Chrysonoma concisella,,1,1
Insect,Chrysomelidae,Cadmus vibrans,,1,2
Insect,Acrididae,Ecphantus quadrilobus,Crested Tooth-grinder,1,2
Insect,Acrididae,Rapsilla fusca,,1,1
Insect,Blattidae,Euzosteria lata,,1,3
Insect,Bombyliidae,Zaclava clavifemorata,,1,1
Insect,Copromorphidae,Phycomorpha prasinochroa,,1,2
Insect,Geometridae,Ectropis mniara,,1,1
Insect,Scarabaeidae,Haploscapanes australicus,,1,3
Insect,Lestidae,Austrolestes aleison,Western Ringtail,1,2
Insect,Notodontidae,Epicoma dispar,Moth,1,2
Insect,Rhyparochromidae,Grossander major,Seed Bug,1,1
Insect,Pyralidae,Unadillides distichella,,1,1
Insect,Tettigoniidae,Tympanophora uvarovi,,1,2
Insect,Oecophoridae,Chezala anaxia,Concealer Moth,1,1
Insect,Hepialidae,Abantiades albofasciatus,,1,5
Insect,Hesperiidae,Toxidia crocea,Narrow-brand Grass-skipper,1,4
Insect,Dolichopodidae,Plagiozopelma flavipodex,,1,1
Insect,Geometridae,Scotocyma albinotata,,1,2
Insect,Chrysomelidae,Trachymela montuosa,,1,1
Insect,Therevidae,Ectinorhynchus brunneus,,1,2
Insect,Buprestidae,Castiarina media,,1,3
Insect,Hesperiidae,Euschemon rafflesia,Regent Skipper,1,4
Insect,Cleridae,Eleale obscurus,,1,2
Insect,Cerambycidae,Pseudohalme laetabilis,,1,2
Insect,Belidae,Rhinotia adelaidae,,1,11
Insect,Noctuidae,Amyna apicipuncta,,1,1
Insect,Lepidopsocidae,Pteroxanium kelloggi,,1,1
Insect,Colletidae,Trichocolletes dowerinensis,,1,1
Insect,Chrysomelidae,Arsipoda fulvipes,,1,1
Insect,Formicidae,Orectognathus nigriventris,,1,1
Insect,Cleridae,Eleale parallela,,1,2
Insect,Asilidae,Austrosaropogon claviger,,1,2
Insect,Notodontidae,Scythrophanes stenoptera,Moth,1,1
Insect,Blaberidae,Laxta jeanneae,Cockroach,1,9
Insect,Bostrichidae,Xylotillus lindi,Yellow Auger Beetle,1,1
Insect,Scarabaeidae,Rhopaea verreauxii,Cocksfoot Grub,1,1
Insect,Chrysomelidae,Aporocera apicalis,,1,1
Insect,Acrididae,Happarana pallida,,1,1
Insect,Chrysomelidae,Acanthoscelides obtectus,Bean Weevil,1,4
Insect,Pseudococcidae,Planococcus ficus,Mediterranean Vine Mealybug,1,1
Insect,Crambidae,Scoparia contempta,,1,7
Insect,Oecophoridae,Hemibela pyrochrysa,Concealer Moth,1,2
Insect,Bombyliidae,Balaana gigantea,Bee Fly,1,2
Insect,Castniidae,Synemon collecta,Striated Sun-moth,1,1
Insect,Tettigoniidae,Symmachis glaucescens,,1,1
Insect,Limoniidae,Libnotes terraereginae,,1,2
Insect,Diaspididae,Poliaspis callitris,Scale Insect,1,1
Insect,Australembiidae,Metoligotoma ingens,,1,2
Insect,Cleridae,Cylidrus nigrinus,,1,1
Insect,Calliphoridae,Hemipyrellia fergusoni,,1,8
Insect,Oecophoridae,Philobota moestella,Concealer Moth,1,4
Insect,Curculionidae,Baris leucospila,,1,4
Insect,Chrysomelidae,Calomela acaciae,,1,1
Insect,Chloropidae,Chloromerus striatifrons,,1,2
Insect,Cleridae,Tarsostenodes simulator,,1,4
Insect,Syrphidae,Ceriana macleayi,,1,1
Insect,Ichneumonidae,Gavrana spinosa,,1,1
Insect,Oecophoridae,Barea lithoglypta,,1,2
Insect,Tettigoniidae,Terpandrus horridus,,1,1
Insect,Oecophoridae,Periallactis monostropha,Concealer Moth,1,6
Insect,Geometridae,Oenochroma orthodesma,Geometer Moth,1,3
Insect,Melyridae,Carphurus pravus,,1,1
Insect,Crambidae,Prorodes mimica,,1,2
Insect,Erebidae,Thumatha fuscescens,,1,1
Insect,Colletidae,Hylaeus ofarrelli,Plasterer Bee,1,5
Insect,Buprestidae,Castiarina cyanipes,Jewel Beetle,1,1
Insect,Coccinellidae,Phrynocaria astrolabiana,,1,3
Insect,Erebidae,Halone ophiodes,Moth,1,1
Insect,Pyralidae,Nyctereutica melanophorella,,1,1
Insect,Tingidae,Physatocheila biseriata,,1,3
Insect,Oecophoridae,Zonopetala correcta,,1,2
Insect,Oecophoridae,Prodelaca achalinella,Concealer Moth,1,1
Insect,Pentatomidae,Platycoris bipunctatus,Shield Bug,1,5
Insect,Pentatomidae,Scotinophara allanae,,1,1
Insect,Myrmeleontidae,Austrogymnocnemia bipunctata,,1,5
Insect,Gelechiidae,Ardozyga sisyraea,,1,2
Insect,Pteromalidae,Aeschylia mira,,1,8
Insect,Nolidae,Nola aulacota,,1,1
Insect,Cerambycidae,Mecynopus semivitreus,,1,1
Insect,Geometridae,Eccymatoge morphna,Geometer Moth,1,1
Insect,Dolichopodidae,Nothorhaphium aemulans,Long-legged Fly,1,3
Insect,Geometridae,Euloxia meracula,,1,1
Insect,Hesperiidae,Trapezites sciron,Sciron Skipper,1,2
Insect,Halictidae,Lasioglossum erythrurum,Sweat Bee,1,4
Insect,Geometridae,Chlorocoma externa,Geometer Moth,1,11
Insect,Blattidae,Platyzosteria marginalis,,1,2
Insect,Passalidae,Aulacocyclus aliicornis,,1,1
Insect,Chrysomelidae,Paropsis parryi,,1,1
Insect,Cerambycidae,Atesta brittoni,,1,1
Insect,Heteromyzidae,Tapeigaster annulata,,1,1
Insect,Geometridae,Eupithecia aphanes,,1,1
Insect,Sphecidae,Sphex formosellus,,1,3
Insect,Geometridae,Dichromodes semicanescens,,1,4
Insect,Stathmopodidae,Aeoloscelis chrysophoenicea,,1,1
Insect,Aphalaridae,Cardiaspina maniformis,,1,1
Insect,Noctuidae,Thalatha melanophrica,Owlet Moth,1,2
Insect,Phasmatidae,Pachymorpha springbrookensis,Springbrook Pachymorpha Stick-insect,1,1
Insect,Acrididae,Curpilladia flavocarinata,,1,1
Insect,Aleyrodidae,Aleurodicus dispersus,Spiralling Whitefly,1,2
Insect,Artheneidae,Dilompus robustus,Bug,1,2
Insect,Aphididae,Acyrthosiphon pisum,Pea Aphid,1,5
Insect,Bombyliidae,Staurostichus limbipennis,,1,4
Insect,Oecophoridae,Crepidosceles exanthema,Concealer Moth,1,7
Insect,Chrysomelidae,Aporocera bihamata,,1,5
Insect,Limoniidae,Atarba australasiae,,1,2
Insect,Anthribidae,Basitropis relicta,,1,1
Insect,Crambidae,Archernis callixantha,,1,5
Insect,Pyralidae,Ectomyelois ceratoniae,,1,4
Insect,Dermestidae,Eurhopalus singularis,,1,4
Insect,Cerambycidae,Ancita antennata,,1,9
Insect,Geometridae,Nearcha staurotis,,1,1
Insect,,Heliothela didymospila,,1,3
Insect,Nolidae,Lophothripa vitea,,1,2
Insect,Braconidae,Syntretus trigonaphagus,,1,1
Insect,Geometridae,Laophila sabulicolor,,1,1
Insect,Tenebrionidae,Platydema aries,,1,1
Insect,Cossidae,Culama dasythrix,,1,3
Insect,Hesperiidae,Trapezites iacchoides,Silver-studded Ochre,1,7
Insect,Geometridae,Xenomusa metallica,,1,1
Insect,Tachinidae,Rutilia quadripunctata,Horse Fly,1,3
Insect,Crambidae,Microchilo gelastis,,1,2
Insect,Reduviidae,Emesopsis fenestrella,,1,1
Insect,Belidae,Rhinotia hemisticta,,1,3
Insect,Sphingidae,Daphnis protrudens,,1,1
Insect,Coccinellidae,Serangium mysticum,,1,4
Insect,Oecophoridae,Ocystola crystallina,Concealer Moth,1,31
Insect,Myrmeleontidae,Periclystus laceratus,,1,1
Insect,Formicidae,Nebothriomyrmex majeri,,1,1
Insect,Geometridae,Hypobapta percomptaria,Geometer Moth,1,1
Insect,Curculionidae,Peliocis subcylindricus,,1,1
Insect,Yloryctidae,Cryptophasa spilonota,,1,3
Insect,Gracillariidae,Acrocercops ophiodes,,1,4
Insect,Asilidae,Questopogon affinis,,1,1
Insect,Oligotomidae,Aposthonia gurneyi,,1,2
Insect,Calliphoridae,Onesia tibialis,Blow Fly,1,1
Insect,Cerambycidae,Acalolepta aurosericea,,1,3
Insect,Cicadellidae,Macroceps moorei,Leafhopper,1,1
Insect,Syrphidae,Paragus politus,,1,3
Insect,Anthelidae,Anthela connexa,Lappet Moth,1,2
Insect,Lycaenidae,Deudorix smilis,,1,1
Insect,Blattellidae,Johnrehnia concisa,,1,15
Insect,Formicidae,Myrmecia banksi,,1,3
Insect,Vespidae,Pseudabispa confusa,,1,4
Insect,Roeslerstammiidae,Amphithera heteroleuca,,1,1
Insect,Triozidae,Casuarinicola nigrimaculatus,,1,1
Insect,Choristidae,Chorista australis,,1,9
Insect,Oecophoridae,Prionocris acmaea,,1,1
Insect,Sphingidae,Macroglossum micacea,,1,2
Insect,Bombyliidae,Nigromyia tomentosa,,1,6
Insect,Carabidae,Pseudotetracha australis,Tiger Beetle,1,1
Insect,Blaberidae,Calolampra notabilis,Cockroach,1,1
Insect,Oedemeridae,Dohrnia simplex,,1,2
Insect,Tineidae,Phereoeca praecox,,1,1
Insect,Chrysomelidae,Paropsis minor,,1,4
Insect,Tephritidae,Oedaspis australis,,1,1
Insect,Mutillidae,Ephutomorpha venusta,,1,3
Insect,Nitidulidae,Gymnocychramus bicolor,,1,1
Insect,Formicidae,Rhytidoponera anceps,,1,9
Insect,Halictidae,Patellapis stirlingi,,1,1
Insect,Pteromalidae,Alyxiaphagus picturatus,,1,2
Insect,Chrysomelidae,Paropsis wilsoni,,1,2
Insect,Pyrochroidae,Morpholycus monilicornis,,1,1
Insect,Curculionidae,Titinia tenuis,,1,16
Insect,Curculionidae,Trichosirocalus horridus,Thistle Rosette Weevil,1,2
Insect,Tabanidae,Ectenopsis norrisi,,1,1
Insect,Coreidae,Leptoglossus occidentalis,Western Conifer-seed Bug,1,1
Insect,Aradidae,Neuroctenus proximus,,1,1
Insect,Erebidae,Pandesma submurina,Owlet Moth,1,3
Insect,Carabidae,Geoscaptus cacus,,1,1
Insect,Kalotermitidae,Kalotermes atratus,Termite,1,2
Insect,Dictyopharidae,Cleotyche francescoi,,1,1
Insect,Lonchodidae,Candovia aberrata,Aberrant Stick-insect,1,2
Insect,Libellulidae,Orthetrum boumiera,Brownwater Skimmer,1,1
Insect,Diaspididae,Lepidosaphes beckii,Scale Insect,1,1
Insect,Chironomidae,Dicrotendipes septemmaculatus,Midge,1,2
Insect,Culicidae,Culex postspiraculosus,Mosquito,1,1
Insect,Lecithoceridae,Crocanthes zonodesma,,1,3
Insect,Tenebrionidae,Scymena amphibia,,1,1
Insect,Pyralidae,Arescoptera idiotypa,Grass Moth,1,2
Insect,Meschiidae,Meschia barrowensis,,1,2
Insect,Gelechiidae,Thiotricha anticentra,,1,6
Insect,Piophilidae,Piophilosoma palpatum,Cheese Fly,1,1
Insect,Tenebrionidae,Euomma amoena,,1,1
Insect,Pieridae,Eurema alitha,Scalloped Grass-yellow,1,4
Insect,Oecophoridae,Eulechria electrodes,Concealer Moth,1,15
Insect,Mordellidae,Mordella vaureum,,1,1
Insect,Dytiscidae,Allodessus bistrigatus,Diving Beetle,1,3
Insect,Sphingidae,Theretra nessus,,1,2
Insect,Noctuidae,Xanthodes amata,,1,3
Insect,Sphaeroceridae,Opacifrons maculifrons,,1,2
Insect,Erebidae,Hypena isogona,,1,1
Insect,Colletidae,Hylaeus chromaticus,,1,3
Insect,Triozidae,Bactericera cockerelli,Potato Psyllid,1,2
Insect,Eulophidae,Ceranisus menes,,1,1
Insect,Oecophoridae,Garrha demotica,Concealer Moth,1,11
Insect,Dolichopodidae,Austrosciapus capricornis,,1,1
Insect,Yloryctidae,Zauclophora procellosa,,1,1
Insect,Tettigoniidae,Dexerra angularis,,1,2
Insect,Carabidae,Pamborus guerinii,,1,2
Insect,Tetrigidae,Coptotettix gyoergyii,,1,2
Insect,Asilidae,Laphria fulvipes,,1,1
Insect,Anostostomatidae,Anostostoma australasiae,,1,3
Insect,Diaspididae,Eugreeniella pulchra,Scale Insect,1,5
Insect,Gelechiidae,Ardozyga furcifera,Twirler Moth,1,2
Insect,Geometridae,Dichromodes paratacta,,1,1
Insect,Pyralidae,Copamyntis leptocosma,,1,1
Insect,Pentatomidae,Ocirrhoe prasinata,Shield Bug,1,2
Insect,Syrphidae,Eumerus peltatus,,1,3
Insect,Crambidae,Palpita austrannulata,,1,2
Insect,Acroceridae,Panops baudini,Fly,1,8
Insect,Petaluridae,Petalura gigantea,South-eastern Petaltail,1,7
Insect,Tettigoniidae,Australiagraecia gladiator,Long-tailed Heath-loving Katydid,1,1
Insect,Crambidae,Scoparia philonephes,,1,2
Insect,Curculionidae,Aonychus lineatus,,1,2
Insect,Elateridae,Agrypnus variabilis,Sugarcane Wireworm,1,5
Insect,Curculionidae,Emplesis tibialis,,1,1
Insect,Geometridae,Dichromodes partitaria,,1,1
Insect,Scarabaeidae,Lepidiota squamulata,Canegrub,1,1
Insect,Erebidae,Rivula concinna,,1,2
Insect,Achilidae,Dipsiathus pallidifrons,,1,3
Insect,Formicidae,Mesostruma browni,,1,1
Insect,Ceratopogonidae,Mackerrasomyia brevibarba,,1,1
Insect,Oecophoridae,Prionocris charodes,,1,3
Insect,Thyrididae,Collinsa submicans,,1,1
Insect,Blattellidae,Johnrehnia australiae,,1,4
Insect,Sphaeroceridae,Pullimosina heteroneura,Small Dung Fly,1,1
Insect,Mycetophilidae,Ateleia spadicithorax,,1,2
Insect,Mutillidae,Ephutomorpha aurata,,1,1
Insect,Cleridae,Lemidia pictipes,,1,2
Insect,Geometridae,Xanthorhoe strumosata,Geometer Moth,1,3
Insect,Formicidae,Meranoplus rugosus,Ant,1,1
Insect,Cerambycidae,Exocentrus miselloides,,1,2
Insect,Lygaeidae,Graptostethus pubescens,,1,3
Insect,Culicidae,Aedes imperfectus,,1,3
Insect,Cicadellidae,Malipo bianchii,,1,8
Insect,Anthelidae,Pterolocera leucocera,Lappet Moth,1,5
Insect,Mutillidae,Ephutomorpha emeraldiana,,1,1
Insect,Brentidae,Eurhynchus scabrior,,1,1
Insect,Cicadellidae,Xestocephalus tasmaniensis,Leafhopper,1,1
Insect,Carabidae,Gnathaphanus philippensis,,1,1
Insect,Stratiomyidae,Antissella parvidentata,,1,2
Insect,Gryllotalpidae,Gryllotalpa brachyptera,Mole Cricket,1,3
Insect,Cicadidae,Pyropsalta patula,,1,2
Insect,Melyridae,Dicranolaius major,,1,1
Insect,Oecophoridae,Cryptolechia triphaenatella,Concealer Moth,1,2
Insect,Notonectidae,Enithares woodwardi,Backswimmer,1,3
Insect,Noctuidae,Paromphale caeca,,1,3
Insect,Nanaomantidae,Ciulfina biseriata,,1,1
Insect,Curculionidae,Ennothus fallax,,1,1
Insect,Oecophoridae,Phloeograptis obliquata,,1,5
Insect,Tettigoniidae,Conocephalus maculatus,,1,1
Insect,Lycaenidae,Cyprotides cyprotus,Copper Trident-blue,1,9
Insect,Sphingidae,Cephonodes cunninghami,,1,3
Insect,Erebidae,Thallarcha jocularis,Moth,1,4
Insect,Crambidae,Metasia acharis,,1,3
Insect,Cerambycidae,Stenoderus opacicollis,,1,2
Insect,Erotylidae,Thallis bifasciata,,1,3
Insect,Aphididae,Rhopalosiphum maidis,Corn Aphid,1,2
Insect,Cleridae,Phlogistus schenklingi,,1,1
Insect,Ptinidae,Anobium punctatum,Common Furniture Beetle,1,4
Insect,Gryllacrididae,Apotrechus illawarra,,1,2
Insect,Pyralidae,Ernophthora milicha,,1,2
Insect,Empididae,Ptilophyllodromia biroi,,1,2
Insect,Colletidae,Euryglossina melanocephala,,1,1
Insect,Scarabaeidae,Microvalgus bursuriae,,1,2
Insect,Mantidae,Orthodera marginata,,1,2
Insect,Geometridae,Mnesampela lenaea,Geometer Moth,1,5
Insect,Geometridae,Planolocha hyposema,,1,1
Insect,Vespidae,Elimus mackayensis,,1,1
Insect,Dolichopodidae,Austrosciapus zentae,,1,3
Insect,Choreutidae,Choreutis sycopola,,1,2
Insect,Buprestidae,Castiarina costata,,1,1
Insect,Blaberidae,Calolampra atra,,1,4
Insect,Chrysomelidae,Cadmus excrementarius,,1,6
Insect,Tenebrionidae,Isopteron triviale,,1,2
Insect,Oecophoridae,Hemibela platyxantha,,1,1
Insect,Mydidae,Miltinus cinctus,,1,1
Insect,Culicidae,Aedes sagax,,1,1
Insect,Ascalaphidae,Acmonotus incusifer,,1,1
Insect,Carabidae,Notonomus besti,,1,4
Insect,Ichneumonidae,Labena annulata,,1,1
Insect,Tenebrionidae,Bassianus colydioides,,1,4
Insect,Cydnidae,Byrsinus australis,,1,1
Insect,Cerambycidae,Uracanthus strigosus,,1,1
Insect,Lecithoceridae,Crocanthes characotis,,1,2
Insect,Nabidae,Nabis biformis,Damsel Bug,1,4
Insect,Geometridae,Derambila idiosceles,,1,1
Insect,Oecophoridae,Artiastis ptochopa,,1,1
Insect,Formicidae,Nylanderia glabrior,,1,2
Insect,Tortricidae,Holocola triangulana,,1,14
Insect,Psychopsidae,Psychopsis mimica,,1,5
Insect,Ichneumonidae,Eleebichneumon pittata,,1,3
Insect,Cleridae,Lemidia hilaris,,1,5
Insect,Tenebrionidae,Adelium porcatum,,1,18
Insect,Stratiomyidae,Syndipnomyia auricincta,,1,2
Insect,Gelechiidae,Ardozyga tridecta,,1,3
Insect,Crambidae,Metasia celaenophaes,,1,1
Insect,Trichoceridae,Nothotrichocera cranstoni,Winter Crane Fly,1,1
Insect,Staphylinidae,Hesperus australis,,1,1
Insect,Curculionidae,Phloeosinus cupressi,Cypress Bark Beetle,1,1
Insect,Heterogastridae,Parathyginus australis,,1,5
Insect,Nolidae,Westermannia gloriosa,,1,1
Insect,Yloryctidae,Xylorycta melanula,,1,1
Insect,Acroceridae,Ogcodes basalis,Fly,1,18
Insect,Oecophoridae,Tachystola ptochodes,,1,2
Insect,Formicidae,Iridomyrmex conifer,Coned Tyrant Ant,1,5
Insect,Noctuidae,Ozarba chrysaspis,,1,4
Insect,Cicadidae,Guineapsaltria flava,,1,3
Insect,Tettigoniidae,Tympanophora similis,,1,2
Insect,Meloidae,Australozonitis pallicolor,,1,2
Insect,Nolidae,Iscadia pulchra,Owlet Moth,1,2
Insect,Staphylinidae,Hesperus haemorrhoidalis,,1,13
Insect,Geometridae,Psilosticha loxoschema,Geometer Moth,1,1
Insect,Halictidae,Lasioglossum altichus,,1,1
Insect,Carabidae,Sarothrocrepis nigricincta,,1,1
Insect,Megachilidae,Megachile speluncarum,,1,1
Insect,Cerambycidae,Ancita lineola,,1,1
Insect,Oecophoridae,Eulechria autographa,,1,3
Insect,Pompilidae,Agenioideus nigricornis,Spider Wasp,1,6
Insect,Gasteruptiidae,Gasteruption varians,,1,3
Insect,Cicadellidae,Nephotettix virescens,,1,1
Insect,Oecophoridae,Hemibela trigonoptera,,1,2
Insect,Curculionidae,Curculio simulator,,1,3
Insect,Erebidae,Acantholipes trajecta,,1,1
Insect,Acrididae,Austroicetes frater,Southern Austroicetes Grasshopper,1,1
Insect,Gelechiidae,Ardozyga englypta,,1,1
Insect,Mycetophagidae,Litargus balteatus,,1,4
Insect,Keroplatidae,Mallochinus mastersi,,1,2
Insect,Cleridae,Eleale intricata,,1,4
Insect,Psychidae,Napecoetes chrysomitra,,1,3
Insect,Sphecidae,Sphex luctuosus,Wasp,1,3
Insect,Scutelleridae,Choerocoris grossi,,1,1
Insect,Largidae,Delacampius lateralis,,1,9
Insect,Noctuidae,Proteuxoa mesombra,Owlet Moth,1,3
Insect,Geometridae,Chrysolarentia imperviata,Geometer Moth,1,6
Insect,Erebidae,Oraesia emarginata,,1,2
Insect,Erebidae,Lacera noctilio,,1,1
Insect,,Micromidia atrifrons,Forest Mosquitohawk,1,3
Insect,Erebidae,Corgatha omopis,,1,3
Insect,Cerambycidae,Escalonia loxleyae,,1,3
Insect,Hepialidae,Oxycanus determinata,,1,2
Insect,Pachygronthidae,Pachygrontha walkeri,,1,2
Insect,Anisolabididae,Anisolabis maritima,"Maritime Earwig, Seaside Earwig",1,5
Insect,Curculionidae,Catasarcus cygnensis,,1,2
Insect,Buprestidae,Castiarina decemguttata,,1,1
Insect,Noctuidae,Heliocheilus cramboides,Owlet Moth,1,1
Insect,Erebidae,Asota caricae,,1,2
Insect,Cerambycidae,Coptocercus unifasciatus,,1,2
Insect,Oecophoridae,Garrha rufa,Concealer Moth,1,1
Insect,Scarabaeidae,Dasygnathus dejeani,Redheaded Whitegrub,1,1
Insect,Oecophoridae,Diapatela placina,,1,1
Insect,Nymphalidae,Ypthima arctous,Dusky Knight,1,9
Insect,Chrysomelidae,Arsipoda picturata,,1,1
Insect,Tenebrionidae,Amarygmus minutus,,1,2
Insect,Therevidae,Sidarena hortorum,,1,2
Insect,Cicadellidae,Pascoepus illawarrus,Leafhopper,1,1
Insect,Dolichopodidae,Hydrophorus praecox,,1,2
Insect,Coccinellidae,Orcus nummularis,,1,11
Insect,Scatopsidae,Coboldia fuscipes,Black Scavenger Fly,1,4
Insect,Geometridae,Scioglyptis heterogyna,Geometer Moth,1,9
Insect,Buprestidae,Castiarina spilota,,1,1
Insect,Curculionidae,Exithius loculiferus,,1,3
Insect,Noctuidae,Spodoptera frugiperda,Fall Armyworm,1,2
Insect,Lepidopsocidae,Cyptophania australica,,1,2
Insect,Hemerobiidae,Notiobiella unita,,1,4
Insect,Crambidae,Nacoleia glageropa,,1,1
Insect,Heterogastridae,Dinomachus australis,,1,4
Insect,Notodontidae,Hylaeora caustopis,Great Rough-head,1,3
Insect,Depressariidae,Aproopta melanchlaena,Concealer Moth,1,9
Insect,Curculionidae,Cubicorhynchus maculatus,,1,8
Insect,Staphylinidae,Paederus meyricki,,1,2
Insect,Curculionidae,Gerynassa nodulosa,,1,6
Insect,Crabronidae,Cerceris goddardi,,1,2
Insect,Oecophoridae,Eulechria drosocapna,Concealer Moth,1,3
Insect,Nemopteridae,Austrocroce mira,,1,1
Insect,Syrphidae,Paramixogaster gayi,,1,1
Insect,Nymphidae,Austronymphes insularis,,1,1
Insect,Tessaratomidae,Cumare pallida,,1,2
Insect,Diaspididae,Diaspis echinocacti,,1,1
Insect,Bombyliidae,Cryomyia argyropila,,1,1
Insect,Formicidae,Tetramorium lanuginosum,Wooly Ant,1,2
Insect,Noctuidae,Lophocalama neuritis,Owlet Moth,1,9
Insect,Curculionidae,Rhinoncus australis,,1,2
Insect,Cerambycidae,Phalota collaris,,1,1
Insect,Chrysomelidae,Paropsis marmorea,,1,2
Insect,Oecophoridae,Philobota scitula,,1,3
Insect,Aulacidae,Aulacus atriceps,,1,1
Insect,Anthribidae,Eupanteos bifasciatus,,1,1
Insect,Tortricidae,Phryctora phryctora,,1,1
Insect,Buprestidae,Germarica lilliputana,,1,4
Insect,Cercopidae,Philagra concolor,,1,2
Insect,Chrysomelidae,Aporocera flaviventris,,1,4
Insect,Staphylinidae,Tasgius ater,,1,9
Insect,Anisopodidae,Sylvicola funebris,Bee Fly,1,2
Insect,Formicidae,Amblyopone hackeri,,1,2
Insect,Carabidae,Parena fasciata,,1,1
Insect,Apidae,Tetragonula mellipes,,1,1
Insect,Nanaomantidae,Gyromantis occidentalis,,1,2
Insect,Cleridae,Lemidia vreversa,,1,1
Insect,Pentatomidae,Coracanthella geophila,,1,3
Insect,Sphecidae,Sphex argentatissimus,,1,2
Insect,Crambidae,Hednota opulentellus,Grass Moth,1,2
Insect,Erebidae,Duplex horakae,,1,1
Insect,Aleyrodidae,Dumbletoniella xanthorrhoeae,Species Of Whiteflies,1,4
Insect,Aradidae,Carventus brachypterus,Flat Bug,1,1
Insect,Oecophoridae,Philobota gonostropha,,1,2
Insect,Curculionidae,Listroderes difficilis,Vegetable Weevil,1,5
Insect,Scutelleridae,Austrotichus rugosus,Shield Bug,1,3
Insect,Curculionidae,Trigonopterus evanidus,,1,3
Insect,Chrysomelidae,Chalcolampra constricta,,1,4
Insect,Mutillidae,Ephutomorpha blanda,,1,4
Insect,Nymphalidae,Euploea sylvester,Two-brand Crow,1,5
Insect,Colletidae,Hylaeus trilobatus,Plasterer Bee,1,6
Insect,Colletidae,Euryglossina flavolateralis,,1,1
Insect,Yloryctidae,Cryptophasa ochroleuca,Concealer Moth,1,4
Insect,Buprestidae,Melobasis cuprifera,,1,3
Insect,Tingidae,Nethersia magna,,1,6
Insect,Ichneumonidae,Syntrips maculatus,,1,5
Insect,Oecophoridae,Telanepsia mobilis,,1,1
Insect,Platystomatidae,Naupoda regina,,1,2
Insect,Limoniidae,Molophilus chloris,Crane Fly,1,1
Insect,Crambidae,Scoparia niphetodes,,1,2
Insect,Nymphidae,Myiodactylus pubescens,,1,1
Insect,Tenebrionidae,Uloma sanguinipes,,1,10
Insect,Cerambycidae,Phoracantha flavopicta,,1,5
Insect,Dactylopiidae,Dactylopius opuntiae,Opuntia Cochineal Scale,1,1
Insect,Cerambycidae,Phoracantha immaculata,,1,1
Insect,Cicadellidae,Trocnada minuta,,1,3
Insect,Erebidae,Corgatha figuralis,,1,9
Insect,Mutillidae,Ephutomorpha amoena,,1,1
Insect,Pergidae,Perga vollenhovii,,1,2
Insect,Chrysomelidae,Plagiodera amplipennis,,1,2
Insect,Pentatomidae,Cuspicona longispina,Shield Bug,1,1
Insect,Buprestidae,Castiarina ochreiventris,,1,1
Insect,Erebidae,Epicyrtica metallica,,1,3
Insect,Crambidae,Scoparia eumeles,,1,2
Insect,Oecanthidae,Merrinella tandanya,,1,1
Insect,Hepialidae,Abantiades argyrosticha,,1,1
Insect,Geometridae,Chlorocoma rhodothrix,,1,3
Insect,Cerambycidae,Syllitus brimblecombei,,1,2
Insect,Curculionidae,Misophrice setosa,,1,1
Insect,Chrysomelidae,Ditropidus pulchellus,,1,6
Insect,Geometridae,Paradromulia ambigua,,1,2
Insect,Curculionidae,Pantoreites trilinealbus,,1,1
Insect,Crambidae,Hednota invalidellus,,1,1
Insect,Erebidae,Lymantria pelospila,,1,3
Insect,Archeocrypticidae,Archeocrypticus topali,,1,1
Insect,Pyrgomorphidae,Monistria concinna,Southern Pyrgomorph,1,4
Insect,Formicidae,Zasphinctus froggatti,,1,2
Insect,Oecophoridae,Barea phaulobrya,,1,1
Insect,Colletidae,Hylaeus daviesiae,,1,5
Insect,Pteromalidae,Pteromalus puparum,,1,4
Insect,Curculionidae,Myllorhinus strenuus,,1,2
Insect,Colletidae,Leioproctus fulvus,Plasterer Bee,1,2
Insect,Lycidae,Metriorrhynchus variipennis,,1,4
Insect,Formicidae,Myrmecia tepperi,Bucktoothed Bull Ant,1,4
Insect,Formicidae,Anonychomyrma nitidiceps,Ant,1,2
Insect,Crambidae,Crocidolomia luteolalis,,1,3
Insect,Tineidae,Erechthias oxymacha,,1,3
Insect,Tettigoniidae,Tympanophora pellucida,,1,1
Insect,Geometridae,Syneora adelphodes,,1,4
Insect,Sphingidae,Theretra queenslandi,,1,2
Insect,Formicidae,Stigmacros debilis,,1,1
Insect,Pyralidae,Cadra perfasciata,,1,1
Insect,Formicidae,Strumigenys perplexa,Ant,1,2
Insect,Aleyrodidae,Xenaleyrodes eucalypti,Whitefly,1,3
Insect,Gelechiidae,Ardozyga frugalis,,1,1
Insect,Formicidae,Leptomyrmex nigriventris,Spider Ant,1,7
Insect,Chrysomelidae,Aporocera conjugata,,1,1
Insect,Tortricidae,Epiphyas haematodes,,1,1
Insect,Crambidae,Musotima suffusalis,,1,1
Insect,Gomphidae,Austrogomphus cornutus,Unicorn Hunter,1,4
Insect,Geometridae,Austroterpna idiographa,,1,1
Insect,Crambidae,Hednota acontophora,Grass Moth,1,8
Insect,Geometridae,Epidesmia brachygrammella,Geometer Moth,1,1
Insect,Calliphoridae,Lucilia papuensis,,1,1
Insect,Mordellidae,Hoshihananomia octodecimmaculata,,1,2
Insect,Formicidae,Rhytidoponera levior,,1,3
Insect,Pentatomidae,Aplerotus maculatus,Shield Bug,1,1
Insect,Geometridae,Dichromodes compsotis,,1,2
Insect,Erebidae,Termessa xanthomelas,Moth,1,4
Insect,Crabronidae,Nitela australiensis,,1,1
Insect,Pergidae,Neoeurys tasmanicus,,1,1
Insect,Lacturidae,Lactura dives,,1,1
Insect,Leptoceridae,Triplectides australis,Caddisfly,1,1
Insect,Lestoniidae,Lestonia grossi,,1,1
Insect,Keroplatidae,Chiasmoneura collessi,,1,2
Insect,Coccidae,Ceronema banksiae,,1,4
Insect,Psychidae,Lepidoscia scotinopis,,1,1
Insect,Cupedidae,Distocupes varians,,1,2
Insect,Silvanidae,Australodendrophagus australis,,1,1
Insect,Oecophoridae,Coesyra phaeozona,Concealer Moth,1,2
Insect,Aphididae,Aphis sedi,,1,1
Insect,Miridae,Megacoelum suffusum,,1,2
Insect,Asilidae,Daptolestes limbipennis,Robber Fly,1,15
Insect,Lycidae,Xylobanus coenosus,,1,3
Insect,Choreutidae,Saptha libanota,,1,2
Insect,Colletidae,Hylaeus probligenatus,,1,1
Insect,Pseudophyllodromiidae,Ellipsidion amplum,,1,2
Insect,Oecophoridae,Platoloncha psamathina,Concealer Moth,1,3
Insect,Tineidae,Erechthias orchestris,,1,2
Insect,Erebidae,Creatonotos gangis,,1,6
Insect,Dytiscidae,Austrelatus irregularis,,1,1
Insect,Geometridae,Idaea elachista,,1,4
Insect,Coreidae,Mirabilamorbus monteithi,,1,1
Insect,Bombyliidae,Mandella australis,,1,1
Insect,Tettigoniidae,Conocephalus willemsei,,1,1
Insect,Chrysomelidae,Altica aenea,,1,4
Insect,Megalyridae,Megalyra shuckardi,Wasp,1,1
Insect,Formicidae,Camponotus humilior,,1,1
Insect,Chrysomelidae,Peltoschema scaphula,,1,5
Insect,Tortricidae,Oxysemaphora notialis,,1,1
Insect,Tingidae,Tingis hackeri,,1,3
Insect,Depressariidae,Agriophara nodigera,,1,5
Insect,Erebidae,Tyria jacobaeae,,1,1
Insect,Oecophoridae,Philobota euchlora,,1,1
Insect,Cerambycidae,Sybra acuta,,1,3
Insect,Oecophoridae,Diasceta terpnopis,,1,3
Insect,Limacodidae,Comana corones,,1,1
Insect,Chrysomelidae,Paropsisterna rufipes,,1,2
Insect,Noctuidae,Turnerinycta phaeocosma,,1,1
Insect,Oecophoridae,Microbela epicona,,1,4
Insect,Elateridae,Agriotes obscurus,,1,1
Insect,Vespidae,Ropalidia darwini,,1,1
Insect,Pentatomidae,Everardia picta,,1,1
Insect,Hepialidae,Abantiades lineacurva,,1,1
Insect,Therevidae,Anabarhynchus spinosus,,1,2
Insect,Ichneumonidae,Amblyaclastus melanops,,1,2
Insect,Ichneumonidae,Enicospilus morleyi,,1,2
Insect,Geometridae,Chrysolarentia synchora,,1,1
Insect,Formicidae,Mayriella ebbei,Ant,1,2
Insect,Membracidae,Alocebes dixoni,Treehopper,1,3
Insect,Anthribidae,Epargemus marmoratus,Beetle,1,2
Insect,Scelionidae,Gryonella magnidens,,1,1
Insect,Erebidae,Thallarcha epiostola,Gowned Footman,1,3
Insect,Stathmopodidae,Stathmopoda lethonoa,Concealer Moth,1,1
Insect,Curculionidae,Oxyops reticulatus,,1,1
Insect,Hesperiidae,Telicota eurychlora,Dingy Darter,1,1
Insect,Curculionidae,Encosmia cornuta,,1,2
Insect,Staphylinidae,Cafius catenatus,,1,1
Insect,Achilidae,Tropiphlepsia badia,,1,2
Insect,Chrysomelidae,Faex aemula,,1,1
Insect,Cleridae,Lemidia simulans,,1,4
Insect,Oecophoridae,Garrha rufimaculella,,1,1
Insect,Pentatomidae,Tinganina dimorpha,Shield Bug,1,2
Insect,Spongiphoridae,Paraspania pygmaea,,1,2
Insect,Yloryctidae,Catoryctis eugramma,,1,1
Insect,Oecophoridae,Eulechria thermochroa,,1,1
Insect,Curculionidae,Notomagdalis subcylindrica,,1,1
Insect,Pyralidae,Axiocrita cataphanes,,1,2
Insect,Tiphiidae,Campylothynnus assimilis,,1,2
Insect,Curculionidae,Curculio sulfureosignatus,,1,2
Insect,Noctuidae,Proteuxoa cyanoloma,Owlet Moth,1,1
Insect,Yponomeutidae,Atteva albiguttata,,1,3
Insect,Crambidae,Euchromius cornus,Grass Moth,1,1
Insect,Gelechiidae,Ardozyga hormodes,,1,1
Insect,Psychidae,Lepidoscia hyalistis,,1,2
Insect,Elateridae,Wynarka sylvestre,,1,4
Insect,Oecophoridae,Philobota hydara,,1,5
Insect,Tetrigidae,Paratettix australis,,1,9
Insect,Chrysomelidae,Aporocera conspicienda,,1,1
Insect,Tettigoniidae,Xederra squamiger,,1,5
Insect,Aleyrodidae,Bemisia giffardi,,1,1
Insect,Tingidae,Tingis perkensi,,1,1
Insect,Aphelinidae,Encarsia formosa,Greenhouse Whitefly Parasite Wasp,1,2
Insect,Cydnidae,Chilocoris bicolor,,1,3
Insect,Eustheniidae,Eusthenia venosa,,1,4
Insect,Tortricidae,Holocola pericyphana,,1,1
Insect,Oecophoridae,Garrha paraderces,,1,1
Insect,Monophlebidae,Icerya imperatae,,1,1
Insect,Pteromalidae,Sycoscapter australis,,1,3
Insect,Asilidae,Eccritosia rubriventris,,1,1
Insect,Coreidae,Acroelytrum muricatum,,1,2
Insect,Tenebrionidae,Pterohelaeus socialis,,1,2
Insect,Asilidae,Blepharotes flavus,,1,1
Insect,Vespidae,Euodynerus angulatus,,1,1
Insect,Gracillariidae,Phyllocnistis hapalodes,,1,1
Insect,Oecophoridae,Eulechria malacostola,,1,1
Insect,Gelechiidae,Ardozyga loxodesma,,1,9
Insect,Hemipsocidae,Hemipsocus selysi,,1,5
Insect,Saturniidae,Opodiphthera astrophela,,1,1
Insect,Buprestidae,Nascio xanthura,,1,1
Insect,Cleridae,Tarsostenus hilaris,,1,2
Insect,Kateretidae,Jelinekiella aterrima,,1,2
Insect,Nolidae,Thriponea melanograpta,,1,3
Insect,Termitidae,Microcerotermes turneri,,1,1
Insect,Cerambycidae,Hesthesis assimilis,,1,3
Insect,Miridae,Jiwarli solanum,,1,1
Insect,Acrididae,Austroicetes pusilla,,1,10
Insect,Tabanidae,Myioscaptia nigroapicalis,,1,1
Insect,Achilidae,Bunduica rubrovenosa,,1,1
Insect,Sphingidae,Nephele hespera,,1,1
Insect,Crabronidae,Williamsita bivittata,Wasp,1,2
Insect,Staphylinidae,Thyreocephalus chloropterus,,1,4
Insect,Oecophoridae,Hoplomorpha camelaea,Concealer Moth,1,5
Insect,Gelechiidae,Thiotricha acronipha,,1,1
Insect,Cosmopterigidae,Macrobathra harmostis,,1,2
Insect,Noctuidae,Elusa ceneusalis,,1,2
Insect,Tortricidae,Coeloptera epiloma,,1,1
Insect,Formicidae,Myrmecia picta,Bull Ant,1,3
Insect,Crambidae,Otiophora clavifera,,1,1
Insect,Halictidae,Lasioglossum clelandi,Sweat Bee,1,4
Insect,Tephritidae,Paraspathulina apicomacula,Primitive Crane Fly,1,5
Insect,Braconidae,Austrohelcon erythrocephalus,,1,1
Insect,Noctuidae,Ozarba punctigera,,1,3
Insect,Erebidae,Rhynchina inornata,,1,2
Insect,Mutillidae,Ephutomorpha lateralis,,1,8
Insect,Elateridae,Cryptalaus prosectus,,1,2
Insect,Geometridae,Scopula despoliata,,1,2
Insect,Therevidae,Agapophytus bicolor,,1,5
Insect,Reduviidae,Brachysandalus lurco,,1,2
Insect,Eucharitidae,Tricoryna reticulativentris,,1,1
Insect,Scoliidae,Pseudotrielis gilesi,,1,2
Insect,Geometridae,Oenochroma privata,,1,1
Insect,Lycaenidae,Ogyris ianthis,Golden Azure,1,1
Insect,Crambidae,Noorda blitealis,,1,4
Insect,Erebidae,Euproctis euthysana,,1,3
Insect,Syrphidae,Psilota auricauda,,1,3
Insect,Pentatomidae,Ocirrhoe virescens,,1,1
Insect,Apidae,Amegilla rhodoscymna,,1,5
Insect,Noctuidae,Proteuxoa metaneura,Owlet Moth,1,1
Insect,Curculionidae,Melanterius costatus,,1,2
Insect,Crambidae,Cirrhochrista arcusalis,,1,4
Insect,Pyralidae,Hypargyria metalliferella,,1,5
Insect,Erebidae,Diatenes igneipicta,Owlet Moth,1,8
Insect,Geometridae,Idaea trissorma,,1,5
Insect,Noctuidae,Acrapex exsanguis,Owlet Moth,1,3
Insect,Formicidae,Aphaenogaster barbigula,Ant,1,2
Insect,Curculionidae,Aromagis horrens,,1,2
Insect,Geometridae,Idaea epicyrta,,1,1
Insect,Cerambycidae,Xystrocera globosa,,1,1
Insect,Miridae,Lygaeoscytus cimicoides,Plant Bug,1,1
Insect,Bostrichidae,Tristaria grouvellei,,1,1
Insect,Lauxaniidae,Homoneura fumifrons,,1,1
Insect,Culicidae,Mimomyia elegans,,1,1
Insect,Culicidae,Aedes imprimens,,1,1
Insect,Tenebrionidae,Bolbophanes rugatus,,1,1
Insect,Teredidae,Ascetoderes equinus,,1,7
Insect,Pyralidae,Morosaphycita poliochyta,,1,2
Insect,Oecophoridae,Pachybela tetraspora,,1,2
Insect,Buprestidae,Castiarina gardnerae,,1,1
Insect,Blattidae,Megazosteria patula,,1,1
Insect,Eriococcidae,Cystococcus campanidorsalis,,1,2
Insect,Philopteridae,Psittaconirmus launceloti,,1,2
Insect,Pyralidae,Lasiosticha thermochroa,,1,2
Insect,Gryllidae,Eurygryllodes warrilla,,1,2
Insect,Pentatomidae,Mygoodano virescens,,1,3
Insect,Tingidae,Engynoma tasmaniae,,1,3
Insect,Curculionidae,Aesiotes leucurus,Cypress Bark Weevil,1,3
Insect,Therevidae,Laxotela holstoni,,1,5
Insect,Buprestidae,Diphucrania stigmata,,1,1
Insect,Noctuidae,Proteuxoa crypsicharis,Owlet Moth,1,1
Insect,Derbidae,Lydda perkinsi,,1,1
Insect,Curculionidae,Haplonyx latus,,1,1
Insect,Pentatomidae,Oncocoris modestus,,1,1
Insect,Oecophoridae,Philobota melanoglypta,,1,2
Insect,Therevidae,Laxotela gaimarii,Stiletto Fly,1,1
Insect,Cerambycidae,Teispes insularis,,1,1
Insect,Tortricidae,Holocola perspectana,,1,1
Insect,Nolidae,Earias subviridis,,1,4
Insect,Formicidae,Myrmecia ludlowi,,1,2
Insect,Lucanidae,Lissotes forcipula,,1,1
Insect,Coniopterygidae,Heteroconis maculata,,1,8
Insect,Tephritidae,Bactrocera bancroftii,,1,1
Insect,Eulophidae,Elasmus margiscutellum,,1,3
Insect,Mydidae,Neorhaphiomidas hardyi,,1,3
Insect,Asilidae,Thereutria pulchripes,Robber Fly,1,1
Insect,Tephritidae,Euphranta marina,,1,1
Insect,Bombyliidae,Balaana abscondita,Bee Fly,1,1
Insect,Brentidae,Ctenaphides maculatus,,1,3
Insect,Formicidae,Dolichoderus australis,Soft Dolly Ant,1,3
Insect,Elateridae,Hapatesus kershawi,,1,1
Insect,Therevidae,Nanexila manni,Stiletto Fly,1,1
Insect,Depressariidae,Eutorna diaula,,1,2
Insect,Tabanidae,Triclista singularis,,1,3
Insect,Cerambycidae,Demonax chrysoderes,,1,1
Insect,Erebidae,Goniosema anguliscripta,,1,5
Insect,Asilidae,Hullia commoni,,1,1
Insect,Crambidae,Hednota recurvellus,,1,2
Insect,Yloryctidae,Brachybelistis blackburnii,Concealer Moth,1,2
Insect,Colletidae,Hylaeus delicatus,Plasterer Bee,1,2
Insect,Chironomidae,Clinotanypus crux,Midge,1,1
Insect,Noctuidae,Himerois periphaea,,1,2
Insect,Tabanidae,Dasybasis postponens,,1,2
Insect,Tineidae,Mesopherna palustris,,1,3
Insect,Aphalaridae,Cardiaspina albicollaris,,1,3
Insect,Crambidae,Atelocentra chloraspis,Grass Moth,1,7
Insect,Noctuidae,Aucha triphaenoides,,1,8
Insect,Chrysomelidae,Ellopidia sloanei,,1,1
Insect,Colletidae,Sericogaster fasciata,Plasterer Bee,1,2
Insect,Argidae,Antargidium dentivalve,,1,2
Insect,Synlestidae,Synlestes selysi,Forest Needle,1,1
Insect,Chrysomelidae,Octotoma championi,,1,3
Insect,Limoniidae,Sigmatomera victoriae,Crane Fly,1,2
Insect,Yloryctidae,Cryptophasa balteata,,1,6
Insect,Buprestidae,Nascioides olliffi,,1,1
Insect,Culicidae,Aedeomyia catasticta,,1,7
Insect,Formicidae,Monomorium destructor,Singapore Ant,1,6
Insect,Halictidae,Lasioglossum orbatum,Sweat Bee,1,1
Insect,Therevidae,Neodialineura spinosa,,1,1
Insect,Reduviidae,Pnirsus notaticollis,,1,1
Insect,Bombyliidae,Anthrax siccus,Bee Fly,1,3
Insect,Fulgoridae,Desudaboides fletcheri,,1,1
Insect,Melyridae,Carphurus balteatus,,1,1
Insect,Eriococcidae,Tanyscelis grallator,,1,1
Insect,Yloryctidae,Pilostibes stigmatias,,1,1
Insect,Geometridae,Dinophalus thrasyschema,,1,3
Insect,Uraniidae,Epiplema quadristrigata,,1,1
Insect,Tephritidae,Paraspathulina eremostigma,Primitive Crane Fly,1,2
Insect,Chrysomelidae,Mecynodera balyi,,1,4
Insect,Nymphalidae,Hypocysta euphemia,Rock Ringlet,1,2
Insect,Anthribidae,Ozotomerus bipunctatus,,1,1
Insect,Ichneumonidae,Brachycyrtus australis,,1,2
Insect,Cicadellidae,Neovulturnus vanduzeei,,1,1
Insect,Crabronidae,Ectemnius reginellus,,1,2
Insect,Cerambycidae,Disterna mastersii,,1,1
Insect,Cleridae,Monilonotum rufiventre,,1,1
Insect,Cleridae,Notopilo confusus,,1,5
Insect,Yloryctidae,Cryptophasa molaris,,1,1
Insect,Scarabaeidae,Cryptodus tasmannianus,,1,4
Insect,Glyphipterigidae,Glyphipterix pyrophora,,1,2
Insect,Crambidae,Metallarcha achoeusalis,Moth,1,1
Insect,Acrididae,Praxibulus duplex,Common Praxibulus Grasshopper,1,3
Insect,Crambidae,Euclasta maceratalis,,1,1
Insect,Oecophoridae,Oenochroa dinosema,Concealer Moth,1,12
Insect,Scarabaeidae,Phyllotocus decipiens,,1,1
Insect,Formicidae,Cryptopone rotundiceps,Ant,1,1
Insect,Veliidae,Nesidovelia peramoena,,1,1
Insect,Platycnemididae,Nososticta koolpinyah,Koolpinyah Threadtail,1,1
Insect,Reduviidae,Austrokatanga monteithi,,1,4
Insect,Anthocoridae,Lyctocoris campestris,Debris Bug,1,3
Insect,Reduviidae,Horcinia distincta,,1,1
Insect,Scarabaeidae,Micropoecila cincta,,1,2
Insect,Colobathristidae,Phaenacantha australiae,Linear Bug,1,2
Insect,Phasmatidae,Acrophylla enceladus,Giant Acrophylla Stick-insect,1,3
Insect,Curculionidae,Misophrice setulosa,,1,3
Insect,Chrysomelidae,Edusella monticola,,1,1
Insect,Gryllacrididae,Kinemania ambulans,,1,6
Insect,Erebidae,Hypertrocta brunnea,,1,1
Insect,Pseudocaeciliidae,Mepleres tanei,,1,1
Insect,Elateridae,Doloporus thoracicus,,1,1
Insect,Buprestidae,Castiarina thomsoni,,1,2
Insect,Lucanidae,Lissotes basilaris,,1,4
Insect,Mantispidae,Xaviera manca,,1,3
Insect,Yloryctidae,Cryptophasa opalina,,1,1
Insect,Ptinidae,Ptinus exulans,Spider Beetle,1,4
Insect,Braconidae,Fopius arisanus,,1,1
Insect,Phlaeothripidae,Neocecidothrips bursariae,,1,1
Insect,Papilionidae,Ornithoptera richmondia,Richmond Birdwing Butterfly,1,9
Insect,Geometridae,Cleora godeffroyi,,1,1
Insect,Saturniidae,Syntherata escarlata,,1,2
Insect,Psychidae,Lepidoscia glabrella,Bagworm Moth,1,1
Insect,Gelechiidae,Ardozyga galactopa,,1,1
Insect,Tortricidae,Tarachota ceramica,,1,1
Insect,Nogodinidae,Bilbilicallia bifasciata,,1,1
Insect,Glyphipterigidae,Glyphipterix harpogramma,,1,3
Insect,Formicidae,Turneria rosschinga,,1,2
Insect,Gelechiidae,Ardozyga chalazodes,,1,3
Insect,Cerambycidae,Phoracantha mastersi,,1,6
Insect,Buprestidae,Agrilus assimilis,,1,6
Insect,Ethmiidae,Ethmia nigroapicella,,1,1
Insect,Lasiocampidae,Opsirhina lechriodes,Lappet Moth,1,9
Insect,Acanthosomatidae,Galgacus labidus,Shield Bug,1,3
Insect,Stathmopodidae,Mylocera tenebrifera,Concealer Moth,1,1
Insect,Rhyparochromidae,Udeocoris nigroaeneus,Seed Bug,1,3
Insect,Crambidae,Syllepte ridopalis,,1,1
Insect,Coccinellidae,Stethorus fenestralis,,1,2
Insect,Cleridae,Clerus bimaculatus,,1,1
Insect,Tenebrionidae,Toxicum punctipenne,,1,1
Insect,Chrysomelidae,Cadmus cognatus,,1,1
Insect,Scarabaeidae,Dermolepida albohirtum,Greyback Cane Beetle,1,4
Insect,Cixiidae,Cajeta singularis,,1,4
Insect,Chrysomelidae,Cadmus colossus,,1,1
Insect,Chaoboridae,Chaoborus punctilliger,,1,1
Insect,Colletidae,Leioproctus megadontus,,1,1
Insect,Buprestidae,Temognatha mitchellii,,1,3
Insect,Formicidae,Polyrhachis dives,Ant,1,1
Insect,Chrysomelidae,Peltoschema jucunda,,1,1
Insect,Noctuidae,Heliocheilus aberrans,Owlet Moth,1,1
Insect,Bittacidae,Harpobittacus tillyardi,Scorpionfly,1,1
Insect,Pentatomidae,Ocirrhoe inconspicua,Shield Bug,1,3
Insect,Zygaenidae,Myrtartona rufiventris,Forester Moth,1,5
Insect,Tortricidae,Authomaema pentacosma,,1,2
Insect,Mantidae,Archimantis brunneriana,,1,2
Insect,Cicadidae,Atrapsalta dolens,,1,3
Insect,Histeridae,Chlamydopsis striatipennis,,1,1
Insect,Oecophoridae,Hoplomorpha notatana,,1,2
Insect,Cleridae,Tarsostenodes bullatus,,1,1
Insect,Syrphidae,Odyneromyia transparens,,1,1
Insect,Lycaenidae,Liphyra brassolis,Moth Butterfly,1,2
Insect,Bombyliidae,Sisyromyia aurata,Bee Fly,1,3
Insect,Curculionidae,Hyperiosoma falcatum,,1,2
Insect,Oecophoridae,Nephogenes graphica,Concealer Moth,1,2
Insect,Cerambycidae,Xylotrechus reginae,,1,1
Insect,Cucujidae,Platisus bicolor,,1,2
Insect,Megachilidae,Megachile monkmani,Bee,1,2
Insect,Oecophoridae,Catacometes hemiscia,Concealer Moth,1,1
Insect,Flatidae,Mimophantia stictica,,1,1
Insect,Melyridae,Hypattalus exilis,,1,4
Insect,Gasteruptiidae,Gasteruption exile,,1,2
Insect,Depressariidae,Thudaca heterastis,,1,3
Insect,Tenebrionidae,Isopteron obscurum,,1,2
Insect,Tachinidae,Cylindromyia aurigans,,1,1
Insect,Pulicidae,Spilopsyllus cuniculi,,1,1
Insect,Geometridae,Dichromodes indicataria,Geometer Moth,1,6
Insect,Geometridae,Maxates tanygona,,1,1
Insect,Rhyparochromidae,Appolonius robustus,,1,2
Insect,Oecophoridae,Philobota atmopis,,1,1
Insect,Aulacidae,Pristaulacus flavoguttatus,,1,2
Insect,Aeshnidae,Austroaeschna pulchra,Forest Darner,1,6
Insect,Pentatomidae,Cuspicona angustizona,,1,3
Insect,Spongiphoridae,Spongovostox victoriae,,1,2
Insect,Tephritidae,Platensina zodiacalis,,1,1
Insect,Formicidae,Rhytidoponera punctata,,1,4
Insect,Pergidae,Eurys nitidus,Sawfly,1,3
Insect,Cicadellidae,Hecalus arcuatus,,1,1
Insect,Cerambycidae,Psilomorpha apicalis,,1,1
Insect,Lonchodidae,Candovia karasi,Karas’s Stick Insect,1,1
Insect,Geometridae,Hypodoxa deteriorata,,1,3
Insect,Cosmopterigidae,Cosmopterix attenuatella,,1,1
Insect,Pyralidae,Epicrocis metallopa,,1,4
Insect,Oecophoridae,Diasceta aeolias,Concealer Moth,1,2
Insect,Anthelidae,Pterolocera elizabetha,Lappet Moth,1,3
Insect,Chrysididae,Primeuchroeus biroi,,1,1
Insect,Tiphiidae,Zaspilothynnus scolioides,,1,1
Insect,Curculionidae,Neochetina bruchi,,1,3
Insect,Agromyzidae,Ophiomyia cornuta,,1,1
Insect,Pyralidae,Cadra reniformis,,1,2
Insect,Geometridae,Idaea probleta,Geometer Moth,1,1
Insect,Colletidae,Leioproctus recusus,,1,11
Insect,Formicidae,Epopostruma wardi,,1,1
Insect,Syrphidae,Eumerus aurifrons,,1,2
Insect,Aphalaridae,Cardiaspina textrix,Psyllid Bug,1,2
Insect,Ichneumonidae,Ceratomansa prima,,1,4
Insect,Mordellidae,Hoshihananomia vitticollis,,1,1
Insect,Acrididae,Russalpia albertisi,,1,1
Insect,Cleridae,Phlogistus lemoides,,1,1
Insect,Erebidae,Thallarcha isophragma,,1,1
Insect,Tineodidae,Euthrausta phoenicea,,1,1
Insect,Geometridae,Aponotoreas cheimatobiata,Geometer Moth,1,2
Insect,Oecophoridae,Notodryas vallata,Concealer Moth,1,5
Insect,Cleridae,Lemidia rufa,,1,2
Insect,Asilidae,Cophinopoda garnotii,,1,2
Insect,Therevidae,Taenogerella platina,Stiletto Fly,1,3
Insect,Braconidae,Phanerotoma behriae,,1,1
Insect,Geometridae,Furcatrox furneauxi,Geometer Moth,1,2
Insect,Miridae,Ommatodema leanum,Plant Bug,1,4
Insect,Tettigoniidae,Tympanophora pinnaroo,,1,3
Insect,Geometridae,Parepisparis virgatus,Geometer Moth,1,5
Insect,Crambidae,Scoparia syntaracta,Grass Moth,1,10
Insect,Cosmopterigidae,Limnaecia callimitris,,1,3
Insect,Mantispidae,Campion cruciferus,,1,3
Insect,Gelechiidae,Ardozyga eumela,,1,15
Insect,Tipulidae,Ptilogyna olliffi,Crane Fly,1,3
Insect,Pyralidae,Morosaphycita tridens,,1,1
Insect,Erebidae,Ophyx eurrhoa,,1,5
Insect,Scarabaeidae,Liparetrus concolor,,1,1
Insect,Curculionidae,Pelororhinus angustatus,,1,1
Insect,Scarabaeidae,Onthophagus dunningi,,1,4
Insect,Bombyliidae,Ligyra punctipennis,,1,1
Insect,Chrysomelidae,Calomela fulvilabris,,1,1
Insect,Pelecorhynchidae,Pelecorhynchus flavipennis,Snipe Fly,1,1
Insect,Aphalaridae,Cardiaspina albitextura,White Lace Lerp,1,19
Insect,Formicidae,Doleromyrma darwiniana,Brown House Ant,1,5
Insect,Syrphidae,Allobaccha siphanticida,,1,5
Insect,Myrmeleontidae,Myrmeleon pictifrons,,1,2
Insect,Cossidae,Zyganisus caliginosus,Australian Goat Moth,1,2
Insect,Oedemeridae,Danerces bicolor,,1,2
Insect,Euteliidae,Targalla scelerata,,1,1
Insect,Carabidae,Philophlaeus australis,,1,2
Insect,Notodontidae,Ortholomia moluccana,,1,2
Insect,Noctuidae,Bathytricha leonina,Owlet Moth,1,2
Insect,Menoponidae,Eomenopon denticulatum,,1,2
Insect,Phasmatidae,Anchiale spinicollis,Spiny Anchiale Stick-insect,1,2
Insect,Flatidae,Euphanta acuminata,,1,7
Insect,Geometridae,Gonodontis luteola,,1,1
Insect,Cerambycidae,Coptocercus robustus,,1,2
Insect,Acanthosomatidae,Andriscus telifer,,1,2
Insect,Tetrigidae,Tepperotettix reliqua,,1,1
Insect,Erebidae,Thallarcha epigypsa,Moth,1,3
Insect,Sepsidae,Parapalaeosepsis laffooni,,1,1
Insect,Buprestidae,Castiarina phaeopus,,1,1
Insect,Syrphidae,Graptomyza flavicollis,,1,1
Insect,Megachilidae,Megachile ignita,Bee,1,4
Insect,Erebidae,Tamba syndesma,,1,1
Insect,Formicidae,Colobostruma australis,Ant,1,3
Insect,Cerambycidae,Pachydissus picipennis,,1,2
Insect,Scarabaeidae,Sphaeroscelis pectoralis,,1,4
Insect,Phasmatidae,Anophelepis telesphorus,Short-winged Stick-insect,1,7
Insect,Formicidae,Mesostruma bella,Ant,1,1
Insect,Halictidae,Lasioglossum hemichalceum,Sweat Bee,1,12
Insect,Nymphalidae,Yoma sabina,Lurcher,1,1
Insect,Colletidae,Amphylaeus nubilosellus,Plasterer Bee,1,3
Insect,Noctuidae,Haplopseustis erythrias,,1,3
Insect,Geometridae,Dinophalus bathrosema,,1,2
Insect,Oecophoridae,Drepanocera microstigmata,Concealer Moth,1,1
Insect,Cantharidae,Chauliognathus tenuis,,1,4
Insect,Asilidae,Erythropogon ichneumoniformis,Robber Fly,1,1
Insect,Crambidae,Terastia subjectalis,,1,3
Insect,Megachilidae,Megachile mackayensis,,1,1
Insect,Sphingidae,Theretra turneri,,1,1
Insect,Tenebrionidae,Lagria cyanea,,1,2
Insect,Cerambycidae,Disterna concinna,,1,1
Insect,Cecidomyiidae,Skusemyia allocasuarinae,,1,4
Insect,Colletidae,Euryglossina pulchra,,1,2
Insect,Acrididae,Porraxia nana,,1,3
Insect,Noctuidae,Proteuxoa chrysospila,Owlet Moth,1,6
Insect,Liposcelididae,Liposcelis entomophila,,1,1
Insect,Aphididae,Periphyllus californiensis,California Maple Aphid,1,2
Insect,Syrphidae,Asiobaccha bicolor,,1,1
Insect,Geometridae,Aeolochroma unitaria,,1,1
Insect,Buprestidae,Pseudanilara piliventris,,1,1
Insect,Rhinotermitidae,Coptotermes frenchi,Subterranean Termite,1,1
Insect,Geometridae,Thallogama destinataria,,1,1
Insect,Geometridae,Amelora synclera,Geometer Moth,1,1
Insect,Staphylinidae,Australinus cyaneipennis,,1,1
Insect,Eriococcidae,Eremococcus turbinatus,,1,2
Insect,Aphalaridae,Cardiaspina brunnea,,1,1
Insect,Pentatomidae,Kalkadoona confinis,,1,2
Insect,Chrysomelidae,Arsipoda jocosa,,1,3
Insect,Gelechiidae,Ardozyga hilara,Twirler Moth,1,1
Insect,Dolichopodidae,Austrosciapus sarinensis,,1,2
Insect,Cleridae,Lemidia virgata,,1,2
Insect,Braconidae,Aphaereta aotea,,1,1
Insect,Oecophoridae,Hemibela actinodes,,1,2
Insect,Erebidae,Rhodina falculalis,Owlet Moth,1,4
Insect,Oecophoridae,Euchaetis inclusella,,1,2
Insect,Crambidae,Pseudonoorda metalloma,,1,3
Insect,Membracidae,Terentius convexus,Treehopper,1,2
Insect,Ichneumonidae,Leptophion yampus,,1,9
Insect,Chironomidae,Apsectrotanypus maculosus,Midge,1,2
Insect,Leucospidae,Leucospis atriceps,,1,6
Insect,Tortricidae,Meritastis lythrodana,,1,14
Insect,Gerridae,Aquarius antigone,Water Strider,1,9
Insect,Geometridae,Onycodes traumataria,Geometer Moth,1,1
Insect,Colletidae,Euryglossina atra,Plasterer Bee,1,1
Insect,Geometridae,Dichromodes triparata,,1,2
Insect,Pygidicranidae,Brindlensia jeekeli,,1,1
Insect,Clastopteridae,Hindoloides appendiculata,,1,1
Insect,Aphalaridae,Cardiaspina spinifera,,1,5
Insect,Reduviidae,Thelocoris nigricans,Assassin Bug,1,1
Insect,Tenthredinidae,Pontania proxima,Willow Redgall Sawfly,1,1
Insect,Oecophoridae,Garrha rubella,,1,6
Insect,Chrysomelidae,Chalcomela cupripennis,,1,2
Insect,Oecophoridae,Barea synchyta,,1,2
Insect,Chrysomelidae,Paropsisterna subcostata,,1,1
Insect,Tephritidae,Quasicooronga connecta,Primitive Crane Fly,1,3
Insect,Ichneumonidae,Dimophora diabolica,,1,4
Insect,Lauxaniidae,Poecilohetaerus albolineatus,Acalyptrate Fly,1,2
Insect,Noctuidae,Diplonephra ditata,,1,1
Insect,Encyrtidae,Metaphycus maculipennis,,1,1
Insect,Tenebrionidae,Homotrysis lugubris,,1,16
Insect,Pteromalidae,Agamerion metallicum,,1,2
Insect,Curculionidae,Amasa truncata,,1,5
Insect,Cerambycidae,Aesiotyche favosa,,1,2
Insect,Buprestidae,Castiarina decipiens,,1,1
Insect,Tachinidae,Rutilia simplex,Horse Fly,1,3
Insect,Hesperiidae,Toxidia andersoni,Anderson's Skipper,1,1
Insect,Geometridae,Pachyplocia loxocyma,,1,1
Insect,Morabidae,Callitala major,,1,3
Insect,Colletidae,Hylaeus accipitris,Plasterer Bee,1,1
Insect,Chrysomelidae,Cheiloxena insignis,,1,1
Insect,Diapriidae,Acanthobetyla tooloomensis,Parasitoid Wasp,1,1
Insect,Curculionidae,Neolaemosaccus notatus,,1,1
Insect,Tachinidae,Amphibolia assimilis,Horse Fly,1,2
Insect,Scarabaeidae,Ataenius picinus,Pitchy Scarab,1,1
Insect,Erebidae,Heterormista psammochroa,,1,1
Insect,Oecophoridae,Barea discincta,Concealer Moth,1,1
Insect,Sesiidae,Synanthedon tipuliformis,Currant Borer Moth,1,5
Insect,Tortricidae,Strepsicrates ejectana,Guava Bud Moth,1,3
Insect,Chironomidae,Chironomus calipterus,Midge,1,1
Insect,Cerambycidae,Xylotrechus australis,,1,1
Insect,Thripidae,Frankliniella occidentalis,Western Flower Thrips,1,1
Insect,Geometridae,Dichromodes euprepes,,1,1
Insect,Gasteruptiidae,Gasteruption spinigerum,,1,3
Insect,Therevidae,Anabarhynchus misellus,,1,1
Insect,Yloryctidae,Xylomimetes scholastis,,1,1
Insect,Oecophoridae,Eulechria platyrrhabda,,1,2
Insect,Achilidae,Pyrrhyllis laevifrons,,1,1
Insect,Colletidae,Leioproctus cyaneorufus,,1,1
Insect,Pentatomidae,Poecilotoma grandicornis,Shield Bug,1,1
Insect,Cerambycidae,Arhopalus rusticus,,1,7
Insect,Crambidae,Nacoleia alincia,,1,3
Insect,Lygaeidae,Melanerythrus mutilatus,Bug,1,1
Insect,Pyralidae,Cryptoblabes plagioleuca,,1,8
Insect,Geometridae,Drymoptila temenitis,Geometer Moth,1,5
Insect,Crambidae,Palpita pajnii,,1,1
Insect,Megastigmidae,Megastigmus voltairei,,1,1
Insect,Cosmopterigidae,Trachydora pygaea,,1,9
Insect,Acrididae,Stenocatantops keyi,,1,3
Insect,Tortricidae,Peraglyphis chalepa,,1,1
Insect,Miridae,Acrorrhinium spicatus,,1,3
Insect,Notodontidae,Pheraspis symmetra,,1,1
Insect,Ichneumonidae,Theronia steindachneri,,1,5
Insect,Lasiocampidae,Porela albifinis,White-tailed Porela,1,2
Insect,Tineidae,Mimoscopa ochetaula,,1,2
Insect,Aphididae,Essigella californica,Aphid,1,1
Insect,Blattellidae,Johnrehnia tibiarubrum,,1,1
Insect,Coenagrionidae,Pseudagrion lucifer,Citrine-headed Riverdamsel,1,1
Insect,Scarabaeidae,Corynophyllus fortnumi,,1,2
Insect,Gelechiidae,Ardozyga scytina,,1,2
Insect,Hepialidae,Aenetus simonseni,,1,1
Insect,Gracillariidae,Acrocercops hedymopa,,1,2
Insect,Syrphidae,Graptomyza doddi,,1,1
Insect,Acroceridae,Pterodontia davisi,,1,2
Insect,Crambidae,Patissa stenopteralis,,1,2
Insect,Lauxaniidae,Meiosimyza appula,Acalyptrate Fly,1,4
Insect,Ascalaphidae,Stilbopteryx costalis,,1,2
Insect,Formicidae,Amblyopone longidens,Ant,1,3
Insect,Curculionidae,Lixus cardui,Thistle Stemborer Weevil,1,9
Insect,Geometridae,Scopula innocens,,1,1
Insect,Nymphidae,Myiodactylus osmyloides,,1,1
Insect,Tortricidae,Dichelopa tarsodes,,1,1
Insect,Psychidae,Ardiosteres velutinana,,1,2
Insect,Formicidae,Monomorium pharaonis,Pharaoh Ant,1,4
Insect,Limoniidae,Limnophila kershawi,Crane Fly,1,1
Insect,Lasiocampidae,Pinara obliqua,Lappet Moth,1,4
Insect,Tineidae,Edosa meliphanes,Fungus Moth,1,1
Insect,Lasiocampidae,Porela subfasciata,Lappet Moth,1,2
Insect,Tephritidae,Euaresta bullans,The Bathurst Burr Fly,1,4
Insect,Blaberidae,Molytria inquinata,,1,1
Insect,Pyralidae,Salma mnesibrya,,1,1
Insect,Oecophoridae,Barea xanthocoma,,1,1
Insect,Belostomatidae,Lethocerus distinctifemur,,1,1
Insect,Scarabaeidae,Phyllochlaenia villosus,,1,2
Insect,Cerambycidae,Atesta chiangi,,1,3
Insect,Muscidae,Helina imitatrix,,1,1
Insect,Cerambycidae,Coptocercus orientalis,,1,1
Insect,Meinertellidae,Machiloides hickmani,,1,1
Insect,Halictidae,Lipotriches moerens,Sweat Bee,1,1
Insect,Erebidae,Acontia crocata,,1,2
Insect,Tettigoniidae,Metaballus mucronatus,,1,1
Insect,Geometridae,Mnesampela heliochrysa,Geometer Moth,1,5
Insect,Milichiidae,Stomosis vittata,,1,1
Insect,Therevidae,Agapophytus lyneborgi,,1,1
Insect,Cleridae,Neoscrobiger patricius,,1,2
Insect,Chrysomelidae,Trachymela victoriae,,1,1
Insect,Erebidae,Amerila alberti,,1,1
Insect,Cerambycidae,Hesthesis plorator,,1,4
Insect,Tipulidae,Leptotarsus imperatorius,Crane Fly,1,1
Insect,Oecophoridae,Phauloplana illuta,Concealer Moth,1,18
Insect,Vespidae,Delta nigritarse,,1,2
Insect,Pentatomidae,Cuspicona eremophilae,,1,1
Insect,Cerambycidae,Trichomesia newmani,,1,4
Insect,Depressariidae,Agriophara atratella,,1,1
Insect,Hemerobiidae,Zachobiella submarginata,,1,7
Insect,Oecophoridae,Corynotricha antipodella,Concealer Moth,1,4
Insect,Therevidae,Nanexila armeniacum,,1,2
Insect,Diaspididae,Furcaspis cladii,,1,3
Insect,Curculionidae,Mandalotus sterilis,,1,2
Insect,Cerambycidae,Distichocera macleayii,,1,3
Insect,Yloryctidae,Lichenaula undulatella,,1,2
Insect,Libellulidae,Nannophlebia eludens,Elusive Archtail,1,1
Insect,Erebidae,Grammodes pulcherrima,Owlet Moth,1,6
Insect,Diapriidae,Acanthobetyla cerbera,,1,5
Insect,Hepialidae,Oncopera rufobrunnea,Ghost Moth,1,17
Insect,Cerambycidae,Syllitus tabidus,,1,4
Insect,Pentatomidae,Ocirrhoe wilsoni,Shield Bug,1,8
Insect,Pseudophyllodromiidae,Balta fratercula,,1,7
Insect,Crabronidae,Argogorytes rubrosignatus,,1,5
Insect,Halictidae,Lasioglossum tertium,Sweat Bee,1,9
Insect,Oecophoridae,Eulechria rhymodes,,1,7
Insect,Tabanidae,Copidapha quadrimacula,,1,4
Insect,Dytiscidae,Lancetes lanceolatus,Diving Beetle,1,7
Insect,Tipulidae,Leptotarsus igniceps,Crane Fly,1,4
Insect,Cerambycidae,Strongylurus cretifer,Silverbirch Branchcutter,1,6
Insect,Notodontidae,Paradestolmia nigrolinea,,1,5
Insect,Diaspididae,Aulacaspis tubercularis,,1,7
Insect,Anthribidae,Ancylotropis waterhousei,,1,4
Insect,Argiolestidae,Austroargiolestes isabellae,Sydney Flatwing,1,8
Insect,Acrididae,Daperria bermioides,,1,4
Insect,Mantispidae,Calomantispa venusta,,1,4
Insect,Colletidae,Dasyhesma scholtziae,,1,4
Insect,Synthemistidae,Eusynthemis tillyardi,Mountain Tigertail,1,3
Insect,Yloryctidae,Illidgea epigramma,,1,16
Insect,Noctuidae,Neumichtis mesophaea,Owlet Moth,1,6
Insect,Chrysomelidae,Paropsisterna amoena,,1,5
Insect,Curculionidae,Tapinocis subapicalis,,1,3
Insect,Tineidae,Erechthias epomadia,,1,3
Insect,Cantharidae,Heteromastix pauxillus,,1,3
Insect,Colletidae,Euryglossina argocephala,,1,4
Insect,Thyrididae,Hypolamprus melilialis,,1,3
Insect,Aphalaridae,Ctenarytaina eucalypti,Bluegum Psyllid Bug,1,4
Insect,Megachilidae,Megachile mystacea,,1,6
Insect,Anthribidae,Taburnus tessellatus,,1,3
Insect,Heteromyzidae,Tapeigaster subglabra,Fly,1,3
Insect,Scarabaeidae,Phyllotocus kingii,,1,5
Insect,Chrysomelidae,Paropsisterna irina,,1,7
Insect,Braconidae,Callibracon limbatus,,1,4
Insect,Cerambycidae,Thoris sexguttata,,1,3
Insect,Rhinotermitidae,Schedorhinotermes seclusus,,1,3
Insect,Geometridae,Eccymatoge aorista,,1,5
Insect,Vespidae,Ropalidia impetuosa,Wasp,1,4
Insect,Cicadidae,Yoyetta subalpina,,1,4
Insect,Curculionidae,Iptergonus cionoides,,1,8
Insect,Asilidae,Neoscleropogon nicoteles,,1,3
Insect,Formicidae,Colobostruma unicorna,,1,3
Insect,Tachinidae,Amphitropesa elegans,Horse Fly,1,3
Insect,Cerambycidae,Nenenia aurulenta,,1,3
Insect,Eriococcidae,Apiomorpha thorntoni,,1,3
Insect,Curculionidae,Listroderes foveatus,,1,4
Insect,Asilidae,Reburrus bancrofti,,1,5
Insect,Pyralidae,Copamyntis infusella,,1,4
Insect,Reduviidae,Pristhesancus nigritus,,1,3
Insect,Cerambycidae,Cnemoplites australis,,1,5
Insect,Acrididae,Brachyexarna lobipennis,,1,19
Insect,Tropiduchidae,Salona panorpaepennis,,1,5
Insect,Mydidae,Diochlistus mitis,,1,2
Insect,Crambidae,Scoparia melanoxantha,,1,2
Insect,Scarabaeidae,Heteronyx dimidiata,,1,16
Insect,Cicadidae,Illyria hilli,,1,2
Insect,Diaspididae,Lindingaspis rossi,Araucaria Black Scale Insect,1,3
Insect,Carabidae,Carenum marginatum,,1,2
Insect,Bombyliidae,Kapu adelaidica,,1,2
Insect,Psychidae,Lepidoscia chrysura,,1,5
Insect,Gracillariidae,Macarostola polyplaca,,1,2
Insect,Platystomatidae,Euprosopia subula,,1,2
Insect,Tetrigidae,Paratettix spathulatus,,1,3
Insect,Crabronidae,Austrogorytes frenchii,Wasp,1,2
Insect,Diaspididae,Aspidiotus nerii,Ivy Scale,1,2
Insect,Zopheridae,Docalis funerosa,,1,4
Insect,Curculionidae,Hexymus australis,,1,2
Insect,Tenebrionidae,Prophanes simplex,,1,7
Insect,Cerambycidae,Rhinophthalmus parvus,,1,2
Insect,Ichneumonidae,Syzeuctus insolitus,,1,4
Insect,Chrysomelidae,Aporocera chrysomelina,,1,2
Insect,Silvanidae,Silvanoprus scuticollis,,1,2
Insect,Tenebrionidae,Cyphaleus metallescens,,1,2
Insect,Crambidae,Sedenia rupalis,Grass Moth,1,5
Insect,Flatidae,Colgaroides viridis,,1,2
Insect,Tenebrionidae,Metriolagria formicicola,,1,3
Insect,Tachinidae,Rutilia cingulata,,1,8
Insect,Coccinellidae,Bucolus cirrhosus,,1,2
Insect,Chrysomelidae,Cassida sexguttata,,1,4
Insect,Curculionidae,Merimnetes simplicipennis,,1,2
Insect,Batrachedridae,Batrachedra trimeris,,1,3
Insect,Curculionidae,Acantholophus suturalis,,1,4
Insect,Nolidae,Nola lechriopa,,1,2
Insect,Oecophoridae,Eulechria absona,,1,2
Insect,Aulacidae,Aulacus dandenongensis,,1,3
Insect,Tenebrionidae,Amarygmus variolaris,,1,2
Insect,Chrysomelidae,Calomela vittata,,1,47
Insect,Oecophoridae,Euchaetis habrocosma,Concealer Moth,1,2
Insect,Megalyridae,Megalyra rufipes,Wasp,1,3
Insect,Pentatomidae,Arniscus humeralis,,1,2
Insect,Tachinidae,Gerocyptera fenestrata,,1,2
Insect,Oecophoridae,Palimmeces hemiphanes,,1,3
Insect,Tortricidae,Isochorista encotodes,,1,4
Insect,Lecithoceridae,Lecithocera cyamitis,,1,2
Insect,Oecophoridae,Hemibela tyranna,Concealer Moth,1,3
Insect,Ptinidae,Ernobius mollis,Pine Bark Anobiid Beetle,1,7
Insect,Melyridae,Carphurus longicollis,,1,3
Insect,Crambidae,Glaucocharis pogonias,,1,3
Insect,Ichneumonidae,Enicospilus dubitator,,1,3
Insect,Curculionidae,Atelicus brevicornis,,1,2
Insect,Conopidae,Physocephala nigrotestacea,Kelp Fly,1,3
Insect,Tortricidae,Acmosara polyxena,,1,4
Insect,Cerambycidae,Ochyra coarctata,,1,2
Insect,Therevidae,Nanexila lutea,,1,2
Insect,Miridae,Creontiades pacificus,,1,3
Insect,Colletidae,Hylaeus lateralis,Plasterer Bee,1,5
Insect,Tenebrionidae,Cheirodes sardous,,1,3
Insect,Pieridae,Catopsilia scylla,Orange Migrant,1,3
Insect,Thaumastocoridae,Baclozygum brachypterum,Bug,1,2
Insect,Tipulidae,Ischnotoma rubriventris,Crane Fly,1,2
Insect,Choreutidae,Choreutis melanopepla,,1,2
Insect,Oecophoridae,Barea semocausta,Concealer Moth,1,3
Insect,Psychidae,Lepidoscia phaulodes,,1,2
Insect,Megachilidae,Megachile simplex,Bee,1,3
Insect,Noctuidae,Ectopatria xerampelina,,1,4
Insect,Mydidae,Miltinus stenogaster,,1,2
Insect,Blaberidae,Calolampra marginalis,,1,3
Insect,Oecophoridae,Garrha limbata,Concealer Moth,1,6
Insect,Pieridae,Eurema herla,Macleay's Grass Yellow,1,7
Insect,Depressariidae,Acraephnes litodes,,1,2
Insect,Scarabaeidae,Phyllotocus erythropterus,,1,4
Insect,Therevidae,Acupalpa albitarsa,,1,3
Insect,Curculionidae,Ancyttalia tarsalis,,1,2
Insect,Hesperiidae,Suniana lascivia,Dingy Grass-dart,1,4
Insect,Oecophoridae,Mionolena euxantha,Concealer Moth,1,2
Insect,Syrphidae,Citrogramma notiale,,1,2
Insect,Latridiidae,Cartodere nodifer,Brown Scavenger Beetle,1,4
Insect,Geometridae,Nearcha ursaria,Geometer Moth,1,3
Insect,Curculionidae,Pelororhinus crassus,Horse-nosed Weevil,1,3
Insect,Tineidae,Erechthias acontotypa,,1,2
Insect,Tettigoniidae,Ozphyllum naskreckii,,1,2
Insect,Chrysomelidae,Mecynodera coxalgica,,1,8
Insect,Cryptophagidae,Chilatomaria australis,,1,2
Insect,Chironomidae,Cricotopus parbicinctus,,1,2
Insect,Formicidae,Pseudonotoncus hirsutus,Ant,1,2
Insect,Pergidae,Phylacteophaga eucalypti,Sawfly,1,3
Insect,Cicadellidae,Rosopaella leurensis,Leafhopper,1,12
Insect,Formicidae,Camponotus pawseyi,,1,3
Insect,Tenebrionidae,Coripera ocellata,,1,2
Insect,Chironomidae,Megacentron erebeum,Midge,1,2
Insect,Carabidae,Sphallomorpha ruficollis,,1,10
Insect,Syrphidae,Allobaccha monobia,,1,3
Insect,Gelechiidae,Ardozyga phasianis,,1,3
Insect,Noctuidae,Periopta diversa,,1,5
Insect,Aeshnidae,Austroaeschna subapicalis,Conehead Darner,1,4
Insect,Depressariidae,Pedois humerana,Moth,1,4
Insect,Therevidae,Agapophytus atrilaticlavius,,1,2
Insect,Colletidae,Pachyprosopis xanthodonta,Plasterer Bee,1,2
Insect,Pergidae,Perga dahlbomii,,1,2
Insect,Formicidae,Meranoplus ferrugineus,,1,2
Insect,Crambidae,Pygospila bivittalis,,1,3
Insect,Curculionidae,Tepperia brachychitonis,,1,4
Insect,Scarabaeidae,Onitis aygulus,,1,5
Insect,Therevidae,Neodialineura litura,,1,11
Insect,Erebidae,Epicyrtica lathridia,Owlet Moth,1,5
Insect,Geometridae,Dichromodes orthotis,,1,3
Insect,Crambidae,Pycnarmon meritalis,,1,2
Insect,Dermestidae,Eurhopalus friar,,1,3
Insect,Coccinellidae,Scymnus blackburni,,1,2
Insect,Tenebrionidae,Seirotrana catenulata,,1,3
Insect,Cerambycidae,Phoracantha mitchelli,,1,2
Insect,Erebidae,Euzora collucens,,1,2
Insect,Aphalaridae,Cryptoneossa triangula,,1,2
Insect,Geometridae,Eucyclodes fascinans,,1,2
Insect,Cossidae,Endoxyla macleayi,,1,2
Insect,Cecidomyiidae,Actilasioptera pustulata,,1,2
Insect,Ichneumonidae,Labium inflexum,,1,8
Insect,Crambidae,Tawhitia pentadactylus,,1,4
Insect,Buprestidae,Castiarina anchoralis,,1,2
Insect,Ichneumonidae,Akymichneumon rufipes,,1,3
Insect,Cerambycidae,Eburophora octoguttata,,1,3
Insect,Carabidae,Adelotopus dubius,,1,2
Insect,Scarabaeidae,Bubas bison,,1,7
Insect,Elipsocidae,Pentacladus eucalypti,,1,2
Insect,Tiphiidae,Guerinius shuckardi,,1,3
Insect,Cecidomyiidae,Asphondylia tecticorniae,Gall Gnat,1,6
Insect,Lucanidae,Lissotes cancroides,,1,3
Insect,Oecophoridae,Metaphrastis acrochalca,,1,3
Insect,Coccinellidae,Harmonia axyridis,Harlequin Ladybird,1,5
Insect,Bombyliidae,Anthrax crenatus,Bee Fly,1,4
Insect,Therevidae,Agapophytus dioctriaeformis,Stiletto Fly,1,2
Insect,Morabidae,Geckomima brevirostris,,1,3
Insect,Erebidae,Calathusa eremna,,1,2
Insect,Psychodidae,Brunettia alternata,Moth Fly,1,1
Insect,Curculionidae,Perperus innocuus,Broad-backed Vine Weevil,1,1
Insect,Iphydriidae,Austrocyrta australiensis,Wood Wasp,1,1
Insect,Carabidae,Sarothrocrepis melanopyga,,1,1
Insect,Curculionidae,Rhabdoscelus interstitialis,,1,2
Insect,Lauxaniidae,Meiosimyza lineata,Acalyptrate Fly,1,1
Insect,Gasteruptiidae,Gasteruption breviscutum,,1,2
Insect,Buprestidae,Castiarina militaris,Jewel Beetle,1,3
Insect,Oecophoridae,Artiastis tepida,Concealer Moth,1,1
Insect,Braconidae,Sathon oreo,,1,1
Insect,Carabidae,Scaraphites hirtipes,,1,1
Insect,Membracidae,Acanthucalis macalpini,,1,1
Insect,Belidae,Araiobelus acicularis,,1,1
Insect,Lacturidae,Lactura sapotearum,,1,2
Insect,Melyridae,Dicranolaius flavonotatus,,1,3
Insect,Sphecidae,Isodontia nigella,,1,1
Insect,Chrysomelidae,Aporocera vermicularis,,1,1
Insect,Oecophoridae,Eremnotypa steriphota,Concealer Moth,1,2
Insect,Ceratopogonidae,Culicoides marksi,,1,1
Insect,Formicidae,Strumigenys zygon,,1,1
Insect,Aphididae,Tuberculatus annulatus,Oak Aphid,1,1
Insect,Cerambycidae,Rhytiphora waterhousei,,1,1
Insect,Oecophoridae,Machetis plagiozona,,1,1
Insect,Buprestidae,Temognatha bruckii,,1,1
Insect,Blattellidae,Hensaussurea halmaturina,,1,1
Insect,Cerambycidae,Pachydissus boops,,1,1
Insect,Lonchodidae,Hyrtacus tuberculatus,Lobed-abdomen Stick-insect,1,1
Insect,Tortricidae,Epiphyas eucyrta,,1,1
Insect,Erebidae,Calathusa stenophylla,,1,1
Insect,Buprestidae,Castiarina robusta,,1,1
Insect,Flatidae,Colgar surrectum,,1,1
Insect,Curculionidae,Pelororhinus caudatus,,1,1
Insect,Keroplatidae,Lygistorrhina insignis,,1,1
Insect,Curculionidae,Achopera maculata,,1,7
Insect,Curculionidae,Thaumastophasis bicolor,,1,1
Insect,Glyphipterigidae,Glyphipterix platydisema,,1,1
Insect,Delphacidae,Tagosodes pusanus,,1,1
Insect,Liopteridae,Dallatorrella rubriventris,,1,1
Insect,Cleridae,Lemidia obliquefasciata,,1,3
Insect,Cerambycidae,Uracanthus pallens,,1,1
Insect,Pyralidae,Ephestia elutella,Tobacco Moth,1,11
Insect,Erebidae,Ericeia goniosema,,1,1
Insect,Dermestidae,Dermestes haemorrhoidalis,,1,3
Insect,Erebidae,Euproctis stenomorpha,,1,1
Insect,Platypezidae,Lindneromyia fergusoni,Fly,1,3
Insect,Curculionidae,Decilaus suturalis,,1,2
Insect,Limacodidae,Eloasa callidesma,,1,1
Insect,Noctuidae,Ectopatria virginea,,1,1
Insect,Aphididae,Idiopterus nephrelepidis,Maidenhair Fern Aphid,1,1
Insect,Curculionidae,Isax planipennis,,1,1
Insect,Derbidae,Lydda lumholtzi,,1,1
Insect,Pygidicranidae,Cranopygia lueddemanni,,1,2
Insect,Chrysomelidae,Trachymela tincticollis,,1,1
Insect,Myrmeleontidae,Australeon illustris,,1,1
Insect,Oecophoridae,Barea turbatella,Concealer Moth,1,1
Insect,Tineidae,Acridotarsa celsella,,1,2
Insect,Oecophoridae,Eulechria psilopla,Concealer Moth,1,1
Insect,Bombyliidae,Munjua paralutea,,1,1
Insect,Tenebrionidae,Titaena columbina,,1,1
Insect,Buprestidae,Agrilus echidna,,1,1
Insect,Geometridae,Hypographa aristarcha,Geometer Moth,1,1
Insect,Crambidae,Hylebatis scintillifera,,1,1
Insect,Mutillidae,Ephutomorpha fulvocrinita,,1,1
Insect,Ectobiidae,Ectoneura pallidula,,1,2
Insect,Geometridae,Syneora nigrilinea,,1,1
Insect,Halictidae,Nomia swainsoniae,,1,3
Insect,Colletidae,Leioproctus elegans,Plasterer Bee,1,2
Insect,Aleyrodidae,Pseudosynaleurodicus mayoi,,1,1
Insect,Opostegidae,Opostega xenodoxa,,1,1
Insect,Reduviidae,Gattonocoris horridus,Assassin Bug,1,1
Insect,Chrysomelidae,Diachus auratus,,1,3
Insect,Buprestidae,Dinocephalia thoracica,,1,2
Insect,Tenebrionidae,Pterohelaeus laticollis,,1,2
Insect,Erebidae,Threnosia myochroa,Moth,1,5
Insect,Miridae,Setocoris droserae,,1,1
Insect,Formicidae,Crematogaster rufotestacea,,1,1
Insect,Cossidae,Endoxyla mackeri,Carpenter Moth,1,2
Insect,Acrididae,Perunga ochracea,The Perunga,1,52
Insect,Tettigoniidae,Nanodectes harpax,Small Shieldbacked Katydid,1,2
Insect,Anthicidae,Pseudocyclodinus unifasciatus,,1,1
Insect,Geometridae,Fisera halurga,,1,2
Insect,Chrysomelidae,Eboo viridula,,1,4
Insect,Pyralidae,Endotricha pyrrhocosma,,1,1
Insect,Therevidae,Agapophytus annamariae,,1,1
Insect,Halictidae,Lasioglossum littleri,Sweat Bee,1,1
Insect,Halictidae,Lasioglossum brazieri,Sweat Bee,1,2
Insect,Culicidae,Anopheles novaguinensis,,1,1
Insect,Thyrididae,Abrotesia griphodes,,1,2
Insect,Chironomidae,Cricotopus annuliventris,Midge,1,1
Insect,Cerambycidae,Rhytiphora pardalis,,1,2
Insect,Dytiscidae,Hyphydrus lyratus,Diving Beetle,1,1
Insect,Gasteruptiidae,Gasteruption peregrinum,,1,1
Insect,Syrphidae,Microdon amabilis,,1,1
Insect,Therevidae,Acupalpa dolichorhyncha,,1,2
Insect,Crambidae,Musotima acrias,,1,2
Insect,Crambidae,Metasia xenogama,,1,1
Insect,Geometridae,Problepsis clemens,,1,1
Insect,Limacodidae,Eloasa symphonistis,,1,1
Insect,Cicadellidae,Anzygina zealandica,Yellow Leafhopper,1,2
Insect,Culicidae,Aedes alboscutellatus,,1,2
Insect,Eriococcidae,Ascelis praemollis,,1,3
Insect,Erebidae,Hectobrocha adoxa,Moth,1,1
Insect,Cecidomyiidae,Asphondylia glabrigerminis,Gall Gnat,1,1
Insect,Carabidae,Sarothrocrepis distinguenda,,1,1
Insect,Pyralidae,Hypsipyla robusta,,1,1
Insect,Geometridae,Mochlotona phasmatias,Geometer Moth,1,1
Insect,Hyblaeidae,Hyblaea puera,,1,2
Insect,Buprestidae,Castiarina carminea,,1,1
Insect,Termitidae,Paracapritermes kraepelinii,,1,1
Insect,Crabronidae,Exeirus lateritius,Cicada Killer,1,1
Insect,Formicidae,Tetramorium turneri,,1,1
Insect,Tachinidae,Rutilia lepida,Horse Fly,1,1
Insect,Chalcididae,Brachymeria lasus,,1,1
Insect,Bibionidae,Dilophus tersus,,1,1
Insect,Tachinidae,Ceromya fergusoni,,1,1
Insect,Pentatomidae,Caystrus pallidolimbatus,,1,1
Insect,Sphingidae,Macroglossum nubilum,,1,1
Insect,Tropiduchidae,Tambinia sexmaculata,,1,1
Insect,Tetrigidae,Cyphotettix camelus,,1,3
Insect,Limoniidae,Rhipidia pallidistigma,,1,2
Insect,Staphylinidae,Scaphidium distinctum,,1,1
Insect,Cydnidae,Blaena coarctata,Shield Bug,1,1
Insect,Crambidae,Glyphodes canthusalis,,1,2
Insect,Geometridae,Xanthorhoe anthracinata,Geometer Moth,1,2
Insect,Formicidae,Iridomyrmex sucheroides,Ant,1,1
Insect,Cerambycidae,Atesta sita,,1,1
Insect,Blaberidae,Calolampra subgracilis,Cockroach,1,1
Insect,Buprestidae,Prospheres aurantiopictus,,1,1
Insect,Geometridae,Homospora rhodoscopa,,1,2
Insect,Geometridae,Neoteristis paraphanes,Geometer Moth,1,1
Insect,Phasmatidae,Pachymorpha squalida,Rough Pachymorpha Stick-insect,1,3
Insect,Bibionidae,Plecia amplipennis,,1,2
Insect,Lauxaniidae,Sapromyza griseadorsalis,,1,1
Insect,Thyrididae,Striglina meridiana,,1,1
Insect,Geometridae,Amelora leucaniata,Geometer Moth,1,1
Insect,Figitidae,Xyalaspis victoriensis,Parasitoid Wasp,1,2
Insect,Rhyparochromidae,Euander multicoloratus,,1,1
Insect,Noctuidae,Acrapex albicostata,Owlet Moth,1,3
Insect,Curculionidae,Sitophilus zeamais,Maize Weevil,1,1
Insect,Formicidae,Anonychomyrma froggatti,,1,1
Insect,Ichneumonidae,Certonotus geniculatus,,1,1
Insect,Pyralidae,Persicoptera iochyta,,1,1
Insect,Chrysomelidae,Longitarsus jacobaeae,Tansy Ragwort Flea Beetle,1,1
Insect,Acrididae,Praxibulus laminatus,,1,1
Insect,Pterophoridae,Deuterocopus socotranus,,1,1
Insect,Chrysomelidae,Paropsis affinis,,1,2
Insect,Dytiscidae,Rhantaticus congestus,Diving Beetle,1,1
Insect,Anisolabididae,Anisolabis flavocapitata,,1,1
Insect,Lucanidae,Syndesus macleayi,,1,1
Insect,Pyralidae,Homoeosoma contracta,,1,1
Insect,Chrysomelidae,Paropsis confusa,,1,1
Insect,Stathmopodidae,Aeoloscelis pachyceros,,1,1
Insect,Pseudophyllodromiidae,Balta yorkensis,,1,3
Insect,Erebidae,Grammodes oculata,,1,3
Insect,Cecidomyiidae,Resseliella xanthorrhoeae,,1,1
Insect,Crambidae,Mabra eryxalis,,1,1
Insect,Staphylinidae,Anotylus brunneipennis,,1,2
Insect,Triozidae,Schedotrioza multitudinea,Jumping Plant Louse,1,1
Insect,Vespidae,Polistes erythrinus,Wasp,1,3
Insect,Tortricidae,Rupicolana stereodes,,1,2
Insect,Oecophoridae,Phytotrypa pretiosella,Concealer Moth,1,1
Insect,Tabanidae,Tabanus strangmannii,,1,1
Insect,Geometridae,Amelora belemnophora,Geometer Moth,1,1
Insect,Crabronidae,Sphodrotes cygnorum,,1,1
Insect,Tenebrionidae,Chalcopteroides iridicolor,,1,3
Insect,Therevidae,Agapophytus asprolepidotos,,1,1
Insect,Carabidae,Helluo costatus,,1,1
Insect,Cleridae,Astigmus specularis,,1,1
Insect,Buprestidae,Temognatha lessonii,,1,3
Insect,Gelechiidae,Dichomeris peristylis,,1,1
Insect,Eulophidae,Pseudiglyphus grotiusi,,1,1
Insect,Oecophoridae,Garrha spatiosa,Concealer Moth,1,1
Insect,Formicidae,Polyrhachis maculata,,1,3
Insect,Lasiocampidae,Pararguda albida,,1,1
Insect,Cicadellidae,Ipoides loranthae,,1,1
Insect,Coccidae,Pulvinaria floccifera,Cottony Camellia Scale,1,1
Insect,Tephritidae,Bactrocera bryoniae,,1,2
Insect,Cerambycidae,Phoracantha elegans,,1,2
Insect,Cicadellidae,Ectopiocephalus australis,Leafhopper,1,1
Insect,Formicidae,Camponotus loweryi,,1,1
Insect,Aradidae,Neuroctenus woodwardi,,1,2
Insect,Noctuidae,Hecatesia thyridion,Southern Whistling Moth,1,1
Insect,Cerambycidae,Rhytiphora oblitus,,1,1
Insect,Oecophoridae,Pholeutis neolecta,Concealer Moth,1,1
Insect,Oecophoridae,Tortricopsis aulacois,Concealer Moth,1,10
Insect,Cerambycidae,Zoedia gracilipes,,1,1
Insect,Formicidae,Pheidole anthracina,Ant,1,2
Insect,Formicidae,Prolasius convexus,,1,1
Insect,Cossidae,Sympycnodes digitata,Carpenter Moth,1,1
Insect,Diaspididae,Aulacaspis rosae,,1,1
Insect,Tephritidae,Cooronga mcalpinei,,1,1
Insect,Tiphiidae,Tachynomyia uniformis,,1,1
Insect,Formicidae,Metapone tillyardi,,1,1
Insect,Scarabaeidae,Colymbomorpha lineata,,1,2
Insect,Psychidae,Lomera boisduvalii,Bagworm Moth,1,1
Insect,Depressariidae,Agriophara levis,,1,1
Insect,Curculionidae,Tranes sparsus,,1,1
Insect,Oecophoridae,Chrysonoma euchrysa,,1,1
Insect,Tettigoniidae,Mygalopsis marki,,1,2
Insect,Tortricidae,Lobesia arescophanes,,1,1
Insect,Phycosecidae,Phycosecis litoralis,,1,1
Insect,Formicidae,Myrmecorhynchus nitidus,Ant,1,1
Insect,Nitidulidae,Brachypeplus planus,,1,2
Insect,Chloropidae,Apotropina ornatipennis,Frit Fly,1,1
Insect,Gracillariidae,Gibbovalva tricuneatella,,1,1
Insect,Therevidae,Agapophytus biluteus,,1,2
Insect,Reduviidae,Coranus callosus,Assassin Bug,1,2
Insect,Carabidae,Notonomus carinulatus,,1,4
Insect,Curculionidae,Anorthorhinus pictipes,,1,1
Insect,Asilidae,Thereutria tessellata,Robber Fly,1,2
Insect,Curculionidae,Sitophilus granarius,Granary Weevil,1,2
Insect,Vespidae,Polistes tepidus,Wasp,1,1
Insect,Pyralidae,Stericta bryomima,,1,1
Insect,Cerambycidae,Ectosticta ornata,,1,2
Insect,Hesperiidae,Toxidia xiphiphora,Xiphiphora Skipper,1,1
Insect,Pentatomidae,Ippatha australiensis,Shield Bug,1,1
Insect,Scelionidae,Triteleia valida,,1,1
Insect,Colletidae,Euryglossina angulifacies,,1,2
Insect,Chrysomelidae,Peltoschema substriata,,1,3
Insect,Noctuidae,Idalima metasticta,,1,1
Insect,Leiodidae,Cholevomorpha picta,,1,1
Insect,Tortricidae,Asthenoptycha craterana,,1,1
Insect,Cleridae,Eunatalis fasciata,,1,1
Insect,Thyrididae,Striglina scitaria,,1,1
Insect,Colletidae,Meroglossa sulcifrons,Plasterer Bee,1,1
Insect,Pteromalidae,Perilampella acaciaediscoloris,,1,2
Insect,Geometridae,Aeolochroma viridicata,,1,1
Insect,Crambidae,Glycythyma thymedes,,1,1
Insect,Crambidae,Parotis incurvata,,1,1
Insect,Geometridae,Fisera perplexata,Geometer Moth,1,16
Insect,Ichneumonidae,Xanthopimpla quadridens,Ichneumon Wasp,1,1
Insect,Syrphidae,Paramixogaster variegatus,Hover Fly,1,2
Insect,Geometridae,Paralaea sarcodes,Geometer Moth,1,2
Insect,Formicidae,Lioponera picta,,1,1
Insect,Aulacidae,Aulacus belairensis,,1,1
Insect,Braconidae,Virgulibracon endoxylaphagus,,1,2
Insect,Notodontidae,Antimima cryptica,,1,1
Insect,Choreutidae,Brenthia quadriforella,,1,2
Insect,Noctuidae,Proteuxoa monochroa,Owlet Moth,1,2
Insect,Erebidae,Hectobrocha multilinea,,1,1
Insect,Geometridae,Laophila icasta,Geometer Moth,1,1
Insect,Lestidae,Austrolestes cingulatus,Metallic Ringtail,1,1
Insect,Chalcididae,Brachymeria perflavipes,,1,1
Insect,Brentidae,Eurhynchus quadrituberculatus,,1,1
Insect,Pyrgomorphidae,Monistria latevittata,,1,1
Insect,Cosmopterigidae,Limnaecia polycydista,,1,2
Insect,Thaumastocoridae,Onymocoris stysi,,1,1
Insect,Notodontidae,Pheraspis spodea,,1,1
Insect,Scarabaeidae,Anoplognathus abnormis,,1,1
Insect,Scarabaeidae,Schizorhina atropunctata,,1,2
Insect,Lonchodidae,Sipyloidea larryi,Hurricane Larry Stick-insect,1,1
Insect,Erebidae,Artigisa dentilinea,,1,1
Insect,Buprestidae,Neospades chrysopygia,,1,1
Insect,Erebidae,Hyperlopha cristifera,,1,1
Insect,Tabanidae,Dasybasis dixoni,Horse Fly,1,1
Insect,Depressariidae,Epithetica typhoscia,,1,1
Insect,Pentatomidae,Pegala laevis,,1,1
Insect,Cleridae,Tarsostenodes guttulus,,1,1
Insect,Miridae,Corizidolon australiense,,1,1
Insect,Therevidae,Bonjeania actuosa,,1,3
Insect,Curculionidae,Euomus insculptus,,1,3
Insect,Brachodidae,Euthorybeta xanthoplaca,,1,2
Insect,Nolidae,Nola porrigens,Tuft Moth,1,1
Insect,Myrmeleontidae,Distoplectron minor,,1,2
Insect,Oecophoridae,Phyllophanes dyseureta,,1,1
Insect,Tettigarctidae,Tettigarcta tomentosa,Tasmanian Hairy Cicada,1,1
Insect,Oecophoridae,Stictochila metata,Concealer Moth,1,2
Insect,Bombyliidae,Oncodosia ampla,,1,2
Insect,Coccidae,Ceronema dryandrae,,1,2
Insect,Blattellidae,Dyakinodes centralis,Cockroach,1,1
Insect,Scarabaeidae,Aulacopris reichei,,1,1
Insect,Curculionidae,Xyleborus perforans,Island Pinhole Borer,1,1
Insect,Crambidae,Chabula acamasalis,,1,1
Insect,Aleyrodidae,Dumbletoniella rotunda,Whitefly,1,1
Insect,Tephritidae,Bactrocera jarvisi,,1,1
Insect,Stratiomyidae,Acanthasargus palustris,,1,8
Insect,Carposinidae,Carposina latebrosa,,1,4
Insect,Eriococcidae,Apiomorpha sloanei,,1,2
Insect,Vespidae,Rhynchium mirabile,,1,1
Insect,Coccinellidae,Sticholotis cooloola,,1,1
Insect,Tachinidae,Rutilia imperialis,Horse Fly,1,2
Insect,Chrysomelidae,Psylliodes brettinghami,,1,1
Insect,Cerambycidae,Uracanthus quadristriolatus,,1,1
Insect,Buprestidae,Castiarina indistincta,,1,3
Insect,Cerambycidae,Distichocera superba,,1,1
Insect,Yponomeutidae,Prays autocasis,,1,6
Insect,Cydnidae,Macroscytus minimus,,1,2
Insect,Cosmopterigidae,Labdia niphostephes,,1,1
Insect,Erebidae,Amata xanthura,Moth,1,1
Insect,Agaonidae,Pleistodontes imperialis,,1,1
Insect,Limoniidae,Austrolimnophila pristina,Crane Fly,1,1
Insect,Cossidae,Trismelasmos donovani,,1,3
Insect,Notodontidae,Epicoma phoenura,,1,1
Insect,Tortricidae,Technitis humerellus,,1,3
Insect,Copromorphidae,Copromorpha phaeosticta,,1,1
Insect,Uraniidae,Acropteris nanula,,1,1
Insect,Geometridae,Laophila sciara,,1,3
Insect,Tortricidae,Oriodryas olbophora,,1,1
Insect,Pergidae,Clarissa thoracica,,1,1
Insect,Sphecidae,Sphex rugifer,,1,1
Insect,Oecophoridae,Tanyzancla argutella,Spotted Kunzea Moth,1,5
Insect,Crambidae,Syllepte phricosticha,,1,1
Insect,Cerambycidae,Bethelium inconspicuum,,1,2
Insect,Culicidae,Uranotaenia nivipes,,1,1
Insect,Formicidae,Myrmecia haskinsorum,,1,1
Insect,Gerridae,Halobates zephyrus,Water Strider,1,1
Insect,Curculionidae,Exomias pellucidus,Hairy Spider Weevil,1,1
Insect,Ceratopogonidae,Metahelea bifasciata,,1,1
Insect,Cerambycidae,Pseudoplites hamali,,1,1
Insect,Cicadidae,Myopsalta crucifera,Brown Sugarcane Cicada,1,1
Insect,Geometridae,Dichromodes ioneura,,1,4
Insect,Scarabaeidae,Clithria eucnemis,,1,1
Insect,Tachinidae,Chlorogastropsis orga,,1,5
Insect,Tiphiidae,Agriomyia variegata,,1,1
Insect,Drepanidae,Tridrepana lunulata,,1,1
Insect,Tephritidae,Euphranta linocierae,,1,1
Insect,Miridae,Metopocoris rubrifasciata,,1,1
Insect,Staphylinidae,Stenus maculatus,,1,1
Insect,Aphididae,Macrosiphoniella sanborni,Chrysanthemum Aphid,1,1
Insect,Eulophidae,Aprostocetus hagenowii,,1,1
Insect,Oecophoridae,Pyrgoptila serpentina,,1,1
Insect,Geocoridae,Geocoris lubra,Bigeyed Bug,1,1
Insect,Dytiscidae,Chostonectes gigas,Diving Beetle,1,3
Insect,Aphalaridae,Phyllolyma rufa,,1,1
Insect,Acanthosomatidae,Elasmostethus suffusus,,1,1
Insect,Trigonidiidae,Trigonidium canberrae,,1,2
Insect,Formicidae,Polyrhachis gab,Ant,1,2
Insect,Oecophoridae,Prepalla neurotenes,,1,2
Insect,Geometridae,Agathia prasinaspis,,1,3
Insect,Formicidae,Pseudoneoponera piliventris,,1,1
Insect,Tineidae,Edosa ochracea,Fungus Moth,1,10
Insect,Chrysomelidae,Arsipoda laeviceps,,1,3
Insect,Cleridae,Eleale angularis,,1,1
Insect,Gelechiidae,Ardozyga hemichlaena,,1,4
Insect,Cicadellidae,Eurymelops bicolor,Leafhopper,1,1
Insect,Diaspididae,Trullifiorinia acaciae,,1,3
Insect,Asilidae,Andrenosoma tectamum,,1,2
Insect,Geometridae,Casbia lithodora,,1,4
Insect,Geometridae,Ectropis argalea,,1,6
Insect,Crabronidae,Cerceris opposita,,1,1
Insect,Colletidae,Hylaeus quadratus,Plasterer Bee,1,2
Insect,Acrididae,Xanterriaria mediocris,,1,2
Insect,Tortricidae,Holocola sollicitana,,1,2
Insect,Agromyzidae,Phytomyza plantaginis,,1,1
Insect,Geometridae,Authaemon purpurea,Geometer Moth,1,2
Insect,Cerambycidae,Brachytria gulosa,,1,3
Insect,Perilampidae,Perilampus mirabeaui,,1,1
Insect,Kalotermitidae,Glyptotermes brevicornis,,1,1
Insect,Oecophoridae,Notodryas aeria,Concealer Moth,1,1
Insect,Oecophoridae,Phytotrypa erythrotaenia,,1,1
Insect,Tephritidae,Trupanea glauca,Primitive Crane Fly,1,1
Insect,Melyridae,Carphurus armipennis,,1,2
Insect,Scarabaeidae,Onthophagus pronus,,1,1
Insect,Culicidae,Aedes longirostris,,1,1
Insect,Cerambycidae,Zoedia longipes,,1,2
Insect,Mogoplistidae,Ornebius immarna,,1,1
Insect,Nymphidae,Osmylops armatus,,1,1
Insect,Diaspididae,Lepidosaphes pinnaeformis,,1,1
Insect,Halictidae,Nomia aurantifer,Sweat Bee,1,1
Insect,Scarabaeidae,Cheiroplatys excavatus,,1,1
Insect,Cosmopterigidae,Trachydora centromela,Cosmet Moth,1,1
Insect,Erebidae,Anomis nigritarsis,,1,1
Insect,Oecophoridae,Anaptilora homoclera,,1,1
Insect,Ephydridae,Notiphila impunctata,,1,1
Insect,Geometridae,Scopula perialurga,,1,1
Insect,Curculionidae,Melanterius semiporcatus,,1,2
Insect,Depressariidae,Octasphales eubrocha,,1,1
Insect,Lucanidae,Ceratognathus macrognathus,,1,1
Insect,Pergidae,Xyloperga aurulenta,,1,2
Insect,Bombyliidae,Eusurbus altus,,1,1
Insect,Cerambycidae,Uracanthus regalis,,1,1
Insect,Cicadidae,Urabunana sericeivitta,,1,1
Insect,Stratiomyidae,Acanthasargus varipes,,1,1
Insect,Oecophoridae,Eulechria atmospila,,1,1
Insect,Platystomatidae,Duomyia tomentosa,,1,2
Insect,,Micromidia convergens,Early Mosquitohawk,1,1
Insect,Thaumastocoridae,Baclozygum depressum,Bug,1,2
Insect,Colletidae,Palaeorhiza cassiaefloris,,1,1
Insect,Buprestidae,Castiarina pulchripes,,1,1
Insect,Tortricidae,Ancylis biscissana,,1,1
Insect,Buprestidae,Dinocephalia transsecta,,1,1
Insect,Colletidae,Euryglossina townsvillensis,,1,1
Insect,Acrididae,Perloccia evittata,,1,1
Insect,Buprestidae,Melobasis sordida,,1,4
Insect,Cerambycidae,Phoracantha alternata,,1,1
Insect,Figitidae,Alloxysta victrix,,1,1
Insect,Curculionidae,Melanterius acaciae,,1,1
Insect,Yloryctidae,Lichenaula tholodes,,1,1
Insect,Eriococcidae,Tanyscelis conica,,1,1
Insect,Cosmopterigidae,Leptozestis ecstatica,,1,1
Insect,Formicidae,Prolasius nitidissimus,Ant,1,1
Insect,Brentidae,Ankleineella sulcicollis,,1,3
Insect,Syrphidae,Odyneromyia illucens,Hover Fly,1,1
Insect,Crambidae,Eoophyla argyrilinale,,1,1
Insect,Oedemeridae,Copidita medioflava,,1,1
Insect,Miridae,Xenocylapidius bioculatus,,1,1
Insect,Reduviidae,Horcinia varians,Assassin Bug,1,1
Insect,Oecophoridae,Placocosma resumptella,,1,4
Insect,Dolichopodidae,Parentia nigropilosa,Long-legged Fly,1,1
Insect,Geometridae,Chrysolarentia cydalima,Geometer Moth,1,2
Insect,Geometridae,Pelagodes veraria,,1,3
Insect,Curculionidae,Haplonyx spencei,,1,2
Insect,Crambidae,Udea hyalistis,Grass Moth,1,2
Insect,Bombyliidae,Munjua erugata,Bee Fly,1,1
Insect,Diaspididae,Diaspis boisduvali,,1,1
Insect,Mutillidae,Ephutomorpha excerpta,,1,1
Insect,Colletidae,Hylaeus brevior,Plasterer Bee,1,3
Insect,Oecophoridae,Rhadinoloba periculosa,,1,1
Insect,Tortricidae,Metrioglypha phyllodes,,1,2
Insect,Oecophoridae,Olbonoma callopistis,,1,1
Insect,Geometridae,Laophila spodina,,1,1
Insect,Erebidae,Ophiusa hituense,,1,1
Insect,Buprestidae,Pachycisseis bicolor,,1,1
Insect,Cleridae,Phlogistus corporaali,,1,1
Insect,Chrysomelidae,Trachymela acclivis,,1,1
Insect,Erebidae,Epicyrtica lichenophora,Owlet Moth,1,2
Insect,Curculionidae,Dicherotropis cavirostris,,1,1
Insect,Eurybrachidae,Platybrachys leucostigma,,1,1
Insect,Tachinidae,Rutilia agalmiodes,,1,1
Insect,Gelechiidae,Tritadelpha microptila,,1,2
Insect,Cydnidae,Adrisa atra,Shield Bug,1,3
Insect,Hepialidae,Jeana delicatula,Ghost Moth,1,1
Insect,Limoniidae,Geranomyia circipunctata,,1,1
Insect,Gasteruptiidae,Pseudofoenus spinitarsis,,1,2
Insect,Aeolothripidae,Desmothrips reedi,,1,1
Insect,Ptinidae,Ptinus medioglaber,,1,6
Insect,Acanthosomatidae,Eupolemus tasmanicus,Shield Bug,1,2
Insect,Heterogastridae,Parasadoletus exsertus,,1,1
Insect,Histeridae,Chlamydopsis pygidialis,,1,1
Insect,Tortricidae,Meritastis ursina,,1,8
Insect,Eriococcidae,Apiomorpha frenchi,,1,2
Insect,Castniidae,Synemon laeta,,1,1
Insect,Curculionidae,Alphitopis nivea,,1,1
Insect,Geometridae,Nearcha tristificata,,1,3
Insect,Geometridae,Dolabrossa amblopa,Geometer Moth,1,1
Insect,Silvanidae,Nausibius clavicornis,,1,1
Insect,Gracillariidae,Gibbovalva quadrifasciata,,1,2
Insect,Buprestidae,Neocuris pauperata,,1,1
Insect,Gelechiidae,Ardozyga celidophora,,1,3
Insect,Phlaeothripidae,Mecynothrips hardyi,,1,1
Insect,Bittacidae,Harpobittacus scheibeli,,1,2
Insect,Pentatomidae,Australojalla versicolor,,1,2
Insect,Buprestidae,Castiarina jeanae,,1,1
Insect,Coccinellidae,Serangium bellum,,1,2
Insect,Tenebrionidae,Ecnolagria schneiderae,,1,1
Insect,Diapriidae,Rostropria simplex,,1,1
Insect,Tortricidae,Aeolostoma scutiferana,,1,1
Insect,Silvanidae,Silvanus castaneus,,1,1
Insect,Formicidae,Camponotus extensus,,1,1
Insect,Cicadellidae,Vulturnus vulturnus,,1,1
Insect,Tabanidae,Triclista guttata,,1,2
Insect,Erotylidae,Thallis subtuberculata,,1,3
Insect,Endomychidae,Stenotarsoides commodus,,1,1
Insect,Tortricidae,Crocidosema apicinota,,1,2
Insect,Geometridae,Somatina triocellata,,1,1
Insect,Stratiomyidae,Hermetia olympiae,,1,1
Insect,Colletidae,Hylaeus perrufus,,1,1
Insect,Melyridae,Balanophorus victoriensis,,1,1
Insect,Colletidae,Brachyhesma houstoni,,1,1
Insect,Buprestidae,Castiarina bremei,,1,3
Insect,Formicidae,Lioponera ficosa,,1,1
Insect,Pyralidae,Ctenomeristis subfuscella,,1,1
Insect,Cerambycidae,Rhytiphora rubeta,,1,2
Insect,Tachinidae,Winthemia queenslandica,,1,1
Insect,Chrysomelidae,Faex transversomaculata,,1,1
Insect,Cerambycidae,Piesarthrius bleeserae,,1,2
Insect,Oecophoridae,Garrha sericata,,1,1
Insect,Erebidae,Amata chromatica,,1,1
Insect,Chrysomelidae,Platymela digglesi,,1,1
Insect,Erebidae,Simplicia erebina,,1,1
Insect,Gelechiidae,Sitotroga cerealella,Rice Moth,1,1
Insect,Curculionidae,Enteles vigorsii,,1,2
Insect,Erebidae,Corgatha ancistrodes,,1,2
Insect,Depressariidae,Barantola pulcherrima,,1,1
Insect,Diaspididae,Lepidosaphes gloverii,Scale Insect,1,1
Insect,Chrysomelidae,Paropsis lownei,,1,1
Insect,Dermestidae,Phradonoma nobile,,1,1
Insect,Crambidae,Metasia achroa,Grass Moth,1,1
Insect,Curculionidae,Opsittis atomaria,,1,1
Insect,Rhyparochromidae,Noteolethaeus armstrongi,,1,1
Insect,Erebidae,Macaduma toxophora,Moth,1,3
Insect,Ephydridae,Notiphila bicornuta,Shore Fly,1,3
Insect,Tenebrionidae,Promethis angulata,,1,1
Insect,Tenebrionidae,Yarranum crenicolle,,1,1
Insect,Tortricidae,Ancylis volutana,,1,2
Insect,Colletidae,Palaeorhiza reginarum,,1,1
Insect,Erebidae,Asota australis,,1,1
Insect,Cerambycidae,Brachytria discopunctata,,1,1
Insect,Mantidae,Rhodomantis queenslandica,,1,2
Insect,Reduviidae,Australocleptes ereptor,,1,1
Insect,Carposinidae,Carposina mediella,,1,1
Insect,Formicidae,Polyrhachis schenkii,,1,2
Insect,Pentatomidae,Dysnoetus rugulosus,Shield Bug,1,1
Insect,Chrysomelidae,Edusella hirta,,1,1
Insect,Heterogastridae,Parathyginus signifer,,1,1
Insect,Gracillariidae,Caloptilia protiella,,1,1
Insect,Curculionidae,Acantholophus tasmaniensis,,1,2
Insect,Cosmopterigidae,Cosmopterix epizona,,1,1
Insect,Cercopidae,Petyllis deprivata,Froghopper,1,6
Insect,Tineidae,Moerarchis pyrochroa,,1,1
Insect,Therevidae,Anabarhynchus helvenacus,Stiletto Fly,1,6
Insect,Oecophoridae,Aeolocosma iridozona,Concealer Moth,1,2
Insect,Curculionidae,Polyphrades laticollis,,1,1
Insect,Crambidae,Niphograpta albiguttalis,,1,1
Insect,Gasteruptiidae,Gasteruption longipes,Parasitoid Wasp,1,1
Insect,Curculionidae,Neomelanterius carinicollis,,1,1
Insect,Rhyparochromidae,Stizocephalus hirsutus,Seed Bug,1,1
Insect,Sphaeroceridae,Howickia trivittata,,1,1
Insect,Rhyparochromidae,Botocudo ornatulus,,1,1
Insect,Erebidae,Eressa megalospilia,,1,1
Insect,Curculionidae,Misophrice hispida,,1,2
Insect,Cicadidae,Myopsalta binotata,,1,2
Insect,Cerambycidae,Phalota vittata,,1,1
Insect,Pentatomidae,Poecilometis monteithi,,1,2
Insect,Oecophoridae,Tanyzancla amphitoxa,,1,1
Insect,Oedemeridae,Copidita pachymera,,1,1
Insect,Geometridae,Glaucoclystis immixtaria,,1,1
Insect,Teredidae,Ascetoderes costatus,,1,1
Insect,Yponomeutidae,Zelleria memorella,,1,1
Insect,Scutelleridae,Morbora hirtula,Shield Bug,1,4
Insect,Curculionidae,Strongylorhinus clarki,Gregarious Gall Weevil,1,1
Insect,Acanthosomatidae,Andriscus cinctus,Shield Bug,1,1
Insect,Crambidae,Glyphodes caesalis,,1,1
Insect,Chrysomelidae,Paropsisterna basalis,,1,3
Insect,Therevidae,Acraspisa parva,Stiletto Fly,1,1
Insect,Myrmeleontidae,Riekoleon rudda,,1,2
Insect,Colletidae,Euryglossina moonbiensis,,1,1
Insect,Scarabaeidae,Hyphoryctes maculatus,,1,1
Insect,Platystomatidae,Duomyia apicalis,,1,3
Insect,Formicidae,Dolichoderus etus,,1,5
Insect,Oedemeridae,Copidita interrupta,,1,2
Insect,Scarabaeidae,Colymbomorpha uniformis,,1,1
Insect,Bombyliidae,Wurda skevingtoni,,1,1
Insect,Tenebrionidae,Amarygmus convexus,,1,1
Insect,Syrphidae,Trichopsomyia formiciphila,,1,1
Insect,Cosmopterigidae,Labdia hexaspila,,1,3
Insect,Colletidae,Xanthesma brachycera,,1,2
Insect,Termopsidae,Stolotermes brunneicornis,,1,1
Insect,Formicidae,Melophorus ludius,,1,1
Insect,Oecophoridae,Aristeis chrysoteuches,Concealer Moth,1,1
Insect,Geometridae,Hypycnopa delotis,Geometer Moth,1,1
Insect,Rhyparochromidae,Dieuches membranaceus,,1,4
Insect,Formicidae,Pheidole tasmaniensis,Ant,1,13
Insect,Tortricidae,Tarachota cnaphalodes,,1,1
Insect,Crambidae,Paracataclysta fuscalis,,1,1
Insect,Asilidae,Colepia abludo,Robber Fly,1,2
Insect,Colletidae,Hylaeus sanguinipictus,,1,1
Insect,Noctuidae,Proteuxoa passalota,Owlet Moth,1,1
Insect,Geometridae,Chloroclystis guttifera,,1,1
Insect,Carabidae,Hyperion schroetteri,Large Black Ground Beetle,1,2
Insect,Chrysomelidae,Paropsisterna cernua,,1,1
Insect,Ichneumonidae,Neaprix insolens,,1,1
Insect,Lymexylidae,Australymexylon australe,,1,2
Insect,Nolidae,Nola poliophasma,,1,1
Insect,Blissidae,Iphicrates spathus,Chinch Bug,1,1
Insect,Therevidae,Neodialineura polygramma,,1,1
Insect,Carabidae,Promecoderus ovicollis,,1,1
Insect,Cicadidae,Myopsalta parvula,,1,1
Insect,Erebidae,Amerila serica,,1,1
Insect,Anisolabididae,Metisolabis punctata,,1,1
Insect,Crambidae,Parapoynx tenebralis,,1,1
Insect,Anthomyiidae,Fucellia tergina,,1,1
Insect,Syrphidae,Mesembrius hilaris,,1,1
Insect,Achilidae,Epiona kirejtshuki,,1,1
Insect,Scarabaeidae,Microvalgus nigrinus,,1,1
Insect,Lauxaniidae,Ceratolauxania elevata,Acalyptrate Fly,1,3
Insect,Nitidulidae,Aethinodes marmoratum,,1,1
Insect,Buprestidae,Melobasis simplex,,1,1
Insect,Tenebrionidae,Adelium subdepressum,,1,2
Insect,Therevidae,Agapophytus aterrimus,Stiletto Fly,1,2
Insect,Pentatomidae,Turrubulana plana,,1,2
Insect,Cerambycidae,Myrsellus unicolor,,1,1
Insect,Acrididae,Minyacris nana,Tiny Grasshopper,1,2
Insect,Curculionidae,Eccoptopterus spinosus,,1,1
Insect,Rhyparochromidae,Austroclerada victoriensis,Seed Bug,1,1
Insect,Buprestidae,Castiarina colorata,,1,3
Insect,Cicadellidae,Diemoides smithtoniensis,Leafhopper,1,3
Insect,Phycosecidae,Phycosecis ammophilus,,1,2
Insect,Ulodidae,Ulodes verrucosus,,1,1
Insect,Ethmiidae,Ethmia postica,,1,1
Insect,Oecophoridae,Philobota glaucoptera,Concealer Moth,1,1
Insect,Curculionidae,Amandalotus cordipennis,,1,1
Insect,Sphecidae,Sphex jucundus,,1,1
Insect,Gelechiidae,Ardozyga xuthias,,1,1
Insect,Colletidae,Euryglossa terminata,,1,1
Insect,Oecophoridae,Heteroptolis leucosta,Concealer Moth,1,1
Insect,Vespidae,Paralastor vulpinus,Wasp,1,1
Insect,Perilampidae,Perilampus brisbanensis,,1,1
Insect,Formicidae,Platythyrea turneri,Ant,1,2
Insect,Cerambycidae,Pseudocephalus mirus,,1,1
Insect,Gasteruptiidae,Gasteruption fluviale,,1,1
Insect,Tingidae,Chorotingis indigena,,1,2
Insect,Agromyzidae,Ophiomyia lantanae,,1,1
Insect,Tenebrionidae,Lagria australis,,1,1
Insect,Hydroptilidae,Hellyethira malleoforma,Caddisfly,1,32
Insect,Geometridae,Traminda mundissima,,1,1
Insect,Oecophoridae,Garrha amata,,1,2
Insect,Erebidae,Grammodes occulta,,1,1
Insect,Tortricidae,Eupoecilia acrographa,,1,1
Insect,Bombyliidae,Wurda norrisi,Bee Fly,1,3
Insect,Bombyliidae,Wurda windorah,Bee Fly,1,1
Insect,Hepialidae,Fraus orientalis,,1,1
Insect,Gelechiidae,Ardozyga subnexella,,1,1
Insect,Glyphipterigidae,Glyphipterix marmaropa,,1,1
Insect,Cerambycidae,Ancita basicristata,,1,1
Insect,Crabronidae,Bembix lamellata,Wasp,1,2
Insect,Pentatomidae,Protestrica montana,,1,1
Insect,Hemerobiidae,Psychobiella occidentalis,,1,2
Insect,Geometridae,Parepisparis brevidactyla,,1,3
Insect,Cleridae,Neoscrobiger rauciceps,,1,2
Insect,Geometridae,Euphronarcha leptodesma,Geometer Moth,1,2
Insect,Psychidae,Eumeta variegatus,,1,1
Insect,Therevidae,Agapophytus decorus,,1,1
Insect,Curculionidae,Myossita cirrifera,,1,2
Insect,Nanaomantidae,Calofulcinia paraoxypila,,1,1
Insect,Chrysomelidae,Aulacophora relicta,,1,1
Insect,Geometridae,Idiochlora celataria,,1,1
Insect,Tenebrionidae,Metistete subsulcata,,1,1
Insect,Pentatomidae,Buthumka reducta,Shield Bug,1,5
Insect,Oecophoridae,Psaroxantha euryzona,,1,1
Insect,Gelechiidae,Idiophantis habrias,,1,1
Insect,Osmylidae,Stenolysmus extraneus,,1,1
Insect,Chironomidae,Polypedilum griseoguttatum,Midge,1,1
Insect,Braconidae,Alysia manducator,,1,1
Insect,Ectobiidae,Ectoneura tepperi,Cockroach,1,5
Insect,Chalcididae,Dirhinus anthracia,,1,2
Insect,Lygaeidae,Lepionysius grossi,,1,1
Insect,Tortricidae,Epiphyas fabricata,Leafroller Moth,1,1
Insect,Noctuidae,Chrysodeixis illuminata,,1,1
Insect,Halictidae,Lasioglossum dampieri,,1,1
Insect,Vespidae,Macrocalymma smithianum,,1,1
Insect,Carabidae,Mecyclothorax punctipennis,,1,1
Insect,Silphidae,Diamesus osculans,,1,2
Insect,Curculionidae,Gerynassa picticornis,,1,4
Insect,Encyrtidae,Comperiella bifasciata,,1,1
Insect,Gelechiidae,Pycnobathra popularis,,1,1
Insect,Depressariidae,Eclecta aurorella,,1,2
Insect,Formicidae,Rhytidoponera enigmatica,,1,1
Insect,Reduviidae,Brachysandalus westraliensis,,1,1
Insect,Colletidae,Leioproctus carinatifrons,Plasterer Bee,1,1
Insect,Cerambycidae,Zoedia triangularis,,1,1
Insect,Cicadellidae,Soractellus nigrominutus,Leafhopper,1,1
Insect,Crambidae,Margarosticha repetitalis,,1,2
Insect,Crambidae,Glaucocharis stenura,,1,1
Insect,Carabidae,Gnathaphanus melbournensis,,1,3
Insect,Eucharitidae,Austeucharis rufiventris,,1,1
Insect,Bombyliidae,Acridophagus paganicus,,1,1
Insect,Formicidae,Iridomyrmex anceps,Tropical Tyrant Ant,1,1
Insect,Lepidopsocidae,Echmepteryx madagascariensis,,1,2
Insect,Tortricidae,Diakonoffiana tricolorana,,1,2
Insect,Geometridae,Microdes oriochares,Geometer Moth,1,1
Insect,Geometridae,Larophylla amimeta,,1,2
Insect,Chrysomelidae,Dicranosterna hemisphaerica,,1,1
Insect,Cerambycidae,Coptocercus vicinus,,1,1
Insect,Therevidae,Notoxestomyza joyceae,,1,1
Insect,Megachilidae,Megachile kirbyana,,1,1
Insect,Calliphoridae,Calliphora centralis,,1,1
Insect,Mantidae,Pseudomantis chlorophana,,1,2
Insect,Colletidae,Euryglossina nigra,,1,1
Insect,Buprestidae,Ethonion fissiceps,,1,1
Insect,Gomphidae,Antipodogomphus acolythus,Southern Dragon,1,1
Insect,Bombyliidae,Aleucosia directa,,1,2
Insect,Hepialidae,Oxycanus occidentalis,Ghost Moth,1,2
Insect,Flatidae,Siphanta hebes,Common Green Planthopper,1,7
Insect,Culicidae,Culex squamosus,,1,1
Insect,Buprestidae,Castiarina klugii,,1,3
Insect,Blattidae,Methana convexa,,1,2
Insect,Pergidae,Perga kirbii,Sawfly,1,1
Insect,Buprestidae,Melobasis ordinata,,1,1
Insect,Cerambycidae,Coptocercus pedator,,1,3
Insect,Tortricidae,Epiphyas peloxythana,Leafroller Moth,1,3
Insect,Cicadellidae,Eurymelops rubrovittata,Leafhopper,1,6
Insect,Curculionidae,Azollaebagous clarenciensis,,1,1
Insect,Scarabaeidae,Australaphodius frenchi,Little Pasture Cockchafer,1,1
Insect,Cerambycidae,Rhytiphora lateralis,,1,2
Insect,Curculionidae,Microporopterus tumulosus,,1,1
Insect,Sciomyzidae,Pherbellia javana,Marsh Fly,1,1
Insect,Agromyzidae,Kleinschmidtimyia indigoferae,,1,1
Insect,Cicadidae,Birrima castanea,Red Treeticker,1,1
Insect,Carabidae,Badister sundaicus,,1,1
Insect,Cleridae,Lemidia pulchella,,1,1
Insect,Tiphiidae,Rugosothynnus corrugatus,,1,4
Insect,Scarabaeidae,Euoniticellus fulvus,,1,7
Insect,Depressariidae,Phylomictis monochroma,Concealer Moth,1,1
Insect,Bombyliidae,Eristalopsis parva,,1,1
Insect,Cerambycidae,Syllitus terminatus,,1,1
Insect,Tettigoniidae,Tympanophora houstoni,,1,2
Insect,Melyridae,Carphurus gallinaceus,,1,1
Insect,Scarabaeidae,Amblyterus cicatricosus,,1,1
Insect,Ethmiidae,Ethmia anthracopis,,1,1
Insect,Chrysomelidae,Adoxia femoralis,,1,1
Insect,Cerambycidae,Acalolepta aesthetica,,1,3
Insect,Erebidae,Calathusa maritima,,1,1
Insect,Lycaenidae,Theclinesthes albocinctus,Bitter-bush Blue,1,3
Insect,Tortricidae,Sobriana mnemosynana,,1,2
Insect,Nymphidae,Nymphes aperta,,1,2
Insect,Thaumastocoridae,Thaumastocoris slateri,,1,1
Insect,Aleyrodidae,Chitonaleyrodes canberrensis,,1,4
Insect,Myrmeleontidae,Riekoleon furcatus,,1,1
Insect,Cerambycidae,Aesa dimidatus,,1,2
Insect,Tachinidae,Exechopalpus rufifemur,,1,1
Insect,Mordellidae,Hoshihananomia quattuordecimmaculata,,1,1
Insect,Lagrioididae,Lagrioida australis,,1,2
Insect,Bombyliidae,Docidomyia puellaris,Bee Fly,1,7
Insect,Lauxaniidae,Sapromyza metallica,,1,2
Insect,Tachinidae,Rutilia analoga,Horse Fly,1,1
Insect,Chrysomelidae,Phyllocharis gracilis,,1,2
Insect,Chrysomelidae,Cadmus pacificus,,1,1
Insect,Colletidae,Hylaeus callosus,Plasterer Bee,1,1
Insect,Coreidae,Agriopocoris dollingi,,1,1
Insect,Calliphoridae,Amenia albomaculata,Blow Fly,1,1
Insect,Bostrichidae,Xylobosca canina,,1,10
Insect,Ptinidae,Gibbium aequinoctiale,,1,1
Insect,Lauxaniidae,Sapromyza riparia,Acalyptrate Fly,1,2
Insect,Elachistidae,Elachista velox,,1,1
Insect,Carposinidae,Bondia digramma,,1,1
Insect,Curculionidae,Ancyttalia erichsoni,,1,1
Insect,Noctuidae,Musothyma cyanastis,,1,1
Insect,Buprestidae,Temognatha menalcas,,1,1
Insect,Phasmatidae,Acanthomima rhipheus,,1,2
Insect,Lauxaniidae,Ceratolauxania atrimana,Acalyptrate Fly,1,1
Insect,Colletidae,Euryglossina crococephala,,1,2
Insect,Tabanidae,Scaptia jacksoniensis,,1,1
Insect,Cosmopterigidae,Labdia orthoschema,,1,2
Insect,Buprestidae,Selagis aurifera,,1,14
Insect,Nitidulidae,Amlearcha depressa,,1,1
Insect,Asilidae,Daptolestes feminategus,,1,1
Insect,Eurybrachidae,Platybrachys fenestrata,,1,1
Insect,Conopidae,Thecophora australiana,,1,1
Insect,Oecophoridae,Myrascia interlineatella,Concealer Moth,1,1
Insect,Pyralidae,Ptyomaxia amaura,,1,1
Insect,Acrididae,Epallia exigua,,1,1
Insect,Staphylinidae,Sartallus signatus,,1,2
Insect,Culicidae,Aedes wattensis,,1,1
Insect,Geometridae,Aeolochroma subrubescens,,1,1
Insect,Noctuidae,Mythimna convecta,Common Armyworm Moth,1,106
Insect,Eurybrachidae,Platybrachys decemmacula,,1,81
Insect,Erebidae,Sophta concavata,,1,45
Insect,Scarabaeidae,Oryctes rhinoceros,Rhinoceros Beetle,1,36
Insect,Noctuidae,Aedia leucomelas,Owlet Moth,1,30
Insect,Stathmopodidae,Stathmopoda crocophanes,Yellow Stathmopoda Moth,1,44
Insect,Noctuidae,Proteuxoa sanguinipuncta,Owlet Moth,1,54
Insect,Pyralidae,Orthaga thyrisalis,Teatree Web Moth,1,50
Insect,Tortricidae,Merophyas divulsana,,1,46
Insect,Erebidae,Halone sinuata,,1,27
Insect,Pompilidae,Cryptocheilus bicolor,Orange Spider Wasp,1,57
Insect,Coccinellidae,Epilachna sumbana,,1,30
Insect,Pieridae,Eurema brigitta,,1,14
Insect,Noctuidae,Proteuxoa hypochalchis,Owlet Moth,1,38
Insect,Pyralidae,Ocrasa albidalis,,1,21
Insect,Cosmopterigidae,Labdia oxysema,,1,20
Insect,Tortricidae,Thrincophora inconcisana,,1,23
Insect,Erebidae,Paramsacta marginata,,1,20
Insect,Tortricidae,Acropolitis excelsa,Leafroller Moth,1,18
Insect,Noctuidae,Proteuxoa tibiata,Owlet Moth,1,28
Insect,Eriococcidae,Acanthococcus confusus,,1,15
Insect,Melyridae,Dicranolaius villosus,,1,16
Insect,Acroceridae,Pterodontia mellii,Fly,1,10
Insect,Coccinellidae,Epilachna vigintioctopunctata,28-spotted Potato Ladybird,1,42
Insect,Asilidae,Cerdistus varifemoratus,Robber Fly,1,9
Insect,Halictidae,Lasioglossum punctatum,,1,17
Insect,Bombyliidae,Comptosia stria,,1,8
Insect,Pyralidae,Ocrasa acerasta,Grass Moth,1,11
Insect,Chrysomelidae,Elaphodes cervinus,,1,12
Insect,Blattellidae,Robshelfordia simplex,,1,9
Insect,Bombyliidae,Geron nigralis,,1,12
Insect,Gelechiidae,Ardozyga acroleuca,,1,11
Insect,Bombyliidae,Australiphthiria hilaris,,1,9
Insect,Yloryctidae,Telecrates melanochrysa,Concealer Moth,1,11
Insect,Acrididae,Peakesia hospita,,1,12
Insect,Blattidae,Melanozosteria dookiensis,Cockroach,1,14
Insect,Tortricidae,Acropolitis ergophora,,1,8
Insect,Thyrididae,Aglaopus centiginosa,,1,17
Insect,Oecophoridae,Palimmeces pseudomorpha,Concealer Moth,1,8
Insect,Syrphidae,Psilota rubra,,1,8
Insect,Adelidae,Nemophora sparsella,Fairy Longhorn Moth,1,10
Insect,Tortricidae,Merophyas therina,,1,15
Insect,Oecophoridae,Philobota chionoptera,Concealer Moth,1,8
Insect,Oecophoridae,Thalerotricha mylicella,Concealer Moth,1,10
Insect,Oecophoridae,Telocharacta metachroa,Concealer Moth,1,9
Insect,Chrysomelidae,Edusella lineata,,1,13
Insect,Gelechiidae,Ardozyga abruptella,,1,8
Insect,Elachistidae,Elachista flammula,,1,9
Insect,Geocoridae,Stylogeocoris elongatus,Big-eyed Bug,1,11
Insect,Coccidae,Luzulaspis australis,Grass Coccid,1,7
Insect,Tachinidae,Rutilia setosa,Horse Fly,1,6
Insect,Oecophoridae,Orescoa orites,,1,12
Insect,Tiphiidae,Rhagigaster ephippiger,,1,6
Insect,Hemerobiidae,Carobius elongatus,,1,8
Insect,Depressariidae,Eupselia aristonica,,1,6
Insect,Bombyliidae,Comptosia quadripennis,Bee Fly,1,5
Insect,Tenebrionidae,Metistete pimeloides,,1,8
Insect,Cerambycidae,Phalota binocularis,,1,5
Insect,Erebidae,Euproctis marginalis,,1,11
Insect,Geometridae,Casbia pallens,,1,8
Insect,Dryadaulidae,Dryadaula anthracorma,,1,6
Insect,Cosmopterigidae,Macrobathra baliomitra,,1,8
Insect,Gelechiidae,Leptogeneia bicristata,,1,6
Insect,Anthelidae,Chenuala heliaspis,Rose Anthelid Moth,1,4
Insect,Oecophoridae,Philobota hypocausta,Concealer Moth,1,4
Insect,Tineidae,Edosa idiochroa,Fungus Moth,1,8
Insect,Geometridae,Amelora anepiscepta,Geometer Moth,1,7
Insect,Curculionidae,Amycterus abnormis,,1,4
Insect,Psychidae,Lepidoscia annosella,Bagworm Moth,1,4
Insect,Chrysomelidae,Aporocera sculptilis,,1,10
Insect,Tortricidae,Isochorista pumicosa,Leafroller Moth,1,5
Insect,Depressariidae,Eupselia axiepaena,,1,6
Insect,Chrysomelidae,Aporocera cyanipennis,,1,4
Insect,Oecophoridae,Parergophela melirrhoa,Concealer Moth,1,5
Insect,Buprestidae,Castiarina balteata,,1,6
Insect,Cicadellidae,Macroceps tonnoiri,Leafhopper,1,6
Insect,Reduviidae,Sirthenea obscura,,1,3
Insect,Depressariidae,Doleromima hypoxantha,Moth,1,4
Insect,Tenthredinidae,Euura respondens,Willow Sawfly,1,4
Insect,Halictidae,Lasioglossum bryotrichum,Sweat Bee,1,4
Insect,Curculionidae,Mogulones geographicus,Paterson's Curse Root Weevil,1,4
Insect,Acrididae,Perala viridis,,1,7
Insect,Erebidae,Simplicia caeneusalis,,1,4
Insect,Erebidae,Rhapsa eretmophora,,1,3
Insect,Erebidae,Termessa shepherdi,Sheperd's Footman,1,4
Insect,Crambidae,Myriostephes matura,,1,6
Insect,Sphaeroceridae,Howickia subsinuata,,1,3
Insect,Sphecidae,Sphex argentatus,,1,3
Insect,Oecophoridae,Philobota agnesella,Concealer Moth,1,5
Insect,Trigonidiidae,Metioche vittaticollis,,1,8
Insect,Erebidae,Iropoca rotundata,Moth,1,5
Insect,Yloryctidae,Scieropepla reversella,,1,5
Insect,Reduviidae,Ectomocoris australicus,,1,3
Insect,Vespidae,Paragia tricolor,,1,5
Insect,Erebidae,Asura compsodes,,1,3
Insect,Stratiomyidae,Anacanthella angustifrons,,1,3
Insect,Curculionidae,Euwallacea fornicatus,Ambrosia Beetle,1,3
Insect,Curculionidae,Zimmermanianthus frater,,1,4
Insect,Psychidae,Bathromelas hyaloscopa,,1,3
Insect,Oecophoridae,Satrapia thesaurina,Concealer Moth,1,3
Insect,Cicadellidae,Smicrocotis obscura,Leafhopper,1,5
Insect,Bombyliidae,Comptosia heliophila,,1,4
Insect,Oecophoridae,Chrysonoma catoptrina,Concealer Moth,1,4
Insect,Oecophoridae,Eulechria ophiodes,Concealer Moth,1,6
Insect,Tropiduchidae,Oligaethus rostratus,,1,2
Insect,Colletidae,Euryglossina flaviventris,Plasterer Bee,1,2
Insect,Cicadellidae,Rhotidoides punctivena,,1,4
Insect,Tortricidae,Isochorista chaodes,,1,6
Insect,Cosmopterigidae,Trachydora capnopa,Cosmet Moth,1,7
Insect,Oecophoridae,Palimmeces leucomitra,Concealer Moth,1,5
Insect,Colletidae,Hylaeus albocuneatus,Plasterer Bee,1,2
Insect,Cosmopterigidae,Macrobathra hamaxitodes,,1,4
Insect,Chrysomelidae,Elaphodes aeneolus,,1,4
Insect,Buprestidae,Melobasis thoracica,,1,2
Insect,Chrysomelidae,Edusella puberula,,1,4
Insect,Sesiidae,Ichneumenoptera chrysophanes,Clearwing Moth,1,4
Insect,Gelechiidae,Ardozyga phloeodes,,1,2
Insect,Geometridae,Chloroclystis gonias,,1,2
Insect,Cosmopterigidae,Macrobathra aphristis,,1,4
Insect,Cicadellidae,Katipo signoreti,Leafhopper,1,2
Insect,Glyphipterigidae,Glyphipterix perimetalla,Sedge Moth,1,3
Insect,Cleridae,Stigmatium victoriae,,1,3
Insect,Psychidae,Psychanisa baliodes,,1,4
Insect,Tachinidae,Metaphryno bella,Horse Fly,1,2
Insect,Miridae,Porphyrodema pictulifer,Plant Bug,1,3
Insect,Rhyparochromidae,Scolopostethus forticornis,Seed Bug,1,6
Insect,Tortricidae,Dichelopa panoplana,,1,2
Insect,Oecophoridae,Placocosma hephaestea,,1,3
Insect,Eriococcidae,Apiomorpha calycina,Felt Scale Insect,1,3
Insect,Curculionidae,Neolaemosaccus longimanus,,1,3
Insect,Pyralidae,Ephestia kuehniella,Snout Moth,1,4
Insect,Oecophoridae,Artiastis heliacma,,1,3
Insect,Buprestidae,Castiarina amplipennis,,1,2
Insect,Noctuidae,Agrotis radians,Owlet Moth,1,3
Insect,Chrysomelidae,Aporocera rufoterminalis,,1,3
Insect,Colletidae,Paracolletes crassipes,Plasterer Bee,1,4
Insect,Asilidae,Bathypogon nigrinus,Robber Fly,1,6
Insect,Tephritidae,Trupanea prolata,Primitive Crane Fly,1,2
Insect,Tenebrionidae,Nyctozoilus reticulatus,,1,2
Insect,Tortricidae,Strepsicrates sphenophora,,1,3
Insect,Tenebrionidae,Hemicyclus punctulatus,,1,2
Insect,Tortricidae,Anisogona thysanoma,,1,2
Insect,Gelechiidae,Ardozyga aspetodes,,1,2
Insect,Megachilidae,Megachile obtusa,Bee,1,2
Insect,Cerambycidae,Ancita australis,,1,7
Insect,Erebidae,Eutane terminalis,,1,4
Insect,Crambidae,Talanga sexpunctalis,,1,3
Insect,Coccinellidae,Epilachna vigintisexpunctata,,1,3
Insect,Hesperiidae,Trapezites iacchus,Brown Ochre,1,3
Insect,Myrmeleontidae,Glenoleon osmyloides,,1,11
Insect,Lygaeidae,Crompus opacus,Bug,1,2
Insect,Pyralidae,Asarta fuliginosa,,1,4
Insect,Formicidae,Lioponera fervida,,1,2
Insect,Geometridae,Chrysolarentia adornata,Geometer Moth,1,2
Insect,Curculionidae,Emplesis storeoides,,1,2
Insect,Passalidae,Aulacocyclus teres,,1,2
Insect,Oecophoridae,Dolopsis chalcophragma,,1,2
Insect,Pentatomidae,Oncocoris desertus,,1,2
Insect,Erebidae,Halone sobria,,1,2
Insect,Mutillidae,Ephutomorpha princeps,,1,2
Insect,Tettigoniidae,Hexacentrus mundurra,,1,2
Insect,Gryllidae,Lepidogryllus comparatus,,1,2
Insect,Mantispidae,Euclimacia nuchalis,,1,2
Insect,Crambidae,Hygraula pelochyta,,1,2
Insect,Reduviidae,Veledella raptrix,Assassin Bug,1,2
Insect,Crambidae,Parapoynx epimochla,,1,2
Insect,Acanthosomatidae,Eupolemus virescens,Shield Bug,1,3
Insect,Libellulidae,Orthetrum migratum,Rosy Skimmer,1,3
Insect,Buprestidae,Diphucrania parva,,1,3
Insect,Crambidae,Eudonia epicryma,,1,2
Insect,Sphingidae,Gnathothlibus australiensis,,1,2
Insect,Cossidae,Endoxyla affinis,Carpenter Moth,1,2
Insect,Geometridae,Poecilasthena balioloma,Geometer Moth,1,2
Insect,Buprestidae,Melobasis gloriosa,,1,2
Insect,Yloryctidae,Cryptophasa delocentra,,1,5
Insect,Nemestrinidae,Trichopsidea oestracea,,1,2
Insect,Geometridae,Epidesmia oxyderces,,1,2
Insect,Acroceridae,Leucopsina odyneroides,Fly,1,2
Insect,Oedemeridae,Dasytomima rachelae,,1,2
Insect,Notodontidae,Hylaeora dilucida,Moth,1,3
Insect,Geometridae,Petelia medardaria,,1,2
Insect,Colletidae,Euhesma bronzus,,1,2
Insect,Scarabaeidae,Onthophagus tweedensis,,1,3
Insect,Hydrophilidae,Hydrophilus latipalpus,Large Water Beetle,1,2
Insect,Noctuidae,Idalima leonora,,1,2
Insect,Cerambycidae,Hylotrupes bajulus,Old House Borer,1,2
Insect,Phasmatidae,Tropidoderus gracilifemur,Sjöstedt’s Graceful Stick-insect,1,2
Insect,Cicadellidae,Eurymela rubrolimbata,,1,2
Insect,Pergidae,Pergagrapta spinolae,Sawfly,1,4
Insect,Formicidae,Camponotus stefani,Ant Species,1,3
Insect,Geometridae,Poecilasthena ischnophrica,,1,2
Insect,Erebidae,Amata antitheta,,1,2
Insect,Lampyridae,Australoluciola flavicollis,,1,2
Insect,Immidae,Imma tetrascia,,1,2
Insect,Tenebrionidae,Cyphaleus quadrispinosus,,1,2
Insect,Chrysomelidae,Calomela satelles,,1,2
Insect,Curculionidae,Orichora trivirgata,,1,2
Insect,Culicidae,Tripteroides magnesianus,,1,2
Insect,Cerambycidae,Pempsamacra pygmaea,,1,2
Insect,Oecophoridae,Eochrois dejunctella,Concealer Moth,1,5
Insect,Nolidae,Paracrama latimargo,,1,2
Insect,Miridae,Austrodapus nitens,,1,2
Insect,Geometridae,Dichromodes explanata,Geometer Moth,1,2
Insect,Trigonidiidae,Nambungia balyarta,,1,2
Insect,Pieridae,Elodina padusa,Narrow-winged Pearl White,1,2
Insect,Oecophoridae,Habroscopa iriodes,Concealer Moth,1,2
Insect,Culicidae,Anopheles hilli,,1,2
Insect,Scarabaeidae,Semanopterus subcostatus,,1,5
Insect,Cosmopterigidae,Leptozestis toreutica,,1,4
Insect,Curculionidae,Perperus lateralis,Whitestriped Weevil,1,2
Insect,Lycaenidae,Hypochrysops halyaetus,Turquoise Jewel,1,2
Insect,Cerambycidae,Amphirhoe decora,,1,3
Insect,Vespidae,Deuterodiscoelius verreauxii,Wasp,1,2
Insect,Geometridae,Cymatoplex halcyone,,1,2
Insect,Cerambycidae,Aphanosperma orientalis,,1,3
Insect,Geometridae,Ciampa chordota,Geometer Moth,1,2
Insect,Noctuidae,Ectopatria pelosticta,,1,1
Insect,Chrysomelidae,Paropsisterna trimaculata,Eucalyptus Leaf Beetle,1,3
Insect,Carabidae,Trigonothops pacifica,,1,1
Insect,Gelechiidae,Ardozyga neurosticha,,1,1
Insect,Pyralidae,Araeopaschia normalis,,1,1
Insect,Pyralidae,Phycitodes melanosticta,,1,5
Insect,Gryllidae,Velarifictorus diminuens,,1,2
Insect,Cyclotornidae,Cyclotorna egena,,1,1
Insect,Aphididae,Tinocallis ulmiparvifolii,,1,2
Insect,Pyralidae,Assara proleuca,,1,1
Insect,Opostegidae,Opostega orestias,,1,1
Insect,Erebidae,Bastilla joviana,,1,1
Insect,Colletidae,Leioproctus alleynae,Plasterer Bee,1,4
Insect,Chrysomelidae,Paropsisterna atalanta,,1,1
Insect,Tachinidae,Microtropesa viridescens,,1,2
Insect,Geometridae,Ectropis aganopa,,1,2
Insect,Mantidae,Rhodomantis disparilis,,1,1
Insect,Tortricidae,Scolioplecta molybdantha,,1,1
Insect,Colletidae,Trichocolletes chrysostomus,,1,1
Insect,Buprestidae,Diphucrania minutissima,,1,1
Insect,Curculionidae,Sosytelus pithecius,,1,1
Insect,Oecophoridae,Habrochlanis fragilis,Concealer Moth,1,1
Insect,Oecophoridae,Haplodyta polybotrya,Concealer Moth,1,2
Insect,Megachilidae,Megachile heliophila,,1,2
Insect,Bombyliidae,Comptosia neobiguttata,,1,1
Insect,Gracillariidae,Acrocercops caenotheta,,1,1
Insect,Culicidae,Aedes theobaldi,,1,1
Insect,Tenebrionidae,Cardiothorax behri,,1,1
Insect,Noctuidae,Heliocheilus rhodopolia,,1,1
Insect,Coccinellidae,Diomus insidiosus,,1,1
Insect,Buprestidae,Melobasis nervosa,,1,3
Insect,Miridae,Sejanus palumae,,1,1
Insect,Buprestidae,Castiarina skusei,,1,1
Insect,Chrysomelidae,Oides fryi,,1,1
Insect,Therevidae,Anabarhynchus annulatus,,1,1
Insect,Gasteruptiidae,Gasteruption platycephala,Parasitoid Wasp,1,1
Insect,Tortricidae,Phricanthes asperana,,1,1
Insect,Castniidae,Synemon parthenoides,Mallee Sunmoth,1,1
Insect,Philopteridae,Columbicola columbae,,1,1
Insect,Scarabaeidae,Pachytricha castanea,,1,1
Insect,Curculionidae,Misophrice alternata,,1,1
Insect,Formicidae,Austroponera rufonigra,,1,1
Insect,Noctuidae,Hecatesia exultans,Small Whistling Moth,1,1
Insect,Bombyliidae,Meomyia albiceps,Bee Fly,1,1
Insect,Aulacidae,Pristaulacus formosus,,1,1
Insect,Formicidae,Stigmacros pusilla,,1,1
Insect,Asilidae,Daptolestes bronteflavus,,1,1
Insect,Reduviidae,Neoveledella aculeata,,1,1
Insect,Formicidae,Colobostruma sisypha,,1,1
Insect,Oecophoridae,Eulechria pantelella,,1,1
Insect,Curculionidae,Tranes lyterioides,,1,1
Insect,Cleridae,Eleale viridicollis,,1,1
Insect,Tingidae,Teleonemia scrupulosa,Lantana Lace Bug,1,1
Insect,Belidae,Rhinotia plagiata,,1,1
Insect,Buprestidae,Castiarina xystra,,1,2
Insect,Acrididae,Rectitropis exclusa,,1,1
Insect,Scarabaeidae,Onthophagus semimetallicus,,1,1
Insect,Gracillariidae,Phyllocnistis acmias,,1,1
Insect,Cicadidae,Psaltoda flavescens,,1,1
Insect,Bombyliidae,Staurostichus dulcis,,1,1
Insect,Stathmopodidae,Stathmopoda mimantha,,1,1
Insect,Asilidae,Brachyrhopala ruficornis,Robber Fly,1,1
Insect,Histeridae,Chlamydopsis strigicollis,,1,1
Insect,Rhiniidae,Stomorhina pollinosa,,1,2
Insect,Curculionidae,Rhamphus acaciae,,1,1
Insect,Zygaenidae,Hestiochora continentalis,Forester Moth,1,1
Insect,Belidae,Apagobelus brevirostris,,1,1
Insect,Noctuidae,Proteuxoa poliocrossa,,1,1
Insect,Tabanidae,Scaptia abdominalis,,1,1
Insect,Geometridae,Idiochroa celidota,,1,1
Insect,Aphalaridae,Cardiaspina artifex,,1,1
Insect,Drosophilidae,Leucophenga regina,,1,1
Insect,Pentatomidae,Parocirrhoe woodwardi,,1,3
Insect,Bostrichidae,Xylothrips religiosa,,1,1
Insect,Chloropidae,Tricimba carinifacies,,1,1
Insect,Tiphiidae,Tachynomyia volatilis,,1,1
Insect,Nitidulidae,Cryptarcha nitidissima,,1,1
Insect,Crabronidae,Sericophorus metallescens,,1,1
Insect,Curculionidae,Mechistocerus calidris,,1,1
Insect,Reduviidae,Polycentrocoris turneri,,1,1
Insect,Staphylinidae,Philonthus discoideus,,1,1
Insect,Curculionidae,Poropterus bisignatus,,1,1
Insect,Sphingidae,Psilogramma argos,,1,1
Insect,Pyralidae,Endotricha euphiles,,1,1
Insect,Lycidae,Metriorrhynchus moerens,,1,1
Insect,Cicadellidae,Ishidaella albomarginata,,1,1
Insect,Colletidae,Heterohesma weiri,Plasterer Bee,1,1
Insect,Aphididae,Aphis eugeniae,,1,1
Insect,Oecophoridae,Crepidosceles glycydora,Concealer Moth,1,1
Insect,Austroniidae,Austronia rubrithorax,Parasitoid Wasp,1,1
Insect,Pseudophyllodromiidae,Ellipsidion notabile,,1,1
Insect,Flatidae,Cryptobarsac rubriops,,1,1
Insect,Rhyparochromidae,Myocara acuminatum,Seed Bug,1,1
Insect,Gelechiidae,Australiopalpa commoni,,1,1
Insect,Therevidae,Anabarhynchus planifrons,Stiletto Fly,1,1
Insect,Aeolothripidae,Aeolothrips fasciatus,,1,1
Insect,Acroceridae,Mesophysa ilzei,Fly,1,1
Insect,Cicadellidae,Austrolopa brunensis,Leafhopper,1,1
Insect,Halictidae,Lipotriches kurandina,,1,1
Insect,Oecophoridae,Sclerocris amoebaea,,1,1
Insect,Oecophoridae,Sclerocris tetragona,,1,1
Insect,Bibionidae,Dilophus pictipes,March Fly,1,1
Insect,Tephritidae,Philophylla erebia,,1,1
Insect,Lygaeidae,Thunbergia rufifemur,,1,1
Insect,Tiphiidae,Catocheilus annulatus,,1,1
Insect,Tipulidae,Ptilogyna bicolor,Crane Fly,1,1
Insect,Formicidae,Polyrhachis angusta,,1,1
Insect,Tabanidae,Copidapha maculiventris,,1,1
Insect,Oecophoridae,Heteroteucha parvula,Concealer Moth,1,1
Insect,Chironomidae,Procladius squamifer,Midge,1,1
Insect,Cerambycidae,Atesta carteri,,1,1
Insect,Asilidae,Pararatus ricardoae,,1,1
Insect,Pompilidae,Sphictostethus gadali,,1,1
Insect,Oecophoridae,Eochrois caminias,,1,1
Insect,Geometridae,Iulops argocrana,White-fringed Emerald,1,1
Insect,Cerambycidae,Phoracantha ancoralis,,1,2
Insect,Tenebrionidae,Hemicistela discoidalis,,1,1
Insect,Cerambycidae,Pentacosmia cacioides,,1,1
Insect,Curculionidae,Mandalotus contortus,,1,1
Insect,Pyralidae,Austropaschia porrigens,Snout Moth,1,1
Insect,Buprestidae,Agrilus raphelisi,,1,1
Insect,Asterolecaniidae,Frenchia casuarinae,,1,1
Insect,Spongiphoridae,Spirolabia pilicornis,,1,1
Insect,Chrysomelidae,Peltoschema trilineata,,1,1
Insect,Sphaeroceridae,Howickia erythrocephala,,1,1
Insect,Curculionidae,Hylastes ater,Black Pine Bark Beetle,1,3
Insect,Curculionidae,Micraonychus interruptus,,1,1
Insect,Artheneidae,Dilompus woodwardi,Bug,1,1
Insect,Hepialidae,Oncopera intricata,,1,1
Insect,Formicidae,Odontomachus cephalotes,,1,1
Insect,Nicoletiidae,Subtrinemura epigea,,1,2
Insect,Chrysomelidae,Paropsisterna giachinoi,,1,1
Insect,Dermestidae,Eurhopalus hobartensis,,1,1
Insect,Buprestidae,Aaaaba nodosus,,1,1
Insect,Curculionidae,Cycloporopterus mysticus,,1,1
Insect,Crabronidae,Pison rufipes,Wasp,1,1
Insect,Lachesillidae,Lachesilla tectorum,,1,1
Insect,Encyrtidae,Copidosoma floridanum,,1,1
Insect,Phlaeothripidae,Bactrothrips nativus,,1,1
Insect,Noctuidae,Proteuxoa goniographa,,1,1
Insect,Tineidae,Vanna bisepta,,1,1
Insect,Coreidae,Acantholybas kirkaldyi,,1,1
Insect,Therevidae,Acupalpa divisa,,1,2
Insect,Flatidae,Hypsiphanta minax,,1,1
Insect,Pyralidae,Hypocosmia pyrochroma,,1,1
Insect,Ironomyiidae,Ironomyia francisi,,1,1
Insect,Tabanidae,Austroplex goldfinchi,,1,1
Insect,Tephritidae,Philophylla fossata,,1,1
Insect,Formicidae,Melophorus gibbosus,,1,1
Insect,Cossidae,Endoxyla tenebrifer,,1,1
Insect,Tabanidae,Dasybasis appendiculata,,1,1
Insect,Ripiphoridae,Sitarida flavicornis,,1,1
Insect,Roeslerstammiidae,Nematobola isorista,,1,1
Insect,Megachilidae,Megachile ordinaria,Bee,1,1
Insect,Formicidae,Lioponera longitarsus,,1,1
Insect,Crambidae,Clupeosoma pellucidalis,,1,1
Insect,Oecophoridae,Olbonoma leptospila,,1,1
Insect,Geometridae,Paurocoma molybdina,Geometer Moth,1,1
Insect,Halictidae,Lipotriches submoerens,,1,1
Insect,Colletidae,Pachyprosopis eucalypti,,1,1
Insect,Heteromyzidae,Tapeigaster digitata,Fly,1,1
Insect,Limoniidae,Molophilus aphanta,Crane Fly,1,1
Insect,Attelabidae,Euops victoriensis,,1,1
Insect,Anthelidae,Anthela achromata,,1,1
Insect,Curculionidae,Aterpodes tuberculatus,,1,1
Insect,Platystomatidae,Lamprogaster laeta,Signal Fly,1,1
Insect,Cleridae,Thriocerodes bipartitus,,1,1
Insect,Tortricidae,Ancylis segetana,,1,1
Insect,Ichneumonidae,Lissopimpla scutata,,1,1
Insect,Elateridae,Cryptalaus macleayi,,1,1
Insect,Buprestidae,Pseudanilara purpureicollis,,1,4
Insect,Ichneumonidae,Eriostethus minimus,,1,1
Insect,Cerambycidae,Bebius filiformis,,1,1
Insect,Cossidae,Archaeoses magicosema,Moth,1,1
Insect,Cleridae,Lemidia basiflava,,1,1
Insect,Chrysomelidae,Trirhabda bacharidis,,1,1
Insect,Lucanidae,Safrina jugularis,,1,1
Insect,Cerambycidae,Acalolepta mixta,Fig‑tree Longicorn Beetle,1,1
Insect,Drosophilidae,Crincosia lawgana,,1,1
Insect,Pteromalidae,Ophelosia bifasciata,,1,1
Insect,Buprestidae,Melobasis rectipilosa,,1,1
Insect,Therevidae,Acupalpa boharti,,1,1
Insect,Culicidae,Anopheles meraukensis,Mosquito,1,1
Insect,Erebidae,Dysgonia senex,,1,2
Insect,Psyllidae,Acizzia credoensis,,1,1
Insect,Philopteridae,Forficuloecus forficula,,1,1
Insect,Curculionidae,Ipsichora duplicata,,1,1
Insect,Scarabaeidae,Onthophagus pexatus,,1,1
Insect,Therevidae,Bonjeania segnis,,1,7
Insect,Brentidae,Schizoeupsalis promissa,,1,1
Insect,Chrysomelidae,Paropsisterna philomela,,1,1
Insect,Megachilidae,Megachile remotula,,1,1
Insect,Colletidae,Hylaeus cyanurus,,1,1
Insect,Erebidae,Rhapsa occidentalis,,1,1
Insect,Menoponidae,Austromenopon paululum,,1,1
Insect,Endomychidae,Stenotarsoides arithmeticus,,1,1
Insect,Pyralidae,Etiella scitivittalis,,1,1
Insect,Cleridae,Lemidia tasmanica,,1,1
Insect,Tephritidae,Clusiosomina puncticeps,,1,2
Insect,Calliphoridae,Calliphora sternalis,Blow Fly,1,1
Insect,Asilidae,Saropogon flavofacialis,,1,1
Insect,Rhyparochromidae,Remaudiereana nigriceps,,1,1
Insect,Anthelidae,Anthela postica,,1,1
Insect,Tettigoniidae,Caedicia acutifolia,,1,1
Insect,Carabidae,Demetrida longicollis,,1,1
Insect,Zygaenidae,Pollanisus apicalis,Forester Moth,1,2
Insect,Chironomidae,Coelopynia pruinosa,Midge,1,1
Insect,Buprestidae,Castiarina undulata,,1,1
Insect,Scoliidae,Austroscolia nitida,,1,1
Insect,Ichneumonidae,Labium approximatum,,1,1
Insect,Cleridae,Apteropilo chrysocome,,1,1
Insect,Stratiomyidae,Australoactina costata,,1,2
Insect,Rhinotermitidae,Heterotermes ferox,Termite,1,1
Insect,Pergidae,Clarissa atrata,,1,1
Insect,Nolidae,Nola leucoma,,1,1
Insect,Monotomidae,Monotoma longicollis,,1,1
Insect,Mordellidae,Austromordella niveosuturalis,,1,1
Insect,Cerambycidae,Homaemota basalis,,1,1
Insect,Lucanidae,Lissotes curvicornis,,1,1
Insect,Nepidae,Austronepa angusta,Water Scorpion,1,1
Insect,Lestoideidae,Diphlebia coerulescens,Sapphire Rockmaster,1,2
Insect,Pyralidae,Ctenomeristis shafferi,,1,1
Insect,Formicidae,Myrmecia rufinodis,Bull Ant,1,1
Insect,Buprestidae,Temognatha westwoodii,,1,1
Insect,Formicidae,Polyrhachis weiri,,1,1
Insect,Nitidulidae,Brassicogethes aeneus,,1,1
Insect,Tortricidae,Tracholena dialeuca,,1,1
Insect,Geometridae,Taxeotis mimela,Geometer Moth,1,1
Insect,Curculionidae,Euomus scorpio,,1,1
Insect,Cossidae,Culama alpina,Carpenter Moth,1,1
Insect,Tettigoniidae,Xederra charactus,,1,1
Insect,Crambidae,Glyphodes apiospila,,1,1
Insect,Chrysomelidae,Lamprolina binotata,,1,1
Insect,Noctuidae,Pyripnoa pyraspis,,1,1
Insect,Nanaomantidae,Neomantis hyalina,,1,1
Insect,Carabidae,Helluonidius cyaneus,,1,1
Insect,Eurytomidae,Risbecoma acaciarum,,1,1
Insect,Lauxaniidae,Homoneura proximella,,1,1
Insect,Syrphidae,Ceriana breviscapa,Hover Fly,1,1
Insect,Chironomidae,Microtendipes umbrosus,Midge,1,1
Insect,Tenebrionidae,Lepturidea mastersi,,1,1
Insect,Dermestidae,Eurhopalus morio,,1,1
Insect,Trichodectidae,Werneckiella equi,Horse Biting Louse,1,1
Insect,Geocoridae,Unicageocoris griseus,Big-eyed Bug,1,1
Insect,Oecophoridae,Heteroteucha rhoecozona,Concealer Moth,1,1
Insect,Thripidae,Thrips imaginis,Plague Thrips,1,2
Insect,Megachilidae,Megachile tarltoni,,1,1
Insect,Buprestidae,Neocuris gracilis,,1,1
Insect,Formicidae,Monomorium fieldi,Little Black Mono Ant,1,2
Insect,Pyralidae,Heteromicta sordidella,,1,1
Insect,Buprestidae,Agrilus carterellus,,1,1
Insect,Phlaeothripidae,Gynaikothrips australis,,1,2
Insect,Megachilidae,Austrothurgus cognatus,,1,1
Insect,Brentidae,Euschizus dictatorius,,1,1
Insect,Chrysomelidae,Cheiloxena westwoodii,,1,1
Insect,Pergidae,Cerealces scutellata,Sawfly,1,1
Insect,Hepialidae,Aenetus dulcis,,1,1
Insect,Tortricidae,Tarachota hemicosmana,,1,1
Insect,Oecophoridae,Hoplomorpha caminodes,,1,1
Insect,Tettigoniidae,Kapalgagraecia nauma,,1,1
Insect,Berothidae,Quasispermophorella neuropunctata,,1,1
Insect,Megachilidae,Megachile hackeri,,1,1
Insect,Carposinidae,Bondia attenuatana,,1,1
Insect,Geometridae,Nearcha pseudophaes,Geometer Moth,1,1
Insect,Geometridae,Casbia impressaria,,1,1
Insect,Pentatomidae,Diaphyta rosea,,1,1
Insect,Meloidae,Palaestrida assimilis,,1,1
Insect,Colletidae,Leioproctus cristatus,Plasterer Bee,1,1
Insect,Mutillidae,Ephutomorpha laetabilis,,1,1
Insect,Curculionidae,Lophixus major,,1,1
Insect,Tortricidae,Epiphyas sobrina,,1,1
Insect,Scarabaeidae,Microthopus castanopterus,,1,1
Insect,Geometridae,Dichromodes orthozona,,1,1
Insect,Dolichopodidae,Austrosciapus discretifasciatus,Long-legged Fly,1,1
Insect,Staphylinidae,Philonthus subcingulatus,,1,1
Insect,Perissommatidae,Perissomma dobrotworskyi,Fly,1,1
Insect,Mutillidae,Ancistrotilla fabricii,,1,1
Insect,Buprestidae,Castiarina jospilota,,1,1
Insect,Stratiomyidae,Elissoma brunnea,,1,1
Insect,Colletidae,Meroglossa soror,,1,1
Insect,Erebidae,Orgyia papuana,,1,1
Insect,Rhyparochromidae,Megadrymus terraereginae,,1,1
Insect,Colletidae,Trichocolletes burnsi,Plasterer Bee,1,1
Insect,Lucanidae,Figulus sulcicollis,,1,1
Insect,Calliphoridae,Calliphora fallax,,1,1
Insect,Chrysomelidae,Paropsisterna aequalis,,1,1
Insect,Erebidae,Lambula pleuroptycha,,1,1
Insect,Curculionidae,Notomagdalis mamillata,,1,1
Insect,Chrysomelidae,Cassida sappho,,1,1
Insect,Yloryctidae,Cryptophasa alphitodes,,1,1
Insect,Tachinidae,Cylindromyia bimacula,Horse Fly,1,2
Insect,Encyrtidae,Vosleria australia,,1,1
Insect,Cryptorhamphidae,Gonystus nasutus,Bug,1,1
Insect,Chrysopidae,Ankylopteryx pallida,,1,1
Insect,Ichneumonidae,Poecilocryptus galliphagus,Ichneumon Wasp,1,1
Insect,Curculionidae,Brachyphyes thoracicus,,1,1
Insect,Cerambycidae,Nathrius brevipennis,,1,1
Insect,Curculionidae,Catastygnus rivulosus,,1,1
Insect,Melyridae,Balanophorus janthinipennis,,1,1
Insect,Curculionidae,Sclerorinus bubalus,,1,1
Insect,Pentatomidae,Menida longula,,1,1
Insect,Bolboceratidae,Bolborhachium trituberculatum,,1,1
Insect,Pentatomidae,Cuspicona intacta,,1,2
Insect,Curculionidae,Gonipterus citrophagus,,1,1
Insect,Curculionidae,Meriphus lateroalbus,,1,5
Insect,Ichneumonidae,Habronyx lachesis,,1,1
Insect,Coreidae,Chelinidea tabulata,Prickly Pear Bug,1,1
Insect,Tingidae,Epimixia veteris,,1,1
Insect,Cleridae,Tenerus telephoroides,,1,1
Insect,Cerambycidae,Atesta tasmanica,,1,1
Insect,Scarabaeidae,Pimelopus porcellus,,1,1
Insect,Cleridae,Orthrius duplopunctatus,,1,1
Insect,Cerambycidae,Syllitus uniformis,,1,1
Insect,Ethmiidae,Ethmia praeclara,,1,1
Insect,Pyralidae,Assara leucarma,,1,1
Insect,Coccinellidae,Bucolus fourneti,,1,1
Insect,Acanthocnemidae,Acanthocnemus nigricans,Beetle,1,1
Insect,Calliphoridae,Calliphora canimicans,Blow Fly,1,1
Insect,Pteromalidae,Agamerion coeruleiventre,,1,1
Insect,Chironomidae,Polypedilum seorsum,Midge,1,1
Insect,Syrphidae,Triglyphus fulvicornis,,1,1
Insect,Colletidae,Leioproctus douglasiellus,A Short-tongued Bee,1,1
Insect,Blattidae,Platyzosteria denticulata,,1,1
Insect,Reduviidae,Nyllius asperatus,,1,1
Insect,Tabanidae,Dasybasis acutipalpis,,1,1
Insect,Belidae,Rhinotia centralis,,1,1
Insect,Sphingidae,Macroglossum vacillans,,1,1
Insect,Tabanidae,Copidapha neotricolor,,1,1
Insect,Tephritidae,Oedaspis austrina,,1,1
Insect,Gerridae,Limnogonus luctuosus,Water Strider,1,1
Insect,Tephritidae,Bactrocera halfordiae,,1,1
Insect,Erebidae,Acontia elaeoa,,1,1
Insect,Geometridae,Eretmopus marinaria,,1,1
Insect,Pteromalidae,Cybopella eucalypti,,1,1
Insect,Yloryctidae,Plectophila electella,,1,1
Insect,Australembiidae,Metoligotoma tasmanica,,1,1
Insect,Tettigoniidae,Dexerra turpis,,1,1
Insect,Formicidae,Melophorus bruneus,,1,1
Insect,Derodontidae,Nothoderodontus darlingtoni,,1,1
Insect,Chrysomelidae,Aporocera libertina,,1,1
Insect,Geometridae,Parepisparis rutila,,1,1
Insect,Curculionidae,Scolytus multistriatus,Elm Bark Beetle,1,1
Insect,Yloryctidae,Pilostibes serpta,,1,1
Insect,Tenebrionidae,Cyphaleus brevispinosus,,1,1
Insect,Sphingidae,Psilogramma maxmouldsi,,1,1
Insect,Culicidae,Ochlerotatus,,1,1
Insect,Scarabaeidae,Heteronychus parumpunctatus,,1,1
Insect,Syrphidae,Microdon nigromarginalis,,1,1
Insect,Termitidae,Nasutitermes longipennis,,1,1
Insect,Monophlebidae,Icerya australis,,1,1
Insect,Anthomyiidae,Paregle audacula,Fly,1,1
Insect,Pentatomidae,Grossiana persignata,,1,1
Insect,Chrysomelidae,Paropsisterna galatea,,1,2
Insect,Braconidae,Sathon moratus,,1,2
Insect,Chrysomelidae,Aporocera rufescens,,1,2
Insect,Brentidae,Austronanodes alleni,,1,1
Insect,Blattellidae,Blattella lituricollis,,1,1
Insect,Cerambycidae,Atesta longoelytrata,,1,1
Insect,Callirhipidae,Ennometes ruficornis,,1,1
Insect,Ichneumonidae,Cidaphus glabrosus,,1,1
Insect,Cerambycidae,Disterna annulata,,1,1
Insect,Cerambycidae,Tropocalymma dimidiata,,1,1
Insect,Yponomeutidae,Zelleria cyanoleuca,Ermine Moth,1,1
Insect,Buprestidae,Temognatha similis,,1,1
Insect,Cleridae,Lemidia biaculeata,,1,1
Insect,Cleridae,Eleale illaetabilis,,1,1
Insect,Chrysomelidae,Edusella pilifera,,1,1
Insect,Passandridae,Passandra marginata,,1,1
Insect,Termitidae,Amitermes meridionalis,"Magnetic Termite, Compass Termite",1,1
Insect,Erebidae,Tolpiodes aphanta,,1,1
Insect,Papilionidae,Pachliopta polydorus,Red-bodied Swallowtail,1,1
Insect,Lycaenidae,Jalmenus daemeli,Dämel's Blue,1,2
Insect,Blattidae,Euzosteria sordida,Cockroach,1,1
Insect,Euteliidae,Stictoptera cucullioides,,1,1
Insect,Noctuidae,Eurypsyche lewinii,,1,1
Insect,Oecophoridae,Chezala osteochroa,,1,1
Insect,Erebidae,Amata annulata,Moth,1,4
Insect,Buprestidae,Agrilus kokaburra,,1,2
Insect,Cerambycidae,Aristobia reticulator,Longhorn Beetle,1,2
Insect,Lycaenidae,Acrodipsas myrmecophila,Small Ant-blue,1,1
Insect,Oecophoridae,Eulechria capsellata,Concealer Moth,1,1
Insect,Nymphalidae,Nesoxenica leprea,Leprea Brown,1,1
Insect,Nymphalidae,Vindula arsinoe,Cruiser,1,1
Insect,Hesperiidae,Trapezites heteromacula,Orange White-spot Skipper,1,1
Insect,Hesperiidae,Telicota anisodesma,Southern Large Darter,1,1
Insect,Curculionidae,Acantholophus mastersi,,1,1
Insect,Flatidae,Jamella australiae,Pandanus Planthopper,1,1
Insect,Coccinellidae,Archegleis kingi,,1,1
Insect,Ichneumonidae,Horstmannolochus pulchripennis,,1,1
Insect,Cicadellidae,Platyledra hirsuta,,1,1
Insect,Mantispidae,Theristria discolor,,1,1
Insect,Glyphipterigidae,Glyphipterix halimophila,,1,1
Insect,Cicadellidae,Rosopaella crofta,Leafhopper,1,3
Insect,Chrysomelidae,Paropsisterna obliterata,Obliterate Melaleuca Leaf Beetle,1,1
Insect,Cicadellidae,Putoniessa aroka,,1,1
Insect,Cerambycidae,Obrida comata,,1,1
Insect,Blattidae,Euzosteria nobilis,Cockroach,1,1
Insect,Miridae,Dagbertus flavoscutellatus,,1,1
Insect,Geometridae,Amblychia subrubida,,1,1
Insect,Cicadidae,Yoyetta delicata,,1,1
Insect,Oecophoridae,Philobota erebodes,Moth,1,2
Insect,Nemestrinidae,Trichophthalma bivitta,,1,1
Insect,Geometridae,Casbia albinotata,,1,1
Insect,Gelechiidae,Ardozyga telopis,Twirler Moth,1,2
Insect,Trigonidiidae,Pteronemobius nundra,,1,1
Insect,Oecophoridae,Oxythecta alternella,Concealer Moth,1,1
Insect,Crambidae,Nechilo macrogona,Grass Moth,1,4
Insect,Geometridae,Nearcha curtaria,Geometer Moth,1,2
Insect,Geometridae,Amelora oncerodes,Geometer Moth,1,1
Insect,Trigonidiidae,Trigonidium sjostedti,,1,1
Insect,Termitidae,Amitermes perarmatus,,1,1
Insect,Scarabaeidae,Saprosites mendax,,1,2
Insect,Staphylinidae,Dalotia coriaria,,1,1
Insect,Erebidae,Bocana manifestalis,,1,1
Insect,Libellulidae,Potamarcha congener,Swampwatcher,1,1
Insect,Diaspididae,Chrysomphalus aonidum,,1,1
Insect,Oecophoridae,Cosmaresta archedora,Concealer Moth,1,2
Insect,Ascalaphidae,Suhpalacsa nigrescens,,1,1
Insect,Cerambycidae,Eroschema affine,,1,1
Insect,Psyllidae,Acizzia miraculosa,,1,1
Insect,Histeridae,Chlamydopsis serricollis,,1,1
Insect,Plutellidae,Tritymba dianipha,,1,1
Insect,Cerambycidae,Rhytiphora paulla,,1,1
Insect,Cosmopterigidae,Pyroderces rileyi,,1,2
Insect,Formicidae,Camponotus johnclarki,Sugar Ant,1,1
Insect,Buprestidae,Castiarina luteipennis,,1,1
Insect,Cosmopterigidae,Mimodoxa metallica,,1,1
Insect,Carabidae,Agonocheila cribripennis,,1,3
Insect,Cerambycidae,Adrium catoxanthum,,1,1
Insect,Blaberidae,Calolampra mjoebergi,,1,4
Insect,Buprestidae,Astraeus samouelli,,1,1
Insect,Nemestrinidae,Trichophthalma rosea,,1,1
Insect,Cleridae,Lemidia malthina,,1,1
Insect,Curculionidae,Tyrtaeosus mixtus,,1,1
Insect,Geometridae,Taxeotis subvelaria,,1,5
Insect,Lophocateridae,Neaspis variegata,,1,3
Insect,Cossidae,Endoxyla nubila,,1,3
Insect,Psychopsidae,Psychopsis elegans,,1,1
Insect,Psychidae,Sentica oppositella,,1,1
Insect,Tortricidae,Toonavora aellaea,,1,1
Insect,Tenebrionidae,Pterohelaeus granuliger,,1,2
Insect,Colletidae,Euryglossa subsericea,Plasterer Bee,1,2
Insect,Depressariidae,Agriophara cinderella,Concealer Moth,1,1
Insect,Ripiphoridae,Ptilophorus persimilis,,1,3
Insect,Glyphipterigidae,Glyphipterix drosophaes,,1,1
Insect,Tridactylidae,Tridactylus australicus,,1,2
Insect,Histeridae,Chlamydopsis reticulata,,1,7
Insect,Syrphidae,Psilota bicolor,,1,1
Insect,Tachinidae,Toxocnemis vittata,,1,1
Insect,Oecophoridae,Crepidosceles chryserythra,,1,1
Insect,Hesperiidae,Toxidia parvula,Banded Grass-skipper,1,1
Insect,Tachinidae,Rutilia micropalpis,,1,1
Insect,Nolidae,Nanaguna clopaea,,1,3
Insect,Depressariidae,Pedois epinephela,,1,1
Insect,Oecophoridae,Coesyra cyclotoma,Concealer Moth,1,2
Insect,Cossidae,Sympycnodes arachnophora,Carpenter Moth,1,2
Insect,Buprestidae,Diphucrania aurocyanea,,1,1
Insect,Curculionidae,Mandalotus spurcus,,1,1
Insect,Chrysomelidae,Paropsisterna pictipes,,1,1
Insect,Oecophoridae,Crepidosceles orthomochla,,1,1
Insect,Nemestrinidae,Trichophthalma scapularis,Tangle-veined Fly,1,1
Insect,Tettigoniidae,Tinzeda lobata,,1,1
Insect,Gryllacrididae,Arrolla longicauda,,1,1
Insect,Yloryctidae,Catoryctis mediolinea,,1,1
Insect,Scarabaeidae,Phyllotocus ustulatus,,1,1
Insect,Trogossitidae,Leperina seposita,,1,1
Insect,Oecophoridae,Heteroteucha kershawi,Concealer Moth,1,1
Insect,Noctuidae,Athetis striolata,,1,1
Insect,Asilidae,Daptolestes nicholsoni,,1,1
Insect,Tenebrionidae,Cyphaleus childreni,,1,1
Insect,Cerambycidae,Uracanthus pertenuis,,1,1
Insect,Formicidae,Myrmecia testaceipes,Bull Ant,1,2
Insect,Oecophoridae,Cosmaresta charaxias,Concealer Moth,1,1
Insect,Tortricidae,Heliocosma melanotypa,Leafroller Moth,1,3
Insect,Cecidomyiidae,Cystiphora schmidti,Chondrilla Gall Midge,1,1
Insect,Erebidae,Digama marmorea,,1,5
Insect,Colletidae,Leioproctus platycephalus,Plasterer Bee,1,3
Insect,Carabidae,Demetrida vittata,,1,3
Insect,Tenebrionidae,Celibe limbata,,1,2
Insect,Crambidae,Eclipsiodes homora,,1,1
Insect,Oecophoridae,Prodelodes samphoras,Concealer Moth,1,1
Insect,Depressariidae,Tonica effractella,,1,2
Insect,Oecophoridae,Wingia eonephella,Concealer Moth,1,1
Insect,Cleridae,Zenithicola crassa,,1,2
Insect,Noctuidae,Periscepta polysticta,Owlet Moth,1,3
Insect,Carabidae,Cicindela mastersi,,1,1
Insect,Oecophoridae,Phytotrypa propriella,Concealer Moth,1,4
Insect,Blattidae,Platyzosteria anceps,,1,1
Insect,Formicidae,Lioponera senescens,,1,1
Insect,Gelechiidae,Decatopseustis cataphanes,,1,1
Insect,Tortricidae,Strepsicrates semicanella,,1,1
Insect,Scarabaeidae,Diphucephala elegans,,1,2
Insect,Oecophoridae,Thema proxima,Concealer Moth,1,1
Insect,Cecidomyiidae,Dasineura pilifera,Gall Gnat,1,1
Insect,Cerambycidae,Atesta ibidionoides,,1,1
Insect,Halictidae,Lasioglossum caloundrense,,1,1
Insect,Carposinidae,Carposina neurophorella,,1,1
Insect,Oecophoridae,Pseudotheta syrtica,,1,1
Insect,Erebidae,Euproctis limbalis,Moth,1,1
Insect,Pentatomidae,Plautia affinis,Green Stink Bug,1,12
Insect,Hepialidae,Oxycanus lyelli,Ghost Moth,1,1
Insect,Apioceridae,Apiocera moerens,,1,2
Insect,Gryllidae,Eurygryllodes diminutus,,1,1
Insect,Tortricidae,Thrincophora signigerana,,1,1
Insect,Cicadellidae,Taslopa montana,Leafhopper,1,1
Insect,Chrysomelidae,Elaphodes pilula,,1,4
Insect,Oecophoridae,Philobota dichotoma,Concealer Moth,1,3
Insect,Oecophoridae,Philobota homochroa,,1,2
Insect,Chrysomelidae,Peltoschema medioflava,,1,2
Insect,Geometridae,Idaea ferrilinea,Geometer Moth,1,1
Insect,Tephritidae,Euribia solstitialis,,1,2
Insect,Cerambycidae,Tropis roei,,1,2
Insect,Trigonidiidae,Bobilla killara,,1,4
Insect,Melyridae,Dicranolaius concinicornis,,1,2
Insect,Blattidae,Periplaneta fuliginosa,Smokybrown Cockroach,1,5
Insect,Aleyrodidae,Aleurocanthus gullanae,,1,1
Insect,Elateridae,Ophidius elegans,,1,2
Insect,Bostrichidae,Lyctus parallelocollis,(powderpost Beetle),1,3
Insect,Cosmopterigidae,Leptozestis harmosta,,1,1
Insect,Geometridae,Microdes asystata,,1,2
Insect,Ptinidae,Secretipes xanthorrhoeae,,1,2
Insect,Noctuidae,Bathytricha aethalion,Owlet Moth,1,2
Insect,Halictidae,Lasioglossum ctenander,,1,1
Insect,Vespidae,Polistes schach,,1,1
Insect,Aphididae,Brachycaudus persicae,Black Peach Aphid,1,4
Insect,Tortricidae,Rupicolana rupicolana,,1,1
Insect,Nemestrinidae,Trichophthalma costalis,,1,3
Insect,Tephritidae,Acanthonevroides jarvisi,,1,1
Insect,Tineidae,Micrerethista nigrapex,,1,1
Insect,Halictidae,Lasioglossum cognatum,Sweat Bee,1,5
Insect,Cerambycidae,Tropis rubea,,1,1
Insect,Chrysomelidae,Paropsisterna angustipes,,1,1
Insect,Cicadellidae,Rubria sanguinosa,,1,2
Insect,Trigonidiidae,Bobilla kindyerra,,1,1
Insect,Tortricidae,Tracholena homopolia,,1,3
Insect,Tortricidae,Standishana concolorana,,1,2
Insect,Cicadellidae,Eurymeloides minutum,,1,5
Insect,Pyralidae,Nephopterix melanostyla,,1,5
Insect,Oecophoridae,Linosticha cyclophragma,Concealer Moth,1,1
Insect,Chrysomelidae,Elaphodes signifer,,1,2
Insect,Dermestidae,Anthrenus verbasci,Varied Carpet Beetle,1,46
Insect,Gryllacrididae,Cooraboorama canberrae,,1,34
Insect,Gasteruptiidae,Pseudofoenus iqbali,,1,26
Insect,Nymphalidae,Danaus chrysippus,Lesser Wanderer,1,21
Insect,Colletidae,Euhesma neglectula,,1,13
Insect,Throscidae,Aulonothroscus elongatus,,1,12
Insect,Asilidae,Cerdistus caliginosus,,1,12
Insect,Formicidae,Iridomyrmex mattiroloi,Little Tyrant Ant,1,12
Insect,Culicidae,Culex tritaeniorhynchus,,1,12
Insect,Tephritidae,Austrotephritis brunnea,Primitive Crane Fly,1,10
Insect,Muscidae,Atherigona orientalis,,1,10
Insect,Nanaomantidae,Ciulfina rentzi,,1,10
Insect,Coreidae,Sciophyrella australica,,1,9
Insect,Drosophilidae,Scaptodrosophila obsoleta,,1,9
Insect,Bombycidae,Bombyx mori,Silkworm,1,9
Insect,Chloropidae,Tricimba selachopina,,1,9
Insect,Cleridae,Eleale pulcher,,1,9
Insect,Mordellidae,Mordellistena austrina,,1,8
Insect,Chrysomelidae,Eboo elegantula,,1,8
Insect,Elateridae,Paracardiophorus humilis,,1,8
Insect,Elateridae,Monocrepidus fabrilis,,1,8
Insect,Chrysomelidae,Arsipoda concolor,,1,8
Insect,Cerambycidae,Arhopalus syriacus,,1,8
Insect,Tenebrionidae,Adelium tenebroides,,1,8
Insect,Dermestidae,Anthrenus museorum,,1,7
Insect,Tenebrionidae,Tribolium castaneum,Red Flour Beetle,1,7
Insect,Therevidae,Acupalpa rostrata,,1,7
Insect,Scarabaeidae,Heteronyx cervina,,1,7
Insect,Asilidae,Leptogaster antipoda,,1,7
Insect,Carabidae,Amblytelus curtus,,1,7
Insect,Carabidae,Notiobia viridipennis,,1,7
Insect,Ichneumonidae,Netelia producta,Orange Caterpillar Parasite Wasp,1,7
Reptile,Scincidae,Ctenotus hilli,Top-end Lowlands Ctenotus,1,7
Insect,Elateridae,Monocrepidus cordieri,,1,6
Insect,Crambidae,Nausinoe pueritia,,1,6
Insect,Cecidomyiidae,Asphondylia peelei,Gall Gnat,1,6
Insect,Cerambycidae,Aphanasium australe,,1,6
Insect,Formicidae,Pheidole liteae,Ant,1,6
Insect,Hippoboscidae,Ornithomya nigricornis,Louse Fly,1,5
Insect,Cleridae,Eunatalis ninae,,1,5
Insect,Erebidae,Eudocima fullonia,,1,5
Insect,Scraptiidae,Scraptia australis,,1,5
Insect,Carabidae,Sarothrocrepis integra,,1,5
Insect,Cicadellidae,Putoniessa dorsalis,Leafhopper,1,5
Insect,Chrysomelidae,Ditropidus subaeneus,,1,5
Insect,Braconidae,Glyptapanteles rixi,,1,5
Insect,Phasmatidae,Ctenomorpha gargantua,Gargantuan Stick-insect,1,5
Insect,Noctuidae,Autoba pectorora,,1,5
Insect,Belidae,Rhinotia semipunctata,Spotted Weevil,1,5
Insect,Chrysomelidae,Paropsisterna variicollis,,1,5
Insect,Lycidae,Xylobanus simplicicornis,,1,4
Insect,Scarabaeidae,Anoplognathus chloropyrus,,1,4
Insect,Scarabaeidae,Microvalgus vagans,,1,4
Insect,Thripidae,Thrips australis,Eucalyptus Thrips,1,4
Insect,Leiodidae,Dietta sperata,,1,4
Insect,Miridae,Coridromius monotocopsis,,1,4
Insect,Triozidae,Trioza eugeniae,Jumping Plant Louse,1,4
Insect,Curculionidae,Lixus mastersii,Weed Weevil,1,4
Insect,Blattidae,Blatta orientalis,Oriental Cockroach,1,4
Insect,Nymphalidae,Vanessa cardui,Painted Lady,1,4
Insect,Drosophilidae,Scaptodrosophila enigma,Fruit Fly,1,4
Insect,Sarcophagidae,Sarcophaga crassipalpis,Flesh Fly,1,4
Insect,Carabidae,Hypharpax australis,,1,4
Insect,Coelopidae,Gluma nitida,Kelp Fly,1,4
Insect,Bombyliidae,Exechohypopion minus,,1,4
Insect,Nitidulidae,Thalycrodes australis,,1,4
Insect,Rhagionidae,Chrysopilus basifasciatus,,1,4
Insect,Culicidae,Aedes flavifrons,,1,4
Insect,Lecithoceridae,Achoria inopina,,1,4
Insect,Cleridae,Tenerus abbreviatus,,1,3
Insect,Tenebrionidae,Trachyscelis ciliaris,,1,3
Insect,Muscidae,Helina australasiae,,1,3
Insect,Scarabaeidae,Heteronyx pilosellus,,1,3
Insect,Hippoboscidae,Ortholfersia phaneroneura,Louse Fly,1,3
Insect,Culicidae,Uranotaenia pygmaea,,1,3
Insect,Tachinidae,Chetogaster violacea,Horse Fly,1,3
Insect,Bombyliidae,Exechohypopion velox,,1,3
Insect,Bombyliidae,Villa alterna,,1,3
Insect,Curculionidae,Decilaus infaustus,,1,3
Insect,Australimyzidae,Australimyza mcalpinei,Fly,1,3
Insect,Coenagrionidae,Pseudagrion jedda,Dusky Riverdamsel,1,3
Insect,Cicadellidae,Tenuitartessus blundellensis,Leafhopper,1,3
Insect,Tenebrionidae,Blaps polychresta,,1,3
Insect,Mordellidae,Mordella communis,,1,3
Insect,Pseudococcidae,Dysmicoccus brevipes,Chanchito Blanca De La Pina,1,3
Insect,Drosophilidae,Drosophila funebris,Fruit Fly,1,3
Insect,Vespidae,Polistes variabilis,,1,3
Insect,Tenebrionidae,Pemanoa tasmanica,,1,3
Insect,Curculionidae,Phloeotribus acaciae,,1,3
Insect,Braconidae,Choeras morialta,,1,3
Insect,Curculionidae,Neolaemosaccus subsignatus,,1,3
Insect,Formicidae,Iridomyrmex mjobergi,Ant,1,3
Insect,Phalacridae,Parasemus melas,,1,3
Insect,Dytiscidae,Necterosoma penicillatum,Diving Beetle,1,3
Insect,Oecophoridae,Garrha absumptella,Concealer Moth,1,3
Insect,Coccidae,Ceronema caudatum,,1,3
Insect,Nymphalidae,Hypocysta irius,Orange-streaked Ringlet,1,3
Bird,Struthionidae,Struthio camelus,Ostrich,1,3
Insect,Geometridae,Metallochlora neomela,,1,3
Insect,Hydroptilidae,Oxyethira incana,Caddisfly,1,3
Insect,Scarabaeidae,Onthophagus squalidus,,1,3
Insect,Phoridae,Diplonevra nigroscutellata,,1,3
Reptile,Scincidae,Menetia alanae,Top End Dwarf Skink,1,3
Insect,Crabronidae,Cerceris armigera,,1,3
Insect,Formicidae,Meranoplus pubescens,Ant,1,3
Insect,Scarabaeidae,Liparetrus convexus,,1,3
Insect,Pyrochroidae,Temnopalpus bicolor,,1,3
Insect,Carabidae,Demetrida infuscata,,1,3
Insect,Mordellidae,Mordella distincta,,1,3
Insect,Coccinellidae,Rhyzobius pulcher,,1,3
Insect,Apidae,Exoneura bicolor,Reed Bee,1,3
Insect,Tachinidae,Chetogaster viridis,,1,2
Insect,Formicidae,Nylanderia obscura,,1,2
Insect,Chrysomelidae,Peltoschema suturalis,,1,2
Insect,Megachilidae,Megachile rotundata,,1,2
Insect,Throscidae,Trixagus leechi,,1,2
Insect,Cossidae,Culama glauca,Carpenter Moth,1,2
Insect,Hyocephalidae,Maevius indecorus,,1,2
Reptile,Elapidae,Pseudonaja mengdeni,Gwardar,1,2
Insect,Curculionidae,Achopera subulosa,,1,2
Insect,Carabidae,Carenum tinctilatum,,1,2
Insect,Anthribidae,Doticus palmaris,,1,2
Insect,Bethylidae,Eupsenella ceciliae,,1,2
Insect,Chrysomelidae,Zygogramma bicolorata,,1,2
Insect,Miridae,Poppiocapsidea biseratensis,,1,2
Insect,Tiphiidae,Neozeleboria carinicollis,,1,2
Insect,Oedemeridae,Sessinia nigronotata,,1,2
Insect,Chloropidae,Cadrema unimaculata,,1,2
Insect,Rhagionidae,Atherimorpha vernalis,,1,2
Insect,Carabidae,Anomotarus illawarrae,,1,2
Insect,Sphindidae,Aspidiphorus humeralis,,1,2
Insect,Gryllidae,Teleogryllus oceanicus,,1,2
Insect,Cerambycidae,Rhytiphora obliqua,,1,2
Insect,Callipappidae,Callipappus australis,,1,2
Insect,Mutillidae,Ephutomorpha elegans,,1,2
Insect,Curculionidae,Prosayleus hopei,,1,2
Insect,Tiphiidae,Thynnoides mesopleuralis,,1,2
Insect,Mordellidae,Mordella graphiptera,,1,2
Insect,Tabanidae,Dasybasis neolatifrons,,1,2
Insect,Cleridae,Eunatalis planipennis,,1,2
Insect,Scarabaeidae,Anoplognathus prasinus,,1,2
Insect,Staphylinidae,Quedius baldiensis,,1,2
Insect,Scarabaeidae,Automolius depressus,,1,2
Insect,Cicadellidae,Batracomorphus elegans,Leafhopper,1,2
Insect,Nitidulidae,Thalycrodes pulchrum,,1,2
Insect,Scatopsidae,Rhegmoclemina batilliformia,,1,2
Insect,Mutillidae,Ephutomorpha cordatiformis,,1,2
Insect,Cydnidae,Macroscytus australis,Shield Bug,1,2
Insect,Sphingidae,Theretra radiosa,,1,2
Insect,Cerambycidae,Omotes unicolor,,1,2
Insect,Rhyparochromidae,Fontejus collaris,,1,2
Insect,Mordellidae,Mordella humeralis,,1,2
Insect,Scenopinidae,Scenopinus,,1,2
Insect,Aradidae,Aradus australis,Flat Bug,1,2
Insect,Buprestidae,Castiarina erasma,,1,2
Insect,Chrysomelidae,Monolepta nigricollis,,1,2
Insect,Limoniidae,Dicranomyia whitei,,1,2
Insect,Limoniidae,Molophilus trianguliferus,,1,2
Insect,Myraboliidae,Myrabolia grouveliana,,1,2
Insect,Limoniidae,Molophilus gracilis,Crane Fly,1,2
Insect,Limoniidae,Dicranomyia dorsalis,Crane Fly,1,2
Insect,Limoniidae,Limonia amicula,,1,2
Insect,Chloropidae,Cadrema nigridorsata,,1,2
Mammal,Pseudocheiridae,Hemibelideus lemuroides,Lemuroid Ringtail Possum,1,2
Insect,Elmidae,Austrolimnius anytus,Riffle Beetle,1,2
Insect,Culicidae,Culex molestus,Mosquito,1,2
Insect,Oecophoridae,Philobota embologramma,,1,2
Insect,Halictidae,Lipotriches modesta,,1,2
Insect,Culicidae,Culex fergusoni,Mosquito,1,2
Insect,Halictidae,Lasioglossum niveifrons,,1,2
Insect,Drosophilidae,Drosophila simulans,,1,2
Insect,Braulidae,Braula coeca,,1,2
Insect,Curculionidae,Pentamimus australis,,1,2
Insect,Ptinidae,Hadrobregmus australiensis,Dampwood Borer,1,2
Insect,Oecophoridae,Philobota thiogramma,,1,2
Insect,Tipulidae,Dolichopeza varipes,,1,2
Insect,Cerambycidae,Ambeodontus pilosus,,1,2
Insect,Tenebrionidae,Pterohelaeus guerini,,1,2
Insect,Choreutidae,Choreutis emplecta,,1,2
Insect,Lycaenidae,Prosotas nora,Long-tailed Line-blue,1,2
Insect,Colletidae,Euryglossa rubricata,Plasterer Bee,1,2
Insect,Geometridae,Phrixocomes hedrasticha,,1,2
Insect,Curculionidae,Chrysolophus pictus,Golden Pheasant,1,2
Insect,Phoridae,Megaselia spiracularis,,1,2
Insect,Pyralidae,Creobota apodectum,,1,2
Insect,Bombyliidae,Palirika decora,,1,2
Insect,Gelechiidae,Ardozyga anthracina,,1,2
Insect,Cicadellidae,Batracomorphus angustatus,Green Jassid,1,2
Insect,Formicidae,Wasmannia auropunctata,Electric Ant,1,2
Insect,Aleyrodidae,Aleurocanthus neofroggatti,,1,2
Insect,Neurochaetidae,Neurochaeta inversa,,1,2
Insect,Pipunculidae,Claraeola cyclohirta,,1,2
Insect,Gasteruptiidae,Pseudofoenus patellatus,,1,2
Insect,Hydroptilidae,Tricholeiochiton jabirella,Caddisfly,1,2
Insect,Tephritidae,Bactrocera batemani,,1,2
Insect,Phoridae,Diplonevra peregrina,,1,2
Insect,Carabidae,Notonomus politulus,,1,2
Insect,Asilidae,Maira aenea,,1,2
Insect,Buprestidae,Diphucrania trimentula,,1,2
Insect,Formicidae,Camponotus sponsorum,Sugar Ant,1,2
Insect,Mydidae,Miltinus minutus,,1,2
Insect,Buprestidae,Castiarina adelaidae,,1,2
Insect,Lonchodidae,Sipyloidea whitei,White’s Winged Stick-insect,1,2
Insect,Membracidae,Crito festivus,,1,2
Insect,Buprestidae,Castiarina mustelamajor,,1,2
Insect,Pyralidae,Cadra cautella,Tropical Warehouse Moth,1,2
Insect,Pompilidae,Priocnemis tuberculatus,,1,2
Insect,Cerambycidae,Uracanthus griseus,,1,2
Insect,Buprestidae,Diphucrania modesta,,1,2
Insect,Curculionidae,Lybaeba metasternalis,,1,2
Insect,Tachinidae,Senostoma tessellatum,Horse Fly,1,2
Insect,Aphalaridae,Hyalinaspis pallidinota,Psyllid Bug,1,2
Insect,Erotylidae,Thallis janthina,,1,1
Insect,Culicidae,Culiseta atra,,1,1
Insect,Pyrgotidae,Osa sinclairae,,1,1
Bird,Apodidae,Aerodramus terraereginae,Australian Swiftlet,1,1
Insect,Adelidae,Nemophora panaeola,,1,1
Insect,Geometridae,Scopula liotis,Geometer Moth,1,1
Insect,Chrysomelidae,Edusella varians,,1,1
Insect,Nolidae,Nola cerraunias,,1,1
Bird,Scolopacidae,Numenius arquata,Eurasian Curlew,1,1
Insect,Lasiocampidae,Entometa decorata,,1,1
Insect,Oecophoridae,Eulechria lunata,,1,1
Insect,Buprestidae,Diphucrania kohouti,,1,1
Bird,Acanthizidae,Aphelocephala pectoralis,Chestnut-breasted Whiteface,1,1
Bird,Motacillidae,Motacilla alba,White Wagtail,1,1
Bird,Artamidae,Cracticus mentalis,Black-backed Butcherbird,1,1
Bird,Anatidae,Anas acuta,Northern Pintail,1,1
Insect,Chrysomelidae,Peltoschema maculiventris,,1,1
Bird,Casuariidae,Casuarius casuarius,Southern Cassowary,1,1
Insect,Platycnemididae,Nososticta fraterna,Northern Threadtail,1,1
Insect,Limoniidae,Molophilus furvus,,1,1
Insect,Limoniidae,Dicranomyia incisuralis,Crane Fly,1,1
Insect,Notonectidae,Anisops stali,Backswimmer,1,1
Insect,Tipulidae,Dolichopeza davidsoni,Crane Fly,1,1
Insect,Culicidae,Aedes milsoni,,1,1
Insect,Culicidae,Aedes australis,Salt-water Mosquito,1,1
Insect,Limoniidae,Amphineurus umbraticus,Crane Fly,1,1
Insect,Hydroptilidae,Oxyethira columba,Caddisfly,1,1
Insect,Limoniidae,Amphineurus maculosus,Crane Fly,1,1
Insect,Cerambycidae,Tropis lepturoides,,1,1
Insect,Coenagrionidae,Austrocoenagrion lyelli,Swamp Bluet,1,1
Insect,Limoniidae,Molophilus pulchripes,Crane Fly,1,1
Insect,Hydrobiosidae,Apsilochorema gisbum,Caddisfly,1,1
Insect,Limoniidae,Molophilus longicornis,Crane Fly,1,1
Insect,Colletidae,Leioproctus leai,Plasterer Bee,1,1
Insect,Limoniidae,Molophilus koorang,,1,1
Insect,Culicidae,Culiseta inconspicua,Mosquito,1,1
Insect,Limoniidae,Thrypticomyia aureipennis,,1,1
Insect,Curculionidae,Acantholophus echidna,,1,1
Insect,Curculionidae,Achopera alba,,1,1
Insect,Colletidae,Neopasiphae simplicior,A Short-tongued Bee,1,1
Insect,Lepismatidae,Thermobia domestica,Firebrat,1,1
Insect,Tenebrionidae,Homotrysis pallipes,,1,1
Insect,Dermestidae,Dermestes lardarius,Larder Beetle,1,1
Mammal,Macropodidae,Petrogale brachyotis,Short-eared Rock-wallaby,1,1
Mammal,Molossidae,Chaerephon jobensis,Northern Mastiff Bat,1,1
Mammal,Molossidae,Ozimops cobourgianus,North-western Free-tailed Bat,1,1
Insect,Pterophoridae,Hexadactilia civilis,,1,1
Insect,Encyrtidae,Tetracnemoidea brevicornis,,1,1
Insect,Anthelidae,Anthela euryphrica,,1,1
Insect,Bolboceratidae,Australobolbus austrinus,,1,1
Insect,Corduliidae,Procordulia affinis,Western Swamp Emerald,1,1
Insect,Nemestrinidae,Trichophthalma nicholsoni,,1,1
Insect,Curculionidae,Leptopius maleficus,Sugarcane Butt Weevil,1,1
Insect,Megaspilidae,Dendrocerus carpenteri,,1,1
Insect,Aphelinidae,Myiocnema comperei,,1,1
Insect,Tettigoniidae,Mastigaphoides haffneri,Haffner’s Broad-winged Snub-nose,1,1
Mammal,Emballonuridae,Taphozous georgianus,Common Sheathtail-bat,1,1
Mammal,Vespertilionidae,Pipistrellus westralis,Northern Pipistrelle,1,1
Mammal,Burramyidae,Cercartetus concinnus,Western Pygmy-possum,1,1
Insect,Scatopsidae,Colobostema rhamphe,Black Scavenger Fly,1,1
Insect,Staphylinidae,Actinus macleayi,,1,1
Insect,Bethylidae,Sierola ellingtoni,,1,1
Reptile,Agamidae,Lophosaurus boydii,Boyd's Forest Dragon,1,1
Mammal,Dasyuridae,Sminthopsis bindi,Kakadu Dunnart,1,1
Insect,Pterophoridae,Platyptilia isodactylus,,1,1
Insect,Curculionidae,Pelororhinus carinirostris,,1,1
Insect,Hepialidae,Aenetus tegulatus,,1,1
Insect,Chrysomelidae,Ditropidus maxillosus,,1,1
Insect,Tenebrionidae,Helea waitei,,1,1
Insect,Figitidae,Thoreauana thoreauini,,1,1
Insect,Yloryctidae,Scieropepla typhicola,,1,1
Insect,Braconidae,Choeras koalascatocola,,1,1
Insect,Megachilidae,Megachile resinifera,,1,1
Insect,Formicidae,Melophorus perthensis,,1,1
Insect,Pentatomidae,Rhynchocoris humeralis,,1,1
Insect,Pyrgomorphidae,Monistria maculicornis,,1,1
Insect,Lonchodidae,Candovia annulata,Banded-legged Stick-insect,1,1
Insect,Hepialidae,Aenetus scotti,Ghost Moth,1,1
Insect,Tenebrionidae,Amarygmus kershawi,,1,1
Reptile,Agamidae,Moloch horridus,Thorny Devil,1,1
Insect,Pyralidae,Endotricha melanchroa,,1,1
Insect,Buprestidae,Castiarina castelnaudi,,1,1
Insect,Chalcididae,Epitranus teleute,,1,1
Reptile,Chelidae,Chelodina rugosa,Northern Snake-necked Turtle,1,1
Insect,Monophlebidae,Monophlebulus pilosior,Giant Mealy Bug,1,1
Insect,Neurorthidae,Austroneurorthus brunneipennis,,1,1
Reptile,Chelidae,Elseya albagula,Southern Snapping Turtle,1,1
Reptile,Gekkonidae,Gehyra catenata,Chain-backed Dtella,1,1
Insect,Ascalaphidae,Stilbopteryx napoleo,,1,1
Insect,Anostostomatidae,Cooloola propator,Cooloola Monster,1,1
Insect,Chrysididae,Primeuchroeus thorpi,,1,1
Insect,Oecophoridae,Philobota diaereta,,1,1
Reptile,Pygopodidae,Delma plebeia,Leaden Delma,1,1
Reptile,Scincidae,Liopholis modesta,Eastern Ranges Rock-skink,1,1
Reptile,Gekkonidae,Gehyra versicolor,Eastern Tree Dtella,1,1
Reptile,Typhlopidae,Anilios bituberculatus,Prong-snouted Blind Snake,1,1
Reptile,Scincidae,Egernia rugosa,Yakka Skink,1,1
Insect,Megachilidae,Megachile micrerythrura,Bee,1,1
Insect,Erebidae,Phaos aglaophara,Moth,1,1
Insect,Elachistidae,Elachista litharga,,1,1
Insect,Asilidae,Neocerdistus acutangulatus,Robber Fly,1,1
Reptile,Chelidae,Myuchelys georgesi,Georges Helmeted Turtle,1,1
Reptile,Iguanidae,Brachylophus vitiensis,Fijian Crested Iguana,1,1
Insect,Cleridae,Zenithicola funesta,,1,1
Insect,Aphalaridae,Blastopsylla occidentalis,,1,1
Insect,Miridae,Austromiris nigronasutus,,1,1
Insect,Blaberidae,Laxta friedmani,,1,1
Insect,Corylophidae,Arthrolips pulchella,,1,1
Insect,Eulophidae,Euplectrus bicolor,,1,1
Insect,Cossidae,Endoxyla acontucha,,1,1
Reptile,Gekkonidae,Gehyra gemina,Plain Tree Gehyra,1,1
Reptile,Scincidae,Morethia ruficauda,Lined Firetail Skink,1,1
Insect,Mantidae,Austrovates variegata,,1,1
Insect,Formicidae,Lasius niger,,1,1
Insect,Scarabaeidae,Aphodius granarius,,1,1
Reptile,Diplodactylidae,Lucasium immaculatum,Pale-striped Ground Gecko,1,1
Reptile,Scincidae,Notoscincus ornatus,Ornate Soil-crevice Skink,1,1
Insect,Sphingidae,Manduca sexta,,1,1
Insect,Stenotritidae,Ctenocolletes smaragdinus,,1,1
Insect,Crambidae,Scoparia gethosyna,,1,1
Reptile,Scincidae,Anomalopus leuckartii,Two-clawed Worm-skink,1,1
Reptile,Scincidae,Ctenotus allotropis,Brown-blazed Wedgesnout Ctenotus,1,1
Insect,Gelechiidae,Hypatima microgramma,,1,1
Insect,Oecophoridae,Eulechria chrysozona,,1,1
Insect,Chrysomelidae,Ditropidus glossatus,,1,1
Insect,Trogossitidae,Globorentonium globulum,,1,1
Insect,Cossidae,Archaeoses pentasema,Moth,1,1
Insect,Dermestidae,Eurhopalus vespulae,,1,1
Insect,Clambidae,Clambus bornemisszai,,1,1
Insect,Aphididae,Nasonovia ribisnigri,Currant-lettuce Aphid,1,1
Insect,Curculionidae,Melanterius porcatus,,1,1
Insect,Gasteruptiidae,Gasteruption secundum,Parasitoid Wasp,1,1
Insect,Pyralidae,Astrapometis saburalis,,1,1
Insect,Hesperiidae,Hesperilla chrysotricha,Golden-haired Sedge-skipper,1,1
Insect,Acanthosomatidae,Eupolemus venustulus,Shield Bug,1,1
Insect,Clusiidae,Heteromeringia laticornis,,1,1
Insect,Therevidae,Johnmannia tasmanica,,1,1
Insect,Curculionidae,Symbothynus squalidus,,1,1
Insect,Biphyllidae,Diplocoelus decemlineatus,,1,1
Insect,Pygiopsyllidae,Bradiopsylla echidnae,,1,1
Insect,Asilidae,Cerdistus vittipes,Robber Fly,1,1
Insect,Muscidae,Helina caerulescens,,1,1
Insect,Miridae,Niastama punctaticollis,Dimpling Bug,1,1
Insect,Cleridae,Lemidia simsoni,,1,1
Insect,Curculionidae,Anarciarthrum viride,,1,1
Insect,Coccinellidae,Scymnus duplopunctulatus,,1,1
Insect,Geometridae,Oenochroma phyllomorpha,,1,1
Insect,Curculionidae,Poropterus succisus,,1,1
Insect,Sarcophagidae,Protomiltogramma laticeps,Flesh Fly,1,1
Insect,Curculionidae,Mandalotus muscivorus,,1,1
Insect,Nitidulidae,Brachypeplus binotatus,,1,1
Insect,Cicadellidae,Stirellus fatigandus,Leafhopper,1,1
Insect,Ulodidae,Notocerastes tricornis,,1,1
Insect,Reduviidae,Sphedanocoris distinctus,Assassin Bug,1,1
Insect,Melyridae,Hypattalus abdominalis,,1,1
Insect,Curculionidae,Misophrice soror,,1,1
Insect,Chrysomelidae,Arsipoda consuta,,1,1
Insect,Aeolothripidae,Franklinothrips vespiformis,,1,1
Insect,Clambidae,Sphaerothorax pubiventris,,1,1
Insect,Coccinellidae,Rhyzobius pulchellus,,1,1
Insect,Melandryidae,Mystes planatus,,1,1
Insect,Mycteridae,Trichosalpingus lateralis,,1,1
Insect,Formicidae,Colobostruma elliotti,Ant,1,1
Insect,Lestoniidae,Lestonia haustorifera,Bug,1,1
Insect,Oedemeridae,Asclera sublineata,,1,1
Insect,Muscidae,Helina subpubescens,,1,1
Insect,Lagrioididae,Lagrioida tasmaniae,,1,1
Insect,Elateridae,Paracardiophorus elisus,,1,1
Insect,Elateridae,Parablax padmuri,,1,1
Insect,Curculionidae,Orthotemnus polixus,,1,1
Insect,Phalacridae,Parasemus doctus,,1,1
Insect,Carabidae,Hypharpax moestus,,1,1
Insect,Tiphiidae,Neozeleboria volatilis,,1,1
Insect,Platypezidae,Lindneromyia austraquila,,1,1
Insect,Asilidae,Leptogaster whitei,,1,1
Insect,Tenebrionidae,Homotrysis bicolor,,1,1
Insect,Anthelidae,Anthela decolor,,1,1
Insect,Scarabaeidae,Onthophagus posticus,,1,1
Insect,Cerambycidae,Probatodes plumula,,1,1
Insect,Asilidae,Cerdistus hyalipennis,Robber Fly,1,1
Insect,Carabidae,Euthenarus promptus,,1,1
Insect,Blissidae,Dimorphopterus cornutus,Chinch Bug,1,1
Insect,Tenebrionidae,Edylius canescens,,1,1
Insect,Vespidae,Paralastor emarginatus,,1,1
Insect,Zopheridae,Cotulades leucospila,,1,1
Insect,Cryptophagidae,Cryptogasterus lawrencei,,1,1
Insect,Curculionidae,Melanterius tasmaniensis,,1,1
Insect,Scirtidae,Copiacyphon variabilis,,1,1
Insect,Yloryctidae,Cryptophasa byssinopis,,1,1
Insect,Tingidae,Euaulana tasmaniae,,1,1
Insect,Tiphiidae,Iswaroides decipiens,,1,1
Insect,Muscidae,Coenosia latitarsis,,1,1
Insect,Chrysomelidae,Trachymela ferrugata,,1,1
Insect,Chloropidae,Gaurax ixeutici,,1,1
Insect,Scarabaeidae,Diphucephala edwardsii,Green Spring Beetle,1,1
Insect,Cicadellidae,Rhotidoides montana,Leafhopper,1,1
Insect,Trigonalidae,Taeniogonalos tenebrosa,,1,1
Insect,Curculionidae,Misophrice variabilis,,1,1
Insect,Muscidae,Helina nigrescens,,1,1
Insect,Coelopidae,Gluma musgravei,Kelp Fly,1,1
Insect,Staphylinidae,Quedius tepperi,,1,1
Insect,Aphididae,Cavariella aegopodii,Carrot Aphid,1,1
Insect,Chrysomelidae,Aspidimorpha quadriradiata,,1,1
Insect,Hemerobiidae,Notherobius nothofagi,,1,1
Insect,Therevidae,Bonjeania nitidifrons,,1,1
Insect,Leiodidae,Nargomorphus globulus,,1,1
Insect,Prostomidae,Prostomis cornuta,,1,1
Insect,Ptinidae,Dorcatoma tasmaniensis,,1,1
Insect,Chrysomelidae,Chaetocnema calida,,1,1
Insect,Nitidulidae,Cryptarcha politus,,1,1
Insect,Nolidae,Chora plana,,1,1
Insect,Staphylinidae,Thyreocephalus cyanopterus,,1,1
Insect,Heteromyzidae,Pseudoleria pectinata,Fly,1,1
Insect,Curculionidae,Poropterus zopherus,,1,1
Insect,Chrysomelidae,Arsipoda erichsoni,,1,1
Insect,Sarcophagidae,Sarcophaga bifrons,,1,1
Insect,Dermestidae,Thaumaglossa concavifrons,,1,1
Insect,Tenebrionidae,Tetragonomenes ruficornis,,1,1
Insect,Lauxaniidae,Homoneura intricata,Acalyptrate Fly,1,1
Insect,Geometridae,Comostola nereidaria,,1,1
Insect,Trichoceridae,Nothotrichocera cingulata,Winter Crane Fly,1,1
Insect,Therevidae,Anabarhynchus umbratilis,,1,1
Insect,Scraptiidae,Scraptia laticollis,,1,1
Insect,Erebidae,Anomis combinans,,1,1
Insect,Limacodidae,Calcarifera ordinata,,1,1
Insect,Carabidae,Amblytelus brevis,,1,1
Insect,Syrphidae,Psilota nitida,,1,1
Insect,Tiphiidae,Rhagigaster scalae,,1,1
Insect,Aradidae,Prosympiestus nasutus,Flat Bug,1,1
Insect,Bostrichidae,Xylion collaris,,1,1
Insect,Scarabaeidae,Heteronyx planiceps,,1,1
Insect,Pyralidae,Lamoria pachylepidella,,1,1
Insect,Tipulidae,Leptotarsus hackeri,,1,1
Insect,Oecophoridae,Conobrosis acervata,,1,1
Insect,Anthicidae,Trichananca victoriensis,,1,1
Insect,Hesperiidae,Ocybadistes hypomeloma,White-margined Grass-dart,1,1
Insect,Crambidae,Analyta sigulalis,,1,1
Insect,Noctuidae,Trissernis ochrochlora,,1,1
Insect,Chrysomelidae,Paropsides calliope,,1,1
Insect,Oedemeridae,Pseudolycus luctuosa,,1,1
Insect,Acrididae,Macrotona picta,,1,1
Insect,Mordellidae,Mordella pygmaea,,1,1
Insect,Syrphidae,Psilota viridis,,1,1
Insect,Platystomatidae,Euprosopia albipila,,1,1
Insect,Dictyopharidae,Thanatodictya hebe,Planthopper,1,1
Insect,Archeocrypticidae,Enneboeus ovalis,Cryptic Fungus Beetle,1,1
Insect,Cerambycidae,Rhytiphora cinnamomea,,1,1
Insect,Tortricidae,Epiphyas aulacana,,1,1
Insect,Crambidae,Baeoptila oculalis,,1,1
Insect,Pseudophyllodromiidae,Balta verticalis,,1,1
Insect,Erebidae,Dysgonia solomonensis,,1,1
Insect,Formicidae,Myrmecia midas,Bull Ant,1,1
Insect,Braconidae,Apanteles ethanbeaveri,,1,1
Insect,Callipappidae,Callipappus farinosus,,1,1
Insect,Lophocateridae,Melyronyxa pubescens,,1,1
Insect,Lymexylidae,Raractocetus kreusleri,,1,1
Insect,Eriococcidae,Apiomorpha excupula,,1,1
Insect,Erebidae,Eudocima iridescens,,1,1
Insect,Cerambycidae,Sybra truncata,,1,1
Insect,Noctuidae,Proteuxoa rubripuncta,Owlet Moth,1,1
Insect,Heteroceridae,Heterocerus mastersii,,1,1
Insect,Limoniidae,Molophilus buangensis,,1,1
Insect,Leptoceridae,Lectrides varians,Caddisfly,1,1
Insect,Erebidae,Calliteara farenoides,Moth,1,1
Insect,Sphingidae,Gnathothlibus erotus,Hawk Moth,1,1
Insect,Curculionidae,Ancyttalia acaciae,,1,1
Insect,Lasiocampidae,Pararguda diamphidia,,1,1
Insect,Salpingidae,Notosalpingus ornatus,,1,1
Insect,Thripidae,Thrips tabaci,Onion Thrips,1,1
Insect,Erebidae,Schrankia costaestrigalis,,1,1
Insect,Sarcophagidae,Sarcophaga bidentata,,1,1
Insect,Yloryctidae,Telecrates basileia,,1,1
Insect,Noctuidae,Autoba versicolor,,1,1
Insect,Formicidae,Monomorium sordidum,Ant,1,1
Insect,Colletidae,Hylaeus trimerops,,1,1
Insect,Tipulidae,Leptotarsus ducalis,,1,1
Insect,Lepismatidae,Heterolepisma buntonorum,,1,1
Insect,Aphididae,Aploneura lentisci,Aphid,1,1
Insect,Anthelidae,Anthela limonea,,1,1
Insect,Aphididae,Neophyllaphis araucariae,,1,1
Insect,Staphylinidae,Astenus guttulus,,1,1
Insect,Cosmopterigidae,Labdia apenthes,,1,1
Insect,Gelechiidae,Ephysteris subdiminutella,,1,1
Insect,Geometridae,Nearcha dasyzona,Geometer Moth,1,1
Insect,Notodontidae,Epicoma zelotes,,1,1
Insect,Erebidae,Euproctis epidela,,1,1
Insect,Crambidae,Scoparia gomphota,,1,1
Insect,Oecophoridae,Scatochresis perigrapta,,1,1
Insect,Oecophoridae,Eochrois sarcoxantha,Concealer Moth,1,1
Insect,Tenebrionidae,Metistete gibbicollis,,1,1
Insect,Eriococcidae,Tanyscelis villosigibba,,1,1
Insect,Lestidae,Austrolestes minjerriba,Dune Ringtail,1,1
Insect,Reduviidae,Brachysandalus punctorius,,1,1
Insect,Cerambycidae,Pachydissus magnus,,1,1
Insect,Blattellidae,Neotemnopteryx australis,,1,1
Insect,Miridae,Adelphocorisella australis,,1,1
Insect,Hydropsychidae,Asmicridea edwardsii,Caddisfly,1,1
Insect,Chrysomelidae,Calomela maculicollis,,1,1
Insect,Aphalaridae,Cardiaspina tenuitela,,1,1
Insect,Geometridae,Idaea iodesma,,1,1
Insect,Tenebrionidae,Cillibus incisus,,1,1
Insect,Cerambycidae,Syllitus bipunctatus,,1,1
Insect,Aphididae,Brachycaudus helichrysi,Leafcurl Plum Aphid,1,1
Insect,Cerambycidae,Syllitus cassiniae,,1,1
Insect,Oecophoridae,Euchaetis parthenopa,Concealer Moth,1,1
Insect,Zenargidae,Zenarge turneri,,1,1
Insect,Geometridae,Dichromodes mesozona,Geometer Moth,1,1
Insect,Geometridae,Perixera punctata,,1,1
Insect,Geometridae,Amelora goniota,Geometer Moth,1,1
Insect,Geometridae,Amelora oenobreches,,1,1
Insect,Noctuidae,Autoba abrupta,,1,1
Insect,Flatidae,Siphanta parva,,1,1
Insect,Oecophoridae,Chrysonoma tentatella,,1,1
Insect,Coccinellidae,Chilocorus malasiae,,1,1
Insect,Gripopterygidae,Dinotoperla evansi,Stonefly,1,1
Insect,Phalangopsidae,Zaclotathra oligoneura,,1,1
Insect,Eriococcidae,Ascelis schraderi,,1,1
Insect,Tipulidae,Leptotarsus flavopygialis,,1,1
Insect,Culicidae,Aedes aegypti,Tiger Mosquito,1,1
Insect,Phasmatidae,Paronchestus cornutus,Horned Stick-insect,1,1
Insect,Chrysomelidae,Notosacantha dorsalis,,1,1
Insect,Megachilidae,Megachile abdominale,,1,1
Insect,Curculionidae,Eutinophaea bicristata,Citrus Leaf-eating Weevil,1,1
Insect,Tettigoniidae,Lanciana montana,Montane Groung Katydid,1,1
Insect,Mantidae,Hierodula majuscula,,1,1
Insect,Pteromalidae,Scutellista caerulea,,1,1
Insect,Curculionidae,Ips grandicollis,Five-spined Bark Beetle,1,1
Insect,Agromyzidae,Chromatomyia syngenesiae,,1,1
Insect,Aphididae,Hyperomyzus carduellinus,,1,1
Insect,Aleyrodidae,Bemisia atriplex,,1,1
Insect,Hesperiidae,Trapezites taori,Sandstone Ochre,1,1
Insect,Mantidae,Hierodula pustulifera,,1,1
Insect,Yloryctidae,Cryptophasa tetrazona,Concealer Moth,1,1
Insect,Colletidae,Leioproctus fimbriatinus,Plasterer Bee,1,1
Insect,Agromyzidae,Liriomyza chenopodii,,1,1
Insect,Nitidulidae,Carpophilus obscurus,,1,1
Insect,Pseudococcidae,Planococcus citri,Cochonilha-algodao,1,1
Insect,Kalotermitidae,Cryptotermes brevis,West Indian Drywood Termite,1,1
Insect,Oecophoridae,Coeranica eritima,Concealer Moth,1,1
Insect,Phoridae,Diplonevra nigricorpus,,1,1
Insect,Drosophilidae,Scaptodrosophila fuscithorax,Fruit Fly,1,1
Insect,Drosophilidae,Mycodrosophila margoae,,1,1
Insect,Formicidae,Camponotus minimus,Sugar Ant,1,1
Insect,Leptoceridae,Oecetis uptoni,,1,1
Insect,Leptoceridae,Oecetis hemerobioides,,1,1
Insect,Leptoceridae,Triaenodes dibolia,,1,1
Insect,Laemophloeidae,Cryptolestes ferrugineus,Rusty Grain Beetle,1,1
Insect,Adelgidae,Pineus boerneri,,1,1
Insect,Tephritidae,Bactrocera brunnea,,1,1
Insect,Colletidae,Trichocolletes albigenae,,1,1
Insect,Colletidae,Brachyhesma trichopterota,,1,1
Insect,Platystomatidae,Euprosopia armipes,,1,1
Insect,Pyrgotidae,Cardiacera setosa,,1,1
Insect,Eulophidae,Melittobia australica,,1,1
Insect,Trigonidiidae,Pteronemobius arima,,1,1
Insect,Halictidae,Lasioglossum taluchis,,1,1
Insect,Halictidae,Ceylalictus perditellus,,1,1
Insect,Oecophoridae,Endeolena xanthiella,Concealer Moth,1,1
Insect,Pergidae,Perga dorsalis,Sawfly,1,1
Insect,Drosophilidae,Scaptodrosophila sydneyensis,,1,1
Insect,Drosophilidae,Leucophenga flavohalterata,,1,1
Insect,Colletidae,Hylaeus leviceps,Plasterer Bee,1,1
Insect,Braconidae,Pycnobraconoides mutator,,1,1
Insect,Halictidae,Lipotriches dentiventris,,1,1
Insect,Syrphidae,Graptomyza maculipennis,,1,1
Insect,Milichiidae,Leptometopa mallochi,,1,1
Insect,Drosophilidae,Drosophila serrata,,1,1
Insect,Phoridae,Distichophora clavipalpis,,1,1
Insect,Drosophilidae,Scaptomyza australis,Fruit Fly,1,1
Insect,Drosophilidae,Scaptomyza elmoi,,1,1
Insect,Phoridae,Megaselia rufipes,,1,1
Insect,Cerambycidae,Cnemoplites argodi,,1,1
Insect,Drosophilidae,Mycodrosophila argentifrons,,1,1
Insect,Phoridae,Diplonevra fumosa,,1,1
Insect,Drosophilidae,Leucophenga argentata,,1,1
Insect,Colletidae,Euryglossa noosae,,1,1
Insect,Drosophilidae,Mycodrosophila rosemaryae,,1,1
Insect,Colletidae,Leioproctus advena,Plasterer Bee,1,1
Insect,Halictidae,Lasioglossum sulthica,,1,1
Insect,Colletidae,Euryglossina intermedia,Plasterer Bee,1,1
Insect,Phoridae,Apocephalus insolitus,,1,1
Insect,Carabidae,Prosopogmus chalybeipennis,,1,1
Insect,Carabidae,Percosoma carenoides,,1,1
Insect,Carabidae,Promecoderus brunnicornis,,1,1
Insect,Pompilidae,Ctenostegus cinctus,Spider Wasp,1,1
Insect,Scarabaeidae,Onthophagus sydneyensis,,1,1
Insect,Drosophilidae,Drosophila setifemur,Fruit Fly,1,1
Insect,Asilidae,Cerdistus luctificus,,1,1
Insect,Geometridae,Amelora oritropha,Geometer Moth,1,1
Insect,Staphylinidae,Ochthephilum mastersii,,1,1
Insect,Carabidae,Scopodes flavipes,,1,1
Insect,Chrysomelidae,Aporocera bynoei,,1,1
Insect,Oecophoridae,Antipterna euanthes,Concealer Moth,1,1
Insect,Cleridae,Phlogistus corallipes,,1,1
Insect,Formicidae,Camponotus guidae,,1,1
Insect,Buprestidae,Diphucrania aenigma,,1,1
Insect,Geometridae,Epyaxa hyperythra,Moth,1,1
Insect,Chrysomelidae,Trachymela alta,,1,1
Insect,Buprestidae,Anilara obscura,,1,1
Insect,Piophilidae,Piophilosoma antipodum,,1,1
Insect,Cicadellidae,Bakeriana rubra,,1,1
Insect,Tenebrionidae,Pterohelaeus granulatus,Pie Dish Beetle,1,1
Insect,Buprestidae,Melobasis occidentalis,,1,1
Insect,Halictidae,Lasioglossum vitripenne,Sweat Bee,1,1
Insect,Formicidae,Camponotus scotti,,1,1
Insect,Buprestidae,Anilara subcostata,,1,1
Insect,Chrysomelidae,Eurispa albipennis,,1,1
Insect,Eriococcidae,Phacelococcus bursaria,Felt Scale Insect,1,1
Insect,Tortricidae,Constrictana catharia,,1,1
Insect,Formicidae,Nylanderia rosae,Ant,1,1
Insect,Tettigoniidae,Tinzeda sororoides,,1,1
Insect,Nemestrinidae,Trichophthalma laetilinea,,1,1
Insect,Chrysomelidae,Peltoschema subapicalis,,1,1
Insect,Eurybrachidae,Chewobrachys sanguiflua,,1,1
Insect,Pergidae,Lophyrotoma ramosa,Sawfly,1,1
Insect,Curculionidae,Tetralophus sculpturatus,,1,1
Insect,Tiphiidae,Phymatothynnus nitidus,,1,1
Insect,Aleyrodidae,Dialeurodes citri,Citrus Whitefly,1,1
Insect,Geometridae,Chlorocoma tetraspila,Geometer Moth,1,1
Insect,Lycidae,Trichalus apiciflavus,,1,1
Insect,Pergidae,Pterygophorus facielongus,Sawfly,1,1
Insect,Chrysomelidae,Paropsisterna chlorotica,,1,1
Insect,Yloryctidae,Lichenaula comparella,,1,1
Insect,Carabidae,Tropidotrechus victoriae,,1,1
Insect,Syrphidae,Episyrphus alternans,,1,1
Insect,Formicidae,Podomyrma odae,,1,1
Insect,Pyralidae,Tirathaba monoleuca,,1,1
Insect,Tenebrionidae,Chalcopteroides cyanopterus,,1,1
Insect,Platystomatidae,Plagiostenopterina aenea,,1,1
Insect,Buprestidae,Castiarina delectabilis,,1,1
Insect,Crambidae,Cydalima diaphanalis,,1,1
