species,common_name,animal_group,cities_present,city_list,record_count
Gymnorhina tibicen,Australian Magpie,Bird,8,Adelaide | Brisbane | Canberra–Queanbeyan | Darwin | Hobart | Melbourne | Perth | Sydney,542615
Trichoglossus moluccanus,Rainbow Lorikeet,Bird,8,Adelaide | Brisbane | Canberra–Queanbeyan | Darwin | Hobart | Melbourne | Perth | Sydney,541249
Grallina cyanoleuca,Magpie-lark,Bird,8,Adelaide | Brisbane | Canberra–Queanbeyan | Darwin | Hobart | Melbourne | Perth | Sydney,426831
Hirundo neoxena,Welcome Swallow,Bird,8,Adelaide | Brisbane | Canberra–Queanbeyan | Darwin | Hobart | Melbourne | Perth | Sydney,327186
Cacatua galerita,Sulphur-crested Cockatoo,Bird,8,Adelaide | Brisbane | Canberra–Queanbeyan | Darwin | Hobart | Melbourne | Perth | Sydney,307067
Anas superciliosa,Pacific Black Duck,Bird,8,Adelaide | Brisbane | Canberra–Queanbeyan | Darwin | Hobart | Melbourne | Perth | Sydney,299137
Cracticus torquatus,Grey Butcherbird,Bird,8,Adelaide | Brisbane | Canberra–Queanbeyan | Darwin | Hobart | Melbourne | Perth | Sydney,257933
Rhipidura leucophrys,Willie Wagtail,Bird,8,Adelaide | Brisbane | Canberra–Queanbeyan | Darwin | Hobart | Melbourne | Perth | Sydney,251337
Spilopelia chinensis,Spotted Turtle-dove,Bird,8,Adelaide | Brisbane | Canberra–Queanbeyan | Darwin | Hobart | Melbourne | Perth | Sydney,247746
Gallinula tenebrosa,Dusky Moorhen,Bird,8,Adelaide | Brisbane | Canberra–Queanbeyan | Darwin | Hobart | Melbourne | Perth | Sydney,237455
Eolophus roseicapilla,Galah,Bird,8,Adelaide | Brisbane | Canberra–Queanbeyan | Darwin | Hobart | Melbourne | Perth | Sydney,234283
Vanellus miles,Masked Lapwing,Bird,8,Adelaide | Brisbane | Canberra–Queanbeyan | Darwin | Hobart | Melbourne | Perth | Sydney,217309
Porphyrio porphyrio,Australasian Purple Swamphen,Bird,8,Adelaide | Brisbane | Canberra–Queanbeyan | Darwin | Hobart | Melbourne | Perth | Sydney,205802
Chroicocephalus novaehollandiae,Silver Gull,Bird,8,Adelaide | Brisbane | Canberra–Queanbeyan | Darwin | Hobart | Melbourne | Perth | Sydney,199667
Microcarbo melanoleucos,Little Pied Cormorant,Bird,8,Adelaide | Brisbane | Canberra–Queanbeyan | Darwin | Hobart | Melbourne | Perth | Sydney,197399
Fulica atra,Eurasian Coot,Bird,8,Adelaide | Brisbane | Canberra–Queanbeyan | Darwin | Hobart | Melbourne | Perth | Sydney,192462
Columba livia,Rock Dove,Bird,8,Adelaide | Brisbane | Canberra–Queanbeyan | Darwin | Hobart | Melbourne | Perth | Sydney,188857
Rhipidura albiscapa,Grey Fantail,Bird,8,Adelaide | Brisbane | Canberra–Queanbeyan | Darwin | Hobart | Melbourne | Perth | Sydney,178470
Phalacrocorax sulcirostris,Little Black Cormorant,Bird,8,Adelaide | Brisbane | Canberra–Queanbeyan | Darwin | Hobart | Melbourne | Perth | Sydney,149103
Cacatua sanguinea,Little Corella,Bird,8,Adelaide | Brisbane | Canberra–Queanbeyan | Darwin | Hobart | Melbourne | Perth | Sydney,145196
Egretta novaehollandiae,White-faced Heron,Bird,8,Adelaide | Brisbane | Canberra–Queanbeyan | Darwin | Hobart | Melbourne | Perth | Sydney,143139
Coracina novaehollandiae,Black-faced Cuckoo-shrike,Bird,8,Adelaide | Brisbane | Canberra–Queanbeyan | Darwin | Hobart | Melbourne | Perth | Sydney,123377
Tachybaptus novaehollandiae,Australasian Grebe,Bird,8,Adelaide | Brisbane | Canberra–Queanbeyan | Darwin | Hobart | Melbourne | Perth | Sydney,122745
Anas gracilis,Grey Teal,Bird,8,Adelaide | Brisbane | Canberra–Queanbeyan | Darwin | Hobart | Melbourne | Perth | Sydney,116274
Pardalotus striatus,Striated Pardalote,Bird,8,Adelaide | Brisbane | Canberra–Queanbeyan | Darwin | Hobart | Melbourne | Perth | Sydney,105690
Pelecanus conspicillatus,Australian Pelican,Bird,8,Adelaide | Brisbane | Canberra–Queanbeyan | Darwin | Hobart | Melbourne | Perth | Sydney,104696
Ardea alba,Great Egret,Bird,8,Adelaide | Brisbane | Canberra–Queanbeyan | Darwin | Hobart | Melbourne | Perth | Sydney,84196
Aythya australis,Hardhead,Bird,8,Adelaide | Brisbane | Canberra–Queanbeyan | Darwin | Hobart | Melbourne | Perth | Sydney,73917
Passer domesticus,House Sparrow,Bird,8,Adelaide | Brisbane | Canberra–Queanbeyan | Darwin | Hobart | Melbourne | Perth | Sydney,73037
Acrocephalus australis,Australian Reed Warbler,Bird,8,Adelaide | Brisbane | Canberra–Queanbeyan | Darwin | Hobart | Melbourne | Perth | Sydney,72526
Colluricincla harmonica,Grey Shrike-thrush,Bird,8,Adelaide | Brisbane | Canberra–Queanbeyan | Darwin | Hobart | Melbourne | Perth | Sydney,71245
Podargus strigoides,Tawny Frogmouth,Bird,8,Adelaide | Brisbane | Canberra–Queanbeyan | Darwin | Hobart | Melbourne | Perth | Sydney,65549
Todiramphus sanctus,Sacred Kingfisher,Bird,8,Adelaide | Brisbane | Canberra–Queanbeyan | Darwin | Hobart | Melbourne | Perth | Sydney,60896
Phalacrocorax carbo,Great Cormorant,Bird,8,Adelaide | Brisbane | Canberra–Queanbeyan | Darwin | Hobart | Melbourne | Perth | Sydney,53388
Trichosurus vulpecula,Common Brushtail Possum,Mammal,8,Adelaide | Brisbane | Canberra–Queanbeyan | Darwin | Hobart | Melbourne | Perth | Sydney,52233
Oriolus sagittatus,Olive-backed Oriole,Bird,8,Adelaide | Brisbane | Canberra–Queanbeyan | Darwin | Hobart | Melbourne | Perth | Sydney,49961
Cacatua tenuirostris,Long-billed Corella,Bird,8,Adelaide | Brisbane | Canberra–Queanbeyan | Darwin | Hobart | Melbourne | Perth | Sydney,45600
Phalacrocorax varius,Pied Cormorant,Bird,8,Adelaide | Brisbane | Canberra–Queanbeyan | Darwin | Hobart | Melbourne | Perth | Sydney,43286
Petrochelidon nigricans,Tree Martin,Bird,8,Adelaide | Brisbane | Canberra–Queanbeyan | Darwin | Hobart | Melbourne | Perth | Sydney,40339
Egretta garzetta,Little Egret,Bird,8,Adelaide | Brisbane | Canberra–Queanbeyan | Darwin | Hobart | Melbourne | Perth | Sydney,36458
Accipiter fasciatus,Brown Goshawk,Bird,8,Adelaide | Brisbane | Canberra–Queanbeyan | Darwin | Hobart | Melbourne | Perth | Sydney,35165
Hypotaenidia philippensis,Buff-banded Rail,Bird,8,Adelaide | Brisbane | Canberra–Queanbeyan | Darwin | Hobart | Melbourne | Perth | Sydney,26331
Malacorhynchus membranaceus,Pink-eared Duck,Bird,8,Adelaide | Brisbane | Canberra–Queanbeyan | Darwin | Hobart | Melbourne | Perth | Sydney,25472
Nycticorax caledonicus,Nankeen Night-heron,Bird,8,Adelaide | Brisbane | Canberra–Queanbeyan | Darwin | Hobart | Melbourne | Perth | Sydney,24906
Haliaeetus leucogaster,White-bellied Sea-eagle,Bird,8,Adelaide | Brisbane | Canberra–Queanbeyan | Darwin | Hobart | Melbourne | Perth | Sydney,23152
Anas platyrhynchos,Common Mallard,Bird,8,Adelaide | Brisbane | Canberra–Queanbeyan | Darwin | Hobart | Melbourne | Perth | Sydney,20758
Falco cenchroides,Nankeen Kestrel,Bird,8,Adelaide | Brisbane | Canberra–Queanbeyan | Darwin | Hobart | Melbourne | Perth | Sydney,20415
Circus approximans,Swamp Harrier,Bird,8,Adelaide | Brisbane | Canberra–Queanbeyan | Darwin | Hobart | Melbourne | Perth | Sydney,18007
Oryctolagus cuniculus,Rabbit,Mammal,8,Adelaide | Brisbane | Canberra–Queanbeyan | Darwin | Hobart | Melbourne | Perth | Sydney,17487
Synoicus ypsilophora,Brown Quail,Bird,8,Adelaide | Brisbane | Canberra–Queanbeyan | Darwin | Hobart | Melbourne | Perth | Sydney,17074
Falco longipennis,Australian Hobby,Bird,8,Adelaide | Brisbane | Canberra–Queanbeyan | Darwin | Hobart | Melbourne | Perth | Sydney,13881
Hydroprogne caspia,Caspian Tern,Bird,8,Adelaide | Brisbane | Canberra–Queanbeyan | Darwin | Hobart | Melbourne | Perth | Sydney,13828
Calidris acuminata,Sharp-tailed Sandpiper,Bird,8,Adelaide | Brisbane | Canberra–Queanbeyan | Darwin | Hobart | Melbourne | Perth | Sydney,12922
Anthus novaeseelandiae,Australian Pipit,Bird,8,Adelaide | Brisbane | Canberra–Queanbeyan | Darwin | Hobart | Melbourne | Perth | Sydney,12487
Apis mellifera,European Honey Bee,Insect,8,Adelaide | Brisbane | Canberra–Queanbeyan | Darwin | Hobart | Melbourne | Perth | Sydney,12243
Accipiter cirrocephalus,Collared Sparrowhawk,Bird,8,Adelaide | Brisbane | Canberra–Queanbeyan | Darwin | Hobart | Melbourne | Perth | Sydney,11564
Falco peregrinus,Peregrine Falcon,Bird,8,Adelaide | Brisbane | Canberra–Queanbeyan | Darwin | Hobart | Melbourne | Perth | Sydney,10845
Calidris ruficollis,Red-necked Stint,Bird,8,Adelaide | Brisbane | Canberra–Queanbeyan | Darwin | Hobart | Melbourne | Perth | Sydney,10255
Aquila audax,Wedge-tailed Eagle,Bird,8,Adelaide | Brisbane | Canberra–Queanbeyan | Darwin | Hobart | Melbourne | Perth | Sydney,10079
Plegadis falcinellus,Glossy Ibis,Bird,8,Adelaide | Brisbane | Canberra–Queanbeyan | Darwin | Hobart | Melbourne | Perth | Sydney,9596
Charadrius ruficapillus,Red-capped Plover,Bird,8,Adelaide | Brisbane | Canberra–Queanbeyan | Darwin | Hobart | Melbourne | Perth | Sydney,9487
Ardea pacifica,White-necked Heron,Bird,8,Adelaide | Brisbane | Canberra–Queanbeyan | Darwin | Hobart | Melbourne | Perth | Sydney,9394
Stictonetta naevosa,Freckled Duck,Bird,8,Adelaide | Brisbane | Canberra–Queanbeyan | Darwin | Hobart | Melbourne | Perth | Sydney,9359
Tachyglossus aculeatus,Short-beaked Echidna,Mammal,8,Adelaide | Brisbane | Canberra–Queanbeyan | Darwin | Hobart | Melbourne | Perth | Sydney,8646
Porzana fluminea,Australian Spotted Crake,Bird,8,Adelaide | Brisbane | Canberra–Queanbeyan | Darwin | Hobart | Melbourne | Perth | Sydney,8630
Tringa nebularia,Common Greenshank,Bird,8,Adelaide | Brisbane | Canberra–Queanbeyan | Darwin | Hobart | Melbourne | Perth | Sydney,8601
Chalcites basalis,Horsfield's Bronze-cuckoo,Bird,8,Adelaide | Brisbane | Canberra–Queanbeyan | Darwin | Hobart | Melbourne | Perth | Sydney,8556
Lalage tricolor,White-winged Triller,Bird,8,Adelaide | Brisbane | Canberra–Queanbeyan | Darwin | Hobart | Melbourne | Perth | Sydney,6874
Falco berigora,Brown Falcon,Bird,8,Adelaide | Brisbane | Canberra–Queanbeyan | Darwin | Hobart | Melbourne | Perth | Sydney,6181
Cairina moschata,Muscovy Duck,Bird,8,Adelaide | Brisbane | Canberra–Queanbeyan | Darwin | Hobart | Melbourne | Perth | Sydney,5818
Rattus rattus,Black Rat,Mammal,8,Adelaide | Brisbane | Canberra–Queanbeyan | Darwin | Hobart | Melbourne | Perth | Sydney,5497
Actitis hypoleucos,Common Sandpiper,Bird,8,Adelaide | Brisbane | Canberra–Queanbeyan | Darwin | Hobart | Melbourne | Perth | Sydney,5409
Zizina otis,Grass Blue,Insect,8,Adelaide | Brisbane | Canberra–Queanbeyan | Darwin | Hobart | Melbourne | Perth | Sydney,5297
Ocybadistes walkeri,Green Grass-dart,Insect,8,Adelaide | Brisbane | Canberra–Queanbeyan | Darwin | Hobart | Melbourne | Perth | Sydney,4952
Orthetrum caledonicum,Blue Skimmer,Insect,8,Adelaide | Brisbane | Canberra–Queanbeyan | Darwin | Hobart | Melbourne | Perth | Sydney,3840
Junonia villida,Meadow Argus,Insect,8,Adelaide | Brisbane | Canberra–Queanbeyan | Darwin | Hobart | Melbourne | Perth | Sydney,3808
Ischnura heterosticta,Common Bluetail,Insect,8,Adelaide | Brisbane | Canberra–Queanbeyan | Darwin | Hobart | Melbourne | Perth | Sydney,3437
Felis catus,Cat,Mammal,8,Adelaide | Brisbane | Canberra–Queanbeyan | Darwin | Hobart | Melbourne | Perth | Sydney,3199
Elseyornis melanops,Black-fronted Dotterel,Bird,8,Adelaide | Brisbane | Canberra–Queanbeyan | Darwin | Hobart | Melbourne | Perth | Sydney,2683
Coccinella transversalis,Transverse Ladybird,Insect,8,Adelaide | Brisbane | Canberra–Queanbeyan | Darwin | Hobart | Melbourne | Perth | Sydney,2622
Aegotheles cristatus,Australian Owlet-nightjar,Bird,8,Adelaide | Brisbane | Canberra–Queanbeyan | Darwin | Hobart | Melbourne | Perth | Sydney,2470
Heteroscenes pallidus,Pallid Cuckoo,Bird,8,Adelaide | Brisbane | Canberra–Queanbeyan | Darwin | Hobart | Melbourne | Perth | Sydney,2359
Hydromys chrysogaster,Water-rat,Mammal,8,Adelaide | Brisbane | Canberra–Queanbeyan | Darwin | Hobart | Melbourne | Perth | Sydney,2254
Agrotis munda,Brown Cutworm Moth,Insect,8,Adelaide | Brisbane | Canberra–Queanbeyan | Darwin | Hobart | Melbourne | Perth | Sydney,2088
Simosyrphus grandicornis,Hoverfly,Insect,8,Adelaide | Brisbane | Canberra–Queanbeyan | Darwin | Hobart | Melbourne | Perth | Sydney,2078
Apus pacificus,Fork-tailed Swift,Bird,8,Adelaide | Brisbane | Canberra–Queanbeyan | Darwin | Hobart | Melbourne | Perth | Sydney,2004
Orthodera ministralis,Green Mantid,Insect,8,Adelaide | Brisbane | Canberra–Queanbeyan | Darwin | Hobart | Melbourne | Perth | Sydney,1949
Nacoleia rhoeoalis,Grass Moth,Insect,8,Adelaide | Brisbane | Canberra–Queanbeyan | Darwin | Hobart | Melbourne | Perth | Sydney,1585
Anax papuensis,Australian Emperor,Insect,8,Adelaide | Brisbane | Canberra–Queanbeyan | Darwin | Hobart | Melbourne | Perth | Sydney,1491
Bubulcus ibis,Eastern Cattle Egret,Bird,8,Adelaide | Brisbane | Canberra–Queanbeyan | Darwin | Hobart | Melbourne | Perth | Sydney,1487
Uresiphita ornithopteralis,Tree Lucerne Moth,Insect,8,Adelaide | Brisbane | Canberra–Queanbeyan | Darwin | Hobart | Melbourne | Perth | Sydney,1372
Ischnura aurora,Aurora Bluetail,Insect,8,Adelaide | Brisbane | Canberra–Queanbeyan | Darwin | Hobart | Melbourne | Perth | Sydney,1219
Crocidosema plebejana,Cotton Tipworm Moth,Insect,8,Adelaide | Brisbane | Canberra–Queanbeyan | Darwin | Hobart | Melbourne | Perth | Sydney,1213
Helicoverpa punctigera,Native Budworm,Insect,8,Adelaide | Brisbane | Canberra–Queanbeyan | Darwin | Hobart | Melbourne | Perth | Sydney,1168
Utetheisa pulchelloides,Crimson Spotted Moth,Insect,8,Adelaide | Brisbane | Canberra–Queanbeyan | Darwin | Hobart | Melbourne | Perth | Sydney,1112
Cryptolaemus montrouzieri,,Insect,8,Adelaide | Brisbane | Canberra–Queanbeyan | Darwin | Hobart | Melbourne | Perth | Sydney,965
Pavo cristatus,Indian Peafowl,Bird,8,Adelaide | Brisbane | Canberra–Queanbeyan | Darwin | Hobart | Melbourne | Perth | Sydney,958
Teleogryllus commodus,Black Field Cricket,Insect,8,Adelaide | Brisbane | Canberra–Queanbeyan | Darwin | Hobart | Melbourne | Perth | Sydney,911
Canis familiaris,Dingo,Mammal,8,Adelaide | Brisbane | Canberra–Queanbeyan | Darwin | Hobart | Melbourne | Perth | Sydney,829
Spectrotrota fimbrialis,Grass Moth,Insect,8,Adelaide | Brisbane | Canberra–Queanbeyan | Darwin | Hobart | Melbourne | Perth | Sydney,756
Aedes notoscriptus,,Insect,8,Adelaide | Brisbane | Canberra–Queanbeyan | Darwin | Hobart | Melbourne | Perth | Sydney,751
Choerocoris paganus,Ground Shield Bug,Insect,8,Adelaide | Brisbane | Canberra–Queanbeyan | Darwin | Hobart | Melbourne | Perth | Sydney,695
Tenodera australasiae,Purplewinged Mantid,Insect,8,Adelaide | Brisbane | Canberra–Queanbeyan | Darwin | Hobart | Melbourne | Perth | Sydney,681
Lampides boeticus,Long-tailed Pea-blue,Insect,8,Adelaide | Brisbane | Canberra–Queanbeyan | Darwin | Hobart | Melbourne | Perth | Sydney,617
Endotricha pyrosalis,Grass Moth,Insect,8,Adelaide | Brisbane | Canberra–Queanbeyan | Darwin | Hobart | Melbourne | Perth | Sydney,613
Numida meleagris,Helmeted Guineafowl,Bird,8,Adelaide | Brisbane | Canberra–Queanbeyan | Darwin | Hobart | Melbourne | Perth | Sydney,595
Lucilia sericata,Green Blowfly,Insect,8,Adelaide | Brisbane | Canberra–Queanbeyan | Darwin | Hobart | Melbourne | Perth | Sydney,586
Chrysodeixis eriosoma,Green Looper Moth,Insect,8,Adelaide | Brisbane | Canberra–Queanbeyan | Darwin | Hobart | Melbourne | Perth | Sydney,442
Gallus gallus,Red Junglefowl,Bird,8,Adelaide | Brisbane | Canberra–Queanbeyan | Darwin | Hobart | Melbourne | Perth | Sydney,354
Idaea inversata,Geometer Moth,Insect,8,Adelaide | Brisbane | Canberra–Queanbeyan | Darwin | Hobart | Melbourne | Perth | Sydney,314
Nysius vinitor,Rutherglen Bug,Insect,8,Adelaide | Brisbane | Canberra–Queanbeyan | Darwin | Hobart | Melbourne | Perth | Sydney,281
Musca domestica,House Fly,Insect,8,Adelaide | Brisbane | Canberra–Queanbeyan | Darwin | Hobart | Melbourne | Perth | Sydney,224
Plodia interpunctella,Snout Moth,Insect,8,Adelaide | Brisbane | Canberra–Queanbeyan | Darwin | Hobart | Melbourne | Perth | Sydney,222
Gastrimargus musicus,Yellow-winged Locust,Insect,8,Adelaide | Brisbane | Canberra–Queanbeyan | Darwin | Hobart | Melbourne | Perth | Sydney,208
Acyphas semiochrea,Moth,Insect,8,Adelaide | Brisbane | Canberra–Queanbeyan | Darwin | Hobart | Melbourne | Perth | Sydney,165
Ctenolepisma longicaudata,Silverfish,Insect,8,Adelaide | Brisbane | Canberra–Queanbeyan | Darwin | Hobart | Melbourne | Perth | Sydney,152
Anthrax maculatus,Bee Fly,Insect,8,Adelaide | Brisbane | Canberra–Queanbeyan | Darwin | Hobart | Melbourne | Perth | Sydney,106
Phoracantha punctata,,Insect,8,Adelaide | Brisbane | Canberra–Queanbeyan | Darwin | Hobart | Melbourne | Perth | Sydney,102
Blattella germanica,German Cockroach,Insect,8,Adelaide | Brisbane | Canberra–Queanbeyan | Darwin | Hobart | Melbourne | Perth | Sydney,97
Leptocybe invasa,,Insect,8,Adelaide | Brisbane | Canberra–Queanbeyan | Darwin | Hobart | Melbourne | Perth | Sydney,87
Saissetia coffeae,Coffee Root Mealybug,Insect,8,Adelaide | Brisbane | Canberra–Queanbeyan | Darwin | Hobart | Melbourne | Perth | Sydney,28
Threskiornis moluccus,Australian White Ibis,Bird,7,Adelaide | Brisbane | Canberra–Queanbeyan | Darwin | Melbourne | Perth | Sydney,297781
Acridotheres tristis,Common Myna,Bird,7,Adelaide | Brisbane | Canberra–Queanbeyan | Darwin | Melbourne | Perth | Sydney,252442
Ocyphaps lophotes,Crested Pigeon,Bird,7,Adelaide | Brisbane | Canberra–Queanbeyan | Darwin | Melbourne | Perth | Sydney,250211
Chenonetta jubata,Australian Wood Duck,Bird,7,Adelaide | Brisbane | Canberra–Queanbeyan | Hobart | Melbourne | Perth | Sydney,209115
Dacelo novaeguineae,Laughing Kookaburra,Bird,7,Adelaide | Brisbane | Canberra–Queanbeyan | Hobart | Melbourne | Perth | Sydney,208049
Zosterops lateralis,Silvereye,Bird,7,Adelaide | Brisbane | Canberra–Queanbeyan | Hobart | Melbourne | Perth | Sydney,151814
Turdus merula,Eurasian Blackbird,Bird,7,Adelaide | Brisbane | Canberra–Queanbeyan | Hobart | Melbourne | Perth | Sydney,134118
Platycercus eximius,Eastern Rosella,Bird,7,Adelaide | Brisbane | Canberra–Queanbeyan | Hobart | Melbourne | Perth | Sydney,121493
Phylidonyris novaehollandiae,New Holland Honeyeater,Bird,7,Adelaide | Brisbane | Canberra–Queanbeyan | Hobart | Melbourne | Perth | Sydney,121415
Anas castanea,Chestnut Teal,Bird,7,Adelaide | Brisbane | Canberra–Queanbeyan | Hobart | Melbourne | Perth | Sydney,117391
Cygnus atratus,Black Swan,Bird,7,Adelaide | Brisbane | Canberra–Queanbeyan | Hobart | Melbourne | Perth | Sydney,116812
Pardalotus punctatus,Spotted Pardalote,Bird,7,Adelaide | Brisbane | Canberra–Queanbeyan | Hobart | Melbourne | Perth | Sydney,111015
Lichmera indistincta,Brown Honeyeater,Bird,7,Adelaide | Brisbane | Canberra–Queanbeyan | Darwin | Melbourne | Perth | Sydney,109468
Sericornis frontalis,White-browed Scrubwren,Bird,7,Adelaide | Brisbane | Canberra–Queanbeyan | Hobart | Melbourne | Perth | Sydney,107981
Anhinga novaehollandiae,Australasian Darter,Bird,7,Adelaide | Brisbane | Canberra–Queanbeyan | Darwin | Melbourne | Perth | Sydney,100506
Anthochaera chrysoptera,Little Wattlebird,Bird,7,Adelaide | Brisbane | Canberra–Queanbeyan | Hobart | Melbourne | Perth | Sydney,86667
Threskiornis spinicollis,Straw-necked Ibis,Bird,7,Adelaide | Brisbane | Canberra–Queanbeyan | Darwin | Melbourne | Perth | Sydney,64417
Pseudocheirus peregrinus,Common Ringtail Possum,Mammal,7,Adelaide | Brisbane | Canberra–Queanbeyan | Darwin | Hobart | Melbourne | Sydney,59655
Himantopus himantopus,Black-winged Stilt,Bird,7,Adelaide | Brisbane | Canberra–Queanbeyan | Darwin | Melbourne | Perth | Sydney,57671
Pachycephala rufiventris,Rufous Whistler,Bird,7,Adelaide | Brisbane | Canberra–Queanbeyan | Darwin | Melbourne | Perth | Sydney,55384
Merops ornatus,Rainbow Bee-eater,Bird,7,Adelaide | Brisbane | Canberra–Queanbeyan | Darwin | Melbourne | Perth | Sydney,50010
Platalea regia,Royal Spoonbill,Bird,7,Adelaide | Brisbane | Canberra–Queanbeyan | Darwin | Melbourne | Perth | Sydney,49113
Poliocephalus poliocephalus,Hoary-headed Grebe,Bird,7,Adelaide | Brisbane | Canberra–Queanbeyan | Hobart | Melbourne | Perth | Sydney,42687
Phaps chalcoptera,Common Bronzewing,Bird,7,Adelaide | Brisbane | Canberra–Queanbeyan | Hobart | Melbourne | Perth | Sydney,42268
Smicrornis brevirostris,Weebill,Bird,7,Adelaide | Brisbane | Canberra–Queanbeyan | Darwin | Melbourne | Perth | Sydney,40748
Ardea intermedia,Intermediate Egret,Bird,7,Adelaide | Brisbane | Canberra–Queanbeyan | Darwin | Melbourne | Perth | Sydney,38939
Zanda funerea,Eastern Yellow-tailed Black-cockatoo,Bird,7,Adelaide | Brisbane | Canberra–Queanbeyan | Darwin | Hobart | Melbourne | Sydney,34645
Acanthiza chrysorrhoa,Yellow-rumped Thornbill,Bird,7,Adelaide | Brisbane | Canberra–Queanbeyan | Hobart | Melbourne | Perth | Sydney,33784
Dicaeum hirundinaceum,Mistletoebird,Bird,7,Adelaide | Brisbane | Canberra–Queanbeyan | Darwin | Melbourne | Perth | Sydney,33468
Poodytes gramineus,Little Grassbird,Bird,7,Adelaide | Brisbane | Canberra–Queanbeyan | Hobart | Melbourne | Perth | Sydney,33277
Thalasseus bergii,Crested Tern,Bird,7,Adelaide | Brisbane | Darwin | Hobart | Melbourne | Perth | Sydney,33267
Petrochelidon ariel,Fairy Martin,Bird,7,Adelaide | Brisbane | Canberra–Queanbeyan | Darwin | Melbourne | Perth | Sydney,31417
Haliastur sphenurus,Whistling Kite,Bird,7,Adelaide | Brisbane | Canberra–Queanbeyan | Darwin | Melbourne | Perth | Sydney,30021
Philemon citreogularis,Little Friarbird,Bird,7,Adelaide | Brisbane | Canberra–Queanbeyan | Darwin | Melbourne | Perth | Sydney,28498
Carduelis carduelis,European Goldfinch,Bird,7,Adelaide | Brisbane | Canberra–Queanbeyan | Hobart | Melbourne | Perth | Sydney,28076
Elanus axillaris,Black-shouldered Kite,Bird,7,Adelaide | Brisbane | Canberra–Queanbeyan | Darwin | Melbourne | Perth | Sydney,27318
Spatula rhynchotis,Australasian Shoveler,Bird,7,Adelaide | Brisbane | Canberra–Queanbeyan | Hobart | Melbourne | Perth | Sydney,26695
Cacomantis flabelliformis,Fan-tailed Cuckoo,Bird,7,Adelaide | Brisbane | Canberra–Queanbeyan | Hobart | Melbourne | Perth | Sydney,25131
Haematopus longirostris,Australian Pied Oystercatcher,Bird,7,Adelaide | Brisbane | Darwin | Hobart | Melbourne | Perth | Sydney,22494
Barnardius zonarius,Australian Ringneck,Bird,7,Adelaide | Brisbane | Canberra–Queanbeyan | Darwin | Melbourne | Perth | Sydney,19859
Pachycephala pectoralis,Golden Whistler,Bird,7,Adelaide | Brisbane | Canberra–Queanbeyan | Hobart | Melbourne | Perth | Sydney,16758
Oxyura australis,Blue-billed Duck,Bird,7,Adelaide | Brisbane | Canberra–Queanbeyan | Hobart | Melbourne | Perth | Sydney,16397
Burhinus grallarius,Bush Stone-curlew,Bird,7,Adelaide | Brisbane | Canberra–Queanbeyan | Darwin | Melbourne | Perth | Sydney,15698
Biziura lobata,Musk Duck,Bird,7,Adelaide | Brisbane | Canberra–Queanbeyan | Hobart | Melbourne | Perth | Sydney,13833
Platalea flavipes,Yellow-billed Spoonbill,Bird,7,Adelaide | Brisbane | Canberra–Queanbeyan | Darwin | Melbourne | Perth | Sydney,13637
Larus dominicanus,Kelp Gull,Bird,7,Adelaide | Brisbane | Darwin | Hobart | Melbourne | Perth | Sydney,13373
Milvus migrans,Black Kite,Bird,7,Adelaide | Brisbane | Canberra–Queanbeyan | Darwin | Melbourne | Perth | Sydney,13089
Artamus cyanopterus,Dusky Woodswallow,Bird,7,Adelaide | Brisbane | Canberra–Queanbeyan | Hobart | Melbourne | Perth | Sydney,12544
Zapornia tabuensis,Spotless Crake,Bird,7,Adelaide | Brisbane | Canberra–Queanbeyan | Hobart | Melbourne | Perth | Sydney,12362
Chalcites lucidus,New Zealand Shining Bronze-cuckoo,Bird,7,Adelaide | Brisbane | Canberra–Queanbeyan | Hobart | Melbourne | Perth | Sydney,11850
Podiceps cristatus,Great Crested Grebe,Bird,7,Adelaide | Brisbane | Canberra–Queanbeyan | Hobart | Melbourne | Perth | Sydney,11812
Glossopsitta concinna,Musk Lorikeet,Bird,7,Adelaide | Brisbane | Canberra–Queanbeyan | Darwin | Hobart | Melbourne | Sydney,11652
Limosa lapponica,Bar-tailed Godwit,Bird,7,Adelaide | Brisbane | Darwin | Hobart | Melbourne | Perth | Sydney,10797
Erythrogonys cinctus,Red-kneed Dotterel,Bird,7,Adelaide | Brisbane | Canberra–Queanbeyan | Darwin | Melbourne | Perth | Sydney,10461
Numenius madagascariensis,Eastern Curlew,Bird,7,Adelaide | Brisbane | Darwin | Hobart | Melbourne | Perth | Sydney,10388
Ninox boobook,Southern Boobook,Bird,7,Adelaide | Brisbane | Canberra–Queanbeyan | Darwin | Melbourne | Perth | Sydney,9079
Morus serrator,Australasian Gannet,Bird,7,Adelaide | Brisbane | Darwin | Hobart | Melbourne | Perth | Sydney,8455
Chlidonias hybrida,Whiskered Tern,Bird,7,Adelaide | Brisbane | Canberra–Queanbeyan | Darwin | Melbourne | Perth | Sydney,7785
Recurvirostra novaehollandiae,Red-necked Avocet,Bird,7,Adelaide | Brisbane | Canberra–Queanbeyan | Darwin | Melbourne | Perth | Sydney,7304
Hirundapus caudacutus,White-throated Needletail,Bird,7,Adelaide | Brisbane | Canberra–Queanbeyan | Darwin | Hobart | Melbourne | Sydney,7242
Petroica boodang,Scarlet Robin,Bird,7,Adelaide | Brisbane | Canberra–Queanbeyan | Hobart | Melbourne | Perth | Sydney,6826
Haematopus fuliginosus,Sooty Oystercatcher,Bird,7,Adelaide | Brisbane | Darwin | Hobart | Melbourne | Perth | Sydney,6758
Pluvialis fulva,Pacific Golden Plover,Bird,7,Adelaide | Brisbane | Canberra–Queanbeyan | Darwin | Melbourne | Perth | Sydney,6346
Heteronympha merope,Common Brown,Insect,7,Adelaide | Brisbane | Canberra–Queanbeyan | Hobart | Melbourne | Perth | Sydney,5844
Harmonia conformis,Common Spotted Ladybird,Insect,7,Adelaide | Brisbane | Canberra–Queanbeyan | Hobart | Melbourne | Perth | Sydney,5719
Hieraaetus morphnoides,Little Eagle,Bird,7,Adelaide | Brisbane | Canberra–Queanbeyan | Darwin | Melbourne | Perth | Sydney,5437
Pieris rapae,Cabbage White Butterfly,Insect,7,Adelaide | Brisbane | Canberra–Queanbeyan | Hobart | Melbourne | Perth | Sydney,5408
Vanessa kershawi,Australian Painted Lady,Insect,7,Adelaide | Brisbane | Canberra–Queanbeyan | Hobart | Melbourne | Perth | Sydney,5103
Arenaria interpres,Ruddy Turnstone,Bird,7,Adelaide | Brisbane | Darwin | Hobart | Melbourne | Perth | Sydney,4973
Chalinolobus gouldii,Gould's Wattled Bat,Mammal,7,Adelaide | Brisbane | Canberra–Queanbeyan | Hobart | Melbourne | Perth | Sydney,4919
Calidris ferruginea,Curlew Sandpiper,Bird,7,Adelaide | Brisbane | Canberra–Queanbeyan | Darwin | Melbourne | Perth | Sydney,4835
Zapornia pusilla,Baillon's Crake,Bird,7,Adelaide | Brisbane | Canberra–Queanbeyan | Hobart | Melbourne | Perth | Sydney,4654
Diplacodes bipunctata,Wandering Percher,Insect,7,Adelaide | Brisbane | Canberra–Queanbeyan | Darwin | Melbourne | Perth | Sydney,3835
Sternula albifrons,Little Tern,Bird,7,Adelaide | Brisbane | Darwin | Hobart | Melbourne | Perth | Sydney,3697
Lophoictinia isura,Square-tailed Kite,Bird,7,Adelaide | Brisbane | Canberra–Queanbeyan | Darwin | Melbourne | Perth | Sydney,3472
Myiagra inquieta,Restless Flycatcher,Bird,7,Adelaide | Brisbane | Canberra–Queanbeyan | Darwin | Melbourne | Perth | Sydney,2822
Scopula rubraria,Carpet Moth,Insect,7,Adelaide | Brisbane | Canberra–Queanbeyan | Hobart | Melbourne | Perth | Sydney,2777
Vanessa itea,Yellow Admiral,Insect,7,Adelaide | Brisbane | Canberra–Queanbeyan | Hobart | Melbourne | Perth | Sydney,2750
Melangyna viridiceps,Hover Fly,Insect,7,Adelaide | Brisbane | Canberra–Queanbeyan | Hobart | Melbourne | Perth | Sydney,2692
Hemicordulia tau,Tau Emerald,Insect,7,Adelaide | Brisbane | Canberra–Queanbeyan | Hobart | Melbourne | Perth | Sydney,2622
Mus musculus,House Mouse,Mammal,7,Adelaide | Brisbane | Canberra–Queanbeyan | Hobart | Melbourne | Perth | Sydney,2567
Isoodon obesulus,Southern Brown Bandicoot (eastern),Mammal,7,Adelaide | Brisbane | Canberra–Queanbeyan | Hobart | Melbourne | Perth | Sydney,2297
Daphoenositta chrysoptera,Black-capped Sittella,Bird,7,Adelaide | Brisbane | Canberra–Queanbeyan | Darwin | Melbourne | Perth | Sydney,2235
Hippodamia variegata,Spotted Amber Ladybird,Insect,7,Adelaide | Brisbane | Canberra–Queanbeyan | Hobart | Melbourne | Perth | Sydney,2154
Anser anser,Domestic (greylag) Goose,Bird,7,Adelaide | Brisbane | Canberra–Queanbeyan | Hobart | Melbourne | Perth | Sydney,2033
Belenois java,Caper White,Insect,7,Adelaide | Brisbane | Canberra–Queanbeyan | Darwin | Melbourne | Perth | Sydney,1995
Diplacodes haematodes,Scarlet Percher,Insect,7,Adelaide | Brisbane | Canberra–Queanbeyan | Darwin | Melbourne | Perth | Sydney,1994
Scolypopa australis,Passionvine Hopper,Insect,7,Adelaide | Brisbane | Canberra–Queanbeyan | Hobart | Melbourne | Perth | Sydney,1979
Chauliognathus lugubris,Plague Soldier Beetle,Insect,7,Adelaide | Brisbane | Canberra–Queanbeyan | Hobart | Melbourne | Perth | Sydney,1922
Hemicordulia australiae,Australian Emerald,Insect,7,Adelaide | Brisbane | Canberra–Queanbeyan | Hobart | Melbourne | Perth | Sydney,1920
Anas superciliosa X platyrhynchos,Mallard Cross,Bird,7,Adelaide | Brisbane | Canberra–Queanbeyan | Hobart | Melbourne | Perth | Sydney,1908
Tyto javanica,Eastern Barn Owl,Bird,7,Adelaide | Brisbane | Canberra–Queanbeyan | Darwin | Melbourne | Perth | Sydney,1890
Polistes humilis,Common Paper Wasp,Insect,7,Adelaide | Brisbane | Canberra–Queanbeyan | Darwin | Melbourne | Perth | Sydney,1843
Micromus tasmaniae,Tasmanian Brown Lacewing,Insect,7,Adelaide | Brisbane | Canberra–Queanbeyan | Hobart | Melbourne | Perth | Sydney,1752
Agrotis infusa,Bogong Moth,Insect,7,Adelaide | Brisbane | Canberra–Queanbeyan | Hobart | Melbourne | Perth | Sydney,1676
Phaps elegans,Brush Bronzewing,Bird,7,Adelaide | Brisbane | Canberra–Queanbeyan | Hobart | Melbourne | Perth | Sydney,1542
Dasypodia selenophora,Granny Moth,Insect,7,Adelaide | Brisbane | Canberra–Queanbeyan | Hobart | Melbourne | Perth | Sydney,1540
Paropsisterna cloelia,,Insect,7,Adelaide | Brisbane | Canberra–Queanbeyan | Hobart | Melbourne | Perth | Sydney,1535
Exaireta spinigera,Garden Soldier Fly,Insect,7,Adelaide | Brisbane | Canberra–Queanbeyan | Hobart | Melbourne | Perth | Sydney,1531
Iridomyrmex purpureus,Meat Ant,Insect,7,Adelaide | Brisbane | Canberra–Queanbeyan | Darwin | Melbourne | Perth | Sydney,1490
Phaulacridium vittatum,Wingless Grasshopper,Insect,7,Adelaide | Brisbane | Canberra–Queanbeyan | Hobart | Melbourne | Perth | Sydney,1481
Turnix varius,Painted Button-quail,Bird,7,Adelaide | Brisbane | Canberra–Queanbeyan | Hobart | Melbourne | Perth | Sydney,1476
Ixobrychus dubius,Minute Bittern,Bird,7,Adelaide | Brisbane | Canberra–Queanbeyan | Darwin | Melbourne | Perth | Sydney,1363
Lamprima aurata,Golden Stag Beetle,Insect,7,Adelaide | Brisbane | Canberra–Queanbeyan | Hobart | Melbourne | Perth | Sydney,1360
Chondropyga dorsalis,Cowboy Beetle,Insect,7,Adelaide | Brisbane | Canberra–Queanbeyan | Darwin | Melbourne | Perth | Sydney,1299
Adversaeschna brevistyla,Blue-spotted Hawker,Insect,7,Adelaide | Brisbane | Canberra–Queanbeyan | Hobart | Melbourne | Perth | Sydney,1240
Caedicia simplex,Common Garden Katydid,Insect,7,Adelaide | Brisbane | Canberra–Queanbeyan | Hobart | Melbourne | Perth | Sydney,1218
Nyctemera amicus,Moth,Insect,7,Adelaide | Brisbane | Canberra–Queanbeyan | Hobart | Melbourne | Perth | Sydney,1198
Cincloramphus mathewsi,Rufous Songlark,Bird,7,Adelaide | Brisbane | Canberra–Queanbeyan | Darwin | Melbourne | Perth | Sydney,1191
Phalaenoides glycinae,Grapevine Moth,Insect,7,Adelaide | Brisbane | Canberra–Queanbeyan | Hobart | Melbourne | Perth | Sydney,1162
Pogonortalis doclea,Signal Fly,Insect,7,Adelaide | Brisbane | Canberra–Queanbeyan | Hobart | Melbourne | Perth | Sydney,1135
Mictis profana,Crusader Bug,Insect,7,Adelaide | Brisbane | Canberra–Queanbeyan | Darwin | Melbourne | Perth | Sydney,1133
Gminatus australis,Assassin Bug,Insect,7,Adelaide | Brisbane | Canberra–Queanbeyan | Hobart | Melbourne | Perth | Sydney,1079
Achyra affinitalis,Grass Moth,Insect,7,Adelaide | Brisbane | Canberra–Queanbeyan | Hobart | Melbourne | Perth | Sydney,1075
Faveria tritalis,Couchgrass Webworm Moth,Insect,7,Adelaide | Brisbane | Canberra–Queanbeyan | Hobart | Melbourne | Perth | Sydney,1070
Cosmodes elegans,Green Blotched Moth,Insect,7,Adelaide | Brisbane | Canberra–Queanbeyan | Hobart | Melbourne | Perth | Sydney,1053
Porrostoma rhipidium,Long-nosed Lycid Beetle,Insect,7,Adelaide | Brisbane | Canberra–Queanbeyan | Hobart | Melbourne | Perth | Sydney,1036
Hermetia illucens,,Insect,7,Adelaide | Brisbane | Canberra–Queanbeyan | Darwin | Melbourne | Perth | Sydney,1005
Cincloramphus cruralis,Brown Songlark,Bird,7,Adelaide | Brisbane | Canberra–Queanbeyan | Darwin | Melbourne | Perth | Sydney,989
Forficula auricularia,European Earwig,Insect,7,Adelaide | Brisbane | Canberra–Queanbeyan | Hobart | Melbourne | Perth | Sydney,984
Ectropis excursaria,Twig Looper,Insect,7,Adelaide | Brisbane | Canberra–Queanbeyan | Hobart | Melbourne | Perth | Sydney,982
Anthrenus scrophulariae,,Insect,7,Adelaide | Brisbane | Canberra–Queanbeyan | Hobart | Melbourne | Perth | Sydney,973
Pasiphilodes testulata,Geometer Moth,Insect,7,Adelaide | Brisbane | Canberra–Queanbeyan | Hobart | Melbourne | Perth | Sydney,969
Scoparia exhibitalis,,Insect,7,Adelaide | Brisbane | Canberra–Queanbeyan | Hobart | Melbourne | Perth | Sydney,969
Acrida conica,Giant Green Slant-face,Insect,7,Adelaide | Brisbane | Canberra–Queanbeyan | Darwin | Melbourne | Perth | Sydney,959
Siphanta acuta,Green Planthopper,Insect,7,Adelaide | Brisbane | Canberra–Queanbeyan | Hobart | Melbourne | Perth | Sydney,954
Plutella xylostella,Diamondback Moth,Insect,7,Adelaide | Brisbane | Canberra–Queanbeyan | Hobart | Melbourne | Perth | Sydney,937
Calidris melanotos,Pectoral Sandpiper,Bird,7,Adelaide | Brisbane | Canberra–Queanbeyan | Darwin | Melbourne | Perth | Sydney,901
Epyaxa sodaliata,Geometer Moth,Insect,7,Adelaide | Brisbane | Canberra–Queanbeyan | Hobart | Melbourne | Perth | Sydney,893
Trichiocercus sparshalli,Moth,Insect,7,Adelaide | Brisbane | Canberra–Queanbeyan | Hobart | Melbourne | Perth | Sydney,854
Epicyme rubropunctaria,Geometer Moth,Insect,7,Adelaide | Brisbane | Canberra–Queanbeyan | Hobart | Melbourne | Perth | Sydney,837
Anzora unicolor,Grey Planthopper,Insect,7,Adelaide | Brisbane | Canberra–Queanbeyan | Hobart | Melbourne | Perth | Sydney,829
Xanthagrion erythroneurum,Red & Blue Damsel,Insect,7,Adelaide | Brisbane | Canberra–Queanbeyan | Hobart | Melbourne | Perth | Sydney,820
Nymphicus hollandicus,Cockatiel,Bird,7,Adelaide | Brisbane | Canberra–Queanbeyan | Darwin | Melbourne | Perth | Sydney,811
Notechis scutatus,Tiger Snake,Reptile,7,Brisbane | Canberra–Queanbeyan | Darwin | Hobart | Melbourne | Perth | Sydney,791
Uraba lugens,Gum-leaf Skeletoniser,Insect,7,Adelaide | Brisbane | Canberra–Queanbeyan | Hobart | Melbourne | Perth | Sydney,791
Mutusca brevicornis,Broad-headed Bug,Insect,7,Adelaide | Brisbane | Canberra–Queanbeyan | Hobart | Melbourne | Perth | Sydney,772
Epiphyas postvittana,Light Brown Apple Moth,Insect,7,Adelaide | Brisbane | Canberra–Queanbeyan | Hobart | Melbourne | Perth | Sydney,764
Sphenarches anisodactylus,,Insect,7,Adelaide | Brisbane | Canberra–Queanbeyan | Darwin | Melbourne | Perth | Sydney,756
Stercorarius parasiticus,Arctic Skua,Bird,7,Adelaide | Brisbane | Darwin | Hobart | Melbourne | Perth | Sydney,754
Myrmecia gulosa,Giant Bull Ant,Insect,7,Adelaide | Brisbane | Canberra–Queanbeyan | Hobart | Melbourne | Perth | Sydney,743
Sylvicola dubius,Bee Fly,Insect,7,Adelaide | Brisbane | Canberra–Queanbeyan | Hobart | Melbourne | Perth | Sydney,732
Agrotis porphyricollis,Owlet Moth,Insect,7,Adelaide | Brisbane | Canberra–Queanbeyan | Hobart | Melbourne | Perth | Sydney,712
Rattus norvegicus,Brown Rat,Mammal,7,Adelaide | Brisbane | Canberra–Queanbeyan | Hobart | Melbourne | Perth | Sydney,697
Theclinesthes serpentatus,Salt-bush Blue,Insect,7,Adelaide | Brisbane | Canberra–Queanbeyan | Hobart | Melbourne | Perth | Sydney,692
Accipiter novaehollandiae,Grey Goshawk,Bird,7,Adelaide | Brisbane | Canberra–Queanbeyan | Darwin | Hobart | Melbourne | Sydney,678
Hyalarcta nigrescens,Ribbed Bagworm Moth,Insect,7,Adelaide | Brisbane | Canberra–Queanbeyan | Hobart | Melbourne | Perth | Sydney,658
Scopula optivata,Geometer Moth,Insect,7,Adelaide | Brisbane | Canberra–Queanbeyan | Hobart | Melbourne | Perth | Sydney,652
Chrysodeixis argentifera,Tobacco Looper Moth,Insect,7,Adelaide | Brisbane | Canberra–Queanbeyan | Hobart | Melbourne | Perth | Sydney,621
Myrmecia pilosula,Jumping Jacks,Insect,7,Adelaide | Brisbane | Canberra–Queanbeyan | Hobart | Melbourne | Perth | Sydney,615
Gryllotalpa australis,,Insect,7,Adelaide | Brisbane | Canberra–Queanbeyan | Hobart | Melbourne | Perth | Sydney,611
Epyaxa subidaria,Subidaria Moth,Insect,7,Adelaide | Brisbane | Canberra–Queanbeyan | Hobart | Melbourne | Perth | Sydney,609
Apertochrysa edwardsi,,Insect,7,Adelaide | Brisbane | Canberra–Queanbeyan | Hobart | Melbourne | Perth | Sydney,590
Oenochroma vinaria,Grevillea Looper Moth,Insect,7,Adelaide | Brisbane | Canberra–Queanbeyan | Hobart | Melbourne | Perth | Sydney,583
Coryphistes ruricola,Bark-mimicking Grasshopper,Insect,7,Adelaide | Brisbane | Canberra–Queanbeyan | Darwin | Melbourne | Perth | Sydney,566
Taeniopygia guttata,Zebra Finch,Bird,7,Adelaide | Brisbane | Canberra–Queanbeyan | Darwin | Melbourne | Perth | Sydney,564
Circus assimilis,Spotted Harrier,Bird,7,Adelaide | Brisbane | Canberra–Queanbeyan | Darwin | Melbourne | Perth | Sydney,559
Hippotion scrofa,Scrofa Hawk Moth,Insect,7,Adelaide | Brisbane | Canberra–Queanbeyan | Darwin | Melbourne | Perth | Sydney,557
Hoplostega ochroma,Concealer Moth,Insect,7,Adelaide | Brisbane | Canberra–Queanbeyan | Hobart | Melbourne | Perth | Sydney,557
Austrolestes annulosus,Blue Ringtail,Insect,7,Adelaide | Brisbane | Canberra–Queanbeyan | Hobart | Melbourne | Perth | Sydney,548
Philobota philostaura,,Insect,7,Adelaide | Brisbane | Canberra–Queanbeyan | Hobart | Melbourne | Perth | Sydney,541
Clogmia albipunctata,Moth Fly,Insect,7,Adelaide | Brisbane | Canberra–Queanbeyan | Darwin | Melbourne | Perth | Sydney,538
Nezara viridula,Green Vegetable Bug,Insect,7,Adelaide | Brisbane | Canberra–Queanbeyan | Hobart | Melbourne | Perth | Sydney,534
Oechalia schellenbergii,Predatory Shield Bug,Insect,7,Adelaide | Brisbane | Canberra–Queanbeyan | Darwin | Melbourne | Perth | Sydney,532
Idaea philocosma,Geometer Moth,Insect,7,Adelaide | Brisbane | Canberra–Queanbeyan | Hobart | Melbourne | Perth | Sydney,524
Chauliognathus tricolor,,Insect,7,Adelaide | Brisbane | Canberra–Queanbeyan | Hobart | Melbourne | Perth | Sydney,522
Heteromicta pachytera,Grass Moth,Insect,7,Adelaide | Brisbane | Canberra–Queanbeyan | Hobart | Melbourne | Perth | Sydney,517
Nyctophilus geoffroyi,Lesser Long-eared Bat,Mammal,7,Adelaide | Brisbane | Canberra–Queanbeyan | Hobart | Melbourne | Perth | Sydney,506
Danaus petilia,Lesser Wanderer,Insect,7,Adelaide | Brisbane | Canberra–Queanbeyan | Darwin | Melbourne | Perth | Sydney,506
Ellipsidion humerale,Bush Cockroach,Insect,7,Adelaide | Brisbane | Canberra–Queanbeyan | Darwin | Melbourne | Perth | Sydney,497
Conocephalus upoluensis,,Insect,7,Adelaide | Brisbane | Canberra–Queanbeyan | Darwin | Melbourne | Perth | Sydney,493
Periplaneta americana,American Cockroach,Insect,7,Adelaide | Brisbane | Darwin | Hobart | Melbourne | Perth | Sydney,490
Scioglyptis lyciaria,Geometer Moth,Insect,7,Adelaide | Brisbane | Canberra–Queanbeyan | Hobart | Melbourne | Perth | Sydney,476
Syllitus rectus,,Insect,7,Adelaide | Brisbane | Canberra–Queanbeyan | Hobart | Melbourne | Perth | Sydney,474
Melopsittacus undulatus,Budgerigar,Bird,7,Adelaide | Brisbane | Canberra–Queanbeyan | Darwin | Melbourne | Perth | Sydney,470
Chezala privatella,Concealer Moth,Insect,7,Adelaide | Brisbane | Canberra–Queanbeyan | Hobart | Melbourne | Perth | Sydney,469
Drymaplaneta semivitta,Gisborne Cockroach,Insect,7,Adelaide | Brisbane | Canberra–Queanbeyan | Hobart | Melbourne | Perth | Sydney,468
Phoracantha semipunctata,Common Eucalypt Longicorn,Insect,7,Adelaide | Brisbane | Canberra–Queanbeyan | Darwin | Melbourne | Perth | Sydney,467
Monopis icterogastra,Wool Moth,Insect,7,Adelaide | Brisbane | Canberra–Queanbeyan | Hobart | Melbourne | Perth | Sydney,451
Sceliphron formosum,,Insect,7,Adelaide | Brisbane | Canberra–Queanbeyan | Darwin | Melbourne | Perth | Sydney,448
Psittacula krameri,Ring-necked Parakeet,Bird,7,Adelaide | Brisbane | Canberra–Queanbeyan | Darwin | Melbourne | Perth | Sydney,439
Athetis tenuis,Owlet Moth,Insect,7,Adelaide | Brisbane | Canberra–Queanbeyan | Darwin | Melbourne | Perth | Sydney,430
Italochrysa insignis,,Insect,7,Adelaide | Brisbane | Canberra–Queanbeyan | Hobart | Melbourne | Perth | Sydney,416
Hippotion celerio,Grapevine Hawk Moth,Insect,7,Adelaide | Brisbane | Canberra–Queanbeyan | Hobart | Melbourne | Perth | Sydney,414
Naupactus cervinus,Fuller's Rose Weevil,Insect,7,Adelaide | Brisbane | Canberra–Queanbeyan | Hobart | Melbourne | Perth | Sydney,406
Taxeotis intextata,Geometer Moth,Insect,7,Adelaide | Brisbane | Canberra–Queanbeyan | Hobart | Melbourne | Perth | Sydney,393
Technomyrmex albipes,White-footed Ant,Insect,7,Adelaide | Brisbane | Canberra–Queanbeyan | Hobart | Melbourne | Perth | Sydney,386
Falco subniger,Black Falcon,Bird,7,Adelaide | Brisbane | Canberra–Queanbeyan | Darwin | Melbourne | Perth | Sydney,384
Nabis kinbergii,Pacific Damsel Bug,Insect,7,Adelaide | Brisbane | Canberra–Queanbeyan | Hobart | Melbourne | Perth | Sydney,381
Goniaea australasiae,Gumleaf Grasshopper,Insect,7,Adelaide | Brisbane | Canberra–Queanbeyan | Hobart | Melbourne | Perth | Sydney,379
Chloroclystis catastreptes,Geometer Moth,Insect,7,Adelaide | Brisbane | Canberra–Queanbeyan | Hobart | Melbourne | Perth | Sydney,376
Echthromorpha intricatoria,Cream Spotted Ichneumon Wasp,Insect,7,Adelaide | Brisbane | Canberra–Queanbeyan | Hobart | Melbourne | Perth | Sydney,372
Arhodia lasiocamparia,Geometer Moth,Insect,7,Adelaide | Brisbane | Canberra–Queanbeyan | Hobart | Melbourne | Perth | Sydney,371
Cuspicona simplex,Green Potato Bug,Insect,7,Adelaide | Brisbane | Canberra–Queanbeyan | Hobart | Melbourne | Perth | Sydney,369
Papilio demoleus,Chequered Swallowtail,Insect,7,Adelaide | Brisbane | Canberra–Queanbeyan | Darwin | Melbourne | Perth | Sydney,364
Anthomyia punctipennis,Fly,Insect,7,Adelaide | Brisbane | Canberra–Queanbeyan | Hobart | Melbourne | Perth | Sydney,362
Monopis meliorella,,Insect,7,Adelaide | Brisbane | Canberra–Queanbeyan | Darwin | Melbourne | Perth | Sydney,350
Calliphora stygia,Blow Fly,Insect,7,Adelaide | Brisbane | Canberra–Queanbeyan | Hobart | Melbourne | Perth | Sydney,347
Agrius convolvuli,Convolvulus Hawk Moth,Insect,7,Adelaide | Brisbane | Canberra–Queanbeyan | Darwin | Melbourne | Perth | Sydney,346
Prasinocyma semicrocea,Geometer Moth,Insect,7,Adelaide | Brisbane | Canberra–Queanbeyan | Hobart | Melbourne | Perth | Sydney,346
Ctenochares bicolorus,,Insect,7,Adelaide | Brisbane | Canberra–Queanbeyan | Hobart | Melbourne | Perth | Sydney,339
Lasioglossum lanarium,Sweat Bee,Insect,7,Adelaide | Brisbane | Canberra–Queanbeyan | Hobart | Melbourne | Perth | Sydney,335
Tebenna micalis,Small Thistle Moth,Insect,7,Adelaide | Brisbane | Canberra–Queanbeyan | Hobart | Melbourne | Perth | Sydney,335
Ochetellus glaber,Black House Ant,Insect,7,Adelaide | Brisbane | Canberra–Queanbeyan | Hobart | Melbourne | Perth | Sydney,330
Opogona omoscopa,,Insect,7,Adelaide | Brisbane | Canberra–Queanbeyan | Hobart | Melbourne | Perth | Sydney,330
Hygraula nitens,Pond Moth,Insect,7,Adelaide | Brisbane | Canberra–Queanbeyan | Hobart | Melbourne | Perth | Sydney,327
Sextius virescens,Green Treehopper,Insect,7,Adelaide | Brisbane | Canberra–Queanbeyan | Darwin | Melbourne | Perth | Sydney,323
Ochrogaster lunifer,Processionary Caterpillar,Insect,7,Adelaide | Brisbane | Canberra–Queanbeyan | Darwin | Melbourne | Perth | Sydney,321
Orthorhinus cylindrirostris,Elephant Weevil,Insect,7,Adelaide | Brisbane | Canberra–Queanbeyan | Hobart | Melbourne | Perth | Sydney,317
Pernattia pusilla,Oak Moth,Insect,7,Adelaide | Brisbane | Canberra–Queanbeyan | Hobart | Melbourne | Perth | Sydney,316
Poecilasthena pulchraria,Geometer Moth,Insect,7,Adelaide | Brisbane | Canberra–Queanbeyan | Hobart | Melbourne | Perth | Sydney,316
Linepithema humile,Argentine Ant,Insect,7,Adelaide | Canberra–Queanbeyan | Darwin | Hobart | Melbourne | Perth | Sydney,314
Colobopsis gasseri,,Insect,7,Adelaide | Brisbane | Canberra–Queanbeyan | Hobart | Melbourne | Perth | Sydney,310
Parapalaeosepsis plebeia,Black Scavenger Fly,Insect,7,Adelaide | Brisbane | Canberra–Queanbeyan | Hobart | Melbourne | Perth | Sydney,306
Artamus personatus,Masked Woodswallow,Bird,7,Adelaide | Brisbane | Canberra–Queanbeyan | Darwin | Melbourne | Perth | Sydney,299
Adelium brevicorne,Ground Beetle Sp 1,Insect,7,Adelaide | Brisbane | Canberra–Queanbeyan | Hobart | Melbourne | Perth | Sydney,298
Icerya purchasi,Cottony Cushion Scale,Insect,7,Adelaide | Brisbane | Canberra–Queanbeyan | Hobart | Melbourne | Perth | Sydney,298
Cermatulus nasalis,Predatory Shield Bug,Insect,7,Adelaide | Brisbane | Canberra–Queanbeyan | Hobart | Melbourne | Perth | Sydney,297
Sidnia kinbergi,Crop Mirid,Insect,7,Adelaide | Brisbane | Canberra–Queanbeyan | Hobart | Melbourne | Perth | Sydney,297
Creontiades dilutus,Green Mirid,Insect,7,Adelaide | Brisbane | Canberra–Queanbeyan | Darwin | Melbourne | Perth | Sydney,295
Helicoverpa armigera,Cotton Bollworm,Insect,7,Adelaide | Brisbane | Canberra–Queanbeyan | Hobart | Melbourne | Perth | Sydney,285
Lasioglossum urbanum,,Insect,7,Adelaide | Brisbane | Canberra–Queanbeyan | Darwin | Melbourne | Perth | Sydney,276
Aedes alboannulatus,,Insect,7,Adelaide | Brisbane | Canberra–Queanbeyan | Hobart | Melbourne | Perth | Sydney,271
Mimaglossa nauplialis,Grass Moth,Insect,7,Adelaide | Brisbane | Canberra–Queanbeyan | Hobart | Melbourne | Perth | Sydney,269
Clania ignobilis,Faggot Case Moth,Insect,7,Adelaide | Brisbane | Canberra–Queanbeyan | Hobart | Melbourne | Perth | Sydney,267
Diomus notescens,Minute Two-spotted Ladybird,Insect,7,Adelaide | Brisbane | Canberra–Queanbeyan | Hobart | Melbourne | Perth | Sydney,267
Macrosiphum rosae,Rose Aphid,Insect,7,Adelaide | Brisbane | Canberra–Queanbeyan | Hobart | Melbourne | Perth | Sydney,260
Vanellus tricolor,Banded Lapwing,Bird,7,Adelaide | Brisbane | Canberra–Queanbeyan | Hobart | Melbourne | Perth | Sydney,254
Naupactus leucoloma,White-fringed Weevil,Insect,7,Adelaide | Brisbane | Canberra–Queanbeyan | Hobart | Melbourne | Perth | Sydney,254
Microeca fascinans,Jacky Winter,Bird,7,Adelaide | Brisbane | Canberra–Queanbeyan | Darwin | Melbourne | Perth | Sydney,253
Abantiades atripalpis,,Insect,7,Adelaide | Brisbane | Canberra–Queanbeyan | Hobart | Melbourne | Perth | Sydney,252
Mnesampela privata,Autumn Gum Moth,Insect,7,Adelaide | Brisbane | Canberra–Queanbeyan | Hobart | Melbourne | Perth | Sydney,251
Myrmecia urens,Baby Bull Ant,Insect,7,Adelaide | Brisbane | Canberra–Queanbeyan | Hobart | Melbourne | Perth | Sydney,251
Austracris guttulosa,Spur-throated Locust,Insect,7,Adelaide | Brisbane | Canberra–Queanbeyan | Darwin | Melbourne | Perth | Sydney,231
Lucilia cuprina,Australian Sheep Blowfly,Insect,7,Adelaide | Brisbane | Canberra–Queanbeyan | Darwin | Melbourne | Perth | Sydney,231
Capra hircus,Goat,Mammal,7,Adelaide | Brisbane | Canberra–Queanbeyan | Hobart | Melbourne | Perth | Sydney,227
Hylaeus littleri,Species Of Yellowfaced Bee,Insect,7,Adelaide | Brisbane | Canberra–Queanbeyan | Hobart | Melbourne | Perth | Sydney,226
Geopelia cuneata,Diamond Dove,Bird,7,Adelaide | Brisbane | Canberra–Queanbeyan | Darwin | Melbourne | Perth | Sydney,225
Cleora displicata,,Insect,7,Adelaide | Brisbane | Canberra–Queanbeyan | Darwin | Melbourne | Perth | Sydney,220
Hofmannophila pseudospretella,,Insect,7,Adelaide | Brisbane | Canberra–Queanbeyan | Hobart | Melbourne | Perth | Sydney,219
Abispa ephippium,Potter Wasp,Insect,7,Adelaide | Brisbane | Canberra–Queanbeyan | Darwin | Melbourne | Perth | Sydney,214
Monopis crocicapitella,Bird Nest Moth,Insect,7,Adelaide | Brisbane | Canberra–Queanbeyan | Hobart | Melbourne | Perth | Sydney,212
Acropolitis rudisana,Leafroller Moth,Insect,7,Adelaide | Brisbane | Canberra–Queanbeyan | Hobart | Melbourne | Perth | Sydney,211
Melanacanthus scutellaris,Podsucking Bug,Insect,7,Adelaide | Brisbane | Canberra–Queanbeyan | Darwin | Melbourne | Perth | Sydney,210
Pygophora apicalis,,Insect,7,Adelaide | Brisbane | Canberra–Queanbeyan | Hobart | Melbourne | Perth | Sydney,210
Psittacula eupatria,Alexandrine Parrot,Bird,7,Adelaide | Brisbane | Canberra–Queanbeyan | Darwin | Melbourne | Perth | Sydney,204
Holocola thalassinana,,Insect,7,Adelaide | Brisbane | Canberra–Queanbeyan | Hobart | Melbourne | Perth | Sydney,202
Monocrepidus basalis,,Insect,7,Adelaide | Brisbane | Canberra–Queanbeyan | Hobart | Melbourne | Perth | Sydney,201
Chalcites osculans,Black-eared Cuckoo,Bird,7,Adelaide | Brisbane | Canberra–Queanbeyan | Darwin | Melbourne | Perth | Sydney,198
Gynoplistia bella,Crane Fly,Insect,7,Adelaide | Brisbane | Canberra–Queanbeyan | Hobart | Melbourne | Perth | Sydney,198
Sceliphron laetum,Common Mud Daubler,Insect,7,Adelaide | Brisbane | Canberra–Queanbeyan | Darwin | Melbourne | Perth | Sydney,198
Acanthococcus coriaceus,Blue Gum Scale,Insect,7,Adelaide | Brisbane | Canberra–Queanbeyan | Hobart | Melbourne | Perth | Sydney,197
Orthorhinus klugii,Vine Weevil,Insect,7,Adelaide | Brisbane | Canberra–Queanbeyan | Darwin | Hobart | Melbourne | Sydney,197
Thoracolopha verecunda,,Insect,7,Adelaide | Brisbane | Canberra–Queanbeyan | Hobart | Melbourne | Perth | Sydney,196
Leucania uda,Owlet Moth,Insect,7,Adelaide | Brisbane | Canberra–Queanbeyan | Hobart | Melbourne | Perth | Sydney,194
Sandava scitisignata,Owlet Moth,Insect,7,Adelaide | Brisbane | Canberra–Queanbeyan | Hobart | Melbourne | Perth | Sydney,194
Tracholena sulfurosa,,Insect,7,Adelaide | Brisbane | Canberra–Queanbeyan | Hobart | Melbourne | Perth | Sydney,194
Parosteodes fictiliaria,Geometer Moth,Insect,7,Adelaide | Brisbane | Canberra–Queanbeyan | Hobart | Melbourne | Perth | Sydney,193
Rhantus suturalis,Diving Beetle,Insect,7,Adelaide | Brisbane | Canberra–Queanbeyan | Hobart | Melbourne | Perth | Sydney,190
Tyto novaehollandiae,Masked Owl,Bird,7,Adelaide | Brisbane | Canberra–Queanbeyan | Hobart | Melbourne | Perth | Sydney,187
Diatenes aglossoides,Owlet Moth,Insect,7,Adelaide | Brisbane | Canberra–Queanbeyan | Darwin | Melbourne | Perth | Sydney,186
Lipotriches flavoviridis,Sweat Bee,Insect,7,Adelaide | Brisbane | Canberra–Queanbeyan | Darwin | Melbourne | Perth | Sydney,186
Stenocotis depressa,Black Flat-head Leafhopper,Insect,7,Adelaide | Brisbane | Canberra–Queanbeyan | Hobart | Melbourne | Perth | Sydney,186
Parentia dispar,Long-legged Fly,Insect,7,Adelaide | Brisbane | Canberra–Queanbeyan | Hobart | Melbourne | Perth | Sydney,185
Hylaeus nubilosus,Plasterer Bee,Insect,7,Adelaide | Brisbane | Canberra–Queanbeyan | Hobart | Melbourne | Perth | Sydney,184
Rentinus dilatatus,Planthopper,Insect,7,Adelaide | Brisbane | Canberra–Queanbeyan | Hobart | Melbourne | Perth | Sydney,184
Dieuches notatus,Seed Bug,Insect,7,Adelaide | Brisbane | Canberra–Queanbeyan | Hobart | Melbourne | Perth | Sydney,183
Maroga melanostigma,Fruit Stem Borer Moth,Insect,7,Adelaide | Brisbane | Canberra–Queanbeyan | Hobart | Melbourne | Perth | Sydney,183
Scolia verticalis,Parasitoid Wasp,Insect,7,Adelaide | Brisbane | Canberra–Queanbeyan | Darwin | Melbourne | Perth | Sydney,181
Eurema smilax,Small Grass-yellow,Insect,7,Adelaide | Brisbane | Canberra–Queanbeyan | Darwin | Melbourne | Perth | Sydney,179
Dysbatus singularis,Geometer Moth,Insect,7,Adelaide | Brisbane | Canberra–Queanbeyan | Hobart | Melbourne | Perth | Sydney,176
Polypedilum nubifer,Non-biting Midge,Insect,7,Adelaide | Brisbane | Canberra–Queanbeyan | Darwin | Melbourne | Perth | Sydney,174
Pararguda nasuta,Lappet Moth,Insect,7,Adelaide | Brisbane | Canberra–Queanbeyan | Hobart | Melbourne | Perth | Sydney,173
Ichneumon promissorius,,Insect,7,Adelaide | Brisbane | Canberra–Queanbeyan | Hobart | Melbourne | Perth | Sydney,167
Doratifera oxleyi,Painted Cup Moth,Insect,7,Adelaide | Canberra–Queanbeyan | Darwin | Hobart | Melbourne | Perth | Sydney,166
Cleora injectaria,,Insect,7,Adelaide | Brisbane | Canberra–Queanbeyan | Darwin | Melbourne | Perth | Sydney,165
Morosaphycita oculiferella,,Insect,7,Adelaide | Brisbane | Canberra–Queanbeyan | Darwin | Melbourne | Perth | Sydney,163
Ephestiopsis oenobarella,,Insect,7,Adelaide | Brisbane | Canberra–Queanbeyan | Hobart | Melbourne | Perth | Sydney,161
Myrmeleon acer,Common Antlion,Insect,7,Adelaide | Brisbane | Canberra–Queanbeyan | Hobart | Melbourne | Perth | Sydney,157
Chrysodeixis subsidens,Australian Cabbage Looper Moth,Insect,7,Adelaide | Brisbane | Canberra–Queanbeyan | Hobart | Melbourne | Perth | Sydney,156
Diplazon laetatorius,,Insect,7,Adelaide | Brisbane | Canberra–Queanbeyan | Hobart | Melbourne | Perth | Sydney,152
Gastrinodes bitaeniaria,Buff Bark Moth,Insect,7,Adelaide | Brisbane | Canberra–Queanbeyan | Hobart | Melbourne | Perth | Sydney,152
Philobota productella,Concealer Moth,Insect,7,Adelaide | Brisbane | Canberra–Queanbeyan | Hobart | Melbourne | Perth | Sydney,147
Plesiochrysa ramburi,,Insect,7,Adelaide | Brisbane | Canberra–Queanbeyan | Darwin | Melbourne | Perth | Sydney,138
Lophyrotoma analis,Sawfly,Insect,7,Adelaide | Brisbane | Canberra–Queanbeyan | Hobart | Melbourne | Perth | Sydney,137
Hylaeus euxanthus,Plasterer Bee,Insect,7,Adelaide | Brisbane | Canberra–Queanbeyan | Hobart | Melbourne | Perth | Sydney,136
Endoxyla lituratus,Carpenter Moth,Insect,7,Adelaide | Brisbane | Canberra–Queanbeyan | Hobart | Melbourne | Perth | Sydney,135
Metasia capnochroa,Grass Moth,Insect,7,Adelaide | Brisbane | Canberra–Queanbeyan | Darwin | Hobart | Melbourne | Sydney,134
Nala lividipes,Black Field Earwig,Insect,7,Adelaide | Brisbane | Canberra–Queanbeyan | Darwin | Melbourne | Perth | Sydney,134
Megalorhipida leucodactyla,,Insect,7,Adelaide | Brisbane | Canberra–Queanbeyan | Darwin | Melbourne | Perth | Sydney,127
Eumerus obliquus,,Insect,7,Adelaide | Brisbane | Canberra–Queanbeyan | Darwin | Melbourne | Perth | Sydney,123
Labdia deliciosella,Cosmet Moth,Insect,7,Adelaide | Brisbane | Canberra–Queanbeyan | Darwin | Melbourne | Perth | Sydney,119
Pycnostictus seriatus,,Insect,7,Adelaide | Brisbane | Canberra–Queanbeyan | Darwin | Melbourne | Perth | Sydney,119
Lophochroa leadbeateri,Major Mitchell's Cockatoo,Bird,7,Adelaide | Brisbane | Canberra–Queanbeyan | Darwin | Melbourne | Perth | Sydney,118
Radumeris tasmaniensis,Parasitoid Wasp,Insect,7,Adelaide | Brisbane | Canberra–Queanbeyan | Darwin | Melbourne | Perth | Sydney,106
Mallada tripunctatus,,Insect,7,Adelaide | Brisbane | Canberra–Queanbeyan | Hobart | Melbourne | Perth | Sydney,105
Opodiphthera helena,Helena Emperor Moth,Insect,7,Adelaide | Brisbane | Canberra–Queanbeyan | Hobart | Melbourne | Perth | Sydney,101
Earias huegeliana,Rough Bollworm Moth,Insect,7,Adelaide | Brisbane | Canberra–Queanbeyan | Darwin | Melbourne | Perth | Sydney,100
Tachystola stenoptera,Concealer Moth,Insect,7,Adelaide | Brisbane | Canberra–Queanbeyan | Hobart | Melbourne | Perth | Sydney,99
Eccymatoge callizona,Geometer Moth,Insect,7,Adelaide | Brisbane | Canberra–Queanbeyan | Hobart | Melbourne | Perth | Sydney,95
Bethelium diversicorne,,Insect,7,Adelaide | Brisbane | Canberra–Queanbeyan | Hobart | Melbourne | Perth | Sydney,94
Culex quinquefasciatus,House Mosquito,Insect,7,Adelaide | Brisbane | Canberra–Queanbeyan | Darwin | Melbourne | Perth | Sydney,94
Ectopatria horologa,Owlet Moth,Insect,7,Adelaide | Brisbane | Canberra–Queanbeyan | Hobart | Melbourne | Perth | Sydney,94
Idiodes apicata,Bracken Moth,Insect,7,Adelaide | Brisbane | Canberra–Queanbeyan | Hobart | Melbourne | Perth | Sydney,93
Kapunda troughtoni,Variable Shield Bug,Insect,7,Adelaide | Brisbane | Canberra–Queanbeyan | Hobart | Melbourne | Perth | Sydney,89
Wingia aurata,Golden Leaf Moth,Insect,7,Adelaide | Brisbane | Canberra–Queanbeyan | Hobart | Melbourne | Perth | Sydney,89
Diphucephala colaspidoides,Green Scarab Beetle,Insect,7,Adelaide | Brisbane | Canberra–Queanbeyan | Hobart | Melbourne | Perth | Sydney,88
Pantydia diemeni,Owlet Moth,Insect,7,Adelaide | Brisbane | Canberra–Queanbeyan | Hobart | Melbourne | Perth | Sydney,87
Oxycarenus luctuosus,Cottonseed Bug,Insect,7,Adelaide | Brisbane | Darwin | Hobart | Melbourne | Perth | Sydney,86
Syntonarcha iriastis,,Insect,7,Adelaide | Brisbane | Canberra–Queanbeyan | Darwin | Melbourne | Perth | Sydney,80
Laccotrephes tristis,Water Scorpion,Insect,7,Adelaide | Brisbane | Canberra–Queanbeyan | Darwin | Melbourne | Perth | Sydney,79
Tinea pellionella,,Insect,7,Adelaide | Brisbane | Canberra–Queanbeyan | Hobart | Melbourne | Perth | Sydney,76
Froggattia olivinia,Olive Lace Bug,Insect,7,Adelaide | Brisbane | Canberra–Queanbeyan | Hobart | Melbourne | Perth | Sydney,73
Phoracantha recurva,,Insect,7,Adelaide | Brisbane | Canberra–Queanbeyan | Darwin | Melbourne | Perth | Sydney,73
Chasmina pulchra,Owlet Moth,Insect,7,Adelaide | Brisbane | Canberra–Queanbeyan | Darwin | Melbourne | Perth | Sydney,72
Rhinophthalmus nasutus,,Insect,7,Adelaide | Brisbane | Canberra–Queanbeyan | Hobart | Melbourne | Perth | Sydney,72
Chrysonoma fascialis,Concealer Moth,Insect,7,Adelaide | Brisbane | Canberra–Queanbeyan | Darwin | Melbourne | Perth | Sydney,71
Euander lacertosus,Strawberry Bug,Insect,7,Adelaide | Brisbane | Canberra–Queanbeyan | Hobart | Melbourne | Perth | Sydney,68
Euchaetis inceptella,Concealer Moth,Insect,7,Adelaide | Brisbane | Canberra–Queanbeyan | Hobart | Melbourne | Perth | Sydney,65
Tinginotum minutum,,Insect,7,Adelaide | Brisbane | Canberra–Queanbeyan | Hobart | Melbourne | Perth | Sydney,65
Creophilus erythrocephalus,Devil's Coach-horse,Insect,7,Adelaide | Brisbane | Canberra–Queanbeyan | Hobart | Melbourne | Perth | Sydney,64
Cotesia glomerata,,Insect,7,Adelaide | Brisbane | Canberra–Queanbeyan | Hobart | Melbourne | Perth | Sydney,63
Callibracon capitator,Parasitoid Wasp,Insect,7,Adelaide | Brisbane | Canberra–Queanbeyan | Hobart | Melbourne | Perth | Sydney,61
Achyra massalis,,Insect,7,Adelaide | Brisbane | Canberra–Queanbeyan | Darwin | Melbourne | Perth | Sydney,60
Drosophila immigrans,Fruit Fly,Insect,7,Adelaide | Brisbane | Canberra–Queanbeyan | Hobart | Melbourne | Perth | Sydney,60
Aiolopus thalassinus,,Insect,7,Adelaide | Brisbane | Canberra–Queanbeyan | Darwin | Melbourne | Perth | Sydney,57
Mocis alterna,Bean Looper Moth,Insect,7,Adelaide | Brisbane | Canberra–Queanbeyan | Darwin | Melbourne | Perth | Sydney,51
Galleria mellonella,Greater Wax Moth,Insect,7,Adelaide | Brisbane | Canberra–Queanbeyan | Hobart | Melbourne | Perth | Sydney,49
Anthrenus verbasci,Varied Carpet Beetle,Insect,7,Adelaide | Brisbane | Canberra–Queanbeyan | Hobart | Melbourne | Perth | Sydney,46
Microtropesa sinuata,Horse Fly,Insect,7,Adelaide | Brisbane | Canberra–Queanbeyan | Hobart | Melbourne | Perth | Sydney,45
Ophiusa parcemacula,Owlet Moth,Insect,7,Adelaide | Brisbane | Canberra–Queanbeyan | Darwin | Melbourne | Perth | Sydney,43
Dermestes maculatus,Common Hide Beetle,Insect,7,Adelaide | Brisbane | Canberra–Queanbeyan | Hobart | Melbourne | Perth | Sydney,40
Fannia canicularis,Fly,Insect,7,Adelaide | Brisbane | Canberra–Queanbeyan | Hobart | Melbourne | Perth | Sydney,39
Stegobium paniceum,Biscuit Beetle,Insect,7,Adelaide | Brisbane | Canberra–Queanbeyan | Hobart | Melbourne | Perth | Sydney,37
Ancita marginicollis,,Insect,7,Adelaide | Brisbane | Canberra–Queanbeyan | Hobart | Melbourne | Perth | Sydney,35
Ptilocnemus lemur,Assassin Bug,Insect,7,Adelaide | Brisbane | Canberra–Queanbeyan | Hobart | Melbourne | Perth | Sydney,35
Nesoclutha phryne,The Australian Grass Leafhopper,Insect,7,Adelaide | Brisbane | Canberra–Queanbeyan | Hobart | Melbourne | Perth | Sydney,30
Novius cardinalis,,Insect,7,Adelaide | Brisbane | Canberra–Queanbeyan | Hobart | Melbourne | Perth | Sydney,30
Drosophila repleta,Fruit Fly,Insect,7,Adelaide | Brisbane | Canberra–Queanbeyan | Darwin | Hobart | Melbourne | Sydney,29
Earias chlorodes,Tuft Moth,Insect,7,Adelaide | Brisbane | Canberra–Queanbeyan | Darwin | Melbourne | Perth | Sydney,28
Aphis craccivora,Cowpea Aphid,Insect,7,Adelaide | Brisbane | Canberra–Queanbeyan | Hobart | Melbourne | Perth | Sydney,23
Hyles livornicoides,Whitelined Hawk Moth,Insect,7,Adelaide | Brisbane | Canberra–Queanbeyan | Darwin | Melbourne | Perth | Sydney,20
Pimelopus nothus,,Insect,7,Adelaide | Brisbane | Canberra–Queanbeyan | Hobart | Melbourne | Perth | Sydney,14
Manorina melanocephala,Noisy Miner,Bird,6,Adelaide | Brisbane | Canberra–Queanbeyan | Hobart | Melbourne | Sydney,490355
Anthochaera carunculata,Red Wattlebird,Bird,6,Adelaide | Brisbane | Canberra–Queanbeyan | Melbourne | Perth | Sydney,306046
Malurus cyaneus,Superb Fairy-wren,Bird,6,Adelaide | Brisbane | Canberra–Queanbeyan | Hobart | Melbourne | Sydney,233768
Corvus coronoides,Australian Raven,Bird,6,Adelaide | Brisbane | Canberra–Queanbeyan | Melbourne | Perth | Sydney,195740
Sturnus vulgaris,Common Starling,Bird,6,Adelaide | Brisbane | Canberra–Queanbeyan | Hobart | Melbourne | Sydney,149382
Acanthiza pusilla,Brown Thornbill,Bird,6,Adelaide | Brisbane | Canberra–Queanbeyan | Hobart | Melbourne | Sydney,111471
Platycercus elegans,Crimson Rosella,Bird,6,Adelaide | Brisbane | Canberra–Queanbeyan | Hobart | Melbourne | Sydney,98891
Neochmia temporalis,Red-browed Finch,Bird,6,Adelaide | Brisbane | Canberra–Queanbeyan | Melbourne | Perth | Sydney,73016
Acanthorhynchus tenuirostris,Eastern Spinebill,Bird,6,Adelaide | Brisbane | Canberra–Queanbeyan | Hobart | Melbourne | Sydney,66504
Cracticus nigrogularis,Pied Butcherbird,Bird,6,Brisbane | Canberra–Queanbeyan | Darwin | Melbourne | Perth | Sydney,64546
Entomyzon cyanotis,Blue-faced Honeyeater,Bird,6,Adelaide | Brisbane | Canberra–Queanbeyan | Darwin | Melbourne | Sydney,56266
Gavicalis virescens,Singing Honeyeater,Bird,6,Adelaide | Canberra–Queanbeyan | Darwin | Melbourne | Perth | Sydney,47389
Eudynamys orientalis,Eastern Koel,Bird,6,Adelaide | Brisbane | Canberra–Queanbeyan | Darwin | Melbourne | Sydney,47189
Cisticola exilis,Golden-headed Cisticola,Bird,6,Adelaide | Brisbane | Canberra–Queanbeyan | Darwin | Melbourne | Sydney,45681
Scythrops novaehollandiae,Channel-billed Cuckoo,Bird,6,Brisbane | Canberra–Queanbeyan | Darwin | Hobart | Melbourne | Sydney,29105
Geopelia placida,Peaceful Dove,Bird,6,Adelaide | Brisbane | Canberra–Queanbeyan | Darwin | Melbourne | Sydney,26121
Tadorna tadornoides,Australian Shelduck,Bird,6,Adelaide | Canberra–Queanbeyan | Hobart | Melbourne | Perth | Sydney,22967
Strepera versicolor,Grey Currawong,Bird,6,Adelaide | Canberra–Queanbeyan | Hobart | Melbourne | Perth | Sydney,22237
Vulpes vulpes,Fox,Mammal,6,Adelaide | Brisbane | Canberra–Queanbeyan | Melbourne | Perth | Sydney,21049
Tiliqua scincoides,Eastern Blue-tongue,Reptile,6,Adelaide | Brisbane | Canberra–Queanbeyan | Darwin | Melbourne | Sydney,20903
Pandion haliaetus,Osprey,Bird,6,Adelaide | Brisbane | Darwin | Melbourne | Perth | Sydney,15379
Gallinago hardwickii,Latham's Snipe,Bird,6,Adelaide | Brisbane | Canberra–Queanbeyan | Hobart | Melbourne | Sydney,14772
Macropus giganteus,Eastern Grey Kangaroo,Mammal,6,Adelaide | Brisbane | Canberra–Queanbeyan | Darwin | Melbourne | Sydney,11255
Numenius phaeopus,Whimbrel,Bird,6,Adelaide | Brisbane | Darwin | Melbourne | Perth | Sydney,10982
Rattus fuscipes,Bush Rat,Mammal,6,Adelaide | Brisbane | Canberra–Queanbeyan | Melbourne | Perth | Sydney,10945
Chloris chloris,European Greenfinch,Bird,6,Adelaide | Brisbane | Canberra–Queanbeyan | Hobart | Melbourne | Sydney,10658
Larus pacificus,Pacific Gull,Bird,6,Adelaide | Darwin | Hobart | Melbourne | Perth | Sydney,10645
Nesoptilotis leucotis,White-eared Honeyeater,Bird,6,Adelaide | Brisbane | Canberra–Queanbeyan | Melbourne | Perth | Sydney,10469
Gerygone olivacea,White-throated Gerygone,Bird,6,Adelaide | Brisbane | Canberra–Queanbeyan | Darwin | Melbourne | Sydney,8688
Melithreptus lunatus,White-naped Honeyeater,Bird,6,Adelaide | Brisbane | Canberra–Queanbeyan | Melbourne | Perth | Sydney,8231
Cacomantis variolosus,Brush Cuckoo,Bird,6,Adelaide | Brisbane | Canberra–Queanbeyan | Darwin | Melbourne | Sydney,7124
Dendrocygna arcuata,Wandering Whistling-duck,Bird,6,Brisbane | Canberra–Queanbeyan | Darwin | Melbourne | Perth | Sydney,7010
Tringa brevipes,Grey-tailed Tattler,Bird,6,Adelaide | Brisbane | Darwin | Melbourne | Perth | Sydney,6961
Pandion cristatus,Eastern Osprey,Bird,6,Adelaide | Brisbane | Darwin | Melbourne | Perth | Sydney,6127
Chelodina longicollis,Snake-necked Turtle,Reptile,6,Adelaide | Brisbane | Canberra–Queanbeyan | Melbourne | Perth | Sydney,5523
Ceyx azureus,Azure Kingfisher,Bird,6,Brisbane | Canberra–Queanbeyan | Darwin | Hobart | Melbourne | Sydney,5127
Egretta sacra,Eastern Reef Egret,Bird,6,Adelaide | Brisbane | Darwin | Melbourne | Perth | Sydney,5115
Petroica phoenicea,Flame Robin,Bird,6,Adelaide | Brisbane | Canberra–Queanbeyan | Hobart | Melbourne | Sydney,4731
Eulamprus quoyii,Eastern Water-skink,Reptile,6,Adelaide | Brisbane | Canberra–Queanbeyan | Melbourne | Perth | Sydney,4520
Tribonyx ventralis,Black-tailed Native-hen,Bird,6,Adelaide | Brisbane | Canberra–Queanbeyan | Melbourne | Perth | Sydney,4055
Tringa stagnatilis,Marsh Sandpiper,Bird,6,Adelaide | Brisbane | Darwin | Melbourne | Perth | Sydney,3749
Lewinia pectoralis,Lewin's Rail,Bird,6,Adelaide | Brisbane | Canberra–Queanbeyan | Hobart | Melbourne | Sydney,3684
Lathamus discolor,Swift Parrot,Bird,6,Brisbane | Canberra–Queanbeyan | Hobart | Melbourne | Perth | Sydney,3666
Acanthagenys rufogularis,Spiny-cheeked Honeyeater,Bird,6,Adelaide | Brisbane | Canberra–Queanbeyan | Melbourne | Perth | Sydney,3276
Papilio aegeus,Large Citrus Butterfly,Insect,6,Adelaide | Brisbane | Canberra–Queanbeyan | Melbourne | Perth | Sydney,3224
Phrissogonus laticostata,Geometer Moth,Insect,6,Adelaide | Brisbane | Canberra–Queanbeyan | Melbourne | Perth | Sydney,3216
Illeis galbula,Fungus-eating Ladybird,Insect,6,Adelaide | Brisbane | Canberra–Queanbeyan | Hobart | Melbourne | Sydney,3193
Epthianura albifrons,White-fronted Chat,Bird,6,Adelaide | Canberra–Queanbeyan | Hobart | Melbourne | Perth | Sydney,3105
Pristhesancus plagipennis,Assassin Bug,Insect,6,Adelaide | Brisbane | Canberra–Queanbeyan | Melbourne | Perth | Sydney,2901
Danaus plexippus,Monarch,Insect,6,Adelaide | Brisbane | Canberra–Queanbeyan | Melbourne | Perth | Sydney,2749
Emydura macquarii,Macquarie River Turtle,Reptile,6,Adelaide | Brisbane | Canberra–Queanbeyan | Melbourne | Perth | Sydney,2651
Valanga irregularis,Giant Grasshopper,Insect,6,Brisbane | Canberra–Queanbeyan | Darwin | Melbourne | Perth | Sydney,2604
Coelophora inaequalis,Common Australian Lady Beetle,Insect,6,Brisbane | Canberra–Queanbeyan | Darwin | Melbourne | Perth | Sydney,2450
Lampropholis delicata,Dark-flecked Garden Sunskink,Reptile,6,Adelaide | Brisbane | Canberra–Queanbeyan | Hobart | Melbourne | Sydney,2439
Melithreptus brevirostris,Brown-headed Honeyeater,Bird,6,Adelaide | Brisbane | Canberra–Queanbeyan | Melbourne | Perth | Sydney,2434
Lampropholis guichenoti,Pale-flecked Garden Sunskink,Reptile,6,Adelaide | Brisbane | Canberra–Queanbeyan | Melbourne | Perth | Sydney,2300
Limosa limosa,Black-tailed Godwit,Bird,6,Adelaide | Brisbane | Darwin | Melbourne | Perth | Sydney,2253
Camponotus consobrinus,Banded Sugar Ant,Insect,6,Adelaide | Brisbane | Canberra–Queanbeyan | Hobart | Melbourne | Sydney,2168
Ellipsidion australe,Austral Ellipsidion Cockroach,Insect,6,Adelaide | Brisbane | Canberra–Queanbeyan | Melbourne | Perth | Sydney,2161
Pluvialis squatarola,Grey Plover,Bird,6,Adelaide | Brisbane | Darwin | Melbourne | Perth | Sydney,2122
Tringa glareola,Wood Sandpiper,Bird,6,Adelaide | Brisbane | Darwin | Melbourne | Perth | Sydney,2109
Dindymus versicolor,Harlequin Bug,Insect,6,Adelaide | Brisbane | Canberra–Queanbeyan | Hobart | Melbourne | Sydney,1964
Rhytidoponera metallica,Metallic Pony Ants,Insect,6,Adelaide | Brisbane | Canberra–Queanbeyan | Melbourne | Perth | Sydney,1702
Tiliqua rugosa,Bobtail,Reptile,6,Adelaide | Brisbane | Canberra–Queanbeyan | Melbourne | Perth | Sydney,1649
Archimantis latistyla,Large Brown Mantid,Insect,6,Adelaide | Brisbane | Canberra–Queanbeyan | Melbourne | Perth | Sydney,1572
Herpetogramma licarsisalis,Sod Webworm,Insect,6,Brisbane | Canberra–Queanbeyan | Darwin | Melbourne | Perth | Sydney,1525
Ornithorhynchus anatinus,Platypus,Mammal,6,Adelaide | Brisbane | Canberra–Queanbeyan | Hobart | Melbourne | Sydney,1510
Zoothera lunulata,Bassian Thrush,Bird,6,Adelaide | Brisbane | Canberra–Queanbeyan | Hobart | Melbourne | Sydney,1452
Sterna hirundo,Common Tern,Bird,6,Adelaide | Brisbane | Darwin | Melbourne | Perth | Sydney,1422
Cephrenes augiades,Orange Palm-dart,Insect,6,Adelaide | Brisbane | Darwin | Melbourne | Perth | Sydney,1421
Bibio imitator,Garden Maggot,Insect,6,Adelaide | Brisbane | Canberra–Queanbeyan | Melbourne | Perth | Sydney,1408
Coturnix pectoralis,Stubble Quail,Bird,6,Adelaide | Brisbane | Canberra–Queanbeyan | Melbourne | Perth | Sydney,1389
Vespula germanica,European Wasp,Insect,6,Adelaide | Canberra–Queanbeyan | Hobart | Melbourne | Perth | Sydney,1361
Eupoecila australasiae,Fiddler Beetle,Insect,6,Adelaide | Brisbane | Canberra–Queanbeyan | Darwin | Melbourne | Sydney,1329
Petroica goodenovii,Red-capped Robin,Bird,6,Adelaide | Brisbane | Canberra–Queanbeyan | Melbourne | Perth | Sydney,1279
Austrolestes analis,Slender Ringtail,Insect,6,Adelaide | Canberra–Queanbeyan | Hobart | Melbourne | Perth | Sydney,1277
Crypsiphona ocultaria,Redlined Geometrid Moth,Insect,6,Adelaide | Brisbane | Canberra–Queanbeyan | Melbourne | Perth | Sydney,1277
Ninox connivens,Barking Owl,Bird,6,Brisbane | Canberra–Queanbeyan | Darwin | Melbourne | Perth | Sydney,1189
Isotenes miserana,,Insect,6,Brisbane | Canberra–Queanbeyan | Hobart | Melbourne | Perth | Sydney,1087
Austronomus australis,White-striped Freetail-bat,Mammal,6,Adelaide | Brisbane | Canberra–Queanbeyan | Melbourne | Perth | Sydney,1043
Heteronychus arator,African Black Beetle,Insect,6,Adelaide | Brisbane | Canberra–Queanbeyan | Melbourne | Perth | Sydney,996
Culladia cuneiferellus,Grass Moth,Insect,6,Adelaide | Brisbane | Canberra–Queanbeyan | Melbourne | Perth | Sydney,989
Poecilometis apicalis,Shield Bug,Insect,6,Adelaide | Brisbane | Canberra–Queanbeyan | Melbourne | Perth | Sydney,987
Ardenna tenuirostris,Short-tailed Shearwater,Bird,6,Adelaide | Brisbane | Darwin | Hobart | Melbourne | Sydney,985
Ardices glatignyi,,Insect,6,Adelaide | Canberra–Queanbeyan | Hobart | Melbourne | Perth | Sydney,974
Calliphora vicina,European Blowfly,Insect,6,Adelaide | Canberra–Queanbeyan | Hobart | Melbourne | Perth | Sydney,962
Lissopimpla excelsa,Dusky Winged Ichneumonid (orchid Dupe Wasp),Insect,6,Adelaide | Brisbane | Canberra–Queanbeyan | Melbourne | Perth | Sydney,958
Apolinus lividigaster,,Insect,6,Adelaide | Brisbane | Canberra–Queanbeyan | Melbourne | Perth | Sydney,948
Spodoptera litura,Armyworm Moth,Insect,6,Adelaide | Brisbane | Canberra–Queanbeyan | Darwin | Perth | Sydney,947
Mallada signatus,Green Lacewing,Insect,6,Adelaide | Brisbane | Canberra–Queanbeyan | Melbourne | Perth | Sydney,939
Eristalinus punctulatus,Native Drone Fly,Insect,6,Adelaide | Brisbane | Canberra–Queanbeyan | Melbourne | Perth | Sydney,899
Persectania ewingii,Southern Armyworm,Insect,6,Adelaide | Canberra–Queanbeyan | Hobart | Melbourne | Perth | Sydney,863
Phelotis cognata,Geometer Moth,Insect,6,Adelaide | Brisbane | Canberra–Queanbeyan | Hobart | Melbourne | Sydney,862
Hellula hydralis,Grass Moth,Insect,6,Adelaide | Brisbane | Canberra–Queanbeyan | Melbourne | Perth | Sydney,859
Eristalis tenax,Drone Fly,Insect,6,Adelaide | Canberra–Queanbeyan | Hobart | Melbourne | Perth | Sydney,856
Ninox novaeseelandiae,Southern Boobook,Bird,6,Adelaide | Brisbane | Canberra–Queanbeyan | Melbourne | Perth | Sydney,787
Laxta granicollis,Bark Cockroach,Insect,6,Adelaide | Brisbane | Canberra–Queanbeyan | Melbourne | Perth | Sydney,772
Micraspis frenata,Striped Ladybird,Insect,6,Adelaide | Brisbane | Canberra–Queanbeyan | Hobart | Melbourne | Sydney,757
Calidris alba,Sanderling,Bird,6,Adelaide | Brisbane | Darwin | Melbourne | Perth | Sydney,743
Leptocneria reducta,Moth,Insect,6,Adelaide | Brisbane | Canberra–Queanbeyan | Melbourne | Perth | Sydney,718
Ctenomorpha marginipennis,Margined-winged Stick-insect,Insect,6,Adelaide | Brisbane | Canberra–Queanbeyan | Hobart | Melbourne | Sydney,713
Geitoneura klugii,Marbled Xenica,Insect,6,Adelaide | Canberra–Queanbeyan | Hobart | Melbourne | Perth | Sydney,709
Spoladea recurvalis,,Insect,6,Adelaide | Brisbane | Canberra–Queanbeyan | Darwin | Perth | Sydney,645
Anthela acuta,Lappet Moth,Insect,6,Adelaide | Brisbane | Canberra–Queanbeyan | Hobart | Melbourne | Sydney,621
Chloroclystis insigillata,Geometer Moth,Insect,6,Adelaide | Brisbane | Canberra–Queanbeyan | Melbourne | Perth | Sydney,611
Leptotarsus costalis,Crane Fly,Insect,6,Brisbane | Canberra–Queanbeyan | Hobart | Melbourne | Perth | Sydney,611
Etiella behrii,Lucerne Seed Web Moth,Insect,6,Adelaide | Brisbane | Canberra–Queanbeyan | Melbourne | Perth | Sydney,597
Austroagrion watsoni,Eastern Billabongfly,Insect,6,Adelaide | Brisbane | Canberra–Queanbeyan | Hobart | Melbourne | Sydney,595
Austrosciapus proximus,Long-legged Fly,Insect,6,Adelaide | Brisbane | Canberra–Queanbeyan | Melbourne | Perth | Sydney,594
Lipotriches australica,Sweat Bee,Insect,6,Adelaide | Brisbane | Canberra–Queanbeyan | Melbourne | Perth | Sydney,568
Todiramphus pyrrhopygius,Red-backed Kingfisher,Bird,6,Brisbane | Canberra–Queanbeyan | Darwin | Melbourne | Perth | Sydney,549
Ctenotus robustus,Robust Ctenotus,Reptile,6,Adelaide | Brisbane | Canberra–Queanbeyan | Darwin | Melbourne | Sydney,549
Dama dama,Fallow Deer,Mammal,6,Adelaide | Brisbane | Canberra–Queanbeyan | Hobart | Melbourne | Sydney,538
Erina hyacinthina,Common Dusky Blue,Insect,6,Adelaide | Brisbane | Canberra–Queanbeyan | Melbourne | Perth | Sydney,523
Heteropsilopus cingulipes,Long-legged Fly,Insect,6,Adelaide | Brisbane | Canberra–Queanbeyan | Hobart | Melbourne | Sydney,515
Orgyia anartoides,Pine Moth,Insect,6,Adelaide | Brisbane | Canberra–Queanbeyan | Hobart | Melbourne | Sydney,470
Melanodes anthracitaria,Geometer Moth,Insect,6,Adelaide | Brisbane | Canberra–Queanbeyan | Hobart | Melbourne | Sydney,468
Austroscolia soror,Parasitoid Wasp,Insect,6,Brisbane | Canberra–Queanbeyan | Darwin | Melbourne | Perth | Sydney,465
Capua intractana,,Insect,6,Adelaide | Brisbane | Canberra–Queanbeyan | Melbourne | Perth | Sydney,455
Tipanaea patulella,White Rush Moth,Insect,6,Adelaide | Brisbane | Canberra–Queanbeyan | Hobart | Melbourne | Sydney,452
Monteithiella humeralis,Shield Bug,Insect,6,Adelaide | Brisbane | Canberra–Queanbeyan | Hobart | Melbourne | Sydney,449
Didymoctenia exsuperata,Geometer Moth,Insect,6,Adelaide | Brisbane | Canberra–Queanbeyan | Hobart | Melbourne | Sydney,445
Chlidonias leucopterus,White-winged Black Tern,Bird,6,Brisbane | Canberra–Queanbeyan | Darwin | Melbourne | Perth | Sydney,442
Brunotartessus fulvus,Leafhopper,Insect,6,Adelaide | Brisbane | Canberra–Queanbeyan | Melbourne | Perth | Sydney,441
Dromaius novaehollandiae,Emu,Bird,6,Adelaide | Brisbane | Darwin | Melbourne | Perth | Sydney,439
Botaurus poiciloptilus,Australasian Bittern,Bird,6,Adelaide | Brisbane | Canberra–Queanbeyan | Hobart | Melbourne | Sydney,431
Diamma bicolor,Blue Ant,Insect,6,Adelaide | Brisbane | Canberra–Queanbeyan | Hobart | Melbourne | Sydney,430
Pheidole megacephala,African Big-headed Ant,Insect,6,Adelaide | Brisbane | Darwin | Melbourne | Perth | Sydney,423
Artamus superciliosus,White-browed Woodswallow,Bird,6,Adelaide | Brisbane | Canberra–Queanbeyan | Darwin | Melbourne | Sydney,416
Apina callisto,Owlet Moth,Insect,6,Adelaide | Canberra–Queanbeyan | Hobart | Melbourne | Perth | Sydney,411
Bathyllus albicinctus,Froghopper,Insect,6,Adelaide | Canberra–Queanbeyan | Hobart | Melbourne | Perth | Sydney,404
Amorbus alternatus,Leaf-footed Bug,Insect,6,Adelaide | Brisbane | Canberra–Queanbeyan | Melbourne | Perth | Sydney,399
Tachystola hemisema,Hemisema Moth,Insect,6,Adelaide | Brisbane | Canberra–Queanbeyan | Melbourne | Perth | Sydney,393
Cryptes baccatus,Wattle Tick Scale,Insect,6,Adelaide | Brisbane | Canberra–Queanbeyan | Melbourne | Perth | Sydney,392
Pantydia sparsa,Owlet Moth,Insect,6,Adelaide | Brisbane | Canberra–Queanbeyan | Melbourne | Perth | Sydney,390
Pyralis farinalis,Meal Moth,Insect,6,Adelaide | Brisbane | Canberra–Queanbeyan | Melbourne | Perth | Sydney,389
Nacaduba biocellata,Two-spotted Line-blue,Insect,6,Adelaide | Brisbane | Canberra–Queanbeyan | Melbourne | Perth | Sydney,388
Podalonia tydei,Wasp,Insect,6,Adelaide | Brisbane | Canberra–Queanbeyan | Melbourne | Perth | Sydney,386
Stenoptilia zophodactylus,Plume Moth,Insect,6,Adelaide | Brisbane | Canberra–Queanbeyan | Hobart | Melbourne | Sydney,384
Torbia viridissima,Gum Leaf Katydid,Insect,6,Adelaide | Brisbane | Canberra–Queanbeyan | Melbourne | Perth | Sydney,379
Conocephalus albescens,,Insect,6,Adelaide | Brisbane | Canberra–Queanbeyan | Hobart | Melbourne | Sydney,367
Amegilla chlorocyanea,Blue Banded Bee,Insect,6,Adelaide | Brisbane | Canberra–Queanbeyan | Melbourne | Perth | Sydney,364
Scaptia auriflua,,Insect,6,Adelaide | Brisbane | Canberra–Queanbeyan | Hobart | Melbourne | Sydney,364
Agonoscelis rutila,Horehound Bug,Insect,6,Adelaide | Brisbane | Canberra–Queanbeyan | Hobart | Melbourne | Sydney,362
Tachystola acroxantha,Concealer Moth,Insect,6,Adelaide | Brisbane | Canberra–Queanbeyan | Hobart | Melbourne | Sydney,359
Lepus capensis,Brown Hare,Mammal,6,Adelaide | Brisbane | Canberra–Queanbeyan | Hobart | Melbourne | Sydney,353
Doratifera vulnerans,Mottled Cup Moth,Insect,6,Brisbane | Canberra–Queanbeyan | Hobart | Melbourne | Perth | Sydney,350
Acroceuthes metaxanthana,,Insect,6,Adelaide | Brisbane | Canberra–Queanbeyan | Hobart | Melbourne | Sydney,348
Cereopsis novaehollandiae,Cape Barren Goose,Bird,6,Adelaide | Darwin | Hobart | Melbourne | Perth | Sydney,347
Eurymeloides pulchra,Leafhopper,Insect,6,Adelaide | Brisbane | Canberra–Queanbeyan | Melbourne | Perth | Sydney,347
Hypoperigea tonsa,Owlet Moth,Insect,6,Adelaide | Brisbane | Canberra–Queanbeyan | Melbourne | Perth | Sydney,346
Delias aganippe,Red-spotted Jezebel,Insect,6,Adelaide | Brisbane | Canberra–Queanbeyan | Melbourne | Perth | Sydney,343
Glyphipterix chrysoplanetis,Sedge Moth,Insect,6,Adelaide | Brisbane | Canberra–Queanbeyan | Hobart | Melbourne | Sydney,340
Gryllodes sigillatus,Indian House Cricket,Insect,6,Adelaide | Brisbane | Canberra–Queanbeyan | Darwin | Perth | Sydney,339
Polyrhachis femorata,Ant,Insect,6,Brisbane | Canberra–Queanbeyan | Hobart | Melbourne | Perth | Sydney,339
Bibla papyria,White-banded Grass-dart,Insect,6,Adelaide | Canberra–Queanbeyan | Hobart | Melbourne | Perth | Sydney,337
Doratifera quadriguttata,Four-spotted Cup Moth,Insect,6,Adelaide | Brisbane | Canberra–Queanbeyan | Melbourne | Perth | Sydney,336
Stangeia xerodes,Xerodes Plume Moth,Insect,6,Adelaide | Brisbane | Canberra–Queanbeyan | Melbourne | Perth | Sydney,334
Epicoma contristis,Moth,Insect,6,Adelaide | Brisbane | Canberra–Queanbeyan | Hobart | Melbourne | Sydney,328
Symplecta pilipes,,Insect,6,Adelaide | Brisbane | Canberra–Queanbeyan | Melbourne | Perth | Sydney,328
Phlyctinus callosus,Garden Weevil,Insect,6,Adelaide | Canberra–Queanbeyan | Hobart | Melbourne | Perth | Sydney,317
Sapromyza brunneovittata,Acalyptrate Fly,Insect,6,Adelaide | Canberra–Queanbeyan | Hobart | Melbourne | Perth | Sydney,317
Camponotus nigriceps,Black-headed Sugar Ant,Insect,6,Adelaide | Brisbane | Canberra–Queanbeyan | Melbourne | Perth | Sydney,316
Stathmopoda melanochra,Eriococcus Caterpillar,Insect,6,Adelaide | Brisbane | Canberra–Queanbeyan | Hobart | Melbourne | Sydney,315
Diarsia intermixta,Chevron Cutworm Moth,Insect,6,Adelaide | Brisbane | Canberra–Queanbeyan | Hobart | Melbourne | Sydney,311
Charaxes sempronius,Tailed Emperor,Insect,6,Adelaide | Brisbane | Canberra–Queanbeyan | Darwin | Melbourne | Sydney,308
Trichilogaster acaciaelongifoliae,Wattle Apple-gall Wasp,Insect,6,Adelaide | Brisbane | Canberra–Queanbeyan | Hobart | Melbourne | Sydney,308
Dicranolaius bellulus,Red And Blue Beetle,Insect,6,Adelaide | Brisbane | Canberra–Queanbeyan | Melbourne | Perth | Sydney,305
Oncocoris geniculatus,Shield Bug,Insect,6,Adelaide | Brisbane | Canberra–Queanbeyan | Hobart | Melbourne | Sydney,302
Leucania diatrecta,Dark-barred Wainscot,Insect,6,Adelaide | Brisbane | Canberra–Queanbeyan | Melbourne | Perth | Sydney,300
Dasygaster padockina,Tasmanian Cutworm Moth,Insect,6,Adelaide | Canberra–Queanbeyan | Hobart | Melbourne | Perth | Sydney,298
Moerarchis inconcisella,Fungus Moth,Insect,6,Adelaide | Brisbane | Canberra–Queanbeyan | Hobart | Melbourne | Sydney,296
Stenoderus suturalis,,Insect,6,Adelaide | Brisbane | Hobart | Melbourne | Perth | Sydney,295
Anachloris subochraria,Geometer Moth,Insect,6,Adelaide | Canberra–Queanbeyan | Hobart | Melbourne | Perth | Sydney,288
Chinoneides tasmaniensis,Stilt Bug,Insect,6,Adelaide | Canberra–Queanbeyan | Hobart | Melbourne | Perth | Sydney,288
Chrysomya megacephala,,Insect,6,Adelaide | Brisbane | Darwin | Melbourne | Perth | Sydney,283
Meneristes australis,,Insect,6,Adelaide | Brisbane | Canberra–Queanbeyan | Hobart | Melbourne | Sydney,280
Hydrellia tritici,Lawn Fly,Insect,6,Adelaide | Brisbane | Canberra–Queanbeyan | Hobart | Melbourne | Sydney,272
Pteropus scapulatus,Little Red Flying-fox,Mammal,6,Adelaide | Brisbane | Canberra–Queanbeyan | Darwin | Melbourne | Sydney,266
Odontomyia decipiens,,Insect,6,Adelaide | Brisbane | Canberra–Queanbeyan | Melbourne | Perth | Sydney,258
Thyreus caeruleopunctatus,Cuckoo Bee,Insect,6,Adelaide | Brisbane | Canberra–Queanbeyan | Darwin | Melbourne | Sydney,258
Sceliodes cordalis,Eggfruit Caterpillar,Insect,6,Adelaide | Brisbane | Canberra–Queanbeyan | Melbourne | Perth | Sydney,257
Lophyrotoma interrupta,Cattlepoisoning Sawfly,Insect,6,Adelaide | Brisbane | Canberra–Queanbeyan | Hobart | Melbourne | Sydney,250
Steganopsis melanogaster,,Insect,6,Adelaide | Brisbane | Canberra–Queanbeyan | Melbourne | Perth | Sydney,247
Peltoschema hamadryas,,Insect,6,Adelaide | Canberra–Queanbeyan | Hobart | Melbourne | Perth | Sydney,239
Acyphas chionitis,Moth,Insect,6,Adelaide | Brisbane | Canberra–Queanbeyan | Melbourne | Perth | Sydney,238
Austrosciapus connexus,Long-legged Fly,Insect,6,Adelaide | Brisbane | Canberra–Queanbeyan | Melbourne | Perth | Sydney,238
Chortoicetes terminifera,Australian Plague Locust,Insect,6,Adelaide | Brisbane | Canberra–Queanbeyan | Melbourne | Perth | Sydney,238
Chlorocoma dichloraria,Guenee's Emerald Moth,Insect,6,Adelaide | Canberra–Queanbeyan | Hobart | Melbourne | Perth | Sydney,231
Melanerythrus mactans,Bug,Insect,6,Adelaide | Brisbane | Canberra–Queanbeyan | Melbourne | Perth | Sydney,227
Gastrinodes argoplaca,Geometer Moth,Insect,6,Adelaide | Brisbane | Canberra–Queanbeyan | Melbourne | Perth | Sydney,224
Endrosis sarcitrella,,Insect,6,Adelaide | Brisbane | Canberra–Queanbeyan | Hobart | Melbourne | Sydney,223
Macrotona australis,Common Macrotona,Insect,6,Adelaide | Canberra–Queanbeyan | Hobart | Melbourne | Perth | Sydney,221
Callococcus acaciae,,Insect,6,Adelaide | Brisbane | Canberra–Queanbeyan | Melbourne | Perth | Sydney,220
Taylorilygus apicalis,Brokenbacked Bug,Insect,6,Adelaide | Brisbane | Canberra–Queanbeyan | Melbourne | Perth | Sydney,218
Circopetes obtusata,Geometer Moth,Insect,6,Brisbane | Canberra–Queanbeyan | Hobart | Melbourne | Perth | Sydney,217
Anthela varia,Lappet Moth,Insect,6,Adelaide | Brisbane | Canberra–Queanbeyan | Melbourne | Perth | Sydney,211
Gauna aegusalis,Grass Moth,Insect,6,Adelaide | Brisbane | Canberra–Queanbeyan | Hobart | Melbourne | Sydney,211
Paropsisterna nigerrima,,Insect,6,Adelaide | Brisbane | Canberra–Queanbeyan | Melbourne | Perth | Sydney,207
Sphenella ruficeps,Primitive Crane Fly,Insect,6,Adelaide | Canberra–Queanbeyan | Hobart | Melbourne | Perth | Sydney,205
Ectropis bispinaria,Geometer Moth,Insect,6,Adelaide | Brisbane | Canberra–Queanbeyan | Hobart | Melbourne | Sydney,203
Ptomaphila lacrymosa,Carrion Beetle,Insect,6,Adelaide | Canberra–Queanbeyan | Hobart | Melbourne | Perth | Sydney,200
Diplopseustis perieresalis,Eastern Black Tabby,Insect,6,Adelaide | Brisbane | Canberra–Queanbeyan | Hobart | Melbourne | Sydney,197
Drymaplaneta communis,Common Shining Cockroach,Insect,6,Adelaide | Brisbane | Canberra–Queanbeyan | Melbourne | Perth | Sydney,196
Pataeta carbo,Owlet Moth,Insect,6,Adelaide | Brisbane | Canberra–Queanbeyan | Darwin | Melbourne | Sydney,195
Chloroclystis approximata,Cherry Lopper Moth,Insect,6,Adelaide | Brisbane | Canberra–Queanbeyan | Hobart | Melbourne | Sydney,194
Nomophila corticalis,Grass Moth,Insect,6,Adelaide | Brisbane | Canberra–Queanbeyan | Melbourne | Perth | Sydney,193
Remaudiereana inornata,Seed Bug,Insect,6,Adelaide | Brisbane | Canberra–Queanbeyan | Melbourne | Perth | Sydney,191
Paraoxypilus tasmaniensis,,Insect,6,Adelaide | Brisbane | Canberra–Queanbeyan | Melbourne | Perth | Sydney,188
Eudesmeola lawsoni,Owlet Moth,Insect,6,Adelaide | Brisbane | Canberra–Queanbeyan | Melbourne | Perth | Sydney,186
Pollanisus viridipulverulenta,Satin-green Forester Moth,Insect,6,Adelaide | Brisbane | Canberra–Queanbeyan | Hobart | Melbourne | Sydney,185
Endotricha ignealis,Grass Moth,Insect,6,Adelaide | Brisbane | Canberra–Queanbeyan | Hobart | Melbourne | Sydney,179
Australothis rubrescens,Owlet Moth,Insect,6,Adelaide | Brisbane | Canberra–Queanbeyan | Melbourne | Perth | Sydney,177
Eucalyptolyma maideni,,Insect,6,Adelaide | Brisbane | Canberra–Queanbeyan | Melbourne | Perth | Sydney,177
Alcaeus varicornis,Acacia Shield Bug,Insect,6,Adelaide | Brisbane | Canberra–Queanbeyan | Melbourne | Perth | Sydney,176
Rutilia splendida,Horse Fly,Insect,6,Adelaide | Brisbane | Canberra–Queanbeyan | Hobart | Melbourne | Sydney,174
Aphis nerii,Oleander Aphid,Insect,6,Adelaide | Brisbane | Canberra–Queanbeyan | Melbourne | Perth | Sydney,172
Isturgia penthearia,Geometer Moth,Insect,6,Adelaide | Brisbane | Canberra–Queanbeyan | Melbourne | Perth | Sydney,171
Neumichtis nigerrima,Black Turnip Moth,Insect,6,Adelaide | Brisbane | Canberra–Queanbeyan | Melbourne | Perth | Sydney,168
Hypobapta tachyhalotaria,Geometer Moth,Insect,6,Adelaide | Canberra–Queanbeyan | Hobart | Melbourne | Perth | Sydney,167
Clarana clarana,Moth,Insect,6,Adelaide | Canberra–Queanbeyan | Hobart | Melbourne | Perth | Sydney,161
Idaea costaria,White-edged Wave,Insect,6,Adelaide | Brisbane | Canberra–Queanbeyan | Melbourne | Perth | Sydney,160
Zaprochilus australis,Twig-mimicking Katydid,Insect,6,Adelaide | Brisbane | Canberra–Queanbeyan | Hobart | Melbourne | Sydney,159
Ciampa arietaria,Brown Pasture Looper Moth,Insect,6,Adelaide | Canberra–Queanbeyan | Hobart | Melbourne | Perth | Sydney,158
Sorama bicolor,Moth,Insect,6,Adelaide | Brisbane | Canberra–Queanbeyan | Hobart | Melbourne | Sydney,156
Agrotis ipsilon,Owlet Moth,Insect,6,Adelaide | Brisbane | Canberra–Queanbeyan | Melbourne | Perth | Sydney,155
Spathulina acroleuca,Primitive Crane Fly,Insect,6,Adelaide | Brisbane | Canberra–Queanbeyan | Hobart | Melbourne | Sydney,155
Garrha ocellifera,Concealer Moth,Insect,6,Brisbane | Canberra–Queanbeyan | Hobart | Melbourne | Perth | Sydney,154
Delta bicinctum,Wasp,Insect,6,Adelaide | Brisbane | Canberra–Queanbeyan | Melbourne | Perth | Sydney,153
Eucymatoge scotodes,,Insect,6,Adelaide | Canberra–Queanbeyan | Hobart | Melbourne | Perth | Sydney,152
Plesanemma fucata,Lemon Gum Moth,Insect,6,Adelaide | Brisbane | Canberra–Queanbeyan | Melbourne | Perth | Sydney,152
Poecilohetaerus aquilus,Acalyptrate Fly,Insect,6,Adelaide | Canberra–Queanbeyan | Hobart | Melbourne | Perth | Sydney,152
Endoxyla cinereus,Carpenter Moth,Insect,6,Adelaide | Brisbane | Canberra–Queanbeyan | Melbourne | Perth | Sydney,150
Entometa fervens,Gum Snout Moth,Insect,6,Adelaide | Brisbane | Canberra–Queanbeyan | Melbourne | Perth | Sydney,149
Schizobothrus flavovittatus,Disappearing Grasshopper,Insect,6,Adelaide | Canberra–Queanbeyan | Hobart | Melbourne | Perth | Sydney,149
Ceroplastes rubens,Pink Wax Scale,Insect,6,Adelaide | Brisbane | Darwin | Melbourne | Perth | Sydney,147
Hyalarcta huebneri,Leaf Case Moth,Insect,6,Adelaide | Brisbane | Canberra–Queanbeyan | Melbourne | Perth | Sydney,147
Anthela ocellata,Lappet Moth,Insect,6,Adelaide | Brisbane | Canberra–Queanbeyan | Hobart | Melbourne | Sydney,145
Eublemma cochylioides,Eublemma Moth,Insect,6,Brisbane | Canberra–Queanbeyan | Darwin | Melbourne | Perth | Sydney,145
Eurymeloides punctata,Leafhopper,Insect,6,Adelaide | Brisbane | Canberra–Queanbeyan | Melbourne | Perth | Sydney,144
Phyllotocus rufipennis,,Insect,6,Adelaide | Brisbane | Canberra–Queanbeyan | Hobart | Melbourne | Sydney,144
Polyrhachis phryne,Ant,Insect,6,Adelaide | Brisbane | Canberra–Queanbeyan | Melbourne | Perth | Sydney,144
Scoparia spelaea,Grass Moth,Insect,6,Adelaide | Brisbane | Canberra–Queanbeyan | Hobart | Melbourne | Sydney,144
Utetheisa lotrix,Moth,Insect,6,Brisbane | Canberra–Queanbeyan | Darwin | Melbourne | Perth | Sydney,144
Austrocarea iocephala,,Insect,6,Adelaide | Brisbane | Canberra–Queanbeyan | Melbourne | Perth | Sydney,143
Blastobasis tarda,,Insect,6,Adelaide | Brisbane | Canberra–Queanbeyan | Melbourne | Perth | Sydney,142
Hyleoides concinna,Species Of Yellowfaced Bee,Insect,6,Adelaide | Brisbane | Canberra–Queanbeyan | Hobart | Melbourne | Sydney,142
Anestia semiochrea,Moth,Insect,6,Adelaide | Brisbane | Canberra–Queanbeyan | Melbourne | Perth | Sydney,141
Ophelimus maskelli,,Insect,6,Adelaide | Brisbane | Canberra–Queanbeyan | Melbourne | Perth | Sydney,141
Spilonota constrictana,Leafroller Moth,Insect,6,Adelaide | Brisbane | Canberra–Queanbeyan | Hobart | Melbourne | Sydney,141
Lecithocera terrigena,,Insect,6,Adelaide | Brisbane | Canberra–Queanbeyan | Hobart | Melbourne | Sydney,140
Gonipterus scutellatus,Eucalyptus Weevil,Insect,6,Brisbane | Canberra–Queanbeyan | Hobart | Melbourne | Perth | Sydney,138
Ocirrhoe unimaculata,Shield Bug,Insect,6,Adelaide | Canberra–Queanbeyan | Hobart | Melbourne | Perth | Sydney,138
Lepidoscia heliochares,,Insect,6,Adelaide | Brisbane | Canberra–Queanbeyan | Hobart | Melbourne | Sydney,136
Thrincophora lignigerana,Leafroller Moth,Insect,6,Adelaide | Brisbane | Canberra–Queanbeyan | Hobart | Melbourne | Sydney,136
Orcus australasiae,,Insect,6,Adelaide | Brisbane | Canberra–Queanbeyan | Hobart | Melbourne | Perth,134
Parasaissetia nigra,Lapa-preta,Insect,6,Adelaide | Brisbane | Hobart | Melbourne | Perth | Sydney,133
Genduara punctigera,Crexa Moth,Insect,6,Adelaide | Brisbane | Canberra–Queanbeyan | Hobart | Melbourne | Sydney,132
Constrictana constrictana,,Insect,6,Adelaide | Brisbane | Canberra–Queanbeyan | Hobart | Melbourne | Sydney,131
Papyrius nitidus,Ant,Insect,6,Adelaide | Brisbane | Canberra–Queanbeyan | Melbourne | Perth | Sydney,131
Eurymeloides bicincta,Leafhopper,Insect,6,Adelaide | Brisbane | Canberra–Queanbeyan | Hobart | Melbourne | Sydney,130
Paropsisterna fastidiosa,,Insect,6,Brisbane | Canberra–Queanbeyan | Hobart | Melbourne | Perth | Sydney,128
Scioglyptis chionomera,Geometer Moth,Insect,6,Adelaide | Brisbane | Canberra–Queanbeyan | Hobart | Melbourne | Sydney,128
Amorbus rubiginosus,Leaf-footed Bug,Insect,6,Adelaide | Brisbane | Canberra–Queanbeyan | Melbourne | Perth | Sydney,127
Compsotropha strophiella,Concealer Moth,Insect,6,Adelaide | Brisbane | Canberra–Queanbeyan | Melbourne | Perth | Sydney,127
Discobola australis,Crane Fly,Insect,6,Adelaide | Brisbane | Canberra–Queanbeyan | Hobart | Melbourne | Sydney,127
Apiomorpha munita,Felt Scale Insect,Insect,6,Adelaide | Brisbane | Canberra–Queanbeyan | Melbourne | Perth | Sydney,124
Heoclisis fundata,Antlion,Insect,6,Adelaide | Canberra–Queanbeyan | Hobart | Melbourne | Perth | Sydney,124
Microdes squamulata,Dark Grey Flat Moth,Insect,6,Adelaide | Canberra–Queanbeyan | Hobart | Melbourne | Perth | Sydney,122
Cryptobothrus chrysophorus,Golden Band-wing,Insect,6,Adelaide | Brisbane | Canberra–Queanbeyan | Hobart | Melbourne | Sydney,120
Strepsicrates macropetana,Moth,Insect,6,Adelaide | Brisbane | Canberra–Queanbeyan | Melbourne | Perth | Sydney,119
Anachloris uncinata,Geometer Moth,Insect,6,Adelaide | Canberra–Queanbeyan | Hobart | Melbourne | Perth | Sydney,117
Austalis copiosa,,Insect,6,Adelaide | Brisbane | Canberra–Queanbeyan | Melbourne | Perth | Sydney,116
Capusa senilis,Geometer Moth,Insect,6,Brisbane | Canberra–Queanbeyan | Hobart | Melbourne | Perth | Sydney,116
Oligoloba severa,Concealer Moth,Insect,6,Adelaide | Brisbane | Canberra–Queanbeyan | Melbourne | Perth | Sydney,113
Theclinesthes miskini,Wattle Blue,Insect,6,Adelaide | Brisbane | Canberra–Queanbeyan | Darwin | Perth | Sydney,113
Cryphaea xylina,Geometer Moth,Insect,6,Adelaide | Brisbane | Canberra–Queanbeyan | Melbourne | Perth | Sydney,112
Dictyotus inconspicuus,Shield Bug,Insect,6,Adelaide | Canberra–Queanbeyan | Hobart | Melbourne | Perth | Sydney,112
Musca vetustissima,Bush Fly,Insect,6,Adelaide | Brisbane | Canberra–Queanbeyan | Melbourne | Perth | Sydney,110
Sandava xylistis,Owlet Moth,Insect,6,Adelaide | Brisbane | Canberra–Queanbeyan | Melbourne | Perth | Sydney,109
Neovulturnus vultuosus,,Insect,6,Adelaide | Brisbane | Hobart | Melbourne | Perth | Sydney,107
Stomorhina discolor,,Insect,6,Adelaide | Brisbane | Canberra–Queanbeyan | Darwin | Melbourne | Sydney,107
Dictyotus caenosus,Brown Shield Bug,Insect,6,Adelaide | Brisbane | Canberra–Queanbeyan | Melbourne | Perth | Sydney,106
Tapeigaster nigricornis,Fly,Insect,6,Adelaide | Brisbane | Canberra–Queanbeyan | Melbourne | Perth | Sydney,106
Mythimna convecta,Common Armyworm Moth,Insect,6,Adelaide | Brisbane | Canberra–Queanbeyan | Melbourne | Perth | Sydney,106
Lasioglossum sphecodoides,,Insect,6,Adelaide | Canberra–Queanbeyan | Hobart | Melbourne | Perth | Sydney,105
Labidura riparia,Common Brown Earwig,Insect,6,Adelaide | Canberra–Queanbeyan | Hobart | Melbourne | Perth | Sydney,102
Euborellia annulipes,Ring-legged Earwig,Insect,6,Adelaide | Brisbane | Hobart | Melbourne | Perth | Sydney,101
Limnaecia camptosema,Cosmet Moth,Insect,6,Adelaide | Brisbane | Canberra–Queanbeyan | Melbourne | Perth | Sydney,100
Monocrepidus submarmoratus,,Insect,6,Adelaide | Brisbane | Canberra–Queanbeyan | Melbourne | Perth | Sydney,100
Brevicoryne brassicae,Cabbage Aphid,Insect,6,Adelaide | Canberra–Queanbeyan | Hobart | Melbourne | Perth | Sydney,98
Glyphipterix meteora,,Insect,6,Adelaide | Brisbane | Canberra–Queanbeyan | Hobart | Melbourne | Sydney,98
Mallada basalis,,Insect,6,Adelaide | Brisbane | Darwin | Melbourne | Perth | Sydney,94
Inopus rubriceps,,Insect,6,Adelaide | Brisbane | Canberra–Queanbeyan | Hobart | Melbourne | Sydney,93
Mantis octospilota,Blackbarred Mantid,Insect,6,Adelaide | Brisbane | Canberra–Queanbeyan | Melbourne | Perth | Sydney,92
Paralaea porphyrinaria,Geometer Moth,Insect,6,Brisbane | Canberra–Queanbeyan | Hobart | Melbourne | Perth | Sydney,91
Tymbophora peltastis,Concealer Moth,Insect,6,Adelaide | Brisbane | Canberra–Queanbeyan | Melbourne | Perth | Sydney,91
Euphona euphona,,Insect,6,Adelaide | Brisbane | Canberra–Queanbeyan | Hobart | Melbourne | Sydney,89
Garrha pudica,Concealer Moth,Insect,6,Adelaide | Brisbane | Canberra–Queanbeyan | Melbourne | Perth | Sydney,89
Sitona discoideus,Sitona Weevil,Insect,6,Adelaide | Canberra–Queanbeyan | Hobart | Melbourne | Perth | Sydney,89
Aproaerema simplexella,,Insect,6,Adelaide | Brisbane | Canberra–Queanbeyan | Melbourne | Perth | Sydney,88
Goniaea opomaloides,Mimetic Gumleaf Grasshopper,Insect,6,Adelaide | Brisbane | Canberra–Queanbeyan | Melbourne | Perth | Sydney,87
Tessaromma undatum,Velvet Eucalypt Longhorn,Insect,6,Adelaide | Brisbane | Canberra–Queanbeyan | Hobart | Melbourne | Sydney,87
Dictyochrysa peterseni,Species Of Green Lacewing,Insect,6,Adelaide | Brisbane | Canberra–Queanbeyan | Hobart | Melbourne | Sydney,86
Euribia stylata,,Insect,6,Adelaide | Brisbane | Canberra–Queanbeyan | Hobart | Melbourne | Sydney,86
Calosoma schayeri,Green Carab Beetle,Insect,6,Adelaide | Brisbane | Canberra–Queanbeyan | Melbourne | Perth | Sydney,85
Arrade destituta,Cryptic Snout Moth,Insect,6,Adelaide | Brisbane | Canberra–Queanbeyan | Melbourne | Perth | Sydney,84
Coleotichus costatus,Shield Bug,Insect,6,Adelaide | Brisbane | Canberra–Queanbeyan | Melbourne | Perth | Sydney,84
Macrobathra bigerella,,Insect,6,Adelaide | Brisbane | Darwin | Melbourne | Perth | Sydney,84
Microdes villosata,Geometer Moth,Insect,6,Adelaide | Canberra–Queanbeyan | Hobart | Melbourne | Perth | Sydney,84
Conosia irrorata,,Insect,6,Adelaide | Brisbane | Canberra–Queanbeyan | Darwin | Melbourne | Sydney,78
Hylaeus rotundiceps,Plasterer Bee,Insect,6,Adelaide | Brisbane | Canberra–Queanbeyan | Hobart | Melbourne | Sydney,76
Meyriccia latro,Grass Moth,Insect,6,Adelaide | Brisbane | Canberra–Queanbeyan | Melbourne | Perth | Sydney,75
Stagmatophora argyrostrepta,,Insect,6,Adelaide | Brisbane | Canberra–Queanbeyan | Hobart | Melbourne | Sydney,75
Dichocrocis clytusalis,,Insect,6,Adelaide | Brisbane | Canberra–Queanbeyan | Darwin | Melbourne | Sydney,74
Eublemma inconspicua,Owlet Moth,Insect,6,Adelaide | Brisbane | Canberra–Queanbeyan | Melbourne | Perth | Sydney,74
Serangium maculigerum,,Insect,6,Adelaide | Brisbane | Canberra–Queanbeyan | Hobart | Melbourne | Perth,74
Calliphora hilli,Blow Fly,Insect,6,Adelaide | Brisbane | Hobart | Melbourne | Perth | Sydney,73
Hylaeus honestus,Species Of Yellowfaced Bee,Insect,6,Adelaide | Brisbane | Canberra–Queanbeyan | Melbourne | Perth | Sydney,73
Osmylops sejunctus,,Insect,6,Adelaide | Canberra–Queanbeyan | Hobart | Melbourne | Perth | Sydney,73
Parentia vulgaris,,Insect,6,Adelaide | Brisbane | Canberra–Queanbeyan | Melbourne | Perth | Sydney,73
Phyllocnistis citrella,,Insect,6,Adelaide | Brisbane | Darwin | Melbourne | Perth | Sydney,73
Austroaeschna unicornis,Unicorn Darner,Insect,6,Adelaide | Brisbane | Canberra–Queanbeyan | Hobart | Melbourne | Sydney,71
Hypertropha chlaenota,Moth,Insect,6,Adelaide | Brisbane | Canberra–Queanbeyan | Melbourne | Perth | Sydney,71
Heteropternis obscurella,,Insect,6,Adelaide | Brisbane | Canberra–Queanbeyan | Darwin | Perth | Sydney,69
Pulvinaria mesembryanthemi,Iceplant Scale,Insect,6,Adelaide | Brisbane | Canberra–Queanbeyan | Melbourne | Perth | Sydney,69
Sericesthis geminata,Pruinose Scarab,Insect,6,Adelaide | Brisbane | Canberra–Queanbeyan | Melbourne | Perth | Sydney,69
Harpobittacus australis,Scorpionfly,Insect,6,Brisbane | Canberra–Queanbeyan | Hobart | Melbourne | Perth | Sydney,68
Ctenoplusia albostriata,,Insect,6,Adelaide | Brisbane | Canberra–Queanbeyan | Melbourne | Perth | Sydney,67
Heliothis punctifera,Owlet Moth,Insect,6,Adelaide | Brisbane | Canberra–Queanbeyan | Melbourne | Perth | Sydney,67
Turnix velox,Little Button-quail,Bird,6,Adelaide | Brisbane | Canberra–Queanbeyan | Melbourne | Perth | Sydney,66
Cryptocheilus australis,,Insect,6,Adelaide | Brisbane | Canberra–Queanbeyan | Melbourne | Perth | Sydney,66
Catocheilus apterus,Wasp,Insect,6,Adelaide | Brisbane | Canberra–Queanbeyan | Hobart | Melbourne | Sydney,65
Antigastra catalaunalis,,Insect,6,Adelaide | Brisbane | Canberra–Queanbeyan | Melbourne | Perth | Sydney,64
Lepidoscia arctiella,,Insect,6,Brisbane | Canberra–Queanbeyan | Darwin | Melbourne | Perth | Sydney,64
Pison spinolae,Wasp,Insect,6,Adelaide | Brisbane | Canberra–Queanbeyan | Hobart | Melbourne | Sydney,64
Sosineura mimica,Fruitworm Moth,Insect,6,Adelaide | Canberra–Queanbeyan | Hobart | Melbourne | Perth | Sydney,64
Zanessa rubrovariegata,Plant Bug,Insect,6,Adelaide | Brisbane | Canberra–Queanbeyan | Melbourne | Perth | Sydney,64
Eupeodes confrater,,Insect,6,Adelaide | Brisbane | Hobart | Melbourne | Perth | Sydney,61
Leucania stenographa,Sugarcane Armyworm,Insect,6,Adelaide | Brisbane | Canberra–Queanbeyan | Melbourne | Perth | Sydney,60
Assara subarcuella,,Insect,6,Adelaide | Brisbane | Canberra–Queanbeyan | Melbourne | Perth | Sydney,59
Garrha phoenopis,,Insect,6,Adelaide | Brisbane | Canberra–Queanbeyan | Melbourne | Perth | Sydney,59
Scrobiger splendidus,,Insect,6,Adelaide | Brisbane | Canberra–Queanbeyan | Melbourne | Perth | Sydney,58
Lasioglossum dotatum,,Insect,6,Adelaide | Brisbane | Canberra–Queanbeyan | Melbourne | Perth | Sydney,57
Thoracolopha melanographa,,Insect,6,Adelaide | Canberra–Queanbeyan | Hobart | Melbourne | Perth | Sydney,56
Aethina concolor,,Insect,6,Adelaide | Brisbane | Canberra–Queanbeyan | Melbourne | Perth | Sydney,55
Dialectica scalariella,,Insect,6,Adelaide | Brisbane | Canberra–Queanbeyan | Melbourne | Perth | Sydney,55
Peritropha oligodrachma,Moth,Insect,6,Adelaide | Brisbane | Canberra–Queanbeyan | Melbourne | Perth | Sydney,55
Stericta carbonalis,,Insect,6,Adelaide | Canberra–Queanbeyan | Hobart | Melbourne | Perth | Sydney,55
Stomoxys calcitrans,Stable Fly,Insect,6,Adelaide | Brisbane | Darwin | Melbourne | Perth | Sydney,55
Brachymeria podagrica,,Insect,6,Adelaide | Brisbane | Canberra–Queanbeyan | Melbourne | Perth | Sydney,53
Nesogaster halli,,Insect,6,Adelaide | Brisbane | Hobart | Melbourne | Perth | Sydney,53
Stegasta variana,,Insect,6,Adelaide | Brisbane | Canberra–Queanbeyan | Darwin | Melbourne | Sydney,53
Anthrax incomptus,Bee Fly,Insect,6,Adelaide | Brisbane | Canberra–Queanbeyan | Melbourne | Perth | Sydney,52
Myrmecia mandibularis,Toothless Bull Ant,Insect,6,Adelaide | Brisbane | Canberra–Queanbeyan | Melbourne | Perth | Sydney,52
Thallis compta,,Insect,6,Adelaide | Brisbane | Canberra–Queanbeyan | Hobart | Melbourne | Sydney,52
Adoryphorus coulonii,Redheaded Pasture Cockchafer,Insect,6,Adelaide | Brisbane | Canberra–Queanbeyan | Hobart | Melbourne | Sydney,51
Hieromantis ephodophora,,Insect,6,Adelaide | Brisbane | Canberra–Queanbeyan | Darwin | Melbourne | Sydney,51
Heteroteucha dichroella,Concealer Moth,Insect,6,Adelaide | Brisbane | Canberra–Queanbeyan | Melbourne | Perth | Sydney,50
Notoncus gilberti,Smooth Epaulet Ant,Insect,6,Adelaide | Brisbane | Canberra–Queanbeyan | Melbourne | Perth | Sydney,50
Pseudococcus longispinus,Long Tailed Mealybug,Insect,6,Adelaide | Brisbane | Hobart | Melbourne | Perth | Sydney,50
Psychobiella sordida,,Insect,6,Adelaide | Brisbane | Canberra–Queanbeyan | Hobart | Melbourne | Sydney,50
Polytelis alexandrae,Princess Parrot,Bird,6,Adelaide | Brisbane | Canberra–Queanbeyan | Melbourne | Perth | Sydney,48
Calochrysa extranea,,Insect,6,Adelaide | Brisbane | Canberra–Queanbeyan | Melbourne | Perth | Sydney,48
Grammodes oculicola,,Insect,6,Brisbane | Canberra–Queanbeyan | Darwin | Melbourne | Perth | Sydney,48
Chloroclystis metallospora,,Insect,6,Adelaide | Brisbane | Canberra–Queanbeyan | Melbourne | Perth | Sydney,47
Leioproctus amabilis,Plasterer Bee,Insect,6,Adelaide | Brisbane | Canberra–Queanbeyan | Hobart | Melbourne | Sydney,46
Ptochostola microphaeellus,,Insect,6,Adelaide | Brisbane | Canberra–Queanbeyan | Melbourne | Perth | Sydney,46
Anopheles annulipes,Spear Mosquito,Insect,6,Adelaide | Brisbane | Darwin | Melbourne | Perth | Sydney,45
Eupselia carpocapsella,Common Eupselia Moth,Insect,6,Adelaide | Brisbane | Canberra–Queanbeyan | Melbourne | Perth | Sydney,45
Trachymela sloanei,Australian Tortoise Beetle,Insect,6,Adelaide | Brisbane | Canberra–Queanbeyan | Melbourne | Perth | Sydney,45
Megachile macularis,Bee,Insect,6,Adelaide | Brisbane | Canberra–Queanbeyan | Melbourne | Perth | Sydney,44
Ochetellus punctatissimus,Ant,Insect,6,Adelaide | Brisbane | Canberra–Queanbeyan | Hobart | Melbourne | Perth,43
Opogona stereodyta,Fungus Moth,Insect,6,Adelaide | Brisbane | Canberra–Queanbeyan | Hobart | Melbourne | Sydney,43
Nysius caledoniae,Grey Cluster Bug,Insect,6,Brisbane | Canberra–Queanbeyan | Hobart | Melbourne | Perth | Sydney,42
Prionocris protoxantha,,Insect,6,Adelaide | Brisbane | Canberra–Queanbeyan | Hobart | Melbourne | Sydney,42
Xanthopimpla rhapaloceros,,Insect,6,Adelaide | Brisbane | Hobart | Melbourne | Perth | Sydney,42
Anarsia molybdota,,Insect,6,Adelaide | Brisbane | Canberra–Queanbeyan | Melbourne | Perth | Sydney,41
Chrysomya rufifacies,Hairy Maggot Blowfly,Insect,6,Adelaide | Brisbane | Darwin | Melbourne | Perth | Sydney,41
Praxis marmarinopa,Owlet Moth,Insect,6,Adelaide | Brisbane | Canberra–Queanbeyan | Melbourne | Perth | Sydney,41
Hylaeus aralis,Plasterer Bee,Insect,6,Adelaide | Brisbane | Canberra–Queanbeyan | Melbourne | Perth | Sydney,40
Technomyrmex jocosus,Ant,Insect,6,Adelaide | Brisbane | Hobart | Melbourne | Perth | Sydney,40
Grammodes ocellata,Owlet Moth,Insect,6,Adelaide | Brisbane | Darwin | Melbourne | Perth | Sydney,39
Melanacanthus margineguttatus,,Insect,6,Adelaide | Brisbane | Canberra–Queanbeyan | Melbourne | Perth | Sydney,39
Aphis gossypii,Cotton Aphid,Insect,6,Adelaide | Brisbane | Canberra–Queanbeyan | Melbourne | Perth | Sydney,38
Sphenophorus brunnipennis,La Plata Weevil,Insect,6,Adelaide | Brisbane | Canberra–Queanbeyan | Melbourne | Perth | Sydney,38
Proteuxoa cinereicollis,Owlet Moth,Insect,6,Adelaide | Canberra–Queanbeyan | Hobart | Melbourne | Perth | Sydney,37
Rhinotia brunnea,,Insect,6,Adelaide | Brisbane | Canberra–Queanbeyan | Melbourne | Perth | Sydney,37
Sus scrofa,Pig,Mammal,6,Brisbane | Canberra–Queanbeyan | Darwin | Melbourne | Perth | Sydney,36
Stenophyella macreta,Bug,Insect,6,Adelaide | Brisbane | Canberra–Queanbeyan | Melbourne | Perth | Sydney,36
Antechinus flavipes,Yellow-footed Antechinus,Mammal,6,Adelaide | Brisbane | Canberra–Queanbeyan | Melbourne | Perth | Sydney,35
Bembix furcata,Wasp,Insect,6,Adelaide | Brisbane | Canberra–Queanbeyan | Melbourne | Perth | Sydney,35
Oxyops fasciatus,,Insect,6,Adelaide | Brisbane | Canberra–Queanbeyan | Melbourne | Perth | Sydney,35
Aleyrodes proletella,Whitefly,Insect,6,Adelaide | Brisbane | Hobart | Melbourne | Perth | Sydney,33
Ardozyga catarrhacta,,Insect,6,Adelaide | Brisbane | Canberra–Queanbeyan | Melbourne | Perth | Sydney,32
Macrosiphum euphorbiae,Potato Aphid,Insect,6,Brisbane | Canberra–Queanbeyan | Hobart | Melbourne | Perth | Sydney,31
Opogona stenocraspeda,,Insect,6,Adelaide | Brisbane | Canberra–Queanbeyan | Hobart | Melbourne | Sydney,31
Rhyzobius lophanthae,,Insect,6,Adelaide | Brisbane | Canberra–Queanbeyan | Melbourne | Perth | Sydney,31
Leucania abdominalis,,Insect,6,Adelaide | Brisbane | Canberra–Queanbeyan | Melbourne | Perth | Sydney,30
Praxis edwardsii,Owlet Moth,Insect,6,Adelaide | Canberra–Queanbeyan | Hobart | Melbourne | Perth | Sydney,30
Cletus similis,Leaf-footed Bug,Insect,6,Adelaide | Brisbane | Canberra–Queanbeyan | Melbourne | Perth | Sydney,29
Lamprolonchaea brouniana,Metallic-green Tomato Fly,Insect,6,Adelaide | Brisbane | Canberra–Queanbeyan | Melbourne | Perth | Sydney,29
Coptocercus rubripes,,Insect,6,Adelaide | Canberra–Queanbeyan | Hobart | Melbourne | Perth | Sydney,28
Coptotermes acinaciformis,Subterranean Termite,Insect,6,Adelaide | Brisbane | Darwin | Melbourne | Perth | Sydney,28
Hylaeus elegans,Plasterer Bee,Insect,6,Adelaide | Brisbane | Canberra–Queanbeyan | Melbourne | Perth | Sydney,28
Paraphylax mirax,,Insect,6,Adelaide | Brisbane | Canberra–Queanbeyan | Hobart | Melbourne | Sydney,28
Psychoda alternata,Drain Fly,Insect,6,Adelaide | Brisbane | Canberra–Queanbeyan | Melbourne | Perth | Sydney,28
Lasioderma serricorne,Cigarette Beetle,Insect,6,Adelaide | Brisbane | Darwin | Melbourne | Perth | Sydney,27
Turnix pyrrhothorax,Red-chested Button-quail,Bird,6,Adelaide | Brisbane | Canberra–Queanbeyan | Darwin | Melbourne | Sydney,26
Aades cultratus,,Insect,6,Adelaide | Brisbane | Canberra–Queanbeyan | Hobart | Melbourne | Sydney,26
Australopsylla revoluta,Psyllid Bug,Insect,6,Adelaide | Brisbane | Canberra–Queanbeyan | Melbourne | Perth | Sydney,26
Culama australis,Carpenter Moth,Insect,6,Adelaide | Canberra–Queanbeyan | Hobart | Melbourne | Perth | Sydney,26
Oxythecta hieroglyphica,Concealer Moth,Insect,6,Adelaide | Brisbane | Canberra–Queanbeyan | Hobart | Melbourne | Sydney,26
Coccus hesperidum,Soft Brown Scale,Insect,6,Adelaide | Brisbane | Canberra–Queanbeyan | Melbourne | Perth | Sydney,25
Melangyna ambustus,,Insect,6,Adelaide | Canberra–Queanbeyan | Hobart | Melbourne | Perth | Sydney,25
Macrobathra alternatella,,Insect,6,Adelaide | Brisbane | Canberra–Queanbeyan | Melbourne | Perth | Sydney,24
Myocara australe,Seed Bug,Insect,6,Adelaide | Brisbane | Canberra–Queanbeyan | Melbourne | Perth | Sydney,24
Chrysomya varipes,Small Hairy Maggot Blowfly,Insect,6,Brisbane | Canberra–Queanbeyan | Darwin | Melbourne | Perth | Sydney,23
Empicoris rubromaculatus,Assassin Bug,Insect,6,Adelaide | Brisbane | Canberra–Queanbeyan | Melbourne | Perth | Sydney,23
Neovulturnus punctulatus,,Insect,6,Adelaide | Brisbane | Hobart | Melbourne | Perth | Sydney,22
Ranatra dispar,Needle Bug,Insect,6,Adelaide | Brisbane | Canberra–Queanbeyan | Melbourne | Perth | Sydney,22
Xanthorhoe anaspila,Geometer Moth,Insect,6,Adelaide | Brisbane | Canberra–Queanbeyan | Hobart | Melbourne | Sydney,22
Acanthodela protophaes,Concealer Moth,Insect,6,Adelaide | Brisbane | Canberra–Queanbeyan | Melbourne | Perth | Sydney,21
Coleocoptus senio,,Insect,6,Adelaide | Brisbane | Canberra–Queanbeyan | Melbourne | Perth | Sydney,21
Onthophagus taurus,Bullhorned Dung Beetle,Insect,6,Brisbane | Canberra–Queanbeyan | Hobart | Melbourne | Perth | Sydney,21
Polichne spinulosa,,Insect,6,Adelaide | Brisbane | Canberra–Queanbeyan | Melbourne | Perth | Sydney,21
Polysoma eumetalla,,Insect,6,Adelaide | Canberra–Queanbeyan | Hobart | Melbourne | Perth | Sydney,21
Urophorus humeralis,,Insect,6,Adelaide | Brisbane | Canberra–Queanbeyan | Melbourne | Perth | Sydney,20
Iridomyrmex suchieri,Ant,Insect,6,Adelaide | Brisbane | Canberra–Queanbeyan | Melbourne | Perth | Sydney,19
Agriophara discobola,Concealer Moth,Insect,6,Adelaide | Brisbane | Canberra–Queanbeyan | Melbourne | Perth | Sydney,18
Mataeomera dubia,Scale-eating Caterpillar,Insect,6,Adelaide | Brisbane | Canberra–Queanbeyan | Melbourne | Perth | Sydney,18
Nauphoeta cinerea,Speckled Cockroach,Insect,6,Adelaide | Brisbane | Canberra–Queanbeyan | Melbourne | Perth | Sydney,18
Sericopimpla crenator,Ichneumon Wasp,Insect,6,Brisbane | Canberra–Queanbeyan | Darwin | Melbourne | Perth | Sydney,18
Pseudopenthes fenestrata,Bee Fly,Insect,6,Brisbane | Canberra–Queanbeyan | Darwin | Melbourne | Perth | Sydney,17
Assara holophragma,Grass Moth,Insect,6,Adelaide | Brisbane | Canberra–Queanbeyan | Melbourne | Perth | Sydney,16
Chrysis lincea,,Insect,6,Adelaide | Brisbane | Canberra–Queanbeyan | Melbourne | Perth | Sydney,16
Necrobia rufipes,Red-legged Ham Beetle,Insect,6,Adelaide | Brisbane | Canberra–Queanbeyan | Melbourne | Perth | Sydney,16
Aporocera viridipennis,,Insect,6,Adelaide | Brisbane | Canberra–Queanbeyan | Hobart | Melbourne | Sydney,14
Ceratina australensis,,Insect,6,Adelaide | Brisbane | Canberra–Queanbeyan | Darwin | Melbourne | Sydney,14
Epicoma tristis,Moth,Insect,6,Adelaide | Brisbane | Canberra–Queanbeyan | Hobart | Melbourne | Sydney,14
Physiphora clausa,,Insect,6,Adelaide | Brisbane | Darwin | Melbourne | Perth | Sydney,14
Polichne tenuis,,Insect,6,Adelaide | Brisbane | Canberra–Queanbeyan | Darwin | Melbourne | Sydney,13
Diatenes gerula,Owlet Moth,Insect,6,Adelaide | Brisbane | Canberra–Queanbeyan | Melbourne | Perth | Sydney,12
Trichoptilus ceramodes,Plume Moth,Insect,6,Adelaide | Brisbane | Canberra–Queanbeyan | Darwin | Melbourne | Perth,12
Hiarchas crassicornis,Shield Bug,Insect,6,Adelaide | Brisbane | Canberra–Queanbeyan | Melbourne | Perth | Sydney,11
Cuspicona carneola,Shield Bug,Insect,6,Adelaide | Brisbane | Canberra–Queanbeyan | Melbourne | Perth | Sydney,10
Strepera graculina,Pied Currawong,Bird,5,Adelaide | Brisbane | Canberra–Queanbeyan | Melbourne | Sydney,279882
Corvus orru,Torresian Crow,Bird,5,Adelaide | Brisbane | Canberra–Queanbeyan | Darwin | Sydney,129021
Sphecotheres vieilloti,Australasian Figbird,Bird,5,Brisbane | Canberra–Queanbeyan | Darwin | Melbourne | Sydney,89773
Alisterus scapularis,Australian King-parrot,Bird,5,Adelaide | Brisbane | Canberra–Queanbeyan | Melbourne | Sydney,86955
Ptilotula penicillata,White-plumed Honeyeater,Bird,5,Adelaide | Brisbane | Canberra–Queanbeyan | Melbourne | Sydney,75935
Psephotus haematonotus,Red-rumped Parrot,Bird,5,Adelaide | Brisbane | Canberra–Queanbeyan | Melbourne | Sydney,74920
Alectura lathami,Australian Brush-turkey,Bird,5,Adelaide | Brisbane | Canberra–Queanbeyan | Melbourne | Sydney,69647
Caligavis chrysops,Yellow-faced Honeyeater,Bird,5,Adelaide | Brisbane | Canberra–Queanbeyan | Melbourne | Sydney,66325
Trichoglossus chlorolepidotus,Scaly-breasted Lorikeet,Bird,5,Brisbane | Canberra–Queanbeyan | Melbourne | Perth | Sydney,48988
Eopsaltria australis,Eastern Yellow Robin,Bird,5,Adelaide | Brisbane | Canberra–Queanbeyan | Melbourne | Sydney,42038
Dicrurus bracteatus,Spangled Drongo,Bird,5,Brisbane | Canberra–Queanbeyan | Darwin | Melbourne | Sydney,38585
Stizoptera bichenovii,Double-barred Finch,Bird,5,Brisbane | Canberra–Queanbeyan | Darwin | Melbourne | Sydney,30796
Malurus lamberti,Variegated Fairy-wren,Bird,5,Brisbane | Canberra–Queanbeyan | Melbourne | Perth | Sydney,28464
Cincloramphus timoriensis,Tawny Grassbird,Bird,5,Brisbane | Canberra–Queanbeyan | Darwin | Melbourne | Sydney,24314
Pteropus poliocephalus,Grey-headed Flying-fox,Mammal,5,Adelaide | Brisbane | Canberra–Queanbeyan | Melbourne | Sydney,23929
Phascolarctos cinereus,Koala,Mammal,5,Adelaide | Brisbane | Canberra–Queanbeyan | Melbourne | Sydney,23047
Acanthiza nana,Yellow Thornbill,Bird,5,Adelaide | Brisbane | Canberra–Queanbeyan | Melbourne | Sydney,19864
Rhipidura rufifrons,Rufous Fantail,Bird,5,Brisbane | Canberra–Queanbeyan | Darwin | Melbourne | Sydney,17850
Lonchura castaneothorax,Chestnut-breasted Munia,Bird,5,Brisbane | Darwin | Melbourne | Perth | Sydney,17494
Eurystomus orientalis,Dollarbird,Bird,5,Brisbane | Canberra–Queanbeyan | Darwin | Melbourne | Sydney,17436
Myiagra rubecula,Leaden Flycatcher,Bird,5,Brisbane | Canberra–Queanbeyan | Darwin | Melbourne | Sydney,17316
Cormobates leucophaea,White-throated Treecreeper,Bird,5,Adelaide | Brisbane | Canberra–Queanbeyan | Melbourne | Sydney,17112
Anseranas semipalmata,Magpie Goose,Bird,5,Brisbane | Canberra–Queanbeyan | Darwin | Melbourne | Sydney,15650
Intellagama lesueurii,Water Dragon,Reptile,5,Adelaide | Brisbane | Canberra–Queanbeyan | Melbourne | Sydney,14702
Acanthiza lineata,Striated Thornbill,Bird,5,Adelaide | Brisbane | Canberra–Queanbeyan | Melbourne | Sydney,14300
Corcorax melanorhamphos,White-winged Chough,Bird,5,Adelaide | Brisbane | Canberra–Queanbeyan | Melbourne | Sydney,13981
Gelochelidon nilotica,Gull-billed Tern,Bird,5,Adelaide | Brisbane | Darwin | Melbourne | Perth,10898
Coracina papuensis,White-bellied Cuckoo-shrike,Bird,5,Brisbane | Canberra–Queanbeyan | Darwin | Melbourne | Sydney,10724
Wallabia bicolor,Swamp Wallaby,Mammal,5,Adelaide | Brisbane | Canberra–Queanbeyan | Melbourne | Sydney,10669
Thinornis cucullatus,Hooded Plover,Bird,5,Adelaide | Hobart | Melbourne | Perth | Sydney,7568
Pseudechis porphyriacus,Red-bellied Black Snake,Reptile,5,Adelaide | Brisbane | Canberra–Queanbeyan | Melbourne | Sydney,6924
Aprosmictus erythropterus,Red-winged Parrot,Bird,5,Adelaide | Brisbane | Darwin | Melbourne | Sydney,6679
Phylidonyris pyrrhopterus,Crescent Honeyeater,Bird,5,Adelaide | Canberra–Queanbeyan | Hobart | Melbourne | Sydney,6578
Petroica rosea,Rose Robin,Bird,5,Adelaide | Brisbane | Canberra–Queanbeyan | Melbourne | Sydney,6450
Alauda arvensis,Eurasian Skylark,Bird,5,Adelaide | Canberra–Queanbeyan | Hobart | Melbourne | Sydney,6415
Calidris tenuirostris,Great Knot,Bird,5,Brisbane | Darwin | Melbourne | Perth | Sydney,4524
Euploea corinna,Oleander Butterfly,Insect,5,Brisbane | Canberra–Queanbeyan | Darwin | Melbourne | Sydney,4301
Edolisoma tenuirostre,Cicadabird,Bird,5,Brisbane | Canberra–Queanbeyan | Darwin | Melbourne | Sydney,4096
Acanthiza reguloides,Buff-rumped Thornbill,Bird,5,Adelaide | Brisbane | Canberra–Queanbeyan | Melbourne | Sydney,4078
Morelia spilota,Carpet Python,Reptile,5,Brisbane | Canberra–Queanbeyan | Darwin | Melbourne | Sydney,3814
Radjah radjah,Rajah Shelduck,Bird,5,Adelaide | Brisbane | Darwin | Perth | Sydney,3504
Pseudomantis albofimbriata,,Insect,5,Adelaide | Brisbane | Canberra–Queanbeyan | Melbourne | Sydney,3498
Christinus marmoratus,Marbled Gecko,Reptile,5,Adelaide | Canberra–Queanbeyan | Melbourne | Perth | Sydney,3222
Austrolestes leda,Wandering Ringtail,Insect,5,Adelaide | Brisbane | Canberra–Queanbeyan | Melbourne | Sydney,3055
Dendrocygna eytoni,Plumed Whistling-duck,Bird,5,Brisbane | Canberra–Queanbeyan | Darwin | Melbourne | Sydney,2970
Miniopterus orianae,Eastern Bent-winged Bat,Mammal,5,Brisbane | Canberra–Queanbeyan | Darwin | Melbourne | Sydney,2819
Charadrius leschenaultii,Greater Sand Plover,Bird,5,Adelaide | Brisbane | Darwin | Perth | Sydney,2698
Papilio anactus,Dainty Swallowtail,Insect,5,Adelaide | Brisbane | Canberra–Queanbeyan | Melbourne | Sydney,2554
Columba leucomela,White-headed Pigeon,Bird,5,Adelaide | Brisbane | Canberra–Queanbeyan | Melbourne | Sydney,2533
Sternula nereis,Fairy Tern,Bird,5,Adelaide | Hobart | Melbourne | Perth | Sydney,2510
Pseudonaja textilis,Common Brown Snake,Reptile,5,Adelaide | Brisbane | Canberra–Queanbeyan | Melbourne | Sydney,2492
Cyclocephala signaticollis,,Insect,5,Adelaide | Brisbane | Canberra–Queanbeyan | Melbourne | Sydney,2396
Xenus cinereus,Terek Sandpiper,Bird,5,Adelaide | Brisbane | Darwin | Perth | Sydney,2386
Tectocoris diophthalmus,Cotton Harlequin Bug,Insect,5,Brisbane | Canberra–Queanbeyan | Darwin | Perth | Sydney,2308
Calidris canutus,Red Knot,Bird,5,Brisbane | Darwin | Melbourne | Perth | Sydney,2061
Orthetrum villosovittatum,Fiery Skimmer,Insect,5,Brisbane | Canberra–Queanbeyan | Darwin | Perth | Sydney,2005
Pteropus alecto,Black Flying-fox,Mammal,5,Brisbane | Canberra–Queanbeyan | Darwin | Melbourne | Sydney,1839
Ecnolagria grandis,Brown Darkling Beetle,Insect,5,Adelaide | Brisbane | Canberra–Queanbeyan | Melbourne | Sydney,1704
Falcunculus frontatus,Crested Shrike-tit,Bird,5,Adelaide | Brisbane | Canberra–Queanbeyan | Melbourne | Sydney,1559
Pogona barbata,Common Bearded Dragon,Reptile,5,Adelaide | Brisbane | Canberra–Queanbeyan | Melbourne | Sydney,1552
Charadrius bicinctus,Double-banded Plover,Bird,5,Adelaide | Brisbane | Hobart | Melbourne | Sydney,1503
Petaurus breviceps,Sugar Glider,Mammal,5,Brisbane | Canberra–Queanbeyan | Darwin | Melbourne | Sydney,1473
Hemidactylus frenatus,House Gecko,Reptile,5,Brisbane | Canberra–Queanbeyan | Darwin | Perth | Sydney,1422
Hypolimnas bolina,Common Eggfly,Insect,5,Brisbane | Darwin | Hobart | Melbourne | Sydney,1371
Suniana sunias,Wide-brand Grass-dart,Insect,5,Adelaide | Brisbane | Canberra–Queanbeyan | Darwin | Sydney,1344
Myiagra cyanoleuca,Satin Flycatcher,Bird,5,Brisbane | Canberra–Queanbeyan | Hobart | Melbourne | Sydney,1307
Musgraveia sulciventris,Bronze Orange Bug,Insect,5,Brisbane | Canberra–Queanbeyan | Melbourne | Perth | Sydney,1217
Anestia ombrophanes,Moth,Insect,5,Adelaide | Canberra–Queanbeyan | Melbourne | Perth | Sydney,1215
Spodoptera mauritia,,Insect,5,Adelaide | Brisbane | Darwin | Perth | Sydney,1179
Polistes chinensis,,Insect,5,Adelaide | Brisbane | Canberra–Queanbeyan | Melbourne | Sydney,1172
Poecilometis strigatus,Gum Tree Shield Bug,Insect,5,Adelaide | Brisbane | Canberra–Queanbeyan | Melbourne | Sydney,1096
Camponotus aeneopilosus,Golden Black Sugar Ant,Insect,5,Adelaide | Brisbane | Canberra–Queanbeyan | Melbourne | Sydney,1042
Tiliqua nigrolutea,Southern Blue-tongue,Reptile,5,Canberra–Queanbeyan | Darwin | Hobart | Melbourne | Sydney,960
Cladorhynchus leucocephalus,Banded Stilt,Bird,5,Adelaide | Hobart | Melbourne | Perth | Sydney,936
Catopsilia pomona,Lemon Migrant,Insect,5,Brisbane | Canberra–Queanbeyan | Darwin | Perth | Sydney,934
Xanthogaleruca luteola,Elm Leaf Beetle,Insect,5,Adelaide | Canberra–Queanbeyan | Hobart | Melbourne | Sydney,897
Scutiphora pedicellata,Metallic Shield Bug,Insect,5,Brisbane | Canberra–Queanbeyan | Hobart | Melbourne | Sydney,876
Eudyptula minor,Little Penguin,Bird,5,Adelaide | Hobart | Melbourne | Perth | Sydney,871
Notamacropus rufogriseus,Red-necked Wallaby,Mammal,5,Brisbane | Canberra–Queanbeyan | Hobart | Melbourne | Sydney,821
Parvipsitta pusilla,Little Lorikeet,Bird,5,Adelaide | Brisbane | Canberra–Queanbeyan | Melbourne | Sydney,771
Chloroclystis filata,Filata Moth,Insect,5,Adelaide | Canberra–Queanbeyan | Hobart | Melbourne | Sydney,717
Tramea loewii,Common Glider,Insect,5,Brisbane | Canberra–Queanbeyan | Darwin | Melbourne | Sydney,713
Scoparia chiasta,,Insect,5,Brisbane | Canberra–Queanbeyan | Hobart | Melbourne | Sydney,689
Glycyphana stolata,,Insect,5,Adelaide | Brisbane | Darwin | Perth | Sydney,671
Psaltoda moerens,Redeye,Insect,5,Adelaide | Canberra–Queanbeyan | Hobart | Melbourne | Sydney,623
Eudonia cleodoralis,,Insect,5,Adelaide | Canberra–Queanbeyan | Hobart | Melbourne | Sydney,573
Amorbus atomarius,,Insect,5,Brisbane | Canberra–Queanbeyan | Melbourne | Perth | Sydney,571
Calidris subminuta,Long-toed Stint,Bird,5,Adelaide | Brisbane | Darwin | Melbourne | Perth,566
Egernia cunninghami,Cunningham's Skink,Reptile,5,Adelaide | Brisbane | Canberra–Queanbeyan | Melbourne | Sydney,556
Philobota protecta,,Insect,5,Adelaide | Brisbane | Canberra–Queanbeyan | Melbourne | Sydney,541
Vespadelus vulturnus,Little Forest Bat,Mammal,5,Adelaide | Canberra–Queanbeyan | Hobart | Melbourne | Sydney,535
Proteuxoa tortisigna,Streaked Rictonis Moth,Insect,5,Adelaide | Canberra–Queanbeyan | Hobart | Melbourne | Sydney,528
Nososticta solida,Orange Threadtail,Insect,5,Adelaide | Brisbane | Canberra–Queanbeyan | Melbourne | Sydney,524
Paropsides calypso,,Insect,5,Adelaide | Brisbane | Melbourne | Perth | Sydney,508
Halmus chalybeus,Steel Blue Lady Beetle,Insect,5,Adelaide | Brisbane | Canberra–Queanbeyan | Melbourne | Sydney,498
Chlenias banksiaria,Geometer Moth,Insect,5,Adelaide | Canberra–Queanbeyan | Hobart | Melbourne | Sydney,471
Gastrina cristaria,Geometer Moth,Insect,5,Brisbane | Canberra–Queanbeyan | Hobart | Melbourne | Sydney,462
Speiredonia spectans,Granny's Cloak Moth,Insect,5,Adelaide | Brisbane | Canberra–Queanbeyan | Melbourne | Sydney,456
Casbia rectaria,,Insect,5,Brisbane | Canberra–Queanbeyan | Darwin | Perth | Sydney,450
Didymuria violescens,Spur-legged Phasmid,Insect,5,Adelaide | Brisbane | Canberra–Queanbeyan | Melbourne | Sydney,443
Chrysolopus spectabilis,Diamond Beetle,Insect,5,Adelaide | Brisbane | Canberra–Queanbeyan | Melbourne | Sydney,441
Streptopelia roseogrisea,African Collared Dove,Bird,5,Adelaide | Canberra–Queanbeyan | Melbourne | Perth | Sydney,436
Colgar peracutum,Citrus Planthopper,Insect,5,Brisbane | Canberra–Queanbeyan | Darwin | Perth | Sydney,425
Achaea janata,,Insect,5,Brisbane | Canberra–Queanbeyan | Darwin | Perth | Sydney,424
Dasygnathus trituberculatus,,Insect,5,Adelaide | Brisbane | Canberra–Queanbeyan | Melbourne | Sydney,417
Drepanacra binocula,Hooktipped Brown Lacewing,Insect,5,Adelaide | Canberra–Queanbeyan | Melbourne | Perth | Sydney,411
Neoaratus hercules,Robber Fly,Insect,5,Adelaide | Brisbane | Canberra–Queanbeyan | Melbourne | Sydney,395
Dissomorphia australiaria,Geometer Moth,Insect,5,Brisbane | Canberra–Queanbeyan | Hobart | Melbourne | Sydney,367
Amegilla asserta,Blue-banded Bee,Insect,5,Adelaide | Brisbane | Canberra–Queanbeyan | Melbourne | Sydney,365
Austrotephritis poenia,Primitive Crane Fly,Insect,5,Adelaide | Canberra–Queanbeyan | Melbourne | Perth | Sydney,361
Ptyoptila matutinella,Concealer Moth,Insect,5,Adelaide | Brisbane | Canberra–Queanbeyan | Melbourne | Sydney,357
Scopula perlata,Geometer Moth,Insect,5,Adelaide | Canberra–Queanbeyan | Hobart | Melbourne | Sydney,344
Rhytidoponera victoriae,Ant,Insect,5,Brisbane | Canberra–Queanbeyan | Hobart | Melbourne | Sydney,339
Gastrophora henricaria,Geometer Moth,Insect,5,Adelaide | Brisbane | Canberra–Queanbeyan | Melbourne | Sydney,334
Chelonia mydas,Green Turtle,Reptile,5,Brisbane | Darwin | Melbourne | Perth | Sydney,331
Epicoma melanospila,Black Spot Moth,Insect,5,Brisbane | Canberra–Queanbeyan | Hobart | Melbourne | Sydney,329
Callidemum hypochalceum,Metallic Dodonaea Leaf Beetle,Insect,5,Adelaide | Brisbane | Canberra–Queanbeyan | Melbourne | Sydney,325
Commius elegans,Commius Elegans,Insect,5,Adelaide | Brisbane | Canberra–Queanbeyan | Melbourne | Sydney,317
Conocephalomima barameda,Barameda Katydid,Insect,5,Adelaide | Brisbane | Canberra–Queanbeyan | Melbourne | Sydney,317
Cebysa leucotelus,Lichen Case Moth,Insect,5,Brisbane | Canberra–Queanbeyan | Hobart | Melbourne | Sydney,311
Notius depressus,Shield Bug,Insect,5,Brisbane | Canberra–Queanbeyan | Hobart | Melbourne | Sydney,311
Opodiphthera eucalypti,Emperor Gum Moth,Insect,5,Brisbane | Canberra–Queanbeyan | Darwin | Melbourne | Sydney,310
Chelaner kiliani,,Insect,5,Adelaide | Brisbane | Canberra–Queanbeyan | Melbourne | Sydney,304
Halone sejuncta,Moth,Insect,5,Brisbane | Canberra–Queanbeyan | Hobart | Melbourne | Sydney,292
Phyllotocus macleayi,,Insect,5,Adelaide | Brisbane | Canberra–Queanbeyan | Melbourne | Sydney,287
Leistomorpha brontoscopa,Concealer Moth,Insect,5,Adelaide | Canberra–Queanbeyan | Hobart | Melbourne | Sydney,285
Thema psammoxantha,Concealer Moth,Insect,5,Brisbane | Canberra–Queanbeyan | Hobart | Melbourne | Sydney,284
Ectropis fractaria,Geometer Moth,Insect,5,Adelaide | Canberra–Queanbeyan | Hobart | Melbourne | Sydney,282
Hednota relatalis,Grass Moth,Insect,5,Adelaide | Canberra–Queanbeyan | Hobart | Melbourne | Perth,279
Chalinolobus morio,Chocolate Wattled Bat,Mammal,5,Adelaide | Brisbane | Canberra–Queanbeyan | Melbourne | Sydney,276
Phalaenoides tristifica,Owlet Moth,Insect,5,Adelaide | Canberra–Queanbeyan | Hobart | Melbourne | Sydney,274
Rhapsa suscitatalis,Owlet Moth,Insect,5,Adelaide | Canberra–Queanbeyan | Hobart | Melbourne | Sydney,273
Saccharodite chrysonoe,Planthopper,Insect,5,Brisbane | Canberra–Queanbeyan | Hobart | Melbourne | Sydney,273
Syneora hemeropa,Geometer Moth,Insect,5,Brisbane | Canberra–Queanbeyan | Melbourne | Perth | Sydney,273
Rhopaea magnicornis,,Insect,5,Adelaide | Brisbane | Canberra–Queanbeyan | Melbourne | Sydney,268
Poecilohetaerus schineri,Acalyptrate Fly,Insect,5,Adelaide | Canberra–Queanbeyan | Hobart | Melbourne | Sydney,267
Megachile ferox,Bee,Insect,5,Adelaide | Canberra–Queanbeyan | Melbourne | Perth | Sydney,262
Ardices curvata,,Insect,5,Brisbane | Canberra–Queanbeyan | Melbourne | Perth | Sydney,260
Hednota grammellus,Grass Moth,Insect,5,Adelaide | Canberra–Queanbeyan | Hobart | Melbourne | Sydney,254
Podomyrma gratiosa,Ant,Insect,5,Adelaide | Brisbane | Canberra–Queanbeyan | Melbourne | Sydney,252
Theseus modestus,Shield Bug,Insect,5,Adelaide | Brisbane | Canberra–Queanbeyan | Perth | Sydney,251
Pseudapines geminata,Pittosporum Bug,Insect,5,Adelaide | Brisbane | Canberra–Queanbeyan | Melbourne | Perth,245
Mirafra javanica,Horsfield's Bushlark,Bird,5,Adelaide | Canberra–Queanbeyan | Darwin | Melbourne | Sydney,244
Porismus strigatus,,Insect,5,Adelaide | Brisbane | Canberra–Queanbeyan | Melbourne | Sydney,242
Cleobora mellyi,Southern Ladybird,Insect,5,Adelaide | Hobart | Melbourne | Perth | Sydney,238
Oenosandra boisduvalii,Boisduval S Autumn Moth,Insect,5,Adelaide | Canberra–Queanbeyan | Hobart | Melbourne | Perth,237
Iridomyrmex rufoniger,Black Tyrant Ant,Insect,5,Adelaide | Brisbane | Canberra–Queanbeyan | Melbourne | Sydney,235
Melithreptus gularis,Black-chinned Honeyeater,Bird,5,Adelaide | Brisbane | Darwin | Melbourne | Sydney,231
Arctocephalus pusillus,Australian Fur-seal,Mammal,5,Adelaide | Hobart | Melbourne | Perth | Sydney,222
Ardices canescens,,Insect,5,Adelaide | Brisbane | Canberra–Queanbeyan | Melbourne | Sydney,222
Hypodoxa muscosaria,Geometer Moth,Insect,5,Brisbane | Canberra–Queanbeyan | Hobart | Melbourne | Sydney,218
Lialis burtonis,Burton's Snake-lizard,Reptile,5,Brisbane | Canberra–Queanbeyan | Darwin | Perth | Sydney,217
Lemodes coccinea,,Insect,5,Adelaide | Brisbane | Canberra–Queanbeyan | Melbourne | Sydney,211
Calliphora augur,Lesser Brown Blowfly,Insect,5,Adelaide | Brisbane | Canberra–Queanbeyan | Melbourne | Sydney,204
Myrmecia fulvipes,Bull Ant,Insect,5,Brisbane | Canberra–Queanbeyan | Hobart | Melbourne | Sydney,202
Termessa gratiosa,Moth,Insect,5,Adelaide | Brisbane | Canberra–Queanbeyan | Melbourne | Sydney,200
Odontomyia hunteri,,Insect,5,Adelaide | Brisbane | Canberra–Queanbeyan | Melbourne | Sydney,198
Monolepta froggatti,,Insect,5,Adelaide | Canberra–Queanbeyan | Hobart | Melbourne | Sydney,196
Poecilometis patruelis,Shield Bug,Insect,5,Adelaide | Brisbane | Canberra–Queanbeyan | Perth | Sydney,192
Leptocoris mitellatus,Scentless Plant Bug,Insect,5,Adelaide | Brisbane | Canberra–Queanbeyan | Melbourne | Sydney,190
Biprorulus bibax,Spined Citrus Bug,Insect,5,Adelaide | Brisbane | Canberra–Queanbeyan | Melbourne | Sydney,189
Epitymbia alaudana,,Insect,5,Brisbane | Canberra–Queanbeyan | Hobart | Melbourne | Sydney,189
Tropidoderus childrenii,Children’s Stick-insect,Insect,5,Adelaide | Brisbane | Canberra–Queanbeyan | Melbourne | Sydney,188
Idaea halmaea,Geometer Moth,Insect,5,Brisbane | Canberra–Queanbeyan | Hobart | Melbourne | Sydney,187
Stenosmylus tenuis,Brown Lacewing,Insect,5,Adelaide | Canberra–Queanbeyan | Hobart | Melbourne | Perth,187
Amorbus robustus,Common Gum-tree Bug,Insect,5,Adelaide | Brisbane | Canberra–Queanbeyan | Melbourne | Sydney,185
Cylindrococcus spiniferus,Casuarina Gall,Insect,5,Brisbane | Hobart | Melbourne | Perth | Sydney,183
Palaeosia bicosta,Moth,Insect,5,Adelaide | Canberra–Queanbeyan | Hobart | Melbourne | Sydney,182
Agriophara confertella,,Insect,5,Brisbane | Canberra–Queanbeyan | Darwin | Melbourne | Sydney,180
Pseudoanthidium repetitum,,Insect,5,Brisbane | Canberra–Queanbeyan | Melbourne | Perth | Sydney,175
Rayieria acaciae,Plant Bug,Insect,5,Brisbane | Canberra–Queanbeyan | Melbourne | Perth | Sydney,168
Phacodes personatus,,Insect,5,Adelaide | Canberra–Queanbeyan | Hobart | Melbourne | Sydney,166
Edosa xystidophora,Fungus Moth,Insect,5,Brisbane | Canberra–Queanbeyan | Darwin | Melbourne | Sydney,165
Philagra parva,Common Spittle Bug,Insect,5,Brisbane | Canberra–Queanbeyan | Melbourne | Perth | Sydney,164
Peltoschema delicatula,,Insect,5,Adelaide | Brisbane | Canberra–Queanbeyan | Melbourne | Sydney,163
Arocatus rusticus,Bug,Insect,5,Adelaide | Brisbane | Canberra–Queanbeyan | Perth | Sydney,161
Barea codrella,Common Barea Moth,Insect,5,Adelaide | Brisbane | Canberra–Queanbeyan | Melbourne | Sydney,158
Cryptoptila immersana,Four Eyes Moth,Insect,5,Adelaide | Canberra–Queanbeyan | Melbourne | Perth | Sydney,158
Paropsisterna crocata,,Insect,5,Adelaide | Canberra–Queanbeyan | Melbourne | Perth | Sydney,157
Lasioglossum bicingulatum,Sweat Bee,Insect,5,Brisbane | Canberra–Queanbeyan | Hobart | Melbourne | Sydney,156
Cephonodes kingii,Bee Hawk Moth,Insect,5,Brisbane | Canberra–Queanbeyan | Darwin | Melbourne | Sydney,154
Aporocera consors,,Insect,5,Brisbane | Canberra–Queanbeyan | Hobart | Melbourne | Sydney,150
Anomis flava,,Insect,5,Brisbane | Canberra–Queanbeyan | Darwin | Perth | Sydney,149
Zermizinga sinuata,Lucerne Looper Moth,Insect,5,Adelaide | Brisbane | Canberra–Queanbeyan | Melbourne | Sydney,147
Prasinocyma rhodocosma,Emerald Moth,Insect,5,Brisbane | Canberra–Queanbeyan | Darwin | Perth | Sydney,145
Destolmia lineata,Moth,Insect,5,Brisbane | Canberra–Queanbeyan | Melbourne | Perth | Sydney,143
Tortricopsis uncinella,Concealer Moth,Insect,5,Adelaide | Canberra–Queanbeyan | Hobart | Melbourne | Sydney,141
Heterorta plutonis,,Insect,5,Brisbane | Canberra–Queanbeyan | Hobart | Melbourne | Sydney,140
Homoeosoma vagella,,Insect,5,Adelaide | Brisbane | Canberra–Queanbeyan | Melbourne | Sydney,139
Myrmecia nigriceps,Bullant,Insect,5,Adelaide | Canberra–Queanbeyan | Melbourne | Perth | Sydney,138
Syringoseca rhodoxantha,Concealer Moth,Insect,5,Adelaide | Brisbane | Canberra–Queanbeyan | Melbourne | Sydney,138
Aeolothapsa malacella,Concealer Moth,Insect,5,Adelaide | Canberra–Queanbeyan | Hobart | Melbourne | Sydney,137
Lemidia subaenea,,Insect,5,Brisbane | Canberra–Queanbeyan | Hobart | Melbourne | Sydney,137
Leuroperna sera,,Insect,5,Adelaide | Brisbane | Canberra–Queanbeyan | Melbourne | Sydney,137
Pogona vitticeps,Central Bearded Dragon,Reptile,5,Adelaide | Brisbane | Canberra–Queanbeyan | Melbourne | Sydney,136
Neumichtis saliaris,Green Cutworm Moth,Insect,5,Adelaide | Canberra–Queanbeyan | Hobart | Melbourne | Sydney,133
Sphaerophoria macrogaster,,Insect,5,Brisbane | Canberra–Queanbeyan | Melbourne | Perth | Sydney,133
Aedes vigilax,Black Bush-mosquito,Insect,5,Adelaide | Brisbane | Darwin | Perth | Sydney,131
Anoplognathus velutinus,,Insect,5,Adelaide | Brisbane | Canberra–Queanbeyan | Melbourne | Sydney,129
Acanthuchus trispinifer,Treehopper,Insect,5,Brisbane | Canberra–Queanbeyan | Hobart | Melbourne | Sydney,128
Heteropsilopus ingenuus,Long-legged Fly,Insect,5,Adelaide | Canberra–Queanbeyan | Hobart | Melbourne | Sydney,127
Mallada traviatus,,Insect,5,Brisbane | Canberra–Queanbeyan | Darwin | Melbourne | Sydney,126
Lygephila fallax,,Insect,5,Adelaide | Brisbane | Canberra–Queanbeyan | Melbourne | Sydney,125
Megachile maculariformis,Bee,Insect,5,Adelaide | Canberra–Queanbeyan | Hobart | Melbourne | Sydney,123
Colepia rufiventris,Robber Fly,Insect,5,Adelaide | Brisbane | Canberra–Queanbeyan | Melbourne | Sydney,122
Miomantis caffra,African Praying Mantis,Insect,5,Adelaide | Brisbane | Melbourne | Perth | Sydney,122
Dicranolaius cinctus,,Insect,5,Brisbane | Canberra–Queanbeyan | Hobart | Melbourne | Sydney,121
Hednota pedionoma,Grass Moth,Insect,5,Adelaide | Canberra–Queanbeyan | Hobart | Melbourne | Perth,120
Rayieria basifer,Plant Bug,Insect,5,Brisbane | Canberra–Queanbeyan | Melbourne | Perth | Sydney,120
Idolothrips spectrum,Giant Thrips,Insect,5,Brisbane | Canberra–Queanbeyan | Hobart | Melbourne | Sydney,119
Climacteris picumnus,North-eastern Brown Treecreeper,Bird,5,Adelaide | Brisbane | Canberra–Queanbeyan | Melbourne | Sydney,117
Saccolaimus flaviventris,Yellow-bellied Sheathtail-bat,Mammal,5,Brisbane | Canberra–Queanbeyan | Darwin | Melbourne | Sydney,117
Acrossidius tasmaniae,Blackheaded Pasture Cockchafer,Insect,5,Adelaide | Canberra–Queanbeyan | Hobart | Melbourne | Sydney,117
Hypobapta diffundens,Geometer Moth,Insect,5,Adelaide | Brisbane | Canberra–Queanbeyan | Melbourne | Sydney,116
Rhipicera femorata,Feather-horned Beetle,Insect,5,Canberra–Queanbeyan | Hobart | Melbourne | Perth | Sydney,114
Cryptoptila australana,Moth,Insect,5,Adelaide | Brisbane | Canberra–Queanbeyan | Melbourne | Sydney,112
Daerlac cephalotes,Seed Bug,Insect,5,Adelaide | Canberra–Queanbeyan | Hobart | Melbourne | Sydney,112
Euchaetis rhizobola,Concealer Moth,Insect,5,Adelaide | Brisbane | Canberra–Queanbeyan | Melbourne | Sydney,111
Cyneoterpna wilsoni,Geometer Moth,Insect,5,Adelaide | Canberra–Queanbeyan | Hobart | Melbourne | Sydney,109
Pycnoscelus surinamensis,Surinam Cockroach,Insect,5,Brisbane | Darwin | Melbourne | Perth | Sydney,109
Tapeigaster annulipes,Fly,Insect,5,Adelaide | Brisbane | Canberra–Queanbeyan | Melbourne | Sydney,109
Chaetophyes compacta,Tube Spittlebug,Insect,5,Adelaide | Brisbane | Canberra–Queanbeyan | Melbourne | Sydney,108
Ecnolagria rufescens,Long-jointed Bark Beetle,Insect,5,Adelaide | Brisbane | Hobart | Melbourne | Sydney,107
Endoxyla encalypti,Carpenter Moth,Insect,5,Brisbane | Canberra–Queanbeyan | Hobart | Melbourne | Sydney,105
Hesperilla donnysa,Varied Sedge-skipper,Insect,5,Adelaide | Hobart | Melbourne | Perth | Sydney,105
Eusemocosma pruinosa,Concealer Moth,Insect,5,Adelaide | Brisbane | Canberra–Queanbeyan | Melbourne | Sydney,104
Trigonistis asthenopa,Moth,Insect,5,Brisbane | Canberra–Queanbeyan | Hobart | Melbourne | Sydney,104
Neophema pulchella,Turquoise Parrot,Bird,5,Adelaide | Brisbane | Canberra–Queanbeyan | Melbourne | Sydney,103
Atractomorpha australis,Australian Grass Pyrgomorph,Insect,5,Adelaide | Brisbane | Melbourne | Perth | Sydney,103
Monocrepidus erubescens,,Insect,5,Adelaide | Brisbane | Hobart | Melbourne | Sydney,103
Cryptophasa irrorata,Concealer Moth,Insect,5,Adelaide | Brisbane | Canberra–Queanbeyan | Melbourne | Sydney,102
Hoshihananomia leucosticta,,Insect,5,Adelaide | Canberra–Queanbeyan | Hobart | Melbourne | Sydney,102
Nacoleia mesochlora,Grass Moth,Insect,5,Brisbane | Canberra–Queanbeyan | Melbourne | Perth | Sydney,100
Laemostenus complanatus,Cosmopolitan Ground Beetle,Insect,5,Adelaide | Brisbane | Melbourne | Perth | Sydney,99
Pseudanapaea transvestita,Cup Moth,Insect,5,Adelaide | Brisbane | Canberra–Queanbeyan | Melbourne | Sydney,99
Eutrichopidia latinus,Owlet Moth,Insect,5,Adelaide | Canberra–Queanbeyan | Hobart | Melbourne | Sydney,98
Platyptilia celidotus,Plume Moth,Insect,5,Adelaide | Brisbane | Canberra–Queanbeyan | Melbourne | Sydney,96
Stenolemus fraterculus,,Insect,5,Adelaide | Brisbane | Canberra–Queanbeyan | Melbourne | Sydney,96
Chelodina expansa,Broad-shelled Turtle,Reptile,5,Adelaide | Brisbane | Canberra–Queanbeyan | Melbourne | Sydney,94
Stomorhina subapicalis,Blow Fly,Insect,5,Adelaide | Brisbane | Canberra–Queanbeyan | Melbourne | Perth,94
Tursiops aduncus,Long-beaked Bottle-nosed Dolphin,Mammal,5,Adelaide | Darwin | Melbourne | Perth | Sydney,93
Bruchophagus fellis,,Insect,5,Adelaide | Brisbane | Melbourne | Perth | Sydney,93
Coptocercus aberrans,,Insect,5,Adelaide | Brisbane | Canberra–Queanbeyan | Melbourne | Sydney,90
Euryglossa ephippiata,Plasterer Bee,Insect,5,Adelaide | Brisbane | Canberra–Queanbeyan | Melbourne | Sydney,90
Stephanitis pyrioides,Azalea Lace Bug,Insect,5,Adelaide | Brisbane | Canberra–Queanbeyan | Melbourne | Sydney,88
Pantala flavescens,Wandering Glider,Insect,5,Brisbane | Darwin | Melbourne | Perth | Sydney,87
Capusa cuculloides,Geometer Moth,Insect,5,Adelaide | Canberra–Queanbeyan | Hobart | Melbourne | Sydney,86
Cheramoeca leucosterna,White-backed Swallow,Bird,5,Adelaide | Brisbane | Melbourne | Perth | Sydney,85
Anthomyia vicarians,,Insect,5,Adelaide | Brisbane | Canberra–Queanbeyan | Melbourne | Sydney,84
Macrotona securiformis,Inland Macrotona,Insect,5,Adelaide | Canberra–Queanbeyan | Melbourne | Perth | Sydney,84
Rhinodia rostraria,Geometer Moth,Insect,5,Adelaide | Brisbane | Canberra–Queanbeyan | Melbourne | Perth,83
Thoracolopha flexirena,,Insect,5,Adelaide | Brisbane | Canberra–Queanbeyan | Melbourne | Sydney,83
Calidris pugnax,Ruff,Bird,5,Adelaide | Brisbane | Darwin | Melbourne | Perth,82
Ischnotoma eburnea,Crane Fly,Insect,5,Adelaide | Canberra–Queanbeyan | Hobart | Melbourne | Sydney,82
Zelleria cynetica,,Insect,5,Brisbane | Canberra–Queanbeyan | Hobart | Melbourne | Sydney,82
Bandidus canifrons,,Insect,5,Adelaide | Brisbane | Canberra–Queanbeyan | Melbourne | Sydney,81
Neolucia agricola,Fringed Blue,Insect,5,Adelaide | Canberra–Queanbeyan | Hobart | Perth | Sydney,81
Rhinotia suturalis,Tailed Weevil,Insect,5,Adelaide | Canberra–Queanbeyan | Melbourne | Perth | Sydney,81
Plecia dimidiata,Fly,Insect,5,Brisbane | Canberra–Queanbeyan | Hobart | Melbourne | Sydney,79
Prays parilis,,Insect,5,Brisbane | Canberra–Queanbeyan | Melbourne | Perth | Sydney,79
Syndesus cornutus,Lucanid Decay Borer,Insect,5,Adelaide | Canberra–Queanbeyan | Hobart | Melbourne | Sydney,79
Lepidoscia protorna,,Insect,5,Adelaide | Brisbane | Canberra–Queanbeyan | Melbourne | Sydney,78
Nothancyla verreauxi,,Insect,5,Canberra–Queanbeyan | Hobart | Melbourne | Perth | Sydney,78
Tineola bisselliella,Moth,Insect,5,Adelaide | Canberra–Queanbeyan | Melbourne | Perth | Sydney,78
Germalus victoriae,Big-eyed Bug,Insect,5,Brisbane | Canberra–Queanbeyan | Hobart | Melbourne | Sydney,77
Oxysarcodexia varia,Striped Dung Fly,Insect,5,Adelaide | Brisbane | Canberra–Queanbeyan | Melbourne | Sydney,76
Psilosticha pristis,Geometer Moth,Insect,5,Canberra–Queanbeyan | Hobart | Melbourne | Perth | Sydney,76
Uroleucon sonchi,,Insect,5,Adelaide | Canberra–Queanbeyan | Melbourne | Perth | Sydney,76
Amorbus obscuricornis,Leaf-footed Bug,Insect,5,Adelaide | Canberra–Queanbeyan | Hobart | Melbourne | Sydney,74
Anthrax confluensis,Bee Fly,Insect,5,Adelaide | Brisbane | Melbourne | Perth | Sydney,73
Megachile erythropyga,Bee,Insect,5,Adelaide | Canberra–Queanbeyan | Melbourne | Perth | Sydney,73
Aulacophora hilaris,Pumpkin Beetle,Insect,5,Adelaide | Brisbane | Canberra–Queanbeyan | Melbourne | Sydney,72
Austrogomphus guerini,Yellow-striped Hunter,Insect,5,Adelaide | Canberra–Queanbeyan | Hobart | Melbourne | Sydney,71
Eleale aspera,,Insect,5,Brisbane | Canberra–Queanbeyan | Hobart | Melbourne | Sydney,71
Monopis ethelella,Black Monopis Moth,Insect,5,Adelaide | Brisbane | Canberra–Queanbeyan | Melbourne | Sydney,71
Psaroxantha calligenes,Concealer Moth,Insect,5,Brisbane | Canberra–Queanbeyan | Melbourne | Perth | Sydney,71
Arsipoda chrysis,,Insect,5,Adelaide | Canberra–Queanbeyan | Hobart | Melbourne | Sydney,70
Notoncus ectatommoides,Pronged Epaulet Ant,Insect,5,Adelaide | Brisbane | Canberra–Queanbeyan | Melbourne | Sydney,69
Porotermes adamsoni,Dampwood Termite,Insect,5,Adelaide | Canberra–Queanbeyan | Hobart | Melbourne | Sydney,69
Dieuches maculicollis,Seed Bug,Insect,5,Adelaide | Brisbane | Canberra–Queanbeyan | Melbourne | Sydney,67
Rhinotia haemoptera,Slender Red Weevil,Insect,5,Brisbane | Canberra–Queanbeyan | Hobart | Melbourne | Sydney,67
Trichocera annulata,Winter Crane Fly,Insect,5,Adelaide | Canberra–Queanbeyan | Hobart | Melbourne | Sydney,67
Villa fuscicostata,Bee Fly,Insect,5,Adelaide | Hobart | Melbourne | Perth | Sydney,67
Mataeomera mesotaenia,Owlet Moth,Insect,5,Adelaide | Brisbane | Canberra–Queanbeyan | Melbourne | Sydney,66
Tuberolachnus salignus,Giant Willow Aphid,Insect,5,Adelaide | Canberra–Queanbeyan | Hobart | Melbourne | Sydney,66
Amblyopone australis,Ant,Insect,5,Adelaide | Canberra–Queanbeyan | Hobart | Melbourne | Sydney,65
Anthrax proconcisus,Bee Fly,Insect,5,Adelaide | Brisbane | Canberra–Queanbeyan | Melbourne | Sydney,65
Erina acasta,Blotched Blue,Insect,5,Adelaide | Canberra–Queanbeyan | Hobart | Melbourne | Perth,65
Glyphidoptera insignana,Leafroller Moth,Insect,5,Adelaide | Brisbane | Canberra–Queanbeyan | Melbourne | Sydney,65
Hecatesia fenestrata,Common Whistling Moth,Insect,5,Brisbane | Canberra–Queanbeyan | Hobart | Melbourne | Sydney,65
Anthela repleta,Lappet Moth,Insect,5,Brisbane | Canberra–Queanbeyan | Hobart | Melbourne | Sydney,64
Carobius pulchellus,Brown Lacewing,Insect,5,Brisbane | Canberra–Queanbeyan | Melbourne | Perth | Sydney,64
Extatosoma tiaratum,,Insect,5,Adelaide | Brisbane | Melbourne | Perth | Sydney,63
Glaucocharis dilatella,Grass Moth,Insect,5,Adelaide | Canberra–Queanbeyan | Hobart | Melbourne | Sydney,63
Paederus cruenticollis,,Insect,5,Adelaide | Brisbane | Canberra–Queanbeyan | Melbourne | Sydney,63
Thaumastocoris peregrinus,,Insect,5,Adelaide | Brisbane | Canberra–Queanbeyan | Melbourne | Sydney,63
Cinclosoma punctatum,Spotted Quail-thrush,Bird,5,Brisbane | Canberra–Queanbeyan | Hobart | Melbourne | Sydney,62
Ischiodon scutellaris,Common Hover Fly,Insect,5,Adelaide | Brisbane | Darwin | Melbourne | Sydney,62
Lichenaula arisema,Concealer Moth,Insect,5,Brisbane | Canberra–Queanbeyan | Hobart | Melbourne | Sydney,62
Armactica conchidia,Tuft Moth,Insect,5,Adelaide | Brisbane | Canberra–Queanbeyan | Melbourne | Sydney,61
Nola pleurosema,Tuft Moth,Insect,5,Adelaide | Brisbane | Canberra–Queanbeyan | Melbourne | Sydney,61
Phazaca interrupta,,Insect,5,Adelaide | Brisbane | Canberra–Queanbeyan | Melbourne | Sydney,61
Sarothrocrepis civica,,Insect,5,Adelaide | Brisbane | Canberra–Queanbeyan | Hobart | Melbourne,61
Gryllotalpa pluvialis,,Insect,5,Adelaide | Brisbane | Melbourne | Perth | Sydney,60
Ogyris olane,Olane Azure,Insect,5,Adelaide | Brisbane | Canberra–Queanbeyan | Melbourne | Sydney,60
Diphucrania duodecimmaculata,,Insect,5,Adelaide | Canberra–Queanbeyan | Melbourne | Perth | Sydney,59
Euomma lateralis,,Insect,5,Adelaide | Brisbane | Canberra–Queanbeyan | Melbourne | Sydney,59
Poecilasthena anthodes,Geometer Moth,Insect,5,Adelaide | Canberra–Queanbeyan | Hobart | Melbourne | Perth,59
Lemidia accinctus,,Insect,5,Adelaide | Brisbane | Canberra–Queanbeyan | Melbourne | Sydney,57
Cryptocheilus bicolor,Orange Spider Wasp,Insect,5,Adelaide | Canberra–Queanbeyan | Melbourne | Perth | Sydney,57
Dirioxa pornia,,Insect,5,Brisbane | Canberra–Queanbeyan | Melbourne | Perth | Sydney,56
Candalides heathi,Rayed Blue,Insect,5,Adelaide | Brisbane | Canberra–Queanbeyan | Perth | Sydney,55
Epithora dorsalis,,Insect,5,Adelaide | Canberra–Queanbeyan | Hobart | Melbourne | Sydney,55
Hispellinus multispinosus,,Insect,5,Adelaide | Brisbane | Canberra–Queanbeyan | Hobart | Melbourne,55
Robshelfordia circumducta,Shelford's Cockroach,Insect,5,Adelaide | Brisbane | Canberra–Queanbeyan | Melbourne | Sydney,55
Phasianus colchicus,Common Pheasant,Bird,5,Adelaide | Brisbane | Canberra–Queanbeyan | Melbourne | Sydney,54
Proteuxoa sanguinipuncta,Owlet Moth,Insect,5,Adelaide | Canberra–Queanbeyan | Hobart | Melbourne | Sydney,54
Bos taurus,European Cattle,Mammal,5,Brisbane | Canberra–Queanbeyan | Melbourne | Perth | Sydney,53
Barea confusella,,Insect,5,Brisbane | Canberra–Queanbeyan | Hobart | Melbourne | Sydney,53
Chaoborus ornatipennis,Phantom Midge,Insect,5,Adelaide | Brisbane | Canberra–Queanbeyan | Melbourne | Sydney,53
Nemophora laurella,Fairy Longhorn Moth,Insect,5,Adelaide | Canberra–Queanbeyan | Hobart | Melbourne | Sydney,53
Pseudanapaea denotata,,Insect,5,Adelaide | Brisbane | Canberra–Queanbeyan | Perth | Sydney,53
Syringoseca mimica,Concealer Moth,Insect,5,Brisbane | Canberra–Queanbeyan | Hobart | Melbourne | Sydney,53
Tarachota mersana,,Insect,5,Adelaide | Brisbane | Canberra–Queanbeyan | Melbourne | Sydney,53
Phoracantha tricuspis,,Insect,5,Adelaide | Brisbane | Canberra–Queanbeyan | Melbourne | Sydney,52
Arotrophora arcuatalis,Moth,Insect,5,Brisbane | Canberra–Queanbeyan | Melbourne | Perth | Sydney,51
Clania lewinii,Bagworm Moth,Insect,5,Adelaide | Brisbane | Canberra–Queanbeyan | Melbourne | Sydney,51
Protyora sterculiae,,Insect,5,Adelaide | Brisbane | Canberra–Queanbeyan | Melbourne | Sydney,51
Laeviscolia frontalis,Parasitoid Wasp,Insect,5,Adelaide | Darwin | Melbourne | Perth | Sydney,50
Mataeomera coccophaga,Owlet Moth,Insect,5,Adelaide | Brisbane | Canberra–Queanbeyan | Melbourne | Sydney,50
Megachile oblonga,Bee,Insect,5,Adelaide | Canberra–Queanbeyan | Melbourne | Perth | Sydney,50
Phoracantha synonyma,Eucalypt Longicorn,Insect,5,Adelaide | Canberra–Queanbeyan | Melbourne | Perth | Sydney,50
Chlorobapta frontalis,,Insect,5,Adelaide | Brisbane | Canberra–Queanbeyan | Perth | Sydney,49
Limnaecia cirrhosema,,Insect,5,Adelaide | Brisbane | Melbourne | Perth | Sydney,49
Australophyra rostrata,,Insect,5,Adelaide | Brisbane | Canberra–Queanbeyan | Hobart | Melbourne,47
Chironomus nepeanensis,Midge,Insect,5,Brisbane | Canberra–Queanbeyan | Darwin | Melbourne | Sydney,47
Cryptaspasma sordida,,Insect,5,Adelaide | Brisbane | Canberra–Queanbeyan | Melbourne | Sydney,47
Morna florens,Shield Bug,Insect,5,Adelaide | Brisbane | Canberra–Queanbeyan | Melbourne | Sydney,47
Neotemnopteryx fulva,Cockroach,Insect,5,Brisbane | Canberra–Queanbeyan | Melbourne | Perth | Sydney,47
Agrilus hypoleucus,,Insect,5,Adelaide | Brisbane | Canberra–Queanbeyan | Melbourne | Sydney,46
Bondia nigella,,Insect,5,Adelaide | Canberra–Queanbeyan | Hobart | Melbourne | Sydney,46
Thysanoplusia orichalcea,Soybean Looper Moth,Insect,5,Adelaide | Brisbane | Canberra–Queanbeyan | Melbourne | Sydney,46
Austrotephritis fuscata,Primitive Crane Fly,Insect,5,Adelaide | Brisbane | Canberra–Queanbeyan | Melbourne | Sydney,45
Chlorocoma assimilis,Lucas's Emerald Moth,Insect,5,Adelaide | Brisbane | Canberra–Queanbeyan | Melbourne | Sydney,45
Metriolagria affinis,,Insect,5,Adelaide | Brisbane | Canberra–Queanbeyan | Melbourne | Sydney,45
Musotima nitidalis,Grass Moth,Insect,5,Adelaide | Brisbane | Canberra–Queanbeyan | Melbourne | Sydney,45
Melobasis propinqua,,Insect,5,Adelaide | Canberra–Queanbeyan | Hobart | Melbourne | Sydney,44
Salma pyrastis,Grass Moth,Insect,5,Adelaide | Brisbane | Canberra–Queanbeyan | Melbourne | Sydney,44
Stathmopoda crocophanes,Yellow Stathmopoda Moth,Insect,5,Brisbane | Canberra–Queanbeyan | Melbourne | Perth | Sydney,44
Tursiops truncatus,Bottlenose Dolphin,Mammal,5,Adelaide | Brisbane | Melbourne | Perth | Sydney,43
Callionyma sarcodes,,Insect,5,Brisbane | Canberra–Queanbeyan | Hobart | Melbourne | Sydney,43
Diphucrania acuducta,,Insect,5,Brisbane | Canberra–Queanbeyan | Hobart | Melbourne | Sydney,42
Heteropelma scaposum,Two-toned Caterpillar Parasite Wasp,Insect,5,Adelaide | Brisbane | Canberra–Queanbeyan | Melbourne | Sydney,42
Tepperia sterculiae,Kurrajong Seed Weevil,Insect,5,Adelaide | Brisbane | Canberra–Queanbeyan | Melbourne | Sydney,42
Coquillettidia linealis,Mosquito,Insect,5,Adelaide | Brisbane | Canberra–Queanbeyan | Melbourne | Sydney,41
Ericibdela delotis,,Insect,5,Adelaide | Brisbane | Canberra–Queanbeyan | Perth | Sydney,41
Palpita margaritacea,,Insect,5,Adelaide | Brisbane | Melbourne | Perth | Sydney,41
Stenarella victoriae,,Insect,5,Brisbane | Canberra–Queanbeyan | Hobart | Melbourne | Sydney,41
Trigonidium albovittata,,Insect,5,Brisbane | Canberra–Queanbeyan | Hobart | Melbourne | Perth,41
Bedellia somnulentella,,Insect,5,Adelaide | Brisbane | Canberra–Queanbeyan | Melbourne | Sydney,40
Crioa hades,Owlet Moth,Insect,5,Brisbane | Canberra–Queanbeyan | Hobart | Melbourne | Sydney,40
Meritastis laganodes,Leafroller Moth,Insect,5,Brisbane | Canberra–Queanbeyan | Hobart | Melbourne | Sydney,40
Strongylurus ceresioides,,Insect,5,Brisbane | Canberra–Queanbeyan | Hobart | Melbourne | Sydney,40
Calamidia hirta,Moth,Insect,5,Adelaide | Brisbane | Canberra–Queanbeyan | Melbourne | Sydney,39
Leioproctus plumosus,Plasterer Bee,Insect,5,Adelaide | Canberra–Queanbeyan | Melbourne | Perth | Sydney,39
Pergagrapta polita,Sawfly,Insect,5,Adelaide | Brisbane | Canberra–Queanbeyan | Melbourne | Sydney,39
Proteuxoa restituta,Owlet Moth,Insect,5,Adelaide | Brisbane | Canberra–Queanbeyan | Melbourne | Sydney,39
Epicoma melanosticta,Common Epicoma Moth,Insect,5,Adelaide | Brisbane | Canberra–Queanbeyan | Melbourne | Perth,38
Syllitus grammicus,Slenderlined Longicorn,Insect,5,Brisbane | Canberra–Queanbeyan | Hobart | Melbourne | Perth,38
Tapeigaster brunneifrons,Fly,Insect,5,Adelaide | Canberra–Queanbeyan | Hobart | Melbourne | Sydney,38
Anischys luteovarius,Shield Bug,Insect,5,Adelaide | Canberra–Queanbeyan | Hobart | Melbourne | Sydney,37
Calomela ioptera,,Insect,5,Adelaide | Brisbane | Canberra–Queanbeyan | Melbourne | Sydney,37
Crematogaster laeviceps,Cocktail Ant,Insect,5,Brisbane | Canberra–Queanbeyan | Melbourne | Perth | Sydney,37
Pararguda rufescens,Lappet Moth,Insect,5,Adelaide | Canberra–Queanbeyan | Melbourne | Perth | Sydney,37
Dioxyna sororcula,Primitive Crane Fly,Insect,5,Adelaide | Brisbane | Canberra–Queanbeyan | Melbourne | Sydney,36
Niceteria macrocosma,Macrocosma Moth,Insect,5,Adelaide | Canberra–Queanbeyan | Hobart | Melbourne | Sydney,36
Oenochroma pallida,Geometer Moth,Insect,5,Adelaide | Brisbane | Canberra–Queanbeyan | Melbourne | Perth,36
Phoracantha obscura,,Insect,5,Brisbane | Canberra–Queanbeyan | Darwin | Melbourne | Sydney,36
Dithalama cosmospila,Geometer Moth,Insect,5,Adelaide | Brisbane | Canberra–Queanbeyan | Melbourne | Sydney,35
Hamedius incarnatus,,Insect,5,Adelaide | Brisbane | Canberra–Queanbeyan | Melbourne | Perth,35
Hoplopeza pulcherrima,,Insect,5,Brisbane | Canberra–Queanbeyan | Hobart | Melbourne | Sydney,35
Icerya acaciae,,Insect,5,Brisbane | Canberra–Queanbeyan | Melbourne | Perth | Sydney,35
Campion callosus,,Insect,5,Adelaide | Canberra–Queanbeyan | Melbourne | Perth | Sydney,34
Eysarcoris trimaculatus,Rice Stink Bug,Insect,5,Adelaide | Canberra–Queanbeyan | Darwin | Melbourne | Sydney,34
Mogulones larvatus,Paterson's Curse Crown Weevil,Insect,5,Adelaide | Canberra–Queanbeyan | Melbourne | Perth | Sydney,34
Monoctenia falernaria,Geometer Moth,Insect,5,Adelaide | Canberra–Queanbeyan | Hobart | Melbourne | Sydney,34
Rhinotia bidentata,Two-spotted Weevil,Insect,5,Canberra–Queanbeyan | Hobart | Melbourne | Perth | Sydney,34
Ardozyga nyctias,Twirler Moth,Insect,5,Brisbane | Canberra–Queanbeyan | Melbourne | Perth | Sydney,33
Cerceris minuscula,Wasp,Insect,5,Adelaide | Brisbane | Canberra–Queanbeyan | Melbourne | Sydney,33
Erechthias mystacinella,,Insect,5,Brisbane | Canberra–Queanbeyan | Hobart | Melbourne | Sydney,33
Glycaspis brimblecombei,Redgum Lerp,Insect,5,Adelaide | Canberra–Queanbeyan | Melbourne | Perth | Sydney,33
Arsipoda holomelaena,,Insect,5,Adelaide | Brisbane | Canberra–Queanbeyan | Melbourne | Sydney,32
Cuspicona privata,Shield Bug,Insect,5,Adelaide | Canberra–Queanbeyan | Hobart | Melbourne | Sydney,32
Eucalymnatus tessellatus,Palm Scale,Insect,5,Adelaide | Brisbane | Melbourne | Perth | Sydney,32
Lasioglossum calophyllae,Sweat Bee,Insect,5,Adelaide | Brisbane | Hobart | Melbourne | Sydney,32
Diphucrania leucosticta,,Insect,5,Brisbane | Canberra–Queanbeyan | Melbourne | Perth | Sydney,31
Eriosoma lanigerum,Woolly Aphid,Insect,5,Adelaide | Brisbane | Canberra–Queanbeyan | Melbourne | Sydney,31
Heterocerus flindersi,,Insect,5,Adelaide | Brisbane | Canberra–Queanbeyan | Melbourne | Perth,31
Notagonum submetallicum,Submetallic Ground Beetle,Insect,5,Adelaide | Brisbane | Canberra–Queanbeyan | Melbourne | Perth,31
Lichenaula onychodes,Concealer Moth,Insect,5,Brisbane | Canberra–Queanbeyan | Melbourne | Perth | Sydney,30
Paropsisterna nobilitata,Noble Eucalyptus Leaf Beetle,Insect,5,Brisbane | Canberra–Queanbeyan | Darwin | Hobart | Melbourne,30
Scopula lydia,Geometer Moth,Insect,5,Adelaide | Brisbane | Melbourne | Perth | Sydney,30
Ardozyga amblopis,,Insect,5,Adelaide | Brisbane | Canberra–Queanbeyan | Melbourne | Sydney,29
Hylaeus proximus,Plasterer Bee,Insect,5,Adelaide | Canberra–Queanbeyan | Melbourne | Perth | Sydney,29
Eupselia melanostrepta,Moth,Insect,5,Adelaide | Brisbane | Canberra–Queanbeyan | Hobart | Melbourne,28
Garrha leucerythra,Concealer Moth,Insect,5,Brisbane | Canberra–Queanbeyan | Hobart | Perth | Sydney,28
Monoctenia smerintharia,Dark Leaf Moth,Insect,5,Adelaide | Canberra–Queanbeyan | Melbourne | Perth | Sydney,28
Fisera hypoleuca,Russet Crest-moth,Insect,5,Adelaide | Canberra–Queanbeyan | Melbourne | Perth | Sydney,27
Hednota longipalpella,Grass Moth,Insect,5,Adelaide | Canberra–Queanbeyan | Melbourne | Perth | Sydney,27
Acheta domesticus,,Insect,5,Adelaide | Brisbane | Canberra–Queanbeyan | Melbourne | Sydney,26
Eudocima materna,Owlet Moth,Insect,5,Adelaide | Brisbane | Darwin | Perth | Sydney,26
Lepisma saccharina,Silverfish,Insect,5,Adelaide | Canberra–Queanbeyan | Hobart | Melbourne | Sydney,26
Lonchoptera bifurcata,,Insect,5,Adelaide | Brisbane | Hobart | Melbourne | Sydney,26
Monopis argillacea,,Insect,5,Adelaide | Canberra–Queanbeyan | Melbourne | Perth | Sydney,26
Neodialineura nitens,,Insect,5,Adelaide | Canberra–Queanbeyan | Hobart | Melbourne | Sydney,26
Phallaria ophiusaria,Brown Leaf Moth,Insect,5,Adelaide | Canberra–Queanbeyan | Melbourne | Perth | Sydney,26
Stathmopoda hyposcia,,Insect,5,Adelaide | Brisbane | Canberra–Queanbeyan | Melbourne | Sydney,26
Trichiocercus mesomelas,,Insect,5,Adelaide | Brisbane | Canberra–Queanbeyan | Melbourne | Sydney,26
Agapophytus albobasalis,Stiletto Fly,Insect,5,Adelaide | Brisbane | Canberra–Queanbeyan | Melbourne | Sydney,25
Ardozyga stratifera,Twirler Moth,Insect,5,Adelaide | Brisbane | Melbourne | Perth | Sydney,25
Hylaeora eucalypti,Eucalyptus Prominent Moth,Insect,5,Adelaide | Canberra–Queanbeyan | Hobart | Melbourne | Sydney,25
Psilosticha attacta,Geometer Moth,Insect,5,Brisbane | Canberra–Queanbeyan | Hobart | Melbourne | Sydney,25
Earias paralella,Tuft Moth,Insect,5,Adelaide | Brisbane | Melbourne | Perth | Sydney,24
Megachile apicata,Bee,Insect,5,Adelaide | Brisbane | Melbourne | Perth | Sydney,24
Meyrickiella homosema,,Insect,5,Adelaide | Brisbane | Canberra–Queanbeyan | Melbourne | Sydney,24
Pachydissus sericus,,Insect,5,Adelaide | Brisbane | Canberra–Queanbeyan | Melbourne | Sydney,24
Piezodorus oceanicus,Shield Bug,Insect,5,Adelaide | Brisbane | Darwin | Perth | Sydney,24
Sphex fumipennis,,Insect,5,Adelaide | Brisbane | Canberra–Queanbeyan | Perth | Sydney,24
Agriopocoris froggatti,Leaf-footed Bug,Insect,5,Adelaide | Brisbane | Hobart | Melbourne | Perth,23
Hylaeus perhumilis,Species Of Yellowfaced Bee,Insect,5,Adelaide | Brisbane | Hobart | Melbourne | Sydney,23
Pseudozaphanera wariensis,Species Of Whiteflies,Insect,5,Adelaide | Brisbane | Canberra–Queanbeyan | Melbourne | Sydney,23
Scopula sublinearia,,Insect,5,Brisbane | Darwin | Melbourne | Perth | Sydney,23
Melanodryas cucullata,Hooded Robin,Bird,5,Adelaide | Canberra–Queanbeyan | Darwin | Perth | Sydney,22
Acizzia acaciaedecurrentis,,Insect,5,Adelaide | Brisbane | Canberra–Queanbeyan | Darwin | Melbourne,22
Daerlac apicalis,Seed Bug,Insect,5,Adelaide | Brisbane | Canberra–Queanbeyan | Melbourne | Sydney,22
Heteroconis ornata,Lacewing,Insect,5,Brisbane | Canberra–Queanbeyan | Hobart | Melbourne | Sydney,22
Macrobathra ceraunobola,Cosmet Moth,Insect,5,Canberra–Queanbeyan | Hobart | Melbourne | Perth | Sydney,22
Novius bellus,,Insect,5,Adelaide | Brisbane | Canberra–Queanbeyan | Melbourne | Sydney,22
Hydrurga leptonyx,Leopard Seal,Mammal,5,Adelaide | Hobart | Melbourne | Perth | Sydney,21
Atesta stigmosa,,Insect,5,Adelaide | Brisbane | Canberra–Queanbeyan | Melbourne | Sydney,21
Coridromius chenopoderis,Plant Bug,Insect,5,Adelaide | Brisbane | Melbourne | Perth | Sydney,21
Achyra nigrirenalis,,Insect,5,Adelaide | Brisbane | Canberra–Queanbeyan | Melbourne | Sydney,20
Bothriomutilla rugicollis,,Insect,5,Adelaide | Canberra–Queanbeyan | Melbourne | Perth | Sydney,20
Locusta migratoria,Migratory Locust,Insect,5,Brisbane | Canberra–Queanbeyan | Darwin | Perth | Sydney,20
Mataeomera ligata,Owlet Moth,Insect,5,Adelaide | Brisbane | Canberra–Queanbeyan | Melbourne | Perth,20
Pachyprosopis haematostoma,Plasterer Bee,Insect,5,Adelaide | Brisbane | Canberra–Queanbeyan | Melbourne | Perth,20
Trogodendron fasciculatum,,Insect,5,Adelaide | Brisbane | Canberra–Queanbeyan | Melbourne | Sydney,20
Anterhynchium nigrocinctum,,Insect,5,Adelaide | Brisbane | Canberra–Queanbeyan | Melbourne | Perth,20
Asthenoptycha sphaltica,Leafroller Moth,Insect,5,Brisbane | Canberra–Queanbeyan | Hobart | Melbourne | Sydney,19
Drosophila melanogaster,,Insect,5,Adelaide | Brisbane | Melbourne | Perth | Sydney,19
Ferreola handschini,Spider Wasp,Insect,5,Adelaide | Brisbane | Canberra–Queanbeyan | Melbourne | Sydney,19
Formosia speciosa,Horse Fly,Insect,5,Adelaide | Brisbane | Canberra–Queanbeyan | Melbourne | Sydney,19
Stenolemus edwardsii,Assassin Bug,Insect,5,Brisbane | Canberra–Queanbeyan | Hobart | Melbourne | Sydney,19
Achopera lachrymosa,,Insect,5,Adelaide | Canberra–Queanbeyan | Hobart | Melbourne | Sydney,18
Bostrychopsis jesuita,Large Auger Beetle,Insect,5,Adelaide | Brisbane | Canberra–Queanbeyan | Melbourne | Perth,18
Carphurus cyaneipennis,,Insect,5,Adelaide | Brisbane | Canberra–Queanbeyan | Melbourne | Sydney,18
Euciodes suturalis,Beetle,Insect,5,Adelaide | Canberra–Queanbeyan | Hobart | Melbourne | Sydney,18
Megaselia scalaris,,Insect,5,Adelaide | Brisbane | Melbourne | Perth | Sydney,18
Amblypsilopus triscuticatus,Long-legged Fly,Insect,5,Adelaide | Canberra–Queanbeyan | Melbourne | Perth | Sydney,17
Cryptorhamphus orbus,Bug,Insect,5,Adelaide | Canberra–Queanbeyan | Hobart | Melbourne | Perth,17
Cuspicona strenuella,,Insect,5,Adelaide | Brisbane | Canberra–Queanbeyan | Melbourne | Sydney,17
Pediculus humanus,Human Head Louse,Insect,5,Adelaide | Brisbane | Hobart | Melbourne | Sydney,17
Eupselia holoxantha,Moth,Insect,5,Adelaide | Brisbane | Canberra–Queanbeyan | Melbourne | Sydney,17
Anabarhynchus plumbeoides,Stiletto Fly,Insect,5,Adelaide | Canberra–Queanbeyan | Hobart | Melbourne | Sydney,16
Ancita crocogaster,,Insect,5,Brisbane | Canberra–Queanbeyan | Hobart | Melbourne | Sydney,16
Musotima ochropteralis,Grass Moth,Insect,5,Adelaide | Brisbane | Canberra–Queanbeyan | Melbourne | Sydney,16
Pachyprosopis kellyi,Plasterer Bee,Insect,5,Adelaide | Canberra–Queanbeyan | Hobart | Melbourne | Sydney,16
Saissetia oleae,Olive Scale,Insect,5,Adelaide | Canberra–Queanbeyan | Hobart | Melbourne | Perth,16
Stenoderus concolor,,Insect,5,Brisbane | Canberra–Queanbeyan | Hobart | Melbourne | Sydney,16
Cryptoblabes euraphella,,Insect,5,Adelaide | Canberra–Queanbeyan | Melbourne | Perth | Sydney,15
Nesidiocoris tenuis,Tomato Mirid,Insect,5,Adelaide | Brisbane | Canberra–Queanbeyan | Melbourne | Sydney,15
Pantydia canescens,Owlet Moth,Insect,5,Adelaide | Brisbane | Canberra–Queanbeyan | Melbourne | Perth,15
Calamotropha paludella,,Insect,5,Adelaide | Brisbane | Canberra–Queanbeyan | Melbourne | Perth,14
Cerobasis guestfalica,,Insect,5,Adelaide | Canberra–Queanbeyan | Melbourne | Perth | Sydney,14
Hylaeus chlorosomus,Plasterer Bee,Insect,5,Adelaide | Canberra–Queanbeyan | Melbourne | Perth | Sydney,14
Leioproctus clarki,Plasterer Bee,Insect,5,Adelaide | Brisbane | Canberra–Queanbeyan | Melbourne | Sydney,14
Opsius stactogalus,Tamarix Leafhopper,Insect,5,Adelaide | Hobart | Melbourne | Perth | Sydney,14
Palaeotoma styphelana,,Insect,5,Adelaide | Canberra–Queanbeyan | Hobart | Melbourne | Perth,14
Moerarchis australasiella,Fungus Moth,Insect,5,Adelaide | Brisbane | Melbourne | Perth | Sydney,13
Myzus persicae,Green Peach Aphid,Insect,5,Adelaide | Canberra–Queanbeyan | Hobart | Melbourne | Sydney,13
Achroia grisella,Lesser Wax Moth,Insect,5,Adelaide | Canberra–Queanbeyan | Melbourne | Perth | Sydney,12
Euryglossina mellea,Plasterer Bee,Insect,5,Adelaide | Brisbane | Melbourne | Perth | Sydney,12
Eurhopalus riguus,Australian Carpet Beetle,Insect,5,Adelaide | Hobart | Melbourne | Perth | Sydney,12
Gonipterus platensis,,Insect,5,Canberra–Queanbeyan | Hobart | Melbourne | Perth | Sydney,12
Casuarinicola australis,Jumping Plant Louse,Insect,5,Adelaide | Brisbane | Hobart | Melbourne | Sydney,11
Telecrates laetiorella,Concealer Moth,Insect,5,Adelaide | Brisbane | Melbourne | Perth | Sydney,11
Labia minor,,Insect,5,Adelaide | Brisbane | Melbourne | Perth | Sydney,10
Tortricopsis semijunctella,Concealer Moth,Insect,5,Brisbane | Canberra–Queanbeyan | Melbourne | Perth | Sydney,10
Ausejanus albisignatus,Plant Bug,Insect,5,Adelaide | Brisbane | Hobart | Melbourne | Sydney,9
Cricotopus albitarsis,,Insect,5,Adelaide | Brisbane | Canberra–Queanbeyan | Melbourne | Sydney,9
Diadoxus erythrurus,Small Cypress Jewel Beetle,Insect,5,Adelaide | Canberra–Queanbeyan | Melbourne | Perth | Sydney,9
Nostima duoseta,,Insect,5,Adelaide | Canberra–Queanbeyan | Hobart | Melbourne | Sydney,9
Cnecosa insueta,,Insect,5,Adelaide | Brisbane | Canberra–Queanbeyan | Melbourne | Sydney,8
Crepidosceles timalphes,Concealer Moth,Insect,5,Adelaide | Brisbane | Melbourne | Perth | Sydney,8
Limotettix incertus,Leafhopper,Insect,5,Adelaide | Canberra–Queanbeyan | Melbourne | Perth | Sydney,8
Oenochroa lactella,,Insect,5,Adelaide | Brisbane | Canberra–Queanbeyan | Melbourne | Sydney,8
Scolecobrotus variegatus,,Insect,5,Adelaide | Brisbane | Canberra–Queanbeyan | Perth | Sydney,8
Clerus gilberti,,Insect,5,Brisbane | Canberra–Queanbeyan | Darwin | Melbourne | Sydney,7
Ulomoides tetraspilotus,,Insect,5,Adelaide | Canberra–Queanbeyan | Hobart | Melbourne | Perth,7
Toxoptera aurantii,Aphid,Insect,5,Adelaide | Brisbane | Melbourne | Perth | Sydney,6
Sphex carbonicolor,,Insect,5,Adelaide | Brisbane | Darwin | Perth | Sydney,5
Corvus mellori,Little Raven,Bird,4,Adelaide | Canberra–Queanbeyan | Melbourne | Sydney,176652
Geopelia humeralis,Bar-shouldered Dove,Bird,4,Adelaide | Brisbane | Darwin | Sydney,59171
Psophodes olivaceus,Eastern Whipbird,Bird,4,Brisbane | Canberra–Queanbeyan | Melbourne | Sydney,40671
Philemon corniculatus,Noisy Friarbird,Bird,4,Brisbane | Canberra–Queanbeyan | Melbourne | Sydney,39995
Manorina melanophrys,Bell Miner,Bird,4,Adelaide | Brisbane | Melbourne | Sydney,31060
Myzomela sanguinolenta,Scarlet Honeyeater,Bird,4,Brisbane | Canberra–Queanbeyan | Melbourne | Sydney,24065
Artamus leucorynchus,White-breasted Woodswallow,Bird,4,Brisbane | Darwin | Melbourne | Sydney,23136
Ptilonorhynchus violaceus,Satin Bowerbird,Bird,4,Brisbane | Canberra–Queanbeyan | Melbourne | Sydney,22065
Melithreptus albogularis,White-throated Honeyeater,Bird,4,Brisbane | Canberra–Queanbeyan | Darwin | Melbourne,19346
Calyptorhynchus banksii,Forest Red-tailed Black-cockatoo,Bird,4,Brisbane | Darwin | Perth | Sydney,19063
Gerygone fusca,Western Gerygone,Bird,4,Brisbane | Canberra–Queanbeyan | Melbourne | Perth,15688
Ninox strenua,Powerful Owl,Bird,4,Brisbane | Canberra–Queanbeyan | Melbourne | Sydney,12405
Phylidonyris niger,White-cheeked Honeyeater,Bird,4,Brisbane | Canberra–Queanbeyan | Perth | Sydney,11995
Polytelis swainsonii,Superb Parrot,Bird,4,Brisbane | Canberra–Queanbeyan | Melbourne | Sydney,8743
Gerygone mouki,Brown Gerygone,Bird,4,Brisbane | Canberra–Queanbeyan | Melbourne | Sydney,7906
Aviceda subcristata,Pacific Baza,Bird,4,Brisbane | Canberra–Queanbeyan | Darwin | Sydney,6764
Macropygia phasianella,Brown Cuckoo-dove,Bird,4,Brisbane | Canberra–Queanbeyan | Melbourne | Sydney,5825
Menura novaehollandiae,Superb Lyrebird,Bird,4,Canberra–Queanbeyan | Hobart | Melbourne | Sydney,4416
Charadrius mongolus,Mongolian Lesser Sand Plover,Bird,4,Brisbane | Darwin | Perth | Sydney,3360
Monarcha melanopsis,Black-faced Monarch,Bird,4,Brisbane | Canberra–Queanbeyan | Melbourne | Sydney,3221
Leucosarcia melanoleuca,Wonga Pigeon,Bird,4,Brisbane | Canberra–Queanbeyan | Melbourne | Sydney,2935
Austroargiolestes icteromelas,Pale-mouth Common Flatwing,Insect,4,Brisbane | Canberra–Queanbeyan | Melbourne | Sydney,2698
Ephippiorhynchus asiaticus,Black-necked Stork,Bird,4,Brisbane | Darwin | Melbourne | Sydney,2555
Vombatus ursinus,Bare-nosed Wombat,Mammal,4,Canberra–Queanbeyan | Darwin | Melbourne | Sydney,2479
Phalacrocorax fuscescens,Black-faced Cormorant,Bird,4,Adelaide | Hobart | Melbourne | Sydney,2452
Pomatostomus temporalis,Grey-crowned Babbler,Bird,4,Brisbane | Canberra–Queanbeyan | Darwin | Melbourne,2401
Passer montanus,Eurasian Tree Sparrow,Bird,4,Brisbane | Darwin | Melbourne | Sydney,1916
Ptilotula fusca,Fuscous Honeyeater,Bird,4,Brisbane | Canberra–Queanbeyan | Melbourne | Sydney,1815
Varanus varius,Lace Monitor,Reptile,4,Brisbane | Canberra–Queanbeyan | Melbourne | Sydney,1806
Metura elongatus,Saunder's Case Moth,Insect,4,Brisbane | Canberra–Queanbeyan | Melbourne | Sydney,1612
Calyptorhynchus lathami,Glossy Black-cockatoo,Bird,4,Brisbane | Canberra–Queanbeyan | Melbourne | Sydney,1605
Aleeta curvicosta,,Insect,4,Brisbane | Canberra–Queanbeyan | Perth | Sydney,1335
Rattus lutreolus,Swamp Rat,Mammal,4,Brisbane | Hobart | Melbourne | Sydney,1311
Nymphes myrmeleonoides,Blue Eyes Lacewing,Insect,4,Brisbane | Canberra–Queanbeyan | Melbourne | Sydney,1254
Chalcophaps longirostris,Brown-capped Emerald-dove,Bird,4,Adelaide | Brisbane | Darwin | Sydney,1184
Struthidea cinerea,Apostlebird,Bird,4,Adelaide | Brisbane | Canberra–Queanbeyan | Sydney,1001
Epidesmia tryxaria,Geometer Moth,Insect,4,Brisbane | Canberra–Queanbeyan | Melbourne | Sydney,935
Manorina flavigula,Yellow-throated Miner,Bird,4,Adelaide | Darwin | Perth | Sydney,917
Neorrhina punctatum,Punctate Flower Chafer,Insect,4,Brisbane | Canberra–Queanbeyan | Melbourne | Sydney,875
Amphibolurus muricatus,Jacky Lizard,Reptile,4,Brisbane | Canberra–Queanbeyan | Melbourne | Sydney,861
Tirumala hamata,Blue Tiger,Insect,4,Adelaide | Brisbane | Darwin | Sydney,859
Antigone rubicunda,Brolga,Bird,4,Brisbane | Darwin | Melbourne | Sydney,852
Elhamma australasiae,Ghost Moth,Insect,4,Brisbane | Canberra–Queanbeyan | Melbourne | Sydney,850
Archimantis sobrina,Large Brown Mantid,Insect,4,Adelaide | Canberra–Queanbeyan | Melbourne | Perth,817
Jalmenus evagoras,Common Imperial Blue,Insect,4,Brisbane | Canberra–Queanbeyan | Melbourne | Sydney,793
Polyrhachis ammon,Golden-spined Ant,Insect,4,Brisbane | Canberra–Queanbeyan | Melbourne | Sydney,785
Anoplognathus porosus,,Insect,4,Brisbane | Canberra–Queanbeyan | Melbourne | Sydney,740
Lichenostomus melanops,Yellow-tufted Honeyeater,Bird,4,Brisbane | Canberra–Queanbeyan | Melbourne | Sydney,697
Conocephalus semivittatus,Blackish Meadow Katydid,Insect,4,Brisbane | Canberra–Queanbeyan | Melbourne | Sydney,678
Spodoptera picta,Lily Caterpillar,Insect,4,Brisbane | Darwin | Perth | Sydney,667
Halone consolatrix,Moth,Insect,4,Adelaide | Canberra–Queanbeyan | Hobart | Melbourne,666
Rhodothemis lieftincki,Red Arrow,Insect,4,Brisbane | Darwin | Perth | Sydney,656
Pholodes sinistraria,Geometer Moth,Insect,4,Brisbane | Canberra–Queanbeyan | Melbourne | Sydney,649
Delias nigrina,Common Jezabel,Insect,4,Brisbane | Canberra–Queanbeyan | Melbourne | Sydney,630
Anoplognathus olivieri,Christmas Beetle,Insect,4,Brisbane | Canberra–Queanbeyan | Melbourne | Sydney,623
Paropsis atomaria,Tortoise Leaf Beetle,Insect,4,Brisbane | Canberra–Queanbeyan | Melbourne | Sydney,618
Calidris falcinellus,Broad-billed Sandpiper,Bird,4,Brisbane | Darwin | Melbourne | Sydney,609
Asura lydia,Moth,Insect,4,Brisbane | Canberra–Queanbeyan | Melbourne | Sydney,607
Pterygophorus cinctus,Sawfly,Insect,4,Brisbane | Canberra–Queanbeyan | Melbourne | Sydney,597
Acraea andromacha,Glasswing,Insect,4,Brisbane | Canberra–Queanbeyan | Darwin | Sydney,577
Crocothemis nigrifrons,Black-headed Skimmer,Insect,4,Brisbane | Darwin | Perth | Sydney,569
Olbonoma triptycha,Concealer Moth,Insect,4,Brisbane | Canberra–Queanbeyan | Melbourne | Sydney,544
Myrmecia forficata,Inchman Bulldog Ant,Insect,4,Adelaide | Canberra–Queanbeyan | Hobart | Melbourne,532
Leptopius robustus,Fruit-tree Root Weevil,Insect,4,Brisbane | Canberra–Queanbeyan | Melbourne | Sydney,516
Phytoliriomyza pittosporophylli,,Insect,4,Adelaide | Hobart | Melbourne | Sydney,515
Comostola laesaria,,Insect,4,Brisbane | Canberra–Queanbeyan | Darwin | Sydney,502
Balta spuria,Cockroach,Insect,4,Brisbane | Canberra–Queanbeyan | Melbourne | Sydney,482
Geitoneura acantha,Eastern Ringed Xenica,Insect,4,Adelaide | Canberra–Queanbeyan | Melbourne | Sydney,482
Boreoides subulatus,Wingless Soldier Fly,Insect,4,Adelaide | Canberra–Queanbeyan | Melbourne | Sydney,474
Amegilla cingulata,Blue-banded Bee,Insect,4,Brisbane | Melbourne | Perth | Sydney,473
Balta bicolor,Cockroach,Insect,4,Brisbane | Canberra–Queanbeyan | Melbourne | Sydney,469
Austrosalomona falcata,,Insect,4,Brisbane | Canberra–Queanbeyan | Melbourne | Sydney,464
Fregata ariel,Lesser Frigatebird,Bird,4,Brisbane | Darwin | Perth | Sydney,456
Neophema chrysostoma,Blue-winged Parrot,Bird,4,Adelaide | Hobart | Melbourne | Sydney,449
Trichilogaster signiventris,Gall Wasp,Insect,4,Adelaide | Canberra–Queanbeyan | Melbourne | Sydney,443
Gliciphila melanops,Tawny-crowned Honeyeater,Bird,4,Adelaide | Melbourne | Perth | Sydney,436
Appias paulina,Yellow Albatross,Insect,4,Brisbane | Canberra–Queanbeyan | Darwin | Sydney,414
Polytelis anthopeplus,Regent Parrot,Bird,4,Adelaide | Canberra–Queanbeyan | Perth | Sydney,394
Orgyia australis,Painted Pine Moth,Insect,4,Brisbane | Darwin | Melbourne | Sydney,393
Epidesmia chilonaria,Triangular Moth,Insect,4,Brisbane | Canberra–Queanbeyan | Melbourne | Sydney,378
Lucia limbaria,Grassland Copper,Insect,4,Adelaide | Brisbane | Canberra–Queanbeyan | Melbourne,367
Anthochaera phrygia,Regent Honeyeater,Bird,4,Brisbane | Canberra–Queanbeyan | Melbourne | Sydney,366
Asura cervicalis,Moth,Insect,4,Brisbane | Canberra–Queanbeyan | Melbourne | Sydney,357
Stiltia isabella,Australian Pratincole,Bird,4,Brisbane | Darwin | Melbourne | Sydney,355
Calliphora ochracea,Blow Fly,Insect,4,Brisbane | Canberra–Queanbeyan | Melbourne | Sydney,351
Dispar compacta,Dispar Skipper,Insect,4,Adelaide | Canberra–Queanbeyan | Melbourne | Sydney,349
Panesthia australis,Cockroach,Insect,4,Brisbane | Canberra–Queanbeyan | Melbourne | Sydney,349
Myotis macropus,Southern Myotis,Mammal,4,Brisbane | Darwin | Melbourne | Sydney,344
Dicranosterna immaculata,Leaf Beetle,Insect,4,Brisbane | Canberra–Queanbeyan | Melbourne | Sydney,340
Anoplognathus montanus,,Insect,4,Adelaide | Brisbane | Canberra–Queanbeyan | Melbourne,338
Euphronarcha luxaria,Geometer Moth,Insect,4,Canberra–Queanbeyan | Hobart | Melbourne | Sydney,332
Rostratula australis,Australian Painted Snipe,Bird,4,Adelaide | Brisbane | Canberra–Queanbeyan | Sydney,331
Polistes dominulus,,Insect,4,Adelaide | Melbourne | Perth | Sydney,331
Graphium eurypylus,Palegreen Triangle,Insect,4,Brisbane | Canberra–Queanbeyan | Darwin | Sydney,327
Theretra latreillii,,Insect,4,Brisbane | Darwin | Perth | Sydney,324
Diplacodes melanopsis,Blackfaced Percher Dragonfly,Insect,4,Brisbane | Canberra–Queanbeyan | Melbourne | Sydney,320
Monolepta australis,,Insect,4,Brisbane | Canberra–Queanbeyan | Darwin | Sydney,320
Stagonopleura guttata,Diamond Firetail,Bird,4,Adelaide | Canberra–Queanbeyan | Melbourne | Sydney,310
Polyrhachis hookeri,,Insect,4,Brisbane | Canberra–Queanbeyan | Melbourne | Sydney,309
Maliattha amorpha,Owlet Moth,Insect,4,Brisbane | Canberra–Queanbeyan | Darwin | Sydney,307
Cacatua pastinator,Western Corella,Bird,4,Brisbane | Melbourne | Perth | Sydney,286
Amata nigriceps,,Insect,4,Brisbane | Canberra–Queanbeyan | Melbourne | Sydney,281
Protaetia fusca,Mottled Flower Scarab,Insect,4,Brisbane | Darwin | Perth | Sydney,281
Psilosticha absorpta,Geometer Moth,Insect,4,Canberra–Queanbeyan | Hobart | Melbourne | Sydney,276
Aeolochroma metarhodata,Geometer Moth,Insect,4,Brisbane | Canberra–Queanbeyan | Melbourne | Sydney,262
Amblypelta nitida,Fruitspotting Bug,Insect,4,Brisbane | Canberra–Queanbeyan | Melbourne | Sydney,258
Aphaenogaster longiceps,Ant,Insect,4,Brisbane | Canberra–Queanbeyan | Melbourne | Sydney,251
Scoliacma nana,Moth,Insect,4,Brisbane | Canberra–Queanbeyan | Melbourne | Sydney,251
Camponotus suffusus,Sugar Ant,Insect,4,Adelaide | Canberra–Queanbeyan | Melbourne | Sydney,250
Pericyma cruegeri,,Insect,4,Brisbane | Darwin | Perth | Sydney,250
Camponotus intrepidus,Coastal Flumed Sugar Ant,Insect,4,Brisbane | Canberra–Queanbeyan | Melbourne | Sydney,249
Scenedra decoratalis,Grass Moth,Insect,4,Brisbane | Canberra–Queanbeyan | Melbourne | Sydney,248
Ardenna grisea,Sooty Shearwater,Bird,4,Adelaide | Hobart | Melbourne | Sydney,245
Aporocera iridipennis,,Insect,4,Brisbane | Canberra–Queanbeyan | Melbourne | Sydney,245
Luceria oculalis,,Insect,4,Brisbane | Canberra–Queanbeyan | Darwin | Sydney,240
Episyrphus viridaureus,,Insect,4,Brisbane | Darwin | Melbourne | Sydney,239
Crocanthes prasinopis,Long-horned Moth,Insect,4,Brisbane | Canberra–Queanbeyan | Melbourne | Sydney,232
Chiriphe dichotoma,Moth,Insect,4,Brisbane | Canberra–Queanbeyan | Melbourne | Sydney,231
Eilema plana,Moth,Insect,4,Brisbane | Canberra–Queanbeyan | Melbourne | Sydney,229
Notius consputus,,Insect,4,Brisbane | Canberra–Queanbeyan | Melbourne | Sydney,225
Conoeca guildingi,,Insect,4,Brisbane | Canberra–Queanbeyan | Melbourne | Sydney,222
Hylacola pyrrhopygia,Chestnut-rumped Heathwren,Bird,4,Adelaide | Canberra–Queanbeyan | Melbourne | Sydney,216
Arctocephalus forsteri,Long-nosed Fur Seal,Mammal,4,Adelaide | Hobart | Melbourne | Sydney,214
Pseudorhynchus lessonii,,Insect,4,Brisbane | Darwin | Perth | Sydney,213
Simplicia armatalis,Litter Moth,Insect,4,Brisbane | Canberra–Queanbeyan | Melbourne | Sydney,206
Psednura pedestris,Common Psednura Grasshopper,Insect,4,Brisbane | Melbourne | Perth | Sydney,205
Paropsisterna beata,,Insect,4,Brisbane | Canberra–Queanbeyan | Melbourne | Sydney,204
Cryptophlebia ombrodelta,,Insect,4,Brisbane | Darwin | Perth | Sydney,202
Taenogerella elizabethae,,Insect,4,Adelaide | Canberra–Queanbeyan | Melbourne | Sydney,199
Onychoprion fuscatus,Sooty Tern,Bird,4,Brisbane | Darwin | Perth | Sydney,195
Trigonospila cingulata,Horse Fly,Insect,4,Brisbane | Canberra–Queanbeyan | Melbourne | Sydney,195
Chrysolarentia mecynata,Geometer Moth,Insect,4,Canberra–Queanbeyan | Hobart | Melbourne | Sydney,194
Neola semiaurata,Wattle Moth,Insect,4,Brisbane | Canberra–Queanbeyan | Melbourne | Sydney,193
Motacilla tschutschensis,Eastern Yellow Wagtail,Bird,4,Brisbane | Darwin | Perth | Sydney,191
Stercorarius antarcticus,Brown Skua,Bird,4,Hobart | Melbourne | Perth | Sydney,187
Chezala brachypepla,Concealer Moth,Insect,4,Brisbane | Canberra–Queanbeyan | Melbourne | Sydney,187
Agrianome spinicollis,,Insect,4,Brisbane | Canberra–Queanbeyan | Melbourne | Sydney,185
Purnella albifrons,White-fronted Honeyeater,Bird,4,Brisbane | Melbourne | Perth | Sydney,183
Cnaphalocrocis poeyalis,,Insect,4,Brisbane | Canberra–Queanbeyan | Darwin | Sydney,183
Menetia greyii,Common Dwarf Skink,Reptile,4,Adelaide | Canberra–Queanbeyan | Perth | Sydney,182
Euproctis baliolalis,Browntail Gum Moth,Insect,4,Brisbane | Canberra–Queanbeyan | Melbourne | Sydney,179
Atractomorpha similis,Common Grass Pyrgomorph,Insect,4,Brisbane | Darwin | Perth | Sydney,176
Ptilotula ornata,Yellow-plumed Honeyeater,Bird,4,Adelaide | Canberra–Queanbeyan | Perth | Sydney,175
Anoplognathus pallidicollis,Christmas Beetle,Insect,4,Brisbane | Canberra–Queanbeyan | Melbourne | Sydney,175
Antictenia punctunculus,,Insect,4,Adelaide | Brisbane | Canberra–Queanbeyan | Sydney,175
Epidesmia hypenaria,Geometer Moth,Insect,4,Canberra–Queanbeyan | Hobart | Melbourne | Sydney,175
Bermius brachycerus,,Insect,4,Brisbane | Canberra–Queanbeyan | Melbourne | Sydney,169
Alucita phricodes,Many-plumed Moth,Insect,4,Brisbane | Canberra–Queanbeyan | Melbourne | Sydney,165
Diemenia rubromarginata,Shield Bug,Insect,4,Adelaide | Canberra–Queanbeyan | Melbourne | Sydney,165
Anisogona similana,,Insect,4,Adelaide | Canberra–Queanbeyan | Melbourne | Sydney,163
Calomela juncta,,Insect,4,Brisbane | Canberra–Queanbeyan | Melbourne | Sydney,163
Lipotriches phanerura,,Insect,4,Brisbane | Canberra–Queanbeyan | Melbourne | Sydney,162
Meranda susialis,,Insect,4,Brisbane | Canberra–Queanbeyan | Melbourne | Sydney,161
Taxeotis perlinearia,Geometer Moth,Insect,4,Adelaide | Canberra–Queanbeyan | Melbourne | Sydney,161
Jalmenus ictinus,Stencilled Hairstreak,Insect,4,Brisbane | Canberra–Queanbeyan | Melbourne | Sydney,159
Rhinotia lineata,,Insect,4,Brisbane | Canberra–Queanbeyan | Melbourne | Sydney,158
Acanthophis antarcticus,Common Death Adder,Reptile,4,Brisbane | Canberra–Queanbeyan | Perth | Sydney,157
Merocroca automima,Concealer Moth,Insect,4,Brisbane | Canberra–Queanbeyan | Melbourne | Sydney,155
Macrobathra desmotoma,Cosmet Moth,Insect,4,Adelaide | Canberra–Queanbeyan | Melbourne | Sydney,153
Rhytidoponera tasmaniensis,Ant,Insect,4,Canberra–Queanbeyan | Hobart | Melbourne | Sydney,148
Megachile lucidiventris,Bee,Insect,4,Adelaide | Canberra–Queanbeyan | Melbourne | Sydney,147
Philobota latifissella,Concealer Moth,Insect,4,Adelaide | Canberra–Queanbeyan | Melbourne | Sydney,147
Oedaleus australis,Australian Oedaleus,Insect,4,Brisbane | Canberra–Queanbeyan | Melbourne | Sydney,145
Tortricopsis pyroptis,Concealer Moth,Insect,4,Brisbane | Canberra–Queanbeyan | Melbourne | Sydney,144
Synoicus chinensis,King Quail,Bird,4,Brisbane | Darwin | Melbourne | Sydney,143
Dindymus circumcinctus,,Insect,4,Brisbane | Canberra–Queanbeyan | Melbourne | Sydney,143
Mordella sydneyana,,Insect,4,Brisbane | Canberra–Queanbeyan | Melbourne | Sydney,143
Underwoodisaurus milii,Thick-tailed Gecko,Reptile,4,Adelaide | Brisbane | Perth | Sydney,142
Lema daturaphila,,Insect,4,Brisbane | Canberra–Queanbeyan | Melbourne | Sydney,142
Dysdercus sidae,Pale Cotton Stainer,Insect,4,Brisbane | Canberra–Queanbeyan | Darwin | Sydney,141
Heteroteucha translatella,Concealer Moth,Insect,4,Brisbane | Canberra–Queanbeyan | Melbourne | Sydney,141
Calomela curtisi,Leaf Beetle,Insect,4,Canberra–Queanbeyan | Hobart | Melbourne | Sydney,139
Ogyris amaryllis,Satin Azure,Insect,4,Adelaide | Brisbane | Perth | Sydney,139
Poecilasthena thalassias,,Insect,4,Brisbane | Canberra–Queanbeyan | Melbourne | Sydney,138
Phyllotocus bimaculatus,,Insect,4,Canberra–Queanbeyan | Hobart | Melbourne | Sydney,137
Phascogale tapoatafa,Brush-tailed Phascogale,Mammal,4,Brisbane | Melbourne | Perth | Sydney,136
Evania appendigaster,,Insect,4,Brisbane | Canberra–Queanbeyan | Darwin | Sydney,136
Bactrocera tryoni,Queensland Fruit Fly,Insect,4,Brisbane | Canberra–Queanbeyan | Melbourne | Sydney,135
Paropsis pictipennis,,Insect,4,Brisbane | Canberra–Queanbeyan | Melbourne | Sydney,134
Aedes camptorhynchus,,Insect,4,Adelaide | Melbourne | Perth | Sydney,132
Lasioglossum peraustrale,Sweat Bee,Insect,4,Brisbane | Canberra–Queanbeyan | Melbourne | Sydney,132
Thalaina selenaea,Satin Moth,Insect,4,Canberra–Queanbeyan | Hobart | Melbourne | Sydney,131
Ledromorpha planirostris,Leafhopper,Insect,4,Brisbane | Canberra–Queanbeyan | Melbourne | Sydney,130
Nimbopsocus australis,,Insect,4,Brisbane | Canberra–Queanbeyan | Melbourne | Sydney,130
Arrade leucocosmalis,Owlet Moth,Insect,4,Brisbane | Canberra–Queanbeyan | Melbourne | Sydney,129
Varanus rosenbergi,Heath Monitor,Reptile,4,Adelaide | Canberra–Queanbeyan | Perth | Sydney,128
Xystrocera virescens,,Insect,4,Brisbane | Canberra–Queanbeyan | Melbourne | Sydney,127
Vespadelus darlingtoni,Large Forest Bat,Mammal,4,Adelaide | Canberra–Queanbeyan | Melbourne | Sydney,125
Cordulephya pygmaea,Common Shutwing,Insect,4,Brisbane | Canberra–Queanbeyan | Melbourne | Sydney,125
Orcus bilunulatus,,Insect,4,Brisbane | Canberra–Queanbeyan | Perth | Sydney,125
Castulo doubledayi,Moth,Insect,4,Adelaide | Canberra–Queanbeyan | Hobart | Melbourne,124
Heteromicta tripartitella,Grass Moth,Insect,4,Brisbane | Canberra–Queanbeyan | Melbourne | Sydney,124
Macrobathra chrysotoxa,Cosmet Moth,Insect,4,Brisbane | Canberra–Queanbeyan | Melbourne | Sydney,124
Chelepteryx chalepteryx,Lappet Moth,Insect,4,Brisbane | Canberra–Queanbeyan | Melbourne | Sydney,122
Ocybadistes flavovittatus,Narrow-brand Grass-dart,Insect,4,Brisbane | Darwin | Perth | Sydney,122
Rhinolophus megaphyllus,Southern Horseshoe Bat,Mammal,4,Brisbane | Canberra–Queanbeyan | Melbourne | Sydney,121
Omyta centrolineata,Shield Bug,Insect,4,Adelaide | Canberra–Queanbeyan | Hobart | Melbourne,119
Tetramorium bicarinatum,Bicoloured Pennant Ant,Insect,4,Brisbane | Melbourne | Perth | Sydney,118
Caliroa cerasi,Pear And Cherry Slug,Insect,4,Adelaide | Canberra–Queanbeyan | Hobart | Melbourne,117
Choreutis ophiosema,,Insect,4,Brisbane | Darwin | Perth | Sydney,117
Torbia perficita,,Insect,4,Brisbane | Canberra–Queanbeyan | Melbourne | Sydney,117
Aedes vittiger,Grey Striped Mosquito,Insect,4,Brisbane | Canberra–Queanbeyan | Melbourne | Sydney,115
Harmonia octomaculata,,Insect,4,Brisbane | Darwin | Melbourne | Sydney,114
Zonopetala clerota,Concealer Moth,Insect,4,Brisbane | Melbourne | Perth | Sydney,113
Chelaner rubriceps,,Insect,4,Adelaide | Brisbane | Melbourne | Sydney,112
Leptocroca sanguinolenta,Large Winter Leptocroca Moth,Insect,4,Adelaide | Canberra–Queanbeyan | Melbourne | Sydney,111
Philobota arabella,Concealer Moth,Insect,4,Adelaide | Canberra–Queanbeyan | Melbourne | Sydney,110
Cervus elaphus,Red Deer,Mammal,4,Brisbane | Canberra–Queanbeyan | Melbourne | Sydney,107
Lepidoscia characota,Bagworm Moth,Insect,4,Adelaide | Canberra–Queanbeyan | Melbourne | Sydney,107
Megachile aurifrons,Bee,Insect,4,Adelaide | Brisbane | Melbourne | Perth,107
Cydia pomonella,Codling Moth,Insect,4,Adelaide | Canberra–Queanbeyan | Hobart | Melbourne,105
Sumpigaster fasciata,,Insect,4,Brisbane | Canberra–Queanbeyan | Melbourne | Sydney,105
Lepidoscia saxosa,,Insect,4,Canberra–Queanbeyan | Hobart | Melbourne | Sydney,104
Syncometes vilis,,Insect,4,Brisbane | Canberra–Queanbeyan | Melbourne | Sydney,104
Pelagodroma marina,White-faced Storm-petrel,Bird,4,Adelaide | Melbourne | Perth | Sydney,103
Smyriodes trigramma,Geometer Moth,Insect,4,Adelaide | Canberra–Queanbeyan | Melbourne | Sydney,102
Syneora mundifera,Geometer Moth,Insect,4,Adelaide | Hobart | Melbourne | Sydney,102
Alapadna pauropis,Owlet Moth,Insect,4,Brisbane | Canberra–Queanbeyan | Melbourne | Sydney,101
Eucyclodes insperata,Geometer Moth,Insect,4,Brisbane | Hobart | Melbourne | Sydney,101
Liopholis whitii,White's Skink,Reptile,4,Adelaide | Hobart | Melbourne | Sydney,99
Corythucha ciliata,Sycamore Lace Bug,Insect,4,Canberra–Queanbeyan | Melbourne | Perth | Sydney,99
Stathmopoda megathyma,,Insect,4,Brisbane | Canberra–Queanbeyan | Melbourne | Sydney,99
Pachyptila turtur,Fairy Prion,Bird,4,Adelaide | Hobart | Melbourne | Sydney,98
Pseudabispa bicolor,Wasp,Insect,4,Adelaide | Brisbane | Canberra–Queanbeyan | Sydney,97
Chlenias auctaria,Chlenias Moth,Insect,4,Adelaide | Hobart | Melbourne | Sydney,96
Corula geometroides,Geometer Moth,Insect,4,Adelaide | Canberra–Queanbeyan | Melbourne | Sydney,95
Dichromodes estigmaria,Geometer Moth,Insect,4,Brisbane | Canberra–Queanbeyan | Melbourne | Sydney,94
Philobota mucida,,Insect,4,Adelaide | Brisbane | Canberra–Queanbeyan | Sydney,94
Rhadinosticta simplex,Powdered Wiretail,Insect,4,Brisbane | Canberra–Queanbeyan | Melbourne | Sydney,93
Depressa atrata,Acalyptrate Fly,Insect,4,Adelaide | Canberra–Queanbeyan | Melbourne | Sydney,92
Adoxia benallae,,Insect,4,Canberra–Queanbeyan | Hobart | Melbourne | Sydney,91
Didymocantha obliqua,,Insect,4,Brisbane | Canberra–Queanbeyan | Melbourne | Sydney,91
Euphiltra eroticella,Concealer Moth,Insect,4,Brisbane | Canberra–Queanbeyan | Melbourne | Sydney,91
Lantanophaga pusillidactylus,Lantana Plume Moth,Insect,4,Adelaide | Brisbane | Perth | Sydney,91
Scioglyptis canescaria,Geometer Moth,Insect,4,Adelaide | Brisbane | Melbourne | Perth,91
Coscinoptycha improbana,,Insect,4,Brisbane | Canberra–Queanbeyan | Melbourne | Sydney,90
Vespadelus regulus,Southern Forest Bat,Mammal,4,Adelaide | Canberra–Queanbeyan | Melbourne | Sydney,89
Heteronotia binoei,Bynoe's Gecko,Reptile,4,Adelaide | Darwin | Perth | Sydney,89
Cuspicona thoracica,Shield Bug,Insect,4,Canberra–Queanbeyan | Hobart | Melbourne | Sydney,89
Rupicolana orthias,,Insect,4,Adelaide | Canberra–Queanbeyan | Melbourne | Perth,89
Anthela nicothoe,Urticating Anthelid Moth,Insect,4,Canberra–Queanbeyan | Hobart | Melbourne | Sydney,88
Macrodiplax cora,Wandering Pennant,Insect,4,Brisbane | Darwin | Perth | Sydney,88
Thallarcha phalarota,Moth,Insect,4,Brisbane | Canberra–Queanbeyan | Melbourne | Sydney,88
Rhagadolyra magnicornis,Acalyptrate Fly,Insect,4,Brisbane | Canberra–Queanbeyan | Hobart | Melbourne,87
Eurymeloides lineata,Leafhopper,Insect,4,Canberra–Queanbeyan | Hobart | Melbourne | Sydney,86
Ishidaella tumida,Leafhopper,Insect,4,Adelaide | Brisbane | Melbourne | Sydney,86
Paropsis variolosa,,Insect,4,Brisbane | Canberra–Queanbeyan | Melbourne | Sydney,86
Austroterpna paratorna,Geometer Moth,Insect,4,Adelaide | Canberra–Queanbeyan | Melbourne | Sydney,85
Rutilia argentifera,,Insect,4,Brisbane | Canberra–Queanbeyan | Melbourne | Sydney,85
Ceroplastes sinensis,Hard Wax Scale,Insect,4,Adelaide | Hobart | Melbourne | Sydney,84
Glaucias amyoti,New Zealand Vegetable Bug,Insect,4,Adelaide | Brisbane | Canberra–Queanbeyan | Sydney,84
Eutyrhinus meditabundus,,Insect,4,Brisbane | Canberra–Queanbeyan | Melbourne | Sydney,83
Notoncus capitatus,,Insect,4,Brisbane | Canberra–Queanbeyan | Melbourne | Sydney,83
Physopelta gutta,Bordered Plant Bug,Insect,4,Brisbane | Canberra–Queanbeyan | Melbourne | Sydney,83
Dicamptus fuscicornis,,Insect,4,Brisbane | Canberra–Queanbeyan | Darwin | Melbourne,82
Graphium macleayanum,Macleay's Swallowtail,Insect,4,Brisbane | Canberra–Queanbeyan | Melbourne | Sydney,82
Phacodes obscurum,,Insect,4,Adelaide | Canberra–Queanbeyan | Hobart | Melbourne,81
Platybrachys decemmacula,,Insect,4,Adelaide | Brisbane | Canberra–Queanbeyan | Sydney,81
Pseudopantilius australis,Plant Bug,Insect,4,Adelaide | Canberra–Queanbeyan | Melbourne | Sydney,80
Scopula hypochra,,Insect,4,Brisbane | Darwin | Perth | Sydney,80
Caretta caretta,Loggerhead Turtle,Reptile,4,Brisbane | Melbourne | Perth | Sydney,79
Doratifera pinguis,Pale Cup Moth,Insect,4,Brisbane | Canberra–Queanbeyan | Melbourne | Sydney,79
Meyrickella ruptellus,Owlet Moth,Insect,4,Brisbane | Hobart | Melbourne | Sydney,79
Leptotarsus humilis,Crane Fly,Insect,4,Adelaide | Hobart | Melbourne | Perth,78
Etanna clopaea,,Insect,4,Brisbane | Canberra–Queanbeyan | Melbourne | Sydney,77
Proteuxoa testaceicollis,Owlet Moth,Insect,4,Brisbane | Canberra–Queanbeyan | Melbourne | Sydney,77
Cephrenes trichopepla,Yellow Palm-dart,Insect,4,Adelaide | Brisbane | Darwin | Sydney,76
Eutorna tricasis,Moth,Insect,4,Brisbane | Canberra–Queanbeyan | Melbourne | Sydney,75
Spondyliaspis plicatuloides,Psyllid Bug,Insect,4,Adelaide | Canberra–Queanbeyan | Hobart | Melbourne,75
Crocanthes micradelpha,Long-horned Moth,Insect,4,Brisbane | Canberra–Queanbeyan | Melbourne | Sydney,74
Cryptophasa rubescens,Concealer Moth,Insect,4,Brisbane | Canberra–Queanbeyan | Melbourne | Sydney,74
Nataxa flavescens,Yellow-headed Anthelid Moth,Insect,4,Brisbane | Canberra–Queanbeyan | Melbourne | Sydney,73
Tapeigaster argyrospila,Fly,Insect,4,Adelaide | Canberra–Queanbeyan | Melbourne | Perth,73
Glareola maldivarum,Oriental Pratincole,Bird,4,Brisbane | Darwin | Melbourne | Perth,72
Euchaetis metallota,Concealer Moth,Insect,4,Brisbane | Melbourne | Perth | Sydney,72
Snellenia lineata,Concealer Moth,Insect,4,Brisbane | Canberra–Queanbeyan | Melbourne | Sydney,72
Diplonychus eques,,Insect,4,Brisbane | Darwin | Melbourne | Sydney,71
Stenoptilodes taprobanes,,Insect,4,Brisbane | Canberra–Queanbeyan | Melbourne | Sydney,71
Tigrioides alterna,Moth,Insect,4,Adelaide | Canberra–Queanbeyan | Melbourne | Sydney,71
Zonopetala decisana,Concealer Moth,Insect,4,Brisbane | Canberra–Queanbeyan | Melbourne | Sydney,71
Calidris minuta,Little Stint,Bird,4,Adelaide | Brisbane | Melbourne | Perth,70
Dasypodia cymatodes,Northern Brown House Moth,Insect,4,Brisbane | Canberra–Queanbeyan | Melbourne | Sydney,70
Depressa albicosta,,Insect,4,Brisbane | Canberra–Queanbeyan | Melbourne | Sydney,70
Episcaphula australis,,Insect,4,Brisbane | Canberra–Queanbeyan | Melbourne | Sydney,70
Hylaeus alcyoneus,Species Of Yellowfaced Bee,Insect,4,Adelaide | Melbourne | Perth | Sydney,70
Paropsisterna decolorata,,Insect,4,Canberra–Queanbeyan | Hobart | Melbourne | Perth,70
Turnix maculosus,Red-backed Button-quail,Bird,4,Brisbane | Canberra–Queanbeyan | Darwin | Sydney,69
Nyctophilus gouldi,Gould's Long-eared Bat,Mammal,4,Brisbane | Canberra–Queanbeyan | Melbourne | Sydney,69
Opogona comptella,,Insect,4,Canberra–Queanbeyan | Hobart | Melbourne | Sydney,69
Pantydia capistrata,,Insect,4,Brisbane | Canberra–Queanbeyan | Perth | Sydney,69
Platisus angusticollis,,Insect,4,Adelaide | Canberra–Queanbeyan | Melbourne | Sydney,69
Pytinaea group schistopa,,Insect,4,Brisbane | Canberra–Queanbeyan | Melbourne | Sydney,69
Pygopus lepidopodus,Common Scaly-foot,Reptile,4,Adelaide | Brisbane | Perth | Sydney,68
Eleale simplex,,Insect,4,Adelaide | Canberra–Queanbeyan | Melbourne | Sydney,68
Pauropsalta mneme,Ticker,Insect,4,Adelaide | Canberra–Queanbeyan | Melbourne | Sydney,68
Tetraponera punctulata,Savanna Black Tree Ant,Insect,4,Brisbane | Darwin | Perth | Sydney,68
Grantiella picta,Painted Honeyeater,Bird,4,Brisbane | Canberra–Queanbeyan | Melbourne | Sydney,67
Aedes alternans,Scotch Grey,Insect,4,Brisbane | Darwin | Melbourne | Sydney,67
Dolichoderus scabridus,Dolly Ant,Insect,4,Adelaide | Canberra–Queanbeyan | Perth | Sydney,67
Agathodes ostentalis,,Insect,4,Brisbane | Darwin | Perth | Sydney,66
Minettia maculithorax,,Insect,4,Brisbane | Canberra–Queanbeyan | Melbourne | Sydney,66
Obrida fascialis,,Insect,4,Brisbane | Canberra–Queanbeyan | Melbourne | Sydney,66
Paralucia aurifera,Bright Copper,Insect,4,Canberra–Queanbeyan | Hobart | Melbourne | Sydney,66
Xanthocryptus novazealandicus,,Insect,4,Brisbane | Canberra–Queanbeyan | Melbourne | Sydney,66
Crocidolomia pavonana,,Insect,4,Brisbane | Canberra–Queanbeyan | Perth | Sydney,65
Paropsisterna intacta,,Insect,4,Adelaide | Canberra–Queanbeyan | Hobart | Melbourne,65
Catopsilia pyranthe,Common Migrant,Insect,4,Brisbane | Canberra–Queanbeyan | Perth | Sydney,64
Nasutitermes exitiosus,Snouted Termite,Insect,4,Adelaide | Canberra–Queanbeyan | Perth | Sydney,64
Neovulturnus hackeri,,Insect,4,Adelaide | Brisbane | Perth | Sydney,64
Polistes stigma,Wasp,Insect,4,Brisbane | Darwin | Perth | Sydney,64
Vespula vulgaris,Common Wasp,Insect,4,Adelaide | Hobart | Melbourne | Sydney,64
Palpita austrounionalis,,Insect,4,Adelaide | Brisbane | Melbourne | Perth,63
Ceraon vitta,Treehopper,Insect,4,Brisbane | Canberra–Queanbeyan | Melbourne | Sydney,62
Colobopsis macrocephala,,Insect,4,Brisbane | Hobart | Melbourne | Sydney,62
Trigonospila brevifacies,Australian Leafroller Tachinid,Insect,4,Brisbane | Canberra–Queanbeyan | Melbourne | Sydney,62
Vacuana vacuana,,Insect,4,Brisbane | Canberra–Queanbeyan | Melbourne | Sydney,62
Caledia captiva,,Insect,4,Brisbane | Canberra–Queanbeyan | Melbourne | Sydney,61
Coniopteryx maculithorax,,Insect,4,Adelaide | Canberra–Queanbeyan | Melbourne | Sydney,61
Patagoniodes farinaria,,Insect,4,Brisbane | Canberra–Queanbeyan | Melbourne | Sydney,61
Proteuxoa hydraecioides,Owlet Moth,Insect,4,Adelaide | Hobart | Melbourne | Perth,61
Delphinus delphis,Common Dolphin,Mammal,4,Adelaide | Melbourne | Perth | Sydney,60
Shivaphis celti,Asian Wooly Hackberry Aphid,Insect,4,Adelaide | Brisbane | Melbourne | Sydney,60
Anomis lyona,,Insect,4,Brisbane | Darwin | Perth | Sydney,59
Hylaeus primulipictus,,Insect,4,Brisbane | Canberra–Queanbeyan | Melbourne | Sydney,59
Tachystola thiasotis,Concealer Moth,Insect,4,Brisbane | Canberra–Queanbeyan | Melbourne | Sydney,59
Condica aroana,,Insect,4,Brisbane | Canberra–Queanbeyan | Melbourne | Sydney,58
Thallarcha albicollis,Moth,Insect,4,Adelaide | Canberra–Queanbeyan | Melbourne | Sydney,58
Fregata minor,Great Frigatebird,Bird,4,Brisbane | Darwin | Hobart | Melbourne,57
Delta latreillei,Wasp,Insect,4,Adelaide | Brisbane | Darwin | Perth,57
Dudua aprobola,,Insect,4,Brisbane | Canberra–Queanbeyan | Darwin | Sydney,56
Nisista serrata,Geometer Moth,Insect,4,Adelaide | Hobart | Melbourne | Perth,56
Trialeurodes vaporariorum,Whitefly,Insect,4,Adelaide | Hobart | Melbourne | Sydney,56
Blastobasis scotia,,Insect,4,Brisbane | Canberra–Queanbeyan | Melbourne | Sydney,55
Scioglyptis loxographa,Geometer Moth,Insect,4,Canberra–Queanbeyan | Hobart | Melbourne | Sydney,55
Amphylaeus obscuriceps,Plasterer Bee,Insect,4,Brisbane | Canberra–Queanbeyan | Melbourne | Sydney,54
Anthrax dolabratus,Bee Fly,Insect,4,Brisbane | Canberra–Queanbeyan | Melbourne | Sydney,54
Eupolemus angularis,Shield Bug,Insect,4,Canberra–Queanbeyan | Hobart | Melbourne | Sydney,54
Eupselia beatella,,Insect,4,Brisbane | Canberra–Queanbeyan | Melbourne | Sydney,54
Equus caballus,Horse,Mammal,4,Adelaide | Brisbane | Melbourne | Sydney,53
Hypomecis agoraea,Geometer Moth,Insect,4,Adelaide | Brisbane | Melbourne | Sydney,53
Maiestas veta,,Insect,4,Adelaide | Brisbane | Canberra–Queanbeyan | Melbourne,53
Myrtartona coronias,Forester Moth,Insect,4,Adelaide | Canberra–Queanbeyan | Hobart | Melbourne,53
Ardozyga sodalisella,,Insect,4,Brisbane | Canberra–Queanbeyan | Melbourne | Sydney,52
Barea melanodelta,Concealer Moth,Insect,4,Brisbane | Canberra–Queanbeyan | Melbourne | Sydney,52
Heliocosma argyroleuca,,Insect,4,Brisbane | Canberra–Queanbeyan | Melbourne | Sydney,52
Icerya seychellarum,,Insect,4,Brisbane | Darwin | Perth | Sydney,52
Paracandovia peridromes,Sydney Stick-insect,Insect,4,Adelaide | Brisbane | Melbourne | Sydney,52
Scatochresis episema,Concealer Moth,Insect,4,Adelaide | Canberra–Queanbeyan | Hobart | Melbourne,51
Trapezites phigalia,Phigalia Skipper,Insect,4,Adelaide | Canberra–Queanbeyan | Melbourne | Sydney,51
Calliphora dubia,Blow Fly,Insect,4,Adelaide | Canberra–Queanbeyan | Melbourne | Perth,50
Leistarcha scitissimella,Concealer Moth,Insect,4,Brisbane | Canberra–Queanbeyan | Melbourne | Sydney,50
Lophotoma diagrapha,,Insect,4,Brisbane | Canberra–Queanbeyan | Melbourne | Sydney,50
Proteuxoa amaurodes,Owlet Moth,Insect,4,Adelaide | Canberra–Queanbeyan | Hobart | Melbourne,50
Rhuma argyraspis,Webbed Grey,Insect,4,Adelaide | Canberra–Queanbeyan | Melbourne | Perth,50
Mordella limbata,,Insect,4,Brisbane | Canberra–Queanbeyan | Melbourne | Sydney,49
Rhytiphora decipiens,,Insect,4,Adelaide | Brisbane | Melbourne | Sydney,49
Catacometes phanozona,Concealer Moth,Insect,4,Brisbane | Canberra–Queanbeyan | Melbourne | Sydney,48
Amphirhoe sloanei,,Insect,4,Brisbane | Canberra–Queanbeyan | Melbourne | Sydney,47
Aporocera haematodes,,Insect,4,Brisbane | Canberra–Queanbeyan | Melbourne | Perth,47
Austromiris viridissimus,Plant Bug,Insect,4,Adelaide | Canberra–Queanbeyan | Melbourne | Sydney,47
Dysbatus stenodesma,Geometer Moth,Insect,4,Brisbane | Canberra–Queanbeyan | Melbourne | Sydney,47
Xylota flavitarsis,Hover Fly,Insect,4,Canberra–Queanbeyan | Hobart | Melbourne | Sydney,47
Castiarina scalaris,,Insect,4,Brisbane | Canberra–Queanbeyan | Melbourne | Sydney,47
Anaxilaus vesiculosus,Shield Bug,Insect,4,Adelaide | Brisbane | Melbourne | Perth,46
Chlamydopteryx sidnicus,,Insect,4,Brisbane | Canberra–Queanbeyan | Melbourne | Sydney,46
Chrysolina hyperici,St John's Wort Leaf Beetle,Insect,4,Adelaide | Canberra–Queanbeyan | Melbourne | Sydney,46
Fisera eribola,Geometer Moth,Insect,4,Adelaide | Canberra–Queanbeyan | Melbourne | Perth,46
Scieropepla polyxesta,Concealer Moth,Insect,4,Adelaide | Canberra–Queanbeyan | Melbourne | Sydney,46
Brachysandalus fuliginosus,,Insect,4,Canberra–Queanbeyan | Hobart | Melbourne | Sydney,45
Crocydopora cinigerella,,Insect,4,Adelaide | Canberra–Queanbeyan | Melbourne | Sydney,45
Lipogya eutheta,,Insect,4,Adelaide | Brisbane | Canberra–Queanbeyan | Sydney,45
Brachyponera lutea,Ant,Insect,4,Brisbane | Canberra–Queanbeyan | Perth | Sydney,44
Chrysolarentia subrectaria,Geometer Moth,Insect,4,Brisbane | Canberra–Queanbeyan | Melbourne | Sydney,44
Spilostethus pacificus,Bug,Insect,4,Adelaide | Canberra–Queanbeyan | Melbourne | Perth,44
Isochorista ranulana,,Insect,4,Adelaide | Canberra–Queanbeyan | Melbourne | Sydney,43
Lecithocera imprudens,,Insect,4,Brisbane | Canberra–Queanbeyan | Melbourne | Sydney,43
Porela cinerea,Lappet Moth,Insect,4,Brisbane | Canberra–Queanbeyan | Darwin | Sydney,43
Sericesthis nigrolineata,Dusky Pasture Scarab,Insect,4,Adelaide | Canberra–Queanbeyan | Melbourne | Sydney,43
Oceanites oceanicus,Wilson's Storm-petrel,Bird,4,Brisbane | Darwin | Perth | Sydney,42
Austrolestes psyche,Cup Ringtail,Insect,4,Brisbane | Hobart | Melbourne | Sydney,42
Calliphora nigrithorax,Blow Fly,Insect,4,Adelaide | Hobart | Melbourne | Sydney,42
Cruria donowani,Crow Moth,Insect,4,Adelaide | Brisbane | Canberra–Queanbeyan | Sydney,42
Hyalopeplus loriae,,Insect,4,Brisbane | Darwin | Perth | Sydney,42
Rhynchium superbum,,Insect,4,Brisbane | Darwin | Perth | Sydney,42
Scoparia favilliferella,,Insect,4,Adelaide | Canberra–Queanbeyan | Hobart | Melbourne,41
Acontia nivipicta,Owlet Moth,Insect,4,Brisbane | Canberra–Queanbeyan | Melbourne | Sydney,40
Barea eucapnodes,,Insect,4,Brisbane | Canberra–Queanbeyan | Melbourne | Sydney,40
Choerocoris variegatus,Shield Bug,Insect,4,Adelaide | Canberra–Queanbeyan | Perth | Sydney,40
Heteroteucha anthodora,Concealer Moth,Insect,4,Brisbane | Canberra–Queanbeyan | Melbourne | Sydney,40
Katipo rubrivenosa,Leafhopper,Insect,4,Adelaide | Canberra–Queanbeyan | Hobart | Melbourne,40
Strepsicrates infensa,Moth,Insect,4,Brisbane | Canberra–Queanbeyan | Melbourne | Sydney,40
Mordella australis,,Insect,4,Adelaide | Canberra–Queanbeyan | Melbourne | Sydney,39
Sastrapada australica,Assassin Bug,Insect,4,Brisbane | Canberra–Queanbeyan | Melbourne | Sydney,39
Wheeleria spilodactylus,Horehound Plume Moth,Insect,4,Adelaide | Canberra–Queanbeyan | Melbourne | Sydney,39
Aglaopus pyrrhata,Picture-winged Leaf Moth,Insect,4,Brisbane | Canberra–Queanbeyan | Melbourne | Sydney,38
Australelis anthracina,,Insect,4,Canberra–Queanbeyan | Melbourne | Perth | Sydney,38
Cacodacnus planicollis,,Insect,4,Adelaide | Brisbane | Canberra–Queanbeyan | Melbourne,38
Glenoleon pulchellus,Banded Antlion,Insect,4,Adelaide | Brisbane | Canberra–Queanbeyan | Sydney,38
Oedemopsis hobartensis,,Insect,4,Brisbane | Canberra–Queanbeyan | Melbourne | Sydney,38
Proteuxoa hypochalchis,Owlet Moth,Insect,4,Adelaide | Canberra–Queanbeyan | Melbourne | Perth,38
Northiella haematogaster,Bluebonnet,Bird,4,Adelaide | Brisbane | Canberra–Queanbeyan | Melbourne,37
Chloroclystis pallidiplaga,,Insect,4,Adelaide | Canberra–Queanbeyan | Melbourne | Sydney,37
Crocanthes glycina,Long-horned Moth,Insect,4,Brisbane | Canberra–Queanbeyan | Hobart | Melbourne,37
Culex annulirostris,Common Banded Mosquito,Insect,4,Brisbane | Darwin | Melbourne | Sydney,37
Xylorycta assimilis,Concealer Moth,Insect,4,Brisbane | Canberra–Queanbeyan | Melbourne | Sydney,37
Etiella chrysoporella,Grass Moth,Insect,4,Adelaide | Melbourne | Perth | Sydney,36
Hemigomphus heteroclytus,Stout Vicetail,Insect,4,Adelaide | Brisbane | Canberra–Queanbeyan | Sydney,36
Ischnurges illustralis,,Insect,4,Brisbane | Canberra–Queanbeyan | Melbourne | Sydney,36
Chlorocoma vertumnaria,Geometer Moth,Insect,4,Adelaide | Canberra–Queanbeyan | Melbourne | Sydney,35
Garrha carnea,Concealer Moth,Insect,4,Adelaide | Brisbane | Canberra–Queanbeyan | Melbourne,35
Heteroteucha occidua,Concealer Moth,Insect,4,Canberra–Queanbeyan | Hobart | Melbourne | Perth,35
Mycoolona atricornis,Shield Bug,Insect,4,Canberra–Queanbeyan | Hobart | Melbourne | Sydney,35
Proteuxoa paragypsa,,Insect,4,Adelaide | Canberra–Queanbeyan | Perth | Sydney,35
Solenotichus circuliferus,Shield Bug,Insect,4,Brisbane | Canberra–Queanbeyan | Melbourne | Sydney,35
Pseudomys novaehollandiae,New Holland Mouse,Mammal,4,Adelaide | Canberra–Queanbeyan | Melbourne | Sydney,34
Anisocentropus bicoloratus,Caddisfly,Insect,4,Brisbane | Canberra–Queanbeyan | Melbourne | Sydney,34
Atheropla decaspila,Concealer Moth,Insect,4,Adelaide | Canberra–Queanbeyan | Melbourne | Sydney,34
Callidiopis praecox,,Insect,4,Adelaide | Canberra–Queanbeyan | Melbourne | Sydney,34
Castiarina crenata,,Insect,4,Adelaide | Brisbane | Canberra–Queanbeyan | Sydney,34
Hoshihananomia multiguttata,,Insect,4,Brisbane | Canberra–Queanbeyan | Melbourne | Sydney,34
Prays nephelomima,,Insect,4,Brisbane | Canberra–Queanbeyan | Melbourne | Sydney,34
Calicotis crucifera,,Insect,4,Adelaide | Brisbane | Melbourne | Sydney,33
Chlorocoma melocrossa,Geometer Moth,Insect,4,Canberra–Queanbeyan | Hobart | Melbourne | Sydney,33
Maxates centrophylla,Geometer Moth,Insect,4,Brisbane | Hobart | Melbourne | Sydney,33
Camponotus claripes,Pale Legged Sugar Ant,Insect,4,Adelaide | Brisbane | Canberra–Queanbeyan | Melbourne,32
Ceroplastes rusci,Qenimat Shaava Shel Hateena,Insect,4,Adelaide | Brisbane | Perth | Sydney,32
Panaetius lobulatus,Shield Bug,Insect,4,Brisbane | Hobart | Melbourne | Sydney,32
Pardillana limbata,,Insect,4,Brisbane | Canberra–Queanbeyan | Perth | Sydney,32
Praxis porphyretica,Owlet Moth,Insect,4,Canberra–Queanbeyan | Hobart | Melbourne | Sydney,32
Proteuxoa microspila,Owlet Moth,Insect,4,Adelaide | Canberra–Queanbeyan | Hobart | Melbourne,32
Salma cinerascens,,Insect,4,Brisbane | Canberra–Queanbeyan | Melbourne | Sydney,32
Symmetrischema tangolias,Tomato Stemborer,Insect,4,Adelaide | Canberra–Queanbeyan | Hobart | Melbourne,32
Thallarcha sparsana,Moth,Insect,4,Brisbane | Canberra–Queanbeyan | Melbourne | Sydney,32
Thudaca obliquella,,Insect,4,Brisbane | Canberra–Queanbeyan | Melbourne | Sydney,32
Eurepa marginipennis,,Insect,4,Adelaide | Canberra–Queanbeyan | Melbourne | Perth,31
Melobasis purpurascens,,Insect,4,Brisbane | Canberra–Queanbeyan | Melbourne | Sydney,31
Phylacteophaga froggatti,,Insect,4,Adelaide | Brisbane | Melbourne | Perth,31
Rutilia vivipara,Horse Fly,Insect,4,Adelaide | Canberra–Queanbeyan | Melbourne | Sydney,31
Anthela ferruginosa,Lappet Moth,Insect,4,Canberra–Queanbeyan | Hobart | Melbourne | Sydney,30
Austroaeschna parvistigma,Swamp Darner,Insect,4,Adelaide | Hobart | Melbourne | Sydney,30
Epermenia exilis,,Insect,4,Adelaide | Canberra–Queanbeyan | Melbourne | Sydney,30
Hypena laceratalis,,Insect,4,Brisbane | Darwin | Melbourne | Sydney,30
Oxycarenus arctatus,Coon Bug,Insect,4,Adelaide | Brisbane | Melbourne | Perth,30
Paropsis charybdis,,Insect,4,Brisbane | Canberra–Queanbeyan | Melbourne | Sydney,30
Phyllonorycter messaniella,,Insect,4,Adelaide | Canberra–Queanbeyan | Melbourne | Sydney,30
Sugomel niger,Black Honeyeater,Bird,4,Canberra–Queanbeyan | Melbourne | Perth | Sydney,29
Aglossa caprealis,,Insect,4,Adelaide | Canberra–Queanbeyan | Melbourne | Sydney,29
Austrogomphus australis,Inland Hunter,Insect,4,Adelaide | Brisbane | Canberra–Queanbeyan | Melbourne,29
Cerceris antipodes,Wasp,Insect,4,Adelaide | Canberra–Queanbeyan | Melbourne | Sydney,29
Chalcopteroides cupripennis,,Insect,4,Brisbane | Canberra–Queanbeyan | Melbourne | Sydney,29
Chironomus tepperi,Rice Bloodworm,Insect,4,Adelaide | Melbourne | Perth | Sydney,29
Ptilocnemus sidnicus,Assassin Bug,Insect,4,Canberra–Queanbeyan | Hobart | Melbourne | Sydney,29
Armactica columbina,,Insect,4,Brisbane | Melbourne | Perth | Sydney,28
Euproctis melanosoma,Moth,Insect,4,Brisbane | Canberra–Queanbeyan | Melbourne | Sydney,28
Euryglossa adelaidae,Plasterer Bee,Insect,4,Adelaide | Canberra–Queanbeyan | Melbourne | Sydney,28
Eurymela distincta,Leafhopper,Insect,4,Canberra–Queanbeyan | Hobart | Melbourne | Sydney,28
Platyzosteria melanaria,Cockroach,Insect,4,Brisbane | Canberra–Queanbeyan | Hobart | Melbourne,28
Rhinotia povera,,Insect,4,Brisbane | Canberra–Queanbeyan | Melbourne | Sydney,28
Thoracolopha nycteris,,Insect,4,Adelaide | Canberra–Queanbeyan | Melbourne | Sydney,28
Austrolimnophila antiqua,Crane Fly,Insect,4,Brisbane | Canberra–Queanbeyan | Melbourne | Sydney,27
Colepia ingloria,Robber Fly,Insect,4,Brisbane | Canberra–Queanbeyan | Melbourne | Sydney,27
Heterozyga coppatias,,Insect,4,Adelaide | Canberra–Queanbeyan | Melbourne | Sydney,27
Homotrysis macleayi,,Insect,4,Brisbane | Canberra–Queanbeyan | Melbourne | Sydney,27
Philobota pilipes,Concealer Moth,Insect,4,Adelaide | Canberra–Queanbeyan | Melbourne | Sydney,27
Sitophilus oryzae,Rice Weevil,Insect,4,Brisbane | Hobart | Melbourne | Sydney,27
Synthesiomyia nudiseta,,Insect,4,Adelaide | Brisbane | Melbourne | Sydney,27
Tholosanus proximus,Shield Bug,Insect,4,Brisbane | Melbourne | Perth | Sydney,27
Acmotoma magniferella,Concealer Moth,Insect,4,Canberra–Queanbeyan | Hobart | Melbourne | Sydney,26
Castiarina australasiae,,Insect,4,Canberra–Queanbeyan | Hobart | Melbourne | Sydney,26
Chlenias zonaea,Geometer Moth,Insect,4,Adelaide | Canberra–Queanbeyan | Hobart | Melbourne,26
Cybister tripunctatus,Diving Beetle,Insect,4,Brisbane | Canberra–Queanbeyan | Perth | Sydney,26
Onychohydrus scutellaris,Diving Beetle,Insect,4,Adelaide | Melbourne | Perth | Sydney,26
Parapoynx polydectalis,Grass Moth,Insect,4,Brisbane | Canberra–Queanbeyan | Darwin | Melbourne,26
Periclystus circuiter,,Insect,4,Brisbane | Melbourne | Perth | Sydney,26
Lasioglossum brisbanense,,Insect,4,Brisbane | Canberra–Queanbeyan | Melbourne | Sydney,25
Limnaecia cirrhozona,,Insect,4,Canberra–Queanbeyan | Melbourne | Perth | Sydney,25
Malometasternum rufocaudatum,,Insect,4,Brisbane | Canberra–Queanbeyan | Melbourne | Sydney,25
Megachile canifrons,Bee,Insect,4,Adelaide | Canberra–Queanbeyan | Melbourne | Perth,25
Spodoptera exigua,Lesser Armyworm Moth,Insect,4,Adelaide | Brisbane | Canberra–Queanbeyan | Melbourne,25
Epamoebus ziczac,,Insect,4,Brisbane | Canberra–Queanbeyan | Hobart | Melbourne,24
Hednota crypsichroa,Grass Moth,Insect,4,Adelaide | Canberra–Queanbeyan | Melbourne | Perth,24
Meritastis polygraphana,,Insect,4,Brisbane | Canberra–Queanbeyan | Melbourne | Sydney,24
Pleistodontes froggatti,,Insect,4,Adelaide | Brisbane | Melbourne | Sydney,24
Ptilomacra senex,Moth,Insect,4,Adelaide | Brisbane | Melbourne | Sydney,24
Rhinotia melanocephala,,Insect,4,Adelaide | Melbourne | Perth | Sydney,24
Schizocerella pilicornis,,Insect,4,Brisbane | Canberra–Queanbeyan | Melbourne | Sydney,24
Eclectus roratus,Eclectus Parrot,Bird,4,Brisbane | Melbourne | Perth | Sydney,23
Pseudemoia entrecasteauxii,Southern Grass Skink,Reptile,4,Adelaide | Hobart | Melbourne | Sydney,23
Daerlac nigricans,,Insect,4,Brisbane | Canberra–Queanbeyan | Melbourne | Sydney,23
Epidesmia perfabricata,Geometer Moth,Insect,4,Brisbane | Canberra–Queanbeyan | Melbourne | Sydney,23
Leistarcha tenuistria,Concealer Moth,Insect,4,Brisbane | Canberra–Queanbeyan | Melbourne | Sydney,23
Megoura crassicauda,,Insect,4,Canberra–Queanbeyan | Hobart | Melbourne | Sydney,23
Supella longipalpa,,Insect,4,Brisbane | Darwin | Melbourne | Perth,23
Barea exarcha,Concealer Moth,Insect,4,Canberra–Queanbeyan | Hobart | Melbourne | Sydney,22
Coleophora alcyonipennella,,Insect,4,Brisbane | Canberra–Queanbeyan | Melbourne | Sydney,22
Comocrus behri,Mistletoe Moth,Insect,4,Adelaide | Canberra–Queanbeyan | Melbourne | Sydney,22
Eucyclodes buprestaria,Bordered Emerald,Insect,4,Hobart | Melbourne | Perth | Sydney,22
Neotermes insularis,Ringant Termite,Insect,4,Brisbane | Canberra–Queanbeyan | Melbourne | Sydney,22
Nola paromoea,Tuft Moth,Insect,4,Adelaide | Brisbane | Canberra–Queanbeyan | Melbourne,22
Rhytiphora piligera,,Insect,4,Brisbane | Canberra–Queanbeyan | Melbourne | Sydney,22
Cadmus crucicollis,,Insect,4,Adelaide | Canberra–Queanbeyan | Hobart | Melbourne,21
Discophlebia catocalina,Snub Moth,Insect,4,Adelaide | Canberra–Queanbeyan | Melbourne | Perth,21
Iridomyrmex bicknelli,Black Trail Ant,Insect,4,Adelaide | Hobart | Melbourne | Perth,21
Meleagris gallopavo,Wild Turkey,Bird,4,Brisbane | Hobart | Melbourne | Sydney,20
Anomotarus crudelis,,Insect,4,Adelaide | Canberra–Queanbeyan | Melbourne | Perth,20
Anoplognathus suturalis,,Insect,4,Canberra–Queanbeyan | Hobart | Melbourne | Sydney,20
Anthela canescens,Lappet Moth,Insect,4,Adelaide | Brisbane | Perth | Sydney,20
Aphis spiraecola,Apple Aphid,Insect,4,Adelaide | Brisbane | Melbourne | Sydney,20
Carphurus latipennis,,Insect,4,Adelaide | Canberra–Queanbeyan | Melbourne | Perth,20
Coptotermes lacteus,Milk Termite,Insect,4,Brisbane | Canberra–Queanbeyan | Melbourne | Sydney,20
Hellula undalis,,Insect,4,Adelaide | Brisbane | Canberra–Queanbeyan | Darwin,20
Melanterius maculatus,Acacia Seed Weevil,Insect,4,Brisbane | Canberra–Queanbeyan | Hobart | Melbourne,20
Neotartessus flavipes,Leafhopper,Insect,4,Brisbane | Canberra–Queanbeyan | Hobart | Melbourne,20
Palimmeces poecilella,Concealer Moth,Insect,4,Adelaide | Canberra–Queanbeyan | Hobart | Melbourne,20
Rupicolana celatrix,,Insect,4,Brisbane | Canberra–Queanbeyan | Melbourne | Sydney,20
Salma ebenina,,Insect,4,Brisbane | Melbourne | Perth | Sydney,20
Heliothela ophideresana,,Insect,4,Brisbane | Canberra–Queanbeyan | Melbourne | Sydney,20
Dasyurus maculatus,Bindjulang,Mammal,4,Brisbane | Canberra–Queanbeyan | Hobart | Sydney,19
Atalopsis heniocha,,Insect,4,Brisbane | Canberra–Queanbeyan | Melbourne | Sydney,19
Campylomma liebknechti,Apple Dimpling Bug,Insect,4,Adelaide | Brisbane | Canberra–Queanbeyan | Melbourne,19
Canuza euspilella,,Insect,4,Brisbane | Canberra–Queanbeyan | Melbourne | Sydney,19
Casbia celidosema,Geometer Moth,Insect,4,Canberra–Queanbeyan | Melbourne | Perth | Sydney,19
Eurymeloides marmorata,Leafhopper,Insect,4,Canberra–Queanbeyan | Hobart | Melbourne | Sydney,19
Fraus pteromela,Heath Fraus,Insect,4,Adelaide | Melbourne | Perth | Sydney,19
Megachile tosticauda,Bee,Insect,4,Adelaide | Canberra–Queanbeyan | Melbourne | Perth,19
Thallarcha chrysochares,Moth,Insect,4,Brisbane | Canberra–Queanbeyan | Melbourne | Sydney,19
Amarygmus aeger,,Insect,4,Adelaide | Brisbane | Melbourne | Sydney,18
Ardozyga desmatra,Twirler Moth,Insect,4,Adelaide | Canberra–Queanbeyan | Melbourne | Sydney,18
Dasypsylla brunnea,,Insect,4,Adelaide | Canberra–Queanbeyan | Melbourne | Sydney,18
Euphiltra angustior,,Insect,4,Brisbane | Canberra–Queanbeyan | Melbourne | Sydney,18
Limnoxenus zealandicus,Water Scavenger Beetle,Insect,4,Brisbane | Canberra–Queanbeyan | Melbourne | Perth,18
Mimobrachyoma pseudopis,,Insect,4,Adelaide | Hobart | Melbourne | Sydney,18
Niditinea fuscella,,Insect,4,Adelaide | Brisbane | Canberra–Queanbeyan | Perth,18
Orthoprosopa grisea,Hover Fly,Insect,4,Adelaide | Brisbane | Perth | Sydney,18
Pinara divisa,Lappet Moth,Insect,4,Brisbane | Canberra–Queanbeyan | Melbourne | Sydney,18
Rivellia connata,,Insect,4,Adelaide | Brisbane | Melbourne | Sydney,18
Castiarina rufipennis,,Insect,4,Adelaide | Canberra–Queanbeyan | Melbourne | Perth,18
Ogcodes basalis,Fly,Insect,4,Adelaide | Brisbane | Canberra–Queanbeyan | Melbourne,18
Osphranter rufus,Red Kangaroo,Mammal,4,Adelaide | Brisbane | Canberra–Queanbeyan | Sydney,17
Edosa purella,,Insect,4,Adelaide | Brisbane | Perth | Sydney,17
Metasia pharisalis,,Insect,4,Brisbane | Canberra–Queanbeyan | Melbourne | Sydney,17
Parasynthemis regina,Royal Tigertail,Insect,4,Brisbane | Canberra–Queanbeyan | Melbourne | Sydney,17
Pyroderces terminella,,Insect,4,Brisbane | Canberra–Queanbeyan | Melbourne | Sydney,17
Oncopera rufobrunnea,Ghost Moth,Insect,4,Adelaide | Canberra–Queanbeyan | Hobart | Melbourne,17
Anilicus xanthomus,,Insect,4,Canberra–Queanbeyan | Melbourne | Perth | Sydney,16
Araiorrhinus howittii,,Insect,4,Brisbane | Canberra–Queanbeyan | Melbourne | Sydney,16
Bembix palmata,Wasp,Insect,4,Brisbane | Canberra–Queanbeyan | Melbourne | Sydney,16
Callomelitta picta,Plasterer Bee,Insect,4,Adelaide | Canberra–Queanbeyan | Hobart | Melbourne,16
Diplogeomyza maculipennis,Fly,Insect,4,Adelaide | Canberra–Queanbeyan | Melbourne | Perth,16
Etiella zinckenella,,Insect,4,Adelaide | Brisbane | Canberra–Queanbeyan | Darwin,16
Hesperilla idothea,Flame Sedge-skipper,Insect,4,Adelaide | Hobart | Melbourne | Sydney,16
Hylaeus amiculinus,Plasterer Bee,Insect,4,Adelaide | Canberra–Queanbeyan | Melbourne | Sydney,16
Mossega indecisa,,Insect,4,Brisbane | Canberra–Queanbeyan | Melbourne | Sydney,16
Neovulturnus montanus,,Insect,4,Adelaide | Brisbane | Hobart | Sydney,16
Nocar depressiusculus,,Insect,4,Adelaide | Canberra–Queanbeyan | Hobart | Melbourne,16
Podomyrma elongata,Ant,Insect,4,Adelaide | Brisbane | Melbourne | Sydney,16
Rhytiphora vermicularia,,Insect,4,Brisbane | Melbourne | Perth | Sydney,16
Rodatus boucardi,,Insect,4,Brisbane | Canberra–Queanbeyan | Melbourne | Sydney,16
Storeus albosignatus,,Insect,4,Adelaide | Canberra–Queanbeyan | Hobart | Melbourne,16
Thallis dentipes,,Insect,4,Brisbane | Hobart | Melbourne | Sydney,16
Xylorycta luteotactella,Concealer Moth,Insect,4,Brisbane | Canberra–Queanbeyan | Melbourne | Sydney,16
Glabridorsum stokesii,Oriental Fruit Moth Parasite Wasp,Insect,4,Adelaide | Canberra–Queanbeyan | Melbourne | Sydney,16
Stibaroma melanotoxa,Grey-caped Line-moth,Insect,4,Adelaide | Canberra–Queanbeyan | Melbourne | Perth,16
Illidgea epigramma,,Insect,4,Adelaide | Brisbane | Canberra–Queanbeyan | Sydney,16
Balclutha saltuella,Leafhopper,Insect,4,Adelaide | Brisbane | Canberra–Queanbeyan | Melbourne,15
Creiis longipennis,Psyllid Bug,Insect,4,Canberra–Queanbeyan | Hobart | Melbourne | Sydney,15
Dermestes ater,Black Larder Beetle,Insect,4,Adelaide | Brisbane | Melbourne | Sydney,15
Distoleon bistrigatus,Antlion Lacewing,Insect,4,Adelaide | Canberra–Queanbeyan | Melbourne | Perth,15
Enicospilus sausi,,Insect,4,Brisbane | Hobart | Melbourne | Sydney,15
Epiphyas xylodes,,Insect,4,Canberra–Queanbeyan | Hobart | Melbourne | Sydney,15
Eurygastropsis tasmaniae,,Insect,4,Adelaide | Hobart | Melbourne | Sydney,15
Hednota bivittella,,Insect,4,Brisbane | Canberra–Queanbeyan | Perth | Sydney,15
Neotoxoptera formosana,Onion Aphid,Insect,4,Adelaide | Melbourne | Perth | Sydney,15
Prorocopis euxantha,Owlet Moth,Insect,4,Brisbane | Canberra–Queanbeyan | Melbourne | Perth,15
Pterygophorus insignis,,Insect,4,Brisbane | Canberra–Queanbeyan | Melbourne | Sydney,15
Schrankia capnophanes,,Insect,4,Brisbane | Canberra–Queanbeyan | Melbourne | Perth,15
Stathmopoda callichrysa,Concealer Moth,Insect,4,Brisbane | Canberra–Queanbeyan | Darwin | Melbourne,15
Thallis vinula,,Insect,4,Adelaide | Canberra–Queanbeyan | Hobart | Melbourne,15
Daptolestes limbipennis,Robber Fly,Insect,4,Canberra–Queanbeyan | Hobart | Melbourne | Sydney,15
Koscocrompus obscurus,,Insect,4,Adelaide | Melbourne | Perth | Sydney,15
Eurostopodus argus,Spotted Nightjar,Bird,4,Adelaide | Darwin | Perth | Sydney,14
Potorous tridactylus,Long-nosed Potoroo,Mammal,4,Brisbane | Darwin | Hobart | Sydney,14
Ceriana ornata,,Insect,4,Brisbane | Canberra–Queanbeyan | Perth | Sydney,14
Fraus crocea,Ghost Moth,Insect,4,Brisbane | Canberra–Queanbeyan | Melbourne | Sydney,14
Idiodes siculoides,Geometer Moth,Insect,4,Canberra–Queanbeyan | Hobart | Melbourne | Sydney,14
Lichenaula calligrapha,Concealer Moth,Insect,4,Brisbane | Canberra–Queanbeyan | Melbourne | Sydney,14
Lichenaula onychotypa,Concealer Moth,Insect,4,Adelaide | Brisbane | Canberra–Queanbeyan | Melbourne,14
Macrenches clerica,Twirler Moth,Insect,4,Adelaide | Canberra–Queanbeyan | Melbourne | Perth,14
Pinara cana,Lappet Moth,Insect,4,Canberra–Queanbeyan | Hobart | Melbourne | Sydney,14
Meritastis lythrodana,,Insect,4,Adelaide | Canberra–Queanbeyan | Melbourne | Perth,14
Pseudoperga ferruginea,Sawfly,Insect,4,Brisbane | Canberra–Queanbeyan | Melbourne | Sydney,14
Aspila molesta,,Insect,4,Brisbane | Canberra–Queanbeyan | Melbourne | Sydney,13
Ceromitia iolampra,Fairy Longhorn Moth,Insect,4,Canberra–Queanbeyan | Hobart | Melbourne | Sydney,13
Drypta australis,,Insect,4,Brisbane | Canberra–Queanbeyan | Darwin | Sydney,13
Enicospilus coarctatus,,Insect,4,Brisbane | Canberra–Queanbeyan | Melbourne | Sydney,13
Gavrana maculipes,,Insect,4,Brisbane | Canberra–Queanbeyan | Melbourne | Sydney,13
Imbophorus aptalis,Plume Moth,Insect,4,Brisbane | Canberra–Queanbeyan | Melbourne | Sydney,13
Limnaecia leptomeris,,Insect,4,Adelaide | Brisbane | Canberra–Queanbeyan | Melbourne,13
Liorhyssus hyalinus,,Insect,4,Adelaide | Brisbane | Melbourne | Sydney,13
Monomorium rothsteini,Smiling Mono Ant,Insect,4,Adelaide | Darwin | Melbourne | Sydney,13
Otiorhynchus rugosostriatus,Rough Strawberry Weevil,Insect,4,Adelaide | Canberra–Queanbeyan | Hobart | Melbourne,13
Pergagrapta bicolor,,Insect,4,Brisbane | Canberra–Queanbeyan | Melbourne | Sydney,13
Siphoninus phillyreae,Ash Whitefly,Insect,4,Adelaide | Hobart | Melbourne | Sydney,13
Stilbum cyanurum,,Insect,4,Adelaide | Brisbane | Perth | Sydney,13
Trichocolletes venustus,Plasterer Bee,Insect,4,Adelaide | Canberra–Queanbeyan | Melbourne | Sydney,13
Ericrypsina chorodoxa,Concealer Moth,Insect,4,Adelaide | Canberra–Queanbeyan | Melbourne | Sydney,13
Hesperus haemorrhoidalis,,Insect,4,Brisbane | Canberra–Queanbeyan | Melbourne | Sydney,13
Scieropepla trinervis,Concealer Moth,Insect,4,Adelaide | Canberra–Queanbeyan | Perth | Sydney,13
Aleochara rufopyga,,Insect,4,Adelaide | Brisbane | Melbourne | Sydney,12
Anyllis leiala,Froghopper,Insect,4,Brisbane | Hobart | Melbourne | Sydney,12
Casbia melanops,Geometer Moth,Insect,4,Hobart | Melbourne | Perth | Sydney,12
Entometa apicalis,Lappet Moth,Insect,4,Brisbane | Canberra–Queanbeyan | Melbourne | Sydney,12
Liriomyza brassicae,,Insect,4,Brisbane | Melbourne | Perth | Sydney,12
Melangyna damastor,Hover Fly,Insect,4,Brisbane | Melbourne | Perth | Sydney,12
Paropsisterna gloriosa,,Insect,4,Brisbane | Canberra–Queanbeyan | Melbourne | Sydney,12
Trigonidium australianum,,Insect,4,Brisbane | Canberra–Queanbeyan | Melbourne | Sydney,12
Amphiclasta lygaea,Geometer Moth,Insect,4,Canberra–Queanbeyan | Melbourne | Perth | Sydney,12
Lasioglossum hemichalceum,Sweat Bee,Insect,4,Adelaide | Canberra–Queanbeyan | Melbourne | Perth,12
Rosopaella leurensis,Leafhopper,Insect,4,Brisbane | Canberra–Queanbeyan | Hobart | Melbourne,12
Alectoris chukar,Chukar Partridge,Bird,4,Adelaide | Brisbane | Melbourne | Sydney,11
Balanomis encyclia,,Insect,4,Brisbane | Canberra–Queanbeyan | Melbourne | Sydney,11
Calathusa ischnodes,Owlet Moth,Insect,4,Adelaide | Canberra–Queanbeyan | Melbourne | Perth,11
Catamola funerea,,Insect,4,Brisbane | Canberra–Queanbeyan | Perth | Sydney,11
Diadegma semiclausum,,Insect,4,Adelaide | Melbourne | Perth | Sydney,11
Exoneurella lawsoni,Bee,Insect,4,Brisbane | Canberra–Queanbeyan | Melbourne | Sydney,11
Heliothrips haemorrhoidalis,Greenhouse Thrips,Insect,4,Adelaide | Brisbane | Melbourne | Perth,11
Lasioglossum hiltacus,,Insect,4,Brisbane | Canberra–Queanbeyan | Melbourne | Sydney,11
Pergagrapta bella,Sawfly,Insect,4,Adelaide | Canberra–Queanbeyan | Hobart | Melbourne,11
Phaolus metallicus,,Insect,4,Brisbane | Hobart | Melbourne | Sydney,11
Pheidole vigilans,Ant,Insect,4,Brisbane | Melbourne | Perth | Sydney,11
Scolecobrotus westwoodii,,Insect,4,Adelaide | Canberra–Queanbeyan | Melbourne | Perth,11
Trocnada dorsigera,Leafhopper,Insect,4,Adelaide | Canberra–Queanbeyan | Melbourne | Perth,11
Carpophilus hemipterus,Dried Fruit Beetle,Insect,4,Adelaide | Canberra–Queanbeyan | Melbourne | Perth,11
Discophlebia celaena,Snub Moth,Insect,4,Adelaide | Canberra–Queanbeyan | Melbourne | Sydney,10
Endoxyla edwardsorum,,Insect,4,Adelaide | Brisbane | Canberra–Queanbeyan | Melbourne,10
Ericeia subsignata,Owlet Moth,Insect,4,Adelaide | Brisbane | Melbourne | Sydney,10
Macrobathra leucopeda,,Insect,4,Adelaide | Brisbane | Canberra–Queanbeyan | Melbourne,10
Macrobathra nephelomorpha,Cosmet Moth,Insect,4,Brisbane | Canberra–Queanbeyan | Melbourne | Sydney,10
Meranoplus oceanicus,Ant,Insect,4,Brisbane | Melbourne | Perth | Sydney,10
Paramyocara iridescens,,Insect,4,Adelaide | Brisbane | Melbourne | Sydney,10
Pentacosmia scoparia,,Insect,4,Brisbane | Canberra–Queanbeyan | Hobart | Melbourne,10
Philenora irregularis,Moth,Insect,4,Brisbane | Canberra–Queanbeyan | Melbourne | Sydney,10
Philobota iphigenes,Concealer Moth,Insect,4,Adelaide | Canberra–Queanbeyan | Melbourne | Sydney,10
Proteuxoa leptochroa,,Insect,4,Adelaide | Canberra–Queanbeyan | Hobart | Melbourne,10
Steriphus diversipes,Spotted Vegetable Weevil,Insect,4,Adelaide | Hobart | Melbourne | Perth,10
Wingia lambertella,Pink Leaf Moth,Insect,4,Adelaide | Brisbane | Canberra–Queanbeyan | Sydney,10
Merimna atrata,Fire Beetle,Insect,4,Brisbane | Canberra–Queanbeyan | Darwin | Perth,10
Cadmus gigas,,Insect,4,Brisbane | Canberra–Queanbeyan | Melbourne | Sydney,9
Ectoneura minima,Cockroach,Insect,4,Adelaide | Brisbane | Canberra–Queanbeyan | Melbourne,9
Ephrycus obliquus,,Insect,4,Brisbane | Hobart | Melbourne | Sydney,9
Eulechria xeropterella,Concealer Moth,Insect,4,Brisbane | Canberra–Queanbeyan | Melbourne | Sydney,9
Oligotoma nigra,,Insect,4,Adelaide | Brisbane | Melbourne | Sydney,9
Praxis pandesma,Variable Praxis,Insect,4,Adelaide | Hobart | Melbourne | Sydney,9
Radumeris radula,,Insect,4,Adelaide | Brisbane | Darwin | Perth,9
Rhadinosomus lacordairei,Thin Strawberry Weevil,Insect,4,Brisbane | Canberra–Queanbeyan | Melbourne | Perth,9
Saprinus cyaneus,Round Green Hister,Insect,4,Adelaide | Hobart | Melbourne | Perth,9
Tenebrio molitor,Yellow Mealworm,Insect,4,Brisbane | Canberra–Queanbeyan | Melbourne | Sydney,9
Uracanthus triangularis,Triangular Marked Banksia Longicorn,Insect,4,Adelaide | Brisbane | Melbourne | Sydney,9
Zygocera pruinosa,,Insect,4,Brisbane | Canberra–Queanbeyan | Melbourne | Sydney,9
Dinocampus coccinellae,,Insect,4,Adelaide | Melbourne | Perth | Sydney,9
Meomyia sericans,,Insect,4,Adelaide | Brisbane | Perth | Sydney,9
Trachydora pygaea,,Insect,4,Brisbane | Canberra–Queanbeyan | Melbourne | Sydney,9
Xya muta,,Insect,4,Brisbane | Canberra–Queanbeyan | Melbourne | Sydney,9
Zygina evansi,Leafhopper,Insect,4,Brisbane | Canberra–Queanbeyan | Hobart | Melbourne,9
Bombyx mori,Silkworm,Insect,4,Brisbane | Hobart | Perth | Sydney,9
Agapornis roseicollis,Rosy-faced Lovebird,Bird,4,Brisbane | Darwin | Melbourne | Sydney,8
Cryptamorpha desjardinsi,,Insect,4,Adelaide | Brisbane | Melbourne | Sydney,8
Demetrida grandis,,Insect,4,Adelaide | Canberra–Queanbeyan | Melbourne | Sydney,8
Dendropemon subfasciatus,Beetle,Insect,4,Canberra–Queanbeyan | Melbourne | Perth | Sydney,8
Epicoma pontificalis,Moth,Insect,4,Brisbane | Hobart | Melbourne | Sydney,8
Gasteruption raphidioides,,Insect,4,Adelaide | Brisbane | Melbourne | Sydney,8
Hylurgus ligniperda,Golden-haired Bark Beetle,Insect,4,Canberra–Queanbeyan | Hobart | Melbourne | Sydney,8
Kahaono wallacei,Leafhopper,Insect,4,Brisbane | Canberra–Queanbeyan | Melbourne | Perth,8
Lecomyia cyanea,,Insect,4,Brisbane | Canberra–Queanbeyan | Melbourne | Sydney,8
Macarostola ida,,Insect,4,Adelaide | Brisbane | Melbourne | Sydney,8
Orosius orientalis,Common Brown Leafhopper,Insect,4,Adelaide | Canberra–Queanbeyan | Melbourne | Perth,8
Paratillus carus,,Insect,4,Brisbane | Canberra–Queanbeyan | Melbourne | Sydney,8
Podomyrma densestrigosa,,Insect,4,Brisbane | Canberra–Queanbeyan | Melbourne | Sydney,8
Prophaesia confusa,,Insect,4,Canberra–Queanbeyan | Hobart | Melbourne | Perth,8
Culex globocoxitus,Mosquito,Insect,4,Adelaide | Brisbane | Melbourne | Perth,8
Diatenes igneipicta,Owlet Moth,Insect,4,Adelaide | Canberra–Queanbeyan | Melbourne | Sydney,8
Klambothrips myopori,,Insect,4,Adelaide | Brisbane | Melbourne | Perth,8
Paropsis geographica,,Insect,4,Brisbane | Canberra–Queanbeyan | Melbourne | Perth,8
Scatopse notata,Black Scavenger Fly,Insect,4,Adelaide | Canberra–Queanbeyan | Melbourne | Sydney,8
Acanthodela erythrosema,Concealer Moth,Insect,4,Canberra–Queanbeyan | Hobart | Melbourne | Sydney,7
Artigisa melanephele,Owlet Moth,Insect,4,Brisbane | Canberra–Queanbeyan | Melbourne | Sydney,7
Cimex lectularius,Bed Bug,Insect,4,Adelaide | Brisbane | Perth | Sydney,7
Eudonia anthracias,,Insect,4,Canberra–Queanbeyan | Hobart | Melbourne | Sydney,7
Fisera belidearia,Geometer Moth,Insect,4,Adelaide | Canberra–Queanbeyan | Melbourne | Perth,7
Furcatrox procera,Geometer Moth,Insect,4,Brisbane | Canberra–Queanbeyan | Melbourne | Sydney,7
Isacantha dermestiventris,,Insect,4,Brisbane | Canberra–Queanbeyan | Hobart | Melbourne,7
Syntonarcha vulnerata,,Insect,4,Brisbane | Canberra–Queanbeyan | Darwin | Sydney,7
Tinea pallescentella,,Insect,4,Canberra–Queanbeyan | Hobart | Melbourne | Sydney,7
Macrobathra myriophthalma,,Insect,4,Adelaide | Brisbane | Canberra–Queanbeyan | Melbourne,7
Rhyzobius forestieri,Black Ladybird,Insect,4,Adelaide | Brisbane | Canberra–Queanbeyan | Melbourne,7
Rhyzopertha dominica,Lesser Grain Borer Beetle,Insect,4,Brisbane | Hobart | Perth | Sydney,7
Bubas bison,,Insect,4,Adelaide | Hobart | Melbourne | Perth,7
Cadmus ferrugineus,,Insect,4,Brisbane | Canberra–Queanbeyan | Melbourne | Sydney,6
Callohesma calliopsiformis,Plasterer Bee,Insect,4,Brisbane | Canberra–Queanbeyan | Melbourne | Sydney,6
Dermestes frischii,,Insect,4,Canberra–Queanbeyan | Hobart | Melbourne | Perth,6
Hylaeus amiculus,Plasterer Bee,Insect,4,Adelaide | Canberra–Queanbeyan | Melbourne | Perth,6
Mnesampela comarcha,Geometer Moth,Insect,4,Adelaide | Canberra–Queanbeyan | Melbourne | Sydney,6
Mycomya richmondensis,,Insect,4,Adelaide | Canberra–Queanbeyan | Melbourne | Perth,6
Neolaemosaccus ater,,Insect,4,Adelaide | Canberra–Queanbeyan | Melbourne | Sydney,6
Panesthia cribrata,Cockroach,Insect,4,Brisbane | Canberra–Queanbeyan | Melbourne | Sydney,6
Phlogistus chrysurus,,Insect,4,Brisbane | Canberra–Queanbeyan | Melbourne | Sydney,6
Thema xiphochrysa,Concealer Moth,Insect,4,Brisbane | Canberra–Queanbeyan | Hobart | Melbourne,6
Euphona decolorana,,Insect,4,Brisbane | Canberra–Queanbeyan | Melbourne | Sydney,6
Macroceps tonnoiri,Leafhopper,Insect,4,Adelaide | Canberra–Queanbeyan | Hobart | Melbourne,6
Carphurus maculicollis,,Insect,4,Brisbane | Canberra–Queanbeyan | Melbourne | Sydney,5
Ctenocephalides felis,Cat Flea,Insect,4,Adelaide | Melbourne | Perth | Sydney,5
Gasteruption terminale,,Insect,4,Brisbane | Hobart | Melbourne | Sydney,5
Lenophila achilles,Signal Fly,Insect,4,Adelaide | Brisbane | Melbourne | Sydney,5
Amasa truncata,,Insect,4,Adelaide | Canberra–Queanbeyan | Hobart | Melbourne,5
Amphibolia vidua,Horse Fly,Insect,4,Adelaide | Canberra–Queanbeyan | Hobart | Melbourne,5
Myzus cerasi,Cherry Aphid,Insect,4,Adelaide | Canberra–Queanbeyan | Hobart | Melbourne,5
Rhopalosiphum nymphaeae,Waterlily Aphid,Insect,4,Adelaide | Melbourne | Perth | Sydney,5
Campion rubellus,,Insect,4,Brisbane | Canberra–Queanbeyan | Melbourne | Sydney,4
Cardiocondyla nuda,Ant,Insect,4,Brisbane | Melbourne | Perth | Sydney,4
Crompus oculatus,,Insect,4,Brisbane | Melbourne | Perth | Sydney,4
Malandiola semota,Lace Bug,Insect,4,Canberra–Queanbeyan | Melbourne | Perth | Sydney,4
Meliphaga lewinii,Lewin's Honeyeater,Bird,3,Brisbane | Melbourne | Sydney,51241
Malurus melanocephalus,Red-backed Fairy-wren,Bird,3,Brisbane | Darwin | Sydney,31514
Platycercus adscitus,Pale-headed Rosella,Bird,3,Brisbane | Canberra–Queanbeyan | Sydney,23874
Callocephalon fimbriatum,Gang-gang Cockatoo,Bird,3,Canberra–Queanbeyan | Melbourne | Sydney,21754
Gerygone levigaster,Mangrove Gerygone,Bird,3,Brisbane | Darwin | Sydney,19335
Pycnonotus jocosus,Red-whiskered Bulbul,Bird,3,Canberra–Queanbeyan | Melbourne | Sydney,18179
Haliastur indus,Brahminy Kite,Bird,3,Brisbane | Darwin | Sydney,15819
Lalage leucomela,Varied Triller,Bird,3,Brisbane | Darwin | Sydney,15529
Butorides striata,Striated Heron,Bird,3,Brisbane | Darwin | Sydney,15207
Trichoglossus rubritorquis,Red-collared Lorikeet,Bird,3,Canberra–Queanbeyan | Darwin | Perth,14026
Todiramphus macleayii,Forest Kingfisher,Bird,3,Brisbane | Darwin | Sydney,13462
Centropus phasianinus,Pheasant Coucal,Bird,3,Brisbane | Darwin | Sydney,13095
Malurus splendens,Splendid Fairy-wren,Bird,3,Adelaide | Perth | Sydney,10719
Perameles nasuta,Long-nosed Bandicoot,Mammal,3,Brisbane | Melbourne | Sydney,9564
Plectorhyncha lanceolata,Striped Honeyeater,Bird,3,Brisbane | Canberra–Queanbeyan | Sydney,9212
Todiramphus chloris,Northern Collared Kingfisher,Bird,3,Brisbane | Darwin | Sydney,8958
Platycercus caledonicus,Green Rosella,Bird,3,Brisbane | Hobart | Sydney,6686
Synemon plana,Golden Sun Moth,Insect,3,Canberra–Queanbeyan | Melbourne | Sydney,4151
Lopholaimus antarcticus,Topknot Pigeon,Bird,3,Brisbane | Canberra–Queanbeyan | Sydney,3916
Dacelo leachii,Blue-winged Kookaburra,Bird,3,Brisbane | Darwin | Sydney,3610
Antechinus stuartii,Brown Antechinus,Mammal,3,Brisbane | Melbourne | Sydney,3598
Ptilinopus regina,Rose-crowned Fruit-dove,Bird,3,Brisbane | Darwin | Sydney,3355
Chalcites minutillus,Little Bronze-cuckoo,Bird,3,Brisbane | Darwin | Sydney,2658
Amaurornis moluccana,Pale-vented Bush-hen,Bird,3,Brisbane | Darwin | Sydney,2572
Macropus fuliginosus,Black-faced Kangaroo,Mammal,3,Adelaide | Melbourne | Perth,2348
Melanitis leda,Evening Brown,Insect,3,Brisbane | Darwin | Sydney,2228
Dendrelaphis punctulatus,Green Tree Snake,Reptile,3,Brisbane | Darwin | Sydney,2162
Symposiachrus trivirgatus,Spectacled Monarch,Bird,3,Brisbane | Melbourne | Sydney,2028
Cryptoblepharus pulcher,Elegant Snake-eyed Skink,Reptile,3,Brisbane | Perth | Sydney,1895
Yoyetta celis,Cicada,Insect,3,Canberra–Queanbeyan | Melbourne | Sydney,1779
Nettapus pulchellus,Green Pygmy-goose,Bird,3,Brisbane | Darwin | Sydney,1676
Sericornis magnirostra,Large-billed Scrubwren,Bird,3,Brisbane | Melbourne | Sydney,1669
Ozimops ridei,Ride's Free-tailed Bat,Mammal,3,Brisbane | Melbourne | Sydney,1504
Petroica rodinogaster,Pink Robin,Bird,3,Canberra–Queanbeyan | Hobart | Melbourne,1449
Pyrrholaemus sagittatus,Speckled Warbler,Bird,3,Brisbane | Canberra–Queanbeyan | Sydney,1420
Psaltoda plaga,Black Prince,Insect,3,Brisbane | Canberra–Queanbeyan | Sydney,1388
Trapezites symmomus,Splendid Ochre,Insect,3,Brisbane | Melbourne | Sydney,1343
Esacus magnirostris,Beach Stone-curlew,Bird,3,Brisbane | Darwin | Sydney,1314
Harmonia testudinaria,,Insect,3,Brisbane | Canberra–Queanbeyan | Sydney,1306
Cyclochila australasiae,Greengrocer (green Form),Insect,3,Canberra–Queanbeyan | Melbourne | Sydney,1220
Ardenna pacifica,Wedge-tailed Shearwater,Bird,3,Brisbane | Perth | Sydney,1208
Saproscincus mustelinus,Weasel Skink,Reptile,3,Canberra–Queanbeyan | Melbourne | Sydney,1177
Graphium anthedon,Blue Triangle,Insect,3,Brisbane | Darwin | Sydney,1138
Colluricincla megarhyncha,Little Shrike-thrush,Bird,3,Brisbane | Darwin | Sydney,1105
Myrmecia pyriformis,Bull Ant,Insect,3,Adelaide | Canberra–Queanbeyan | Melbourne,1059
Malurus leucopterus,White-winged Fairy-wren,Bird,3,Adelaide | Perth | Sydney,1048
Eurema hecabe,Common Grass-yellow,Insect,3,Brisbane | Darwin | Sydney,903
Orthetrum sabina,Slender Skimmer,Insect,3,Brisbane | Darwin | Sydney,845
Nephrotoma australasiae,,Insect,3,Brisbane | Perth | Sydney,812
Neophema elegans,Elegant Parrot,Bird,3,Adelaide | Perth | Sydney,794
Delias harpalyce,Imperial Jezebel,Insect,3,Canberra–Queanbeyan | Melbourne | Sydney,742
Nyctemera baulus,,Insect,3,Brisbane | Darwin | Sydney,739
Rhyothemis graphiptera,Graphic Flutterer,Insect,3,Brisbane | Darwin | Sydney,698
Climacteris erythrops,Red-browed Treecreeper,Bird,3,Canberra–Queanbeyan | Melbourne | Sydney,681
Myrmecia nigrocincta,Bull Ant,Insect,3,Brisbane | Canberra–Queanbeyan | Sydney,670
Endotricha mesenterialis,,Insect,3,Brisbane | Darwin | Sydney,666
Ictinogomphus australis,Australian Tiger,Insect,3,Brisbane | Darwin | Sydney,659
Tetragonula carbonaria,,Insect,3,Brisbane | Darwin | Sydney,635
Toxorhynchites speciosus,,Insect,3,Brisbane | Darwin | Sydney,632
Puffinus gavia,Fluttering Shearwater,Bird,3,Adelaide | Melbourne | Sydney,625
Hypocysta adiante,Darwin Ringlet,Insect,3,Brisbane | Darwin | Sydney,564
Catopyrops florinda,Speckled Line-blue,Insect,3,Brisbane | Darwin | Sydney,560
Thalassarche cauta,Shy Albatross,Bird,3,Brisbane | Melbourne | Sydney,556
Pachycephala olivacea,Olive Whistler,Bird,3,Hobart | Melbourne | Sydney,552
Petaurus notatus,Krefft's Glider,Mammal,3,Canberra–Queanbeyan | Hobart | Melbourne,541
Xylotrupes australicus,,Insect,3,Brisbane | Darwin | Sydney,509
Opisthopsis rufithorax,Strobe Ant,Insect,3,Adelaide | Brisbane | Melbourne,504
Chelepteryx collesi,White-stemmed Gum Moth,Insect,3,Canberra–Queanbeyan | Melbourne | Sydney,503
Cuculus optatus,Oriental Cuckoo,Bird,3,Brisbane | Darwin | Sydney,497
Demansia psammophis,Yellow-faced Whip Snake,Reptile,3,Brisbane | Canberra–Queanbeyan | Sydney,494
Polyrhachis australis,,Insect,3,Adelaide | Brisbane | Sydney,489
Puffinus huttoni,Hutton's Shearwater,Bird,3,Brisbane | Melbourne | Sydney,487
Cyclophora obstataria,,Insect,3,Brisbane | Melbourne | Sydney,471
Tropidonophis mairii,Keelback,Reptile,3,Brisbane | Darwin | Sydney,467
Agriocnemis pygmaea,Pygmy Wisp,Insect,3,Brisbane | Darwin | Sydney,462
Osphranter robustus,Common Wallaroo,Mammal,3,Adelaide | Canberra–Queanbeyan | Sydney,457
Austrelaps superbus,Lowland Copperhead,Reptile,3,Canberra–Queanbeyan | Hobart | Melbourne,452
Stipiturus malachurus,Southern Emu-wren,Bird,3,Melbourne | Perth | Sydney,424
Numenius minutus,Little Curlew,Bird,3,Brisbane | Darwin | Sydney,421
Cystosoma saundersii,Bladder Cicada,Insect,3,Brisbane | Canberra–Queanbeyan | Sydney,410
Myrmecia nigriscapa,Bull Ant,Insect,3,Adelaide | Melbourne | Perth,404
Paralucia pyrodiscus,Eltham Copper Butterfly,Insect,3,Canberra–Queanbeyan | Melbourne | Sydney,403
Lamprolina aeneipennis,Pittosporum Beetle,Insect,3,Brisbane | Melbourne | Sydney,401
Scotorepens orion,Eastern Broad-nosed Bat,Mammal,3,Brisbane | Melbourne | Sydney,397
Lampromicra senator,Green Jewel Bug,Insect,3,Brisbane | Darwin | Sydney,397
Isoodon macrourus,Northern Brown Bandicoot,Mammal,3,Brisbane | Darwin | Sydney,369
Argiocnemis rubescens,Red-tipped Shadefly,Insect,3,Brisbane | Darwin | Sydney,358
Popplepsalta notialis,,Insect,3,Brisbane | Canberra–Queanbeyan | Sydney,357
Timoconia peron,Dingy Skipper,Insect,3,Brisbane | Melbourne | Sydney,357
Danaus affinis,Black And White Tiger,Insect,3,Brisbane | Darwin | Sydney,354
Nola desmotes,,Insect,3,Brisbane | Darwin | Sydney,346
Stercorarius pomarinus,Pomarine Jaeger,Bird,3,Brisbane | Melbourne | Sydney,344
Parvipsitta porphyrocephala,Purple-crowned Lorikeet,Bird,3,Adelaide | Melbourne | Perth,341
Ptilinopus superbus,Superb Fruit-dove,Bird,3,Brisbane | Darwin | Sydney,329
Philenora aspectalella,Moth,Insect,3,Brisbane | Melbourne | Sydney,321
Eulamprus tympanum,Southern Water Skink,Reptile,3,Adelaide | Melbourne | Sydney,320
Epithymema incomposita,Concealer Moth,Insect,3,Canberra–Queanbeyan | Melbourne | Sydney,319
Colgaroides acuminata,Mango Planthopper,Insect,3,Brisbane | Darwin | Sydney,315
Hednota pleniferellus,Grass Moth,Insect,3,Hobart | Melbourne | Sydney,306
Saiphos equalis,Three-toed Skink,Reptile,3,Brisbane | Perth | Sydney,302
Thallarcha partita,Moth,Insect,3,Canberra–Queanbeyan | Melbourne | Sydney,297
Grammodes justa,Owlet Moth,Insect,3,Brisbane | Darwin | Sydney,296
Myrmecia simillima,Bull Ant,Insect,3,Canberra–Queanbeyan | Melbourne | Sydney,294
Eurostopodus mystacalis,White-throated Nightjar,Bird,3,Brisbane | Melbourne | Sydney,291
Thalaina clara,Claras Satin Moth,Insect,3,Canberra–Queanbeyan | Melbourne | Sydney,291
Mocis frugalis,,Insect,3,Brisbane | Darwin | Sydney,288
Ommatius coeraebus,Robber Fly,Insect,3,Brisbane | Canberra–Queanbeyan | Sydney,283
Diplodactylus vittatus,Eastern Stone Gecko,Reptile,3,Brisbane | Canberra–Queanbeyan | Sydney,274
Leptocorisa acuta,Paddy Bug,Insect,3,Adelaide | Brisbane | Darwin,273
Paropsisterna sexpustulata,,Insect,3,Brisbane | Canberra–Queanbeyan | Sydney,269
Eupanacra splendens,,Insect,3,Brisbane | Melbourne | Sydney,268
Chrysosoma leucopogon,,Insect,3,Brisbane | Darwin | Melbourne,262
Poneridia semipullata,Figleaf Beetle,Insect,3,Brisbane | Darwin | Sydney,260
Oecophylla smaragdina,Green Tree Ant,Insect,3,Brisbane | Darwin | Hobart,258
Hemiergis decresiensis,Three-toed Earless Skink,Reptile,3,Adelaide | Canberra–Queanbeyan | Sydney,257
Tyto tenebricosa,Sooty Owl,Bird,3,Brisbane | Melbourne | Sydney,253
Pomatostomus superciliosus,White-browed Babbler,Bird,3,Adelaide | Canberra–Queanbeyan | Perth,252
Aridaeus thoracicus,,Insect,3,Brisbane | Canberra–Queanbeyan | Sydney,250
Thyreus nitidulus,Neon Cuckoo Bee,Insect,3,Brisbane | Melbourne | Sydney,244
Ardenna carneipes,Flesh-footed Shearwater,Bird,3,Adelaide | Brisbane | Sydney,236
Macronectes halli,Northern Giant-petrel,Bird,3,Melbourne | Perth | Sydney,235
Artamus cinereus,Black-faced Woodswallow,Bird,3,Adelaide | Darwin | Perth,235
Sula leucogaster,Brown Booby,Bird,3,Brisbane | Darwin | Sydney,233
Anoplognathus brunnipennis,,Insect,3,Canberra–Queanbeyan | Melbourne | Sydney,231
Heteronympha penelope,Shouldered Brown,Insect,3,Canberra–Queanbeyan | Hobart | Melbourne,226
Ctenotus taeniolatus,Copper-tailed Skink,Reptile,3,Brisbane | Canberra–Queanbeyan | Sydney,213
Ephippitytha trigintiduoguttata,Mottled Katydid,Insect,3,Adelaide | Brisbane | Sydney,213
Polyrhachis ornata,Ant,Insect,3,Brisbane | Canberra–Queanbeyan | Sydney,212
Amata aperta,Moth,Insect,3,Brisbane | Canberra–Queanbeyan | Sydney,210
Sinpunctiptilia emissalis,Plume Moth,Insect,3,Canberra–Queanbeyan | Melbourne | Sydney,209
Suta flagellum,Little Whip Snake,Reptile,3,Adelaide | Melbourne | Sydney,204
Spatula clypeata,Northern Shoveler,Bird,3,Canberra–Queanbeyan | Perth | Sydney,203
Lucilia porphyrina,,Insect,3,Brisbane | Melbourne | Sydney,202
Austrogorytes spryi,Wasp,Insect,3,Melbourne | Perth | Sydney,198
Stagonopleura bella,Beautiful Firetail,Bird,3,Brisbane | Hobart | Sydney,195
Zyxomma elgneri,Short-tailed Duskdarter,Insect,3,Brisbane | Darwin | Sydney,184
Bombus terrestris,,Insect,3,Brisbane | Hobart | Sydney,173
Norfolius howensis,,Insect,3,Brisbane | Canberra–Queanbeyan | Sydney,172
Ecnomodes sagittaria,Moth,Insect,3,Brisbane | Melbourne | Sydney,171
Stenosmylus stenopterus,Brown Lacewing,Insect,3,Canberra–Queanbeyan | Melbourne | Sydney,170
Peltoschema orphana,,Insect,3,Brisbane | Hobart | Melbourne,167
Anous minutus,Black Noddy,Bird,3,Brisbane | Darwin | Sydney,166
Methana marginalis,Common Methana,Insect,3,Brisbane | Melbourne | Sydney,166
Petauroides volans,Southern Greater Glider,Mammal,3,Brisbane | Melbourne | Sydney,165
Ozimops planiceps,South-eastern Free-tailed Bat,Mammal,3,Adelaide | Melbourne | Sydney,163
Varanus gouldii,Gould's Goanna,Reptile,3,Brisbane | Perth | Sydney,160
Telicota colon,Pale-orange Darter,Insect,3,Brisbane | Darwin | Sydney,160
Leptomyrmex erythrocephalus,Red-headed Spider Ant,Insect,3,Canberra–Queanbeyan | Melbourne | Sydney,156
Dasineura glomerata,Gall Gnat,Insect,3,Adelaide | Melbourne | Sydney,155
Austroacacidiplosis botrycephalae,,Insect,3,Canberra–Queanbeyan | Melbourne | Sydney,154
Cepora perimale,Caper Gull,Insect,3,Brisbane | Darwin | Sydney,154
Megaptera novaeangliae,Humpback Whale,Mammal,3,Melbourne | Perth | Sydney,153
Rhytidoponera aspera,Rough Blue Pony Ant,Insect,3,Canberra–Queanbeyan | Melbourne | Sydney,153
Limosa haemastica,Hudsonian Godwit,Bird,3,Brisbane | Perth | Sydney,152
Aphelocephala leucopsis,Southern Whiteface,Bird,3,Adelaide | Canberra–Queanbeyan | Sydney,151
Delexocha ochrocausta,Concealer Moth,Insect,3,Canberra–Queanbeyan | Melbourne | Sydney,151
Aulacocyclus edentulus,,Insect,3,Canberra–Queanbeyan | Melbourne | Sydney,150
Ryssonotus nebulosus,Brown Stag Beetle,Insect,3,Brisbane | Melbourne | Sydney,150
Tegea atropicta,,Insect,3,Brisbane | Canberra–Queanbeyan | Sydney,150
Mnesiloba eupitheciata,Geometer Moth,Insect,3,Brisbane | Canberra–Queanbeyan | Sydney,148
Ropalidia plebeiana,Wasp,Insect,3,Brisbane | Canberra–Queanbeyan | Sydney,148
Nola pycnopasta,,Insect,3,Brisbane | Perth | Sydney,143
Paratrechina longicornis,Black Crazy Ant,Insect,3,Brisbane | Darwin | Perth,143
Noliphus erythrocephalus,,Insect,3,Brisbane | Darwin | Sydney,142
Corvus bennetti,Little Crow,Bird,3,Canberra–Queanbeyan | Perth | Sydney,140
Anous stolidus,Common Noddy,Bird,3,Brisbane | Darwin | Sydney,140
Leptocoris tagalicus,,Insect,3,Adelaide | Brisbane | Sydney,139
Sapromyza sciomyzina,,Insect,3,Brisbane | Melbourne | Sydney,138
Trapezites eliena,Eliena Skipper,Insect,3,Brisbane | Canberra–Queanbeyan | Sydney,138
Elusa semipecten,,Insect,3,Brisbane | Darwin | Sydney,137
Garrha costimacula,,Insect,3,Brisbane | Canberra–Queanbeyan | Sydney,137
Notoncus spinisquamis,Giant Epaulet Ant,Insect,3,Hobart | Melbourne | Sydney,137
Zosteria fulvipubescens,,Insect,3,Brisbane | Canberra–Queanbeyan | Sydney,136
Chalcopteroides columbinus,,Insect,3,Canberra–Queanbeyan | Hobart | Melbourne,135
Dichromodes atrosignata,Geometer Moth,Insect,3,Canberra–Queanbeyan | Melbourne | Sydney,134
Chrysolarentia lucidulata,Geometer Moth,Insect,3,Canberra–Queanbeyan | Hobart | Melbourne,133
Lecithocera micromela,Long-horned Moth,Insect,3,Brisbane | Melbourne | Sydney,133
Abantiades argentata,Species Of Ghost Moth,Insect,3,Adelaide | Melbourne | Perth,131
Chlamydosaurus kingii,Frilled Lizard,Reptile,3,Brisbane | Darwin | Sydney,130
Cryptophasa pultenae,,Insect,3,Adelaide | Brisbane | Sydney,130
Trichalus ampliatus,,Insect,3,Brisbane | Melbourne | Sydney,129
Spaminta minjerribae,,Insect,3,Brisbane | Canberra–Queanbeyan | Sydney,128
Boiga irregularis,Night Tiger,Reptile,3,Brisbane | Darwin | Sydney,127
Clemacantha goliath,,Insect,3,Brisbane | Perth | Sydney,124
Falsistrellus tasmaniensis,Eastern False Pipistrelle,Mammal,3,Hobart | Melbourne | Sydney,123
Ophiusa disjungens,,Insect,3,Brisbane | Darwin | Sydney,123
Plectophila discalis,Concealer Moth,Insect,3,Brisbane | Melbourne | Sydney,123
Apochrysa lutea,,Insect,3,Brisbane | Melbourne | Sydney,121
Progonia umbrifera,,Insect,3,Brisbane | Darwin | Sydney,120
Anilios nigrescens,Blackish Blind Snake,Reptile,3,Brisbane | Canberra–Queanbeyan | Sydney,118
Proteuxoa capularis,Owlet Moth,Insect,3,Adelaide | Canberra–Queanbeyan | Melbourne,118
Candalides xanthospilos,Yellow-spotted Blue,Insect,3,Brisbane | Canberra–Queanbeyan | Sydney,117
Tenagogerris euphrosyne,Water Strider,Insect,3,Brisbane | Melbourne | Sydney,117
Chauliognathus imperialis,,Insect,3,Brisbane | Melbourne | Sydney,114
Myrmecia piliventris,Bull Ant,Insect,3,Canberra–Queanbeyan | Melbourne | Sydney,114
Cnaphalocrocis medinalis,,Insect,3,Brisbane | Darwin | Sydney,112
Rhynolaccus formicarius,,Insect,3,Brisbane | Melbourne | Sydney,111
Amyna natalis,Owlet Moth,Insect,3,Brisbane | Canberra–Queanbeyan | Sydney,108
Enchoptera apicalis,,Insect,3,Canberra–Queanbeyan | Hobart | Melbourne,108
Cryptophis nigrescens,Eastern Small-eyed Snake,Reptile,3,Brisbane | Melbourne | Sydney,107
Leptotarsus clavatus,Crane Fly,Insect,3,Canberra–Queanbeyan | Melbourne | Sydney,107
Leptopius duponti,Broad-back Weevil,Insect,3,Adelaide | Melbourne | Sydney,105
Antechinus agilis,Agile Antechinus,Mammal,3,Canberra–Queanbeyan | Melbourne | Sydney,104
Calomela pallida,,Insect,3,Brisbane | Canberra–Queanbeyan | Sydney,103
Castiarina sexplagiata,,Insect,3,Canberra–Queanbeyan | Melbourne | Sydney,102
Lerista bougainvillii,South-eastern Slider,Reptile,3,Adelaide | Melbourne | Sydney,101
Gnathothlibus eras,,Insect,3,Brisbane | Darwin | Sydney,101
Oxycanus antipoda,Ghost Moth,Insect,3,Canberra–Queanbeyan | Hobart | Melbourne,101
Philobota transversella,,Insect,3,Brisbane | Melbourne | Sydney,101
Xanthodes transversa,,Insect,3,Brisbane | Darwin | Sydney,101
Arachnographa micrastrella,Concealer Moth,Insect,3,Canberra–Queanbeyan | Melbourne | Sydney,100
Eucyclodes pieroides,,Insect,3,Brisbane | Darwin | Sydney,100
Zosteria rosevillensis,Robber Fly,Insect,3,Brisbane | Canberra–Queanbeyan | Sydney,100
Sericulus chrysocephalus,Regent Bowerbird,Bird,3,Brisbane | Melbourne | Sydney,98
Syllitus microps,,Insect,3,Canberra–Queanbeyan | Melbourne | Sydney,98
Castiarina erythroptera,,Insect,3,Canberra–Queanbeyan | Melbourne | Sydney,97
Porela delineata,Lappet Moth,Insect,3,Canberra–Queanbeyan | Melbourne | Sydney,97
Sterna dougallii,Roseate Tern,Bird,3,Brisbane | Darwin | Perth,94
Trapezites luteus,Rare White-spot Skipper,Insect,3,Canberra–Queanbeyan | Hobart | Melbourne,94
Cryptoblabes hemigypsa,,Insect,3,Brisbane | Canberra–Queanbeyan | Sydney,93
Peltoschema oceanica,,Insect,3,Canberra–Queanbeyan | Melbourne | Sydney,93
Mimegralla australica,,Insect,3,Brisbane | Darwin | Sydney,92
Notarcha aurolinealis,,Insect,3,Brisbane | Darwin | Sydney,92
Thopha saccata,Double Drummer,Insect,3,Brisbane | Canberra–Queanbeyan | Sydney,92
Austracris proxima,,Insect,3,Brisbane | Darwin | Sydney,91
Coquillettidia xanthogaster,,Insect,3,Brisbane | Darwin | Sydney,91
Pterohelaeus striatopunctatus,,Insect,3,Canberra–Queanbeyan | Melbourne | Sydney,90
Morethia boulengeri,Boulenger's Snake-eyed Skink,Reptile,3,Adelaide | Canberra–Queanbeyan | Sydney,89
Calomela parilis,,Insect,3,Canberra–Queanbeyan | Melbourne | Sydney,89
Sphodropoda tristis,,Insect,3,Brisbane | Darwin | Perth,89
Meyrickella torquesauria,Owlet Moth,Insect,3,Brisbane | Canberra–Queanbeyan | Sydney,88
Oxycanus australis,Ghost Moth,Insect,3,Canberra–Queanbeyan | Hobart | Melbourne,88
Diaphania indica,,Insect,3,Brisbane | Darwin | Perth,87
Machetis aphrobola,Concealer Moth,Insect,3,Hobart | Melbourne | Sydney,85
Monolepta picticollis,,Insect,3,Canberra–Queanbeyan | Melbourne | Sydney,85
Repsimus manicatus,,Insect,3,Brisbane | Canberra–Queanbeyan | Sydney,85
Altica corrusca,,Insect,3,Canberra–Queanbeyan | Hobart | Melbourne,84
Mycopsylla fici,,Insect,3,Brisbane | Melbourne | Sydney,83
Paropsisterna semifumata,,Insect,3,Brisbane | Canberra–Queanbeyan | Sydney,83
Rhinocyllus conicus,Thistle Seedhead Weevil,Insect,3,Adelaide | Hobart | Melbourne,82
Zonopetala quadripustulella,Concealer Moth,Insect,3,Brisbane | Melbourne | Sydney,81
Endotricha puncticostalis,,Insect,3,Brisbane | Canberra–Queanbeyan | Sydney,80
Eurymeloides adspersa,Leafhopper,Insect,3,Canberra–Queanbeyan | Melbourne | Sydney,80
Eurymetopus birabeni,,Insect,3,Canberra–Queanbeyan | Melbourne | Sydney,80
Adrapsa ablualis,,Insect,3,Brisbane | Darwin | Sydney,79
Trigonodes hyppasia,Chaciope Deliana Moth,Insect,3,Brisbane | Darwin | Sydney,79
Callithauma callianthes,Concealer Moth,Insect,3,Canberra–Queanbeyan | Melbourne | Sydney,77
Delta campaniforme,,Insect,3,Brisbane | Darwin | Sydney,77
Phaeophlebosia furcifera,Moth,Insect,3,Canberra–Queanbeyan | Hobart | Melbourne,77
Philobota xiphostola,Concealer Moth,Insect,3,Canberra–Queanbeyan | Melbourne | Sydney,77
Trigonocyttara clandestina,Bagworm Moth,Insect,3,Canberra–Queanbeyan | Melbourne | Sydney,77
Aleuroctarthrus destructor,Coconut Whitefly,Insect,3,Brisbane | Melbourne | Sydney,76
Creiis costatus,,Insect,3,Adelaide | Canberra–Queanbeyan | Melbourne,76
Megachile chrysopyga,Bee,Insect,3,Canberra–Queanbeyan | Perth | Sydney,76
Sufetula hemiophthalma,,Insect,3,Brisbane | Canberra–Queanbeyan | Darwin,76
Eudonia aphrodes,Grass Moth,Insect,3,Hobart | Melbourne | Sydney,75
Eurhopalus froggatti,,Insect,3,Canberra–Queanbeyan | Melbourne | Sydney,75
Leioproctus launcestonensis,Plasterer Bee,Insect,3,Hobart | Melbourne | Sydney,75
Rhytiphora bankii,,Insect,3,Brisbane | Darwin | Sydney,75
Eulamprus heatwolei,Yellow-bellied Water-skink,Reptile,3,Canberra–Queanbeyan | Melbourne | Sydney,73
Nisotra bicolorata,,Insect,3,Brisbane | Darwin | Sydney,72
Syneora lithina,,Insect,3,Brisbane | Perth | Sydney,72
Petaurus australis,Yellow-bellied Glider,Mammal,3,Brisbane | Melbourne | Sydney,71
Megachile serricauda,Bee,Insect,3,Brisbane | Canberra–Queanbeyan | Sydney,71
Pseudagrion aureofrons,Gold-fronted Riverdamsel,Insect,3,Adelaide | Brisbane | Canberra–Queanbeyan,71
Castiarina sexguttata,,Insect,3,Brisbane | Melbourne | Sydney,70
Iridomyrmex mayri,Ant,Insect,3,Brisbane | Canberra–Queanbeyan | Sydney,70
Lophyrotoma zonalis,,Insect,3,Brisbane | Darwin | Melbourne,70
Termessa nivosa,Moth,Insect,3,Canberra–Queanbeyan | Melbourne | Sydney,70
Garrha idiosema,Concealer Moth,Insect,3,Adelaide | Canberra–Queanbeyan | Perth,69
Temnosternus planiusculus,,Insect,3,Brisbane | Melbourne | Sydney,69
Calguia defiguralis,,Insect,3,Brisbane | Darwin | Sydney,68
Rhytiphora nigrovirens,Beetle,Insect,3,Brisbane | Melbourne | Sydney,68
Timoconia flammeata,Bright Shield-skipper,Insect,3,Canberra–Queanbeyan | Melbourne | Sydney,68
Chauliognathus sydneyanus,,Insect,3,Brisbane | Melbourne | Sydney,67
Aenetus ligniveren,Common Splendid Ghost Moth,Insect,3,Canberra–Queanbeyan | Melbourne | Sydney,66
Heteronympha paradelpha,Spotted Brown,Insect,3,Canberra–Queanbeyan | Melbourne | Sydney,66
Podomyrma adelaidae,Muscleman Ant,Insect,3,Adelaide | Canberra–Queanbeyan | Perth,66
Piestolestes obscurus,Assassin Bug,Insect,3,Brisbane | Canberra–Queanbeyan | Sydney,65
Spilostethus hospes,Bug,Insect,3,Brisbane | Canberra–Queanbeyan | Sydney,65
Tortricopsis euryphanella,Concealer Moth,Insect,3,Canberra–Queanbeyan | Hobart | Melbourne,65
Castiarina octomaculata,,Insect,3,Canberra–Queanbeyan | Melbourne | Sydney,64
Phylomictis maligna,Concealer Moth,Insect,3,Adelaide | Canberra–Queanbeyan | Melbourne,64
Ocirrhoe westwoodi,Shield Bug,Insect,3,Hobart | Melbourne | Sydney,63
Castiarina octospilota,,Insect,3,Canberra–Queanbeyan | Melbourne | Sydney,62
Eudonia protorthra,Grass Moth,Insect,3,Canberra–Queanbeyan | Melbourne | Sydney,62
Maruca vitrata,,Insect,3,Brisbane | Darwin | Sydney,62
Neargyria argyraspis,,Insect,3,Brisbane | Darwin | Sydney,62
Leucophaeus pipixcan,Franklin's Gull,Bird,3,Brisbane | Perth | Sydney,61
Hippotion rosetta,,Insect,3,Brisbane | Darwin | Sydney,61
Lipotriches muscosa,,Insect,3,Brisbane | Canberra–Queanbeyan | Sydney,61
Aporocera speciosa,,Insect,3,Brisbane | Canberra–Queanbeyan | Perth,59
Blepharotes splendidissimus,Robber Fly,Insect,3,Brisbane | Canberra–Queanbeyan | Sydney,59
Enchocrates glaucopis,Moth,Insect,3,Canberra–Queanbeyan | Melbourne | Sydney,59
Elophila responsalis,Grass Moth,Insect,3,Brisbane | Melbourne | Sydney,58
Netrocoryne repanda,Bronze Flat,Insect,3,Brisbane | Canberra–Queanbeyan | Sydney,58
Persectania dyscrita,Inland Armyworm,Insect,3,Adelaide | Melbourne | Perth,58
Ailuroedus crassirostris,Green Catbird,Bird,3,Brisbane | Canberra–Queanbeyan | Sydney,57
Atrapsalta furcilla,,Insect,3,Canberra–Queanbeyan | Hobart | Melbourne,57
Gelonus tasmanicus,Leaf-footed Bug,Insect,3,Canberra–Queanbeyan | Hobart | Melbourne,57
Rankinia diemensis,Mountain Dragon,Reptile,3,Canberra–Queanbeyan | Hobart | Sydney,56
Castiarina flavopicta,,Insect,3,Adelaide | Hobart | Melbourne,56
Parotis marginata,,Insect,3,Brisbane | Darwin | Sydney,56
Rhytidoponera impressa,,Insect,3,Brisbane | Melbourne | Sydney,56
Drysdalia coronoides,White-lipped Snake,Reptile,3,Hobart | Melbourne | Sydney,55
Carphurus cyanopterus,,Insect,3,Adelaide | Canberra–Queanbeyan | Melbourne,55
Chlorocoma cadmaria,Geometer Moth,Insect,3,Hobart | Melbourne | Sydney,55
Aporocera viridis,,Insect,3,Canberra–Queanbeyan | Melbourne | Sydney,54
Parapoynx diminutalis,,Insect,3,Brisbane | Darwin | Sydney,54
Earias smaragdina,,Insect,3,Brisbane | Darwin | Sydney,53
Corvus splendens,House Crow,Bird,3,Melbourne | Perth | Sydney,52
Acantholena siccella,Concealer Moth,Insect,3,Brisbane | Canberra–Queanbeyan | Sydney,52
Thrincophora impletana,Leafroller Moth,Insect,3,Canberra–Queanbeyan | Melbourne | Sydney,51
Ectomocoris ornatus,Assassin Bug,Insect,3,Brisbane | Canberra–Queanbeyan | Sydney,50
Heteroteucha distephana,Concealer Moth,Insect,3,Brisbane | Canberra–Queanbeyan | Sydney,50
Orthaga thyrisalis,Teatree Web Moth,Insect,3,Adelaide | Canberra–Queanbeyan | Melbourne,50
Anomis involuta,Moth,Insect,3,Brisbane | Perth | Sydney,49
Ophiusa tirhaca,Moth,Insect,3,Brisbane | Perth | Sydney,49
Poecilometis australasiae,Shield Bug,Insect,3,Brisbane | Canberra–Queanbeyan | Sydney,49
Porrostoma laterale,,Insect,3,Brisbane | Canberra–Queanbeyan | Sydney,49
Agriophara cinerosa,Concealer Moth,Insect,3,Brisbane | Melbourne | Sydney,48
Nesogaster ruficeps,Australian Red-headed Earwig,Insect,3,Canberra–Queanbeyan | Melbourne | Sydney,48
Pergagrapta latreillii,Sawfly,Insect,3,Brisbane | Canberra–Queanbeyan | Melbourne,48
Philobota partitella,Concealer Moth,Insect,3,Adelaide | Melbourne | Sydney,48
Polyrhachis semiaurata,Ant,Insect,3,Brisbane | Canberra–Queanbeyan | Sydney,48
Theretra oldenlandiae,,Insect,3,Brisbane | Darwin | Sydney,48
Gehyra dubia,Dubious Dtella,Reptile,3,Brisbane | Darwin | Sydney,47
Ceraon tasmaniae,Treehopper,Insect,3,Adelaide | Hobart | Melbourne,46
Dichomeris capnites,,Insect,3,Adelaide | Brisbane | Sydney,46
Dimorphochilus pascoei,,Insect,3,Brisbane | Melbourne | Sydney,46
Lipotriches ferricauda,,Insect,3,Brisbane | Canberra–Queanbeyan | Sydney,46
Aulacosternum nigrorubrum,Cotton Plant Bug,Insect,3,Brisbane | Canberra–Queanbeyan | Sydney,45
Castiarina decemmaculata,Ten-spot Jewel Beetle,Insect,3,Adelaide | Canberra–Queanbeyan | Sydney,45
Paropsisterna laesa,,Insect,3,Canberra–Queanbeyan | Melbourne | Sydney,45
Coptocercus biguttatus,,Insect,3,Brisbane | Melbourne | Sydney,44
Odontomyia opertanea,,Insect,3,Brisbane | Canberra–Queanbeyan | Melbourne,44
Philobota orescoa,Concealer Moth,Insect,3,Canberra–Queanbeyan | Melbourne | Sydney,44
Riptortus abdominalis,,Insect,3,Brisbane | Darwin | Sydney,44
Lamprolina impressicollis,,Insect,3,Brisbane | Melbourne | Sydney,44
Ageletha hemiteles,Concealer Moth,Insect,3,Canberra–Queanbeyan | Melbourne | Sydney,43
Piloprepes anassa,Concealer Moth,Insect,3,Canberra–Queanbeyan | Melbourne | Sydney,43
Trapezites phigalioides,Montane Ochre,Insect,3,Canberra–Queanbeyan | Melbourne | Sydney,43
Barea consignatella,,Insect,3,Canberra–Queanbeyan | Melbourne | Sydney,42
Diplogeomyza diaphora,Fly,Insect,3,Adelaide | Hobart | Melbourne,42
Dipsiathus obscurifrons,Planthopper,Insect,3,Canberra–Queanbeyan | Hobart | Melbourne,42
Garrha repandula,Concealer Moth,Insect,3,Canberra–Queanbeyan | Melbourne | Sydney,42
Halone pteridaula,Moth,Insect,3,Canberra–Queanbeyan | Melbourne | Sydney,42
Mansonia uniformis,Mosquito,Insect,3,Brisbane | Darwin | Sydney,42
Nycteola polycyma,Moth,Insect,3,Brisbane | Darwin | Sydney,42
Peltoschema mansueta,,Insect,3,Brisbane | Canberra–Queanbeyan | Melbourne,42
Proteuxoa bistrigula,Owlet Moth,Insect,3,Canberra–Queanbeyan | Hobart | Melbourne,42
Sauris malaca,,Insect,3,Brisbane | Darwin | Sydney,42
Epilachna vigintioctopunctata,28-spotted Potato Ladybird,Insect,3,Brisbane | Canberra–Queanbeyan | Sydney,42
Dolopus rubrithorax,Robber Fly,Insect,3,Canberra–Queanbeyan | Melbourne | Sydney,41
Imma acosma,,Insect,3,Brisbane | Canberra–Queanbeyan | Sydney,41
Maskellia globosa,,Insect,3,Adelaide | Melbourne | Perth,41
Plesiochrysa atalotis,,Insect,3,Brisbane | Darwin | Sydney,41
Taxeotis stereospila,Geometer Moth,Insect,3,Canberra–Queanbeyan | Melbourne | Sydney,41
Aporocera erosa,,Insect,3,Canberra–Queanbeyan | Hobart | Melbourne,40
Cernia amyclaria,,Insect,3,Brisbane | Darwin | Sydney,40
Muscina stabulans,,Insect,3,Canberra–Queanbeyan | Melbourne | Perth,40
Philenora elegans,Moth,Insect,3,Brisbane | Melbourne | Sydney,40
Phryganeutis cinerea,Concealer Moth,Insect,3,Adelaide | Canberra–Queanbeyan | Melbourne,40
Neophoca cinerea,Australian Sea-lion,Mammal,3,Adelaide | Perth | Sydney,39
Abantiades labyrinthicus,Ghost Moth,Insect,3,Canberra–Queanbeyan | Melbourne | Sydney,39
Amata trigonophora,,Insect,3,Brisbane | Canberra–Queanbeyan | Sydney,39
Austrogomphus ochraceus,Jade Hunter,Insect,3,Canberra–Queanbeyan | Melbourne | Sydney,39
Brithys crini,,Insect,3,Brisbane | Darwin | Melbourne,39
Eriostethus perkinsi,,Insect,3,Brisbane | Melbourne | Sydney,39
Goniaea vocans,Slender Gumleaf Grasshopper,Insect,3,Brisbane | Darwin | Perth,39
Helinomydaea fuscoflava,,Insect,3,Hobart | Melbourne | Sydney,39
Leioproctus irroratus,Plasterer Bee,Insect,3,Canberra–Queanbeyan | Melbourne | Sydney,39
Lithilaria proestans,Moth,Insect,3,Brisbane | Melbourne | Sydney,39
Mixocera latilineata,,Insect,3,Adelaide | Brisbane | Sydney,39
Paradictyotus fuscus,Shield Bug,Insect,3,Canberra–Queanbeyan | Melbourne | Sydney,39
Ragwelellus suspectus,,Insect,3,Brisbane | Darwin | Sydney,39
Thyreus waroonensis,Cuckoo Bee,Insect,3,Adelaide | Melbourne | Perth,39
Tiliqua occipitalis,Western Blue-tongue,Reptile,3,Canberra–Queanbeyan | Perth | Sydney,38
Hypochrysops delicia,Moonlight Jewel (eastern Subspecies),Insect,3,Brisbane | Melbourne | Sydney,38
Megachile deanii,,Insect,3,Brisbane | Perth | Sydney,38
Monistria discrepans,Common Pyrgomorph,Insect,3,Adelaide | Perth | Sydney,38
Pollanisus subdolosa,Forester Moth,Insect,3,Brisbane | Melbourne | Sydney,38
Ethmia clytodoxa,,Insect,3,Brisbane | Canberra–Queanbeyan | Sydney,37
Hoplomorpha abalienella,Concealer Moth,Insect,3,Brisbane | Melbourne | Sydney,37
Cygnus olor,Mute Swan,Bird,3,Melbourne | Perth | Sydney,36
Ixobrychus flavicollis,Torresian Black Bittern,Bird,3,Brisbane | Darwin | Sydney,36
Mesembrius bengalensis,,Insect,3,Brisbane | Darwin | Sydney,36
Suhpalacsa flavipes,,Insect,3,Brisbane | Canberra–Queanbeyan | Sydney,36
Amorbus rhombifer,Leaf-footed Bug,Insect,3,Brisbane | Canberra–Queanbeyan | Sydney,35
Antipterna trilicella,Concealer Moth,Insect,3,Brisbane | Melbourne | Sydney,35
Austalis pulchella,Hover Fly,Insect,3,Adelaide | Canberra–Queanbeyan | Melbourne,35
Cardiaspina fiscella,Psyllid Bug,Insect,3,Adelaide | Melbourne | Perth,35
Gasteruption longicolle,Parasitoid Wasp,Insect,3,Canberra–Queanbeyan | Hobart | Melbourne,35
Neozeleboria cryptoides,,Insect,3,Canberra–Queanbeyan | Melbourne | Sydney,35
Rhinaria granulosa,,Insect,3,Adelaide | Hobart | Melbourne,35
Scaphidriotis xylogramma,,Insect,3,Brisbane | Melbourne | Sydney,35
Acodia pauper,Geometer Moth,Insect,3,Canberra–Queanbeyan | Melbourne | Sydney,34
Austrolestes io,Iota Ringtail,Insect,3,Hobart | Melbourne | Perth,34
Diasemiopsis ramburialis,,Insect,3,Brisbane | Melbourne | Sydney,34
Hylaeus ruficeps,Plasterer Bee,Insect,3,Adelaide | Brisbane | Perth,34
Lobesia xylistis,,Insect,3,Brisbane | Canberra–Queanbeyan | Sydney,34
Melanococcus albizziae,Wattle Mealybug,Insect,3,Canberra–Queanbeyan | Melbourne | Sydney,34
Oncopeltus sordidus,,Insect,3,Brisbane | Canberra–Queanbeyan | Sydney,34
Periplaneta australasiae,Australian Cockroach,Insect,3,Adelaide | Brisbane | Sydney,34
Phytodietus celisissimus,,Insect,3,Adelaide | Melbourne | Sydney,34
Urnisa guttulosa,,Insect,3,Adelaide | Canberra–Queanbeyan | Perth,34
Vanicela xenadelpha,,Insect,3,Brisbane | Darwin | Sydney,34
Bathrosterra calotropha,,Insect,3,Brisbane | Melbourne | Sydney,33
Bisallardiana gymnopleura,,Insect,3,Brisbane | Canberra–Queanbeyan | Sydney,33
Episcaphula pictipennis,,Insect,3,Brisbane | Hobart | Sydney,33
Megachile nigrovittata,,Insect,3,Adelaide | Melbourne | Sydney,33
Mictodoca toxeuta,Geometer Moth,Insect,3,Canberra–Queanbeyan | Melbourne | Sydney,33
Nola crucigera,Tuft Moth,Insect,3,Canberra–Queanbeyan | Melbourne | Sydney,33
Skeletodes tetrops,,Insect,3,Brisbane | Melbourne | Sydney,33
Thereutria amaraca,Robber Fly,Insect,3,Canberra–Queanbeyan | Melbourne | Sydney,33
Trichophthalma punctata,Tangle-veined Fly,Insect,3,Canberra–Queanbeyan | Hobart | Melbourne,33
Austrotephritis pelia,,Insect,3,Canberra–Queanbeyan | Melbourne | Perth,32
Cylindrococcus casuarinae,,Insect,3,Adelaide | Melbourne | Perth,32
Ectopatria aspera,Owlet Moth,Insect,3,Adelaide | Melbourne | Perth,32
Epiblema strenuana,,Insect,3,Brisbane | Canberra–Queanbeyan | Melbourne,32
Jalmenus icilius,Icilius Blue,Insect,3,Adelaide | Canberra–Queanbeyan | Melbourne,32
Paropsis lutea,,Insect,3,Brisbane | Melbourne | Sydney,32
Camponotus elegans,,Insect,3,Brisbane | Melbourne | Sydney,31
Lemidia nitens,,Insect,3,Canberra–Queanbeyan | Hobart | Melbourne,31
Nascio vetusta,,Insect,3,Canberra–Queanbeyan | Melbourne | Sydney,31
Sardia rostrata,,Insect,3,Brisbane | Canberra–Queanbeyan | Sydney,31
Suhpalacsa subtrahens,,Insect,3,Brisbane | Perth | Sydney,31
Palimmeces habrophanes,Concealer Moth,Insect,3,Adelaide | Canberra–Queanbeyan | Hobart,31
Gehyra australis,Northern Dtella,Reptile,3,Darwin | Perth | Sydney,30
Acanthasargus flavipes,,Insect,3,Brisbane | Melbourne | Sydney,30
Anonychomyrma itinerans,Ant,Insect,3,Melbourne | Perth | Sydney,30
Calathusa basicunea,,Insect,3,Brisbane | Melbourne | Sydney,30
Chironomus australis,Midge,Insect,3,Adelaide | Melbourne | Perth,30
Cirrograpta sporadica,,Insect,3,Brisbane | Perth | Sydney,30
Opogona protodoxa,Fungus Moth,Insect,3,Brisbane | Melbourne | Sydney,30
Synthemis eustalacta,Swamp Tigertail,Insect,3,Adelaide | Canberra–Queanbeyan | Melbourne,30
Theronia maculosa,,Insect,3,Hobart | Melbourne | Sydney,30
Aedia leucomelas,Owlet Moth,Insect,3,Brisbane | Canberra–Queanbeyan | Sydney,30
Daphnis placida,,Insect,3,Brisbane | Darwin | Sydney,29
Philobota impletella,Concealer Moth,Insect,3,Adelaide | Canberra–Queanbeyan | Melbourne,29
Piloprepes antidoxa,Concealer Moth,Insect,3,Adelaide | Canberra–Queanbeyan | Perth,29
Sahulana scintillata,Glistening Blue,Insect,3,Brisbane | Darwin | Sydney,29
Sphex cognatus,,Insect,3,Brisbane | Canberra–Queanbeyan | Sydney,29
Thema protogramma,Concealer Moth,Insect,3,Canberra–Queanbeyan | Melbourne | Sydney,29
Tisobarica thyteria,Concealer Moth,Insect,3,Canberra–Queanbeyan | Melbourne | Sydney,29
Austroicetes vulgaris,Southeastern Austroicetes Grasshopper,Insect,3,Adelaide | Hobart | Melbourne,28
Ectropis bhurmitra,,Insect,3,Brisbane | Darwin | Sydney,28
Metasia dicealis,Grass Moth,Insect,3,Canberra–Queanbeyan | Melbourne | Sydney,28
Rhyparida australis,Cotton Stalkgirdling Beetle,Insect,3,Brisbane | Melbourne | Sydney,28
Scoparia oxygona,,Insect,3,Adelaide | Canberra–Queanbeyan | Melbourne,28
Proteuxoa tibiata,Owlet Moth,Insect,3,Adelaide | Canberra–Queanbeyan | Perth,28
Ctenotus spaldingi,Spalding's Ctenotus,Reptile,3,Adelaide | Brisbane | Melbourne,27
Aphomia baryptera,Grass Moth,Insect,3,Canberra–Queanbeyan | Melbourne | Sydney,27
Chlorocoma carenaria,Geometer Moth,Insect,3,Brisbane | Hobart | Melbourne,27
Diphucrania scabrosula,,Insect,3,Canberra–Queanbeyan | Melbourne | Sydney,27
Fraus nanus,Ghost Moth,Insect,3,Hobart | Melbourne | Sydney,27
Laphria rufifemorata,Robber Fly,Insect,3,Brisbane | Melbourne | Sydney,27
Lethocerus insulanus,,Insect,3,Brisbane | Darwin | Sydney,27
Melophorus rufoniger,,Insect,3,Brisbane | Canberra–Queanbeyan | Sydney,27
Meranoplus froggatti,False Tirtle Ant,Insect,3,Adelaide | Brisbane | Sydney,27
Paropsis aspera,,Insect,3,Brisbane | Canberra–Queanbeyan | Sydney,27
Rhuma subaurata,,Insect,3,Brisbane | Canberra–Queanbeyan | Sydney,27
Thema brevivitella,Concealer Moth,Insect,3,Brisbane | Canberra–Queanbeyan | Melbourne,27
Verrallina funerea,,Insect,3,Brisbane | Darwin | Sydney,27
Halone sinuata,,Insect,3,Canberra–Queanbeyan | Melbourne | Sydney,27
Austromalaya reticulata,,Insect,3,Brisbane | Darwin | Perth,26
Blastobasis tanyptera,,Insect,3,Adelaide | Brisbane | Sydney,26
Chaetedus longiceps,Plant Bug,Insect,3,Canberra–Queanbeyan | Melbourne | Sydney,26
Eirmocides margarita,Trident Pencilled-blue,Insect,3,Brisbane | Darwin | Sydney,26
Meryx rugosa,,Insect,3,Hobart | Melbourne | Perth,26
Myopsalta waterhousei,Smoky Buzzer,Insect,3,Adelaide | Canberra–Queanbeyan | Melbourne,26
Poecilometis alienus,Shield Bug,Insect,3,Adelaide | Brisbane | Perth,26
Statilia apicalis,,Insect,3,Brisbane | Darwin | Sydney,26
Brunia dorsalis,,Insect,3,Brisbane | Darwin | Sydney,25
Idaea punctatissima,,Insect,3,Brisbane | Melbourne | Sydney,25
Merimnetes oblongus,Radiata Pine Shoot Weevil,Insect,3,Canberra–Queanbeyan | Hobart | Melbourne,25
Parepisparis lutosaria,Geometer Moth,Insect,3,Canberra–Queanbeyan | Melbourne | Sydney,25
Amblypsilopus zonatus,,Insect,3,Brisbane | Perth | Sydney,24
Artigisa impropria,Owlet Moth,Insect,3,Brisbane | Canberra–Queanbeyan | Sydney,24
Balanophorus mastersii,,Insect,3,Brisbane | Melbourne | Sydney,24
Crossophora semiota,,Insect,3,Brisbane | Canberra–Queanbeyan | Sydney,24
Dichromodes emplecta,,Insect,3,Adelaide | Melbourne | Sydney,24
Ectomocoris decoratus,Assassin Bug,Insect,3,Brisbane | Canberra–Queanbeyan | Sydney,24
Epyaxa agelasta,Geometer Moth,Insect,3,Adelaide | Hobart | Melbourne,24
Eulechria convictella,,Insect,3,Canberra–Queanbeyan | Melbourne | Sydney,24
Holocryptis phasianura,Owlet Moth,Insect,3,Brisbane | Melbourne | Sydney,24
Megachile heriadiformis,Bee,Insect,3,Adelaide | Melbourne | Sydney,24
Meomyia fasciculata,Bee Fly,Insect,3,Melbourne | Perth | Sydney,24
Phrataria transcissata,Geometer Moth,Insect,3,Canberra–Queanbeyan | Melbourne | Sydney,24
Barea zygophora,Concealer Moth,Insect,3,Canberra–Queanbeyan | Melbourne | Sydney,24
Hirundo rustica,Barn Swallow,Bird,3,Adelaide | Darwin | Sydney,23
Eubalaena australis,Southern Right Whale,Mammal,3,Adelaide | Perth | Sydney,23
Crocodylus johnstoni,Freshwater Crocodile,Reptile,3,Darwin | Perth | Sydney,23
Acanthonevroides basalis,,Insect,3,Adelaide | Melbourne | Perth,23
Buzara latizona,,Insect,3,Brisbane | Darwin | Sydney,23
Euryglossina hypochroma,Plasterer Bee,Insect,3,Adelaide | Melbourne | Perth,23
Menida plebeia,,Insect,3,Brisbane | Canberra–Queanbeyan | Sydney,23
Plectonycha correntina,,Insect,3,Brisbane | Perth | Sydney,23
Aethina tumida,Small Hive Beetle,Insect,3,Brisbane | Melbourne | Sydney,22
Amphibolia ignorata,Horse Fly,Insect,3,Adelaide | Canberra–Queanbeyan | Melbourne,22
Apiomorpha strombylosa,Felt Scale Insect,Insect,3,Brisbane | Melbourne | Sydney,22
Cirphula pyrrhocnemis,Variable Cirphula,Insect,3,Canberra–Queanbeyan | Melbourne | Sydney,22
Conocephalus bilineatus,,Insect,3,Canberra–Queanbeyan | Melbourne | Sydney,22
Ethmia eupostica,Moth,Insect,3,Adelaide | Canberra–Queanbeyan | Melbourne,22
Leptobatopsis mesominiata,,Insect,3,Brisbane | Canberra–Queanbeyan | Melbourne,22
Monolepta minima,,Insect,3,Canberra–Queanbeyan | Hobart | Melbourne,22
Myrmecia fulviculis,,Insect,3,Brisbane | Melbourne | Sydney,22
Oenochroma subustaria,Geometer Moth,Insect,3,Canberra–Queanbeyan | Perth | Sydney,22
Palimmeces variegata,Concealer Moth,Insect,3,Canberra–Queanbeyan | Melbourne | Sydney,22
Paropsis aegrota,Elliott's Eucalyptus Tortoise Beetle,Insect,3,Brisbane | Canberra–Queanbeyan | Melbourne,22
Paropsisterna octolineata,,Insect,3,Brisbane | Melbourne | Sydney,22
Sphex modestus,,Insect,3,Adelaide | Perth | Sydney,22
Tripteroides atripes,Mosquito,Insect,3,Adelaide | Brisbane | Melbourne,22
Rutilia formosa,Horse Fly,Insect,3,Canberra–Queanbeyan | Melbourne | Sydney,22
Phaethon rubricauda,Red-tailed Tropicbird,Bird,3,Brisbane | Perth | Sydney,21
Acosmeryx cinnamomea,,Insect,3,Brisbane | Darwin | Sydney,21
Cadmus aurantiacus,,Insect,3,Canberra–Queanbeyan | Melbourne | Sydney,21
Garrha atripunctatella,,Insect,3,Brisbane | Canberra–Queanbeyan | Sydney,21
Hylaeus albonitens,,Insect,3,Brisbane | Darwin | Perth,21
Hypobapta barnardi,Geometer Moth,Insect,3,Brisbane | Perth | Sydney,21
Lichenaula lichenea,,Insect,3,Canberra–Queanbeyan | Melbourne | Sydney,21
Metopochetus bivittatus,Muscoid Fly,Insect,3,Hobart | Melbourne | Sydney,21
Oncocoris apicalis,Shield Bug,Insect,3,Adelaide | Melbourne | Perth,21
Pempsamacra tillides,,Insect,3,Brisbane | Melbourne | Sydney,21
Pyroderces falcatella,,Insect,3,Brisbane | Canberra–Queanbeyan | Sydney,21
Staurostichus hilaris,,Insect,3,Brisbane | Perth | Sydney,21
Telostylinus lineolatus,,Insect,3,Brisbane | Darwin | Sydney,21
Theristria delicatula,,Insect,3,Adelaide | Canberra–Queanbeyan | Melbourne,21
Yoyetta abdominalis,Tea-tree Fire-tail Cicada,Insect,3,Hobart | Melbourne | Sydney,21
Yoyetta denisoni,Firetail,Insect,3,Canberra–Queanbeyan | Melbourne | Sydney,21
Creiis corniculatus,Psyllid Bug,Insect,3,Canberra–Queanbeyan | Melbourne | Perth,21
Endosimilis stilbealis,Grass Moth,Insect,3,Brisbane | Melbourne | Sydney,21
Oedosmylus tasmaniensis,,Insect,3,Canberra–Queanbeyan | Hobart | Melbourne,21
Danaus chrysippus,Lesser Wanderer,Insect,3,Brisbane | Perth | Sydney,21
Apiomorpha urnalis,Felt Scale Insect,Insect,3,Adelaide | Canberra–Queanbeyan | Melbourne,20
Ardozyga thermochroa,,Insect,3,Canberra–Queanbeyan | Hobart | Melbourne,20
Coccinella undecimpunctata,Elevenspotted Ladybird,Insect,3,Adelaide | Hobart | Melbourne,20
Eochrois epidesma,Concealer Moth,Insect,3,Melbourne | Perth | Sydney,20
Epicurica laetiferanus,Concealer Moth,Insect,3,Brisbane | Melbourne | Sydney,20
Froggattina australis,Froggatt's Buzzer,Insect,3,Brisbane | Darwin | Sydney,20
Japananus hyalinus,Japanese Maple Leafhopper,Insect,3,Canberra–Queanbeyan | Hobart | Melbourne,20
Larentia apotoma,Geometer Moth,Insect,3,Hobart | Melbourne | Perth,20
Nola phaeogramma,Tuft Moth,Insect,3,Canberra–Queanbeyan | Melbourne | Sydney,20
Notiobiella viridis,,Insect,3,Brisbane | Darwin | Sydney,20
Plinthisus woodwardi,Seed Bug,Insect,3,Brisbane | Hobart | Melbourne,20
Rosopaella lopada,Leafhopper,Insect,3,Adelaide | Canberra–Queanbeyan | Melbourne,20
Scaraphites rotundipennis,,Insect,3,Hobart | Melbourne | Sydney,20
Sessinia punctum,,Insect,3,Brisbane | Hobart | Melbourne,20
Subfurcatana subfurcatana,,Insect,3,Hobart | Melbourne | Sydney,20
Theretra celata,,Insect,3,Brisbane | Darwin | Sydney,20
Pterodroma macroptera,Great-winged Petrel,Bird,3,Adelaide | Perth | Sydney,19
Fulmarus glacialoides,Southern Fulmar,Bird,3,Melbourne | Perth | Sydney,19
Trachemys scripta,Red-eared Slider,Reptile,3,Brisbane | Melbourne | Sydney,19
Agrius godarti,Hawk Moth,Insect,3,Brisbane | Canberra–Queanbeyan | Sydney,19
Anthomyia pluvialis,Bean Fly,Insect,3,Brisbane | Melbourne | Sydney,19
Australnirvana adelaideae,,Insect,3,Adelaide | Hobart | Melbourne,19
Bathytricha truncata,Sugarcane And Maize Stemborer Moth,Insect,3,Adelaide | Canberra–Queanbeyan | Melbourne,19
Cloeon paradieniense,Mayfly,Insect,3,Adelaide | Canberra–Queanbeyan | Perth,19
Culex australicus,Australian House Mosquito,Insect,3,Adelaide | Melbourne | Sydney,19
Demomisis filum,,Insect,3,Brisbane | Melbourne | Sydney,19
Dicranosterna semipunctata,,Insect,3,Brisbane | Melbourne | Sydney,19
Gryllotalpa nitidula,Shiny Mole Cricket,Insect,3,Canberra–Queanbeyan | Perth | Sydney,19
Melangyna collatus,Hover Fly,Insect,3,Canberra–Queanbeyan | Melbourne | Sydney,19
Melophorus hirsutus,,Insect,3,Brisbane | Canberra–Queanbeyan | Melbourne,19
Paropsisterna morio,,Insect,3,Canberra–Queanbeyan | Melbourne | Sydney,19
Phyllotocus ruficollis,,Insect,3,Brisbane | Melbourne | Sydney,19
Piesarthrius marginellus,,Insect,3,Brisbane | Melbourne | Sydney,19
Procladius paludicola,Midge,Insect,3,Adelaide | Melbourne | Sydney,19
Symphyta nyctopis,Lappet Moth,Insect,3,Brisbane | Canberra–Queanbeyan | Sydney,19
Antaresia maculosa,Spotted Python,Reptile,3,Brisbane | Canberra–Queanbeyan | Sydney,18
Acontia detrita,Marbled Shoulder,Insect,3,Brisbane | Canberra–Queanbeyan | Sydney,18
Acropolitis canana,,Insect,3,Brisbane | Canberra–Queanbeyan | Sydney,18
Alophosoma emmelopis,,Insect,3,Brisbane | Melbourne | Sydney,18
Anabunda retortinervis,,Insect,3,Brisbane | Canberra–Queanbeyan | Sydney,18
Betasyrphus serarius,,Insect,3,Brisbane | Melbourne | Sydney,18
Catadoceta xanthostephana,Concealer Moth,Insect,3,Canberra–Queanbeyan | Melbourne | Sydney,18
Creiis lituratus,Psyllid Bug,Insect,3,Brisbane | Canberra–Queanbeyan | Melbourne,18
Munychryia senicula,Grey Anthelid,Insect,3,Brisbane | Melbourne | Sydney,18
Naucoris congrex,Creeping Water Bug,Insect,3,Brisbane | Melbourne | Sydney,18
Neodialineura striatithorax,,Insect,3,Brisbane | Canberra–Queanbeyan | Sydney,18
Nippoptilia cinctipedalis,,Insect,3,Brisbane | Darwin | Sydney,18
Platythyrea parallela,,Insect,3,Brisbane | Melbourne | Sydney,18
Podomyrma ferruginea,,Insect,3,Brisbane | Canberra–Queanbeyan | Melbourne,18
Prasinocyma ocyptera,Emerald Moth,Insect,3,Adelaide | Brisbane | Perth,18
Prometopus inassueta,Owlet Moth,Insect,3,Brisbane | Canberra–Queanbeyan | Sydney,18
Temognatha suturalis,,Insect,3,Canberra–Queanbeyan | Melbourne | Sydney,18
Termessa laeta,Moth,Insect,3,Adelaide | Canberra–Queanbeyan | Sydney,18
Pseudozarba orthopetes,Owlet Moth,Insect,3,Canberra–Queanbeyan | Melbourne | Sydney,18
Cavia porcellus,Guinea Pig,Mammal,3,Hobart | Melbourne | Sydney,17
Abantiades hyalinatus,Ghost Moth,Insect,3,Hobart | Melbourne | Sydney,17
Anaphothrips carlylei,,Insect,3,Canberra–Queanbeyan | Melbourne | Sydney,17
Atrichonotus sordidus,Flores Weevil,Insect,3,Adelaide | Canberra–Queanbeyan | Melbourne,17
Eysarcoris distinctus,Shield Bug,Insect,3,Brisbane | Canberra–Queanbeyan | Sydney,17
Lasiosticha canilinea,,Insect,3,Brisbane | Canberra–Queanbeyan | Melbourne,17
Meroglossa itamuca,Plasterer Bee,Insect,3,Brisbane | Canberra–Queanbeyan | Sydney,17
Oecetis inscripta,Caddisfly,Insect,3,Brisbane | Canberra–Queanbeyan | Melbourne,17
Paropsisterna agricola,,Insect,3,Canberra–Queanbeyan | Hobart | Melbourne,17
Peltoschema tetraspilota,,Insect,3,Brisbane | Canberra–Queanbeyan | Melbourne,17
Pergagrapta gravenhorstii,Sawfly,Insect,3,Brisbane | Canberra–Queanbeyan | Melbourne,17
Pseudopenthes hesperis,,Insect,3,Adelaide | Melbourne | Perth,17
Psilogramma menephron,,Insect,3,Brisbane | Darwin | Sydney,17
Rhinophthalmus modestus,,Insect,3,Brisbane | Melbourne | Sydney,17
Saprinus laetus,,Insect,3,Adelaide | Hobart | Melbourne,17
Tabanus australicus,,Insect,3,Brisbane | Perth | Sydney,17
Thema holoxesta,Concealer Moth,Insect,3,Brisbane | Canberra–Queanbeyan | Melbourne,17
Trypetisoma digitatum,Acalyptrate Fly,Insect,3,Brisbane | Canberra–Queanbeyan | Hobart,17
Acantholybas brunneus,,Insect,3,Brisbane | Melbourne | Sydney,16
Amenia chrysame,Blow Fly,Insect,3,Brisbane | Canberra–Queanbeyan | Sydney,16
Caloptilia azaleella,,Insect,3,Brisbane | Canberra–Queanbeyan | Sydney,16
Campion impressus,,Insect,3,Canberra–Queanbeyan | Melbourne | Sydney,16
Camponotus lownei,Sugar Ant,Insect,3,Brisbane | Melbourne | Sydney,16
Carvaka elegantula,,Insect,3,Brisbane | Melbourne | Sydney,16
Culex orbostiensis,Mosquito,Insect,3,Brisbane | Melbourne | Sydney,16
Deuterarcha xanthomela,Grass Moth,Insect,3,Brisbane | Canberra–Queanbeyan | Sydney,16
Hemibela callista,Concealer Moth,Insect,3,Brisbane | Canberra–Queanbeyan | Sydney,16
Lamoria idiolepida,,Insect,3,Brisbane | Melbourne | Sydney,16
Lepturidea viridis,,Insect,3,Brisbane | Canberra–Queanbeyan | Sydney,16
Macrocarenoides scutellatus,Shield Bug,Insect,3,Adelaide | Brisbane | Melbourne,16
Mesohomotoma hibisci,,Insect,3,Brisbane | Darwin | Sydney,16
Nola vernalis,Tuft Moth,Insect,3,Canberra–Queanbeyan | Melbourne | Sydney,16
Ogyris abrota,Dark Purple Azure,Insect,3,Canberra–Queanbeyan | Melbourne | Sydney,16
Oxythecta lygrosema,Concealer Moth,Insect,3,Canberra–Queanbeyan | Melbourne | Sydney,16
Pachydissus intermedius,,Insect,3,Canberra–Queanbeyan | Melbourne | Sydney,16
Paropsisterna semivittata,,Insect,3,Brisbane | Melbourne | Sydney,16
Proteuxoa florescens,Owlet Moth,Insect,3,Adelaide | Melbourne | Perth,16
Rhytiphora collaris,,Insect,3,Brisbane | Canberra–Queanbeyan | Sydney,16
Sphyrelata amotella,,Insect,3,Canberra–Queanbeyan | Melbourne | Sydney,16
Stegommata sulfuratella,,Insect,3,Canberra–Queanbeyan | Melbourne | Sydney,16
Thallarcha staurocola,Moth,Insect,3,Brisbane | Melbourne | Sydney,16
Hylaeus bituberculatus,Plasterer Bee,Insect,3,Canberra–Queanbeyan | Melbourne | Sydney,16
Megachile rhodura,Bee,Insect,3,Brisbane | Canberra–Queanbeyan | Sydney,16
Heteronyx dimidiata,,Insect,3,Canberra–Queanbeyan | Hobart | Melbourne,16
Campion tenuistrigus,,Insect,3,Brisbane | Canberra–Queanbeyan | Melbourne,15
Coenosia acuticornis,,Insect,3,Brisbane | Hobart | Melbourne,15
Cordus hospes,,Insect,3,Adelaide | Canberra–Queanbeyan | Melbourne,15
Culex sitiens,,Insect,3,Brisbane | Darwin | Sydney,15
Ectosticta cleroides,,Insect,3,Canberra–Queanbeyan | Hobart | Melbourne,15
Eurymela fenestrata,Leafhopper,Insect,3,Brisbane | Canberra–Queanbeyan | Melbourne,15
Fraus simulans,Lesser Ghost Moth,Insect,3,Canberra–Queanbeyan | Hobart | Melbourne,15
Lasiopsylla rotundipennis,Yellowbox Lerp,Insect,3,Adelaide | Canberra–Queanbeyan | Melbourne,15
Leistarches serripes,Assassin Bug,Insect,3,Adelaide | Canberra–Queanbeyan | Melbourne,15
Melobasis obscurella,,Insect,3,Brisbane | Canberra–Queanbeyan | Melbourne,15
Microdes melanocausta,Geometer Moth,Insect,3,Canberra–Queanbeyan | Hobart | Melbourne,15
Notiphila fuscimana,Shore Fly,Insect,3,Brisbane | Canberra–Queanbeyan | Melbourne,15
Orosius argentatus,Common Brown Leafhopper,Insect,3,Adelaide | Canberra–Queanbeyan | Melbourne,15
Pamerapa thoracica,Seed Bug,Insect,3,Adelaide | Brisbane | Melbourne,15
Pogonella minutus,Treehopper,Insect,3,Canberra–Queanbeyan | Melbourne | Sydney,15
Rhinotia filiformis,,Insect,3,Adelaide | Canberra–Queanbeyan | Melbourne,15
Scoliacma bicolora,Moth,Insect,3,Adelaide | Canberra–Queanbeyan | Melbourne,15
Selagis caloptera,,Insect,3,Canberra–Queanbeyan | Melbourne | Sydney,15
Selitrichodes utilis,,Insect,3,Adelaide | Melbourne | Sydney,15
Sphaeniscus atilius,,Insect,3,Brisbane | Canberra–Queanbeyan | Sydney,15
Tapeigaster luteipennis,Fly,Insect,3,Brisbane | Melbourne | Sydney,15
Thallarcha trissomochla,Moth,Insect,3,Adelaide | Brisbane | Canberra–Queanbeyan,15
Garrha sincerella,Concealer Moth,Insect,3,Canberra–Queanbeyan | Melbourne | Sydney,15
Heliocheilus moribunda,Owlet Moth,Insect,3,Canberra–Queanbeyan | Melbourne | Sydney,15
Hydrophis elegans,Elegant Sea Snake,Reptile,3,Brisbane | Darwin | Sydney,14
Anacharis zealandica,,Insect,3,Adelaide | Melbourne | Sydney,14
Apiomorpha pileata,,Insect,3,Brisbane | Melbourne | Sydney,14
Archichauliodes guttiferus,Dobsonfly,Insect,3,Canberra–Queanbeyan | Melbourne | Sydney,14
Authaemon stenonipha,Geometer Moth,Insect,3,Canberra–Queanbeyan | Hobart | Melbourne,14
Chaoborus vagus,,Insect,3,Adelaide | Brisbane | Melbourne,14
Clivina basalis,,Insect,3,Canberra–Queanbeyan | Melbourne | Sydney,14
Diemoides anomalus,,Insect,3,Brisbane | Canberra–Queanbeyan | Hobart,14
Genduara acedesta,Lappet Moth,Insect,3,Adelaide | Canberra–Queanbeyan | Melbourne,14
Heliomystis electrica,Geometer Moth,Insect,3,Hobart | Melbourne | Sydney,14
Oenochroma vetustaria,Geometer Moth,Insect,3,Brisbane | Canberra–Queanbeyan | Sydney,14
Opogona papayae,,Insect,3,Brisbane | Darwin | Perth,14
Paropsisterna erudita,,Insect,3,Canberra–Queanbeyan | Melbourne | Sydney,14
Phyllotreta undulata,,Insect,3,Adelaide | Brisbane | Melbourne,14
Pnirsus cinctipes,Assassin Bug,Insect,3,Adelaide | Canberra–Queanbeyan | Perth,14
Trachylestes turneri,Assassin Bug,Insect,3,Adelaide | Melbourne | Perth,14
Holocola triangulana,,Insect,3,Adelaide | Canberra–Queanbeyan | Melbourne,14
Yoyetta hunterorum,,Insect,3,Canberra–Queanbeyan | Melbourne | Sydney,14
Acontia clerana,Owlet Moth,Insect,3,Brisbane | Canberra–Queanbeyan | Melbourne,13
Acrocercops irrorata,,Insect,3,Adelaide | Brisbane | Canberra–Queanbeyan,13
Agriophara dyscapna,Concealer Moth,Insect,3,Canberra–Queanbeyan | Melbourne | Sydney,13
Amphylaeus morosus,Plasterer Bee,Insect,3,Brisbane | Melbourne | Sydney,13
Atoichus bicolor,,Insect,3,Canberra–Queanbeyan | Hobart | Melbourne,13
Austromantispa imbecilla,,Insect,3,Brisbane | Darwin | Sydney,13
Cloeon fluviatile,Mayfly,Insect,3,Adelaide | Brisbane | Perth,13
Cyphipelta rufocyanea,,Insect,3,Hobart | Melbourne | Sydney,13
Enicospilus skeltonii,,Insect,3,Adelaide | Canberra–Queanbeyan | Melbourne,13
Eunatalis porcata,Clerid Beetle,Insect,3,Adelaide | Hobart | Melbourne,13
Galerucella placida,,Insect,3,Brisbane | Melbourne | Sydney,13
Graptostethus servus,Seed Eating Bug,Insect,3,Brisbane | Darwin | Hobart,13
Heteromicta aegidia,,Insect,3,Canberra–Queanbeyan | Melbourne | Sydney,13
Hylaeus amiculiformis,,Insect,3,Brisbane | Canberra–Queanbeyan | Sydney,13
Hypocisseis suturalis,,Insect,3,Brisbane | Canberra–Queanbeyan | Melbourne,13
Meritastis pyrosemana,Leafroller Moth,Insect,3,Adelaide | Canberra–Queanbeyan | Melbourne,13
Paradrymus exilirostris,Seed Bug,Insect,3,Canberra–Queanbeyan | Hobart | Melbourne,13
Pectinariophyes stalii,Tube Spittlebug,Insect,3,Brisbane | Canberra–Queanbeyan | Melbourne,13
Syrphoctonus nigreoauratilis,,Insect,3,Adelaide | Canberra–Queanbeyan | Melbourne,13
Telocharacta hemicroca,Concealer Moth,Insect,3,Canberra–Queanbeyan | Melbourne | Sydney,13
Vitellus rufolineus,Shield Bug,Insect,3,Canberra–Queanbeyan | Melbourne | Sydney,13
Idalima affinis,Owlet Moth,Insect,3,Brisbane | Canberra–Queanbeyan | Sydney,13
Phylomictis sarcinopa,,Insect,3,Canberra–Queanbeyan | Melbourne | Sydney,13
Theretra indistincta,,Insect,3,Brisbane | Darwin | Sydney,13
Macrotis lagotis,Bilby,Mammal,3,Adelaide | Perth | Sydney,12
Aprivesa varipennis,,Insect,3,Adelaide | Brisbane | Sydney,12
Chaetocoelopa sydneyensis,Sydney Kelp Fly,Insect,3,Hobart | Perth | Sydney,12
Chrysolarentia insulsata,Geometer Moth,Insect,3,Adelaide | Hobart | Melbourne,12
Compsotropha selenias,Concealer Moth,Insect,3,Canberra–Queanbeyan | Hobart | Perth,12
Enoplidia simplex,Concealer Moth,Insect,3,Brisbane | Melbourne | Sydney,12
Exitianus plebeius,Leafhopper,Insect,3,Brisbane | Canberra–Queanbeyan | Perth,12
Fieberiella florii,,Insect,3,Brisbane | Canberra–Queanbeyan | Melbourne,12
Halone servilis,Moth,Insect,3,Canberra–Queanbeyan | Melbourne | Sydney,12
Helinomydaea flavofusca,,Insect,3,Canberra–Queanbeyan | Hobart | Melbourne,12
Longitarsus echii,Salvation Jane Flea Beetle,Insect,3,Adelaide | Canberra–Queanbeyan | Melbourne,12
Marava arachidis,"Chief Earwig, Bone-house Earwig",Insect,3,Adelaide | Brisbane | Canberra–Queanbeyan,12
Oncophysa vesiculata,Lace Bug,Insect,3,Adelaide | Melbourne | Perth,12
Ostrinia furnacalis,,Insect,3,Brisbane | Melbourne | Sydney,12
Pelororhinus transversus,,Insect,3,Canberra–Queanbeyan | Hobart | Melbourne,12
Phthonerodes peridela,,Insect,3,Brisbane | Canberra–Queanbeyan | Sydney,12
Rhinotia venusta,,Insect,3,Brisbane | Melbourne | Sydney,12
Sarothrocrepis elegans,,Insect,3,Canberra–Queanbeyan | Hobart | Melbourne,12
Sciadocera rufomaculata,Hump-backed Fly,Insect,3,Canberra–Queanbeyan | Hobart | Melbourne,12
Scitala sericans,Shiny Pasture Scarab,Insect,3,Canberra–Queanbeyan | Hobart | Melbourne,12
Telura vitticollis,,Insect,3,Canberra–Queanbeyan | Hobart | Melbourne,12
Cryptophasa albacosta,Concealer Moth,Insect,3,Brisbane | Hobart | Melbourne,12
Neumichtis expulsa,Owlet Moth,Insect,3,Canberra–Queanbeyan | Hobart | Melbourne,12
Nola paroxynta,,Insect,3,Brisbane | Melbourne | Sydney,12
Plautia affinis,Green Stink Bug,Insect,3,Brisbane | Melbourne | Sydney,12
Dugong dugon,Dugong,Mammal,3,Brisbane | Darwin | Sydney,11
Adrium artifex,,Insect,3,Canberra–Queanbeyan | Melbourne | Sydney,11
Anomozancla scopariella,Concealer Moth,Insect,3,Canberra–Queanbeyan | Melbourne | Sydney,11
Aporocera parenthetica,,Insect,3,Canberra–Queanbeyan | Melbourne | Sydney,11
Brachydeutera sydneyensis,Shore Fly,Insect,3,Canberra–Queanbeyan | Melbourne | Sydney,11
Callomelitta antipodes,Plasterer Bee,Insect,3,Melbourne | Perth | Sydney,11
Chlenias ochrocrana,Geometer Moth,Insect,3,Canberra–Queanbeyan | Melbourne | Sydney,11
Copidita sloanei,,Insect,3,Adelaide | Canberra–Queanbeyan | Melbourne,11
Cylindromyia nigricosta,,Insect,3,Adelaide | Canberra–Queanbeyan | Melbourne,11
Dichromodes confluaria,Geometer Moth,Insect,3,Hobart | Melbourne | Sydney,11
Eccymatoge fulvida,Geometer Moth,Insect,3,Canberra–Queanbeyan | Melbourne | Sydney,11
Eupselia hypsichora,,Insect,3,Canberra–Queanbeyan | Perth | Sydney,11
Hemibela hemicalypta,Concealer Moth,Insect,3,Adelaide | Canberra–Queanbeyan | Melbourne,11
Hyocephalus aprugnus,,Insect,3,Adelaide | Melbourne | Perth,11
Lepidotarsa habrodelta,Concealer Moth,Insect,3,Adelaide | Melbourne | Sydney,11
Mimobrachyoma maculifera,,Insect,3,Brisbane | Melbourne | Sydney,11
Nascioides parryi,,Insect,3,Canberra–Queanbeyan | Hobart | Melbourne,11
Nola pothina,Tuft Moth,Insect,3,Adelaide | Canberra–Queanbeyan | Sydney,11
Ptilophorus pruinosa,,Insect,3,Canberra–Queanbeyan | Melbourne | Sydney,11
Rhytiphora neglecta,,Insect,3,Brisbane | Canberra–Queanbeyan | Sydney,11
Sapromyza occipitalis,,Insect,3,Brisbane | Melbourne | Sydney,11
Sarcophaga iota,,Insect,3,Adelaide | Brisbane | Melbourne,11
Trichaulax philipsii,Greyfurrowed Rose Chafer,Insect,3,Adelaide | Melbourne | Sydney,11
Chlorocoma externa,Geometer Moth,Insect,3,Adelaide | Hobart | Sydney,11
Distichocera fuliginosa,,Insect,3,Adelaide | Melbourne | Sydney,11
Leioproctus recusus,,Insect,3,Canberra–Queanbeyan | Melbourne | Sydney,11
Prionyx globosus,Wasp,Insect,3,Adelaide | Canberra–Queanbeyan | Perth,11
Stictochila myriospila,Concealer Moth,Insect,3,Adelaide | Canberra–Queanbeyan | Melbourne,11
Ephestia elutella,Tobacco Moth,Insect,3,Canberra–Queanbeyan | Hobart | Melbourne,11
Glenoleon osmyloides,,Insect,3,Adelaide | Canberra–Queanbeyan | Perth,11
Ocrasa acerasta,Grass Moth,Insect,3,Adelaide | Canberra–Queanbeyan | Sydney,11
Scotorepens greyii,Little Broad-nosed Bat,Mammal,3,Brisbane | Darwin | Sydney,10
Diporiphora nobbi,Nobbi Dragon,Reptile,3,Brisbane | Canberra–Queanbeyan | Sydney,10
Egernia striolata,Tree Skink,Reptile,3,Adelaide | Brisbane | Sydney,10
Alcaeus lignicolor,Shield Bug,Insect,3,Adelaide | Melbourne | Perth,10
Aleurocanthus banksiae,Whitefly,Insect,3,Adelaide | Melbourne | Sydney,10
Apiomorpha karschi,Felt Scale Insect,Insect,3,Adelaide | Brisbane | Sydney,10
Ardozyga macroplaca,,Insect,3,Canberra–Queanbeyan | Melbourne | Sydney,10
Austroagalloides rosea,Leafhopper,Insect,3,Canberra–Queanbeyan | Hobart | Sydney,10
Austrogymnocnemia meteorica,,Insect,3,Adelaide | Canberra–Queanbeyan | Perth,10
Austrolestes aridus,Inland Ringtail,Insect,3,Brisbane | Canberra–Queanbeyan | Sydney,10
Casbia tanaoctena,Geometer Moth,Insect,3,Canberra–Queanbeyan | Melbourne | Sydney,10
Dendroaeschna conspersa,Wide-faced Darner,Insect,3,Brisbane | Canberra–Queanbeyan | Melbourne,10
Elesma subglauca,Tuft Moth,Insect,3,Melbourne | Perth | Sydney,10
Garrha platyporphyra,,Insect,3,Melbourne | Perth | Sydney,10
Genduara subnotata,Lappet Moth,Insect,3,Adelaide | Brisbane | Melbourne,10
Glycythyma leonina,Grass Moth,Insect,3,Brisbane | Darwin | Perth,10
Gnathifera eurybias,,Insect,3,Canberra–Queanbeyan | Hobart | Melbourne,10
Hyalopterus pruni,Mealy Plum Aphid,Insect,3,Adelaide | Melbourne | Sydney,10
Hylaeus perplexus,,Insect,3,Hobart | Melbourne | Sydney,10
Liparetrus discipennis,,Insect,3,Canberra–Queanbeyan | Melbourne | Sydney,10
Macrobathra euryleuca,,Insect,3,Brisbane | Melbourne | Sydney,10
Mecynopus cothurnatus,,Insect,3,Canberra–Queanbeyan | Hobart | Melbourne,10
Myrmecorhynchus emeryi,Ant,Insect,3,Canberra–Queanbeyan | Melbourne | Sydney,10
Neostenus saundersii,,Insect,3,Canberra–Queanbeyan | Melbourne | Sydney,10
Neumichtis spumigera,Owlet Moth,Insect,3,Canberra–Queanbeyan | Hobart | Melbourne,10
Onthophagus auritus,,Insect,3,Canberra–Queanbeyan | Melbourne | Sydney,10
Paraphylax anax,,Insect,3,Brisbane | Melbourne | Sydney,10
Pheropsophus verticalis,Bombardier Beetle,Insect,3,Adelaide | Canberra–Queanbeyan | Sydney,10
Sphex bilobatus,,Insect,3,Canberra–Queanbeyan | Melbourne | Sydney,10
Austrotephritis pumila,,Insect,3,Canberra–Queanbeyan | Hobart | Sydney,10
Barea atmophora,Concealer Moth,Insect,3,Brisbane | Canberra–Queanbeyan | Melbourne,10
Barea subviridella,,Insect,3,Canberra–Queanbeyan | Melbourne | Sydney,10
Callohesma flavopicta,Plasterer Bee,Insect,3,Adelaide | Melbourne | Perth,10
Eroschema poweri,,Insect,3,Brisbane | Canberra–Queanbeyan | Melbourne,10
Ethemaia sellata,Greybanded Leaf Weevil,Insect,3,Adelaide | Canberra–Queanbeyan | Melbourne,10
Lophotoma metabula,,Insect,3,Brisbane | Canberra–Queanbeyan | Sydney,10
Stenolemus bituberus,Assassin Bug,Insect,3,Adelaide | Melbourne | Sydney,10
Visiana brujata,Geometer Moth,Insect,3,Canberra–Queanbeyan | Melbourne | Sydney,10
Xylobosca canina,,Insect,3,Canberra–Queanbeyan | Hobart | Melbourne,10
Lepidochelys olivacea,Pacific Ridley,Reptile,3,Adelaide | Darwin | Sydney,9
Agapophytus queenslandi,Stiletto Fly,Insect,3,Adelaide | Melbourne | Sydney,9
Aphela helopoides,,Insect,3,Adelaide | Melbourne | Perth,9
Cactoblastis cactorum,,Insect,3,Brisbane | Melbourne | Sydney,9
Callohesma calliopsella,Plasterer Bee,Insect,3,Adelaide | Melbourne | Sydney,9
Capusa stenophara,Geometer Moth,Insect,3,Canberra–Queanbeyan | Melbourne | Sydney,9
Cassythaphaga macarta,Geometer Moth,Insect,3,Hobart | Melbourne | Perth,9
Chlaenius australis,,Insect,3,Adelaide | Canberra–Queanbeyan | Melbourne,9
Chlaenius darlingensis,,Insect,3,Canberra–Queanbeyan | Melbourne | Sydney,9
Collessiama pyrrhotelus,,Insect,3,Brisbane | Canberra–Queanbeyan | Sydney,9
Comptosia apicalis,Bee Fly,Insect,3,Brisbane | Canberra–Queanbeyan | Sydney,9
Cychramptodes murrayi,,Insect,3,Adelaide | Canberra–Queanbeyan | Melbourne,9
Daerlac picturatus,,Insect,3,Adelaide | Melbourne | Perth,9
Dardus abbreviatus,,Insect,3,Brisbane | Canberra–Queanbeyan | Sydney,9
Dicrotelus prolixus,Assassin Bug,Insect,3,Canberra–Queanbeyan | Hobart | Melbourne,9
Enicospilus lineolatus,,Insect,3,Brisbane | Canberra–Queanbeyan | Melbourne,9
Epiphyas dotatana,Leafroller Moth,Insect,3,Adelaide | Canberra–Queanbeyan | Melbourne,9
Eristalinus aeneus,,Insect,3,Adelaide | Melbourne | Perth,9
Euryglossa depressa,Plasterer Bee,Insect,3,Canberra–Queanbeyan | Melbourne | Sydney,9
Figulus regularis,,Insect,3,Adelaide | Brisbane | Darwin,9
Gasteruption cinerescens,,Insect,3,Brisbane | Canberra–Queanbeyan | Sydney,9
Glycaspis granulata,,Insect,3,Melbourne | Perth | Sydney,9
Glyphipterix acinacella,,Insect,3,Brisbane | Melbourne | Sydney,9
Hasta hastata,,Insect,3,Brisbane | Hobart | Melbourne,9
Paropsis intermedia,,Insect,3,Canberra–Queanbeyan | Melbourne | Sydney,9
Pedois lewinella,Moth,Insect,3,Canberra–Queanbeyan | Hobart | Melbourne,9
Perga affinis,Spitfire Sawfly,Insect,3,Canberra–Queanbeyan | Melbourne | Perth,9
Phola octodecimguttata,,Insect,3,Brisbane | Darwin | Sydney,9
Psalidostetha banksiae,Banksia Moth,Insect,3,Hobart | Perth | Sydney,9
Ptilogyna gracilis,Crane Fly,Insect,3,Canberra–Queanbeyan | Melbourne | Sydney,9
Rhyzobius ventralis,Black Lady Beetle,Insect,3,Canberra–Queanbeyan | Hobart | Melbourne,9
Sympycnodes epicycla,Carpenter Moth,Insect,3,Canberra–Queanbeyan | Melbourne | Sydney,9
Thamnophryne nysias,Leafhopper,Insect,3,Adelaide | Canberra–Queanbeyan | Hobart,9
Thema chlorochyta,Concealer Moth,Insect,3,Canberra–Queanbeyan | Melbourne | Sydney,9
Trogium pulsatorium,,Insect,3,Brisbane | Canberra–Queanbeyan | Sydney,9
Ablabesmyia notabilis,Midges,Insect,3,Adelaide | Hobart | Melbourne,9
Ancita antennata,,Insect,3,Adelaide | Melbourne | Perth,9
Austrosciapus tumidus,Long-legged Fly,Insect,3,Brisbane | Melbourne | Sydney,9
Delacampius lateralis,,Insect,3,Brisbane | Hobart | Melbourne,9
Gonipterus gibberus,,Insect,3,Canberra–Queanbeyan | Hobart | Melbourne,9
Hylaeus philoleucus,Plasterer Bee,Insect,3,Brisbane | Melbourne | Sydney,9
Opsirhina lechriodes,Lappet Moth,Insect,3,Brisbane | Canberra–Queanbeyan | Sydney,9
Pseudostoreus placitus,,Insect,3,Canberra–Queanbeyan | Hobart | Melbourne,9
Ptilocnemus femoralis,Assassin Bug,Insect,3,Brisbane | Hobart | Melbourne,9
Tapinoma minutum,Dwarf Pecdicel Ant,Insect,3,Brisbane | Melbourne | Sydney,9
Terobiella nigriceps,Parasitoid Wasp,Insect,3,Adelaide | Canberra–Queanbeyan | Melbourne,9
Cerdistus varifemoratus,Robber Fly,Insect,3,Brisbane | Canberra–Queanbeyan | Melbourne,9
Scaptodrosophila obsoleta,,Insect,3,Adelaide | Hobart | Sydney,9
Blepharotes coriarius,Giant Yellow Robber Fly,Insect,3,Adelaide | Brisbane | Sydney,8
Enicospilus gardei,,Insect,3,Adelaide | Brisbane | Melbourne,8
Episcaphula duplopunctata,,Insect,3,Brisbane | Darwin | Sydney,8
Eupselia satrapella,,Insect,3,Brisbane | Canberra–Queanbeyan | Melbourne,8
Graptostethus varipictus,Large Milkweed Bug,Insect,3,Brisbane | Darwin | Sydney,8
Heteroponera imbellis,Ant,Insect,3,Brisbane | Melbourne | Sydney,8
Lophyrotoma cyanea,Sawfly,Insect,3,Brisbane | Canberra–Queanbeyan | Sydney,8
Luzonimyia cineracea,,Insect,3,Brisbane | Canberra–Queanbeyan | Sydney,8
Macrobathra arrectella,,Insect,3,Brisbane | Canberra–Queanbeyan | Darwin,8
Macrocera decorosa,,Insect,3,Canberra–Queanbeyan | Melbourne | Sydney,8
Mordella promiscua,,Insect,3,Hobart | Melbourne | Sydney,8
Nisotra breweri,,Insect,3,Brisbane | Melbourne | Sydney,8
Paralastor parca,Wasp,Insect,3,Adelaide | Melbourne | Sydney,8
Plutella australiana,,Insect,3,Adelaide | Melbourne | Sydney,8
Reuplemmeles hobartensis,Leafhopper,Insect,3,Brisbane | Canberra–Queanbeyan | Sydney,8
Scopula oppilata,,Insect,3,Brisbane | Darwin | Melbourne,8
Taburnus breviceps,,Insect,3,Canberra–Queanbeyan | Melbourne | Sydney,8
Theristria stigma,,Insect,3,Brisbane | Melbourne | Sydney,8
Tineodes adactylalis,,Insect,3,Hobart | Perth | Sydney,8
Trachymela rugosa,,Insect,3,Canberra–Queanbeyan | Hobart | Melbourne,8
Xylophion xylus,,Insect,3,Canberra–Queanbeyan | Hobart | Melbourne,8
Carposina taractis,,Insect,3,Canberra–Queanbeyan | Melbourne | Sydney,8
Furcatrox australis,Geometer Moth,Insect,3,Hobart | Melbourne | Sydney,8
Imparipecten pictipes,Midge,Insect,3,Canberra–Queanbeyan | Melbourne | Sydney,8
Malipo bianchii,,Insect,3,Brisbane | Canberra–Queanbeyan | Sydney,8
Melobasis vittata,,Insect,3,Adelaide | Canberra–Queanbeyan | Perth,8
Nisista notodontaria,Geometer Moth,Insect,3,Adelaide | Melbourne | Perth,8
Iptergonus cionoides,,Insect,3,Canberra–Queanbeyan | Melbourne | Sydney,8
Labium inflexum,,Insect,3,Brisbane | Melbourne | Sydney,8
Metioche vittaticollis,,Insect,3,Canberra–Queanbeyan | Hobart | Sydney,8
Aacanthocnema dobsoni,,Insect,3,Adelaide | Hobart | Melbourne,7
Amelora zophopasta,Geometer Moth,Insect,3,Hobart | Melbourne | Sydney,7
Aporocera atra,,Insect,3,Hobart | Melbourne | Sydney,7
Ardozyga loemias,,Insect,3,Canberra–Queanbeyan | Melbourne | Sydney,7
Ardozyga mesochra,Twirler Moth,Insect,3,Adelaide | Brisbane | Sydney,7
Atrichonotus minimus,Little Fringed Weevil,Insect,3,Adelaide | Canberra–Queanbeyan | Sydney,7
Bifiditermes improbus,Termite,Insect,3,Adelaide | Brisbane | Melbourne,7
Calopompilus irritabilis,,Insect,3,Canberra–Queanbeyan | Melbourne | Sydney,7
Crepidomenus fulgidus,,Insect,3,Canberra–Queanbeyan | Hobart | Melbourne,7
Culama suffusca,Carpenter Moth,Insect,3,Hobart | Melbourne | Sydney,7
Debiliana debiliana,,Insect,3,Adelaide | Canberra–Queanbeyan | Perth,7
Drosophila busckii,Fruit Fly,Insect,3,Adelaide | Melbourne | Sydney,7
Dryophilodes pyrifer,,Insect,3,Adelaide | Brisbane | Melbourne,7
Dworena hyacintha,,Insect,3,Brisbane | Canberra–Queanbeyan | Melbourne,7
Elophila difflualis,,Insect,3,Brisbane | Darwin | Sydney,7
Epitymbia scotinopa,Leafroller Moth,Insect,3,Hobart | Melbourne | Sydney,7
Helina addita,,Insect,3,Adelaide | Hobart | Melbourne,7
Lasiopsylla striata,,Insect,3,Adelaide | Canberra–Queanbeyan | Melbourne,7
Macrocera mastersi,,Insect,3,Adelaide | Hobart | Melbourne,7
Megalyra fasciipennis,,Insect,3,Hobart | Melbourne | Sydney,7
Nearcha nullata,Geometer Moth,Insect,3,Canberra–Queanbeyan | Melbourne | Sydney,7
Pharochilus rugiceps,,Insect,3,Canberra–Queanbeyan | Hobart | Melbourne,7
Philobota pedetis,Concealer Moth,Insect,3,Canberra–Queanbeyan | Melbourne | Sydney,7
Philogethes metableta,,Insect,3,Brisbane | Melbourne | Sydney,7
Proteuxoa senta,Owlet Moth,Insect,3,Adelaide | Hobart | Melbourne,7
Rhinaria tragocephala,,Insect,3,Adelaide | Melbourne | Perth,7
Scirtes exoletus,,Insect,3,Adelaide | Brisbane | Melbourne,7
Scoparia emmetropis,,Insect,3,Brisbane | Canberra–Queanbeyan | Melbourne,7
Syneora excursaria,Geometer Moth,Insect,3,Adelaide | Melbourne | Perth,7
Tylochares cosmiella,,Insect,3,Brisbane | Canberra–Queanbeyan | Melbourne,7
Typhaea stercorea,Hairy Fungus Beetle,Insect,3,Brisbane | Melbourne | Perth,7
Xanthorhoe vacuaria,Geometer Moth,Insect,3,Adelaide | Melbourne | Perth,7
Xanthorhoe xanthospila,Geometer Moth,Insect,3,Adelaide | Canberra–Queanbeyan | Melbourne,7
Ascetoderes equinus,,Insect,3,Brisbane | Hobart | Melbourne,7
Deroploa parva,Shield Bug,Insect,3,Canberra–Queanbeyan | Melbourne | Sydney,7
Eulechria suffusa,,Insect,3,Canberra–Queanbeyan | Melbourne | Sydney,7
Glyphidoptera polymita,Leafroller Moth,Insect,3,Canberra–Queanbeyan | Melbourne | Sydney,7
Polyclonus atratus,Sawfly,Insect,3,Canberra–Queanbeyan | Melbourne | Sydney,7
Uracanthus discicollis,,Insect,3,Adelaide | Canberra–Queanbeyan | Perth,7
Euoniticellus fulvus,,Insect,3,Adelaide | Canberra–Queanbeyan | Melbourne,7
Eurema herla,Macleay's Grass Yellow,Insect,3,Brisbane | Canberra–Queanbeyan | Darwin,7
Lancetes lanceolatus,Diving Beetle,Insect,3,Adelaide | Melbourne | Perth,7
Paropsisterna irina,,Insect,3,Canberra–Queanbeyan | Melbourne | Sydney,7
Siphanta hebes,Common Green Planthopper,Insect,3,Hobart | Melbourne | Sydney,7
Netelia producta,Orange Caterpillar Parasite Wasp,Insect,3,Adelaide | Melbourne | Sydney,7
Sula sula,Red-footed Booby,Bird,3,Brisbane | Darwin | Melbourne,6
Acizzia conspicua,,Insect,3,Adelaide | Melbourne | Sydney,6
Amenia leonina,,Insect,3,Canberra–Queanbeyan | Darwin | Sydney,6
Anarsia dryinopa,,Insect,3,Brisbane | Canberra–Queanbeyan | Perth,6
Aphyopsocus prolixus,,Insect,3,Brisbane | Hobart | Melbourne,6
Aproaerema isoscelixantha,,Insect,3,Adelaide | Brisbane | Melbourne,6
Brachynemata restricta,,Insect,3,Adelaide | Brisbane | Sydney,6
Castiarina cupreoflava,,Insect,3,Adelaide | Melbourne | Perth,6
Catoryctis subnexella,,Insect,3,Brisbane | Melbourne | Perth,6
Chalcosyrphus elongatus,Hover Fly,Insect,3,Brisbane | Melbourne | Perth,6
Chlenias stenosticha,Geometer Moth,Insect,3,Adelaide | Melbourne | Perth,6
Cleora goldfinchi,,Insect,3,Brisbane | Canberra–Queanbeyan | Sydney,6
Ephysteris promptella,,Insect,3,Brisbane | Canberra–Queanbeyan | Sydney,6
Labdia chryselectra,,Insect,3,Brisbane | Darwin | Sydney,6
Lissonota bella,,Insect,3,Brisbane | Melbourne | Sydney,6
Monolepta rubrofasciata,,Insect,3,Brisbane | Canberra–Queanbeyan | Melbourne,6
Notherobius hastatus,,Insect,3,Canberra–Queanbeyan | Hobart | Melbourne,6
Paralastor laetus,,Insect,3,Melbourne | Perth | Sydney,6
Paratettix argillaceus,,Insect,3,Canberra–Queanbeyan | Hobart | Melbourne,6
Parorthorhinus aethiops,,Insect,3,Canberra–Queanbeyan | Melbourne | Sydney,6
Platybrachys vidua,,Insect,3,Brisbane | Canberra–Queanbeyan | Sydney,6
Polichne parvicauda,,Insect,3,Brisbane | Canberra–Queanbeyan | Sydney,6
Priobium multimaculatus,,Insect,3,Adelaide | Canberra–Queanbeyan | Melbourne,6
Agenioideus nigricornis,Spider Wasp,Insect,3,Adelaide | Melbourne | Perth,6
Cadmus excrementarius,,Insect,3,Canberra–Queanbeyan | Melbourne | Perth,6
Castiarina cruentata,,Insect,3,Canberra–Queanbeyan | Melbourne | Sydney,6
Chrysolarentia imperviata,Geometer Moth,Insect,3,Adelaide | Canberra–Queanbeyan | Sydney,6
Clematostigma maculiceps,,Insect,3,Hobart | Melbourne | Perth,6
Cryptophasa balteata,,Insect,3,Adelaide | Brisbane | Sydney,6
Edosa irruptella,Fungus Moth,Insect,3,Brisbane | Hobart | Melbourne,6
Eirmocides consimilis,Dark Pencilled-blue,Insect,3,Brisbane | Melbourne | Sydney,6
Neogalea sunia,,Insect,3,Adelaide | Brisbane | Sydney,6
Onitis alexis,Bronze Dung Beetle,Insect,3,Brisbane | Canberra–Queanbeyan | Sydney,6
Oulema rufotincta,,Insect,3,Brisbane | Canberra–Queanbeyan | Melbourne,6
Paropsis obsoleta,,Insect,3,Brisbane | Canberra–Queanbeyan | Sydney,6
Periallactis monostropha,Concealer Moth,Insect,3,Canberra–Queanbeyan | Melbourne | Sydney,6
Phrataria replicataria,Geometer Moth,Insect,3,Canberra–Queanbeyan | Melbourne | Sydney,6
Platybrachys barbata,,Insect,3,Brisbane | Canberra–Queanbeyan | Perth,6
Proteuxoa chrysospila,Owlet Moth,Insect,3,Adelaide | Canberra–Queanbeyan | Melbourne,6
Garrha limbata,Concealer Moth,Insect,3,Canberra–Queanbeyan | Melbourne | Sydney,6
Grammodes pulcherrima,Owlet Moth,Insect,3,Brisbane | Perth | Sydney,6
Strongylurus cretifer,Silverbirch Branchcutter,Insect,3,Adelaide | Canberra–Queanbeyan | Sydney,6
Peltohyas australis,Inland Dotterel,Bird,3,Canberra–Queanbeyan | Perth | Sydney,5
Dasyurus viverrinus,Luaner,Mammal,3,Darwin | Hobart | Melbourne,5
Agamerion cleptideum,,Insect,3,Canberra–Queanbeyan | Hobart | Melbourne,5
Ardiosteres moretonella,,Insect,3,Brisbane | Canberra–Queanbeyan | Hobart,5
Austroagallia torrida,Spotted Leafhopper,Insect,3,Adelaide | Brisbane | Canberra–Queanbeyan,5
Austrogorytes bellicosus,Wasp,Insect,3,Canberra–Queanbeyan | Melbourne | Sydney,5
Callococcus leptospermi,,Insect,3,Brisbane | Perth | Sydney,5
Ceratomansa spinifrons,,Insect,3,Hobart | Melbourne | Sydney,5
Ceromitia leptosticta,,Insect,3,Canberra–Queanbeyan | Melbourne | Sydney,5
Craniosara pyrotricha,,Insect,3,Adelaide | Melbourne | Sydney,5
Dieuches scutellatus,,Insect,3,Brisbane | Melbourne | Perth,5
Diphlebia nymphoides,Arrowhead Rockmaster,Insect,3,Brisbane | Canberra–Queanbeyan | Melbourne,5
Eretes australis,Diving Beetle,Insect,3,Adelaide | Melbourne | Sydney,5
Glaucocharis ochracealis,,Insect,3,Brisbane | Melbourne | Sydney,5
Helius communis,Crane Fly,Insect,3,Brisbane | Melbourne | Sydney,5
Hyphesma atromicans,Plasterer Bee,Insect,3,Adelaide | Melbourne | Sydney,5
Labdia bryomima,,Insect,3,Canberra–Queanbeyan | Melbourne | Sydney,5
Ligyra sinuatifascia,Bee Fly,Insect,3,Brisbane | Perth | Sydney,5
Lithilaria ossicolor,Litter Moth,Insect,3,Brisbane | Melbourne | Sydney,5
Macarostola formosa,,Insect,3,Brisbane | Melbourne | Sydney,5
Melobasis splendida,,Insect,3,Adelaide | Brisbane | Canberra–Queanbeyan,5
Mordella quadrimaculata,,Insect,3,Brisbane | Canberra–Queanbeyan | Melbourne,5
Notoncus hickmani,Yellow Epaulet Ant,Insect,3,Brisbane | Canberra–Queanbeyan | Melbourne,5
Pheidole dispar,,Insect,3,Brisbane | Perth | Sydney,5
Poecilometis parilis,Shield Bug,Insect,3,Adelaide | Brisbane | Sydney,5
Thallis erichsoni,,Insect,3,Adelaide | Brisbane | Melbourne,5
Acanthuchus rufiventris,,Insect,3,Adelaide | Canberra–Queanbeyan | Melbourne,5
Australoactina incisuralis,,Insect,3,Brisbane | Hobart | Melbourne,5
Brachytria jugosa,,Insect,3,Brisbane | Canberra–Queanbeyan | Sydney,5
Drymoptila temenitis,Geometer Moth,Insect,3,Adelaide | Canberra–Queanbeyan | Melbourne,5
Grapholita zapyrana,,Insect,3,Brisbane | Canberra–Queanbeyan | Sydney,5
Hylaeus ofarrelli,Plasterer Bee,Insect,3,Canberra–Queanbeyan | Melbourne | Sydney,5
Notodryas vallata,Concealer Moth,Insect,3,Canberra–Queanbeyan | Melbourne | Sydney,5
Paraspathulina apicomacula,Primitive Crane Fly,Insect,3,Adelaide | Canberra–Queanbeyan | Sydney,5
Phenacoccus solenopsis,,Insect,3,Brisbane | Perth | Sydney,5
Pseudolynchia canariensis,,Insect,3,Brisbane | Melbourne | Sydney,5
Theronia steindachneri,,Insect,3,Brisbane | Melbourne | Sydney,5
Harmonia axyridis,Harlequin Ladybird,Insect,3,Brisbane | Hobart | Sydney,5
Salona panorpaepennis,,Insect,3,Adelaide | Hobart | Perth,5
Tanyzancla argutella,Spotted Kunzea Moth,Insect,3,Adelaide | Canberra–Queanbeyan | Perth,5
Cryptophasa delocentra,,Insect,3,Adelaide | Brisbane | Perth,5
Periplaneta fuliginosa,Smokybrown Cockroach,Insect,3,Brisbane | Canberra–Queanbeyan | Perth,5
Authomaema diemeniana,,Insect,3,Brisbane | Melbourne | Sydney,4
Barea nymphica,,Insect,3,Brisbane | Melbourne | Sydney,4
Brachypeplus basalis,,Insect,3,Hobart | Melbourne | Sydney,4
Casbia tetramera,,Insect,3,Canberra–Queanbeyan | Hobart | Melbourne,4
Dandinus crassus,Shield Bug,Insect,3,Brisbane | Melbourne | Sydney,4
Egernia saxatilis,Black Rock Skink,Reptile,3,Canberra–Queanbeyan | Melbourne | Sydney,4
Ephippitytha maculata,,Insect,3,Adelaide | Melbourne | Sydney,4
Eutorna intonsa,,Insect,3,Brisbane | Canberra–Queanbeyan | Melbourne,4
Idiodes pellophanes,,Insect,3,Brisbane | Melbourne | Sydney,4
Metholce nigritarsis,Black-footed Gondwanan Katydid,Insect,3,Brisbane | Canberra–Queanbeyan | Sydney,4
Piloprepes gelidella,,Insect,3,Brisbane | Canberra–Queanbeyan | Sydney,4
Porela vitulina,Lappet Moth,Insect,3,Brisbane | Canberra–Queanbeyan | Sydney,4
Proteuxoa marginalis,Owlet Moth,Insect,3,Canberra–Queanbeyan | Hobart | Melbourne,4
Sphex ermineus,Wasp,Insect,3,Brisbane | Darwin | Perth,4
Sternochetus mangiferae,Mango Seed Weevil,Insect,3,Brisbane | Melbourne | Sydney,4
Xorides australiensis,,Insect,3,Brisbane | Canberra–Queanbeyan | Sydney,4
Acanthonevroides nigriventris,Primitive Crane Fly,Insect,3,Canberra–Queanbeyan | Melbourne | Sydney,4
Acrocercops ophiodes,,Insect,3,Adelaide | Canberra–Queanbeyan | Sydney,4
Aonidiella aurantii,California Red Scale Insect,Insect,3,Adelaide | Brisbane | Melbourne,4
Cirphis ebriosa,Owlet Moth,Insect,3,Canberra–Queanbeyan | Hobart | Melbourne,4
Cryptophasa ochroleuca,Concealer Moth,Insect,3,Adelaide | Melbourne | Sydney,4
Ectomocoris truculentus,Assassin Bug,Insect,3,Brisbane | Perth | Sydney,4
Eleale intricata,,Insect,3,Canberra–Queanbeyan | Hobart | Melbourne,4
Hesthesis plorator,,Insect,3,Canberra–Queanbeyan | Hobart | Melbourne,4
Lasioglossum clelandi,Sweat Bee,Insect,3,Adelaide | Canberra–Queanbeyan | Melbourne,4
Litargus balteatus,,Insect,3,Adelaide | Brisbane | Melbourne,4
Maenomenus ensifer,,Insect,3,Canberra–Queanbeyan | Melbourne | Sydney,4
Meiosimyza appula,Acalyptrate Fly,Insect,3,Adelaide | Hobart | Melbourne,4
Microtropesa violacescens,,Insect,3,Brisbane | Perth | Sydney,4
Monomorium pharaonis,Pharaoh Ant,Insect,3,Brisbane | Darwin | Melbourne,4
Pteromalus puparum,,Insect,3,Hobart | Melbourne | Perth,4
Rutilia inusta,Horse Fly,Insect,3,Brisbane | Canberra–Queanbeyan | Melbourne,4
Terpandrus endota,,Insect,3,Brisbane | Melbourne | Sydney,4
Acmosara polyxena,,Insect,3,Adelaide | Canberra–Queanbeyan | Melbourne,4
Cartodere nodifer,Brown Scavenger Beetle,Insect,3,Canberra–Queanbeyan | Hobart | Melbourne,4
Chitonaleyrodes canberrensis,,Insect,3,Adelaide | Canberra–Queanbeyan | Sydney,4
Listroderes foveatus,,Insect,3,Adelaide | Melbourne | Perth,4
Melobasis sordida,,Insect,3,Adelaide | Canberra–Queanbeyan | Perth,4
Suniana lascivia,Dingy Grass-dart,Insect,3,Brisbane | Darwin | Sydney,4
Syzeuctus insolitus,,Insect,3,Adelaide | Melbourne | Sydney,4
Ephestia kuehniella,Snout Moth,Insect,3,Darwin | Hobart | Perth,4
Vanessa cardui,Painted Lady,Insect,3,Canberra–Queanbeyan | Melbourne | Perth,4
Ardea cinerea,Grey Heron,Bird,3,Adelaide | Canberra–Queanbeyan | Sydney,3
Myiopsitta monachus,Monk Parrot,Bird,3,Adelaide | Canberra–Queanbeyan | Melbourne,3
Anabarhynchus niveus,Stiletto Fly,Insect,3,Canberra–Queanbeyan | Melbourne | Sydney,3
Cerdistus exilis,,Insect,3,Canberra–Queanbeyan | Melbourne | Sydney,3
Cosmobaris discolor,,Insect,3,Adelaide | Brisbane | Sydney,3
Ephutomorpha pulchella,,Insect,3,Adelaide | Brisbane | Sydney,3
Eumerus latipes,,Insect,3,Hobart | Melbourne | Perth,3
Gaetulia chrysopoides,Planthopper,Insect,3,Adelaide | Darwin | Sydney,3
Orchamoplatus citri,Whitefly,Insect,3,Adelaide | Perth | Sydney,3
Oroderes mimulus,,Insect,3,Canberra–Queanbeyan | Melbourne | Sydney,3
Peltoschema festiva,,Insect,3,Canberra–Queanbeyan | Melbourne | Sydney,3
Scrobiger idoneus,,Insect,3,Canberra–Queanbeyan | Melbourne | Sydney,3
Thomintarra primaeva,,Insect,3,Brisbane | Melbourne | Sydney,3
Campion cruciferus,,Insect,3,Adelaide | Canberra–Queanbeyan | Melbourne,3
Chlaenius flaviguttatus,,Insect,3,Brisbane | Darwin | Sydney,3
Coracanthella geophila,,Insect,3,Brisbane | Perth | Sydney,3
Dipsiathus pallidifrons,,Insect,3,Brisbane | Melbourne | Sydney,3
Ectopsocus vachoni,,Insect,3,Adelaide | Melbourne | Perth,3
Galgacus labidus,Shield Bug,Insect,3,Melbourne | Perth | Sydney,3
Gryllotalpa brachyptera,Mole Cricket,Insect,3,Adelaide | Brisbane | Melbourne,3
Orectognathus clarki,Ant,Insect,3,Hobart | Melbourne | Sydney,3
Peripsocus milleri,,Insect,3,Brisbane | Melbourne | Sydney,3
Strepsicrates ejectana,Guava Bud Moth,Insect,3,Canberra–Queanbeyan | Hobart | Melbourne,3
Taenogerella platina,Stiletto Fly,Insect,3,Brisbane | Melbourne | Sydney,3
Acalolepta aesthetica,,Insect,3,Brisbane | Melbourne | Sydney,3
Ascelis praemollis,,Insect,3,Brisbane | Hobart | Melbourne,3
Diachus auratus,,Insect,3,Adelaide | Brisbane | Canberra–Queanbeyan,3
Labdia hexaspila,,Insect,3,Canberra–Queanbeyan | Melbourne | Perth,3
Lindneromyia fergusoni,Fly,Insect,3,Hobart | Melbourne | Sydney,3
Physocephala nigrotestacea,Kelp Fly,Insect,3,Brisbane | Melbourne | Sydney,3
Trullifiorinia acaciae,,Insect,3,Adelaide | Perth | Sydney,3
Amphirhoe decora,,Insect,3,Canberra–Queanbeyan | Hobart | Melbourne,3
Anacanthella angustifrons,,Insect,3,Adelaide | Brisbane | Melbourne,3
Asura compsodes,,Insect,3,Canberra–Queanbeyan | Melbourne | Sydney,3
Eupolemus virescens,Shield Bug,Insect,3,Canberra–Queanbeyan | Hobart | Melbourne,3
Hylaeora dilucida,Moth,Insect,3,Adelaide | Canberra–Queanbeyan | Perth,3
Struthio camelus,Ostrich,Bird,3,Adelaide | Canberra–Queanbeyan | Melbourne,3
Spilopelia senegalensis,Laughing Turtle-dove,Bird,2,Melbourne | Perth,20240
Irediparra gallinacea,Comb-crested Jacana,Bird,2,Brisbane | Darwin,14807
Oriolus flavocinctus,Yellow Oriole,Bird,2,Darwin | Sydney,9321
Anthochaera paradoxa,Yellow Wattlebird,Bird,2,Hobart | Sydney,8734
Microeca flavigaster,Lemon-bellied Flycatcher,Bird,2,Darwin | Melbourne,6962
Neochmia phaeton,Crimson Finch,Bird,2,Darwin | Perth,5649
Cervus unicolor,Sambar,Mammal,2,Canberra–Queanbeyan | Melbourne,4589
Myiagra alecto,Shining Flycatcher,Bird,2,Brisbane | Darwin,3707
Myzomela obscura,Dusky Honeyeater,Bird,2,Brisbane | Darwin,3476
Melloria quoyi,Black Butcherbird,Bird,2,Darwin | Sydney,3366
Pachycephala simplex,Grey Whistler,Bird,2,Brisbane | Darwin,2686
Acanthiza apicalis,Red-rumped Tit,Bird,2,Adelaide | Perth,2240
Malurus assimilis,Purple-backed Fairy-wren,Bird,2,Brisbane | Perth,2083
Strepera fuliginosa,Black Currawong,Bird,2,Hobart | Sydney,1777
Cercartetus nanus,Eastern Pygmy-possum,Mammal,2,Melbourne | Sydney,1742
Egretta picata,Pied Heron,Bird,2,Darwin | Sydney,1562
Caprimulgus macrurus,Large-tailed Nightjar,Bird,2,Brisbane | Darwin,1517
Zosterops luteus,Northern Australian Yellow White-eye,Bird,2,Darwin | Sydney,1483
Thalassarche melanophris,Black-browed Albatross,Bird,2,Melbourne | Sydney,1440
Poephila personata,Western Masked Finch,Bird,2,Darwin | Sydney,1380
Bromocoris souefi,,Insect,2,Brisbane | Darwin,1305
Thalasseus bengalensis,Lesser Crested Tern,Bird,2,Brisbane | Darwin,1294
Poephila acuticauda,Long-tailed Finch,Bird,2,Adelaide | Darwin,1092
Hypocysta metirius,Brown Ringlet,Insect,2,Brisbane | Sydney,1079
Diplacodes trivialis,Chalky Percher,Insect,2,Brisbane | Darwin,1056
Lyramorpha rosea,Litchi Stink Bug,Insect,2,Brisbane | Sydney,1024
Turdus philomelos,Song Thrush,Bird,2,Melbourne | Sydney,1023
Nettapus coromandelianus,Cotton Pygmy-goose,Bird,2,Brisbane | Sydney,994
Pitta versicolor,Noisy Pitta,Bird,2,Brisbane | Sydney,952
Cacophis squamulosus,Golden-crowned Snake,Reptile,2,Brisbane | Sydney,944
Calamanthus fuliginosus,Striated Fieldwren,Bird,2,Hobart | Melbourne,907
Miniopterus australis,Little Bentwing-bat,Mammal,2,Brisbane | Sydney,860
Anchiale austrotessulata,Tessellated Stick-insect,Insect,2,Brisbane | Sydney,774
Lonchura punctulata,Nutmeg Munia,Bird,2,Brisbane | Sydney,716
Leptotes plinius,Plumbago Blue,Insect,2,Brisbane | Sydney,702
Galanga labeculata,Double-spotted Cicada,Insect,2,Canberra–Queanbeyan | Sydney,671
Nacaduba berenice,Six Lineblue,Insect,2,Brisbane | Sydney,654
Tisiphone abeona,Swordgrass Brown,Insect,2,Melbourne | Sydney,635
Lepispilus sulcicollis,,Insect,2,Hobart | Melbourne,585
Tamasa tristigma,Brown Bunyip,Insect,2,Brisbane | Sydney,585
Chloebia gouldiae,Gouldian Finch,Bird,2,Canberra–Queanbeyan | Darwin,582
Psychonotis caelius,Small Green-banded Blue,Insect,2,Brisbane | Sydney,535
Notamacropus agilis,Agile Wallaby,Mammal,2,Brisbane | Darwin,526
Concinnia tenuis,Barred-sided Skink,Reptile,2,Brisbane | Sydney,488
Atrapsalta corticina,,Insect,2,Brisbane | Sydney,477
Henicopsaltria eydouxii,Razor Grinder,Insect,2,Brisbane | Sydney,471
Magia subocellata,,Insect,2,Brisbane | Sydney,463
Brachydiplax denticauda,Palemouth,Insect,2,Brisbane | Darwin,462
Camponotus innexus,Antarctic Sugar Ant,Insect,2,Melbourne | Sydney,445
Zizula hylax,Tiny Grass-blue,Insect,2,Brisbane | Darwin,437
Ceriagrion aeruginosum,Redtail,Insect,2,Brisbane | Darwin,430
Melithreptus validirostris,Strong-billed Honeyeater,Bird,2,Hobart | Sydney,400
Schistophleps albida,,Insect,2,Brisbane | Darwin,398
Polyrhachis aurea,,Insect,2,Brisbane | Sydney,394
Ninox leucopsis,Tasmanian Boobook,Bird,2,Hobart | Melbourne,393
Choristhemis flavoterminata,Yellow-tipped Tigertail,Insect,2,Brisbane | Sydney,378
Myuchelys latisternum,Saw-shelled Turtle,Reptile,2,Brisbane | Sydney,369
Sterna striata,White-fronted Tern,Bird,2,Melbourne | Sydney,360
Desudaba psittacus,,Insect,2,Brisbane | Sydney,358
Delma impar,Striped Legless Lizard,Reptile,2,Canberra–Queanbeyan | Melbourne,355
Amegilla bombiformis,Bee,Insect,2,Brisbane | Sydney,353
Petaurus norfolcensis,Squirrel Glider,Mammal,2,Brisbane | Sydney,325
Euproctis lutea,Moth,Insect,2,Brisbane | Darwin,322
Thylogale billardierii,Tasmanian Pademelon,Mammal,2,Hobart | Melbourne,312
Yoyetta robertsonae,,Insect,2,Canberra–Queanbeyan | Melbourne,303
Donuca rubropicta,,Insect,2,Brisbane | Darwin,302
Philobota curvilinea,,Insect,2,Brisbane | Sydney,302
Cleora repetita,,Insect,2,Brisbane | Darwin,299
Cruria synopla,,Insect,2,Brisbane | Sydney,299
Limnodromus semipalmatus,Asian Dowitcher,Bird,2,Brisbane | Darwin,296
Saproscincus spectabilis,Gully Skink,Reptile,2,Brisbane | Sydney,296
Agrionoptera insignis,Red Swampdragon,Insect,2,Brisbane | Darwin,294
Acrobates pygmaeus,Feathertail Glider,Mammal,2,Melbourne | Sydney,290
Hydrobasileus brevistylus,Water Prince,Insect,2,Brisbane | Darwin,289
Myrmecia brevinoda,Giant Bulldog Ant,Insect,2,Brisbane | Sydney,285
Myrmecia tarsata,Bull Ant,Insect,2,Canberra–Queanbeyan | Sydney,282
Asota plagiata,,Insect,2,Brisbane | Darwin,278
Dolichoderus scrobiculatus,Northern Sharkfined Dolly Ant,Insect,2,Brisbane | Perth,274
Traminda aventiaria,,Insect,2,Brisbane | Darwin,273
Anoplognathus viriditarsis,,Insect,2,Melbourne | Sydney,271
Ropalidia revolutionalis,,Insect,2,Brisbane | Darwin,268
Mocis trifasciata,,Insect,2,Brisbane | Darwin,264
Hamirostra melanosternon,Black-breasted Buzzard,Bird,2,Brisbane | Darwin,260
Riptortus serripes,Podsucking Bug,Insect,2,Brisbane | Sydney,256
Polyrhachis vermiculosa,,Insect,2,Brisbane | Sydney,252
Deudorix diovis,Bright Cornelian,Insect,2,Brisbane | Sydney,251
Oxycanus dirempta,Ghost Moth,Insect,2,Canberra–Queanbeyan | Melbourne,251
Brunia replana,,Insect,2,Brisbane | Sydney,247
Eirmocides absimilis,Pencilled Blue,Insect,2,Brisbane | Sydney,247
Hemicordulia continentalis,Fat-bellied Emerald,Insect,2,Brisbane | Sydney,240
Nannodiplax rubra,Pygmy Percher,Insect,2,Brisbane | Darwin,239
Calomela ruficeps,,Insect,2,Brisbane | Sydney,235
Acrophylla titan,Titan Stick-insect,Insect,2,Brisbane | Sydney,231
Talanga tolumnialis,,Insect,2,Brisbane | Sydney,229
Carcinophora occidentalis,,Insect,2,Adelaide | Perth,222
Carterornis leucotis,White-eared Monarch,Bird,2,Brisbane | Sydney,220
Onychoprion anaethetus,Western Indian Ocean Bridled Tern,Bird,2,Darwin | Perth,220
Agarista agricola,Painted Vine Moth,Insect,2,Brisbane | Sydney,218
Varanus panoptes,Yellow-spotted Monitor,Reptile,2,Brisbane | Darwin,217
Heteronympha banksii,Banks' Brown,Insect,2,Melbourne | Sydney,217
Tetragonula hockingsi,,Insect,2,Brisbane | Sydney,217
Cupha prosope,Australian Rustic,Insect,2,Brisbane | Sydney,216
Erina erina,Small Dusky-blue,Insect,2,Brisbane | Darwin,216
Conogethes haemactalis,,Insect,2,Brisbane | Sydney,214
Paropsis maculata,,Insect,2,Brisbane | Sydney,214
Papilio fuscus,Fuscous Swallowtail,Insect,2,Brisbane | Darwin,210
Omiodes diemenalis,,Insect,2,Brisbane | Darwin,209
Thalassarche carteri,Indian Yellow-nosed Albatross,Bird,2,Melbourne | Sydney,208
Psaltoda harrisii,Yellowbelly,Insect,2,Brisbane | Sydney,204
Lamprolina simillima,,Insect,2,Brisbane | Sydney,202
Delias argenthona,Northern Jezabel,Insect,2,Brisbane | Darwin,199
Paropsisterna m-fuscum,,Insect,2,Canberra–Queanbeyan | Melbourne,198
Anthomyia medialis,,Insect,2,Brisbane | Sydney,193
Cerdistus rusticanoides,Robber Fly,Insect,2,Adelaide | Melbourne,193
Lampromicra aerea,,Insect,2,Brisbane | Sydney,192
Aprivesa exuta,,Insect,2,Brisbane | Sydney,189
Luxiaria ochrophara,,Insect,2,Brisbane | Sydney,189
Philobota baryptera,,Insect,2,Brisbane | Sydney,186
Neosericornis citreogularis,Yellow-throated Scrubwren,Bird,2,Brisbane | Sydney,185
Pogona minor,Dwarf Bearded Dragon,Reptile,2,Perth | Sydney,181
Hemiaspis signata,Marsh Snake,Reptile,2,Brisbane | Sydney,178
Lathrecista asiatica,Australasian Slimwing,Insect,2,Brisbane | Darwin,172
Echthromorpha agrestoria,,Insect,2,Brisbane | Darwin,171
Idaea eretmopus,,Insect,2,Brisbane | Sydney,169
Nannophya australis,Australian Pygmyfly,Insect,2,Brisbane | Sydney,168
Urolitha bipunctifera,,Insect,2,Brisbane | Sydney,168
Cyclophora turneri,,Insect,2,Brisbane | Sydney,167
Derocephalus angusticollis,,Insect,2,Brisbane | Sydney,167
Pterodroma gouldi,Grey-faced Petrel,Bird,2,Brisbane | Sydney,162
Doleschallia bisaltide,Australian Leafwing,Insect,2,Brisbane | Sydney,162
Gymnoscelis lophopus,,Insect,2,Brisbane | Sydney,162
Halone coryphoea,Moth,Insect,2,Canberra–Queanbeyan | Sydney,162
Ropalidia romandi,,Insect,2,Brisbane | Darwin,162
Ptilinopus magnificus,Wompoo Fruit-dove,Bird,2,Brisbane | Sydney,158
Lyraphora obliquata,,Insect,2,Brisbane | Sydney,158
Yoyetta australicta,,Insect,2,Adelaide | Canberra–Queanbeyan,157
Avatha discolor,,Insect,2,Brisbane | Darwin,156
Octotoma scabripennis,,Insect,2,Brisbane | Sydney,156
Cressida cressida,Greasy Swallowtail,Insect,2,Brisbane | Darwin,154
Hyalobathra crenulata,,Insect,2,Brisbane | Darwin,154
Pycnocera hypoxantha,,Insect,2,Brisbane | Sydney,153
Condica illecta,,Insect,2,Brisbane | Sydney,151
Parnara amalia,Orange Swift,Insect,2,Brisbane | Darwin,151
Aconophora compressa,Lantana Treehopper,Insect,2,Brisbane | Sydney,146
Stethopachys formosa,,Insect,2,Brisbane | Sydney,146
Prosotas dubiosa,Small Purple Line-blue,Insect,2,Brisbane | Darwin,145
Cheilomenes sexmaculata,,Insect,2,Darwin | Perth,143
Podacanthus viridiroseus,Red-winged Stick-insect,Insect,2,Brisbane | Sydney,142
Dolichoderus doriae,Double Spined Dolly Ant,Insect,2,Melbourne | Sydney,141
Carinascincus metallicus,Metallic Cool-skink,Reptile,2,Hobart | Melbourne,139
Anoplognathus concolor,,Insect,2,Brisbane | Sydney,138
Austrogomphus amphiclitus,Pale Hunter,Insect,2,Brisbane | Sydney,138
Aethriamanta circumsignata,Square-spot Basker,Insect,2,Brisbane | Darwin,137
Austrophlugis debaari,,Insect,2,Brisbane | Sydney,136
Erysichton lineatus,Hairy Lineblue,Insect,2,Brisbane | Sydney,136
Cyclodomorphus gerrardii,Pink-tongued Lizard,Reptile,2,Brisbane | Sydney,134
Junonia hedonia,Brown Soldier,Insect,2,Darwin | Sydney,130
Panacela lewinae,Lewin's Bag-shelter Moth,Insect,2,Brisbane | Sydney,128
Paropsisterna octosignata,,Insect,2,Canberra–Queanbeyan | Melbourne,127
Tholymis tillarga,Twister,Insect,2,Brisbane | Darwin,126
Dolopus simulans,,Insect,2,Brisbane | Sydney,125
Charadrius veredus,Oriental Plover,Bird,2,Brisbane | Darwin,123
Hypocysta pseudirius,Grey Ringlet,Insect,2,Brisbane | Sydney,123
Isochorista panaeolana,,Insect,2,Canberra–Queanbeyan | Melbourne,123
Pingasa chlora,,Insect,2,Brisbane | Melbourne,123
Tolpiodes oligolasia,,Insect,2,Brisbane | Sydney,123
Chrysolina quadrigemina,St John's Wort Leaf Beetle,Insect,2,Canberra–Queanbeyan | Melbourne,122
Amalosia robusta,Robust Velvet Gecko,Reptile,2,Brisbane | Sydney,121
Austroaeschna multipunctata,Multi-spotted Darner,Insect,2,Canberra–Queanbeyan | Melbourne,119
Tyto longimembris,Eastern Grass Owl,Bird,2,Brisbane | Sydney,118
Menida spectabilis,,Insect,2,Brisbane | Sydney,118
Xylocopa bombylans,Green Carpenter Bee Species,Insect,2,Brisbane | Sydney,118
Garella vallata,,Insect,2,Brisbane | Darwin,117
Argynnina cyrila,Forest Brown,Insect,2,Melbourne | Sydney,116
Hydrillodes funestalis,Litter Moth,Insect,2,Brisbane | Sydney,114
Cleora illustraria,,Insect,2,Brisbane | Sydney,112
Prosotas felderi,Southern Line-blue,Insect,2,Brisbane | Sydney,110
Ptilogyna ramicornis,,Insect,2,Brisbane | Sydney,110
Pelopidas lyelli,Lyell's Swift,Insect,2,Brisbane | Darwin,109
Abantiades marcidus,Ghost Moth,Insect,2,Adelaide | Melbourne,107
Poecilometis gravis,,Insect,2,Brisbane | Sydney,107
Araeopteron canescens,,Insect,2,Brisbane | Darwin,105
Epicoma protrahens,Moth,Insect,2,Brisbane | Sydney,105
Naupactus peregrinus,,Insect,2,Brisbane | Sydney,105
Phimenes arcuatus,,Insect,2,Brisbane | Darwin,105
Elodina angulipennis,Common Pearl White,Insect,2,Brisbane | Sydney,104
Bettongia gaimardi,Tasmanian Bettong,Mammal,2,Canberra–Queanbeyan | Hobart,102
Austrocnemis splendida,Splendid Longlegs,Insect,2,Brisbane | Sydney,102
Lobesia transtrifera,,Insect,2,Brisbane | Darwin,102
Havinthus rufovarius,Assassin Bug,Insect,2,Brisbane | Perth,101
Donuca orbigera,,Insect,2,Brisbane | Darwin,100
Technomyrmex sophiae,,Insect,2,Brisbane | Sydney,100
Theretra tryoni,,Insect,2,Brisbane | Sydney,100
Stercorarius longicaudus,Long-tailed Skua,Bird,2,Brisbane | Sydney,98
Cacophis harriettae,White-crowned Snake,Reptile,2,Brisbane | Sydney,98
Saltuarius swaini,Southern Leaf-tailed Gecko,Reptile,2,Brisbane | Sydney,96
Eressa angustipenna,,Insect,2,Brisbane | Sydney,96
Wingia rectiorella,,Insect,2,Brisbane | Sydney,96
Antechinus mimetes,Mainland Dusky Antechinus,Mammal,2,Melbourne | Sydney,95
Edosa tyrannica,,Insect,2,Adelaide | Brisbane,95
Haemopsalta rubea,,Insect,2,Brisbane | Sydney,95
Orthetrum serapia,Green Skimmer,Insect,2,Brisbane | Darwin,95
Donuca castalia,,Insect,2,Brisbane | Canberra–Queanbeyan,94
Theclinesthes sulpitius,Saltpan Blue,Insect,2,Brisbane | Sydney,94
Xylonichus eucalypti,,Insect,2,Melbourne | Sydney,94
Pterohelaeus piceus,,Insect,2,Canberra–Queanbeyan | Sydney,93
Dasineura dielsi,,Insect,2,Adelaide | Melbourne,92
Hasora chromus,Common Banded Awl,Insect,2,Brisbane | Darwin,92
Choreutis periploca,,Insect,2,Brisbane | Darwin,91
Zomariana doxasticana,,Insect,2,Brisbane | Perth,91
Doratifera casta,Cup Moths,Insect,2,Brisbane | Sydney,90
Sigmatoneura formosa,,Insect,2,Brisbane | Sydney,90
Anaxidia lozogramma,,Insect,2,Brisbane | Sydney,89
Eurema drona,No-brand Grass-yellow,Insect,2,Brisbane | Sydney,89
Cantao parentum,,Insect,2,Brisbane | Sydney,88
Anarsia epiula,,Insect,2,Brisbane | Sydney,86
Nasutitermes walkeri,,Insect,2,Brisbane | Sydney,86
Polyrhachis erato,,Insect,2,Brisbane | Sydney,86
Tringa incana,Wandering Tattler,Bird,2,Brisbane | Darwin,85
Coequosa australasiae,Hawk Moth,Insect,2,Brisbane | Sydney,85
Halone prosenes,Moth,Insect,2,Melbourne | Sydney,85
Cryptoblepharus virgatus,Striped Snake-eyed Skink,Reptile,2,Brisbane | Sydney,84
Edosa fraudulens,Fungus Moth,Insect,2,Canberra–Queanbeyan | Melbourne,84
Oxycanus silvanus,Ghost Moth,Insect,2,Canberra–Queanbeyan | Melbourne,84
Paralaea beggaria,Peppermint Looper,Insect,2,Hobart | Melbourne,84
Psectra nakaharai,Brown Lacewing,Insect,2,Hobart | Melbourne,84
Calonectris leucomelas,Streaked Shearwater,Bird,2,Melbourne | Sydney,83
Enchronista proximella,Concealer Moth,Insect,2,Brisbane | Sydney,81
Thalaina angulosa,Angled Satin Moth,Insect,2,Adelaide | Perth,81
Thema macroscia,,Insect,2,Canberra–Queanbeyan | Melbourne,81
Xylocopa aerata,,Insect,2,Canberra–Queanbeyan | Sydney,81
Elaunon bipartitus,,Insect,2,Brisbane | Sydney,80
Popplepsalta rubristrigata,Red Scratcher,Insect,2,Adelaide | Melbourne,80
Proteuxoa porphyrescens,Owlet Moth,Insect,2,Canberra–Queanbeyan | Melbourne,80
Morethia obscura,Shrubland Morethia Skink,Reptile,2,Adelaide | Perth,79
Barasa cymatistis,,Insect,2,Brisbane | Darwin,79
Eulechria triferella,,Insect,2,Brisbane | Sydney,78
Hesychopa chionora,Moth,Insect,2,Brisbane | Sydney,77
Micraspis furcifera,,Insect,2,Adelaide | Melbourne,77
Agrioglypta excelsalis,,Insect,2,Brisbane | Darwin,76
Ospidus chrysomeloides,,Insect,2,Brisbane | Sydney,76
Yoyetta timothyi,,Insect,2,Canberra–Queanbeyan | Sydney,76
Trichosurus caninus,Short-eared Brush-tailed Possum,Mammal,2,Brisbane | Sydney,75
Phyllotocus navicularis,,Insect,2,Brisbane | Canberra–Queanbeyan,75
Anous albivitta,Tasman Grey Noddy,Bird,2,Brisbane | Sydney,74
Hypodoxa emiliaria,,Insect,2,Brisbane | Sydney,74
Idaea trypheropa,,Insect,2,Brisbane | Darwin,74
Aeolochroma hypochromaria,,Insect,2,Brisbane | Sydney,73
Caloptilia xanthopharella,,Insect,2,Brisbane | Sydney,73
Jamides phaseli,Purple Cerulean,Insect,2,Brisbane | Darwin,73
Philobota lysizona,,Insect,2,Adelaide | Canberra–Queanbeyan,73
Eucyclodes metaspila,Inscribed Emerald,Insect,2,Brisbane | Sydney,72
Aciagrion fragile,Blue Slim,Insect,2,Brisbane | Darwin,71
Hylaeus quadriceps,Plasterer Bee,Insect,2,Canberra–Queanbeyan | Melbourne,71
Mictis caja,,Insect,2,Brisbane | Sydney,71
Coracina lineata,Barred Cuckoo-shrike,Bird,2,Brisbane | Sydney,70
Cassida compuncta,,Insect,2,Brisbane | Sydney,70
Sameodes cancellalis,,Insect,2,Brisbane | Darwin,70
Anthomyia silvestris,,Insect,2,Adelaide | Brisbane,69
Calliteara pura,Moth,Insect,2,Brisbane | Sydney,69
Megachile mystaceana,,Insect,2,Brisbane | Sydney,69
Peltoschema perplexa,,Insect,2,Adelaide | Melbourne,69
Hydrophis platurus,Yellow-bellied Sea Snake,Reptile,2,Perth | Sydney,68
Acripeza reticulata,Mountain Katydid,Insect,2,Brisbane | Canberra–Queanbeyan,68
Addyme ferrorubella,,Insect,2,Brisbane | Sydney,68
Aethriamanta nymphaeae,L-spot Basker,Insect,2,Brisbane | Sydney,68
Eudocima salaminia,Owlet Moth,Insect,2,Brisbane | Sydney,68
Prionopterina grammatistis,,Insect,2,Brisbane | Perth,68
Syneora acrotypa,,Insect,2,Brisbane | Sydney,68
Amblypelta lutescens,Fruit Spotting Bug - Adult,Insect,2,Brisbane | Darwin,67
Austrogynacantha heterogena,Australian Duskhawker,Insect,2,Brisbane | Sydney,67
Gelidea torrida,Cicada,Insect,2,Hobart | Melbourne,67
Hyalobathra archeleuca,,Insect,2,Brisbane | Sydney,67
Neolethaeus tenebrosus,,Insect,2,Brisbane | Darwin,67
Tirathaba rufivena,Coconut Spiked Moth,Insect,2,Brisbane | Darwin,67
Acalonoma pusillum,,Insect,2,Hobart | Melbourne,66
Tenodera blanchardi,,Insect,2,Brisbane | Darwin,64
Acraea terpsicore,Tawny Coster,Insect,2,Brisbane | Darwin,63
Gminatus wallengreni,,Insect,2,Brisbane | Sydney,63
Eressa geographica,,Insect,2,Brisbane | Sydney,62
Hackerobrachys viridiventris,,Insect,2,Brisbane | Sydney,62
Telmapsalta hackeri,Paperbark Cicada,Insect,2,Brisbane | Sydney,62
Hemiergis talbingoensis,Eastern Three-toed Earless Skink,Reptile,2,Canberra–Queanbeyan | Sydney,61
Aenetus eximia,Common Ghost Moth,Insect,2,Melbourne | Sydney,61
Chrysolarentia correlata,,Insect,2,Adelaide | Melbourne,61
Euploea darchia,Small Brown Crow,Insect,2,Brisbane | Darwin,61
Melanostoma apicale,,Insect,2,Brisbane | Sydney,61
Pycnoptilus floccosus,Pilotbird,Bird,2,Melbourne | Sydney,60
Mormoscopa phricozona,Litter Moth,Insect,2,Canberra–Queanbeyan | Sydney,59
Perixera longidiscata,,Insect,2,Brisbane | Sydney,59
Phyllocharis cyanicornis,,Insect,2,Brisbane | Sydney,59
Sarcophilus harrisii,Tasmanian Devil,Mammal,2,Darwin | Hobart,58
Erilla turneri,,Insect,2,Brisbane | Sydney,58
Orthaga seminivea,,Insect,2,Brisbane | Sydney,58
Anoplognathus boisduvalii,,Insect,2,Brisbane | Sydney,57
Froggattella kirbii,Common Froglet Ant,Insect,2,Perth | Sydney,57
Megachile punctata,,Insect,2,Brisbane | Sydney,57
Mesodina halyzia,Halyzia Skipper,Insect,2,Brisbane | Sydney,57
Tetramorium simillimum,,Insect,2,Brisbane | Perth,57
Anisogona simana,,Insect,2,Brisbane | Sydney,56
Cassida diomma,,Insect,2,Brisbane | Darwin,56
Elusa oenolopha,,Insect,2,Brisbane | Sydney,56
Hyalobathra unicolor,,Insect,2,Brisbane | Sydney,56
Rhyothemis phyllis,Yellow-stripped Flutterer,Insect,2,Brisbane | Darwin,56
Acritoscincus platynotus,Red-throated Skink,Reptile,2,Canberra–Queanbeyan | Sydney,55
Austrophlugis orumbera,,Insect,2,Brisbane | Sydney,55
Dysgonia hamatilis,,Insect,2,Brisbane | Sydney,55
Ecnolagria tomentosa,,Insect,2,Melbourne | Sydney,55
Paropsis ornata,,Insect,2,Brisbane | Sydney,55
Cyme structa,,Insect,2,Brisbane | Sydney,54
Pomponatius luridus,,Insect,2,Brisbane | Sydney,54
Vermicella annulata,Bandy-bandy,Reptile,2,Brisbane | Sydney,53
Chlorocysta vitripennis,Small Bottle Cicada,Insect,2,Brisbane | Sydney,53
Dysgonia constricta,,Insect,2,Brisbane | Sydney,53
Rhitzala modesta,Upland Heath Grasshopper,Insect,2,Melbourne | Sydney,53
Theretra silhetensis,,Insect,2,Brisbane | Darwin,52
Falco hypoleucos,Grey Falcon,Bird,2,Perth | Sydney,51
Arunta perulata,White Drummer,Insect,2,Brisbane | Sydney,51
Ceratitis capitata,Mediterranean Fruit Fly,Insect,2,Adelaide | Perth,51
Esthlodora versicolor,,Insect,2,Brisbane | Sydney,51
Mampava rhodoneura,,Insect,2,Brisbane | Sydney,51
Palpita pratti,,Insect,2,Brisbane | Sydney,51
Philobota cretacea,Concealer Moth,Insect,2,Canberra–Queanbeyan | Sydney,51
Vandiemenella viatica,Grasshopper,Insect,2,Adelaide | Melbourne,51
Cisticola juncidis,Zitting Cisticola,Bird,2,Darwin | Sydney,50
Artamus minor,Little Woodswallow,Bird,2,Darwin | Sydney,50
Anax gibbosulus,Green Emperor,Insect,2,Brisbane | Darwin,50
Callopistria maillardi,,Insect,2,Brisbane | Darwin,50
Calomela crassicornis,,Insect,2,Brisbane | Sydney,50
Philanisus plebeius,,Insect,2,Melbourne | Sydney,50
Phyllotocus scutellaris,,Insect,2,Melbourne | Sydney,50
Uracanthus acutus,,Insect,2,Melbourne | Sydney,50
Acritoscincus duperreyi,Eastern Three-lined Skink,Reptile,2,Adelaide | Melbourne,49
Chrysolarentia phaedra,Geometer Moth,Insect,2,Melbourne | Sydney,49
Disterna plumifera,,Insect,2,Brisbane | Sydney,49
Lindera tessellatella,,Insect,2,Melbourne | Sydney,49
Beesonia ferrugineus,,Insect,2,Brisbane | Sydney,48
Junonia orithya,Blue Argus,Insect,2,Brisbane | Darwin,48
Tetracona amathealis,,Insect,2,Brisbane | Darwin,48
Macronectes giganteus,Southern Giant-petrel,Bird,2,Melbourne | Sydney,47
Amphiongia chordophoides,,Insect,2,Brisbane | Sydney,47
Dichromodes usurpatrix,,Insect,2,Brisbane | Sydney,47
Eulechria acrotropa,,Insect,2,Brisbane | Sydney,47
Targalla plumbea,Owlet Moth,Insect,2,Brisbane | Sydney,47
Calomela vittata,,Insect,2,Canberra–Queanbeyan | Melbourne,47
Eretmochelys imbricata,Hawksbill Turtle,Reptile,2,Darwin | Sydney,46
Abispa splendida,,Insect,2,Brisbane | Sydney,46
Catochrysops panormus,Pale Pea-blue,Insect,2,Brisbane | Darwin,46
Conobathra hemichlaena,,Insect,2,Brisbane | Sydney,46
Gymnoscelis spodias,,Insect,2,Brisbane | Sydney,46
Lamprophaia ablactalis,,Insect,2,Brisbane | Darwin,46
Rhipicera reichei,,Insect,2,Melbourne | Sydney,46
Spodoptera umbraculata,,Insect,2,Brisbane | Sydney,46
Syntozyga anconia,,Insect,2,Brisbane | Sydney,46
Termessa zonophanes,Moth,Insect,2,Canberra–Queanbeyan | Melbourne,46
Merophyas divulsana,,Insect,2,Canberra–Queanbeyan | Perth,46
Cyana meyricki,,Insect,2,Brisbane | Sydney,45
Euchrysops cnejus,Five-spotted Pea-blue,Insect,2,Brisbane | Darwin,45
Mecytha fasciata,Moth,Insect,2,Brisbane | Sydney,45
Poecilasthena scoliota,,Insect,2,Melbourne | Perth,45
Sophta concavata,,Insect,2,Canberra–Queanbeyan | Sydney,45
Amenia imperialis,Blow Fly,Insect,2,Brisbane | Sydney,44
Anaciaeschna jaspidea,Australasian Duskhawker,Insect,2,Brisbane | Darwin,44
Haritalodes derogata,,Insect,2,Brisbane | Sydney,44
Labdia argophracta,,Insect,2,Adelaide | Brisbane,44
Pleuroptya balteata,,Insect,2,Brisbane | Darwin,44
Toxidia doubledayi,Doubleday's Skipper,Insect,2,Melbourne | Sydney,44
Chaetolopha oxyntis,Geometer Moth,Insect,2,Melbourne | Sydney,43
Conogethes punctiferalis,,Insect,2,Brisbane | Sydney,43
Rhytidoponera chalybaea,,Insect,2,Brisbane | Sydney,43
Taractrocera ina,No-brand Grass-dart,Insect,2,Brisbane | Darwin,43
Aeolochroma quadrilinea,,Insect,2,Brisbane | Sydney,42
Aporoctena scierodes,Geometer Moth,Insect,2,Brisbane | Sydney,42
Argina astrea,,Insect,2,Brisbane | Darwin,42
Cycloprorodes melanoxysta,Geometer Moth,Insect,2,Adelaide | Hobart,42
Euproctis lucifuga,,Insect,2,Brisbane | Sydney,42
Micraspis lineola,,Insect,2,Brisbane | Sydney,42
Pteryperga galla,,Insect,2,Brisbane | Sydney,42
Repsimus aeneus,Repsimus Beetle,Insect,2,Brisbane | Sydney,42
Thyreus lugubris,Cuckoo Bee,Insect,2,Brisbane | Sydney,42
Aeolothapsa acrocosma,,Insect,2,Melbourne | Sydney,41
Castiarina bella,,Insect,2,Melbourne | Sydney,41
Olene mendosa,,Insect,2,Brisbane | Darwin,41
Neophema petrophila,Rock Parrot,Bird,2,Adelaide | Perth,40
Indotyphlops braminus,Flowerpot Blind Snake,Reptile,2,Brisbane | Darwin,40
Anoplognathus flavipennis,,Insect,2,Brisbane | Sydney,40
Austroagrion exclamationis,Northern Billabongfly,Insect,2,Brisbane | Darwin,40
Cryptophasa epadelpha,,Insect,2,Brisbane | Sydney,40
Ecnolagria aurofasciata,,Insect,2,Brisbane | Sydney,40
Etanna breviuscula,,Insect,2,Brisbane | Darwin,40
Gesonula mundata,,Insect,2,Brisbane | Darwin,40
Epiphyas ashworthana,Leafroller Moth,Insect,2,Canberra–Queanbeyan | Melbourne,39
Oides dorsosignata,,Insect,2,Brisbane | Sydney,39
Palapsalta circumdata,,Insect,2,Brisbane | Sydney,39
Philobota stella,Concealer Moth,Insect,2,Canberra–Queanbeyan | Melbourne,39
Rhinotia sparsa,Slender Weevil,Insect,2,Canberra–Queanbeyan | Melbourne,39
Statherotis pendulata,,Insect,2,Brisbane | Sydney,39
Asura bipars,,Insect,2,Brisbane | Sydney,38
Ephutomorpha picta,,Insect,2,Melbourne | Sydney,38
Hylaeora capucina,Moth,Insect,2,Brisbane | Sydney,38
Lepispilus stygianus,,Insect,2,Canberra–Queanbeyan | Melbourne,38
Nagia linteola,Owlet Moth,Insect,2,Brisbane | Darwin,38
Onthophagus dandalu,,Insect,2,Brisbane | Sydney,38
Heteropsilopus squamifer,,Insect,2,Canberra–Queanbeyan | Sydney,37
Maliattha ritsemae,,Insect,2,Brisbane | Darwin,37
Neuroctenus grandis,Flat Bug,Insect,2,Melbourne | Perth,37
Nola pleurochorda,,Insect,2,Brisbane | Sydney,37
Tramea stenoloba,Narrow-lobed Glider,Insect,2,Brisbane | Perth,37
Gehyra variegata,Tree Dtella,Reptile,2,Perth | Sydney,36
Amegilla pulchra,Bee,Insect,2,Brisbane | Sydney,36
Coleotichus excellens,,Insect,2,Brisbane | Darwin,36
Crocanthes perigrapta,,Insect,2,Brisbane | Sydney,36
Kongobatha diademata,,Insect,2,Brisbane | Sydney,36
Methiolopsis geniculata,,Insect,2,Brisbane | Sydney,36
Antaresia childreni,Children's Python,Reptile,2,Darwin | Sydney,35
Achaea serva,,Insect,2,Brisbane | Darwin,35
Anthene lycaenoides,Pale Ciliated-blue,Insect,2,Brisbane | Darwin,35
Chondropyga gulosa,,Insect,2,Melbourne | Sydney,35
Earias luteolaria,,Insect,2,Brisbane | Darwin,35
Harpobittacus nigriceps,Scorpionfly,Insect,2,Melbourne | Perth,35
Stericta concisella,,Insect,2,Brisbane | Sydney,35
Acantholena hiemalis,,Insect,2,Melbourne | Sydney,34
Amarygmus picicornis,,Insect,2,Brisbane | Melbourne,34
Asiobaccha notofasciata,,Insect,2,Brisbane | Sydney,34
Barea bathrochorda,,Insect,2,Canberra–Queanbeyan | Melbourne,34
Catasphactes coprias,Assassin Bug,Insect,2,Brisbane | Sydney,34
Nannophlebia risi,Common Archtail,Insect,2,Brisbane | Sydney,34
Tiracola plagiata,,Insect,2,Brisbane | Sydney,34
Trapezites praxedes,Southern Silver Ochre,Insect,2,Brisbane | Sydney,34
Pterodroma leucoptera,Gould's Petrel,Bird,2,Brisbane | Sydney,33
Gygis alba,White Tern,Bird,2,Brisbane | Sydney,33
Desudaba maculata,,Insect,2,Brisbane | Sydney,33
Dictyotus conspicuus,Shield Bug,Insect,2,Canberra–Queanbeyan | Melbourne,33
Fascionycta fasciata,,Insect,2,Brisbane | Sydney,33
Hesperilla ornata,Spotted Sedge-skipper,Insect,2,Brisbane | Melbourne,33
Homotrysis cisteloides,,Insect,2,Canberra–Queanbeyan | Melbourne,33
Isomoralla pyrrhoptera,,Insect,2,Canberra–Queanbeyan | Sydney,33
Nyllius australicus,Assassin Bug,Insect,2,Hobart | Melbourne,33
Natator depressus,Flatback Turtle,Reptile,2,Darwin | Sydney,32
Arippara disticha,,Insect,2,Brisbane | Darwin,32
Cosmaresta callichrysa,Concealer Moth,Insect,2,Canberra–Queanbeyan | Melbourne,32
Dysallacta negatalis,,Insect,2,Brisbane | Darwin,32
Epicephala trigonophora,,Insect,2,Brisbane | Sydney,32
Eulechria basiplaga,,Insect,2,Brisbane | Sydney,32
Lepturidea deplanchei,,Insect,2,Melbourne | Sydney,32
Pararguda crenulata,,Insect,2,Brisbane | Sydney,32
Rhyparida brevilineata,,Insect,2,Brisbane | Darwin,32
Thudaca haplonota,,Insect,2,Melbourne | Perth,32
Zonopetala divisella,,Insect,2,Brisbane | Sydney,32
Hellyethira malleoforma,Caddisfly,Insect,2,Brisbane | Sydney,32
Climacteris rufus,Rufous Treecreeper,Bird,2,Perth | Sydney,31
Austropeplus annulipes,,Insect,2,Canberra–Queanbeyan | Sydney,31
Eublemma roseana,,Insect,2,Brisbane | Darwin,31
Gyromantis kraussi,,Insect,2,Brisbane | Perth,31
Larinus latus,Onopordum Seed Weevil,Insect,2,Canberra–Queanbeyan | Sydney,31
Lichenaula melanoleuca,,Insect,2,Melbourne | Sydney,31
Lysimelia lenis,,Insect,2,Brisbane | Sydney,31
Macrotristria angularis,Cherrynose,Insect,2,Brisbane | Sydney,31
Opsitycha squalidella,Concealer Moth,Insect,2,Canberra–Queanbeyan | Melbourne,31
Rhytidoponera confusa,Ant,Insect,2,Melbourne | Sydney,31
Rhipidura fuliginosa,New Zealand Fantail,Bird,2,Melbourne | Sydney,30
Agriophara plagiosema,,Insect,2,Brisbane | Sydney,30
Arocatus aenescens,,Insect,2,Brisbane | Sydney,30
Crasilogia gressitti,,Insect,2,Brisbane | Sydney,30
Dichromodes ainaria,Common Heath Moth,Insect,2,Canberra–Queanbeyan | Melbourne,30
Monopis chrysogramma,,Insect,2,Brisbane | Sydney,30
Myrmecia queenslandica,Bull Ant,Insect,2,Brisbane | Sydney,30
Nola epicentra,,Insect,2,Brisbane | Sydney,30
Oxycanus rufescens,Ghost Moth,Insect,2,Canberra–Queanbeyan | Hobart,30
Palleopa innotata,Geometer Moth,Insect,2,Hobart | Melbourne,30
Pempsamacra dispersa,,Insect,2,Adelaide | Melbourne,30
Phylomictis lintearia,,Insect,2,Brisbane | Sydney,30
Rhinotia bimaculata,,Insect,2,Hobart | Melbourne,30
Rotundopteryx illustrata,,Insect,2,Adelaide | Melbourne,30
Scoparia ochrophara,,Insect,2,Canberra–Queanbeyan | Melbourne,30
Telicota ancilla,Green Darter,Insect,2,Brisbane | Sydney,30
Trichosurus cunninghami,Mountain Brushtail Possum,Mammal,2,Melbourne | Sydney,29
Aprasia parapulchella,Pink-tailed Worm-lizard,Reptile,2,Canberra–Queanbeyan | Sydney,29
Ctenophorus decresii,Tawny Dragon,Reptile,2,Adelaide | Sydney,29
Camponotus ephippium,Jumbuck Sugar Ant,Insect,2,Adelaide | Canberra–Queanbeyan,29
Physeema labyrinthica,Dune Ticker,Insect,2,Adelaide | Melbourne,29
Poecilometis cooki,,Insect,2,Melbourne | Sydney,29
Sarothrocrepis benefica,,Insect,2,Adelaide | Melbourne,29
Cervus timorensis,Rusa Deer,Mammal,2,Brisbane | Sydney,28
Athetis maculatra,,Insect,2,Brisbane | Darwin,28
Athetis reclusa,,Insect,2,Brisbane | Darwin,28
Desudaba aulica,,Insect,2,Brisbane | Sydney,28
Dudua phyllanthana,,Insect,2,Brisbane | Sydney,28
Faveria laiasalis,,Insect,2,Brisbane | Sydney,28
Leiochrodes suturalis,,Insect,2,Brisbane | Sydney,28
Nola tornotis,,Insect,2,Brisbane | Canberra–Queanbeyan,28
Cethosia penthesilea,Orange Lacewing,Insect,2,Brisbane | Darwin,27
Chaetocneme beata,Common Red-eye,Insect,2,Brisbane | Sydney,27
Cleora sabulata,,Insect,2,Brisbane | Sydney,27
Cofana spectra,White Leafhopper,Insect,2,Brisbane | Sydney,27
Epsilon chartergiforme,,Insect,2,Brisbane | Sydney,27
Hypodoxa bryophylla,,Insect,2,Brisbane | Sydney,27
Megachile ustulata,,Insect,2,Brisbane | Sydney,27
Nisia australiensis,,Insect,2,Brisbane | Sydney,27
Phalota obscura,,Insect,2,Hobart | Melbourne,27
Prasinocyma albicosta,,Insect,2,Brisbane | Darwin,27
Scaptia patula,,Insect,2,Canberra–Queanbeyan | Melbourne,27
Syneora fractata,Geometer Moth,Insect,2,Hobart | Melbourne,27
Urnisa rugosa,,Insect,2,Adelaide | Perth,27
Achilus flammeus,Red Fungus Bug,Insect,2,Melbourne | Sydney,26
Cerdistus fuscipennis,Robber Fly,Insect,2,Melbourne | Sydney,26
Isomoralla gephyrota,,Insect,2,Brisbane | Canberra–Queanbeyan,26
Lepidoscia confluens,,Insect,2,Canberra–Queanbeyan | Melbourne,26
Ligyra satyrus,,Insect,2,Brisbane | Darwin,26
Loboschiza koenigiana,,Insect,2,Brisbane | Sydney,26
Paropsisterna lineata,,Insect,2,Hobart | Melbourne,26
Tatobotys janapalis,,Insect,2,Brisbane | Sydney,26
Thudaca campylota,,Insect,2,Adelaide | Perth,26
Agasicles hygrophila,Alligatorweed Flea Beetle,Insect,2,Brisbane | Sydney,25
Agriophara platyscia,,Insect,2,Canberra–Queanbeyan | Sydney,25
Anemosa exanthes,Grass Moth,Insect,2,Melbourne | Sydney,25
Calomela bartoni,,Insect,2,Canberra–Queanbeyan | Melbourne,25
Cardamyla carinentalis,,Insect,2,Brisbane | Sydney,25
Closterotomus norwegicus,Potato Bug,Insect,2,Adelaide | Hobart,25
Dideopsis aegrota,,Insect,2,Brisbane | Sydney,25
Homoneura binotata,,Insect,2,Adelaide | Perth,25
Hypertropha tortriciformis,,Insect,2,Canberra–Queanbeyan | Melbourne,25
Lema bilineata,,Insect,2,Melbourne | Sydney,25
Lubra spinicornis,,Insect,2,Brisbane | Sydney,25
Parepisparis multicolora,,Insect,2,Brisbane | Sydney,25
Planolocha autoptis,Geometer Moth,Insect,2,Melbourne | Sydney,25
Pseudoperga lewisii,Sawfly,Insect,2,Canberra–Queanbeyan | Melbourne,25
Epthianura tricolor,Crimson Chat,Bird,2,Melbourne | Sydney,24
Abantiades latipennis,Ghost Moth,Insect,2,Hobart | Melbourne,24
Aphytoceros lucusalis,,Insect,2,Brisbane | Sydney,24
Aporocera scabrosa,,Insect,2,Canberra–Queanbeyan | Melbourne,24
Austrotephritis trupanea,,Insect,2,Adelaide | Melbourne,24
Avicenna inquinata,,Insect,2,Brisbane | Sydney,24
Badamia exclamationis,Brown Awl,Insect,2,Brisbane | Darwin,24
Detounda leptoplasta,,Insect,2,Canberra–Queanbeyan | Sydney,24
Heteronympha mirifica,Wonder Brown,Insect,2,Brisbane | Sydney,24
Hypena subvittalis,,Insect,2,Brisbane | Sydney,24
Ocystola paulinella,Concealer Moth,Insect,2,Canberra–Queanbeyan | Melbourne,24
Pheidole rugosula,,Insect,2,Brisbane | Sydney,24
Phlyctaenodes pustulosa,,Insect,2,Hobart | Melbourne,24
Telephlebia brevicauda,Southern Evening Darner,Insect,2,Canberra–Queanbeyan | Melbourne,24
Trilaccus nigroruber,,Insect,2,Brisbane | Sydney,24
Cadmus litigiosus,,Insect,2,Canberra–Queanbeyan | Melbourne,23
Castiarina bifasciata,,Insect,2,Melbourne | Sydney,23
Lasioglossum leichardti,,Insect,2,Brisbane | Sydney,23
Limnaecia chionospila,,Insect,2,Canberra–Queanbeyan | Sydney,23
Monomachus antipodalis,Wasp,Insect,2,Canberra–Queanbeyan | Melbourne,23
Otiorhynchus cribricollis,Apple Weevil,Insect,2,Adelaide | Melbourne,23
Phenacodes aleuropa,,Insect,2,Brisbane | Sydney,23
Philobota humerella,,Insect,2,Adelaide | Melbourne,23
Pycnarmon cribrata,,Insect,2,Brisbane | Darwin,23
Sympycnus anomalipennis,Long-legged Fly,Insect,2,Canberra–Queanbeyan | Melbourne,23
Trioza percyae,,Insect,2,Adelaide | Hobart,23
Chrysolarentia gypsomela,Geometer Moth,Insect,2,Adelaide | Canberra–Queanbeyan,23
Thrincophora inconcisana,,Insect,2,Canberra–Queanbeyan | Melbourne,23
Aenetus splendens,,Insect,2,Brisbane | Sydney,22
Aoplocnemis rufipes,,Insect,2,Hobart | Melbourne,22
Apiomorpha variabilis,,Insect,2,Brisbane | Sydney,22
Apomecyna histrio,,Insect,2,Brisbane | Sydney,22
Austromantispa trevori,,Insect,2,Canberra–Queanbeyan | Melbourne,22
Barea phaeomochla,Concealer Moth,Insect,2,Canberra–Queanbeyan | Melbourne,22
Chloroclystis embolocosma,,Insect,2,Brisbane | Sydney,22
Coelostoma fabricii,,Insect,2,Perth | Sydney,22
Curena externalis,,Insect,2,Brisbane | Sydney,22
Diocalandra frumenti,Lesser Coconut Weevil,Insect,2,Brisbane | Sydney,22
Hydrillodes dimissalis,,Insect,2,Brisbane | Sydney,22
Leptomyrmex cnemidatus,,Insect,2,Brisbane | Sydney,22
Macroglossum errans,,Insect,2,Brisbane | Darwin,22
Meryx aequalis,,Insect,2,Canberra–Queanbeyan | Melbourne,22
Nomia rubroviridis,,Insect,2,Brisbane | Darwin,22
Oecanthus rufescens,,Insect,2,Adelaide | Brisbane,22
Parepisparis excusata,Geometer Moth,Insect,2,Brisbane | Sydney,22
Phrynocaria gratiosa,,Insect,2,Brisbane | Sydney,22
Scoparia crocospila,Grass Moth,Insect,2,Adelaide | Melbourne,22
Stenus pustulifer,,Insect,2,Melbourne | Sydney,22
Targalla delatrix,,Insect,2,Brisbane | Sydney,22
Kogia breviceps,Pygmy Sperm Whale,Mammal,2,Adelaide | Melbourne,21
Cryptoblepharus pannosus,Ragged Snake-eyed Skink,Reptile,2,Adelaide | Melbourne,21
Barea anerasta,,Insect,2,Brisbane | Sydney,21
Castiarina nasuta,,Insect,2,Canberra–Queanbeyan | Melbourne,21
Ceratognathus niger,,Insect,2,Hobart | Melbourne,21
Comostola leucomerata,,Insect,2,Brisbane | Sydney,21
Elatichrosis trisulcatus,,Insect,2,Hobart | Melbourne,21
Erechthias zebrina,,Insect,2,Brisbane | Sydney,21
Idaea nephelota,Geometer Moth,Insect,2,Adelaide | Melbourne,21
Laelia obsoleta,,Insect,2,Brisbane | Sydney,21
Lambula obliquilinea,,Insect,2,Brisbane | Sydney,21
Laticlerada laticollis,Seed Bug,Insect,2,Adelaide | Sydney,21
Leperina decorata,,Insect,2,Hobart | Melbourne,21
Levu vitiensis,,Insect,2,Brisbane | Sydney,21
Mormoscopa sordescens,Litter Moth,Insect,2,Canberra–Queanbeyan | Melbourne,21
Onthophagus declivis,,Insect,2,Canberra–Queanbeyan | Sydney,21
Onthophagus ferox,Western Dung Beetle,Insect,2,Melbourne | Perth,21
Orthogonis ornatipennis,Robber Fly,Insect,2,Melbourne | Sydney,21
Palaeorhiza parallela,,Insect,2,Brisbane | Melbourne,21
Tritocosmia atricilla,,Insect,2,Brisbane | Sydney,21
Ocrasa albidalis,,Insect,2,Brisbane | Canberra–Queanbeyan,21
Pterodroma nigripennis,Black-winged Petrel,Bird,2,Brisbane | Sydney,20
Cacophis krefftii,Southern Dwarf Crowned Snake,Reptile,2,Brisbane | Sydney,20
Delma inornata,Patternless Delma,Reptile,2,Canberra–Queanbeyan | Melbourne,20
Araiobelus filum,,Insect,2,Hobart | Melbourne,20
Austrovelinus varius,,Insect,2,Brisbane | Sydney,20
Chauliognathus inconstans,,Insect,2,Brisbane | Sydney,20
Colepia malleola,Robber Fly,Insect,2,Brisbane | Sydney,20
Digitonthophagus gazella,Gazella Dung Beetle,Insect,2,Brisbane | Sydney,20
Epiphyas caryotis,,Insect,2,Canberra–Queanbeyan | Hobart,20
Heliosia jucunda,Moth,Insect,2,Brisbane | Sydney,20
Hydriris chalybitis,,Insect,2,Brisbane | Darwin,20
Leucania dasycnema,,Insect,2,Brisbane | Sydney,20
Paralaea ochrosoma,Geometer Moth,Insect,2,Adelaide | Canberra–Queanbeyan,20
Peltoschema rubiginosa,,Insect,2,Adelaide | Melbourne,20
Petalanthes hexastera,Concealer Moth,Insect,2,Melbourne | Sydney,20
Philenora chionastis,Moth,Insect,2,Brisbane | Sydney,20
Phytometra laevis,,Insect,2,Brisbane | Sydney,20
Psapharus infaustus,,Insect,2,Melbourne | Sydney,20
Taxeotis intermixtaria,Geometer Moth,Insect,2,Canberra–Queanbeyan | Melbourne,20
Aspidimorpha deusta,,Insect,2,Brisbane | Darwin,20
Hemiergis initialis,Southwestern Earless Skink,Reptile,2,Adelaide | Perth,19
Apiomorpha pedunculata,,Insect,2,Brisbane | Sydney,19
Asota iodamia,,Insect,2,Brisbane | Sydney,19
Ceroplastes ceriferus,Indian White Wax Scale,Insect,2,Brisbane | Sydney,19
Chrysomya incisuralis,Blow Fly,Insect,2,Brisbane | Sydney,19
Dasineura frauenfeldi,,Insect,2,Melbourne | Sydney,19
Dudua siderea,,Insect,2,Brisbane | Sydney,19
Enchocrates picrophylla,,Insect,2,Adelaide | Sydney,19
Eurymeloides perpusilla,,Insect,2,Brisbane | Sydney,19
Goniaea carinata,,Insect,2,Brisbane | Canberra–Queanbeyan,19
Hymenia perspectalis,,Insect,2,Brisbane | Sydney,19
Idaea pseliota,Geometer Moth,Insect,2,Adelaide | Melbourne,19
Lagenosoma dispar,,Insect,2,Brisbane | Sydney,19
Monomorium sydneyense,Sydney Mono Ant,Insect,2,Brisbane | Melbourne,19
Orthrius sepulcralis,,Insect,2,Brisbane | Darwin,19
Pantydia metaspila,,Insect,2,Brisbane | Canberra–Queanbeyan,19
Polichne longipes,,Insect,2,Brisbane | Darwin,19
Pyroderces mesoptila,,Insect,2,Brisbane | Sydney,19
Sarisophora leucoscia,,Insect,2,Brisbane | Sydney,19
Thraxan luteus,,Insect,2,Brisbane | Darwin,19
Zacorus carus,Concealer Moth,Insect,2,Canberra–Queanbeyan | Melbourne,19
Aedes procax,,Insect,2,Brisbane | Sydney,19
Cardiaspina albitextura,White Lace Lerp,Insect,2,Canberra–Queanbeyan | Melbourne,19
Endoxyla dictyoschema,,Insect,2,Brisbane | Sydney,19
Podacanthus typhon,Large Pink-winged Stick-insect,Insect,2,Melbourne | Sydney,19
Brachyexarna lobipennis,,Insect,2,Canberra–Queanbeyan | Melbourne,19
Diomedea antipodensis,Gibson's Albatross,Bird,2,Adelaide | Sydney,18
Acanthosoma versicolor,,Insect,2,Brisbane | Sydney,18
Acropteris teriadata,,Insect,2,Brisbane | Darwin,18
Australozethus tasmaniensis,Wasp,Insect,2,Hobart | Melbourne,18
Austropsocus viridis,,Insect,2,Hobart | Melbourne,18
Calyptra minuticornis,,Insect,2,Brisbane | Sydney,18
Cletus saucius,,Insect,2,Brisbane | Sydney,18
Fuscicepsana fuscicepsana,,Insect,2,Brisbane | Sydney,18
Gynacantha dobsoni,Lesser Duskhawker,Insect,2,Brisbane | Darwin,18
Hesperilla picta,Painted Sedge-skipper,Insect,2,Brisbane | Sydney,18
Heteromastix fusicornis,,Insect,2,Melbourne | Sydney,18
Homoneura nigra,,Insect,2,Brisbane | Darwin,18
Iptergonus bifurcatus,,Insect,2,Brisbane | Sydney,18
Lamoria eumeces,,Insect,2,Brisbane | Sydney,18
Paropsisterna rufobrunnea,,Insect,2,Canberra–Queanbeyan | Melbourne,18
Perilampella hecataeus,,Insect,2,Melbourne | Sydney,18
Psychopsis insolens,,Insect,2,Brisbane | Sydney,18
Pterohelaeus planus,,Insect,2,Canberra–Queanbeyan | Melbourne,18
Rhytiphora bakewelli,,Insect,2,Brisbane | Sydney,18
Sapromyza mallochiana,Acalyptrate Fly,Insect,2,Canberra–Queanbeyan | Melbourne,18
Scopula desita,Geometer Moth,Insect,2,Brisbane | Sydney,18
Spiloscapha thallioides,,Insect,2,Melbourne | Sydney,18
Spodoptera exempta,,Insect,2,Brisbane | Sydney,18
Synlestes weyersii,Bronze Needle,Insect,2,Melbourne | Sydney,18
Thapsinotypa anthemodes,Concealer Moth,Insect,2,Hobart | Melbourne,18
Tingis hurdae,,Insect,2,Melbourne | Sydney,18
Trigonometopsis binotata,Acalyptrate Fly,Insect,2,Melbourne | Sydney,18
Adelium porcatum,,Insect,2,Canberra–Queanbeyan | Sydney,18
Castiarina hilaris,,Insect,2,Canberra–Queanbeyan | Melbourne,18
Phauloplana illuta,Concealer Moth,Insect,2,Canberra–Queanbeyan | Melbourne,18
Tapinoma melanocephalum,Ghost Ant,Insect,2,Brisbane | Darwin,18
Acropolitis excelsa,Leafroller Moth,Insect,2,Canberra–Queanbeyan | Melbourne,18
Vespadelus troughtoni,Eastern Cave Bat,Mammal,2,Brisbane | Sydney,17
Aglaosoma variegata,Moth,Insect,2,Brisbane | Sydney,17
Archaeoses polygrapha,Moth,Insect,2,Adelaide | Melbourne,17
Blackburniella intricata,,Insect,2,Hobart | Perth,17
Cardiaspina densitexta,,Insect,2,Canberra–Queanbeyan | Melbourne,17
Casbia farinalis,Geometer Moth,Insect,2,Canberra–Queanbeyan | Melbourne,17
Chlenias gonosema,Geometer Moth,Insect,2,Adelaide | Melbourne,17
Chrysopogon muelleri,Robber Fly,Insect,2,Canberra–Queanbeyan | Melbourne,17
Coleotichus artensis,,Insect,2,Brisbane | Sydney,17
Endoxyla secta,Carpenter Moth,Insect,2,Brisbane | Melbourne,17
Homotrysis scutellaris,,Insect,2,Brisbane | Canberra–Queanbeyan,17
Horridipamera nietneri,,Insect,2,Brisbane | Darwin,17
Lichenaula appropinquans,,Insect,2,Canberra–Queanbeyan | Sydney,17
Limnaecia tetraplanetis,,Insect,2,Brisbane | Darwin,17
Macrobathra sarcoleuca,,Insect,2,Brisbane | Darwin,17
Meroglossa impressifrons,,Insect,2,Brisbane | Sydney,17
Microdes diplodonta,Geometer Moth,Insect,2,Canberra–Queanbeyan | Melbourne,17
Oxyodes tricolor,,Insect,2,Brisbane | Sydney,17
Poneridia macdonaldi,,Insect,2,Brisbane | Melbourne,17
Syntherata janetta,,Insect,2,Brisbane | Sydney,17
Tropis paradoxa,,Insect,2,Canberra–Queanbeyan | Melbourne,17
Yoyetta landsboroughi,Cicada,Insect,2,Melbourne | Sydney,17
Platyzosteria similis,Cockroach,Insect,2,Canberra–Queanbeyan | Perth,17
Lasioglossum punctatum,,Insect,2,Canberra–Queanbeyan | Sydney,17
Agamana conjungens,,Insect,2,Brisbane | Sydney,16
Anthela basigera,Western Toothed Anthelid,Insect,2,Adelaide | Sydney,16
Australozonitis lutea,,Insect,2,Melbourne | Sydney,16
Callidiopis scutellaris,,Insect,2,Canberra–Queanbeyan | Hobart,16
Camponotus fergusoni,,Insect,2,Adelaide | Melbourne,16
Cenoloba obliteralis,,Insect,2,Brisbane | Sydney,16
Dichromodes molybdaria,,Insect,2,Canberra–Queanbeyan | Sydney,16
Donuca spectabilis,White-spotted Owl Moth,Insect,2,Adelaide | Perth,16
Hypocala deflorata,,Insect,2,Brisbane | Sydney,16
Hypolimnas alimena,Blue-banded Eggfly,Insect,2,Darwin | Melbourne,16
Ipanica cornigera,Owlet Moth,Insect,2,Brisbane | Darwin,16
Lepidoscia euryptera,,Insect,2,Brisbane | Canberra–Queanbeyan,16
Lepturidea punctulaticollis,,Insect,2,Canberra–Queanbeyan | Melbourne,16
Ophisma gravata,,Insect,2,Brisbane | Sydney,16
Paropsisterna annularis,,Insect,2,Canberra–Queanbeyan | Melbourne,16
Philobota sordidella,,Insect,2,Brisbane | Sydney,16
Polyrhachis mjobergi,,Insect,2,Brisbane | Sydney,16
Stenoderus ostricilla,,Insect,2,Brisbane | Canberra–Queanbeyan,16
Telicota augias,Bright-orange Darter,Insect,2,Darwin | Melbourne,16
Tortor daulias,,Insect,2,Brisbane | Sydney,16
Trachylestes aspericollis,,Insect,2,Brisbane | Sydney,16
Trigonistis demonias,Owlet Moth,Insect,2,Brisbane | Melbourne,16
Stomorhina xanthogaster,,Insect,2,Brisbane | Sydney,16
Titinia tenuis,,Insect,2,Canberra–Queanbeyan | Melbourne,16
Tripteroides tasmaniensis,Mosquito,Insect,2,Hobart | Melbourne,16
Fisera perplexata,Geometer Moth,Insect,2,Canberra–Queanbeyan | Hobart,16
Diomedea exulans,Wandering Albatross,Bird,2,Adelaide | Sydney,15
Agriophara leptosemela,,Insect,2,Canberra–Queanbeyan | Melbourne,15
Anoplognathus viridiaeneus,King Christmas Beetle,Insect,2,Brisbane | Sydney,15
Araecerus fasciculatus,Beetle,Insect,2,Brisbane | Sydney,15
Australocleptes debilis,,Insect,2,Adelaide | Melbourne,15
Austroleria truncata,Fly,Insect,2,Hobart | Melbourne,15
Corgatha drosera,,Insect,2,Brisbane | Sydney,15
Cylas formicarius,,Insect,2,Brisbane | Sydney,15
Dasineura rubiformis,,Insect,2,Melbourne | Sydney,15
Dichomeris acuminatus,,Insect,2,Brisbane | Darwin,15
Ephutomorpha ferruginata,,Insect,2,Melbourne | Sydney,15
Eulechria encratodes,,Insect,2,Brisbane | Sydney,15
Gasteruption angusticeps,,Insect,2,Brisbane | Darwin,15
Gesonia obeditalis,,Insect,2,Brisbane | Darwin,15
Neocistela ovalis,,Insect,2,Canberra–Queanbeyan | Melbourne,15
Ocirrhoe australis,,Insect,2,Melbourne | Sydney,15
Oncocoris similis,Shield Bug,Insect,2,Hobart | Melbourne,15
Oxya japonica,Rice Grasshopper,Insect,2,Brisbane | Darwin,15
Psilalcis isombra,,Insect,2,Brisbane | Sydney,15
Strongylurus thoracicus,,Insect,2,Brisbane | Sydney,15
Ardozyga eumela,,Insect,2,Canberra–Queanbeyan | Melbourne,15
Bandidus breviusculus,,Insect,2,Canberra–Queanbeyan | Melbourne,15
Cyrioides imperialis,Banksia Jewel Beetle,Insect,2,Melbourne | Sydney,15
Eulechria electrodes,Concealer Moth,Insect,2,Canberra–Queanbeyan | Sydney,15
Johnrehnia concisa,,Insect,2,Canberra–Queanbeyan | Sydney,15
Agriophara fascifera,,Insect,2,Brisbane | Canberra–Queanbeyan,14
Anaxilaus oliva,Shield Bug,Insect,2,Adelaide | Melbourne,14
Apodasmia rufonigraria,Geometer Moth,Insect,2,Perth | Sydney,14
Camponotus nigroaeneus,Sugar Ant,Insect,2,Canberra–Queanbeyan | Melbourne,14
Castiarina rectifasciata,,Insect,2,Melbourne | Sydney,14
Coeranica isabella,Concealer Moth,Insect,2,Brisbane | Canberra–Queanbeyan,14
Copidita kershawi,,Insect,2,Melbourne | Sydney,14
Crocidosema lantana,,Insect,2,Brisbane | Sydney,14
Diphucrania marmorata,,Insect,2,Canberra–Queanbeyan | Sydney,14
Donuca lanipes,,Insect,2,Brisbane | Darwin,14
Euprionocera geminipuncta,,Insect,2,Brisbane | Sydney,14
Euproctis edwardsii,Mistletoe Browntail Moth,Insect,2,Brisbane | Canberra–Queanbeyan,14
Helina collessi,,Insect,2,Hobart | Melbourne,14
Horouta aristarche,Leafhopper,Insect,2,Canberra–Queanbeyan | Melbourne,14
Hydrotaea chalcogaster,,Insect,2,Brisbane | Sydney,14
Kalkadoona truncatella,,Insect,2,Melbourne | Sydney,14
Leucania leucosta,,Insect,2,Brisbane | Sydney,14
Mesoponera australis,,Insect,2,Brisbane | Sydney,14
Metachrostis paurograpta,,Insect,2,Brisbane | Darwin,14
Paragryllacris combusta,,Insect,2,Brisbane | Sydney,14
Pseudalmenus chlorinda,Silky Hairstreak,Insect,2,Hobart | Melbourne,14
Pycnoscelus indicus,,Insect,2,Brisbane | Darwin,14
Riptortus linearis,Bean Podsucking Bug,Insect,2,Brisbane | Darwin,14
Tetramorium confusum,,Insect,2,Brisbane | Sydney,14
Tropicomyia polyphyta,,Insect,2,Brisbane | Sydney,14
Cataclysta lampetialis,,Insect,2,Brisbane | Darwin,14
Lutzia halifaxii,,Insect,2,Brisbane | Sydney,14
Oebarina ceresioides,,Insect,2,Canberra–Queanbeyan | Melbourne,14
Paropsisterna tigrina,,Insect,2,Brisbane | Sydney,14
Selagis aurifera,,Insect,2,Canberra–Queanbeyan | Melbourne,14
Archaereta dorsivittella,Concealer Moth,Insect,2,Melbourne | Sydney,13
Bembix vespiformis,Wasp,Insect,2,Adelaide | Perth,13
Castiarina wilsoni,,Insect,2,Hobart | Melbourne,13
Chrysolarentia vicissata,Geometer Moth,Insect,2,Hobart | Melbourne,13
Cuspicona forticornis,,Insect,2,Brisbane | Sydney,13
Dahlia capnobela,,Insect,2,Brisbane | Darwin,13
Dasineura acaciaelongifoliae,Gall Gnat,Insect,2,Melbourne | Sydney,13
Dichromodes disputata,Geometer Moth,Insect,2,Canberra–Queanbeyan | Sydney,13
Echinocosma catachrysa,Concealer Moth,Insect,2,Canberra–Queanbeyan | Melbourne,13
Eulechria pentamera,Concealer Moth,Insect,2,Melbourne | Sydney,13
Hylaeus disjunctus,,Insect,2,Brisbane | Darwin,13
Johnrehnia solida,,Insect,2,Brisbane | Canberra–Queanbeyan,13
Lecithocera sobria,,Insect,2,Melbourne | Sydney,13
Lema togata,,Insect,2,Brisbane | Sydney,13
Lemidia bella,,Insect,2,Canberra–Queanbeyan | Melbourne,13
Macrobathra melanomitra,,Insect,2,Adelaide | Canberra–Queanbeyan,13
Macrocyttara expressa,,Insect,2,Adelaide | Brisbane,13
Margarosticha sphenotis,,Insect,2,Brisbane | Sydney,13
Monolepta minuscula,,Insect,2,Brisbane | Sydney,13
Oreixenica lathoniella,Common Silver Xenica,Insect,2,Hobart | Melbourne,13
Paropsis quadrimaculata,,Insect,2,Brisbane | Sydney,13
Paropsisterna liturata,,Insect,2,Canberra–Queanbeyan | Sydney,13
Pollanisus lithopastus,Forester Moth,Insect,2,Brisbane | Hobart,13
Pseudoperga guerinii,Sawfly,Insect,2,Canberra–Queanbeyan | Melbourne,13
Rhesalides curvata,,Insect,2,Brisbane | Darwin,13
Stathmopoda cephalaea,,Insect,2,Melbourne | Sydney,13
Tachystola oxytora,Concealer Moth,Insect,2,Brisbane | Sydney,13
Thallarcha leptographa,,Insect,2,Brisbane | Sydney,13
Urothemis aliena,Red Baron,Insect,2,Brisbane | Darwin,13
Voliba scoparialis,,Insect,2,Adelaide | Melbourne,13
Zonopetala glauconephela,,Insect,2,Brisbane | Sydney,13
Coptaspis brevipennis,,Insect,2,Canberra–Queanbeyan | Sydney,13
Hirundo tahitica,Pacific Swallow,Bird,2,Adelaide | Sydney,12
Notamacropus dorsalis,Black-striped Wallaby,Mammal,2,Brisbane | Sydney,12
Ctenotus orientalis,Eastern Striped Skink,Reptile,2,Adelaide | Canberra–Queanbeyan,12
Adreppus fallax,,Insect,2,Brisbane | Sydney,12
Amerila rubripes,,Insect,2,Brisbane | Darwin,12
Androchela milvaria,Geometer Moth,Insect,2,Adelaide | Perth,12
Anthela denticulata,Lappet Moth,Insect,2,Adelaide | Melbourne,12
Aphantes melanochorda,Geometer Moth,Insect,2,Perth | Sydney,12
Aradellus cygnalis,Assassin Bug,Insect,2,Canberra–Queanbeyan | Melbourne,12
Austrelatus clarki,,Insect,2,Brisbane | Darwin,12
Austroagalloides grisea,Leafhopper,Insect,2,Adelaide | Canberra–Queanbeyan,12
Camponotus rufus,Ant,Insect,2,Adelaide | Perth,12
Canungrantmictis morindana,,Insect,2,Brisbane | Sydney,12
Castiarina inconspicua,,Insect,2,Canberra–Queanbeyan | Sydney,12
Castiarina kerremansi,,Insect,2,Canberra–Queanbeyan | Melbourne,12
Cerobates ophthalmicus,,Insect,2,Brisbane | Sydney,12
Chalciope alcyona,,Insect,2,Brisbane | Darwin,12
Ciampa melanostrepta,,Insect,2,Adelaide | Perth,12
Coptocercus multitrichus,,Insect,2,Brisbane | Sydney,12
Diemeniana euronotiana,Cicada,Insect,2,Hobart | Melbourne,12
Entometa guttularis,Boxtree Moth,Insect,2,Brisbane | Perth,12
Eulechria heliophanes,Concealer Moth,Insect,2,Canberra–Queanbeyan | Sydney,12
Eurinopsyche obscurata,,Insect,2,Brisbane | Darwin,12
Eurynassa australis,Wattle Root Longicorn,Insect,2,Brisbane | Sydney,12
Hemicyclus reaumuri,,Insect,2,Brisbane | Sydney,12
Lambula transcripta,,Insect,2,Brisbane | Sydney,12
Lipotriches gracilipes,Sweat Bee,Insect,2,Adelaide | Brisbane,12
Menechirus parryi,,Insect,2,Brisbane | Sydney,12
Meranoplus puryi,Ant,Insect,2,Melbourne | Sydney,12
Myrmecia impaternata,,Insect,2,Canberra–Queanbeyan | Sydney,12
Mythimna consanguis,Moth,Insect,2,Brisbane | Sydney,12
Noliphus annulipes,,Insect,2,Brisbane | Darwin,12
Ophyx ochroptera,,Insect,2,Brisbane | Sydney,12
Pachycolpura manca,,Insect,2,Melbourne | Sydney,12
Paropsis omphale,,Insect,2,Brisbane | Sydney,12
Philobota physaula,Concealer Moth,Insect,2,Canberra–Queanbeyan | Melbourne,12
Prionyx saevus,,Insect,2,Adelaide | Perth,12
Proteuxoa atra,Owlet Moth,Insect,2,Canberra–Queanbeyan | Melbourne,12
Sepedon plumbella,,Insect,2,Brisbane | Darwin,12
Syneora leucanthes,,Insect,2,Adelaide | Perth,12
Turneriprocris dolens,Forester Moth,Insect,2,Hobart | Melbourne,12
Amyna axis,,Insect,2,Brisbane | Darwin,12
Lasioglossum callomelittinum,Sweat Bee,Insect,2,Canberra–Queanbeyan | Melbourne,12
Oenochroa dinosema,Concealer Moth,Insect,2,Adelaide | Canberra–Queanbeyan,12
Stigmodera macularia,Stigmodera Macularia,Insect,2,Melbourne | Sydney,12
Adelium pustulosum,Darkling Beetle,Insect,2,Canberra–Queanbeyan | Melbourne,11
Ageletha elaeodes,Concealer Moth,Insect,2,Adelaide | Brisbane,11
Anabarhynchus apertus,,Insect,2,Melbourne | Sydney,11
Anonychomyrma fornicata,Ant,Insect,2,Perth | Sydney,11
Anthela excellens,Grey-headed Anthelid,Insect,2,Brisbane | Sydney,11
Aquita tactalis,Tuft Moth,Insect,2,Melbourne | Perth,11
Ardozyga gypsocrana,,Insect,2,Canberra–Queanbeyan | Sydney,11
Autoba silicula,,Insect,2,Brisbane | Darwin,11
Chorodna strixaria,,Insect,2,Brisbane | Sydney,11
Cryptoscenea australiensis,,Insect,2,Hobart | Melbourne,11
Cylindromyia tricolor,Horse Fly,Insect,2,Hobart | Melbourne,11
Dialecticopteryx australica,Fig Leafhopper,Insect,2,Brisbane | Sydney,11
Dysgonia monogona,,Insect,2,Brisbane | Darwin,11
Ectopatria mundoides,Owlet Moth,Insect,2,Adelaide | Perth,11
Geotrupes spiniger,,Insect,2,Hobart | Melbourne,11
Gotra gilberti,,Insect,2,Brisbane | Sydney,11
Homodes bracteigutta,,Insect,2,Brisbane | Darwin,11
Hypattalus sordidus,,Insect,2,Canberra–Queanbeyan | Melbourne,11
Lepidoscia adelopis,,Insect,2,Melbourne | Sydney,11
Megacmonotus magnus,Owlfly,Insect,2,Brisbane | Perth,11
Meranoplus curvispina,,Insect,2,Melbourne | Sydney,11
Nephotettix nigropictus,,Insect,2,Brisbane | Darwin,11
Odontomachus ruficeps,Trap-jaw Ant,Insect,2,Darwin | Perth,11
Oemethylus triangularis,Wild Passionfruit Weevil,Insect,2,Canberra–Queanbeyan | Sydney,11
Plectobela ecliptica,,Insect,2,Melbourne | Sydney,11
Proteuxoa nuna,Owlet Moth,Insect,2,Adelaide | Melbourne,11
Proteuxoa paratorna,Owlet Moth,Insect,2,Adelaide | Melbourne,11
Psaroxantha basilica,,Insect,2,Canberra–Queanbeyan | Sydney,11
Scirpophaga imparellus,Grass Moth,Insect,2,Brisbane | Melbourne,11
Solenopsis geminata,Fire Ant,Insect,2,Brisbane | Darwin,11
Tapeigaster paramonovi,Fly,Insect,2,Melbourne | Perth,11
Trigonomyia cristata,,Insect,2,Adelaide | Perth,11
Zizeeria karsandra,Dark Grass-blue,Insect,2,Brisbane | Darwin,11
Caedicia marginata,,Insect,2,Brisbane | Sydney,11
Creophilus lanio,,Insect,2,Hobart | Melbourne,11
Garrha demotica,Concealer Moth,Insect,2,Adelaide | Sydney,11
Nephele subvaria,,Insect,2,Brisbane | Sydney,11
Orcus nummularis,,Insect,2,Brisbane | Perth,11
Phytoecia coerulescens,,Insect,2,Canberra–Queanbeyan | Melbourne,11
Piloprepes aristocratica,Concealer Moth,Insect,2,Brisbane | Sydney,11
Proteuxoa heliosema,Owlet Moth,Insect,2,Adelaide | Perth,11
Rhinotia adelaidae,,Insect,2,Canberra–Queanbeyan | Melbourne,11
Tropidoderus rhodomus,Red-shouldered Stick-insect,Insect,2,Adelaide | Brisbane,11
Neodialineura litura,,Insect,2,Adelaide | Melbourne,11
Euproctis marginalis,,Insect,2,Canberra–Queanbeyan | Melbourne,11
Stylogeocoris elongatus,Big-eyed Bug,Insect,2,Brisbane | Canberra–Queanbeyan,11
Telecrates melanochrysa,Concealer Moth,Insect,2,Canberra–Queanbeyan | Melbourne,11
Oreoica gutturalis,Crested Bellbird,Bird,2,Adelaide | Sydney,10
Puffinus assimilis,Tasman Little Shearwater,Bird,2,Perth | Sydney,10
Aedes rubrithorax,,Insect,2,Melbourne | Sydney,10
Apiomorpha spinifer,Felt Scale Insect,Insect,2,Canberra–Queanbeyan | Melbourne,10
Apotropina albiseta,,Insect,2,Brisbane | Sydney,10
Auscala spinosa,Cicada,Insect,2,Adelaide | Sydney,10
Blepiarda undulata,,Insect,2,Melbourne | Sydney,10
Caloptilia octopunctata,,Insect,2,Brisbane | Sydney,10
Castiarina producta,Postage Stamp Jewel Beetle,Insect,2,Brisbane | Sydney,10
Chezala conjunctella,,Insect,2,Brisbane | Sydney,10
Chrysodeixis acuta,,Insect,2,Brisbane | Sydney,10
Cizara ardeniae,Cizara Hawk Moth,Insect,2,Brisbane | Sydney,10
Cooperocoris australis,,Insect,2,Adelaide | Melbourne,10
Corynophora lativittalis,,Insect,2,Melbourne | Sydney,10
Dichromodes obtusata,Geometer Moth,Insect,2,Melbourne | Sydney,10
Dilatops fici,,Insect,2,Brisbane | Sydney,10
Elephantodeta nobilis,,Insect,2,Adelaide | Sydney,10
Erechthias acontistes,,Insect,2,Brisbane | Canberra–Queanbeyan,10
Eupselia anommata,,Insect,2,Brisbane | Sydney,10
Hemipyrellia ligurriens,,Insect,2,Brisbane | Darwin,10
Heterochasta conglobata,,Insect,2,Brisbane | Sydney,10
Heteropsilopus brevicornis,Long-legged Fly,Insect,2,Hobart | Melbourne,10
Heteroteucha leptobaphes,,Insect,2,Brisbane | Sydney,10
Johnrehnia contraria,Cockroach,Insect,2,Canberra–Queanbeyan | Sydney,10
Lamprogaster imperialis,Signal Fly,Insect,2,Brisbane | Sydney,10
Lixus tasmanicus,,Insect,2,Melbourne | Sydney,10
Nola taeniata,,Insect,2,Brisbane | Darwin,10
Oxythecta acceptella,Concealer Moth,Insect,2,Canberra–Queanbeyan | Melbourne,10
Peltoschema nigroconspersa,,Insect,2,Melbourne | Perth,10
Pezothrips kellyanus,,Insect,2,Melbourne | Sydney,10
Phoracantha acanthocera,,Insect,2,Adelaide | Perth,10
Pseudorhynchus mimeticus,,Insect,2,Brisbane | Sydney,10
Ropalidia gracilenta,,Insect,2,Brisbane | Sydney,10
Rosopaella cuprea,,Insect,2,Canberra–Queanbeyan | Melbourne,10
Saralba ocypteroides,,Insect,2,Brisbane | Sydney,10
Syritta luteinervis,,Insect,2,Brisbane | Perth,10
Thallarcha oblita,Moth,Insect,2,Canberra–Queanbeyan | Melbourne,10
Tricheops ephippiger,,Insect,2,Brisbane | Sydney,10
Trigonoorda gavisalis,Grass Moth,Insect,2,Melbourne | Sydney,10
Xyloperga lalage,Sawfly,Insect,2,Canberra–Queanbeyan | Melbourne,10
Austroicetes pusilla,,Insect,2,Canberra–Queanbeyan | Melbourne,10
Bactrocera cacuminata,Fruit Fly,Insect,2,Brisbane | Sydney,10
Castiarina vicina,,Insect,2,Canberra–Queanbeyan | Melbourne,10
Ceroplastes destructor,Soft Wax Scale,Insect,2,Brisbane | Sydney,10
Dichromodes anelictis,Geometer Moth,Insect,2,Adelaide | Perth,10
Glyphipterix argyrosema,,Insect,2,Melbourne | Sydney,10
Pachygrontha austrina,,Insect,2,Brisbane | Darwin,10
Proteuxoa nyctereutica,Owlet Moth,Insect,2,Canberra–Queanbeyan | Melbourne,10
Rhagadolyra handlirschi,,Insect,2,Brisbane | Sydney,10
Salma cholica,Grass Moth,Insect,2,Adelaide | Melbourne,10
Uloma sanguinipes,,Insect,2,Canberra–Queanbeyan | Melbourne,10
Edosa ochracea,Fungus Moth,Insect,2,Canberra–Queanbeyan | Melbourne,10
Tortricopsis aulacois,Concealer Moth,Insect,2,Canberra–Queanbeyan | Melbourne,10
Nemophora sparsella,Fairy Longhorn Moth,Insect,2,Canberra–Queanbeyan | Melbourne,10
Arctocephalus tropicalis,Subantarctic Fur-seal,Mammal,2,Melbourne | Sydney,9
Acosmeryx miskini,,Insect,2,Brisbane | Sydney,9
Aculicoxa striata,,Insect,2,Brisbane | Sydney,9
Anonychomyrma biconvexa,Ant,Insect,2,Hobart | Melbourne,9
Antocha australiensis,,Insect,2,Canberra–Queanbeyan | Melbourne,9
Ascetoderes vittatus,,Insect,2,Adelaide | Canberra–Queanbeyan,9
Bimia bicolor,Bimia Longicorn,Insect,2,Adelaide | Perth,9
Calathusa mesospila,,Insect,2,Brisbane | Sydney,9
Chaetolopha leucophragma,Geometer Moth,Insect,2,Melbourne | Sydney,9
Cheiroplatys latipes,,Insect,2,Adelaide | Melbourne,9
Chlaenius hamifer,,Insect,2,Brisbane | Darwin,9
Crepidomenus decoratus,,Insect,2,Hobart | Melbourne,9
Daclera rufescens,,Insect,2,Brisbane | Darwin,9
Eulechria callidesma,Concealer Moth,Insect,2,Melbourne | Sydney,9
Famegana nisa,Black-spotted Grass-blue,Insect,2,Brisbane | Darwin,9
Gastrinopa xylistis,Geometer Moth,Insect,2,Adelaide | Melbourne,9
Glaphyristis marmarea,,Insect,2,Brisbane | Sydney,9
Glyphodes bivitralis,,Insect,2,Brisbane | Darwin,9
Hysteroneura setariae,Rusty Plum Aphid,Insect,2,Brisbane | Sydney,9
Idaea simplex,,Insect,2,Brisbane | Darwin,9
Idioses littleri,Carpenter Moth,Insect,2,Melbourne | Sydney,9
Laxta granulosa,Cockroach,Insect,2,Adelaide | Melbourne,9
Lebia melanonota,,Insect,2,Brisbane | Sydney,9
Macrobathra honoratella,,Insect,2,Brisbane | Melbourne,9
Microthripa baeota,,Insect,2,Brisbane | Darwin,9
Microtropesa nigricornis,,Insect,2,Hobart | Melbourne,9
Monolepta themedicola,,Insect,2,Brisbane | Melbourne,9
Neotoxura longipalpis,,Insect,2,Canberra–Queanbeyan | Melbourne,9
Omophaena taeniata,,Insect,2,Melbourne | Perth,9
Oxyops fasciculatus,,Insect,2,Canberra–Queanbeyan | Sydney,9
Paraparatrechina minutula,Ant,Insect,2,Brisbane | Melbourne,9
Parapoynx stagnalis,,Insect,2,Brisbane | Darwin,9
Pheidole antipodum,,Insect,2,Adelaide | Perth,9
Physatocheila uniseriata,,Insect,2,Adelaide | Melbourne,9
Platycoris rugosus,Shield Bug,Insect,2,Hobart | Melbourne,9
Platyeurymela semifascia,Leafhopper,Insect,2,Hobart | Melbourne,9
Poneridia australis,,Insect,2,Brisbane | Sydney,9
Pseudozaphanera niger,Species Of Whiteflies,Insect,2,Adelaide | Melbourne,9
Seirotrana parallela,,Insect,2,Adelaide | Melbourne,9
Stathmopoda liporrhoa,,Insect,2,Brisbane | Sydney,9
Stenoscaptia venusta,Moth,Insect,2,Brisbane | Sydney,9
Temognatha variabilis,,Insect,2,Brisbane | Sydney,9
Tritopterna capyra,,Insect,2,Brisbane | Sydney,9
Yponomeuta pustulellus,,Insect,2,Brisbane | Sydney,9
Zalissa catocalina,,Insect,2,Brisbane | Sydney,9
Achaea eusciasta,,Insect,2,Brisbane | Darwin,9
Aproopta melanchlaena,Concealer Moth,Insect,2,Melbourne | Sydney,9
Aquarius antigone,Water Strider,Insect,2,Canberra–Queanbeyan | Sydney,9
Ardozyga loxodesma,,Insect,2,Canberra–Queanbeyan | Sydney,9
Australocleptes hackeri,,Insect,2,Brisbane | Melbourne,9
Certonotus humeralifer,,Insect,2,Brisbane | Sydney,9
Chironomus javanus,Midge,Insect,2,Brisbane | Darwin,9
Corgatha figuralis,,Insect,2,Brisbane | Darwin,9
Cranopygia ophthalmica,,Insect,2,Adelaide | Sydney,9
Cyprotides cyprotus,Copper Trident-blue,Insect,2,Perth | Sydney,9
Lasioglossum conspicuum,Sweat Bee,Insect,2,Adelaide | Brisbane,9
Lophocalama neuritis,Owlet Moth,Insect,2,Brisbane | Sydney,9
Ornithoptera richmondia,Richmond Birdwing Butterfly,Insect,2,Brisbane | Melbourne,9
Paratettix australis,,Insect,2,Canberra–Queanbeyan | Perth,9
Scioglyptis heterogyna,Geometer Moth,Insect,2,Adelaide | Melbourne,9
Tasgius ater,,Insect,2,Canberra–Queanbeyan | Melbourne,9
Ypthima arctous,Dusky Knight,Insect,2,Darwin | Sydney,9
Eleale pulcher,,Insect,2,Adelaide | Melbourne,9
Pardalotus rubricatus,Inland Red-browed Pardalote,Bird,2,Darwin | Sydney,8
Mirounga leonina,Southern Elephant Seal,Mammal,2,Hobart | Melbourne,8
Acrocercops chionosema,,Insect,2,Brisbane | Sydney,8
Actilasioptera coronata,,Insect,2,Brisbane | Sydney,8
Agapophytus quatiens,Stiletto Fly,Insect,2,Hobart | Melbourne,8
Amegilla murrayensis,Bee,Insect,2,Adelaide | Melbourne,8
Ardozyga voluta,,Insect,2,Melbourne | Sydney,8
Aristeis hepialella,,Insect,2,Brisbane | Darwin,8
Austroepigomphus praeruptus,Twinspot Hunter,Insect,2,Brisbane | Sydney,8
Austrotachardia melaleucae,,Insect,2,Melbourne | Perth,8
Bathrus variegatus,,Insect,2,Brisbane | Sydney,8
Bromotheres australis,Robber Fly,Insect,2,Canberra–Queanbeyan | Melbourne,8
Callistoleon erythrocephalus,,Insect,2,Brisbane | Sydney,8
Camponotus subnitidus,Aerial Sugar Ant,Insect,2,Adelaide | Melbourne,8
Camponotus terebrans,Brown Bearded Sugar Ant,Insect,2,Adelaide | Perth,8
Capusa graodes,Geometer Moth,Insect,2,Melbourne | Sydney,8
Crocidolomia suffusalis,,Insect,2,Brisbane | Sydney,8
Dichaetomyia norrisi,,Insect,2,Brisbane | Sydney,8
Distichocera maculicollis,,Insect,2,Melbourne | Sydney,8
Ectomocoris binotatus,,Insect,2,Canberra–Queanbeyan | Sydney,8
Epicompsa xanthocrossa,Geometer Moth,Insect,2,Adelaide | Canberra–Queanbeyan,8
Epitymbia cosmota,,Insect,2,Canberra–Queanbeyan | Melbourne,8
Eroschema atricolle,,Insect,2,Perth | Sydney,8
Euthenarus bicolor,,Insect,2,Brisbane | Sydney,8
Exapion ulicis,,Insect,2,Hobart | Melbourne,8
Fodina ostorius,,Insect,2,Brisbane | Sydney,8
Gralliclava australiensis,,Insect,2,Brisbane | Darwin,8
Haploscapanes barbarossa,,Insect,2,Brisbane | Darwin,8
Hesperilla flavescens,Yellowish Skipper,Insect,2,Adelaide | Melbourne,8
Hiarchas angularis,Shield Bug,Insect,2,Hobart | Melbourne,8
Idaea dolichopis,,Insect,2,Brisbane | Sydney,8
Macrobathra heminephela,Cosmet Moth,Insect,2,Canberra–Queanbeyan | Melbourne,8
Malandiola similis,Lace Bug,Insect,2,Canberra–Queanbeyan | Darwin,8
Mesoptila compsodes,,Insect,2,Brisbane | Sydney,8
Monomorium floricola,Flower Ant,Insect,2,Brisbane | Darwin,8
Paropsisterna anomala,,Insect,2,Brisbane | Sydney,8
Paropsisterna hectica,,Insect,2,Canberra–Queanbeyan | Hobart,8
Perixera porphyropis,,Insect,2,Brisbane | Sydney,8
Philobota ancylotoxa,,Insect,2,Adelaide | Sydney,8
Plusiodonta arctipennis,,Insect,2,Brisbane | Sydney,8
Polydesma boarmoides,,Insect,2,Brisbane | Darwin,8
Protestrica subpunctata,,Insect,2,Brisbane | Sydney,8
Psilomorpha tenuipes,,Insect,2,Canberra–Queanbeyan | Melbourne,8
Rhesala imparata,,Insect,2,Brisbane | Darwin,8
Sauris lichenias,Moth,Insect,2,Brisbane | Sydney,8
Schizognathus burmeisteri,,Insect,2,Melbourne | Sydney,8
Stigmatium quadricostatum,,Insect,2,Canberra–Queanbeyan | Melbourne,8
Taxeotis exsectaria,Geometer Moth,Insect,2,Adelaide | Canberra–Queanbeyan,8
Thalassodes dorsilinea,,Insect,2,Brisbane | Darwin,8
Thodelmus impicticornis,,Insect,2,Brisbane | Sydney,8
Titanolabis colossea,Giant Earwig,Insect,2,Melbourne | Sydney,8
Xanthopimpla summervillei,,Insect,2,Brisbane | Sydney,8
Xylorycta argentella,,Insect,2,Brisbane | Sydney,8
Aeschylia mira,,Insect,2,Melbourne | Perth,8
Aporocera melanocephala,,Insect,2,Canberra–Queanbeyan | Melbourne,8
Aucha triphaenoides,,Insect,2,Brisbane | Sydney,8
Camptorhinus inornatus,,Insect,2,Brisbane | Sydney,8
Chaetolopha emporias,Geometer Moth,Insect,2,Melbourne | Sydney,8
Cryptoblabes plagioleuca,,Insect,2,Brisbane | Sydney,8
Dasineura banksiae,,Insect,2,Brisbane | Perth,8
Eufroggattia tuberculata,Shield Bug,Insect,2,Brisbane | Sydney,8
Glyphipterix cyanochalca,,Insect,2,Canberra–Queanbeyan | Melbourne,8
Goryphus turneri,,Insect,2,Brisbane | Sydney,8
Hednota acontophora,Grass Moth,Insect,2,Canberra–Queanbeyan | Melbourne,8
Hemipyrellia fergusoni,,Insect,2,Brisbane | Sydney,8
Heteroconis maculata,,Insect,2,Adelaide | Canberra–Queanbeyan,8
Hylaeus violaceus,Species Of Yellowfaced Bee,Insect,2,Melbourne | Perth,8
Microlestodes macleayi,,Insect,2,Adelaide | Melbourne,8
Oenochroma turneri,Geometer Moth,Insect,2,Brisbane | Sydney,8
Paratemnopteryx couloniana,Cockroach,Insect,2,Canberra–Queanbeyan | Sydney,8
Phyllotocus marginipennis,,Insect,2,Brisbane | Sydney,8
Yponomeuta internellus,,Insect,2,Brisbane | Sydney,8
Meritastis ursina,,Insect,2,Canberra–Queanbeyan | Sydney,8
Ocirrhoe wilsoni,Shield Bug,Insect,2,Melbourne | Sydney,8
Rutilia cingulata,,Insect,2,Melbourne | Sydney,8
Comptosia stria,,Insect,2,Canberra–Queanbeyan | Sydney,8
Psilota rubra,,Insect,2,Canberra–Queanbeyan | Melbourne,8
Podargus ocellatus,Marbled Frogmouth,Bird,2,Brisbane | Sydney,7
Acrocephalus stentoreus,Clamorous Reed Warbler,Bird,2,Adelaide | Perth,7
Orthonyx temminckii,Australian Logrunner,Bird,2,Brisbane | Melbourne,7
Daption capense,Cape Petrel,Bird,2,Perth | Sydney,7
Climacteris affinis,White-browed Treecreeper,Bird,2,Canberra–Queanbeyan | Sydney,7
Scotorepens balstoni,Inland Broad-nosed Bat,Mammal,2,Melbourne | Sydney,7
Acrocercops laciniella,,Insect,2,Brisbane | Melbourne,7
Aedes multiplex,,Insect,2,Brisbane | Sydney,7
Agnesiotis pilosula,,Insect,2,Melbourne | Sydney,7
Agrioglypta zelimalis,,Insect,2,Brisbane | Darwin,7
Agriopocoris porcellus,,Insect,2,Brisbane | Melbourne,7
Ancita varicornis,,Insect,2,Brisbane | Melbourne,7
Antasia flavicapitata,Geometer Moth,Insect,2,Hobart | Melbourne,7
Aphodius fimetarius,,Insect,2,Canberra–Queanbeyan | Melbourne,7
Apiomorpha ovicoloides,Felt Scale Insect,Insect,2,Adelaide | Perth,7
Aristaenetus similis,,Insect,2,Brisbane | Sydney,7
Austrocordulia refracta,Eastern Hawk,Insect,2,Brisbane | Sydney,7
Austroleria extensa,Fly,Insect,2,Hobart | Melbourne,7
Bembix trepida,Wasp,Insect,2,Melbourne | Sydney,7
Catadromus lacordairei,Catadromus Carabid Beetle,Insect,2,Melbourne | Perth,7
Culama anthracica,Carpenter Moth,Insect,2,Melbourne | Sydney,7
Diaphyta fulvescens,Shield Bug,Insect,2,Hobart | Melbourne,7
Diaphyta pulchra,,Insect,2,Brisbane | Sydney,7
Epiphyas asthenopis,Leafroller Moth,Insect,2,Canberra–Queanbeyan | Melbourne,7
Euodynerus aspra,,Insect,2,Brisbane | Sydney,7
Exarna includens,,Insect,2,Canberra–Queanbeyan | Melbourne,7
Geron dispar,Bee Fly,Insect,2,Hobart | Melbourne,7
Glycythyma chrysorycta,,Insect,2,Brisbane | Darwin,7
Hapaloteucha paragramma,,Insect,2,Melbourne | Sydney,7
Hestiochora erythrota,,Insect,2,Brisbane | Sydney,7
Heteromicta poeodes,,Insect,2,Brisbane | Sydney,7
Heteroteucha dimochla,,Insect,2,Brisbane | Darwin,7
Hyleoides zonalis,,Insect,2,Adelaide | Perth,7
Leptocoris rufomarginatus,,Insect,2,Brisbane | Sydney,7
Leucophenga scutellata,,Insect,2,Brisbane | Sydney,7
Lichenaula laniata,,Insect,2,Brisbane | Sydney,7
Lichenaula maculosa,Concealer Moth,Insect,2,Brisbane | Melbourne,7
Limnaecia scoliosema,Cosmet Moth,Insect,2,Canberra–Queanbeyan | Melbourne,7
Lipogya leucoprosopa,Geometer Moth,Insect,2,Adelaide | Melbourne,7
Lubentius marginellus,Shield Bug,Insect,2,Melbourne | Sydney,7
Lyramna vigil,,Insect,2,Brisbane | Sydney,7
Maxates calaina,,Insect,2,Melbourne | Sydney,7
Megachile semiluctuosa,Bee,Insect,2,Adelaide | Perth,7
Melanterius costipennis,,Insect,2,Canberra–Queanbeyan | Melbourne,7
Monolepta subsuturalis,,Insect,2,Hobart | Melbourne,7
Morophaga clonodes,,Insect,2,Brisbane | Melbourne,7
Olesterus australis,,Insect,2,Canberra–Queanbeyan | Perth,7
Opistoplatys australasiae,Assassin Bug,Insect,2,Canberra–Queanbeyan | Sydney,7
Opostegoides gephyraea,,Insect,2,Brisbane | Sydney,7
Polyrhachis patiens,Ant,Insect,2,Hobart | Melbourne,7
Ponera leae,Ant,Insect,2,Melbourne | Sydney,7
Porrostoma fuscolineatum,,Insect,2,Melbourne | Sydney,7
Proteuxoa oxygona,Owlet Moth,Insect,2,Canberra–Queanbeyan | Melbourne,7
Pyrausta testalis,,Insect,2,Brisbane | Darwin,7
Scopula megalocentra,Geometer Moth,Insect,2,Adelaide | Melbourne,7
Semanopterus solidus,,Insect,2,Adelaide | Brisbane,7
Sticholotis quadrimaculata,,Insect,2,Brisbane | Sydney,7
Stiromesostenus rufus,,Insect,2,Brisbane | Sydney,7
Syllitosimilis aberrans,,Insect,2,Brisbane | Melbourne,7
Thallarcha rhaptophora,Moth,Insect,2,Canberra–Queanbeyan | Perth,7
Torresita cuprifera,,Insect,2,Melbourne | Sydney,7
Xylorycta parabolella,Concealer Moth,Insect,2,Canberra–Queanbeyan | Melbourne,7
Zebromyia ornata,,Insect,2,Canberra–Queanbeyan | Melbourne,7
Adelium angulicolle,,Insect,2,Canberra–Queanbeyan | Melbourne,7
Amelora demistis,Geometer Moth,Insect,2,Adelaide | Sydney,7
Astraeus crassus,,Insect,2,Perth | Sydney,7
Camponotus hartogi,Sugar Ant,Insect,2,Hobart | Melbourne,7
Crepidosceles exanthema,Concealer Moth,Insect,2,Canberra–Queanbeyan | Melbourne,7
Dicrotendipes pelochloris,Midge,Insect,2,Adelaide | Brisbane,7
Disterna canosa,,Insect,2,Canberra–Queanbeyan | Hobart,7
Eulechria sigmophora,Concealer Moth,Insect,2,Melbourne | Sydney,7
Hyalopeza schneiderae,Primitive Crane Fly,Insect,2,Canberra–Queanbeyan | Melbourne,7
Hylaeus certus,Plasterer Bee,Insect,2,Brisbane | Melbourne,7
Nodaria aneliopis,,Insect,2,Brisbane | Darwin,7
Notoaeschna sagittata,Southern Rifle Darner,Insect,2,Canberra–Queanbeyan | Melbourne,7
Oroderes humeralis,,Insect,2,Melbourne | Sydney,7
Taxeotis egenata,,Insect,2,Brisbane | Sydney,7
Tingis drakei,,Insect,2,Hobart | Melbourne,7
Trachydora musaea,,Insect,2,Canberra–Queanbeyan | Melbourne,7
Achopera maculata,,Insect,2,Canberra–Queanbeyan | Hobart,7
Aulacaspis tubercularis,,Insect,2,Brisbane | Sydney,7
Docidomyia puellaris,Bee Fly,Insect,2,Hobart | Melbourne,7
Ernobius mollis,Pine Bark Anobiid Beetle,Insect,2,Hobart | Melbourne,7
Eulechria rhymodes,,Insect,2,Brisbane | Sydney,7
Prophanes simplex,,Insect,2,Canberra–Queanbeyan | Melbourne,7
Chlamydopsis reticulata,,Insect,2,Hobart | Melbourne,7
Perala viridis,,Insect,2,Canberra–Queanbeyan | Melbourne,7
Amblytelus curtus,,Insect,2,Adelaide | Hobart,7
Neochmia ruficauda,Western Star Finch,Bird,2,Darwin | Sydney,6
Thylogale thetis,Red-necked Pademelon,Mammal,2,Brisbane | Sydney,6
Aades griseatus,,Insect,2,Brisbane | Sydney,6
Achaea argilla,,Insect,2,Brisbane | Perth,6
Aedes aculeatus,,Insect,2,Brisbane | Sydney,6
Aleucosia atherix,Bee Fly,Insect,2,Hobart | Melbourne,6
Amata humeralis,,Insect,2,Brisbane | Sydney,6
Anadevidia peponis,,Insect,2,Brisbane | Sydney,6
Anopheles bancroftii,,Insect,2,Brisbane | Darwin,6
Anthela addita,Lappet Moth,Insect,2,Hobart | Melbourne,6
Austrosaropogon nigrinus,Robber Fly,Insect,2,Melbourne | Sydney,6
Britha biguttata,,Insect,2,Brisbane | Darwin,6
Calathusa metableta,,Insect,2,Brisbane | Sydney,6
Calathusa thermosticha,Moth,Insect,2,Adelaide | Melbourne,6
Calomela moorei,,Insect,2,Canberra–Queanbeyan | Hobart,6
Calopompilus ornatipennis,,Insect,2,Melbourne | Sydney,6
Carvaka mouldsorum,,Insect,2,Brisbane | Sydney,6
Cassida denticulata,,Insect,2,Brisbane | Melbourne,6
Castiarina erythromelas,,Insect,2,Hobart | Melbourne,6
Chalcolampra marmorata,,Insect,2,Brisbane | Sydney,6
Chlenias macrochorda,,Insect,2,Adelaide | Perth,6
Chrysolarentia heliacaria,Geometer Moth,Insect,2,Hobart | Melbourne,6
Chrysomya saffranea,,Insect,2,Brisbane | Sydney,6
Cryptophasa flavolineata,,Insect,2,Brisbane | Sydney,6
Daphnis moorei,,Insect,2,Brisbane | Darwin,6
Dendroleon amabilis,,Insect,2,Canberra–Queanbeyan | Perth,6
Ectopatria clavigera,,Insect,2,Adelaide | Perth,6
Ectropis lignea,Geometer Moth,Insect,2,Melbourne | Sydney,6
Edosa ochranthes,Fungus Moth,Insect,2,Hobart | Melbourne,6
Eristalinus hervebazini,,Insect,2,Brisbane | Darwin,6
Eupolemus insularis,Shield Bug,Insect,2,Hobart | Melbourne,6
Eupselia metabola,,Insect,2,Adelaide | Perth,6
Gasteruption brachyurum,,Insect,2,Adelaide | Melbourne,6
Glyphipterix iometalla,,Insect,2,Canberra–Queanbeyan | Sydney,6
Gonipterus notographus,,Insect,2,Hobart | Melbourne,6
Guestia uniformis,Concealer Moth,Insect,2,Melbourne | Sydney,6
Gynaikothrips uzeli,,Insect,2,Brisbane | Sydney,6
Hapatesus hirtus,Potato Wireworm,Insect,2,Melbourne | Sydney,6
Holocola deloschema,,Insect,2,Canberra–Queanbeyan | Melbourne,6
Howickia myrmecophila,,Insect,2,Hobart | Melbourne,6
Hylaeus kelvini,,Insect,2,Brisbane | Sydney,6
Hypochrysops ignitus,Fiery Jewel,Insect,2,Brisbane | Sydney,6
Larifugagraecia spuria,,Insect,2,Brisbane | Sydney,6
Lasioglossum megastigmum,,Insect,2,Adelaide | Melbourne,6
Lepidoscia lainodes,,Insect,2,Brisbane | Sydney,6
Ligyra cingulata,,Insect,2,Melbourne | Perth,6
Lioponera turneri,,Insect,2,Brisbane | Sydney,6
Margarosticha euprepialis,,Insect,2,Brisbane | Darwin,6
Metopochetus freyi,,Insect,2,Brisbane | Sydney,6
Mimaglossa crypserythra,,Insect,2,Hobart | Melbourne,6
Mordella ruficollis,,Insect,2,Melbourne | Sydney,6
Nola eurrhyncha,Tuft Moth,Insect,2,Adelaide | Melbourne,6
Omiodes odontosticta,,Insect,2,Brisbane | Darwin,6
Parapylus bicinctus,,Insect,2,Hobart | Melbourne,6
Paropsisterna simsoni,,Insect,2,Canberra–Queanbeyan | Melbourne,6
Petalanthes sphaerophora,Concealer Moth,Insect,2,Brisbane | Melbourne,6
Pipinnipons fascipennis,Stiletto Fly,Insect,2,Melbourne | Sydney,6
Polypedilum tonnoiri,Midge,Insect,2,Brisbane | Melbourne,6
Prasinocyma iosticta,,Insect,2,Brisbane | Sydney,6
Procladius villosimanus,Midge,Insect,2,Adelaide | Melbourne,6
Prooedema inscisalis,,Insect,2,Brisbane | Darwin,6
Propsocus pulchripennis,,Insect,2,Canberra–Queanbeyan | Melbourne,6
Pseudozygomma maculipennis,,Insect,2,Melbourne | Sydney,6
Ptomaphila perlata,Carrion Beetle,Insect,2,Brisbane | Sydney,6
Ptyomaxia trigonogramma,,Insect,2,Brisbane | Sydney,6
Rhinotia tenuis,,Insect,2,Melbourne | Sydney,6
Rhynchopsota delogramma,Geometer Moth,Insect,2,Hobart | Melbourne,6
Sisyra rufistigma,Sponge-fly,Insect,2,Adelaide | Melbourne,6
Spirama recessa,,Insect,2,Brisbane | Darwin,6
Statherotis euryphaea,,Insect,2,Brisbane | Sydney,6
Stenotus binotatus,,Insect,2,Hobart | Melbourne,6
Symmetrodes sciocosma,,Insect,2,Brisbane | Darwin,6
Temognatha goryi,,Insect,2,Canberra–Queanbeyan | Sydney,6
Tepperia major,,Insect,2,Brisbane | Sydney,6
Tetrachroa edwardsi,,Insect,2,Brisbane | Sydney,6
Tetraschalis arachnodes,,Insect,2,Brisbane | Sydney,6
Thema endesma,Concealer Moth,Insect,2,Melbourne | Sydney,6
Thrasymemnon kaha,,Insect,2,Brisbane | Canberra–Queanbeyan,6
Thynnus pulchralis,,Insect,2,Adelaide | Brisbane,6
Tisobarica eranna,Concealer Moth,Insect,2,Brisbane | Sydney,6
Tortor dorrigensis,,Insect,2,Brisbane | Sydney,6
Trachymela catenata,,Insect,2,Melbourne | Sydney,6
Xanthorhoe xerodes,Geometer Moth,Insect,2,Canberra–Queanbeyan | Hobart,6
Achopera alternata,,Insect,2,Canberra–Queanbeyan | Melbourne,6
Austroaeschna pulchra,Forest Darner,Insect,2,Melbourne | Sydney,6
Cabasa pulchella,Robber Fly,Insect,2,Brisbane | Hobart,6
Cirromitra tetratherma,Concealer Moth,Insect,2,Canberra–Queanbeyan | Sydney,6
Dichromodes consignata,Geometer Moth,Insect,2,Canberra–Queanbeyan | Perth,6
Ditropidus pulchellus,,Insect,2,Canberra–Queanbeyan | Melbourne,6
Garrha rubella,,Insect,2,Brisbane | Canberra–Queanbeyan,6
Gerynassa nodulosa,,Insect,2,Canberra–Queanbeyan | Melbourne,6
Hylaeus trilobatus,Plasterer Bee,Insect,2,Melbourne | Sydney,6
Libnotes restricta,,Insect,2,Brisbane | Sydney,6
Melobasis innocua,,Insect,2,Hobart | Sydney,6
Monomorium destructor,Singapore Ant,Insect,2,Brisbane | Darwin,6
Myrmecia croslandi,Jumping Jack Ant,Insect,2,Canberra–Queanbeyan | Melbourne,6
Nethersia magna,,Insect,2,Adelaide | Melbourne,6
Oligeria hemicalla,Moth,Insect,2,Melbourne | Sydney,6
Paraphisis tryonensis,,Insect,2,Brisbane | Sydney,6
Peritornenta circulatella,,Insect,2,Brisbane | Sydney,6
Philobota argotoxa,Concealer Moth,Insect,2,Canberra–Queanbeyan | Melbourne,6
Philobota chrysopotama,Concealer Moth,Insect,2,Canberra–Queanbeyan | Melbourne,6
Phoracantha mastersi,,Insect,2,Hobart | Melbourne,6
Pseudolycus haemorrhoidalis,,Insect,2,Hobart | Melbourne,6
Pseudopachybrachius guttus,,Insect,2,Brisbane | Darwin,6
Thiotricha anticentra,,Insect,2,Brisbane | Canberra–Queanbeyan,6
Thudaca mimodora,,Insect,2,Canberra–Queanbeyan | Melbourne,6
Toolida infrequens,,Insect,2,Brisbane | Melbourne,6
Udeocoris rolandi,Seed Bug,Insect,2,Adelaide | Perth,6
Anabarhynchus helvenacus,Stiletto Fly,Insect,2,Hobart | Melbourne,6
Asphondylia tecticorniae,Gall Gnat,Insect,2,Adelaide | Melbourne,6
Eurymelops rubrovittata,Leafhopper,Insect,2,Canberra–Queanbeyan | Melbourne,6
Neumichtis mesophaea,Owlet Moth,Insect,2,Canberra–Queanbeyan | Melbourne,6
Petyllis deprivata,Froghopper,Insect,2,Hobart | Melbourne,6
Prays autocasis,,Insect,2,Canberra–Queanbeyan | Melbourne,6
Ptinus medioglaber,,Insect,2,Hobart | Melbourne,6
Bathypogon nigrinus,Robber Fly,Insect,2,Canberra–Queanbeyan | Hobart,6
Leptogeneia bicristata,,Insect,2,Canberra–Queanbeyan | Hobart,6
Rutilia setosa,Horse Fly,Insect,2,Canberra–Queanbeyan | Sydney,6
Scolopostethus forticornis,Seed Bug,Insect,2,Brisbane | Canberra–Queanbeyan,6
Chalcophaps indica,Emerald Dove,Bird,2,Brisbane | Sydney,5
Acanthiza uropygialis,Chestnut-rumped Thornbill,Bird,2,Adelaide | Perth,5
Sminthopsis murina,Common Dunnart,Mammal,2,Brisbane | Melbourne,5
Bellatorias major,Land Mullet,Reptile,2,Brisbane | Sydney,5
Carinascincus pretiosus,Agile Cool-skink,Reptile,2,Hobart | Sydney,5
Hoplocephalus stephensii,Stephens' Banded Snake,Reptile,2,Brisbane | Sydney,5
Morelia bredli,Centralian Carpet Python,Reptile,2,Brisbane | Sydney,5
Adinolepis youanga,,Insect,2,Melbourne | Sydney,5
Aquita plagiochyta,,Insect,2,Melbourne | Sydney,5
Arsipoda variegata,,Insect,2,Hobart | Melbourne,5
Bracca matutinata,,Insect,2,Brisbane | Sydney,5
Brachysandalus fulvipennis,,Insect,2,Canberra–Queanbeyan | Melbourne,5
Buciara bipartita,Owlet Moth,Insect,2,Adelaide | Perth,5
Calamotropha delatalis,,Insect,2,Melbourne | Sydney,5
Calguia deltophora,,Insect,2,Darwin | Sydney,5
Camponotus tricoloratus,Sugar Ant,Insect,2,Adelaide | Canberra–Queanbeyan,5
Cirrhochrista annulifera,,Insect,2,Brisbane | Darwin,5
Colgar tricolor,,Insect,2,Brisbane | Darwin,5
Colobopsis vitrea,,Insect,2,Brisbane | Darwin,5
Coptocercus assimilis,,Insect,2,Brisbane | Sydney,5
Dialeuropora decempuncta,,Insect,2,Adelaide | Brisbane,5
Diathrausta ochreipennis,,Insect,2,Brisbane | Sydney,5
Dichomeris holomela,Twirler Moth,Insect,2,Brisbane | Sydney,5
Dichromodes aristadelpha,,Insect,2,Melbourne | Perth,5
Didymocentrotus denticollis,,Insect,2,Brisbane | Sydney,5
Diomocoris nebulosus,,Insect,2,Hobart | Melbourne,5
Elidothynnus melleus,,Insect,2,Adelaide | Melbourne,5
Emplesis bifoveata,,Insect,2,Melbourne | Sydney,5
Endoxyla magnifica,Carpenter Moth,Insect,2,Melbourne | Sydney,5
Eremochroa alphitias,Owlet Moth,Insect,2,Canberra–Queanbeyan | Sydney,5
Exoneurella setosa,,Insect,2,Adelaide | Perth,5
Glyphipterix palaeomorpha,,Insect,2,Canberra–Queanbeyan | Melbourne,5
Habronyx victorianus,,Insect,2,Brisbane | Canberra–Queanbeyan,5
Leistarcha amphigramma,,Insect,2,Brisbane | Sydney,5
Leptotarsus setivena,Crane Fly,Insect,2,Brisbane | Melbourne,5
Listronotus bonariensis,Argentine Stem Weevil,Insect,2,Hobart | Melbourne,5
Macrotona mjobergi,,Insect,2,Brisbane | Sydney,5
Melobasis sexplagiata,,Insect,2,Melbourne | Perth,5
Metura phyllosacca,,Insect,2,Brisbane | Sydney,5
Mimaglossa zophera,,Insect,2,Adelaide | Melbourne,5
Necrobia ruficollis,Redshouldered Ham Beetle,Insect,2,Adelaide | Melbourne,5
Neosaropogon princeps,Robber Fly,Insect,2,Brisbane | Sydney,5
Notarcha obrinusalis,,Insect,2,Brisbane | Darwin,5
Notopilo congruus,,Insect,2,Adelaide | Melbourne,5
Novius koebelei,,Insect,2,Brisbane | Sydney,5
Orthodera gracilis,,Insect,2,Brisbane | Darwin,5
Osa commoni,,Insect,2,Canberra–Queanbeyan | Melbourne,5
Paraspania discors,,Insect,2,Canberra–Queanbeyan | Melbourne,5
Pelororhinus margaritaceus,,Insect,2,Hobart | Melbourne,5
Penicillaria jocosatrix,,Insect,2,Brisbane | Sydney,5
Petalaspis tescorum,Shield Bug,Insect,2,Brisbane | Perth,5
Platybrachys lurida,,Insect,2,Adelaide | Melbourne,5
Podacanthus wilkinsoni,Ringbarker Stick-insect,Insect,2,Brisbane | Sydney,5
Pseudolycus rufipennis,,Insect,2,Hobart | Melbourne,5
Saphezona pholidoxantha,Concealer Moth,Insect,2,Melbourne | Sydney,5
Saragus costatus,,Insect,2,Adelaide | Melbourne,5
Spiralisigna acidna,,Insect,2,Brisbane | Darwin,5
Stathmopoda astrapeis,,Insect,2,Adelaide | Melbourne,5
Stigmacros barretti,Ant,Insect,2,Hobart | Melbourne,5
Tapeigaster cinctipes,Fly,Insect,2,Melbourne | Perth,5
Temnogyropa stenomorpha,Concealer Moth,Insect,2,Canberra–Queanbeyan | Sydney,5
Temognatha sanguinipennis,Jewel Beetle,Insect,2,Canberra–Queanbeyan | Melbourne,5
Thudaca crypsidesma,,Insect,2,Melbourne | Perth,5
Trichophysetis neophyla,,Insect,2,Brisbane | Sydney,5
Turneromyia bassiana,Spider Wasp,Insect,2,Adelaide | Melbourne,5
Udeocoris scudderi,Seed Bug,Insect,2,Melbourne | Perth,5
Xanthandrus agrolas,,Insect,2,Brisbane | Sydney,5
Acyrthosiphon pisum,Pea Aphid,Insect,2,Melbourne | Sydney,5
Adeixis inostentata,Geometer Moth,Insect,2,Brisbane | Melbourne,5
Agapophytus bicolor,,Insect,2,Melbourne | Perth,5
Anisolabis maritima,"Maritime Earwig, Seaside Earwig",Insect,2,Melbourne | Sydney,5
Aporocera viridinitens,,Insect,2,Canberra–Queanbeyan | Melbourne,5
Austrogymnocnemia bipunctata,,Insect,2,Canberra–Queanbeyan | Perth,5
Austroxylabis pictipennis,,Insect,2,Hobart | Melbourne,5
Bandidus vafer,,Insect,2,Hobart | Melbourne,5
Colobostruma alinodis,Ant,Insect,2,Brisbane | Sydney,5
Dinophalus serpentaria,Geometer Moth,Insect,2,Melbourne | Sydney,5
Doleromyrma darwiniana,Brown House Ant,Insect,2,Adelaide | Melbourne,5
Euploea sylvester,Two-brand Crow,Insect,2,Brisbane | Darwin,5
Felisacus elegantulus,Plant Bug,Insect,2,Melbourne | Sydney,5
Hoplomorpha camelaea,Concealer Moth,Insect,2,Canberra–Queanbeyan | Sydney,5
Hylaeus asperithorax,Plasterer Bee,Insect,2,Melbourne | Sydney,5
Hylaeus daviesiae,,Insect,2,Melbourne | Sydney,5
Hypargyria metalliferella,,Insect,2,Brisbane | Darwin,5
Lemidia hilaris,,Insect,2,Canberra–Queanbeyan | Melbourne,5
Lilioceris nigripes,,Insect,2,Brisbane | Darwin,5
Listroderes difficilis,Vegetable Weevil,Insect,2,Canberra–Queanbeyan | Melbourne,5
Metanastes vulgivagus,Black Beetle,Insect,2,Brisbane | Sydney,5
Mnesampela heliochrysa,Geometer Moth,Insect,2,Melbourne | Sydney,5
Mnesampela lenaea,Geometer Moth,Insect,2,Canberra–Queanbeyan | Sydney,5
Myrtartona rufiventris,Forester Moth,Insect,2,Adelaide | Perth,5
Notopilo confusus,,Insect,2,Adelaide | Perth,5
Oligodectoides tindalei,Tindale's Shieldback Katydid,Insect,2,Adelaide | Perth,5
Opogona cleonyma,,Insect,2,Brisbane | Canberra–Queanbeyan,5
Paonidia anthracias,,Insect,2,Melbourne | Sydney,5
Parathyginus australis,,Insect,2,Brisbane | Sydney,5
Phloeograptis obliquata,,Insect,2,Brisbane | Canberra–Queanbeyan,5
Phoracantha flavopicta,,Insect,2,Adelaide | Canberra–Queanbeyan,5
Pingasa cinerea,Geometer Moth,Insect,2,Brisbane | Melbourne,5
Pterolocera leucocera,Lappet Moth,Insect,2,Canberra–Queanbeyan | Melbourne,5
Synanthedon tipuliformis,Currant Borer Moth,Insect,2,Canberra–Queanbeyan | Hobart,5
Trichalus serraticornis,,Insect,2,Brisbane | Darwin,5
Xylodeleis obsipa,Auger Beetle,Insect,2,Brisbane | Melbourne,5
Buthumka reducta,Shield Bug,Insect,2,Hobart | Melbourne,5
Cnemoplites australis,,Insect,2,Brisbane | Melbourne,5
Ectoneura tepperi,Cockroach,Insect,2,Adelaide | Melbourne,5
Hylaeus lateralis,Plasterer Bee,Insect,2,Adelaide | Brisbane,5
Onitis aygulus,,Insect,2,Canberra–Queanbeyan | Perth,5
Paradestolmia nigrolinea,,Insect,2,Brisbane | Sydney,5
Phyllotocus kingii,,Insect,2,Canberra–Queanbeyan | Sydney,5
Sedenia rupalis,Grass Moth,Insect,2,Adelaide | Canberra–Queanbeyan,5
Threnosia myochroa,Moth,Insect,2,Canberra–Queanbeyan | Melbourne,5
Digama marmorea,,Insect,2,Brisbane | Canberra–Queanbeyan,5
Eochrois dejunctella,Concealer Moth,Insect,2,Canberra–Queanbeyan | Melbourne,5
Iropoca rotundata,Moth,Insect,2,Canberra–Queanbeyan | Sydney,5
Isochorista pumicosa,Leafroller Moth,Insect,2,Canberra–Queanbeyan | Melbourne,5
Lasioglossum cognatum,Sweat Bee,Insect,2,Adelaide | Canberra–Queanbeyan,5
Meriphus lateroalbus,,Insect,2,Hobart | Melbourne,5
Palimmeces leucomitra,Concealer Moth,Insect,2,Canberra–Queanbeyan | Perth,5
Philobota agnesella,Concealer Moth,Insect,2,Canberra–Queanbeyan | Melbourne,5
Semanopterus subcostatus,,Insect,2,Canberra–Queanbeyan | Melbourne,5
Smicrocotis obscura,Leafhopper,Insect,2,Canberra–Queanbeyan | Hobart,5
Ctenomorpha gargantua,Gargantuan Stick-insect,Insect,2,Melbourne | Sydney,5
Eudocima fullonia,,Insect,2,Brisbane | Melbourne,5
Rhinotia semipunctata,Spotted Weevil,Insect,2,Brisbane | Sydney,5
Pterodroma cookii,Cook's Petrel,Bird,2,Melbourne | Sydney,4
Phaethon lepturus,White-tailed Tropicbird,Bird,2,Canberra–Queanbeyan | Sydney,4
Neopsephotus bourkii,Bourke's Parrot,Bird,2,Brisbane | Sydney,4
Carlia pectoralis,Open-litter Rainbow-skink,Reptile,2,Brisbane | Sydney,4
Ozimops petersi,Inland Free-tailed Bat,Mammal,2,Adelaide | Sydney,4
Acatapaustus metallopa,Tuft Moth,Insect,2,Brisbane | Sydney,4
Acizzia uncatoides,,Insect,2,Canberra–Queanbeyan | Melbourne,4
Acrocercops unilineata,,Insect,2,Brisbane | Melbourne,4
Aeolochroma olivia,,Insect,2,Brisbane | Sydney,4
Anthela deficiens,,Insect,2,Brisbane | Sydney,4
Ardozyga odorifera,,Insect,2,Brisbane | Sydney,4
Asura zebrina,,Insect,2,Brisbane | Sydney,4
Atalophlebia australis,Mayfly,Insect,2,Adelaide | Melbourne,4
Austalis muscoides,,Insect,2,Brisbane | Darwin,4
Cadmus calomeloides,,Insect,2,Adelaide | Melbourne,4
Cantacader nocturnis,,Insect,2,Brisbane | Sydney,4
Casbia oenias,Geometer Moth,Insect,2,Melbourne | Perth,4
Castiarina imitator,,Insect,2,Melbourne | Sydney,4
Chrysonoma paracycla,Concealer Moth,Insect,2,Brisbane | Sydney,4
Cletus minutus,,Insect,2,Brisbane | Sydney,4
Cosmaresta hyphanta,,Insect,2,Hobart | Melbourne,4
Dichromia quinqualis,,Insect,2,Brisbane | Darwin,4
Duadicus pallidus,Shield Bug,Insect,2,Hobart | Melbourne,4
Ectinope spinicollis,,Insect,2,Brisbane | Melbourne,4
Ectinorhynchus variabilis,Stiletto Fly,Insect,2,Canberra–Queanbeyan | Melbourne,4
Enispa violacea,,Insect,2,Brisbane | Sydney,4
Eretmocera coracopis,,Insect,2,Canberra–Queanbeyan | Melbourne,4
Ethonion reichei,,Insect,2,Canberra–Queanbeyan | Melbourne,4
Exochomus quadripustulata,,Insect,2,Melbourne | Perth,4
Figulus lilliputanus,,Insect,2,Adelaide | Perth,4
Fulviella australiana,,Insect,2,Canberra–Queanbeyan | Melbourne,4
Garrha atoecha,Concealer Moth,Insect,2,Brisbane | Sydney,4
Garrha mellichroa,Concealer Moth,Insect,2,Brisbane | Sydney,4
Germalus australis,Big-eyed Bug,Insect,2,Adelaide | Melbourne,4
Gonipterus suturalis,,Insect,2,Canberra–Queanbeyan | Melbourne,4
Gowidon longirostris,Long-nosed Dragon,Reptile,2,Brisbane | Perth,4
Guestia chaetophora,,Insect,2,Canberra–Queanbeyan | Sydney,4
Hallodapus albofasciatus,,Insect,2,Adelaide | Brisbane,4
Helicoverpa assulta,,Insect,2,Brisbane | Sydney,4
Hesthesis ferrugineus,,Insect,2,Brisbane | Sydney,4
Homoeoxipha lycoides,,Insect,2,Brisbane | Darwin,4
Hypatima harpophora,,Insect,2,Brisbane | Canberra–Queanbeyan,4
Ithone pallida,,Insect,2,Hobart | Melbourne,4
Kaha perfecta,,Insect,2,Brisbane | Darwin,4
Lachnodius eucalypti,Redgum Pit Scale,Insect,2,Adelaide | Melbourne,4
Lemidia maculicollis,,Insect,2,Melbourne | Sydney,4
Lipotriches grisella,,Insect,2,Brisbane | Melbourne,4
Lyctus brunneus,(powderpost Beetle),Insect,2,Melbourne | Sydney,4
Metasada polycesta,,Insect,2,Brisbane | Sydney,4
Methana parva,,Insect,2,Brisbane | Sydney,4
Monocrepidus tabidus,,Insect,2,Hobart | Melbourne,4
Myopsalta bassiana,Montane Grass Buzzer,Insect,2,Canberra–Queanbeyan | Sydney,4
Nannophya dalei,Eastern Pygmyfly,Insect,2,Canberra–Queanbeyan | Melbourne,4
Nipaecoccus aurilanatus,Golden Mealybug,Insect,2,Brisbane | Sydney,4
Ocirrhoe lutescens,Shield Bug,Insect,2,Canberra–Queanbeyan | Hobart,4
Onthophagus australis,Southern Dung Beetle,Insect,2,Canberra–Queanbeyan | Melbourne,4
Oryzaephilus surinamensis,Sawtoothed Grain Beetle,Insect,2,Melbourne | Perth,4
Otiorhynchus sulcatus,European Strawberry Weevil,Insect,2,Adelaide | Melbourne,4
Palaestra rufipennis,,Insect,2,Brisbane | Sydney,4
Paralaea taggorum,,Insect,2,Hobart | Melbourne,4
Pasma tasmanica,Tasmanica Skipper,Insect,2,Hobart | Sydney,4
Pelororhinus argentosus,,Insect,2,Hobart | Melbourne,4
Pemphigonotus mirabilis,,Insect,2,Brisbane | Darwin,4
Pergagrapta glabra,Sawfly,Insect,2,Brisbane | Perth,4
Persicoptera compsopa,,Insect,2,Brisbane | Canberra–Queanbeyan,4
Phalota tenella,,Insect,2,Brisbane | Sydney,4
Phanacis hypochoeridis,,Insect,2,Adelaide | Perth,4
Philomastix macleaii,,Insect,2,Brisbane | Sydney,4
Phlyctaenodes pustulatus,,Insect,2,Hobart | Melbourne,4
Phthorimaea operculella,Twirler Moth,Insect,2,Canberra–Queanbeyan | Sydney,4
Physopelta australis,,Insect,2,Canberra–Queanbeyan | Darwin,4
Pinara metaphaea,Lappet Moth,Insect,2,Melbourne | Sydney,4
Porander scudderi,Seed Bug,Insect,2,Melbourne | Sydney,4
Psoropempula erythrostethus,Spider Wasp,Insect,2,Adelaide | Melbourne,4
Rhynchopsota rhyncophora,Geometer Moth,Insect,2,Adelaide | Hobart,4
Rosopaella praeda,Leafhopper,Insect,2,Melbourne | Perth,4
Scoparia meyrickii,,Insect,2,Canberra–Queanbeyan | Melbourne,4
Senostoma longipes,Horse Fly,Insect,2,Melbourne | Sydney,4
Stictochila sarcoptera,Concealer Moth,Insect,2,Adelaide | Canberra–Queanbeyan,4
Syntozyga sedifera,,Insect,2,Brisbane | Sydney,4
Theretra margarita,,Insect,2,Brisbane | Darwin,4
Trichilogaster maideni,,Insect,2,Brisbane | Melbourne,4
Tryonocryptus nigridorsalis,Ichneumon Wasp,Insect,2,Canberra–Queanbeyan | Melbourne,4
Urentius sarinae,,Insect,2,Brisbane | Darwin,4
Williamsita smithiensis,Wasp,Insect,2,Adelaide | Melbourne,4
Acanthoscelides obtectus,Bean Weevil,Insect,2,Canberra–Queanbeyan | Melbourne,4
Adapsilia gratiosa,,Insect,2,Melbourne | Sydney,4
Altica aenea,,Insect,2,Brisbane | Darwin,4
Anabarhynchus plumbeus,Stiletto Fly,Insect,2,Canberra–Queanbeyan | Melbourne,4
Anobium punctatum,Common Furniture Beetle,Insect,2,Adelaide | Melbourne,4
Aphidius colemani,Parasitoid Wasp,Insect,2,Melbourne | Perth,4
Aporocera flaviventris,,Insect,2,Canberra–Queanbeyan | Sydney,4
Archichauliodes deceptor,Dobsonfly,Insect,2,Brisbane | Canberra–Queanbeyan,4
Australymexylon fuscipennis,,Insect,2,Brisbane | Melbourne,4
Austrogomphus cornutus,Unicorn Hunter,Insect,2,Brisbane | Canberra–Queanbeyan,4
Austrokatanga monteithi,,Insect,2,Brisbane | Perth,4
Bassianus colydioides,,Insect,2,Canberra–Queanbeyan | Melbourne,4
Blastophaga psenes,,Insect,2,Adelaide | Melbourne,4
Cajeta singularis,,Insect,2,Canberra–Queanbeyan | Melbourne,4
Castiarina insignis,,Insect,2,Brisbane | Sydney,4
Ceratomansa prima,,Insect,2,Brisbane | Melbourne,4
Ceronema banksiae,,Insect,2,Brisbane | Sydney,4
Coboldia fuscipes,Black Scavenger Fly,Insect,2,Canberra–Queanbeyan | Melbourne,4
Coptocercus trimaculatus,,Insect,2,Brisbane | Darwin,4
Corynotricha antipodella,Concealer Moth,Insect,2,Brisbane | Canberra–Queanbeyan,4
Cryptanusia aureiscutellum,,Insect,2,Brisbane | Melbourne,4
Cryptodus tasmannianus,,Insect,2,Hobart | Melbourne,4
Cryptoptila crypsilopha,,Insect,2,Canberra–Queanbeyan | Sydney,4
Culex pullus,,Insect,2,Brisbane | Darwin,4
Dermolepida albohirtum,Greyback Cane Beetle,Insect,2,Brisbane | Darwin,4
Dumbletoniella xanthorrhoeae,Species Of Whiteflies,Insect,2,Adelaide | Perth,4
Ectopatria subrufescens,Owlet Moth,Insect,2,Adelaide | Melbourne,4
Eremococcus pirogallis,,Insect,2,Brisbane | Sydney,4
Ethmia heptasema,,Insect,2,Brisbane | Sydney,4
Euaresta bullans,The Bathurst Burr Fly,Insect,2,Canberra–Queanbeyan | Melbourne,4
Euceraphis betulae,European Birch Aphid,Insect,2,Canberra–Queanbeyan | Melbourne,4
Eulina curtisii,,Insect,2,Melbourne | Sydney,4
Eupselia beltera,Moth,Insect,2,Darwin | Melbourne,4
Eurhopalus singularis,,Insect,2,Hobart | Melbourne,4
Gasteruption cylindricum,,Insect,2,Brisbane | Melbourne,4
Gasteruption fibuliforme,,Insect,2,Melbourne | Sydney,4
Germarica lilliputana,,Insect,2,Adelaide | Hobart,4
Hednota megalarcha,,Insect,2,Canberra–Queanbeyan | Hobart,4
Hylaeus eugeniellus,Plasterer Bee,Insect,2,Adelaide | Brisbane,4
Hypattalus exilis,,Insect,2,Hobart | Melbourne,4
Iphiaulax rufus,,Insect,2,Brisbane | Sydney,4
Johnrehnia australiae,,Insect,2,Brisbane | Canberra–Queanbeyan,4
Lasioglossum erythrurum,Sweat Bee,Insect,2,Adelaide | Canberra–Queanbeyan,4
Lecithocera concinna,,Insect,2,Brisbane | Darwin,4
Ledracotis gunnensis,,Insect,2,Melbourne | Sydney,4
Lemidia simulans,,Insect,2,Canberra–Queanbeyan | Melbourne,4
Lychnographa agaura,Geometer Moth,Insect,2,Melbourne | Sydney,4
Mecynodera balyi,,Insect,2,Canberra–Queanbeyan | Sydney,4
Microbela epicona,,Insect,2,Adelaide | Brisbane,4
Monistria concinna,Southern Pyrgomorph,Insect,2,Canberra–Queanbeyan | Hobart,4
Myrmecia tepperi,Bucktoothed Bull Ant,Insect,2,Melbourne | Perth,4
Nabis biformis,Damsel Bug,Insect,2,Hobart | Melbourne,4
Nausinoe geometralis,,Insect,2,Brisbane | Darwin,4
Onthophagus dunningi,,Insect,2,Brisbane | Sydney,4
Ozarba chrysaspis,,Insect,2,Canberra–Queanbeyan | Sydney,4
Pseudabispa confusa,,Insect,2,Brisbane | Sydney,4
Rhodina falculalis,Owlet Moth,Insect,2,Melbourne | Sydney,4
Rhopalosiphum padi,Wheat Aphid,Insect,2,Melbourne | Perth,4
Sameodes iolealis,Grass Moth,Insect,2,Brisbane | Darwin,4
Skusemyia allocasuarinae,,Insect,2,Adelaide | Melbourne,4
Spaminta pavida,,Insect,2,Brisbane | Darwin,4
Staurostichus limbipennis,,Insect,2,Melbourne | Sydney,4
Stenotarsus bimaculipennis,,Insect,2,Brisbane | Sydney,4
Stilbopteryx walkeri,,Insect,2,Brisbane | Sydney,4
Tarsostenodes simulator,,Insect,2,Melbourne | Sydney,4
Termessa xanthomelas,Moth,Insect,2,Adelaide | Canberra–Queanbeyan,4
Toxidia crocea,Narrow-brand Grass-skipper,Insect,2,Brisbane | Darwin,4
Triplectides similis,Caddisfly,Insect,2,Brisbane | Melbourne,4
Xyloperga halidaii,Sawfly,Insect,2,Brisbane | Melbourne,4
Zyganisus fulvicollis,Carpenter Moth,Insect,2,Melbourne | Sydney,4
Ancylotropis waterhousei,,Insect,2,Brisbane | Sydney,4
Ardozyga hemichlaena,,Insect,2,Canberra–Queanbeyan | Sydney,4
Callibracon limbatus,,Insect,2,Brisbane | Sydney,4
Carposina latebrosa,,Insect,2,Canberra–Queanbeyan | Sydney,4
Casbia lithodora,,Insect,2,Canberra–Queanbeyan | Perth,4
Copamyntis infusella,,Insect,2,Brisbane | Sydney,4
Ctenarytaina eucalypti,Bluegum Psyllid Bug,Insect,2,Melbourne | Perth,4
Docalis funerosa,,Insect,2,Hobart | Melbourne,4
Eboo viridula,,Insect,2,Canberra–Queanbeyan | Hobart,4
Isochorista encotodes,,Insect,2,Canberra–Queanbeyan | Melbourne,4
Morbora hirtula,Shield Bug,Insect,2,Hobart | Melbourne,4
Pedois humerana,Moth,Insect,2,Hobart | Melbourne,4
Tawhitia pentadactylus,,Insect,2,Canberra–Queanbeyan | Hobart,4
Amata annulata,Moth,Insect,2,Brisbane | Sydney,4
Asarta fuliginosa,,Insect,2,Canberra–Queanbeyan | Melbourne,4
Bobilla killara,,Insect,2,Canberra–Queanbeyan | Sydney,4
Brachycaudus persicae,Black Peach Aphid,Insect,2,Melbourne | Sydney,4
Calolampra mjoebergi,,Insect,2,Adelaide | Brisbane,4
Chenuala heliaspis,Rose Anthelid Moth,Insect,2,Canberra–Queanbeyan | Melbourne,4
Euura respondens,Willow Sawfly,Insect,2,Canberra–Queanbeyan | Hobart,4
Ichneumenoptera chrysophanes,Clearwing Moth,Insect,2,Brisbane | Canberra–Queanbeyan,4
Leioproctus alleynae,Plasterer Bee,Insect,2,Canberra–Queanbeyan | Sydney,4
Leptozestis toreutica,,Insect,2,Canberra–Queanbeyan | Sydney,4
Nechilo macrogona,Grass Moth,Insect,2,Canberra–Queanbeyan | Melbourne,4
Philobota hypocausta,Concealer Moth,Insect,2,Adelaide | Canberra–Queanbeyan,4
Zimmermanianthus frater,,Insect,2,Canberra–Queanbeyan | Melbourne,4
Anoplognathus chloropyrus,,Insect,2,Canberra–Queanbeyan | Sydney,4
Blatta orientalis,Oriental Cockroach,Insect,2,Canberra–Queanbeyan | Sydney,4
Lixus mastersii,Weed Weevil,Insect,2,Brisbane | Canberra–Queanbeyan,4
Trioza eugeniae,Jumping Plant Louse,Insect,2,Brisbane | Sydney,4
Pezoporus wallicus,Eastern Ground Parrot,Bird,2,Hobart | Melbourne,3
Turnix melanogaster,Black-breasted Button-quail,Bird,2,Brisbane | Sydney,3
Axis axis,Chital,Mammal,2,Brisbane | Sydney,3
Mustela furo,Ferret,Mammal,2,Canberra–Queanbeyan | Melbourne,3
Acantholophus denticollis,,Insect,2,Canberra–Queanbeyan | Sydney,3
Acolasta scolia,Concealer Moth,Insect,2,Brisbane | Sydney,3
Acrocercops plebeia,,Insect,2,Brisbane | Sydney,3
Aedeomyia venustipes,Mosquito,Insect,2,Adelaide | Brisbane,3
Agonocheila curtula,,Insect,2,Adelaide | Melbourne,3
Amelora mesocapna,Geometer Moth,Insect,2,Adelaide | Melbourne,3
Anisogona notoplaga,,Insect,2,Canberra–Queanbeyan | Melbourne,3
Aphidius rosae,,Insect,2,Hobart | Sydney,3
Apiomorpha ovicola,,Insect,2,Melbourne | Sydney,3
Aprasia aurita,Eared Worm-lizard,Reptile,2,Canberra–Queanbeyan | Sydney,3
Araeomorpha diplopa,,Insect,2,Brisbane | Sydney,3
Araeopteron epiphracta,,Insect,2,Brisbane | Sydney,3
Ardozyga aversella,,Insect,2,Brisbane | Sydney,3
Asphondylia floriformis,Gall Gnat,Insect,2,Adelaide | Melbourne,3
Australozonitis tricolor,,Insect,2,Melbourne | Sydney,3
Austrocerus ipo,,Insect,2,Adelaide | Melbourne,3
Austrogymnocnemia falsa,,Insect,2,Canberra–Queanbeyan | Hobart,3
Basicryptus interruptus,,Insect,2,Brisbane | Sydney,3
Bembix variabilis,Wasp,Insect,2,Canberra–Queanbeyan | Melbourne,3
Cairnsimyia robusta,Fly,Insect,2,Canberra–Queanbeyan | Melbourne,3
Caliagrion billinghursti,Large Riverdamsel,Insect,2,Canberra–Queanbeyan | Sydney,3
Callomelitta littleri,Plasterer Bee,Insect,2,Hobart | Sydney,3
Castiarina livida,,Insect,2,Brisbane | Sydney,3
Cladius brullei,,Insect,2,Adelaide | Melbourne,3
Cosmopolites sordidus,Banana Weevil Borer,Insect,2,Brisbane | Perth,3
Crepidosceles iostephana,Concealer Moth,Insect,2,Brisbane | Sydney,3
Delias nysa,Nyza Jezabel,Insect,2,Brisbane | Sydney,3
Diphucrania cupripennis,,Insect,2,Canberra–Queanbeyan | Sydney,3
Disterna pumila,,Insect,2,Brisbane | Sydney,3
Distichocera thomsonella,,Insect,2,Canberra–Queanbeyan | Melbourne,3
Ectropis calida,Geometer Moth,Insect,2,Melbourne | Sydney,3
Eleleides chloris,Shore Fly,Insect,2,Adelaide | Melbourne,3
Endoxyla leucomochla,Carpenter Moth,Insect,2,Melbourne | Sydney,3
Endoxyla lichenea,,Insect,2,Melbourne | Perth,3
Ephutomorpha sanguineiceps,,Insect,2,Adelaide | Brisbane,3
Epopostruma quadrispinosa,Ant,Insect,2,Brisbane | Sydney,3
Epyaxa centroneura,Geometer Moth,Insect,2,Melbourne | Sydney,3
Euchaetis incarnatella,,Insect,2,Canberra–Queanbeyan | Sydney,3
Euhesma nitidifrons,,Insect,2,Canberra–Queanbeyan | Melbourne,3
Floydwernerius australis,,Insect,2,Adelaide | Melbourne,3
Fraus bilineata,Ghost Moth,Insect,2,Adelaide | Melbourne,3
Geron paramonovi,,Insect,2,Melbourne | Sydney,3
Gynaikothrips ficorum,Fig Leaf-rolling Thrips,Insect,2,Melbourne | Sydney,3
Hololepta lissopyga,,Insect,2,Brisbane | Perth,3
Horisme mortuata,Geometer Moth,Insect,2,Hobart | Melbourne,3
Humorolethalis sergius,,Insect,2,Hobart | Melbourne,3
Hyalobathra aequalis,,Insect,2,Brisbane | Darwin,3
Hydrophilus albipes,Water Scavenger Beetle,Insect,2,Canberra–Queanbeyan | Melbourne,3
Ipomoria tillides,,Insect,2,Canberra–Queanbeyan | Melbourne,3
Iridomyrmex chasei,Ant,Insect,2,Brisbane | Perth,3
Labium petitorium,,Insect,2,Melbourne | Perth,3
Leucohimatium arundinaceum,,Insect,2,Adelaide | Melbourne,3
Lissonota macqueeni,,Insect,2,Canberra–Queanbeyan | Melbourne,3
Loweria platydesma,Geometer Moth,Insect,2,Adelaide | Brisbane,3
Macrobathra philopsamma,,Insect,2,Brisbane | Melbourne,3
Melangyna sellenyi,,Insect,2,Brisbane | Sydney,3
Melobasis hypocrita,,Insect,2,Hobart | Melbourne,3
Mesophleps crocina,Twirler Moth,Insect,2,Canberra–Queanbeyan | Sydney,3
Mezium affine,,Insect,2,Melbourne | Sydney,3
Neoeurys variabilis,Sawfly,Insect,2,Canberra–Queanbeyan | Melbourne,3
Neomazium typicum,,Insect,2,Brisbane | Sydney,3
Nola albalis,Tuft Moth,Insect,2,Hobart | Melbourne,3
Nola phloeophila,,Insect,2,Adelaide | Melbourne,3
Oecanthus angustus,,Insect,2,Canberra–Queanbeyan | Melbourne,3
Oedura marmorata,Marbled Velvet Gecko,Reptile,2,Darwin | Sydney,3
Oenochroa ochrosoma,,Insect,2,Canberra–Queanbeyan | Sydney,3
Oncopera intricoides,Ghost Moth,Insect,2,Canberra–Queanbeyan | Melbourne,3
Pachygrontha robusta,,Insect,2,Brisbane | Sydney,3
Parathyginus acuminatus,,Insect,2,Brisbane | Perth,3
Paropsis deserti,,Insect,2,Melbourne | Perth,3
Pheidole bos,,Insect,2,Brisbane | Sydney,3
Philagra recurva,,Insect,2,Brisbane | Sydney,3
Philobota biophora,Concealer Moth,Insect,2,Adelaide | Perth,3
Pison peletieri,,Insect,2,Brisbane | Perth,3
Pseudolycus haemopterus,,Insect,2,Melbourne | Sydney,3
Psylacrida australis,,Insect,2,Melbourne | Sydney,3
Rosopaella kirkaldyi,Leafhopper,Insect,2,Canberra–Queanbeyan | Melbourne,3
Sarucallis kahawaluokalani,,Insect,2,Adelaide | Sydney,3
Scopula caesaria,,Insect,2,Brisbane | Darwin,3
Sericophorus viridis,Wasp,Insect,2,Melbourne | Perth,3
Sericopimpla australis,Ichneumon Wasp,Insect,2,Melbourne | Perth,3
Stenosialis australiensis,Alderfly,Insect,2,Brisbane | Melbourne,3
Stigmacros marginata,Ant,Insect,2,Brisbane | Melbourne,3
Sympycnodes dunnorum,Carpenter Moth,Insect,2,Adelaide | Melbourne,3
Thoris octoguttata,,Insect,2,Brisbane | Sydney,3
Thyada barbicornis,,Insect,2,Brisbane | Sydney,3
Tisobarica pyrrhella,,Insect,2,Brisbane | Sydney,3
Trachymela papuligera,,Insect,2,Brisbane | Sydney,3
Umbrageocoris woodwardi,,Insect,2,Brisbane | Sydney,3
Zoedia divisa,,Insect,2,Canberra–Queanbeyan | Hobart,3
Acalolepta aurosericea,,Insect,2,Brisbane | Sydney,3
Acrapex exsanguis,Owlet Moth,Insect,2,Adelaide | Sydney,3
Aedes imperfectus,,Insect,2,Melbourne | Sydney,3
Amphylaeus nubilosellus,Plasterer Bee,Insect,2,Brisbane | Canberra–Queanbeyan,3
Anarsia hippocoma,,Insect,2,Brisbane | Melbourne,3
Anostostoma australasiae,,Insect,2,Brisbane | Sydney,3
Anthrax siccus,Bee Fly,Insect,2,Melbourne | Perth,3
Aponotoreas petrodes,Geometer Moth,Insect,2,Canberra–Queanbeyan | Melbourne,3
Ardozyga chalazodes,,Insect,2,Brisbane | Sydney,3
Ardozyga tridecta,,Insect,2,Adelaide | Sydney,3
Balanophorus brevipennis,,Insect,2,Canberra–Queanbeyan | Melbourne,3
Boreioglycaspis melaleucae,,Insect,2,Brisbane | Hobart,3
Calopompilus raptor,,Insect,2,Melbourne | Sydney,3
Corgatha omopis,,Insect,2,Melbourne | Sydney,3
Crocidolomia luteolalis,,Insect,2,Brisbane | Darwin,3
Cryptarcha australis,,Insect,2,Adelaide | Melbourne,3
Curculio simulator,,Insect,2,Brisbane | Sydney,3
Distichocera macleayii,,Insect,2,Melbourne | Sydney,3
Dolichoderus australis,Soft Dolly Ant,Insect,2,Melbourne | Sydney,3
Engynoma tasmaniae,,Insect,2,Hobart | Melbourne,3
Enithares woodwardi,Backswimmer,Insect,2,Brisbane | Melbourne,3
Epuraea imperialis,,Insect,2,Hobart | Melbourne,3
Eumerus peltatus,,Insect,2,Brisbane | Perth,3
Euproctis euthysana,,Insect,2,Melbourne | Sydney,3
Gasteruption varians,,Insect,2,Brisbane | Melbourne,3
Hemibela gnomica,,Insect,2,Canberra–Queanbeyan | Sydney,3
Hesthesis assimilis,,Insect,2,Brisbane | Sydney,3
Hylaeora caustopis,Great Rough-head,Insect,2,Adelaide | Hobart,3
Hypatima baliodes,,Insect,2,Brisbane | Melbourne,3
Kahaono montana,Silk Leafhopper,Insect,2,Brisbane | Canberra–Queanbeyan,3
Lasionemopoda hirsuta,Black Scavenger Fly,Insect,2,Brisbane | Sydney,3
Lemidia leoparda,,Insect,2,Canberra–Queanbeyan | Melbourne,3
Lymantria pelospila,,Insect,2,Brisbane | Darwin,3
Mycomya quadrimaculata,,Insect,2,Canberra–Queanbeyan | Melbourne,3
Neissa inconspicua,,Insect,2,Hobart | Melbourne,3
Nothorhaphium aemulans,Long-legged Fly,Insect,2,Hobart | Melbourne,3
Notoligotoma nitens,,Insect,2,Brisbane | Sydney,3
Oraesia argyrosigna,,Insect,2,Brisbane | Darwin,3
Ozarba punctigera,,Insect,2,Brisbane | Melbourne,3
Pandesma submurina,Owlet Moth,Insect,2,Adelaide | Brisbane,3
Paromphale caeca,,Insect,2,Canberra–Queanbeyan | Darwin,3
Perigona nigriceps,,Insect,2,Brisbane | Darwin,3
Philobota scitula,,Insect,2,Brisbane | Canberra–Queanbeyan,3
Phrynocaria astrolabiana,,Insect,2,Brisbane | Sydney,3
Physatocheila biseriata,,Insect,2,Brisbane | Sydney,3
Prionocris charodes,,Insect,2,Brisbane | Melbourne,3
Rhinotia hemisticta,,Insect,2,Canberra–Queanbeyan | Melbourne,3
Rosopaella rubrofascia,Leafhopper,Insect,2,Brisbane | Sydney,3
Rutilia quadripunctata,Horse Fly,Insect,2,Brisbane | Melbourne,3
Rutilia simplex,Horse Fly,Insect,2,Brisbane | Sydney,3
Sisyromyia aurata,Bee Fly,Insect,2,Melbourne | Sydney,3
Sphex formosellus,,Insect,2,Melbourne | Perth,3
Sybra acuta,,Insect,2,Melbourne | Sydney,3
Temognatha thoracica,,Insect,2,Canberra–Queanbeyan | Sydney,3
Thallarcha epiostola,Gowned Footman,Insect,2,Canberra–Queanbeyan | Melbourne,3
Thrincophora dryinodes,,Insect,2,Adelaide | Melbourne,3
Thyreocephalus orthodoxus,,Insect,2,Canberra–Queanbeyan | Sydney,3
Trichomma biroi,,Insect,2,Canberra–Queanbeyan | Melbourne,3
Xaviera manca,,Insect,2,Brisbane | Darwin,3
Xenaleyrodes eucalypti,Whitefly,Insect,2,Melbourne | Perth,3
Acrapex albicostata,Owlet Moth,Insect,2,Brisbane | Canberra–Queanbeyan,3
Acupalpa albitarsa,,Insect,2,Brisbane | Sydney,3
Adrisa atra,Shield Bug,Insect,2,Hobart | Melbourne,3
Agathia prasinaspis,,Insect,2,Brisbane | Darwin,3
Arsipoda laeviceps,,Insect,2,Canberra–Queanbeyan | Melbourne,3
Batrachedra trimeris,,Insect,2,Melbourne | Perth,3
Brachytria gulosa,,Insect,2,Hobart | Sydney,3
Camponotus pawseyi,,Insect,2,Adelaide | Melbourne,3
Castiarina klugii,,Insect,2,Canberra–Queanbeyan | Sydney,3
Chalcopteroides iridicolor,,Insect,2,Canberra–Queanbeyan | Hobart,3
Coptocercus pedator,,Insect,2,Canberra–Queanbeyan | Melbourne,3
Dermestes haemorrhoidalis,,Insect,2,Melbourne | Sydney,3
Diemoides smithtoniensis,Leafhopper,Insect,2,Hobart | Melbourne,3
Gnathaphanus melbournensis,,Insect,2,Hobart | Sydney,3
Guerinius shuckardi,,Insect,2,Canberra–Queanbeyan | Melbourne,3
Hemibela tyranna,Concealer Moth,Insect,2,Brisbane | Sydney,3
Lindingaspis rossi,Araucaria Black Scale Insect,Insect,2,Melbourne | Perth,3
Macaduma toxophora,Moth,Insect,2,Brisbane | Sydney,3
Megachile simplex,Bee,Insect,2,Brisbane | Canberra–Queanbeyan,3
Megalyra rufipes,Wasp,Insect,2,Hobart | Melbourne,3
Metriolagria formicicola,,Insect,2,Canberra–Queanbeyan | Sydney,3
Nearcha ursaria,Geometer Moth,Insect,2,Melbourne | Sydney,3
Nomia swainsoniae,,Insect,2,Brisbane | Sydney,3
Notiphila bicornuta,Shore Fly,Insect,2,Adelaide | Melbourne,3
Palimmeces hemiphanes,,Insect,2,Adelaide | Melbourne,3
Paropsisterna basalis,,Insect,2,Brisbane | Perth,3
Phylacteophaga eucalypti,Sawfly,Insect,2,Canberra–Queanbeyan | Melbourne,3
Polistes erythrinus,Wasp,Insect,2,Canberra–Queanbeyan | Sydney,3
Taburnus tessellatus,,Insect,2,Melbourne | Sydney,3
Temognatha lessonii,,Insect,2,Adelaide | Perth,3
Trismelasmos donovani,,Insect,2,Brisbane | Sydney,3
Camponotus stefani,Ant Species,Insect,2,Adelaide | Canberra–Queanbeyan,3
Epilachna vigintisexpunctata,,Insect,2,Brisbane | Sydney,3
Howickia subsinuata,,Insect,2,Canberra–Queanbeyan | Melbourne,3
Leioproctus platycephalus,Plasterer Bee,Insect,2,Canberra–Queanbeyan | Sydney,3
Melobasis nervosa,,Insect,2,Hobart | Melbourne,3
Parocirrhoe woodwardi,,Insect,2,Hobart | Melbourne,3
Rosopaella crofta,Leafhopper,Insect,2,Hobart | Sydney,3
Sphex argentatus,,Insect,2,Brisbane | Darwin,3
Talanga sexpunctalis,,Insect,2,Brisbane | Sydney,3
Trichophthalma costalis,,Insect,2,Canberra–Queanbeyan | Sydney,3
Diplonevra nigroscutellata,,Insect,2,Canberra–Queanbeyan | Sydney,3
Exoneura bicolor,Reed Bee,Insect,2,Melbourne | Sydney,3
Garrha absumptella,Concealer Moth,Insect,2,Canberra–Queanbeyan | Melbourne,3
Hypocysta irius,Orange-streaked Ringlet,Insect,2,Brisbane | Sydney,3
Iridomyrmex mjobergi,Ant,Insect,2,Adelaide | Perth,3
Necterosoma penicillatum,Diving Beetle,Insect,2,Hobart | Melbourne,3
Onthophagus squalidus,,Insect,2,Melbourne | Sydney,3
Tenerus abbreviatus,,Insect,2,Canberra–Queanbeyan | Hobart,3
Neophema splendida,Scarlet-chested Parrot,Bird,2,Melbourne | Sydney,2
Calamanthus montanellus,Western Fieldwren,Bird,2,Perth | Sydney,2
Geophaps scripta,Southern Squatter Pigeon,Bird,2,Brisbane | Sydney,2
Anilios ligatus,Robust Blind Snake,Reptile,2,Brisbane | Sydney,2
Lophognathus horneri,Horner's Dragon,Reptile,2,Brisbane | Darwin,2
Morethia taeniopleura,Fire-tailed Skink,Reptile,2,Brisbane | Sydney,2
Aaaaba fossicollis,,Insect,2,Canberra–Queanbeyan | Melbourne,2
Alphitobius diaperinus,Lesser Mealworm,Insect,2,Brisbane | Melbourne,2
Amelora sparsularia,Geometer Moth,Insect,2,Canberra–Queanbeyan | Hobart,2
Anacornutipo lignosa,Leafhopper,Insect,2,Adelaide | Sydney,2
Anilios unguirostris,Claw-snouted Blind Snake,Reptile,2,Darwin | Sydney,2
Apiomorpha floralis,,Insect,2,Adelaide | Melbourne,2
Arocatus chiasmus,,Insect,2,Darwin | Perth,2
Asphondylia acaciae,Gall Gnat,Insect,2,Melbourne | Sydney,2
Austalis roederi,,Insect,2,Brisbane | Darwin,2
Austropetalia patricia,Waterfall Redspot,Insect,2,Melbourne | Sydney,2
Blenina donans,,Insect,2,Brisbane | Darwin,2
Bonjeania clamosis,,Insect,2,Canberra–Queanbeyan | Perth,2
Brachytria erosa,,Insect,2,Adelaide | Perth,2
Calamotropha dielota,,Insect,2,Brisbane | Darwin,2
Calamotropha leptogrammellus,,Insect,2,Brisbane | Canberra–Queanbeyan,2
Castiarina alternecosta,,Insect,2,Brisbane | Sydney,2
Castiarina commixta,,Insect,2,Canberra–Queanbeyan | Melbourne,2
Cirrhochrista punctulata,,Insect,2,Brisbane | Darwin,2
Comptosia neosobria,,Insect,2,Melbourne | Sydney,2
Culicoides ornatus,,Insect,2,Brisbane | Darwin,2
Dacus absonifacies,Primitive Crane Fly,Insect,2,Canberra–Queanbeyan | Sydney,2
Deroptilinus granicollis,Beetle,Insect,2,Brisbane | Melbourne,2
Dictyochrysa fulva,,Insect,2,Melbourne | Sydney,2
Docimocaria princeps,,Insect,2,Darwin | Sydney,2
Drosophila hydei,,Insect,2,Adelaide | Brisbane,2
Eublemma rivula,Owlet Moth,Insect,2,Brisbane | Darwin,2
Eulechria melesella,Concealer Moth,Insect,2,Hobart | Melbourne,2
Eulechria tanysticha,Concealer Moth,Insect,2,Melbourne | Sydney,2
Euoniticellus intermedius,Northern Sandy Dung Beetle,Insect,2,Adelaide | Brisbane,2
Eurhopalus apicipenis,,Insect,2,Adelaide | Brisbane,2
Eurynysius meschioides,,Insect,2,Adelaide | Melbourne,2
Graphomya rufitibia,,Insect,2,Adelaide | Perth,2
Ishidaella latomarginata,,Insect,2,Brisbane | Melbourne,2
Kakaduacris minuta,Kakadu Grasshopper,Insect,2,Brisbane | Darwin,2
Leperina lacera,,Insect,2,Adelaide | Canberra–Queanbeyan,2
Listroderes delaiguei,Subterranean Clover Weevil,Insect,2,Hobart | Melbourne,2
Litargops multiguttatus,,Insect,2,Brisbane | Melbourne,2
Metopius unifenestratus,,Insect,2,Brisbane | Sydney,2
Mimaglossa habitalis,Grass Moth,Insect,2,Brisbane | Melbourne,2
Mordella inusitata,,Insect,2,Melbourne | Sydney,2
Neosemidalis farinosa,,Insect,2,Melbourne | Sydney,2
Ochlerotatus cv.,,Insect,2,Brisbane | Darwin,2
Ommatius flavicaudus,,Insect,2,Brisbane | Darwin,2
Omonadus floralis,,Insect,2,Adelaide | Melbourne,2
Pachyura australis,,Insect,2,Hobart | Melbourne,2
Parotis marinata,,Insect,2,Brisbane | Sydney,2
Pascoepus nymphias,,Insect,2,Canberra–Queanbeyan | Melbourne,2
Pedois cosmopoda,Moth,Insect,2,Brisbane | Sydney,2
Philophlaeus luculentus,,Insect,2,Adelaide | Melbourne,2
Phyllotocus apicalis,,Insect,2,Brisbane | Canberra–Queanbeyan,2
Podomyrma christae,Ant,Insect,2,Adelaide | Perth,2
Poecilasthena xylocyma,Geometer Moth,Insect,2,Melbourne | Perth,2
Ptinus adeps,,Insect,2,Brisbane | Melbourne,2
Rhotana septemmaculata,,Insect,2,Brisbane | Darwin,2
Risoba obstructa,,Insect,2,Darwin | Perth,2
Rosopaella geoffroyi,Leafhopper,Insect,2,Adelaide | Melbourne,2
Scatella nitidithorax,,Insect,2,Brisbane | Melbourne,2
Stagetomorphus lanigera,,Insect,2,Melbourne | Sydney,2
Steriphus murinus,,Insect,2,Canberra–Queanbeyan | Melbourne,2
Symbolistis argyromitra,,Insect,2,Brisbane | Canberra–Queanbeyan,2
Tarsostenus univittatus,,Insect,2,Brisbane | Perth,2
Taxeotis epigaea,,Insect,2,Brisbane | Sydney,2
Temognatha affinis,,Insect,2,Canberra–Queanbeyan | Sydney,2
Titurius intonsodorsalis,,Insect,2,Brisbane | Sydney,2
Tolasella brunnea,,Insect,2,Brisbane | Melbourne,2
Trachyops australis,Shield Bug,Insect,2,Adelaide | Canberra–Queanbeyan,2
Tropis exilis,,Insect,2,Adelaide | Melbourne,2
Acalolepta argentata,,Insect,2,Brisbane | Melbourne,2
Acroelytrum muricatum,,Insect,2,Brisbane | Darwin,2
Agamerion metallicum,,Insect,2,Adelaide | Melbourne,2
Aleurodicus dispersus,Spiralling Whitefly,Insect,2,Brisbane | Darwin,2
Amblyaclastus melanops,,Insect,2,Hobart | Melbourne,2
Amphibolia assimilis,Horse Fly,Insect,2,Hobart | Melbourne,2
Anchiale spinicollis,Spiny Anchiale Stick-insect,Insect,2,Brisbane | Darwin,2
Anthela connexa,Lappet Moth,Insect,2,Hobart | Melbourne,2
Aposthonia gurneyi,,Insect,2,Canberra–Queanbeyan | Melbourne,2
Apsectrotanypus maculosus,Midge,Insect,2,Adelaide | Melbourne,2
Ardozyga scytina,,Insect,2,Adelaide | Canberra–Queanbeyan,2
Arescoptera idiotypa,Grass Moth,Insect,2,Brisbane | Sydney,2
Aromagis horrens,,Insect,2,Melbourne | Sydney,2
Australozonitis pallicolor,,Insect,2,Brisbane | Melbourne,2
Austrosciapus sarinensis,,Insect,2,Melbourne | Sydney,2
Balaana gigantea,Bee Fly,Insect,2,Adelaide | Brisbane,2
Barea basigramma,,Insect,2,Brisbane | Canberra–Queanbeyan,2
Barea lithoglypta,,Insect,2,Melbourne | Sydney,2
Barea synchyta,,Insect,2,Melbourne | Sydney,2
Brachycyrtus australis,,Insect,2,Brisbane | Canberra–Queanbeyan,2
Cadmus rugicollis,,Insect,2,Adelaide | Melbourne,2
Castiarina thomsoni,,Insect,2,Hobart | Melbourne,2
Chaetophyes admittens,Tube Spittlebug,Insect,2,Adelaide | Melbourne,2
Chaoilta hollowayi,,Insect,2,Melbourne | Sydney,2
Chloromerus striatifrons,,Insect,2,Hobart | Melbourne,2
Coccus longulus,Long Brown Scale,Insect,2,Melbourne | Sydney,2
Coesyra phaeozona,Concealer Moth,Insect,2,Canberra–Queanbeyan | Melbourne,2
Coptocercus unifasciatus,,Insect,2,Canberra–Queanbeyan | Sydney,2
Cryptalaus prosectus,,Insect,2,Brisbane | Sydney,2
Diaeretiella rapae,,Insect,2,Brisbane | Melbourne,2
Ectemnius reginellus,,Insect,2,Brisbane | Sydney,2
Ellipsidion amplum,,Insect,2,Brisbane | Melbourne,2
Encosmia cornuta,,Insect,2,Hobart | Melbourne,2
Epimixia allocasuarina,,Insect,2,Adelaide | Melbourne,2
Ernophthora milicha,,Insect,2,Brisbane | Sydney,2
Eulechria platyrrhabda,,Insect,2,Brisbane | Sydney,2
Eupselia iridizona,,Insect,2,Brisbane | Melbourne,2
Euryglossina perpusilla,,Insect,2,Brisbane | Perth,2
Furcatrox furneauxi,Geometer Moth,Insect,2,Canberra–Queanbeyan | Melbourne,2
Gyromantis occidentalis,,Insect,2,Darwin | Perth,2
Hemibela actinodes,,Insect,2,Melbourne | Sydney,2
Hemibela pyrochrysa,Concealer Moth,Insect,2,Adelaide | Sydney,2
Hestiochora furcata,Forester Moth,Insect,2,Canberra–Queanbeyan | Sydney,2
Hydrophorus praecox,,Insect,2,Melbourne | Perth,2
Isopteron triviale,,Insect,2,Canberra–Queanbeyan | Hobart,2
Jelinekiella aterrima,,Insect,2,Melbourne | Perth,2
Lamprogaster corusca,,Insect,2,Brisbane | Sydney,2
Lasiosticha thermochroa,,Insect,2,Adelaide | Melbourne,2
Lemidia pictipes,,Insect,2,Hobart | Melbourne,2
Lemidia rufa,,Insect,2,Adelaide | Melbourne,2
Lichenaula undulatella,,Insect,2,Brisbane | Sydney,2
Liometopa rectilinea,Geometer Moth,Insect,2,Melbourne | Sydney,2
Macrobathra harmostis,,Insect,2,Brisbane | Canberra–Queanbeyan,2
Mayriella ebbei,Ant,Insect,2,Adelaide | Melbourne,2
Megachile callura,,Insect,2,Adelaide | Perth,2
Melanterius costatus,,Insect,2,Adelaide | Hobart,2
Meschia barrowensis,,Insect,2,Brisbane | Sydney,2
Myrmeleon pictifrons,,Insect,2,Brisbane | Sydney,2
Nephogenes graphica,Concealer Moth,Insect,2,Canberra–Queanbeyan | Sydney,2
Nylanderia glabrior,,Insect,2,Brisbane | Sydney,2
Ocirrhoe prasinata,Shield Bug,Insect,2,Adelaide | Melbourne,2
Opacifrons maculifrons,,Insect,2,Melbourne | Perth,2
Oraesia emarginata,,Insect,2,Brisbane | Darwin,2
Orthodera marginata,,Insect,2,Adelaide | Perth,2
Paropsis wilsoni,,Insect,2,Canberra–Queanbeyan | Darwin,2
Paropsisterna rufipes,,Insect,2,Canberra–Queanbeyan | Hobart,2
Philophlaeus australis,,Insect,2,Adelaide | Melbourne,2
Pinnaspis aspidistrae,,Insect,2,Brisbane | Melbourne,2
Podomyrma octodentata,,Insect,2,Brisbane | Sydney,2
Pterodontia davisi,,Insect,2,Hobart | Melbourne,2
Rhopaea heterodactyla,,Insect,2,Brisbane | Melbourne,2
Rivula concinna,,Insect,2,Brisbane | Darwin,2
Sidarena hortorum,,Insect,2,Adelaide | Perth,2
Sigmatomera victoriae,Crane Fly,Insect,2,Canberra–Queanbeyan | Melbourne,2
Spilonota ruficomana,,Insect,2,Brisbane | Sydney,2
Spongovostox victoriae,,Insect,2,Melbourne | Sydney,2
Stathmopoda chalcotypa,Concealer Moth,Insect,2,Melbourne | Sydney,2
Stigmatium acerbum,,Insect,2,Adelaide | Melbourne,2
Syndipnomyia auricincta,,Insect,2,Brisbane | Sydney,2
Syneora strixata,,Insect,2,Brisbane | Sydney,2
Terentius convexus,Treehopper,Insect,2,Brisbane | Sydney,2
Thallarcha lechrioleuca,Moth,Insect,2,Canberra–Queanbeyan | Perth,2
Theretra nessus,,Insect,2,Brisbane | Sydney,2
Trichocolletes aeratus,,Insect,2,Brisbane | Sydney,2
Williamsita bivittata,Wasp,Insect,2,Adelaide | Sydney,2
Adelium subdepressum,,Insect,2,Canberra–Queanbeyan | Melbourne,2
Adelotopus dubius,,Insect,2,Hobart | Melbourne,2
Aedes alboscutellatus,,Insect,2,Brisbane | Darwin,2
Agapophytus atrilaticlavius,,Insect,2,Adelaide | Melbourne,2
Agapophytus dioctriaeformis,Stiletto Fly,Insect,2,Canberra–Queanbeyan | Melbourne,2
Amarygmus variolaris,,Insect,2,Brisbane | Sydney,2
Anzygina zealandica,Yellow Leafhopper,Insect,2,Hobart | Perth,2
Aspidiotus nerii,Ivy Scale,Insect,2,Melbourne | Perth,2
Atelicus brevicornis,,Insect,2,Melbourne | Sydney,2
Australymexylon australe,,Insect,2,Brisbane | Melbourne,2
Austrogorytes frenchii,Wasp,Insect,2,Canberra–Queanbeyan | Sydney,2
Authaemon purpurea,Geometer Moth,Insect,2,Melbourne | Sydney,2
Bucolus cirrhosus,,Insect,2,Adelaide | Sydney,2
Citrogramma notiale,,Insect,2,Melbourne | Sydney,2
Colepia abludo,Robber Fly,Insect,2,Canberra–Queanbeyan | Melbourne,2
Corgatha ancistrodes,,Insect,2,Brisbane | Sydney,2
Cricotopus parbicinctus,,Insect,2,Hobart | Melbourne,2
Dinocephalia thoracica,,Insect,2,Adelaide | Canberra–Queanbeyan,2
Ectoneura pallidula,,Insect,2,Brisbane | Canberra–Queanbeyan,2
Eremnotypa steriphota,Concealer Moth,Insect,2,Canberra–Queanbeyan | Sydney,2
Euchaetis habrocosma,Concealer Moth,Insect,2,Canberra–Queanbeyan | Perth,2
Euthorybeta xanthoplaca,,Insect,2,Brisbane | Sydney,2
Gasteruption breviscutum,,Insect,2,Adelaide | Melbourne,2
Gerocyptera fenestrata,,Insect,2,Brisbane | Sydney,2
Gibbovalva quadrifasciata,,Insect,2,Brisbane | Sydney,2
Haplonyx spencei,,Insect,2,Adelaide | Brisbane,2
Hyblaea puera,,Insect,2,Brisbane | Darwin,2
Hyperion schroetteri,Large Black Ground Beetle,Insect,2,Brisbane | Sydney,2
Ischnotoma rubriventris,Crane Fly,Insect,2,Hobart | Sydney,2
Labdia orthoschema,,Insect,2,Brisbane | Darwin,2
Lagrioida australis,,Insect,2,Hobart | Sydney,2
Limnaecia polycydista,,Insect,2,Canberra–Queanbeyan | Sydney,2
Minyacris nana,Tiny Grasshopper,Insect,2,Hobart | Melbourne,2
Nanodectes harpax,Small Shieldbacked Katydid,Insect,2,Adelaide | Canberra–Queanbeyan,2
Neuroctenus woodwardi,,Insect,2,Brisbane | Hobart,2
Nola lechriopa,,Insect,2,Brisbane | Melbourne,2
Nymphes aperta,,Insect,2,Brisbane | Melbourne,2
Ochyra coarctata,,Insect,2,Hobart | Melbourne,2
Paramixogaster variegatus,Hover Fly,Insect,2,Hobart | Perth,2
Platythyrea turneri,Ant,Insect,2,Brisbane | Melbourne,2
Pseudofoenus spinitarsis,,Insect,2,Adelaide | Melbourne,2
Pterohelaeus laticollis,,Insect,2,Brisbane | Sydney,2
Rhabdoscelus interstitialis,,Insect,2,Brisbane | Perth,2
Rhipidia pallidistigma,,Insect,2,Brisbane | Melbourne,2
Rutilia imperialis,Horse Fly,Insect,2,Canberra–Queanbeyan | Melbourne,2
Sapromyza metallica,,Insect,2,Hobart | Melbourne,2
Sartallus signatus,,Insect,2,Melbourne | Sydney,2
Sitophilus granarius,Granary Weevil,Insect,2,Hobart | Melbourne,2
Sobriana mnemosynana,,Insect,2,Hobart | Melbourne,2
Triclista guttata,,Insect,2,Brisbane | Sydney,2
Tritadelpha microptila,,Insect,2,Melbourne | Sydney,2
Xanthorhoe anthracinata,Geometer Moth,Insect,2,Adelaide | Hobart,2
Xyalaspis victoriensis,Parasitoid Wasp,Insect,2,Hobart | Melbourne,2
Agrilus kokaburra,,Insect,2,Adelaide | Melbourne,2
Aporocera rufescens,,Insect,2,Hobart | Sydney,2
Aristobia reticulator,Longhorn Beetle,Insect,2,Adelaide | Sydney,2
Australoactina costata,,Insect,2,Hobart | Melbourne,2
Clusiosomina puncticeps,,Insect,2,Brisbane | Sydney,2
Cosmaresta archedora,Concealer Moth,Insect,2,Canberra–Queanbeyan | Melbourne,2
Crompus opacus,Bug,Insect,2,Canberra–Queanbeyan | Melbourne,2
Cuspicona intacta,,Insect,2,Adelaide | Melbourne,2
Cylindromyia bimacula,Horse Fly,Insect,2,Adelaide | Canberra–Queanbeyan,2
Diphucephala elegans,,Insect,2,Brisbane | Canberra–Queanbeyan,2
Ectropis aganopa,,Insect,2,Adelaide | Melbourne,2
Eudonia epicryma,,Insect,2,Canberra–Queanbeyan | Hobart,2
Euryglossa subsericea,Plasterer Bee,Insect,2,Canberra–Queanbeyan | Sydney,2
Gynaikothrips australis,,Insect,2,Perth | Sydney,2
Hemicyclus punctulatus,,Insect,2,Canberra–Queanbeyan | Melbourne,2
Hydrophilus latipalpus,Large Water Beetle,Insect,2,Melbourne | Perth,2
Hylotrupes bajulus,Old House Borer,Insect,2,Melbourne | Perth,2
Imma tetrascia,,Insect,2,Brisbane | Sydney,2
Megachile obtusa,Bee,Insect,2,Adelaide | Melbourne,2
Monomorium fieldi,Little Black Mono Ant,Insect,2,Perth | Sydney,2
Oncocoris desertus,,Insect,2,Melbourne | Perth,2
Parapoynx epimochla,,Insect,2,Melbourne | Sydney,2
Pempsamacra pygmaea,,Insect,2,Melbourne | Sydney,2
Perperus lateralis,Whitestriped Weevil,Insect,2,Melbourne | Sydney,2
Philobota erebodes,Moth,Insect,2,Melbourne | Sydney,2
Phoracantha ancoralis,,Insect,2,Brisbane | Sydney,2
Poecilasthena ischnophrica,,Insect,2,Hobart | Perth,2
Saprosites mendax,,Insect,2,Hobart | Melbourne,2
Stomorhina pollinosa,,Insect,2,Brisbane | Perth,2
Velarifictorus diminuens,,Insect,2,Canberra–Queanbeyan | Hobart,2
Veledella raptrix,Assassin Bug,Insect,2,Adelaide | Sydney,2
Aleurocanthus neofroggatti,,Insect,2,Brisbane | Sydney,2
Cadra cautella,Tropical Warehouse Moth,Insect,2,Canberra–Queanbeyan | Sydney,2
Callipappus australis,,Insect,2,Hobart | Sydney,2
Choreutis emplecta,,Insect,2,Brisbane | Sydney,2
Chrysolophus pictus,Golden Pheasant,Insect,2,Melbourne | Sydney,2
Doticus palmaris,,Insect,2,Adelaide | Brisbane,2
Drosophila simulans,,Insect,2,Hobart | Sydney,2
Hadrobregmus australiensis,Dampwood Borer,Insect,2,Adelaide | Hobart,2
Megachile rotundata,,Insect,2,Melbourne | Sydney,2
Philobota embologramma,,Insect,2,Brisbane | Melbourne,2
Sessinia nigronotata,,Insect,2,Brisbane | Hobart,2
Theretra radiosa,,Insect,2,Brisbane | Sydney,2
Stomiopera unicolor,White-gaped Honeyeater,Bird,1,Darwin,18515
Corvus tasmanicus,Forest Raven,Bird,1,Hobart,14843
Megapodius reinwardt,Orange-footed Scrubfowl,Bird,1,Darwin,12158
Ducula spilorrhoa,Torresian Imperial-pigeon,Bird,1,Darwin,12102
Conopophila albogularis,Rufous-banded Honeyeater,Bird,1,Darwin,9691
Gavicalis fasciogularis,Mangrove Honeyeater,Bird,1,Brisbane,8623
Zanda latirostris,Short-billed Black-cockatoo,Bird,1,Perth,8521
Tribonyx mortierii,Tasmanian Native-hen,Bird,1,Hobart,7333
Purpureicephalus spurius,Red-capped Parrot,Bird,1,Perth,6988
Rhipidura rufiventris,Northern Fantail,Bird,1,Darwin,5843
Nesoptilotis flavicollis,Yellow-throated Honeyeater,Bird,1,Hobart,5784
Chelodina oblonga,Northern Snake-necked Turtle,Reptile,1,Perth,5587
Anthochaera lunulata,Western Wattlebird,Bird,1,Perth,5013
Philemon buceroides,Helmeted Friarbird,Bird,1,Darwin,4585
Myzomela erythrocephala,Red-headed Honeyeater,Bird,1,Darwin,4402
Colluricincla rufogaster,,Bird,1,Brisbane,3921
Gerygone chloronota,Green-backed Gerygone,Bird,1,Darwin,2825
Myiagra nana,Paperbark Flycatchert,Bird,1,Darwin,2723
Melithreptus affinis,Black-headed Honeyeater,Bird,1,Hobart,2338
Ramsayornis fasciatus,Bar-breasted Honeyeater,Bird,1,Darwin,2314
Acanthorhynchus superciliosus,Western Spinebill,Bird,1,Perth,1540
Myiagra ruficollis,Broad-billed Flycatcher,Bird,1,Darwin,1456
Psitteuteles versicolor,Varied Lorikeet,Bird,1,Darwin,1384
Rhipidura dryas,Arafura Fantail,Bird,1,Darwin,1341
Chlamydera nuchalis,Great Bowerbird,Bird,1,Darwin,1317
Ninox rufa,Rufous Owl,Bird,1,Darwin,1242
Peneothello pulverulenta,Mangrove Robin,Bird,1,Darwin,1207
Cracticus argenteus,Silver-backed Butcherbird,Bird,1,Darwin,1099
Sericornis humilis,Tasmanian Scrubwren,Bird,1,Hobart,1091
Philemon argenticeps,Silver-crowned Friarbird,Bird,1,Darwin,1067
Gerygone magnirostris,Large-billed Gerygone,Bird,1,Darwin,968
Pitta iris,Rainbow Pitta,Bird,1,Darwin,915
Melithreptus chloropsis,Gilbert's Honeyeater,Bird,1,Perth,784
Ptilotula flavescens,Yellow-tinted Honeyeater,Bird,1,Darwin,771
Cryptoblepharus buchananii,Buchanan’s Snake-eyed Skink,Reptile,1,Perth,756
Phyllurus platurus,Broad-tailed Gecko,Reptile,1,Sydney,723
Tropicagama temporalis,Swamplands Lashtail,Reptile,1,Darwin,721
Chalinolobus dwyeri,Large-eared Pied Bat,Mammal,1,Sydney,648
Acanthiza inornata,Western Thornbill,Bird,1,Perth,643
Yoyetta repetens,,Insect,1,Sydney,550
Polyrhachis rufifemur,,Insect,1,Brisbane,479
Eulechria marmorata,,Insect,1,Brisbane,477
Acanthiza ewingii,Tasmanian Thornbill,Bird,1,Hobart,463
Melanodryas vittata,Dusky Robin,Bird,1,Hobart,450
Isoodon fusciventer,Southwestern Brown Bandicoot,Mammal,1,Perth,426
Polyrhachis daemeli,,Insect,1,Brisbane,393
Psaltoda claripennis,,Insect,1,Brisbane,380
Neurothemis stigmatizans,Painted Grasshawk Dragonfly,Insect,1,Darwin,379
Carlia sexdentata,Six-toothed Rainbow-skink,Reptile,1,Darwin,347
Menippus cynicus,,Insect,1,Brisbane,344
Pseudemoia pagenstecheri,Tussock Skink,Reptile,1,Melbourne,343
Malurus elegans,Red-winged Fairy-wren,Bird,1,Perth,340
Pachycephala melanura,Mangrove Golden Whistler,Bird,1,Darwin,329
Calidris subruficollis,Buff-breasted Sandpiper,Bird,1,Brisbane,320
Theclinesthes onycha,Cycad Blue (northern Subspecies),Insect,1,Brisbane,320
Eulabeornis castaneoventris,Chestnut Rail,Bird,1,Darwin,306
Zanda baudinii,Long-billed Black-cockatoo,Bird,1,Perth,306
Nacoleia amphicedalis,,Insect,1,Brisbane,301
Agape chloropyga,,Insect,1,Brisbane,286
Origma solitaria,Rockwarbler,Bird,1,Sydney,285
Griseargiolestes albescens,Coastal Flatwing,Insect,1,Brisbane,278
Hemiergis quadrilineata,Two-toed Earless Skink,Reptile,1,Perth,276
Platycercus venustus,Northern Rosella,Bird,1,Darwin,269
Platycercus icterotis,Western Rosella,Bird,1,Perth,264
Conopophila rufogularis,Rufous-throated Honeyeater,Bird,1,Darwin,248
Perameles gunnii,Eastern Barred Bandicoot,Mammal,1,Hobart,247
Ceyx pusillus,Little Kingfisher,Bird,1,Darwin,244
Ctenophorus pictus,Painted Dragon,Reptile,1,Adelaide,243
Chauliognathus flavipennis,,Insect,1,Brisbane,243
Cissomela pectoralis,Banded Honeyeater,Bird,1,Darwin,239
Hemidactylus garnotii,Indo-pacific Gecko,Reptile,1,Sydney,238
Birrima varians,Black Treeticker,Insect,1,Brisbane,230
Phaedyma shepherdi,Common Aeroplane,Insect,1,Brisbane,230
Axiocteta oenoplex,,Insect,1,Brisbane,222
Crocodylus porosus,Saltwater Crocodile,Reptile,1,Darwin,217
Agriocnemis rubricauda,Red-rumped Wisp,Insect,1,Brisbane,217
Ditaxis biseriata,,Insect,1,Brisbane,215
Anchises parvulus,,Insect,1,Brisbane,212
Anepischetosia maccoyi,Highlands Forest-skink,Reptile,1,Melbourne,210
Stagonopleura oculata,Red-eared Firetail,Bird,1,Perth,209
Concinnia martini,Dark Barsided Skink,Reptile,1,Brisbane,206
Micronomus norfolkensis,Eastern Freetail-bat,Mammal,1,Sydney,204
Austroargiolestes calcaris,Powdered Flatwing,Insect,1,Melbourne,203
Trichilogaster stefani,,Insect,1,Adelaide,203
Charadrius semipalmatus,Semipalmated Plover,Bird,1,Brisbane,202
Philomastix xanthophylax,,Insect,1,Brisbane,196
Heterallactis microchrysa,,Insect,1,Brisbane,195
Euploea tulliolus,Eastern Brown Crow,Insect,1,Brisbane,190
Eusynthemis guttata,Southern Tigertail,Insect,1,Melbourne,180
Nola elaphropasta,,Insect,1,Brisbane,180
Symbrenthia geoffroyii,White Nymph,Insect,1,Brisbane,178
Zoothera heinei,Russet-tailed Thrush,Bird,1,Brisbane,174
Dicranosterna picea,,Insect,1,Brisbane,174
Eopsaltria griseogularis,Western Yellow Robin,Bird,1,Perth,173
Poecilometis histricus,,Insect,1,Brisbane,172
Scatochresis innumera,,Insect,1,Brisbane,171
Egernia kingii,King's Skink,Reptile,1,Perth,170
Scoteanax rueppellii,Greater Broad-nosed Bat,Mammal,1,Sydney,170
Nacaduba kurava,White-banded Line-blue,Insect,1,Brisbane,168
Samea multiplicalis,,Insect,1,Brisbane,166
Heterallactis euchrysa,,Insect,1,Brisbane,161
Bettongia penicillata,Woylie,Mammal,1,Perth,157
Solenopsis invicta,Fire Ant,Insect,1,Brisbane,156
Asphondylia tonsura,,Insect,1,Adelaide,151
Hemiergis peronii,Lowlands Earless Skink,Reptile,1,Adelaide,148
Asthenoptycha encratopis,,Insect,1,Brisbane,145
Lonchura flaviprymna,Yellow-rumped Munia,Bird,1,Darwin,144
Eurrhyparodes bracteolalis,,Insect,1,Brisbane,144
Requena verticalis,,Insect,1,Perth,144
Anomalopus verreauxii,Three-clawed Worm-skink,Reptile,1,Brisbane,140
Varanus scalaris,Spotted Tree Monitor,Reptile,1,Darwin,139
Piletocera macroperalis,,Insect,1,Brisbane,139
Telephlebia tryoni,Coastal Evening Darner,Insect,1,Brisbane,139
Metasia tiasalis,,Insect,1,Brisbane,137
Dicranosterna circe,,Insect,1,Brisbane,134
Cephaloconus tenebrosus,,Insect,1,Brisbane,130
Ommatius mackayi,,Insect,1,Brisbane,128
Tympanocryptis lineata,Canberra Grassland Earless Dragon,Reptile,1,Canberra–Queanbeyan,125
Clinopsalta autumna,,Insect,1,Sydney,124
Physeema quadricincta,Tick-tock,Insect,1,Perth,123
Phytoliriomyza pittosporocaulis,,Insect,1,Sydney,123
Uroplata girardi,,Insect,1,Brisbane,122
Arrhenes marnas,Swamp Darter,Insect,1,Brisbane,119
Poecilometis lineatus,,Insect,1,Perth,119
Eurispa vittata,,Insect,1,Melbourne,117
Lobesia physophora,,Insect,1,Brisbane,117
Parapoynx crisonalis,,Insect,1,Brisbane,116
Eulechria hemisphaerica,,Insect,1,Brisbane,115
Asphondylia dodonaeae,,Insect,1,Adelaide,114
Geitoneura minyas,Western Xenica,Insect,1,Perth,113
Calyptotis scutirostrum,Scute-snouted Calyptotis,Reptile,1,Brisbane,112
Polyrhachis pilosa,,Insect,1,Brisbane,110
Rapala varuna,Indigo Flash,Insect,1,Brisbane,109
Pseudonaja affinis,Dugite,Reptile,1,Perth,103
Dysphania numana,,Insect,1,Darwin,102
Telephlebia godeffroyi,Eastern Evening Darner,Insect,1,Sydney,100
Scoliocheta ergatis,,Insect,1,Brisbane,99
Trapezites maheta,Northern Silver Ochre,Insect,1,Brisbane,99
Idaea pilosata,,Insect,1,Brisbane,98
Nola argentea,,Insect,1,Brisbane,96
Yoyetta cumberlandi,,Insect,1,Sydney,96
Platymela sticticollis,,Insect,1,Brisbane,94
Eurycnema osiris,Darwin Stick-insect,Insect,1,Darwin,93
Popplepsalta aeroides,,Insect,1,Sydney,92
Gerygone palpebrosa,Fairy Gerygone,Bird,1,Brisbane,91
Bellatorias frerei,Major Skink,Reptile,1,Brisbane,91
Strophurus spinigerus,South-western Spiny-tailed Gecko,Reptile,1,Perth,90
Varanus mitchelli,Mitchell's Water Monitor,Reptile,1,Darwin,90
Quoyornis georgiana,White-breasted Robin,Bird,1,Perth,89
Poecilometis punctiventris,,Insect,1,Perth,89
Polyrhachis brisbanensis,,Insect,1,Brisbane,88
Poecilodryas cerviniventris,Buff-sided Robin,Bird,1,Darwin,86
Carlia rufilatus,Red-sided Rainbow-skink,Reptile,1,Darwin,85
Gallinago megala,Swinhoe's Snipe,Bird,1,Darwin,83
Catasarcus spinipennis,,Insect,1,Perth,82
Euproctis fimbriata,,Insect,1,Brisbane,81
Glaucopsaltria viridis,Bottle Cicada,Insect,1,Brisbane,80
Petropseudes dahli,Rock Ringtail Possum,Mammal,1,Darwin,79
Pternistria bispina,,Insect,1,Brisbane,79
Amalosia lesueurii,Lesueur's Velvet Gecko,Reptile,1,Sydney,78
Panacela nyctopa,,Insect,1,Brisbane,78
Synemon theresa,Cryptic Sun Moth,Insect,1,Adelaide,77
Sterna paradisaea,Arctic Tern,Bird,1,Perth,75
Eumelea rosalia,,Insect,1,Brisbane,74
Hemiscopis violacea,,Insect,1,Brisbane,72
Austrotartessus ianassa,,Insect,1,Brisbane,71
Diastella latifolia,,Insect,1,Brisbane,71
Mesembriomys gouldii,Black-footed Tree-rat,Mammal,1,Darwin,70
Camponotus chalceus,,Insect,1,Perth,70
Diaphonia xanthopyga,,Insect,1,Adelaide,68
Lilioceris bakewelli,,Insect,1,Brisbane,68
Carlia gracilis,Slender Rainbow-skink,Reptile,1,Darwin,67
Leptomyrmex rufipes,,Insect,1,Brisbane,67
Pelopidas agna,Dingy Swift,Insect,1,Brisbane,67
Carlia amax,Bauxite Rainbow-skink,Reptile,1,Darwin,66
Pachycephala lanioides,White-breasted Whistler,Bird,1,Darwin,65
Thalassarche impavida,Campbell Albatross,Bird,1,Sydney,65
Comibaena mariae,,Insect,1,Brisbane,65
Ellipsidion reticulatum,Cockroach,Insect,1,Brisbane,65
Lipogya exprimataria,Geometer Moth,Insect,1,Canberra–Queanbeyan,65
Scipinia arenacea,,Insect,1,Brisbane,65
Pseudemoia rawlinsoni,Glossy Grass Skink,Reptile,1,Melbourne,64
Dichromodes stilbiata,Geometer Moth,Insect,1,Melbourne,64
Aspideurus flavescens,,Insect,1,Brisbane,63
Calomela pulchella,,Insect,1,Sydney,63
Dichromodes mesogonia,Geometer Moth,Insect,1,Melbourne,63
Requena baraya,,Insect,1,Melbourne,63
Balta hebardi,,Insect,1,Perth,62
Cheiroplatys bifossus,,Insect,1,Melbourne,62
Thalassodes pilaria,,Insect,1,Brisbane,62
Yoyetta humphreyae,,Insect,1,Sydney,61
Ctenotus australis,Western Limestone Ctenotus,Reptile,1,Perth,60
Dactylasioptera milnae,,Insect,1,Adelaide,60
Ephippitytha froggatti,,Insect,1,Sydney,60
Polyrhachis tubifera,,Insect,1,Brisbane,60
Depressa striatipennis,Acalyptrate Fly,Insect,1,Melbourne,59
Ecrizothis boviei,,Insect,1,Melbourne,59
Griseargiolestes intermedius,Alpine Flatwing,Insect,1,Melbourne,59
Ischnura pruinescens,Colourful Bluetail,Insect,1,Darwin,59
Yoyetta darug,,Insect,1,Sydney,59
Ctenotus fallens,West-coast Laterite Ctenotus,Reptile,1,Perth,58
Barea leucocephala,,Insect,1,Brisbane,58
Stenocatantops angustifrons,,Insect,1,Darwin,58
Methana soror,,Insect,1,Melbourne,57
Pseudagrion ignifer,Flame-headed Riverdamsel,Insect,1,Brisbane,57
Tympanophora andreae,,Insect,1,Perth,57
Apiomorpha conica,Felt Scale Insect,Insect,1,Melbourne,56
Oreixenica kershawi,Kershaw's Brown,Insect,1,Melbourne,56
Thalassarche bulleri,Buller's Albatross,Bird,1,Sydney,55
Dicteniophorus ramifer,,Insect,1,Sydney,55
Isomoralla eriscota,,Insect,1,Canberra–Queanbeyan,55
Vespadelus pumilus,Eastern Forest Bat,Mammal,1,Sydney,54
Dolichoderus ypsilon,,Insect,1,Perth,54
Erebus terminitincta,,Insect,1,Brisbane,54
Tolpia conscitulana,,Insect,1,Brisbane,54
Moerarchis clathrata,,Insect,1,Perth,53
Cladophorus cinctus,,Insect,1,Brisbane,52
Cyclodomorphus melanops,Eastern Slender Blue-tongue,Reptile,1,Sydney,52
Mycalesis perseus,Dingy Bush-brown,Insect,1,Darwin,52
Polyrhachis clio,,Insect,1,Brisbane,52
Perunga ochracea,The Perunga,Insect,1,Canberra–Queanbeyan,52
Iridomyrmex rubriceps,,Insect,1,Brisbane,50
Polyrhachis machaon,,Insect,1,Brisbane,50
Popplepsalta annulata,,Insect,1,Brisbane,50
Carlia vivax,Lively Rainbow Skink,Reptile,1,Brisbane,49
Elodina walkeri,Small Pearl-white,Insect,1,Darwin,49
Ocybadistes ardea,Dark Orange Dart,Insect,1,Brisbane,49
Opisthopsis pictus,,Insect,1,Brisbane,49
Castiarina pallidiventris,,Insect,1,Perth,48
Opisthopsis haddoni,,Insect,1,Darwin,48
Syneora euboliaria,,Insect,1,Canberra–Queanbeyan,48
Cryptoblepharus cygnatus,Swanson’s Snake-eyed Skink,Reptile,1,Darwin,47
Amyotea hamata,,Insect,1,Brisbane,47
Catoria camelaria,,Insect,1,Brisbane,47
Chalcopteroides spectabilis,,Insect,1,Canberra–Queanbeyan,47
Hectobrocha pentacyma,Moth,Insect,1,Sydney,47
Indomyrlaea auchmodes,,Insect,1,Brisbane,47
Parvotettix domesticus,,Insect,1,Hobart,47
Haritalodes obliqualis,,Insect,1,Brisbane,46
Myrmecia gilberti,Bull Ant,Insect,1,Brisbane,46
Podomyrma micans,,Insect,1,Brisbane,46
Tramea eurybia,Dune Glider,Insect,1,Brisbane,46
Neophema chrysogaster,Orange-bellied Parrot,Bird,1,Melbourne,45
Pantherophis guttatus,Corn Snake,Reptile,1,Sydney,45
Aspidimorpha westwoodi,,Insect,1,Brisbane,44
Castiarina simulata,,Insect,1,Perth,44
Helea ovata,,Insect,1,Canberra–Queanbeyan,44
Parilyrgis concolor,,Insect,1,Brisbane,44
Acritoscincus trilineatus,Western Three-lined Skink,Reptile,1,Perth,43
Varanus tristis,Black-headed Monitor,Reptile,1,Perth,43
Cerdistus varimystaceus,Robber Fly,Insect,1,Brisbane,43
Chloroclystis pyrrholopha,,Insect,1,Brisbane,43
Myopsalta mackinlayi,,Insect,1,Sydney,43
Nola fasciata,,Insect,1,Brisbane,43
Percassa rugifrons,Mountain Grasshopper,Insect,1,Melbourne,43
Petalura litorea,Coastal Petaltail,Insect,1,Brisbane,43
Traminda rubra,,Insect,1,Brisbane,43
Ptilotula plumula,Grey-fronted Honeyeater,Bird,1,Darwin,42
Kurrajongia aploa,,Insect,1,Brisbane,42
Myrmecia vindex,Bull Ant,Insect,1,Perth,42
Mythimna reversa,,Insect,1,Brisbane,42
Phyllocnistis diaugella,,Insect,1,Sydney,42
Stilida indecora,,Insect,1,Brisbane,42
Sterna sumatrana,Black-naped Tern,Bird,1,Darwin,41
Liasis fuscus,Water Python,Reptile,1,Darwin,41
Chlorophorus curtisi,,Insect,1,Brisbane,41
Euthyphasis acuta,,Insect,1,Melbourne,41
Leptobatopsis indica,,Insect,1,Brisbane,41
Podacanthus keyi,Key’s Stick-insect,Insect,1,Perth,41
Sphaeroderma baldiense,,Insect,1,Melbourne,41
Ctenotus essingtonii,Port Essington Ctenotus,Reptile,1,Darwin,40
Metoxypilus lobifrons,,Insect,1,Brisbane,40
Palimmeces leucopelta,,Insect,1,Canberra–Queanbeyan,40
Rhipidura phasiana,Mangrove Grey Fantail,Bird,1,Darwin,39
Castiarina punctatosulcata,,Insect,1,Melbourne,39
Crypsiphona tasmanica,,Insect,1,Hobart,39
Hypochrysops apelles,Copper Jewel,Insect,1,Brisbane,39
Kanshizeia hemicycla,,Insect,1,Brisbane,39
Pollanisus cupreus,,Insect,1,Perth,39
Yoyetta aaede,Cicada,Insect,1,Adelaide,39
Carinascincus ocellatus,Ocellated Skink,Reptile,1,Hobart,38
Arhopala eupolis,Purple Oak-blue,Insect,1,Darwin,38
Leptomyrmex wiburdi,,Insect,1,Sydney,38
Trachymantis dentifrons,,Insect,1,Perth,38
Anous tenuirostris,Lesser Noddy,Bird,1,Perth,37
Lissolepis coventryi,Eastern Mourning Skink,Reptile,1,Melbourne,37
Acrocercops didymella,,Insect,1,Sydney,37
Chlumetia transversa,,Insect,1,Brisbane,37
Hierodula werneri,,Insect,1,Darwin,37
Meranoplus minor,Ant,Insect,1,Sydney,37
Paraoxypilus verreauxii,,Insect,1,Brisbane,37
Philobota perixantha,,Insect,1,Brisbane,37
Pseudagrion cingillum,Northern Riverdamsel,Insect,1,Brisbane,37
Trigonomyia ananas,,Insect,1,Adelaide,37
Eremiascincus douglasi,Orange-sided Bar-lipped Skink,Reptile,1,Darwin,36
Mordella novemmaculata,,Insect,1,Melbourne,36
Phasmodes ranatriformis,,Insect,1,Perth,36
Taurella forresti,,Insect,1,Brisbane,36
Oryctes rhinoceros,Rhinoceros Beetle,Insect,1,Canberra–Queanbeyan,36
Aphanesthes succinea,,Insect,1,Perth,35
Castiarina picta,,Insect,1,Perth,35
Eurypella tasmaniensis,Leafhopper,Insect,1,Canberra–Queanbeyan,35
Halticorcus platycerii,,Insect,1,Melbourne,35
Nola hyalospila,,Insect,1,Brisbane,35
Arhopala micale,Shining Oak-blue,Insect,1,Darwin,34
Cephaloconus cyprinus,,Insect,1,Brisbane,34
Clytoscopa iorrhoda,,Insect,1,Brisbane,34
Idaea coercita,,Insect,1,Brisbane,34
Macrobathra rubicundella,,Insect,1,Brisbane,34
Ogyris zosine,Northern Purple Azure,Insect,1,Brisbane,34
Zyganisus propedia,Carpenter Moth,Insect,1,Melbourne,34
Cooraboorama canberrae,,Insect,1,Canberra–Queanbeyan,34
Ardenna bulleri,Buller's Shearwater,Bird,1,Sydney,33
Delma molleri,Gulfs Delma,Reptile,1,Adelaide,33
Simoselaps bertholdi,Jan's Banded Snake,Reptile,1,Perth,33
Atrapsalta encaustica,Black Squeaker,Insect,1,Sydney,33
Ecrizothis inaequalis,Gooseberry Weevil,Insect,1,Melbourne,33
Glyphodes microta,,Insect,1,Brisbane,33
Gymnoscelis derogata,,Insect,1,Brisbane,33
Gymnoscelis ischnophylla,,Insect,1,Brisbane,33
Macrobathra platychroa,Cosmet Moth,Insect,1,Melbourne,33
Xenomusa monoda,Geometer Moth,Insect,1,Melbourne,33
Fordonia leucobalia,White-bellied Mangrove Snake,Reptile,1,Darwin,32
Anoplolepis gracilipes,Yellow Crazy Ant,Insect,1,Brisbane,32
Dumbletoniella pittospori,Whitefly,Insect,1,Adelaide,32
Hemipharis insularis,,Insect,1,Darwin,32
Scopiastes bicolor,,Insect,1,Brisbane,32
Tinosis decemmaculata,,Insect,1,Brisbane,32
Ptilotula keartlandi,Grey-headed Honeyeater,Bird,1,Darwin,31
Cryptoblepharus metallicus,Metallic Snake-eyed Skink,Reptile,1,Darwin,31
Archaeosynthemis leachii,Twinspot Tigertail,Insect,1,Perth,31
Cosmopterix macrula,,Insect,1,Brisbane,31
Dilochrosis brownii,,Insect,1,Darwin,31
Erechthias simulans,,Insect,1,Brisbane,31
Eurrhyparodes tricoloralis,,Insect,1,Brisbane,31
Philiris innotata,Purple Moonbeam,Insect,1,Brisbane,31
Proteuxoa asbolaea,Owlet Moth,Insect,1,Adelaide,31
Sarisophora leptoglypta,,Insect,1,Brisbane,31
Tettigarcta crinita,Hairy Cicada,Insect,1,Melbourne,31
Ocystola crystallina,Concealer Moth,Insect,1,Adelaide,31
Anoplognathus hirsutus,,Insect,1,Canberra–Queanbeyan,30
Crematogaster cornigera,,Insect,1,Brisbane,30
Hellinsia balanotes,Groundsel Plume Moth,Insect,1,Brisbane,30
Hyrmine dispar,,Insect,1,Sydney,30
Onycodes rubra,,Insect,1,Brisbane,30
Protuliocnemis partita,,Insect,1,Brisbane,30
Rhytidoponera violacea,,Insect,1,Perth,30
Epilachna sumbana,,Insect,1,Canberra–Queanbeyan,30
Carinascincus coventryi,Southern Forest Cool-skink,Reptile,1,Melbourne,29
Haemopsalta aktites,,Insect,1,Sydney,29
Lemodes atricollis,,Insect,1,Melbourne,29
Lymantria antennata,,Insect,1,Brisbane,29
Serrodes campana,,Insect,1,Brisbane,29
Turneria bidentata,Ant,Insect,1,Brisbane,29
Yoyetta kershawi,,Insect,1,Melbourne,29
Sceleocantha glabricollis,,Insect,1,Canberra–Queanbeyan,29
Epthianura crocea,Yellow Chat,Bird,1,Darwin,28
Amblyopone ferruginea,Ant,Insect,1,Melbourne,28
Borbo impar,Yellow Rice Swift,Insect,1,Darwin,28
Euops falcatus,,Insect,1,Melbourne,28
Metallarcha diplochrysa,Golden Metallarcha Moth,Insect,1,Adelaide,28
Polyrhachis euterpe,,Insect,1,Brisbane,28
Rhagigaster lyelli,,Insect,1,Melbourne,28
Calidris bairdii,Baird's Sandpiper,Bird,1,Perth,27
Lygisaurus foliorum,Tree-base Litter-skink,Reptile,1,Brisbane,27
Anthela inornata,,Insect,1,Perth,27
Autocharis hedyphaes,,Insect,1,Darwin,27
Castiarina crocicolor,,Insect,1,Perth,27
Dichromodes limosa,,Insect,1,Brisbane,27
Dolichoderus clarki,,Insect,1,Sydney,27
Goboea copiosana,,Insect,1,Brisbane,27
Lambula pristina,,Insect,1,Brisbane,27
Negeta contrariata,,Insect,1,Brisbane,27
Smyriodes aplectaria,Geometer Moth,Insect,1,Hobart,27
Toxidia rietmanni,White-brand Grass-skipper,Insect,1,Brisbane,27
Ardea sumatrana,Great-billed Heron,Bird,1,Darwin,26
Lerista elegans,Elegant Slider,Reptile,1,Perth,26
Stegonotus australis,Slaty-grey Snake,Reptile,1,Darwin,26
Anisocentropus latifascia,Caddisfly,Insect,1,Brisbane,26
Arenopsaltria fullo,Sandgrinder,Insect,1,Perth,26
Camponotus molossus,Western Flumed Sugar Ant,Insect,1,Perth,26
Chlorocoma stereota,Geometer Moth,Insect,1,Melbourne,26
Gonipterus pulverulentus,,Insect,1,Canberra–Queanbeyan,26
Metaballus frontalis,,Insect,1,Perth,26
Monolepta vittimedia,,Insect,1,Melbourne,26
Porrostoma paradoxa,,Insect,1,Melbourne,26
Pseudopantilius ghaurii,,Insect,1,Perth,26
Thema stasiastica,Concealer Moth,Insect,1,Melbourne,26
Pseudofoenus iqbali,,Insect,1,Sydney,26
Pterodroma cervicalis,White-necked Petrel,Bird,1,Sydney,25
Lerista dorsalis,Southern Slider,Reptile,1,Adelaide,25
Suta gouldii,Gould's Hooded Snake,Reptile,1,Perth,25
Antipodia atralba,Diamond Sand-skipper,Insect,1,Adelaide,25
Austroagrion cyane,South-western Billabongfly,Insect,1,Perth,25
Chaetolopha niphosticha,Geometer Moth,Insect,1,Melbourne,25
Onthophagus mniszechi,Threehorned Dung Beetle,Insect,1,Melbourne,25
Pachysaga australis,,Insect,1,Perth,25
Phalanta phalantha,Spotted Rustic,Insect,1,Darwin,25
Polyrhachis senilis,,Insect,1,Darwin,25
Temognatha conspicillata,,Insect,1,Perth,25
Nola tetralopha,,Insect,1,Canberra–Queanbeyan,25
Platycoris rotundatus,Shield Bug,Insect,1,Canberra–Queanbeyan,25
Abantiades hydrographus,,Insect,1,Perth,24
Cephalodesmius armiger,,Insect,1,Sydney,24
Clinopsalta adelaida,Cicada,Insect,1,Adelaide,24
Ellipsidion bicolor,,Insect,1,Brisbane,24
Endoxyla coscinophanes,,Insect,1,Perth,24
Megachile ignescens,,Insect,1,Brisbane,24
Polichne brevipes,,Insect,1,Brisbane,24
Proteuxoa epiplecta,,Insect,1,Perth,24
Zosteria sydneensis,Robber Fly,Insect,1,Sydney,24
Mustela putorius,European Polecat,Mammal,1,Sydney,23
Anisynta sphenosema,Wedge Grass-skipper,Insect,1,Perth,23
Balclutha rubrostriata,,Insect,1,Brisbane,23
Castiarina xanthopilosa,,Insect,1,Melbourne,23
Dasineura glauca,,Insect,1,Adelaide,23
Eurema laeta,Lined Grass-yellow,Insect,1,Darwin,23
Ewartia roberti,,Insect,1,Brisbane,23
Hedwigiella jureceki,,Insect,1,Brisbane,23
Hemisaga denticulata,,Insect,1,Perth,23
Loxioda hampsoni,,Insect,1,Brisbane,23
Philobota xanthastis,,Insect,1,Perth,23
Yoyetta incepta,,Insect,1,Adelaide,23
Carlia munda,Shaded-litter Rainbow-skink,Reptile,1,Darwin,22
Anyllis tiegsi,,Insect,1,Melbourne,22
Australoluciola nigra,,Insect,1,Brisbane,22
Barea meridarcha,Concealer Moth,Insect,1,Melbourne,22
Catopsilia gorgophone,Yellow Migrant,Insect,1,Brisbane,22
Dacnodes shortridgei,,Insect,1,Perth,22
Epiphragma hardyi,Crane Fly,Insect,1,Melbourne,22
Glyphipterix phosphora,,Insect,1,Melbourne,22
Idiophantis chiridota,,Insect,1,Brisbane,22
Leolimnophila pantherina,Crane Fly,Insect,1,Melbourne,22
Machetis diamochla,,Insect,1,Brisbane,22
Nola biguttalis,Tuft Moth,Insect,1,Melbourne,22
Parnara bada,Grey Swift,Insect,1,Brisbane,22
Psaltoda pictibasis,Black Friday,Insect,1,Brisbane,22
Rhytidoponera nodifera,,Insect,1,Brisbane,22
Stathmopoda tritophaea,,Insect,1,Brisbane,22
Thunbergia augur,,Insect,1,Brisbane,22
Aprasia pseudopulchella,Flinders Ranges Worm-lizard,Reptile,1,Adelaide,21
Delma fraseri,Fraser's Delma,Reptile,1,Perth,21
Amarusa australis,,Insect,1,Brisbane,21
Anisynta cynone,Cynone Skipper,Insect,1,Adelaide,21
Bardistus cibarius,Badee Grub,Insect,1,Perth,21
Edusella perplexa,,Insect,1,Melbourne,21
Eleale aulicodes,,Insect,1,Perth,21
Kawanaphila nartee,,Insect,1,Perth,21
Lichenaula choriodes,,Insect,1,Melbourne,21
Nisista galearia,Geometer Moth,Insect,1,Perth,21
Poecilometis fuscescens,Shield Bug,Insect,1,Adelaide,21
Pyralis manihotalis,,Insect,1,Brisbane,21
Eudyptes chrysolophus,Royal Penguin,Bird,1,Hobart,20
Melomys burtoni,Grassland Melomys,Mammal,1,Darwin,20
Austalis conjuncta,,Insect,1,Brisbane,20
Chrysolarentia bichromata,Geometer Moth,Insect,1,Melbourne,20
Coptaspis lateralis,,Insect,1,Hobart,20
Diomus sydneyensis,,Insect,1,Melbourne,20
Diphucrania albosparsa,,Insect,1,Brisbane,20
Dolichoderus niger,,Insect,1,Perth,20
Erga longitudinalis,,Insect,1,Brisbane,20
Euphiltra celeteria,,Insect,1,Sydney,20
Hyalobathra miniosalis,,Insect,1,Brisbane,20
Methana lunata,Cockroach,Insect,1,Melbourne,20
Ochthophora sericina,,Insect,1,Brisbane,20
Parisopsalis spryi,,Insect,1,Melbourne,20
Plectris aliena,,Insect,1,Sydney,20
Pseudonotoncus eurysikos,Ant,Insect,1,Melbourne,20
Scoparia ithyntis,Grass Moth,Insect,1,Melbourne,20
Tasmaniacris tasmaniensis,Tasmanian Grasshopper,Insect,1,Hobart,20
Phrataria bijugata,Geometer Moth,Insect,1,Canberra–Queanbeyan,20
Picromorpha pyrrhopa,Geometer Moth,Insect,1,Sydney,20
Syneora gypsochroa,,Insect,1,Adelaide,20
Labdia oxysema,,Insect,1,Canberra–Queanbeyan,20
Paramsacta marginata,,Insect,1,Canberra–Queanbeyan,20
Motacilla cinerea,Grey Wagtail,Bird,1,Darwin,19
Adelium abbreviatum,,Insect,1,Hobart,19
Alucita pygmaea,Plume Moth,Insect,1,Brisbane,19
Camponotus oxleyi,Sugar Ant,Insect,1,Melbourne,19
Carphurus pallidifrons,,Insect,1,Melbourne,19
Dichromodes longidens,Geometer Moth,Insect,1,Melbourne,19
Epitymbia isoscelana,,Insect,1,Melbourne,19
Gelastopsis insignis,,Insect,1,Brisbane,19
Hasora khoda,Large Banded Awl,Insect,1,Brisbane,19
Megalomina berothoides,,Insect,1,Melbourne,19
Myrmecia swalei,,Insect,1,Perth,19
Orthaga rubridiscalis,,Insect,1,Brisbane,19
Syneora acclinis,,Insect,1,Brisbane,19
Telanepsia coprobora,Concealer Moth,Insect,1,Adelaide,19
Tetramorium impressum,,Insect,1,Brisbane,19
Tortor pulchra,,Insect,1,Brisbane,19
Diporiphora australis,Tommy Roundhead,Reptile,1,Brisbane,18
Diporiphora bilineata,Two-lined Dragon,Reptile,1,Darwin,18
Aedes kochi,,Insect,1,Darwin,18
Agrotis interjectionis,,Insect,1,Darwin,18
Amegilla walkeri,,Insect,1,Darwin,18
Amerila crokeri,,Insect,1,Brisbane,18
Anthene seltuttus,Dark Ciliated-blue,Insect,1,Darwin,18
Anthophiloptera dryas,,Insect,1,Sydney,18
Catasarcus asphaltinus,,Insect,1,Perth,18
Chauliognathus curvipes,,Insect,1,Sydney,18
Comptosia vittata,Bee Fly,Insect,1,Adelaide,18
Dichromodes poecilotis,,Insect,1,Perth,18
Hypocala guttiventris,,Insect,1,Brisbane,18
Lingana illita,,Insect,1,Melbourne,18
Lophopepla igniferella,,Insect,1,Brisbane,18
Maceda mansueta,,Insect,1,Brisbane,18
Ogyris oroetes,Silky Azure,Insect,1,Brisbane,18
Polyacme dissimilis,,Insect,1,Brisbane,18
Sapromyza immaculipes,Acalyptrate Fly,Insect,1,Melbourne,18
Hoplocephalus bungaroides,Broad-headed Snake,Reptile,1,Sydney,17
Anochetus graeffei,,Insect,1,Brisbane,17
Anticarsia irrorata,,Insect,1,Brisbane,17
Archilestidium cinnabarinum,Assassin Bug,Insect,1,Melbourne,17
Atyphella scintillans,,Insect,1,Brisbane,17
Aulacocyclus kaupii,,Insect,1,Brisbane,17
Austrothemis nigrescens,Swamp Flat-tail,Insect,1,Perth,17
Chalcolampra pustulata,,Insect,1,Melbourne,17
Chelodina steindachneri,Steindachner's Turtle,Reptile,1,Perth,17
Chilocorus circumdatus,,Insect,1,Brisbane,17
Diphucrania viridipurpurea,,Insect,1,Perth,17
Ericeia sobria,Owlet Moth,Insect,1,Brisbane,17
Eristalinus aurulans,,Insect,1,Brisbane,17
Eusynthemis brevistyla,Small Tigertail,Insect,1,Melbourne,17
Glyphipterix gemmipunctella,,Insect,1,Melbourne,17
Hypolamprus ypsilon,,Insect,1,Brisbane,17
Hypolycaena phorbas,Common Tit,Insect,1,Darwin,17
Macrotristria doddi,,Insect,1,Darwin,17
Microcaria mulsanti,,Insect,1,Darwin,17
Olla v-nigrum,,Insect,1,Brisbane,17
Palaeorhiza turneriana,,Insect,1,Brisbane,17
Pauropsalta melanopygia,,Insect,1,Darwin,17
Pelecorhynchus fulvus,Snipe Fly,Insect,1,Canberra–Queanbeyan,17
Philobota orinoma,Concealer Moth,Insect,1,Melbourne,17
Phlogistus sculptus,,Insect,1,Brisbane,17
Prepocosma innocens,,Insect,1,Brisbane,17
Pseudolycus torridus,,Insect,1,Brisbane,17
Sylvicola neozelandicus,,Insect,1,Melbourne,17
Thiotricha atractodes,,Insect,1,Brisbane,17
Trachymela echo,,Insect,1,Brisbane,17
Zonopetala melanoma,,Insect,1,Sydney,17
Plectophila eucrines,,Insect,1,Brisbane,17
Threnosia heminephes,Moth,Insect,1,Canberra–Queanbeyan,17
Aglaopus centiginosa,,Insect,1,Canberra–Queanbeyan,17
Acanthornis magna,Tasmanian Scrubtit,Bird,1,Hobart,16
Egernia napoleonis,South-western Crevice-skink,Reptile,1,Perth,16
Antimerus punctipennis,,Insect,1,Sydney,16
Aproida balyi,,Insect,1,Brisbane,16
Aspidites ramsayi,Woma,Reptile,1,Sydney,16
Athetis thoracica,,Insect,1,Brisbane,16
Austroaeschna atrata,Mountain Darner,Insect,1,Melbourne,16
Carphurus fasciculatus,,Insect,1,Brisbane,16
Comptosia tendens,,Insect,1,Perth,16
Dolichoderus inferus,Dolly Ant,Insect,1,Sydney,16
Drepanosiphum platanoidis,Sycamore Aphid,Insect,1,Melbourne,16
Enicospilus insularis,,Insect,1,Canberra–Queanbeyan,16
Evansomyia levis,,Insect,1,Perth,16
Harpobittacus similis,,Insect,1,Perth,16
Helea perforata,,Insect,1,Perth,16
Heliocausta oecophorella,,Insect,1,Adelaide,16
Hermerius prionoides,,Insect,1,Perth,16
Melangyna jacksoni,,Insect,1,Melbourne,16
Monolepta medioflava,,Insect,1,Brisbane,16
Mythimna decisissima,,Insect,1,Brisbane,16
Nola tholera,,Insect,1,Melbourne,16
Notopilo variipes,,Insect,1,Melbourne,16
Phlogistus cribratus,,Insect,1,Melbourne,16
Polyzosteria limbata,Botany Bay Cockroach,Insect,1,Sydney,16
Pterolocera amplicornis,Lappet Moth,Insect,1,Melbourne,16
Tachystola anthera,,Insect,1,Sydney,16
Tatobotys biannulalis,,Insect,1,Darwin,16
Thallarcha eremicola,,Insect,1,Perth,16
Thema argoptera,Concealer Moth,Insect,1,Melbourne,16
Uracanthus cryptophagus,,Insect,1,Brisbane,16
Homotrysis lugubris,,Insect,1,Canberra–Queanbeyan,16
Dicranolaius villosus,,Insect,1,Canberra–Queanbeyan,16
Chroicocephalus ridibundus,Black-headed Gull,Bird,1,Darwin,15
Amalosia rhombifer,Zigzag Velvet Gecko,Reptile,1,Darwin,15
Cerberus australis,Australian Bockadam,Reptile,1,Darwin,15
Morethia lineoocellata,West Coast Morethia Skink,Reptile,1,Perth,15
Ophioscincus ophioscincus,Yolk-bellied Snake-skink,Reptile,1,Brisbane,15
Varanus mertensi,Mertens' Water Monitor,Reptile,1,Darwin,15
Aphaenogaster pythia,Ant,Insect,1,Brisbane,15
Aponotoreas dascia,Geometer Moth,Insect,1,Melbourne,15
Cardiaspina bilobata,Psyllid Bug,Insect,1,Melbourne,15
Cathyalia fulvella,,Insect,1,Brisbane,15
Comana albibasis,,Insect,1,Brisbane,15
Diatrichalus funereus,,Insect,1,Melbourne,15
Diplogeomyza pectinervis,Fly,Insect,1,Melbourne,15
Echetlus peristhenes,Wa Slender Stick-insect,Insect,1,Perth,15
Ercheia dubia,,Insect,1,Brisbane,15
Hypsidia grisea,,Insect,1,Perth,15
Johannica gemellata,,Insect,1,Brisbane,15
Leucopsina burnsi,Fly,Insect,1,Melbourne,15
Myrmecia chrysogaster,,Insect,1,Brisbane,15
Nemestra incerta,,Insect,1,Perth,15
Perga schiodtei,,Insect,1,Perth,15
Procecidochares utilis,,Insect,1,Sydney,15
Pseudagrion microcephalum,Blue Riverdamsel,Insect,1,Brisbane,15
Rhytidoponera mayri,Titan Pony Ant,Insect,1,Adelaide,15
Xylobanus heterodoxus,,Insect,1,Melbourne,15
Acanthococcus confusus,,Insect,1,Canberra–Queanbeyan,15
Merophyas therina,,Insect,1,Canberra–Queanbeyan,15
Anilios australis,Southern Blind Snake,Reptile,1,Perth,14
Ctenophorus adelaidensis,Western Heath Dragon,Reptile,1,Perth,14
Lissolepis luctuosa,Western Mourning Skink,Reptile,1,Perth,14
Neelaps calonotos,Western Black-striped Snake,Reptile,1,Perth,14
Aeolocosma cycloxantha,,Insect,1,Perth,14
Agapophytus pallidicornis,,Insect,1,Brisbane,14
Antitrogus morbillosus,Tableland Pasture Scarab,Insect,1,Canberra–Queanbeyan,14
Australozonitis bizonata,,Insect,1,Brisbane,14
Bradina admixtalis,,Insect,1,Brisbane,14
Camponotus marcens,,Insect,1,Perth,14
Carphurus strigicollis,,Insect,1,Melbourne,14
Delophanes anthracephala,,Insect,1,Brisbane,14
Ecnolagria aeneoviolacea,,Insect,1,Perth,14
Eucosmogastra poetica,,Insect,1,Darwin,14
Glyphodes cosmarcha,,Insect,1,Brisbane,14
Hispellinus australicus,,Insect,1,Melbourne,14
Hypomecis pallidiscaria,,Insect,1,Sydney,14
Lissotes furcicornis,,Insect,1,Melbourne,14
Lobesia peltophora,,Insect,1,Brisbane,14
Lophoptera vittigera,,Insect,1,Brisbane,14
Lyelliana dryophila,Geometer Moth,Insect,1,Melbourne,14
Meroglossa rubricata,,Insect,1,Perth,14
Metoligotoma minima,,Insect,1,Melbourne,14
Nebriscus pupus,Assassin Bug,Insect,1,Melbourne,14
Otonoma anemois,,Insect,1,Brisbane,14
Parocystola leucospora,,Insect,1,Brisbane,14
Paropsis sospita,,Insect,1,Brisbane,14
Paropsisterna octomaculata,,Insect,1,Brisbane,14
Proteuxoa callimera,,Insect,1,Adelaide,14
Proteuxoa gypsina,Owlet Moth,Insect,1,Adelaide,14
Pyropsalta amnica,,Insect,1,Perth,14
Pyropsalta melete,Red Bandit,Insect,1,Perth,14
Rhinodia undiferaria,,Insect,1,Perth,14
Scopodes tasmanicus,,Insect,1,Melbourne,14
Speiredonia mutabilis,Owlet Moth,Insect,1,Brisbane,14
Zeugodacus cucumis,Cucumber Fruit Fly,Insect,1,Brisbane,14
Aporocera jocosa,,Insect,1,Canberra–Queanbeyan,14
Camponotus lividicoxis,,Insect,1,Brisbane,14
Habrophylla euryzona,,Insect,1,Adelaide,14
Eurema brigitta,,Insect,1,Brisbane,14
Melanozosteria dookiensis,Cockroach,Insect,1,Canberra–Queanbeyan,14
Pseudonaja nuchalis,Northern Brown Snake,Reptile,1,Darwin,13
Aleucosia cuneata,,Insect,1,Perth,13
Antithemerastis acrobela,,Insect,1,Brisbane,13
Austracris basalis,,Insect,1,Darwin,13
Australocoris fuscomaculatus,,Insect,1,Brisbane,13
Austrotephritis bushi,Primitive Crane Fly,Insect,1,Hobart,13
Bedunia cuspidata,,Insect,1,Brisbane,13
Chimarra australica,Caddisfly,Insect,1,Brisbane,13
Cosmaresta anarrecta,Concealer Moth,Insect,1,Melbourne,13
Cuspicona apothoracica,Shield Bug,Insect,1,Melbourne,13
Ellopidia pedestris,,Insect,1,Melbourne,13
Ericeia plaesiodes,,Insect,1,Brisbane,13
Euryglossina xanthogena,Plasterer Bee,Insect,1,Brisbane,13
Exoneura robusta,Reed Bee,Insect,1,Melbourne,13
Lepturidea occidentalis,,Insect,1,Perth,13
Limnogonus fossarum,Water Strider,Insect,1,Brisbane,13
Macrobathra diplochrysa,,Insect,1,Brisbane,13
Metaballus sagaeformis,Marauding Shieldbacked Katydid,Insect,1,Adelaide,13
Ornebius aperta,,Insect,1,Sydney,13
Pauropsalta castanea,,Insect,1,Adelaide,13
Polyphrades paganus,,Insect,1,Canberra–Queanbeyan,13
Polyrhachis lydiae,,Insect,1,Brisbane,13
Poropterus conifer,,Insect,1,Melbourne,13
Promachus doddi,,Insect,1,Brisbane,13
Stauralia compuncta,Shield Bug,Insect,1,Melbourne,13
Tinzeda albosignata,Whitelined Bush Katydid,Insect,1,Melbourne,13
Uracanthus cupressianus,,Insect,1,Adelaide,13
Uvidicolus sphyrurus,Granite Belt Thick-tailed Gecko,Reptile,1,Sydney,13
Yoyetta regalis,,Insect,1,Sydney,13
Aglaophon variegatus,Shield Bug,Insect,1,Melbourne,13
Leptotarsus hilli,Crane Fly,Insect,1,Melbourne,13
Pheidole tasmaniensis,Ant,Insect,1,Hobart,13
Edusella lineata,,Insect,1,Canberra–Queanbeyan,13
Euhesma neglectula,,Insect,1,Sydney,13
Tregellasia capito,Southern Pale-yellow Robin,Bird,1,Brisbane,12
Acantholophus planicollis,,Insect,1,Adelaide,12
Anoplostethus roseus,,Insect,1,Perth,12
Ardozyga tetraploa,,Insect,1,Melbourne,12
Argynnina hobartia,Tasmanian Brown,Insect,1,Hobart,12
Atheropla nigricincta,,Insect,1,Brisbane,12
Barea micropis,,Insect,1,Melbourne,12
Bembix musca,,Insect,1,Sydney,12
Campion australasiae,,Insect,1,Melbourne,12
Cephonodes hylas,,Insect,1,Brisbane,12
Chlaenius greyanus,,Insect,1,Perth,12
Chlorocoma tachypora,,Insect,1,Brisbane,12
Coequosa triangularis,Double-headed Hawk Moth,Insect,1,Sydney,12
Coptotermes michaelseni,,Insect,1,Perth,12
Crioa acronyctoides,Owlet Moth,Insect,1,Brisbane,12
Cryptoblepharus plagiocephalus,Péron's Snake-eyed Skink,Reptile,1,Perth,12
Delias aestiva,Mangrove Jezebel,Insect,1,Darwin,12
Echiomima mythica,,Insect,1,Sydney,12
Epiphragma meridionalis,Crane Fly,Insect,1,Melbourne,12
Eutryonia monstrifera,,Insect,1,Brisbane,12
Francesca sparsa,,Insect,1,Brisbane,12
Hemithea wuka,,Insect,1,Darwin,12
Hylaeus bidentatus,,Insect,1,Sydney,12
Idaea elaphrodes,,Insect,1,Brisbane,12
Mauropteron pelago,Robber Fly,Insect,1,Perth,12
Mesaner sarpedon,Dark-winged Stick-insect,Insect,1,Brisbane,12
Myrmecia comata,Bull Ant,Insect,1,Brisbane,12
Myrmecia rugosa,,Insect,1,Perth,12
Neohavinthus pentatoma,Assassin Bug,Insect,1,Perth,12
Oxycanus sirpus,Ghost Moth,Insect,1,Melbourne,12
Plerapsalta multifascia,Cicada,Insect,1,Sydney,12
Plotheia exacta,,Insect,1,Brisbane,12
Pyralis pictalis,,Insect,1,Brisbane,12
Pyropsalta rhythmica,Sprinkler Cicada,Insect,1,Perth,12
Ropalidia socialistica,,Insect,1,Brisbane,12
Sapromyza alboatra,Acalyptrate Fly,Insect,1,Melbourne,12
Scaphoideus foshoi,Fosho's Leafhopper,Insect,1,Brisbane,12
Syneora odontosticha,,Insect,1,Brisbane,12
Aenetus blackburnii,Species Of Ghost Moth,Insect,1,Adelaide,12
Candovia strumosa,Richmond River Stick-insect,Insect,1,Sydney,12
Coelioxys albolineata,,Insect,1,Brisbane,12
Commonia hesychima,Moth,Insect,1,Perth,12
Ewartia oldfieldi,Wattle Cicada,Insect,1,Brisbane,12
Lasioglossum brunnesetum,Sweat Bee,Insect,1,Melbourne,12
Nola euraphes,,Insect,1,Sydney,12
Elaphodes cervinus,,Insect,1,Canberra–Queanbeyan,12
Geron nigralis,,Insect,1,Canberra–Queanbeyan,12
Orescoa orites,,Insect,1,Canberra–Queanbeyan,12
Peakesia hospita,,Insect,1,Canberra–Queanbeyan,12
Aulonothroscus elongatus,,Insect,1,Hobart,12
Cerdistus caliginosus,,Insect,1,Hobart,12
Culex tritaeniorhynchus,,Insect,1,Darwin,12
Iridomyrmex mattiroloi,Little Tyrant Ant,Insect,1,Hobart,12
Aprasia repens,Sedgelands Worm-lizard,Reptile,1,Perth,11
Cyclodomorphus celatus,Western Slender Blue-tongue,Reptile,1,Perth,11
Acrocercops autadelpha,,Insect,1,Sydney,11
Asterivora homotypa,Metalmark Moth,Insect,1,Melbourne,11
Atteva niphocosma,,Insect,1,Brisbane,11
Austrosipyloidea carterus,Black-striped Stick-insect,Insect,1,Brisbane,11
Cacostomus squamosus,,Insect,1,Brisbane,11
Cardiocondyla emeryi,,Insect,1,Brisbane,11
Carphurus angustatus,,Insect,1,Melbourne,11
Castiarina aureola,,Insect,1,Perth,11
Copelatus portior,,Insect,1,Brisbane,11
Coripera deplanata,,Insect,1,Hobart,11
Diplacodes nebulosa,Charcoal-winged Percher,Insect,1,Darwin,11
Elodina parthia,Chalk White,Insect,1,Brisbane,11
Eulechria aureola,,Insect,1,Sydney,11
Geoffagraecia gwinganna,,Insect,1,Melbourne,11
Glenochrysa opposita,,Insect,1,Brisbane,11
Helcystogramma hibisci,,Insect,1,Darwin,11
Hemiaspis damelii,Grey Snake,Reptile,1,Sydney,11
Idiodes idiocrossa,,Insect,1,Perth,11
Meriphus guttatus,,Insect,1,Sydney,11
Negrobovia australensis,Long-legged Fly,Insect,1,Melbourne,11
Notata modicus,,Insect,1,Brisbane,11
Ophiusa discriminans,,Insect,1,Brisbane,11
Orgyia athlophora,,Insect,1,Perth,11
Orthaga atribasalis,,Insect,1,Brisbane,11
Peraglyphis scepasta,,Insect,1,Perth,11
Plagiolepis alluaudi,Alluaud's Little Yellow Ant,Insect,1,Brisbane,11
Polichne argentata,,Insect,1,Brisbane,11
Pyrtaula fenestralis,Fungus Gnat,Insect,1,Melbourne,11
Rhytiphora diva,,Insect,1,Brisbane,11
Scoparia charopoea,,Insect,1,Sydney,11
Sobriana ophiodesma,Moth,Insect,1,Melbourne,11
Syntherata melvilla,,Insect,1,Darwin,11
Technomyrmex antonii,,Insect,1,Brisbane,11
Thudaca circumdatella,,Insect,1,Sydney,11
Aulacophora borrei,,Insect,1,Brisbane,11
Oedaspis goodenia,Primitive Crane Fly,Insect,1,Melbourne,11
Tranes vigorsii,,Insect,1,Perth,11
Ardozyga acroleuca,,Insect,1,Canberra–Queanbeyan,11
Sminthopsis leucopus,White-footed Dunnart,Mammal,1,Melbourne,10
Dermochelys coriacea,Leathery Turtle,Reptile,1,Sydney,10
Lerista praepedita,Blunt-tailed West-coast Slider,Reptile,1,Perth,10
Morethia adelaidensis,Saltbush Morethia Skink,Reptile,1,Adelaide,10
Morethia storri,Top End Firetail Skink,Reptile,1,Darwin,10
Acatapaustus leucospila,Tuft Moth,Insect,1,Brisbane,10
Achthosus westwoodi,,Insect,1,Sydney,10
Acropolitis hedista,,Insect,1,Sydney,10
Anaxarchus pardalinus,,Insect,1,Brisbane,10
Antipterna naias,Concealer Moth,Insect,1,Sydney,10
Anydraula glycerialis,,Insect,1,Melbourne,10
Archichauliodes plomleyi,Dobsonfly,Insect,1,Sydney,10
Ariphron bicolor,,Insect,1,Melbourne,10
Asiola fasciata,Robber Fly,Insect,1,Canberra–Queanbeyan,10
Calephorops viridis,,Insect,1,Darwin,10
Carlia tetradactyla,Southern Rainbow-skink,Reptile,1,Canberra–Queanbeyan,10
Catocheilus crinitus,,Insect,1,Melbourne,10
Chloroclystis mniochroa,,Insect,1,Brisbane,10
Chlorodes boisduvalaria,Geometer Moth,Insect,1,Hobart,10
Chlorophorus annularis,,Insect,1,Brisbane,10
Chrysopogon albopunctatus,,Insect,1,Perth,10
Colymbomorpha vittata,Spring Beetle,Insect,1,Perth,10
Crematogaster frivola,,Insect,1,Perth,10
Decilaus medioalbus,,Insect,1,Melbourne,10
Desudaboides melindae,,Insect,1,Brisbane,10
Ectinorhynchus terminalis,,Insect,1,Sydney,10
Edosa talantias,,Insect,1,Brisbane,10
Elachista gladiatrix,,Insect,1,Perth,10
Epidesmia tricolor,Geometer Moth,Insect,1,Sydney,10
Euloxia meandraria,Two-lined Emerald,Insect,1,Hobart,10
Hypsidia niphosema,,Insect,1,Perth,10
Lactura panopsia,,Insect,1,Brisbane,10
Leptopius setosus,,Insect,1,Brisbane,10
Megachile monstrosa,Bee,Insect,1,Perth,10
Melobasis lathami,,Insect,1,Perth,10
Miniargiolestes minimus,Stream Flatwing,Insect,1,Perth,10
Monolepta juno,,Insect,1,Canberra–Queanbeyan,10
Myrmecia gratiosa,,Insect,1,Perth,10
Myrmecomimesis nigricans,,Insect,1,Brisbane,10
Nenenia thoracica,,Insect,1,Melbourne,10
Nigromyia longistriata,,Insect,1,Perth,10
Nymphes nigrescens,,Insect,1,Perth,10
Onthophagus neostenocerus,,Insect,1,Brisbane,10
Oruza crocodeta,,Insect,1,Brisbane,10
Paracrepidomenus linearis,,Insect,1,Melbourne,10
Paralaea jarrah,,Insect,1,Perth,10
Paratranes zimmermani,,Insect,1,Perth,10
Phrixocomes ophiucha,,Insect,1,Sydney,10
Poecilometis eximius,,Insect,1,Brisbane,10
Porrostoma ordinarium,,Insect,1,Melbourne,10
Protonoceras mitis,,Insect,1,Brisbane,10
Sphex vestitus,,Insect,1,Brisbane,10
Stenoptena icmaea,,Insect,1,Sydney,10
Strumigenys godeffroyi,,Insect,1,Sydney,10
Sylphoides arenaria,Sand Fairy,Insect,1,Sydney,10
Synemon leucospila,,Insect,1,Perth,10
Tessarotis rubrata,,Insect,1,Brisbane,10
Thallarcha macilenta,,Insect,1,Sydney,10
Trichorhachus nitidus,,Insect,1,Perth,10
Yoyetta loftyensis,,Insect,1,Adelaide,10
Australotettix montanus,,Insect,1,Sydney,10
Austromalaya aculeata,,Insect,1,Brisbane,10
Boreoides tasmaniensis,,Insect,1,Hobart,10
Lamprogaster vella,,Insect,1,Sydney,10
Paropsisterna bimaculata,Tasmanian Eucalyptus Leaf Beetle,Insect,1,Hobart,10
Scoparia syntaracta,Grass Moth,Insect,1,Canberra–Queanbeyan,10
Sphallomorpha ruficollis,,Insect,1,Canberra–Queanbeyan,10
Aporocera sculptilis,,Insect,1,Canberra–Queanbeyan,10
Pterodontia mellii,Fly,Insect,1,Canberra–Queanbeyan,10
Thalerotricha mylicella,Concealer Moth,Insect,1,Canberra–Queanbeyan,10
Atherigona orientalis,,Insect,1,Hobart,10
Austrotephritis brunnea,Primitive Crane Fly,Insect,1,Hobart,10
Ciulfina rentzi,,Insect,1,Brisbane,10
Acanthiza iredalei,Slender-billed Thornbill,Bird,1,Adelaide,9
Pterodroma solandri,Providence Petrel,Bird,1,Sydney,9
Ducula bicolor,Pied Imperial-pigeon,Bird,1,Darwin,9
Brachyurophis semifasciatus,Southern Shovel-nosed Snake,Reptile,1,Perth,9
Carlia schmeltzii,Robust Rainbow-skink,Reptile,1,Brisbane,9
Lepidodactylus lugubris,Mourning Gecko,Reptile,1,Darwin,9
Lerista lineata,Perth Slider,Reptile,1,Perth,9
Lophognathus gilberti,Gilbert's Dragon,Reptile,1,Darwin,9
Narophis bimaculatus,Black-naped Snake,Reptile,1,Perth,9
Aedes tremulus,,Insect,1,Darwin,9
Aleucosia calophthalma,Bee Fly,Insect,1,Melbourne,9
Apiomorpha annulata,,Insect,1,Brisbane,9
Aporocosmus lamprodeta,,Insect,1,Darwin,9
Atesta dorsale,,Insect,1,Melbourne,9
Aulacophora quadrimaculata,,Insect,1,Darwin,9
Austropetalia tonyana,Alpine Redspot,Insect,1,Melbourne,9
Austrophlebia costalis,Southern Giant Darner,Insect,1,Sydney,9
Banisia lobata,,Insect,1,Darwin,9
Cedarinia fuscotibialis,,Insect,1,Perth,9
Chalybion bengalense,,Insect,1,Brisbane,9
Chasmoptera huttii,,Insect,1,Perth,9
Chlenias nodosus,,Insect,1,Canberra–Queanbeyan,9
Clitemnestra guttatula,,Insect,1,Perth,9
Conogethes pluto,,Insect,1,Sydney,9
Cosmopterix heliactis,,Insect,1,Brisbane,9
Cryptophlebia iridosoma,,Insect,1,Brisbane,9
Diastella hilleri,,Insect,1,Brisbane,9
Dichomeris ochreoviridella,,Insect,1,Brisbane,9
Drepanoctonus bifasciatus,,Insect,1,Melbourne,9
Euphona ammochroa,,Insect,1,Adelaide,9
Glyphipterix cometophora,,Insect,1,Melbourne,9
Hypatima sphenophora,,Insect,1,Brisbane,9
Hypographa phlegetonaria,,Insect,1,Sydney,9
Lenophila nila,,Insect,1,Perth,9
Leptogenys sjostedti,,Insect,1,Brisbane,9
Lichenaula tuberculata,,Insect,1,Canberra–Queanbeyan,9
Macrotristria intersecta,Green Whizzer (green Form),Insect,1,Darwin,9
Melanerythrus biguttatus,,Insect,1,Brisbane,9
Metacymia marmorea,,Insect,1,Perth,9
Micromus timidus,,Insect,1,Brisbane,9
Microtartessus idyia,,Insect,1,Brisbane,9
Middletonia suavis,Geometer Moth,Insect,1,Melbourne,9
Nearcha aridaria,Geometer Moth,Insect,1,Canberra–Queanbeyan,9
Neolaemosaccus peccuarius,,Insect,1,Adelaide,9
Oncylocotis tasmanicus,,Insect,1,Hobart,9
Peltoschema dryope,,Insect,1,Melbourne,9
Pseudechis guttatus,Blue-bellied Black Snake,Reptile,1,Sydney,9
Pseudoripersia turgipes,Casuarina Mealybug,Insect,1,Brisbane,9
Racotis maculata,,Insect,1,Brisbane,9
Rhabdoscelus obscurus,Sugarcane Weevil Borer,Insect,1,Brisbane,9
Rhyothemis braganza,Iridescent Flutterer,Insect,1,Darwin,9
Secatophus australis,,Insect,1,Adelaide,9
Strepsinoma foveata,,Insect,1,Canberra–Queanbeyan,9
Syscalma prymnaea,,Insect,1,Brisbane,9
Talaurinus impressicollis,,Insect,1,Melbourne,9
Tanybyrsa ampliata,,Insect,1,Brisbane,9
Termatophylum melaleucae,,Insect,1,Brisbane,9
Trapezites petalia,Common White-spot Skipper,Insect,1,Brisbane,9
Yponomeuta paurodes,,Insect,1,Brisbane,9
Zymaus angustus,,Insect,1,Brisbane,9
Alosextius carinatus,,Insect,1,Brisbane,9
Chorista australis,,Insect,1,Canberra–Queanbeyan,9
Chrysopasta elegans,,Insect,1,Perth,9
Corgatha molybdophaes,Owlet Moth,Insect,1,Canberra–Queanbeyan,9
Laxta jeanneae,Cockroach,Insect,1,Adelaide,9
Leptophion yampus,,Insect,1,Canberra–Queanbeyan,9
Leptotarsus luteisubcostatus,Crane Fly,Insect,1,Melbourne,9
Lixus cardui,Thistle Stemborer Weevil,Insect,1,Canberra–Queanbeyan,9
Mayriella overbecki,,Insect,1,Sydney,9
Rhynolaccus exsertus,,Insect,1,Perth,9
Rhytidoponera anceps,,Insect,1,Brisbane,9
Rhytidoponera maniae,Ant,Insect,1,Adelaide,9
Scaphidium alpicola,,Insect,1,Melbourne,9
Lasioglossum tertium,Sweat Bee,Insect,1,Melbourne,9
Australiphthiria hilaris,,Insect,1,Canberra–Queanbeyan,9
Elachista flammula,,Insect,1,Canberra–Queanbeyan,9
Robshelfordia simplex,,Insect,1,Canberra–Queanbeyan,9
Telocharacta metachroa,Concealer Moth,Insect,1,Canberra–Queanbeyan,9
Sciophyrella australica,,Insect,1,Brisbane,9
Tricimba selachopina,,Insect,1,Hobart,9
Phaps histrionica,Flock Bronzewing,Bird,1,Darwin,8
Sousa sahulensis,Australian Hump-backed Dolphin,Mammal,1,Darwin,8
Eroticoscincus graciloides,Elf Skink,Reptile,1,Brisbane,8
Glaphyromorphus darwiniensis,Northern Mulch-skink,Reptile,1,Darwin,8
Liasis olivaceus,Olive Python,Reptile,1,Darwin,8
Oedura tryoni,Southern Spotted Velvet Gecko,Reptile,1,Brisbane,8
Adalia bipunctata,,Insect,1,Hobart,8
Agrioglypta itysalis,,Insect,1,Darwin,8
Amarygmus watti,,Insect,1,Sydney,8
Amegilla albiceps,Bee,Insect,1,Adelaide,8
Amegilla preissi,,Insect,1,Perth,8
Antimimistis illaudata,,Insect,1,Brisbane,8
Aonidia banksiae,,Insect,1,Perth,8
Aporocera casta,,Insect,1,Perth,8
Arachnocampa richardsae,Glow Worm,Insect,1,Sydney,8
Austromalaya lata,,Insect,1,Brisbane,8
Caenota plicata,Caddisfly,Insect,1,Melbourne,8
Camacinia othello,Black Knight,Insect,1,Darwin,8
Camponotus cinereus,Mallee Black Sugar Ant,Insect,1,Perth,8
Candezea ziczac,,Insect,1,Brisbane,8
Castiarina subcincta,,Insect,1,Perth,8
Castiarina testacea,,Insect,1,Canberra–Queanbeyan,8
Castiarina versicolor,,Insect,1,Perth,8
Cephonodes australis,,Insect,1,Brisbane,8
Chloroclystis delosticha,,Insect,1,Brisbane,8
Chrysolarentia conifasciata,Geometer Moth,Insect,1,Melbourne,8
Comana collaris,,Insect,1,Brisbane,8
Condica dolorosa,,Insect,1,Brisbane,8
Diplodactylus platyurus,Eastern Fat-tailed Gecko,Reptile,1,Sydney,8
Drymaplaneta heydeniana,,Insect,1,Perth,8
Elatichrosis wilsoni,,Insect,1,Melbourne,8
Eleale lepida,Clerid Beetle,Insect,1,Brisbane,8
Emcephalus lacordairei,,Insect,1,Sydney,8
Eudaimonisma batchelorella,,Insect,1,Brisbane,8
Euparius didymus,,Insect,1,Brisbane,8
Euproctis semifusca,Moth,Insect,1,Melbourne,8
Hemisaga albilinea,,Insect,1,Perth,8
Hypochrysops cyane,Cyane Jewel,Insect,1,Brisbane,8
Idaea uniformis,,Insect,1,Brisbane,8
Kobonga umbrimargo,Cicada,Insect,1,Perth,8
Labdia leucombra,,Insect,1,Brisbane,8
Lactura caminaea,,Insect,1,Sydney,8
Lebia brisbanensis,,Insect,1,Brisbane,8
Macrobathra embroneta,,Insect,1,Brisbane,8
Megachile leucopyga,,Insect,1,Sydney,8
Myrmecia clarki,,Insect,1,Perth,8
Nasuticladius wilsoni,Midge,Insect,1,Melbourne,8
Olbonoma disticta,,Insect,1,Brisbane,8
Ooceraea australis,,Insect,1,Brisbane,8
Oxyops pictipennis,,Insect,1,Perth,8
Perga christii,Sawfly,Insect,1,Perth,8
Pheidole longiceps,,Insect,1,Brisbane,8
Poropterus melancholicus,,Insect,1,Hobart,8
Proteuxoa leucosticta,Owlet Moth,Insect,1,Melbourne,8
Remotaspidiotus bossieae,Scale Insect,Insect,1,Melbourne,8
Rostropria spiniventris,,Insect,1,Canberra–Queanbeyan,8
Sceliphron caementarium,,Insect,1,Brisbane,8
Stigmacros aemula,Ant,Insect,1,Brisbane,8
Stigmella phyllanthina,,Insect,1,Sydney,8
Tachynomyia abdominalis,,Insect,1,Hobart,8
Tanychilus striatus,,Insect,1,Melbourne,8
Termessa discrepans,Moth,Insect,1,Sydney,8
Tetramorium fuscipes,,Insect,1,Brisbane,8
Trachydora droserodes,,Insect,1,Brisbane,8
Tragocerus fasciatus,,Insect,1,Sydney,8
Uracanthus bivitta,,Insect,1,Melbourne,8
Xederra gwynnei,,Insect,1,Perth,8
Cryptophasa lasiocosma,,Insect,1,Brisbane,8
Cubicorhynchus maculatus,,Insect,1,Canberra–Queanbeyan,8
Diplogeomyza wirthi,Fly,Insect,1,Melbourne,8
Ephutomorpha lateralis,,Insect,1,Hobart,8
Fisera bradymorpha,,Insect,1,Sydney,8
Macroglossum corythus,,Insect,1,Darwin,8
Panops baudini,Fly,Insect,1,Sydney,8
Phyllococerus purpurascens,,Insect,1,Perth,8
Pterophorus albidus,,Insect,1,Brisbane,8
Rhytiphora piperitia,,Insect,1,Darwin,8
Stenopaltis lithina,,Insect,1,Brisbane,8
Stigmodera roei,,Insect,1,Perth,8
Acanthasargus palustris,,Insect,1,Hobart,8
Austroargiolestes isabellae,Sydney Flatwing,Insect,1,Sydney,8
Mecynodera coxalgica,,Insect,1,Sydney,8
Acropolitis ergophora,,Insect,1,Canberra–Queanbeyan,8
Ardozyga abruptella,,Insect,1,Canberra–Queanbeyan,8
Carobius elongatus,,Insect,1,Canberra–Queanbeyan,8
Casbia pallens,,Insect,1,Canberra–Queanbeyan,8
Edosa idiochroa,Fungus Moth,Insect,1,Canberra–Queanbeyan,8
Macrobathra baliomitra,,Insect,1,Canberra–Queanbeyan,8
Metistete pimeloides,,Insect,1,Canberra–Queanbeyan,8
Palimmeces pseudomorpha,Concealer Moth,Insect,1,Canberra–Queanbeyan,8
Philobota chionoptera,Concealer Moth,Insect,1,Canberra–Queanbeyan,8
Adelium tenebroides,,Insect,1,Hobart,8
Arhopalus syriacus,,Insect,1,Sydney,8
Arsipoda concolor,,Insect,1,Hobart,8
Eboo elegantula,,Insect,1,Hobart,8
Monocrepidus fabrilis,,Insect,1,Hobart,8
Mordellistena austrina,,Insect,1,Hobart,8
Paracardiophorus humilis,,Insect,1,Hobart,8
Pterodroma lessonii,White-headed Petrel,Bird,1,Sydney,7
Procellaria westlandica,Westland Petrel,Bird,1,Melbourne,7
Emblema pictum,Painted Finch,Bird,1,Darwin,7
Aprasia striolata,Striated Worm-lizard,Reptile,1,Adelaide,7
Elapognathus coronatus,Western Crowned Snake,Reptile,1,Perth,7
Furina ornata,Moon Snake,Reptile,1,Darwin,7
Lerista lineopunctulata,Dotted-line Robust Slider,Reptile,1,Perth,7
Acizzia acaciaebaileyanae,,Insect,1,Canberra–Queanbeyan,7
Acontia thapsina,,Insect,1,Darwin,7
Acruroperla atra,Stonefly,Insect,1,Melbourne,7
Aeolochroma mniaria,Geometer Moth,Insect,1,Sydney,7
Alotartessus iambe,Leafhopper,Insect,1,Brisbane,7
Amarygmus sulcatus,,Insect,1,Darwin,7
Amata huebneri,,Insect,1,Darwin,7
Antargidium nigrum,,Insect,1,Perth,7
Anthela astata,,Insect,1,Brisbane,7
Atrapsalta collina,,Insect,1,Sydney,7
Austrocnemis maccullochi,Tiny Longlegs,Insect,1,Darwin,7
Barea euprepes,,Insect,1,Brisbane,7
Bastilla dicoela,,Insect,1,Brisbane,7
Bunyella dromedarius,,Insect,1,Brisbane,7
Calathusa hypotherma,,Insect,1,Brisbane,7
Calligrapha pantherina,,Insect,1,Darwin,7
Carvalhotingis visenda,,Insect,1,Brisbane,7
Castiarina costipennis,,Insect,1,Sydney,7
Catasarcus impressipennis,Redlegged Weevil,Insect,1,Perth,7
Catoria hemiprosopa,,Insect,1,Brisbane,7
Catoryctis subparallela,,Insect,1,Brisbane,7
Cemus kirkaldyi,,Insect,1,Brisbane,7
Cerdistus hudsoni,,Insect,1,Perth,7
Cicadulina bimaculata,,Insect,1,Brisbane,7
Coelioxys froggatti,,Insect,1,Perth,7
Colobostruma biconvexa,,Insect,1,Brisbane,7
Corgatha sideropasta,Owlet Moth,Insect,1,Canberra–Queanbeyan,7
Cyme quadrilineata,,Insect,1,Darwin,7
Dendroleon longipennis,,Insect,1,Melbourne,7
Dichromodes ornata,,Insect,1,Sydney,7
Diphucrania aeruginosa,,Insect,1,Melbourne,7
Drymelater fusiformis,,Insect,1,Melbourne,7
Epidesmia reservata,,Insect,1,Brisbane,7
Episynlestes albicauda,Southern Whitetip,Insect,1,Brisbane,7
Eurylychnus blagravei,,Insect,1,Melbourne,7
Goniocraspedon mistura,,Insect,1,Brisbane,7
Guerinius flaviventris,,Insect,1,Perth,7
Heteropsyche poecilochroma,,Insect,1,Brisbane,7
Hobartina amblyiodes,Moth,Insect,1,Hobart,7
Hydriris ornatalis,,Insect,1,Brisbane,7
Hylaeus vittatifrons,Plasterer Bee,Insect,1,Perth,7
Imma loxoscia,,Insect,1,Darwin,7
Iridomyrmex sanguineus,,Insect,1,Darwin,7
Ischnomorpha charierga,,Insect,1,Melbourne,7
Labidiosticta vallisi,Large Wiretail,Insect,1,Brisbane,7
Leptomyrmex rothneyi,,Insect,1,Brisbane,7
Megaceria pagana,,Insect,1,Canberra–Queanbeyan,7
Megachile preissi,,Insect,1,Perth,7
Mesodina cyanophracta,Blue Iris-skipper,Insect,1,Perth,7
Methana caneae,,Insect,1,Sydney,7
Myrmecia esuriens,,Insect,1,Hobart,7
Neolucia mathewi,Broom Heath-blue,Insect,1,Sydney,7
Ochrothripa leptochroma,,Insect,1,Brisbane,7
Oncodosia patula,,Insect,1,Perth,7
Orectognathus mjobergi,,Insect,1,Brisbane,7
Orthaga picta,,Insect,1,Brisbane,7
Paropsisterna nigrovittata,,Insect,1,Brisbane,7
Parotis punctiferalis,,Insect,1,Brisbane,7
Peltoschema haematosticta,,Insect,1,Brisbane,7
Phanechloros punctipennis,,Insect,1,Melbourne,7
Philobota acropola,Concealer Moth,Insect,1,Melbourne,7
Phyllotocus australis,,Insect,1,Melbourne,7
Psedna nana,Variable Psedna Grasshopper,Insect,1,Perth,7
Salbia haemorrhoidalis,,Insect,1,Brisbane,7
Salemina francescophila,,Insect,1,Brisbane,7
Sphedanocoris sabulosus,,Insect,1,Melbourne,7
Stenocatantops vitripennis,,Insect,1,Darwin,7
Stenonabis nitidicollis,,Insect,1,Brisbane,7
Tambourina kelsalli,,Insect,1,Brisbane,7
Tytthogryllacris minuscula,,Insect,1,Perth,7
Zaglyptus glabrinotus,,Insect,1,Melbourne,7
Acizzia solanicola,,Insect,1,Melbourne,7
Aedeomyia catasticta,,Insect,1,Darwin,7
Aenetus lewinii,Splendid Swift Moth,Insect,1,Sydney,7
Anachloris tofocolorata,Geometer Moth,Insect,1,Perth,7
Anophelepis telesphorus,Short-winged Stick-insect,Insect,1,Perth,7
Anthidium manicatum,European Wool Carder Bee,Insect,1,Melbourne,7
Arhopalus rusticus,,Insect,1,Melbourne,7
Atelocentra chloraspis,Grass Moth,Insect,1,Melbourne,7
Bastilla arctotaenia,,Insect,1,Brisbane,7
Compsotropha charidotis,,Insect,1,Adelaide,7
Euphanta acuminata,,Insect,1,Perth,7
Gryllotalpa monanka,Dark Night Mole Cricket,Insect,1,Brisbane,7
Hestiochora occidentalis,,Insect,1,Perth,7
Larifugagraecia cornuta,,Insect,1,Brisbane,7
Lasioglossum flindersi,,Insect,1,Brisbane,7
Leptomyrmex nigriventris,Spider Ant,Insect,1,Sydney,7
Metasia typhodes,,Insect,1,Sydney,7
Miscera mesochrysa,Day-flying Moth,Insect,1,Perth,7
Petalura gigantea,South-eastern Petaltail,Insect,1,Sydney,7
Sceleocantha pilosicollis,,Insect,1,Perth,7
Scoparia contempta,,Insect,1,Melbourne,7
Trapezites iacchoides,Silver-studded Ochre,Insect,1,Sydney,7
Zachobiella submarginata,,Insect,1,Melbourne,7
Balta fratercula,,Insect,1,Brisbane,7
Amelora anepiscepta,Geometer Moth,Insect,1,Canberra–Queanbeyan,7
Ancita australis,,Insect,1,Canberra–Queanbeyan,7
Bonjeania segnis,,Insect,1,Hobart,7
Luzulaspis australis,Grass Coccid,Insect,1,Canberra–Queanbeyan,7
Trachydora capnopa,Cosmet Moth,Insect,1,Canberra–Queanbeyan,7
Acupalpa rostrata,,Insect,1,Hobart,7
Anthrenus museorum,,Insect,1,Adelaide,7
Ctenotus hilli,Top-end Lowlands Ctenotus,Reptile,1,Darwin,7
Heteronyx cervina,,Insect,1,Hobart,7
Leptogaster antipoda,,Insect,1,Hobart,7
Notiobia viridipennis,,Insect,1,Hobart,7
Tribolium castaneum,Red Flour Beetle,Insect,1,Hobart,7
Amaurornis cinerea,White-browed Crake,Bird,1,Darwin,6
Malurus pulcherrimus,Blue-breasted Fairy-wren,Bird,1,Perth,6
Thylogale stigmatica,Red-legged Pademelon,Mammal,1,Brisbane,6
Balaenoptera musculus,Blue Whale,Mammal,1,Sydney,6
Ctenotus impar,Odd-striped Ctenotus,Reptile,1,Perth,6
Delma borea,Rusty-topped Delma,Reptile,1,Darwin,6
Drysdalia rhodogaster,Mustard-bellied Snake,Reptile,1,Sydney,6
Echiopsis curta,Bardick,Reptile,1,Perth,6
Emydura tanybaraga,Northern Yellow-faced Turtle,Reptile,1,Darwin,6
Furina diadema,Red-naped Snake,Reptile,1,Sydney,6
Aeolochroma melaleucae,,Insect,1,Brisbane,6
Agrilus occipitalis,,Insect,1,Brisbane,6
Anamesia angusta,,Insect,1,Perth,6
Aphelotoma tasmanica,Cockroach Wasp,Insect,1,Hobart,6
Archiargiolestes parvulus,Midget Flatwing,Insect,1,Perth,6
Atyphella lychnus,Blue Mountains Firefly,Insect,1,Sydney,6
Caenolanguria vulgaris,,Insect,1,Brisbane,6
Calathusa allopis,Owlet Moth,Insect,1,Melbourne,6
Camponotus eastwoodi,,Insect,1,Brisbane,6
Candovia coenosa,Muddy Stick-insect,Insect,1,Sydney,6
Carvaka contempta,Leafhopper,Insect,1,Melbourne,6
Carvaka flava,,Insect,1,Brisbane,6
Casbia leptorrhoda,,Insect,1,Perth,6
Cascera muscosa,,Insect,1,Sydney,6
Castiarina subpura,,Insect,1,Canberra–Queanbeyan,6
Catamola xanthomelalis,,Insect,1,Sydney,6
Chaliniastis astrapaea,,Insect,1,Brisbane,6
Chelaner leae,,Insect,1,Melbourne,6
Chezala fulvia,Concealer Moth,Insect,1,Melbourne,6
Chrysolarentia euphileta,Geometer Moth,Insect,1,Melbourne,6
Chrysosoma pseudocallosum,,Insect,1,Brisbane,6
Cophomantella lychnocentra,,Insect,1,Darwin,6
Cryptophasa nubila,,Insect,1,Brisbane,6
Desudaba circe,,Insect,1,Sydney,6
Diaphanops westermanni,,Insect,1,Perth,6
Dichaetomyia johannis,,Insect,1,Brisbane,6
Discophlebia lucasii,Snub Moth,Insect,1,Melbourne,6
Ditropidus lentulus,,Insect,1,Melbourne,6
Drymopsalta daemeli,,Insect,1,Sydney,6
Ephutomorpha porrecticeps,,Insect,1,Melbourne,6
Epicephala acrobaphes,,Insect,1,Brisbane,6
Epopostruma monstrosa,Ant,Insect,1,Brisbane,6
Essisus dispar,,Insect,1,Brisbane,6
Eudelodes bicolor,,Insect,1,Brisbane,6
Euhesma tubulifera,,Insect,1,Perth,6
Euphiltra epilecta,,Insect,1,Brisbane,6
Euthera skusei,Horse Fly,Insect,1,Adelaide,6
Eutorna pabulicola,,Insect,1,Brisbane,6
Gonocephalum elderi,Vegetable Beetle,Insect,1,Perth,6
Guiglia rubricata,,Insect,1,Melbourne,6
Hippotion johanna,,Insect,1,Brisbane,6
Hydrillodes metisalis,,Insect,1,Brisbane,6
Hymenoptychis sordida,,Insect,1,Darwin,6
Hypatima deviella,,Insect,1,Brisbane,6
Hyposada hydrocampata,,Insect,1,Brisbane,6
Idiodes prionosema,Geometer Moth,Insect,1,Melbourne,6
Indolestes alleni,Small Reedling,Insect,1,Darwin,6
Iulactis semifusca,,Insect,1,Brisbane,6
Lemidia quadricolor,,Insect,1,Melbourne,6
Lepturidea pascoei,,Insect,1,Melbourne,6
Megachile pictiventris,,Insect,1,Brisbane,6
Megalomina acuminata,,Insect,1,Brisbane,6
Megymenum affine,Cucurbit Shield Bug,Insect,1,Brisbane,6
Metapherna isomacra,Moth,Insect,1,Melbourne,6
Microtropesa flaviventris,Horse Fly,Insect,1,Melbourne,6
Mitrastethus baridioides,Pine Stump Weevil,Insect,1,Brisbane,6
Myriostephes haplodes,,Insect,1,Brisbane,6
Myrmecia varians,Bull Ant,Insect,1,Adelaide,6
Nascio simillima,,Insect,1,Brisbane,6
Nasutitermes graveolus,,Insect,1,Darwin,6
Nola delograpta,Tuft Moth,Insect,1,Melbourne,6
Nola pygmaeodes,,Insect,1,Brisbane,6
Notarcha polytimeta,,Insect,1,Darwin,6
Opodiphthera loranthi,,Insect,1,Brisbane,6
Opsirhina albigutta,Lappet Moth,Insect,1,Hobart,6
Oxychirota paradoxa,,Insect,1,Brisbane,6
Oxyodes scrobiculata,,Insect,1,Brisbane,6
Paectes cyanodes,,Insect,1,Brisbane,6
Pauropsalta extensa,,Insect,1,Adelaide,6
Phyllocharis cyanipes,,Insect,1,Darwin,6
Platyphanes vittatus,,Insect,1,Canberra–Queanbeyan,6
Poecilocryptus nigromaculatus,,Insect,1,Melbourne,6
Polyzosteria fulgens,,Insect,1,Perth,6
Protographium leosthenes,Four-barred Swordtail,Insect,1,Brisbane,6
Pygospila tyres,,Insect,1,Darwin,6
Rhagadotarsus anomalus,Water Strider,Insect,1,Brisbane,6
Ropalidia gregaria,,Insect,1,Brisbane,6
Stigmacros epinotalis,,Insect,1,Brisbane,6
Strongylium neboissianum,,Insect,1,Melbourne,6
Suhpalacsa dietrichiae,,Insect,1,Brisbane,6
Sybra centurio,,Insect,1,Sydney,6
Syneora emmelodes,,Insect,1,Sydney,6
Tanyzancla calliophthalma,,Insect,1,Perth,6
Termessa catocalina,Moth,Insect,1,Sydney,6
Teuchothrips badiipennis,,Insect,1,Adelaide,6
Tiliqua multifasciata,Centralian Blue-tongue,Reptile,1,Sydney,6
Xanthanomis fuscifrons,,Insect,1,Darwin,6
Zaphanaula hemileuca,,Insect,1,Brisbane,6
Agrilus assimilis,,Insect,1,Hobart,6
Bisallardiana obscura,,Insect,1,Darwin,6
Brachybelistis neomorpha,,Insect,1,Brisbane,6
Brachytria pulcherrima,,Insect,1,Brisbane,6
Callohesma occidentalis,,Insect,1,Perth,6
Calluga costalis,,Insect,1,Brisbane,6
Calycomyza lantanae,,Insect,1,Brisbane,6
Castiarina placida,,Insect,1,Perth,6
Cosmozosteria trifasciata,,Insect,1,Darwin,6
Creatonotos gangis,,Insect,1,Darwin,6
Deltophora peltosema,,Insect,1,Perth,6
Dichromodes indicataria,Geometer Moth,Insect,1,Melbourne,6
Dichromodes leptozona,,Insect,1,Perth,6
Enicospilus pulkus,,Insect,1,Melbourne,6
Hulodes caranea,,Insect,1,Brisbane,6
Iridomyrmex longisoma,,Insect,1,Perth,6
Iridomyrmex pallidus,,Insect,1,Darwin,6
Kinemania ambulans,,Insect,1,Hobart,6
Leucospis atriceps,,Insect,1,Brisbane,6
Lissotes obtusatus,,Insect,1,Hobart,6
Litargops intricatus,,Insect,1,Brisbane,6
Macrothynnus insignis,,Insect,1,Perth,6
Myrascia bracteatella,Concealer Moth,Insect,1,Melbourne,6
Nigromyia tomentosa,,Insect,1,Perth,6
Philobota archepeda,Concealer Moth,Insect,1,Melbourne,6
Zeuctophlebia squalidata,Geometer Moth,Insect,1,Melbourne,6
Ectropis argalea,,Insect,1,Sydney,6
Megachile mystacea,,Insect,1,Brisbane,6
Castiarina balteata,,Insect,1,Canberra–Queanbeyan,6
Dryadaula anthracorma,,Insect,1,Canberra–Queanbeyan,6
Eulechria ophiodes,Concealer Moth,Insect,1,Canberra–Queanbeyan,6
Eupselia aristonica,,Insect,1,Canberra–Queanbeyan,6
Eupselia axiepaena,,Insect,1,Canberra–Queanbeyan,6
Isochorista chaodes,,Insect,1,Canberra–Queanbeyan,6
Myriostephes matura,,Insect,1,Canberra–Queanbeyan,6
Rhagigaster ephippiger,,Insect,1,Canberra–Queanbeyan,6
Aphanasium australe,,Insect,1,Sydney,6
Asphondylia peelei,Gall Gnat,Insect,1,Melbourne,6
Monocrepidus cordieri,,Insect,1,Hobart,6
Nausinoe pueritia,,Insect,1,Sydney,6
Pheidole liteae,Ant,Insect,1,Hobart,6
Pelecanoides urinatrix,Common Diving-petrel,Bird,1,Sydney,5
Lobodon carcinophaga,Crab-eater Seal,Mammal,1,Melbourne,5
Nyctophilus arnhemensis,Arnhem Long-eared Bat,Mammal,1,Darwin,5
Petaurus ariel,Savanna Glider,Mammal,1,Darwin,5
Acrochordus arafurae,Arafura Filesnake,Reptile,1,Darwin,5
Crenadactylus ocellatus,South-western Clawless Gecko,Reptile,1,Perth,5
Cyclodomorphus michaeli,Mainland She-oak Skink,Reptile,1,Sydney,5
Acraspisoides helviarta,,Insect,1,Melbourne,5
Acronicta psorallina,,Insect,1,Brisbane,5
Aenetus djernaesae,,Insect,1,Perth,5
Agrotera genuflexa,,Insect,1,Brisbane,5
Aleucosia maculosa,Bee Fly,Insect,1,Perth,5
Amorbus bispinus,,Insect,1,Perth,5
Amycterus exasperatus,,Insect,1,Melbourne,5
Anamesia lambii,,Insect,1,Sydney,5
Anischys lundbecki,Shield Bug,Insect,1,Hobart,5
Anomalomorpha anthracina,,Insect,1,Canberra–Queanbeyan,5
Antestiopsis cederwaldi,,Insect,1,Brisbane,5
Anthrax opacus,,Insect,1,Melbourne,5
Aparete palpebrosa,,Insect,1,Melbourne,5
Apiomorpha duplex,,Insect,1,Sydney,5
Argyrogramma signata,,Insect,1,Brisbane,5
Atesta sparsum,,Insect,1,Adelaide,5
Austroaeschna anacantha,Western Darner,Insect,1,Perth,5
Austroaeschna obscura,Sydney Mountain Darner,Insect,1,Sydney,5
Austrogomphus collaris,Western Inland Hunter,Insect,1,Perth,5
Austrolimnophila interventa,Crane Fly,Insect,1,Melbourne,5
Austromantis albomarginata,,Insect,1,Darwin,5
Bactrocera neohumeralis,,Insect,1,Brisbane,5
Bermius curvicercus,,Insect,1,Darwin,5
Buzara frontinus,,Insect,1,Sydney,5
Calicotis sialota,,Insect,1,Brisbane,5
Carcinophora venusta,,Insect,1,Melbourne,5
Cardiaspina retator,Redgum Basket Lerp,Insect,1,Melbourne,5
Chlenomorpha lygdina,,Insect,1,Perth,5
Choreutis metallica,,Insect,1,Brisbane,5
Chrysocraspeda aurimargo,,Insect,1,Brisbane,5
Ciulfina ianrichardi,,Insect,1,Darwin,5
Cnemoplites edulis,Mallee Witchetygrub,Insect,1,Melbourne,5
Corgatha dichionistis,,Insect,1,Brisbane,5
Cosmozosteria subzonata,Cockroach,Insect,1,Brisbane,5
Cryptophasa sacerdos,,Insect,1,Melbourne,5
Cuspicona phi,,Insect,1,Brisbane,5
Dinophalus atmoscia,,Insect,1,Perth,5
Dinophalus hiracopis,,Insect,1,Perth,5
Diphucephala aurulenta,,Insect,1,Sydney,5
Diphucrania laticollis,,Insect,1,Brisbane,5
Diphucrania pauperula,,Insect,1,Melbourne,5
Distipsidera undulata,,Insect,1,Brisbane,5
Ectomocoris fuscatus,,Insect,1,Brisbane,5
Ectosticta ruida,,Insect,1,Perth,5
Edosa balanosema,Fungus Moth,Insect,1,Melbourne,5
Elasmolomus papuanus,,Insect,1,Brisbane,5
Eloasa calida,,Insect,1,Brisbane,5
Epicyrtica docima,Owlet Moth,Insect,1,Melbourne,5
Erechthias citrinopa,,Insect,1,Brisbane,5
Euchaetis iospila,Concealer Moth,Insect,1,Melbourne,5
Eurepa yumbena,,Insect,1,Perth,5
Exillis australis,,Insect,1,Brisbane,5
Freyeria putli,Jewelled Grass-blue,Insect,1,Darwin,5
Gastridiota adoxima,,Insect,1,Sydney,5
Geloptera tuberculata,,Insect,1,Perth,5
Heterallactis phlogozona,,Insect,1,Darwin,5
Hispellinus fimbriatus,,Insect,1,Melbourne,5
Hyphalticoda caesita,,Insect,1,Melbourne,5
Lasiosticha opimella,,Insect,1,Canberra–Queanbeyan,5
Laticlerada monteithi,,Insect,1,Brisbane,5
Laxta rieki,,Insect,1,Perth,5
Lepidoscia stenomochla,,Insect,1,Sydney,5
Lepispilus rotundicollis,,Insect,1,Melbourne,5
Leptopius baileyi,,Insect,1,Brisbane,5
Leptotarsus mastersi,Crane Fly,Insect,1,Melbourne,5
Lesabes handschini,,Insect,1,Darwin,5
Macrobathra trithyra,,Insect,1,Brisbane,5
Megachile fabricator,,Insect,1,Perth,5
Metoeca foedalis,,Insect,1,Darwin,5
Metriorrhynchus tricavicollis,,Insect,1,Brisbane,5
Microtropesa intermedia,Horse Fly,Insect,1,Brisbane,5
Misophrice amplicollis,,Insect,1,Hobart,5
Myrmecia nobilis,Bull Ant,Insect,1,Melbourne,5
Myrtartona leucopleura,,Insect,1,Sydney,5
Nasutitermes triodiae,Spinifex Termite,Insect,1,Darwin,5
Neovulturnus sordidus,,Insect,1,Brisbane,5
Nicsara trigonalis,,Insect,1,Darwin,5
Novapus crassus,,Insect,1,Perth,5
Oides silphomorphoides,,Insect,1,Darwin,5
Orpha flavicornis,,Insect,1,Perth,5
Pachyplocia atmocyma,,Insect,1,Brisbane,5
Pachyprosopis purnongensis,,Insect,1,Perth,5
Pachytricha tecta,,Insect,1,Perth,5
Paraphylax corvax,,Insect,1,Melbourne,5
Parapoynx dentizonalis,,Insect,1,Darwin,5
Paropsis delittlei,Delittle's Eucalyptus Tortoise Beetle,Insect,1,Hobart,5
Pauropsalta contigua,,Insect,1,Adelaide,5
Plectophila pyrgodes,,Insect,1,Brisbane,5
Plesiolaea maritima,,Insect,1,Perth,5
Polyrhachis sokolova,,Insect,1,Darwin,5
Praeacedes atomosella,,Insect,1,Brisbane,5
Scoparia axiolecta,,Insect,1,Melbourne,5
Sobriana stigmatias,,Insect,1,Melbourne,5
Stigmella leucargyra,,Insect,1,Sydney,5
Stigmodera gratiosa,,Insect,1,Perth,5
Strophurus williamsi,Eastern Spiny-tailed Gecko,Reptile,1,Sydney,5
Sybra albula,,Insect,1,Brisbane,5
Synchonnus limbatum,,Insect,1,Melbourne,5
Syritta orientalis,,Insect,1,Brisbane,5
Tanyzancla melanocrossa,,Insect,1,Perth,5
Tasmanocoenis tillyardi,Mayfly,Insect,1,Adelaide,5
Thanatodictya praeferrata,Planthopper,Insect,1,Darwin,5
Trachydora peroneta,,Insect,1,Brisbane,5
Vitellus antemna,Lesser Horned Citrus Bug,Insect,1,Brisbane,5
Xanthopimpla hiatus,,Insect,1,Brisbane,5
Xylorycta melaleucae,,Insect,1,Brisbane,5
Yoyetta grandis,,Insect,1,Melbourne,5
Abantiades albofasciatus,,Insect,1,Perth,5
Acrocercops obscurella,,Insect,1,Brisbane,5
Agriophara nodigera,,Insect,1,Canberra–Queanbeyan,5
Agrypnus variabilis,Sugarcane Wireworm,Insect,1,Melbourne,5
Allobaccha siphanticida,,Insect,1,Brisbane,5
Amegilla rhodoscymna,,Insect,1,Brisbane,5
Anilara angusta,,Insect,1,Canberra–Queanbeyan,5
Anthela rubeola,Lappet Moth,Insect,1,Adelaide,5
Aporocera bihamata,,Insect,1,Brisbane,5
Aporoctena aprepes,,Insect,1,Brisbane,5
Apotropis tricarinata,,Insect,1,Sydney,5
Archernis callixantha,,Insect,1,Sydney,5
Calliphora fulvicoxa,Blow Fly,Insect,1,Melbourne,5
Cardiaspina spinifera,,Insect,1,Melbourne,5
Carphurus excisus,,Insect,1,Melbourne,5
Castiarina oblita,,Insect,1,Melbourne,5
Cerceris multiguttata,,Insect,1,Brisbane,5
Chrysolarentia ptochopis,Geometer Moth,Insect,1,Melbourne,5
Collix ghosha,,Insect,1,Brisbane,5
Culladia hastiferalis,,Insect,1,Darwin,5
Dacnodes hackeri,,Insect,1,Brisbane,5
Dissodesma primogenitus,,Insect,1,Perth,5
Distichocera kirbyi,,Insect,1,Brisbane,5
Ditropidus fugitivus,,Insect,1,Perth,5
Eugreeniella pulchra,Scale Insect,Insect,1,Melbourne,5
Evansomyia phyciformis,Stiletto Fly,Insect,1,Melbourne,5
Evas argenteiventris,,Insect,1,Perth,5
Garrha zonostola,Concealer Moth,Insect,1,Sydney,5
Goniosema anguliscripta,,Insect,1,Sydney,5
Hemipsocus selysi,,Insect,1,Sydney,5
Idaea trissorma,,Insect,1,Sydney,5
Iridomyrmex conifer,Coned Tyrant Ant,Insect,1,Perth,5
Lactura erythractis,,Insect,1,Darwin,5
Laxotela holstoni,,Insect,1,Melbourne,5
Laxta guttata,,Insect,1,Brisbane,5
Leichenum canaliculatum,,Insect,1,Perth,5
Lepidoscia dicranota,,Insect,1,Melbourne,5
Lichenaula ignota,Concealer Moth,Insect,1,Sydney,5
Lobesia extrusana,,Insect,1,Sydney,5
Micropolytoxus hackeri,,Insect,1,Brisbane,5
Montrouzieriellus turneri,,Insect,1,Brisbane,5
Neumichtis adamantina,Owlet Moth,Insect,1,Melbourne,5
Ontiscus obscurus,,Insect,1,Melbourne,5
Ophyx eurrhoa,,Insect,1,Brisbane,5
Pachyprosopis holoxanthopus,,Insect,1,Adelaide,5
Paraphyas callixena,,Insect,1,Melbourne,5
Parepisparis virgatus,Geometer Moth,Insect,1,Sydney,5
Peltoschema scaphula,,Insect,1,Sydney,5
Philobota hydara,,Insect,1,Brisbane,5
Platagarista macleayi,Owlet Moth,Insect,1,Sydney,5
Platycoris bipunctatus,Shield Bug,Insect,1,Sydney,5
Plectophila micradelpha,,Insect,1,Brisbane,5
Protonoceras eucosma,,Insect,1,Brisbane,5
Psychopsis mimica,,Insect,1,Adelaide,5
Rhytidoponera scabrior,,Insect,1,Brisbane,5
Stericta orchidivora,,Insect,1,Brisbane,5
Syntrips maculatus,,Insect,1,Brisbane,5
Taxeotis thegalea,,Insect,1,Perth,5
Thoris septemguttata,,Insect,1,Sydney,5
Trapezites argenteoornatus,Silver-spotted Skipper,Insect,1,Perth,5
Xederra squamiger,,Insect,1,Perth,5
Acanthobetyla cerbera,,Insect,1,Canberra–Queanbeyan,5
Argogorytes rubrosignatus,,Insect,1,Perth,5
Chlorogastropsis orga,,Insect,1,Melbourne,5
Dolichoderus etus,,Insect,1,Sydney,5
Eccymatoge aorista,,Insect,1,Sydney,5
Epicyrtica lathridia,Owlet Moth,Insect,1,Adelaide,5
Lepidoscia chrysura,,Insect,1,Perth,5
Paropsisterna amoena,,Insect,1,Perth,5
Periopta diversa,,Insect,1,Darwin,5
Reburrus bancrofti,,Insect,1,Brisbane,5
Comptosia quadripennis,Bee Fly,Insect,1,Canberra–Queanbeyan,5
Eurymeloides minutum,,Insect,1,Canberra–Queanbeyan,5
Nephopterix melanostyla,,Insect,1,Canberra–Queanbeyan,5
Paragia tricolor,,Insect,1,Perth,5
Parergophela melirrhoa,Concealer Moth,Insect,1,Canberra–Queanbeyan,5
Phalota binocularis,,Insect,1,Canberra–Queanbeyan,5
Phycitodes melanosticta,,Insect,1,Canberra–Queanbeyan,5
Scieropepla reversella,,Insect,1,Canberra–Queanbeyan,5
Taxeotis subvelaria,,Insect,1,Canberra–Queanbeyan,5
Autoba pectorora,,Insect,1,Brisbane,5
Ditropidus subaeneus,,Insect,1,Hobart,5
Eunatalis ninae,,Insect,1,Sydney,5
Glyptapanteles rixi,,Insect,1,Brisbane,5
Ornithomya nigricornis,Louse Fly,Insect,1,Hobart,5
Paropsisterna variicollis,,Insect,1,Melbourne,5
Putoniessa dorsalis,Leafhopper,Insect,1,Hobart,5
Sarothrocrepis integra,,Insect,1,Hobart,5
Scraptia australis,,Insect,1,Hobart,5
Chlamydera maculata,Spotted Bowerbird,Bird,1,Sydney,4
Malurus amabilis,Lovely Fairy-wren,Bird,1,Sydney,4
Ardeotis australis,Australian Bustard,Bird,1,Perth,4
Certhionyx variegatus,Pied Honeyeater,Bird,1,Sydney,4
Charadrius hiaticula,Common Ringed Plover,Bird,1,Sydney,4
Climacteris melanurus,Black-tailed Treecreeper,Bird,1,Darwin,4
Psephotellus dissimilis,Hooded Parrot,Bird,1,Darwin,4
Dendrocygna guttata,Spotted Whistling-duck,Bird,1,Darwin,4
Leucophaeus atricilla,Laughing Gull,Bird,1,Darwin,4
Macroglossus minimus,Northern Blossom-bat,Mammal,1,Darwin,4
Melomys cervinipes,Fawn-footed Melomys,Mammal,1,Brisbane,4
Petrogale penicillata,Brush-tailed Rock-wallaby,Mammal,1,Sydney,4
Physeter macrocephalus,Sperm Whale,Mammal,1,Sydney,4
Amalosia jacovae,Clouded Gecko,Reptile,1,Brisbane,4
Austrelaps labialis,Pygmy Copperhead,Reptile,1,Adelaide,4
Demansia reticulata,Yellow-faced Whipsnake,Reptile,1,Perth,4
Grampus griseus,Risso's Dolphin,Mammal,1,Sydney,4
Pseudomys gracilicaudatus,Eastern Chestnut Mouse,Mammal,1,Sydney,4
Tropidechis carinatus,Rough-scaled Snake,Reptile,1,Brisbane,4
Acropyga myops,Ant,Insect,1,Sydney,4
Adisura marginalis,,Insect,1,Darwin,4
Aedes elchoensis,,Insect,1,Darwin,4
Aedes lineatopenne,,Insect,1,Brisbane,4
Agonocheila guttata,,Insect,1,Melbourne,4
Agonopterix alstroemeriana,,Insect,1,Hobart,4
Amegilla aeruginosa,,Insect,1,Darwin,4
Ammatomus icarioides,,Insect,1,Brisbane,4
Ancylis artifica,,Insect,1,Brisbane,4
Anemosa isadasalis,,Insect,1,Brisbane,4
Anilios bicolor,Dark-spined Blind Snake,Reptile,1,Sydney,4
Anisocentropus banghaasi,Caddisfly,Insect,1,Darwin,4
Anomalomydas mackerrasi,,Insect,1,Perth,4
Anostostoma erinaceus,,Insect,1,Sydney,4
Antiopala ebenospila,,Insect,1,Sydney,4
Aporocera pulchella,,Insect,1,Brisbane,4
Arachnomyia cuprea,Long-legged Fly,Insect,1,Melbourne,4
Archegleis edwardsi,,Insect,1,Sydney,4
Ardozyga hedana,,Insect,1,Melbourne,4
Arpactophilus steindachneri,,Insect,1,Brisbane,4
Barea sphaeridias,Concealer Moth,Insect,1,Melbourne,4
Blenina lichenopa,,Insect,1,Brisbane,4
Boeotarcha taenialis,,Insect,1,Darwin,4
Brachysandalus setosus,,Insect,1,Brisbane,4
Bradina mannusalis,,Insect,1,Brisbane,4
Bryophilopsis leucopolia,,Insect,1,Darwin,4
Calliphora varifrons,,Insect,1,Perth,4
Calomela intemerata,,Insect,1,Darwin,4
Calosphenisca unicuneata,,Insect,1,Brisbane,4
Camptotypus lachesis,,Insect,1,Brisbane,4
Cardamyla didymalis,,Insect,1,Brisbane,4
Castiarina kirbyi,,Insect,1,Sydney,4
Castiarina ocelligera,,Insect,1,Hobart,4
Catocheilus petulans,,Insect,1,Perth,4
Cedusa spinosa,,Insect,1,Perth,4
Cerceris gilesi,,Insect,1,Perth,4
Chelodina canni,Cann's Snake-necked Turtle,Reptile,1,Sydney,4
Chrysosoma proliciens,,Insect,1,Darwin,4
Cleromorpha novemguttata,,Insect,1,Sydney,4
Coccus viridis,Green Scale,Insect,1,Brisbane,4
Comptosia ocellata,,Insect,1,Hobart,4
Creiis periculosus,,Insect,1,Perth,4
Ctenotus inornatus,Plain Ctenotus,Reptile,1,Darwin,4
Cycloprora nodyna,,Insect,1,Brisbane,4
Cysteochila tricolor,,Insect,1,Sydney,4
Decilaus expletus,,Insect,1,Adelaide,4
Dichomeris zygophorus,,Insect,1,Brisbane,4
Diplogeomyza hardyi,Fly,Insect,1,Melbourne,4
Ectinorhynchus latistria,,Insect,1,Brisbane,4
Ectopatria umbrosa,,Insect,1,Adelaide,4
Edosa hypocritica,Fungus Moth,Insect,1,Brisbane,4
Eleale pantomelas,,Insect,1,Melbourne,4
Endotricha approximalis,,Insect,1,Brisbane,4
Enicospilus nigrinervis,,Insect,1,Brisbane,4
Eochrois callianassa,Concealer Moth,Insect,1,Hobart,4
Epicyrtica oostigma,,Insect,1,Perth,4
Eublemma leucodesma,Owlet Moth,Insect,1,Darwin,4
Euchaetis holoclera,,Insect,1,Perth,4
Euplatypus parallelus,Common Ambrosia Beetle,Insect,1,Brisbane,4
Euricoris australicus,,Insect,1,Brisbane,4
Euryglossa edwardsii,Plasterer Bee,Insect,1,Melbourne,4
Eurymelessa moruyana,Leafhopper,Insect,1,Canberra–Queanbeyan,4
Exithius musculus,,Insect,1,Hobart,4
Gyrtona polionota,,Insect,1,Darwin,4
Hyblaea ibidias,,Insect,1,Brisbane,4
Hylaeus cyaneomicans,,Insect,1,Brisbane,4
Iridomyrmex discors,Ant,Insect,1,Perth,4
Kalotermes rufinotum,Termite,Insect,1,Melbourne,4
Lamprophaia albifimbrialis,,Insect,1,Brisbane,4
Leioproctus conospermi,,Insect,1,Perth,4
Lenophila dentipes,Signal Fly,Insect,1,Sydney,4
Lepidoscia cataphracta,Bagworm Moth,Insect,1,Canberra–Queanbeyan,4
Leucania rhodopsara,,Insect,1,Brisbane,4
Leucospis australis,,Insect,1,Melbourne,4
Leucospis morawitzi,,Insect,1,Perth,4
Leucotachinus novitius,,Insect,1,Melbourne,4
Lissonota adornata,,Insect,1,Melbourne,4
Lophyrotoma leachii,,Insect,1,Brisbane,4
Lucasium microplax,Southern Sandplain Gecko,Reptile,1,Sydney,4
Mecynopus annulicornis,,Insect,1,Sydney,4
Melanodaedala scopulosana,,Insect,1,Brisbane,4
Melophorus aeneovirens,,Insect,1,Brisbane,4
Melophorus turneri,,Insect,1,Brisbane,4
Metapherna salsa,,Insect,1,Sydney,4
Metasia familiaris,,Insect,1,Canberra–Queanbeyan,4
Metasia liophaea,,Insect,1,Canberra–Queanbeyan,4
Methana curvigera,,Insect,1,Brisbane,4
Microsarotis sanderyi,,Insect,1,Darwin,4
Miltinus viduatus,,Insect,1,Sydney,4
Monocrepidus eveillardi,,Insect,1,Brisbane,4
Morelia imbricata,,Reptile,1,Perth,4
Myrmecia forceps,Bull Ant,Insect,1,Adelaide,4
Myrmecia fuscipes,,Insect,1,Adelaide,4
Mythites granulatus,,Insect,1,Melbourne,4
Nasutitermes dixoni,Termite,Insect,1,Melbourne,4
Nenenia fasciata,,Insect,1,Hobart,4
Nola vepallida,,Insect,1,Brisbane,4
Oecetis australis,Caddisfly,Insect,1,Brisbane,4
Oenogenes fugalis,Grass Moth,Insect,1,Melbourne,4
Omorgus australasiae,,Insect,1,Melbourne,4
Oxycanus subvaria,Ghost Moth,Insect,1,Sydney,4
Pachyporopterus satyrus,,Insect,1,Hobart,4
Palaestra foveicollis,,Insect,1,Melbourne,4
Paracoccus marginatus,Papaya Mealybug,Insect,1,Brisbane,4
Paracrepidomenus filiformis,,Insect,1,Melbourne,4
Paraoxypilus armatus,,Insect,1,Darwin,4
Parasoidea paroa,,Insect,1,Darwin,4
Paropsis dilatata,,Insect,1,Melbourne,4
Phanomorpha icelomorpha,,Insect,1,Perth,4
Philobota amblys,,Insect,1,Brisbane,4
Piestoceros conjunctella,,Insect,1,Brisbane,4
Pilacmonotus sabulosus,,Insect,1,Perth,4
Pollanisus trimacula,,Insect,1,Sydney,4
Polyrhachis leae,Ant,Insect,1,Melbourne,4
Pseudolycus hilaris,,Insect,1,Melbourne,4
Pterohelaeus peltatus,,Insect,1,Hobart,4
Ptilophorus nervosa,,Insect,1,Perth,4
Pycnozancla acribes,,Insect,1,Brisbane,4
Quedius ruficollis,,Insect,1,Melbourne,4
Rehimena cissophora,,Insect,1,Brisbane,4
Rhadinosticta banksi,Northern Wiretail,Insect,1,Darwin,4
Rhimphalea sceletalis,,Insect,1,Brisbane,4
Rhinotia cristata,,Insect,1,Melbourne,4
Rhotidus teliformis,Leafhopper,Insect,1,Melbourne,4
Ricania limbata,,Insect,1,Darwin,4
Roscidotoga callicomae,,Insect,1,Sydney,4
Sarantus nobilis,,Insect,1,Brisbane,4
Sarothrocrepis hippocrepis,,Insect,1,Melbourne,4
Scaptia jacksonii,,Insect,1,Hobart,4
Scythris pleonectis,,Insect,1,Melbourne,4
Sphinctobelus cinereus,,Insect,1,Melbourne,4
Sphyrelata melanoleuca,,Insect,1,Sydney,4
Suhpalacsa lyriformis,,Insect,1,Brisbane,4
Syllitus argillaceus,,Insect,1,Adelaide,4
Symbolistis orophota,,Insect,1,Sydney,4
Synchonnus clientulum,,Insect,1,Brisbane,4
Synechocera elongata,,Insect,1,Perth,4
Temnosternus vitula,,Insect,1,Brisbane,4
Thalaina inscripta,Geometer Moth,Insect,1,Hobart,4
Thallarcha lochaga,,Insect,1,Sydney,4
Treptoplatypus crenatus,Polyphagous Pinhole Borer,Insect,1,Brisbane,4
Trichocolletes erythrurus,,Insect,1,Perth,4
Trichocolletes fuscus,,Insect,1,Sydney,4
Trichocolletes orientalis,Plasterer Bee,Insect,1,Sydney,4
Trigonidium meekappa,,Insect,1,Brisbane,4
Trigonopterus albidosparsus,,Insect,1,Brisbane,4
Trigonotarsus calandroides,,Insect,1,Sydney,4
Tryella rubra,,Insect,1,Darwin,4
Zosteria lineata,,Insect,1,Brisbane,4
Adrisa erichsoni,Shield Bug,Insect,1,Brisbane,4
Aleurocanthus callistemonus,,Insect,1,Adelaide,4
Anisogona mediana,,Insect,1,Melbourne,4
Archiargiolestes pusillus,Little Flatwing,Insect,1,Perth,4
Arunta interclusa,Mangrove Cicada,Insect,1,Brisbane,4
Baris leucospila,,Insect,1,Brisbane,4
Callopistria rivularis,,Insect,1,Brisbane,4
Calolampra atra,,Insect,1,Adelaide,4
Castiarina parallela,,Insect,1,Sydney,4
Castiarina sanguinolenta,,Insect,1,Perth,4
Catasarcus bilineatus,,Insect,1,Perth,4
Catastygnus scutellaris,,Insect,1,Brisbane,4
Cerceris australis,Wasp,Insect,1,Brisbane,4
Chalcolampra constricta,,Insect,1,Melbourne,4
Chauliognathus tenuis,,Insect,1,Melbourne,4
Chrysoperla congrua,,Insect,1,Brisbane,4
Cirrhochrista arcusalis,,Insect,1,Brisbane,4
Dichromodes semicanescens,,Insect,1,Perth,4
Dimophora diabolica,,Insect,1,Canberra–Queanbeyan,4
Dinomachus australis,,Insect,1,Brisbane,4
Earias subviridis,,Insect,1,Sydney,4
Ectomyelois ceratoniae,,Insect,1,Perth,4
Elasmolomus v-album,,Insect,1,Brisbane,4
Elephastomus proboscideus,,Insect,1,Melbourne,4
Enchocrates phaedryntis,,Insect,1,Perth,4
Ephutomorpha blanda,,Insect,1,Hobart,4
Epicrocis metallopa,,Insect,1,Darwin,4
Eurema alitha,Scalloped Grass-yellow,Insect,1,Darwin,4
Euschemon rafflesia,Regent Skipper,Insect,1,Brisbane,4
Eusthenia venosa,,Insect,1,Melbourne,4
Hort yealensis,,Insect,1,Perth,4
Hylaeus halictiformis,,Insect,1,Brisbane,4
Hypochrysops epicurus,Mangrove Jewel,Insect,1,Brisbane,4
Idaea elachista,,Insect,1,Darwin,4
Leucospis histrio,,Insect,1,Brisbane,4
Lioponera larvata,,Insect,1,Melbourne,4
Lissotes basilaris,,Insect,1,Hobart,4
Megachile ignita,Bee,Insect,1,Perth,4
Merodictya marmorata,,Insect,1,Brisbane,4
Metriorrhynchus variipennis,,Insect,1,Sydney,4
Mycopsylla proxima,,Insect,1,Sydney,4
Noorda blitealis,,Insect,1,Darwin,4
Notiobiella unita,,Insect,1,Brisbane,4
Notonomus besti,,Insect,1,Melbourne,4
Ommatodema leanum,Plant Bug,Insect,1,Hobart,4
Paropsis minor,,Insect,1,Brisbane,4
Paropsisterna debilis,,Insect,1,Perth,4
Perkinsiella saccharicida,The Australian Sugarcane Planthopper,Insect,1,Brisbane,4
Pernattia brevipennis,,Insect,1,Brisbane,4
Pheidole proxima,,Insect,1,Brisbane,4
Philobota moestella,Concealer Moth,Insect,1,Hobart,4
Pinara obliqua,Lappet Moth,Insect,1,Melbourne,4
Pollanisus empyrea,,Insect,1,Perth,4
Praxis aterrima,,Insect,1,Canberra–Queanbeyan,4
Proteuxoa sarcomorpha,Owlet Moth,Insect,1,Adelaide,4
Pseudanapaea dentifascia,,Insect,1,Perth,4
Ptinus exulans,Spider Beetle,Insect,1,Melbourne,4
Putoniessa neboissi,Leafhopper,Insect,1,Melbourne,4
Rehimena surusalis,,Insect,1,Brisbane,4
Rhytidoponera punctata,,Insect,1,Adelaide,4
Sceleocantha carteri,,Insect,1,Melbourne,4
Serangium mysticum,,Insect,1,Hobart,4
Sphaeroscelis pectoralis,,Insect,1,Perth,4
Stigmatium confusum,,Insect,1,Melbourne,4
Syllitus heros,,Insect,1,Sydney,4
Sympetes gagates,,Insect,1,Perth,4
Syneora adelphodes,,Insect,1,Brisbane,4
Temnorrhynchus retusus,,Insect,1,Sydney,4
Thallarcha jocularis,Moth,Insect,1,Melbourne,4
Thyreocephalus chloropterus,,Insect,1,Melbourne,4
Tolgadia bivittata,,Insect,1,Darwin,4
Trichomesia newmani,,Insect,1,Sydney,4
Wynarka sylvestre,,Insect,1,Melbourne,4
Xeroderus kirbyi,,Insect,1,Brisbane,4
Yumbera signata,Long-legged Fly,Insect,1,Melbourne,4
Zoedia tenuis,,Insect,1,Melbourne,4
Acantholophus suturalis,,Insect,1,Perth,4
Anthrax crenatus,Bee Fly,Insect,1,Perth,4
Austroaeschna subapicalis,Conehead Darner,Insect,1,Melbourne,4
Calomantispa venusta,,Insect,1,Melbourne,4
Cassida sexguttata,,Insect,1,Darwin,4
Copidapha quadrimacula,,Insect,1,Brisbane,4
Daperria bermioides,,Insect,1,Darwin,4
Dasyhesma scholtziae,,Insect,1,Perth,4
Dichromodes ioneura,,Insect,1,Perth,4
Dieuches membranaceus,,Insect,1,Brisbane,4
Ectopatria xerampelina,,Insect,1,Melbourne,4
Euryglossina argocephala,,Insect,1,Perth,4
Gerynassa picticornis,,Insect,1,Hobart,4
Leptotarsus igniceps,Crane Fly,Insect,1,Melbourne,4
Notonomus carinulatus,,Insect,1,Melbourne,4
Phyllotocus erythropterus,,Insect,1,Melbourne,4
Placocosma resumptella,,Insect,1,Canberra–Queanbeyan,4
Ropalidia impetuosa,Wasp,Insect,1,Brisbane,4
Rugosothynnus corrugatus,,Insect,1,Melbourne,4
Syllitus tabidus,,Insect,1,Perth,4
Tepperia brachychitonis,,Insect,1,Perth,4
Yoyetta subalpina,,Insect,1,Melbourne,4
Amycterus abnormis,,Insect,1,Canberra–Queanbeyan,4
Aporocera cyanipennis,,Insect,1,Canberra–Queanbeyan,4
Chrysonoma catoptrina,Concealer Moth,Insect,1,Canberra–Queanbeyan,4
Comptosia heliophila,,Insect,1,Sydney,4
Doleromima hypoxantha,Moth,Insect,1,Canberra–Queanbeyan,4
Edusella puberula,,Insect,1,Canberra–Queanbeyan,4
Elaphodes aeneolus,,Insect,1,Canberra–Queanbeyan,4
Elaphodes pilula,,Insect,1,Canberra–Queanbeyan,4
Eutane terminalis,,Insect,1,Sydney,4
Lasioglossum bryotrichum,Sweat Bee,Insect,1,Sydney,4
Lepidoscia annosella,Bagworm Moth,Insect,1,Sydney,4
Macrobathra aphristis,,Insect,1,Canberra–Queanbeyan,4
Macrobathra hamaxitodes,,Insect,1,Canberra–Queanbeyan,4
Mogulones geographicus,Paterson's Curse Root Weevil,Insect,1,Canberra–Queanbeyan,4
Paracolletes crassipes,Plasterer Bee,Insect,1,Canberra–Queanbeyan,4
Pergagrapta spinolae,Sawfly,Insect,1,Canberra–Queanbeyan,4
Phytotrypa propriella,Concealer Moth,Insect,1,Canberra–Queanbeyan,4
Pseudanilara purpureicollis,,Insect,1,Adelaide,4
Psychanisa baliodes,,Insect,1,Canberra–Queanbeyan,4
Rhotidoides punctivena,,Insect,1,Canberra–Queanbeyan,4
Simplicia caeneusalis,,Insect,1,Sydney,4
Termessa shepherdi,Sheperd's Footman,Insect,1,Canberra–Queanbeyan,4
Achoria inopina,,Insect,1,Canberra–Queanbeyan,4
Aedes flavifrons,,Insect,1,Sydney,4
Chrysopilus basifasciatus,,Insect,1,Hobart,4
Coridromius monotocopsis,,Insect,1,Hobart,4
Dietta sperata,,Insect,1,Hobart,4
Exechohypopion minus,,Insect,1,Hobart,4
Gluma nitida,Kelp Fly,Insect,1,Hobart,4
Hypharpax australis,,Insect,1,Hobart,4
Microvalgus vagans,,Insect,1,Brisbane,4
Sarcophaga crassipalpis,Flesh Fly,Insect,1,Hobart,4
Scaptodrosophila enigma,Fruit Fly,Insect,1,Hobart,4
Thalycrodes australis,,Insect,1,Hobart,4
Thrips australis,Eucalyptus Thrips,Insect,1,Perth,4
Xylobanus simplicicornis,,Insect,1,Hobart,4
Aidemosyne modesta,Plum-headed Finch,Bird,1,Brisbane,3
Menura alberti,Albert's Lyrebird,Bird,1,Sydney,3
Pachyptila salvini,Salvin's Prion,Bird,1,Melbourne,3
Thalassarche chrysostoma,Grey-headed Albatross,Bird,1,Perth,3
Lichenostomus cratitius,Purple-gaped Honeyeater,Bird,1,Adelaide,3
Pachyptila belcheri,Slender-billed Prion,Bird,1,Adelaide,3
Procellaria parkinsoni,Black Petrel,Bird,1,Sydney,3
Phoebetria palpebrata,Light-mantled Sooty Albatross,Bird,1,Sydney,3
Larus fuscus,Lesser Black-backed Gull,Bird,1,Darwin,3
Geophaps smithii,Eastern Partridge Pigeon,Bird,1,Darwin,3
Acrobates frontalis,Broad-toed Feather-tailed Glider,Mammal,1,Brisbane,3
Dasyurus hallucatus,Digul,Mammal,1,Darwin,3
Pseudocheirus occidentalis,Western Ringtail Possum,Mammal,1,Perth,3
Rhinonicteris aurantia,Orange Leaf-nosed Bat,Mammal,1,Darwin,3
Setonix brachyurus,Quokka,Mammal,1,Perth,3
Antechinus swainsonii,Dusky Antechinus,Mammal,1,Melbourne,3
Aspidites melanocephalus,Black-headed Python,Reptile,1,Darwin,3
Ctenotus borealis,White-faced Ctenotus,Reptile,1,Darwin,3
Delma tincta,Excitable Delma,Reptile,1,Darwin,3
Demansia olivacea,Olive Whipsnake,Reptile,1,Darwin,3
Lampropholis amicula,Friendly Sunskink,Reptile,1,Brisbane,3
Lerista distinguenda,South-western Orange-tailed Slider,Reptile,1,Perth,3
Notamacropus parryi,Whiptail Wallaby,Mammal,1,Brisbane,3
Notomys cervinus,Fawn Hopping-mouse,Mammal,1,Sydney,3
Pseudoferania polylepis,Macleay's Water Snake,Reptile,1,Darwin,3
Silvascincus murrayi,Murray's Skink,Reptile,1,Brisbane,3
Suta dwyeri,Dwyer's Snake,Reptile,1,Canberra–Queanbeyan,3
Actilasioptera tuberculata,,Insect,1,Sydney,3
Agamana sarmentosa,,Insect,1,Brisbane,3
Agrilus australasiae,,Insect,1,Melbourne,3
Amenia sexpunctata,,Insect,1,Darwin,3
Ametastegia glabrata,Dock Sawfly,Insect,1,Melbourne,3
Anilios proximus,Proximus Blind Snake,Reptile,1,Sydney,3
Anopheles farauti,,Insect,1,Darwin,3
Anoplognathus rugosus,,Insect,1,Sydney,3
Apiomorpha maliformis,,Insect,1,Perth,3
Aplestobroma avidum,,Insect,1,Melbourne,3
Arcleda fusca,Seed Bug,Insect,1,Adelaide,3
Ardozyga ceramica,,Insect,1,Sydney,3
Asceparnus subfasciatus,,Insect,1,Perth,3
Austalis smaragdi,,Insect,1,Brisbane,3
Austrimonus luteus,,Insect,1,Darwin,3
Austroplebeia australis,,Insect,1,Brisbane,3
Austroxestus australiensis,Seed Bug,Insect,1,Brisbane,3
Bactra venosana,,Insect,1,Brisbane,3
Boa constrictor,Common Boa,Reptile,1,Sydney,3
Boletoscapter furcatus,,Insect,1,Brisbane,3
Calathusa dispila,,Insect,1,Brisbane,3
Callohesma geminata,Plasterer Bee,Insect,1,Melbourne,3
Castiarina amabilis,,Insect,1,Perth,3
Castiarina andersoni,,Insect,1,Brisbane,3
Castiarina burchellii,,Insect,1,Sydney,3
Castiarina fossoria,,Insect,1,Melbourne,3
Castiarina gravis,,Insect,1,Perth,3
Castiarina sagittaria,,Insect,1,Perth,3
Ceriana australis,,Insect,1,Brisbane,3
Cerynea trogobasis,,Insect,1,Darwin,3
Chalcosyrphus victoriensis,Hover Fly,Insect,1,Melbourne,3
Chasmina tibialis,,Insect,1,Brisbane,3
Chlumetia euthysticha,,Insect,1,Brisbane,3
Cobarus planus,,Insect,1,Melbourne,3
Conogethes semifascialis,,Insect,1,Brisbane,3
Constrictana ischnomorpha,,Insect,1,Melbourne,3
Crocanthes thermobapta,,Insect,1,Darwin,3
Croscius melanopterus,,Insect,1,Brisbane,3
Cryptophasa catharia,,Insect,1,Adelaide,3
Cryptophasa hyalinopa,,Insect,1,Brisbane,3
Cryptophis pallidiceps,Northern Small-eyed Snake,Reptile,1,Darwin,3
Culex palpalis,,Insect,1,Darwin,3
Cyclodomorphus branchialis,Gilled Slender Blue-tongue,Reptile,1,Brisbane,3
Cymoninus sechellensis,,Insect,1,Brisbane,3
Diphlebia lestoides,Whitewater Rockmaster,Insect,1,Sydney,3
Dolichoderus clusor,,Insect,1,Perth,3
Ellipsidion gemmiculum,,Insect,1,Brisbane,3
Encryphia frontisignata,,Insect,1,Brisbane,3
Epithymema helias,,Insect,1,Sydney,3
Ericeia pertendens,,Insect,1,Brisbane,3
Ericmodes australis,,Insect,1,Melbourne,3
Ethmia sphaerosticha,,Insect,1,Brisbane,3
Eublemma lozostropha,,Insect,1,Darwin,3
Euchaetis crypsichroa,Concealer Moth,Insect,1,Brisbane,3
Euchaetis rhodochila,,Insect,1,Sydney,3
Euproctis panabra,,Insect,1,Sydney,3
Galbodema mannerheimii,,Insect,1,Melbourne,3
Garrha oncospila,,Insect,1,Perth,3
Gasteruption mirabilifemorale,,Insect,1,Adelaide,3
Genethila retusa,,Insect,1,Brisbane,3
Hemicordulia intermedia,Yellow-spotted Emerald,Insect,1,Brisbane,3
Hemigomphus gouldii,Southern Vicetail,Insect,1,Sydney,3
Herpetogramma stultalis,,Insect,1,Brisbane,3
Hesperilla trimaculata,Large Brown Skipper,Insect,1,Sydney,3
Heteropsylla cubana,,Insect,1,Brisbane,3
Homotrysis limbata,,Insect,1,Melbourne,3
Horisme plagiographa,,Insect,1,Adelaide,3
Horridipamera robusta,,Insect,1,Brisbane,3
Howickia australis,,Insect,1,Melbourne,3
Hydrellia victoria,Shore Fly,Insect,1,Melbourne,3
Hylaeus turgicollaris,,Insect,1,Sydney,3
Hypena conscitalis,,Insect,1,Brisbane,3
Hypocisseis latipennis,,Insect,1,Brisbane,3
Hypolimnas misippus,Danaid Eggfly,Insect,1,Darwin,3
Kalkadoona pallida,Shield Bug,Insect,1,Adelaide,3
Keyacris scurra,Key's Matchstick Grasshopper,Insect,1,Canberra–Queanbeyan,3
Kosrheithrus tillyardi,Caddisfly,Insect,1,Melbourne,3
Lanciana semialata,,Insect,1,Sydney,3
Laticlerada tasmanica,,Insect,1,Melbourne,3
Lemidia concinna,,Insect,1,Melbourne,3
Leperina adusta,,Insect,1,Melbourne,3
Lepidotarsa alphitella,Concealer Moth,Insect,1,Sydney,3
Leptoglossus gonagra,Passionvine Bug,Insect,1,Brisbane,3
Leptozestis crassipalpis,,Insect,1,Brisbane,3
Lepturidea pulchra,,Insect,1,Melbourne,3
Leucania porphyrodes,,Insect,1,Brisbane,3
Machetis versatrix,Concealer Moth,Insect,1,Brisbane,3
Marchalina hellenica,Giant Pine Scale,Insect,1,Melbourne,3
Mastotermes darwiniensis,Giant Northern Termite,Insect,1,Darwin,3
Mellea ordinaria,,Insect,1,Brisbane,3
Meritastis piperata,,Insect,1,Brisbane,3
Methypora postica,,Insect,1,Melbourne,3
Microcerotermes nervosus,,Insect,1,Darwin,3
Munychryia periclyta,,Insect,1,Perth,3
Myllocerus bilineater,,Insect,1,Darwin,3
Myrmecia infima,,Insect,1,Perth,3
Nadagara xylotrema,,Insect,1,Brisbane,3
Nomia lyonsiae,,Insect,1,Brisbane,3
Novatilla barnardi,,Insect,1,Brisbane,3
Odyneromyia spadix,,Insect,1,Melbourne,3
Oecetis pechana,Caddisfly,Insect,1,Brisbane,3
Oenochroma quardrigramma,,Insect,1,Sydney,3
Ophidius dracunculus,,Insect,1,Sydney,3
Opogona glycyphaga,,Insect,1,Brisbane,3
Organopoda olivescens,,Insect,1,Brisbane,3
Palpita uedai,,Insect,1,Brisbane,3
Paralasonia australis,,Insect,1,Brisbane,3
Parapoynx villidalis,,Insect,1,Brisbane,3
Parapsilocephala elegans,,Insect,1,Melbourne,3
Paraspania torpeo,,Insect,1,Melbourne,3
Paropsis latona,,Insect,1,Perth,3
Paropsis tasmanica,,Insect,1,Hobart,3
Pectinivalva acmenae,,Insect,1,Sydney,3
Perga brullei,Sawfly,Insect,1,Perth,3
Perthida glyphopa,Jarrah Leaf Miner,Insect,1,Perth,3
Phanomorpha dapsilis,Grass Moth,Insect,1,Canberra–Queanbeyan,3
Philobota atmobola,,Insect,1,Hobart,3
Philobota cirrhocephala,,Insect,1,Brisbane,3
Philobota mathematica,,Insect,1,Sydney,3
Philobota melanoxantha,,Insect,1,Perth,3
Phoracantha frenchi,,Insect,1,Melbourne,3
Phylomictis idiotricha,,Insect,1,Sydney,3
Podomyrma rugosa,Ant,Insect,1,Melbourne,3
Poecilasthena fragilis,Geometer Moth,Insect,1,Sydney,3
Polyclysta hypogrammata,,Insect,1,Brisbane,3
Polyrhachis ammonoeides,,Insect,1,Perth,3
Propsednura eyrei,,Insect,1,Perth,3
Protestrica stali,Shield Bug,Insect,1,Melbourne,3
Pseudemydura umbrina,Western Swamp Turtle,Reptile,1,Perth,3
Pseudotrielis congener,,Insect,1,Perth,3
Raparna crocophara,,Insect,1,Darwin,3
Rhinotiodes spinipennis,,Insect,1,Sydney,3
Rhotana ramentosa,,Insect,1,Brisbane,3
Sarisophora pycnospila,,Insect,1,Brisbane,3
Saulostomus villosus,Hairy Scarab,Insect,1,Melbourne,3
Scaptocoris australis,,Insect,1,Sydney,3
Serrodes mediopallens,,Insect,1,Brisbane,3
Sphex ephippium,,Insect,1,Brisbane,3
Sphinctobelus rufibeccus,,Insect,1,Melbourne,3
Spilostethus decoratus,,Insect,1,Brisbane,3
Stibadocerodes zherikhini,,Insect,1,Melbourne,3
Stigmatium linealba,,Insect,1,Brisbane,3
Stolotermes victoriensis,Termite,Insect,1,Melbourne,3
Syllitus sinuaticosta,,Insect,1,Brisbane,3
Tanyscelis maskelli,,Insect,1,Sydney,3
Targalla subocellata,,Insect,1,Brisbane,3
Taxeotis adelpha,,Insect,1,Hobart,3
Technitis cataractis,,Insect,1,Melbourne,3
Telanepsia nonymopis,,Insect,1,Sydney,3
Temognatha flavicollis,,Insect,1,Adelaide,3
Temognatha flavomarginata,,Insect,1,Adelaide,3
Teratomyza undulata,Fern Fly,Insect,1,Melbourne,3
Thalamarchella alveola,,Insect,1,Perth,3
Thallarcha pellax,Moth,Insect,1,Melbourne,3
Trigonodes cephise,,Insect,1,Darwin,3
Wingia hesperidella,Concealer Moth,Insect,1,Sydney,3
Xanthesma trisulca,,Insect,1,Perth,3
Zygina ipoloa,Leafhopper,Insect,1,Brisbane,3
Acalolepta ovina,,Insect,1,Brisbane,3
Acrophylla enceladus,Giant Acrophylla Stick-insect,Insect,1,Brisbane,3
Acrorrhinium spicatus,,Insect,1,Darwin,3
Aesiotes leucurus,Cypress Bark Weevil,Insect,1,Sydney,3
Allodessus bistrigatus,Diving Beetle,Insect,1,Canberra–Queanbeyan,3
Alocebes dixoni,Treehopper,Insect,1,Melbourne,3
Amblyopone longidens,Ant,Insect,1,Melbourne,3
Anax guttatus,Lesser Green Emperor,Insect,1,Darwin,3
Antimerus smaragdinus,,Insect,1,Melbourne,3
Arrade cristatum,,Insect,1,Melbourne,3
Arsipoda jocosa,,Insect,1,Melbourne,3
Asperala erythraea,,Insect,1,Brisbane,3
Atesta angasii,,Insect,1,Canberra–Queanbeyan,3
Atesta chiangi,,Insect,1,Canberra–Queanbeyan,3
Atrapsalta dolens,,Insect,1,Perth,3
Atteva albiguttata,,Insect,1,Brisbane,3
Austrosciapus zentae,,Insect,1,Brisbane,3
Austrotichus rugosus,Shield Bug,Insect,1,Perth,3
Bida radiosella,Concealer Moth,Insect,1,Perth,3
Callitala major,,Insect,1,Brisbane,3
Cardiaspina albicollaris,,Insect,1,Melbourne,3
Carphurus frenchi,,Insect,1,Brisbane,3
Castiarina media,,Insect,1,Adelaide,3
Cephonodes cunninghami,,Insect,1,Brisbane,3
Chilocoris bicolor,,Insect,1,Brisbane,3
Chironomus occidentalis,Midge,Insect,1,Perth,3
Chlorocoma rhodothrix,,Insect,1,Perth,3
Colobostruma australis,Ant,Insect,1,Melbourne,3
Comptosia insignis,,Insect,1,Sydney,3
Coptocercus walkeri,,Insect,1,Melbourne,3
Corgatha dipyra,Owlet Moth,Insect,1,Sydney,3
Crocanthes zonodesma,,Insect,1,Darwin,3
Cryptophasa spilonota,,Insect,1,Sydney,3
Ctenaphides maculatus,,Insect,1,Perth,3
Culama dasythrix,,Insect,1,Perth,3
Cuspicona angustizona,,Insect,1,Brisbane,3
Cyrioides vittigera,,Insect,1,Perth,3
Deineches hackeri,,Insect,1,Melbourne,3
Deineches nudiventris,Hover Fly,Insect,1,Hobart,3
Diasceta terpnopis,,Insect,1,Melbourne,3
Dinophalus thrasyschema,,Insect,1,Perth,3
Elasmus margiscutellum,,Insect,1,Canberra–Queanbeyan,3
Eleebichneumon pittata,,Insect,1,Sydney,3
Emcephalus floccosus,,Insect,1,Brisbane,3
Enispa parva,,Insect,1,Brisbane,3
Ephutomorpha venusta,,Insect,1,Perth,3
Epicyrtica metallica,,Insect,1,Sydney,3
Erechthias oxymacha,,Insect,1,Melbourne,3
Escalonia loxleyae,,Insect,1,Brisbane,3
Esthlodora variabilis,,Insect,1,Brisbane,3
Euclimacia torquata,,Insect,1,Brisbane,3
Eulechria autographa,,Insect,1,Sydney,3
Eulechria drosocapna,Concealer Moth,Insect,1,Sydney,3
Eulechria phaeina,,Insect,1,Brisbane,3
Eurys nitidus,Sawfly,Insect,1,Melbourne,3
Euzosteria lata,,Insect,1,Perth,3
Exithius loculiferus,,Insect,1,Hobart,3
Exoneurella eremophila,,Insect,1,Adelaide,3
Furcaspis cladii,,Insect,1,Melbourne,3
Gasteruption spinigerum,,Insect,1,Sydney,3
Glyphipterix harpogramma,,Insect,1,Brisbane,3
Graptostethus pubescens,,Insect,1,Darwin,3
Guineapsaltria flava,,Insect,1,Darwin,3
Gymnoscelis holocapna,,Insect,1,Darwin,3
Haplopseustis erythrias,,Insect,1,Darwin,3
Haploscapanes australicus,,Insect,1,Brisbane,3
Hedraea quadridens,,Insect,1,Brisbane,3
Heliothela didymospila,,Insect,1,Brisbane,3
Herpetogramma hipponalis,,Insect,1,Brisbane,3
Hippotion velox,,Insect,1,Darwin,3
Hylaeus chromaticus,,Insect,1,Brisbane,3
Hypodoxa deteriorata,,Insect,1,Sydney,3
Labdia schismatias,,Insect,1,Brisbane,3
Leptocneria binotata,,Insect,1,Darwin,3
Leucoptera spartifoliella,English Broom Twig-mining Moth,Insect,1,Brisbane,3
Limnaecia callimitris,,Insect,1,Canberra–Queanbeyan,3
Lyctocoris campestris,Debris Bug,Insect,1,Hobart,3
Macrohyliota militaris,,Insect,1,Melbourne,3
Melobasis cuprifera,,Insect,1,Perth,3
Melobasis fulgurans,,Insect,1,Melbourne,3
Menippus darcyi,,Insect,1,Sydney,3
Mesopherna palustris,,Insect,1,Melbourne,3
Metasia acharis,,Insect,1,Darwin,3
Micromidia atrifrons,Forest Mosquitohawk,Insect,1,Brisbane,3
Miltinus maculipennis,,Insect,1,Perth,3
Misophrice setulosa,,Insect,1,Hobart,3
Mygoodano virescens,,Insect,1,Brisbane,3
Myrmecia banksi,,Insect,1,Sydney,3
Myrmecia chasei,,Insect,1,Perth,3
Myrmecia picta,Bull Ant,Insect,1,Adelaide,3
Nacoleia alincia,,Insect,1,Brisbane,3
Napecoetes chrysomitra,,Insect,1,Melbourne,3
Neochetina bruchi,,Insect,1,Brisbane,3
Neorhaphiomidas hardyi,,Insect,1,Perth,3
Nola monozona,Tuft Moth,Insect,1,Melbourne,3
Nycterephes coracopa,,Insect,1,Perth,3
Ocirrhoe inconspicua,Shield Bug,Insect,1,Perth,3
Octotoma championi,,Insect,1,Sydney,3
Oenochroma orthodesma,Geometer Moth,Insect,1,Melbourne,3
Paragus politus,,Insect,1,Brisbane,3
Parelictis saleuta,Moth,Insect,1,Sydney,3
Phlogistus instabilis,,Insect,1,Sydney,3
Platoloncha psamathina,Concealer Moth,Insect,1,Sydney,3
Polyrhachis templi,,Insect,1,Brisbane,3
Porraxia nana,,Insect,1,Perth,3
Praxibulus duplex,Common Praxibulus Grasshopper,Insect,1,Melbourne,3
Proteuxoa mesombra,Owlet Moth,Insect,1,Adelaide,3
Pseudonoorda metalloma,,Insect,1,Darwin,3
Psilota auricauda,,Insect,1,Sydney,3
Pterolocera elizabetha,Lappet Moth,Insect,1,Perth,3
Ptilogyna olliffi,Crane Fly,Insect,1,Melbourne,3
Quasicooronga connecta,Primitive Crane Fly,Insect,1,Canberra–Queanbeyan,3
Rhytidoponera levior,,Insect,1,Perth,3
Rhyzobius fasciculatus,,Insect,1,Brisbane,3
Sarotorna epipona,,Insect,1,Sydney,3
Scaptodrosophila hibisci,,Insect,1,Brisbane,3
Scopula aleuritis,,Insect,1,Brisbane,3
Spercheus platycephalus,,Insect,1,Brisbane,3
Sphex luctuosus,Wasp,Insect,1,Melbourne,3
Stenocatantops keyi,,Insect,1,Darwin,3
Sycoscapter australis,,Insect,1,Melbourne,3
Szepligetiella xanthotoma,,Insect,1,Brisbane,3
Temognatha mitchellii,,Insect,1,Perth,3
Terastia subjectalis,,Insect,1,Brisbane,3
Terpandrus jumbunna,,Insect,1,Sydney,3
Thalassodes rhytiphorus,,Insect,1,Darwin,3
Thallarcha epigypsa,Moth,Insect,1,Adelaide,3
Thallis bifasciata,,Insect,1,Melbourne,3
Thaumaglossa nigricans,,Insect,1,Brisbane,3
Thriponea melanograpta,,Insect,1,Darwin,3
Thudaca heterastis,,Insect,1,Perth,3
Tingis hackeri,,Insect,1,Melbourne,3
Triclista singularis,,Insect,1,Perth,3
Trigonopterus evanidus,,Insect,1,Brisbane,3
Trocnada minuta,,Insect,1,Melbourne,3
Tympanophora pinnaroo,,Insect,1,Perth,3
Udeocoris nigroaeneus,Seed Bug,Insect,1,Perth,3
Xanthodes amata,,Insect,1,Brisbane,3
Xanthorhoe strumosata,Geometer Moth,Insect,1,Melbourne,3
Xylobanus coenosus,,Insect,1,Sydney,3
Xyroscelis crocata,,Insect,1,Perth,3
Zonopetala synarthra,Concealer Moth,Insect,1,Adelaide,3
Akymichneumon rufipes,,Insect,1,Canberra–Queanbeyan,3
Allobaccha monobia,,Insect,1,Brisbane,3
Amphitropesa elegans,Horse Fly,Insect,1,Melbourne,3
Ankleineella sulcicollis,,Insect,1,Adelaide,3
Apiomorpha thorntoni,,Insect,1,Melbourne,3
Ardozyga celidophora,,Insect,1,Sydney,3
Ardozyga phasianis,,Insect,1,Sydney,3
Aulacus dandenongensis,,Insect,1,Melbourne,3
Balta yorkensis,,Insect,1,Brisbane,3
Barea semocausta,Concealer Moth,Insect,1,Melbourne,3
Bonjeania actuosa,,Insect,1,Hobart,3
Calolampra marginalis,,Insect,1,Perth,3
Carphurus longicollis,,Insect,1,Brisbane,3
Castiarina bremei,,Insect,1,Canberra–Queanbeyan,3
Castiarina colorata,,Insect,1,Adelaide,3
Castiarina indistincta,,Insect,1,Canberra–Queanbeyan,3
Castiarina militaris,Jewel Beetle,Insect,1,Melbourne,3
Catopsilia scylla,Orange Migrant,Insect,1,Darwin,3
Ceratolauxania elevata,Acalyptrate Fly,Insect,1,Adelaide,3
Cheirodes sardous,,Insect,1,Perth,3
Chostonectes gigas,Diving Beetle,Insect,1,Canberra–Queanbeyan,3
Colobostruma unicorna,,Insect,1,Brisbane,3
Creontiades pacificus,,Insect,1,Brisbane,3
Cyphotettix camelus,,Insect,1,Perth,3
Dichromodes orthotis,,Insect,1,Perth,3
Dicranolaius flavonotatus,,Insect,1,Brisbane,3
Duomyia apicalis,,Insect,1,Perth,3
Eburophora octoguttata,,Insect,1,Melbourne,3
Enicospilus dubitator,,Insect,1,Canberra–Queanbeyan,3
Epiphyas peloxythana,Leafroller Moth,Insect,1,Melbourne,3
Erechthias epomadia,,Insect,1,Brisbane,3
Euomus insculptus,,Insect,1,Perth,3
Eurhopalus friar,,Insect,1,Hobart,3
Eusynthemis tillyardi,Mountain Tigertail,Insect,1,Sydney,3
Geckomima brevirostris,,Insect,1,Darwin,3
Glaucocharis pogonias,,Insect,1,Melbourne,3
Grammodes oculata,,Insect,1,Brisbane,3
Heteromastix pauxillus,,Insect,1,Hobart,3
Hylaeus brevior,Plasterer Bee,Insect,1,Perth,3
Hypolamprus melilialis,,Insect,1,Darwin,3
Laophila sciara,,Insect,1,Brisbane,3
Lemidia obliquefasciata,,Insect,1,Perth,3
Lissotes cancroides,,Insect,1,Hobart,3
Metaphrastis acrochalca,,Insect,1,Perth,3
Nearcha tristificata,,Insect,1,Sydney,3
Nenenia aurulenta,,Insect,1,Melbourne,3
Neoscleropogon nicoteles,,Insect,1,Perth,3
Pachymorpha squalida,Rough Pachymorpha Stick-insect,Insect,1,Sydney,3
Paratettix spathulatus,,Insect,1,Sydney,3
Parepisparis brevidactyla,,Insect,1,Sydney,3
Pelagodes veraria,,Insect,1,Brisbane,3
Pelororhinus crassus,Horse-nosed Weevil,Insect,1,Perth,3
Peltoschema substriata,,Insect,1,Perth,3
Polyrhachis maculata,,Insect,1,Brisbane,3
Pristhesancus nigritus,,Insect,1,Darwin,3
Pygospila bivittalis,,Insect,1,Darwin,3
Schedorhinotermes seclusus,,Insect,1,Brisbane,3
Seirotrana catenulata,,Insect,1,Sydney,3
Tapeigaster subglabra,Fly,Insect,1,Melbourne,3
Tapinocis subapicalis,,Insect,1,Hobart,3
Technitis humerellus,,Insect,1,Melbourne,3
Thallis subtuberculata,,Insect,1,Melbourne,3
Theclinesthes albocinctus,Bitter-bush Blue,Insect,1,Adelaide,3
Thoris sexguttata,,Insect,1,Brisbane,3
Wurda norrisi,Bee Fly,Insect,1,Perth,3
Agonocheila cribripennis,,Insect,1,Canberra–Queanbeyan,3
Agrotis radians,Owlet Moth,Insect,1,Canberra–Queanbeyan,3
Aphanosperma orientalis,,Insect,1,Sydney,3
Apiomorpha calycina,Felt Scale Insect,Insect,1,Canberra–Queanbeyan,3
Aporocera rufoterminalis,,Insect,1,Canberra–Queanbeyan,3
Artiastis heliacma,,Insect,1,Canberra–Queanbeyan,3
Bathromelas hyaloscopa,,Insect,1,Canberra–Queanbeyan,3
Demetrida vittata,,Insect,1,Canberra–Queanbeyan,3
Diphucrania parva,,Insect,1,Adelaide,3
Ectomocoris australicus,,Insect,1,Darwin,3
Endoxyla nubila,,Insect,1,Canberra–Queanbeyan,3
Euwallacea fornicatus,Ambrosia Beetle,Insect,1,Perth,3
Glyphipterix perimetalla,Sedge Moth,Insect,1,Canberra–Queanbeyan,3
Heliocosma melanotypa,Leafroller Moth,Insect,1,Canberra–Queanbeyan,3
Hylastes ater,Black Pine Bark Beetle,Insect,1,Hobart,3
Lyctus parallelocollis,(powderpost Beetle),Insect,1,Canberra–Queanbeyan,3
Nanaguna clopaea,,Insect,1,Canberra–Queanbeyan,3
Neaspis variegata,,Insect,1,Canberra–Queanbeyan,3
Neolaemosaccus longimanus,,Insect,1,Canberra–Queanbeyan,3
Onthophagus tweedensis,,Insect,1,Brisbane,3
Orthetrum migratum,Rosy Skimmer,Insect,1,Darwin,3
Paropsisterna trimaculata,Eucalyptus Leaf Beetle,Insect,1,Canberra–Queanbeyan,3
Periscepta polysticta,Owlet Moth,Insect,1,Canberra–Queanbeyan,3
Philobota dichotoma,Concealer Moth,Insect,1,Canberra–Queanbeyan,3
Placocosma hephaestea,,Insect,1,Canberra–Queanbeyan,3
Porphyrodema pictulifer,Plant Bug,Insect,1,Canberra–Queanbeyan,3
Ptilophorus persimilis,,Insect,1,Canberra–Queanbeyan,3
Rhapsa eretmophora,,Insect,1,Sydney,3
Satrapia thesaurina,Concealer Moth,Insect,1,Canberra–Queanbeyan,3
Sirthenea obscura,,Insect,1,Sydney,3
Stigmatium victoriae,,Insect,1,Canberra–Queanbeyan,3
Strepsicrates sphenophora,,Insect,1,Canberra–Queanbeyan,3
Tracholena homopolia,,Insect,1,Canberra–Queanbeyan,3
Trapezites iacchus,Brown Ochre,Insect,1,Brisbane,3
Australimyza mcalpinei,Fly,Insect,1,Hobart,3
Blaps polychresta,,Insect,1,Adelaide,3
Cerceris armigera,,Insect,1,Adelaide,3
Ceronema caudatum,,Insect,1,Brisbane,3
Chetogaster violacea,Horse Fly,Insect,1,Canberra–Queanbeyan,3
Choeras morialta,,Insect,1,Adelaide,3
Decilaus infaustus,,Insect,1,Hobart,3
Demetrida infuscata,,Insect,1,Hobart,3
Drosophila funebris,Fruit Fly,Insect,1,Hobart,3
Dysmicoccus brevipes,Chanchito Blanca De La Pina,Insect,1,Hobart,3
Exechohypopion velox,,Insect,1,Hobart,3
Helina australasiae,,Insect,1,Hobart,3
Heteronyx pilosellus,,Insect,1,Hobart,3
Liparetrus convexus,,Insect,1,Hobart,3
Menetia alanae,Top End Dwarf Skink,Reptile,1,Darwin,3
Meranoplus pubescens,Ant,Insect,1,Adelaide,3
Metallochlora neomela,,Insect,1,Sydney,3
Mordella communis,,Insect,1,Hobart,3
Mordella distincta,,Insect,1,Hobart,3
Neolaemosaccus subsignatus,,Insect,1,Hobart,3
Ortholfersia phaneroneura,Louse Fly,Insect,1,Hobart,3
Oxyethira incana,Caddisfly,Insect,1,Darwin,3
Parasemus melas,,Insect,1,Hobart,3
Pemanoa tasmanica,,Insect,1,Hobart,3
Phloeotribus acaciae,,Insect,1,Hobart,3
Polistes variabilis,,Insect,1,Brisbane,3
Pseudagrion jedda,Dusky Riverdamsel,Insect,1,Darwin,3
Rhyzobius pulcher,,Insect,1,Hobart,3
Temnopalpus bicolor,,Insect,1,Hobart,3
Tenuitartessus blundellensis,Leafhopper,Insect,1,Hobart,3
Trachyscelis ciliaris,,Insect,1,Adelaide,3
Uranotaenia pygmaea,,Insect,1,Sydney,3
Villa alterna,,Insect,1,Hobart,3
Pycnonotus cafer,Red-vented Bulbul,Bird,1,Sydney,2
Manorina melanotis,Black-eared Miner,Bird,1,Sydney,2
Pardalotus quadragintus,Forty-spotted Pardalote,Bird,1,Hobart,2
Psophodes nigrogularis,Western Whipbird,Bird,1,Sydney,2
Tanysiptera sylvia,Buff-breasted Paradise-kingfisher,Bird,1,Brisbane,2
Bulweria bulwerii,Bulwer's Petrel,Bird,1,Sydney,2
Nycticorax nycticorax,Black-crowned Night-heron,Bird,1,Perth,2
Pterodroma neglecta,Kermadec Petrel,Bird,1,Sydney,2
Branta canadensis,Canada Goose,Bird,1,Sydney,2
Larus canus,Mew Gull,Bird,1,Sydney,2
Psephotellus varius,Mulga Parrot,Bird,1,Sydney,2
Lonchura oryzivora,Java Sparrow,Bird,1,Sydney,2
Heteromunia pectoralis,Pictorella Mannikin,Bird,1,Darwin,2
Ptiloris paradiseus,Paradise Riflebird,Bird,1,Brisbane,2
Heteromyias cinereifrons,Grey-headed Robin,Bird,1,Sydney,2
Antechinus minimus,Swamp Antechinus,Mammal,1,Melbourne,2
Dasyurus geoffroii,Chuditch,Mammal,1,Perth,2
Notamacropus eugenii,Tammar Wallaby,Mammal,1,Perth,2
Notamacropus irma,Western Brush Wallaby,Mammal,1,Perth,2
Ozimops kitcheneri,South-western Free-tailed Bat,Mammal,1,Perth,2
Anilios waitii,Beaked Blind Snake,Reptile,1,Perth,2
Aprasia pulchella,Western Granite Worm-lizard,Reptile,1,Perth,2
Balaenoptera acutorostrata,Dwarf Minke Whale,Mammal,1,Sydney,2
Coeranoscincus reticulatus,Three-toed Snake-tooth Skink,Reptile,1,Sydney,2
Cyclodomorphus casuarinae,Tasmanian She-oak Skink,Reptile,1,Hobart,2
Delma torquata,Adorned Delma,Reptile,1,Brisbane,2
Diplodactylus furcosus,Ranges Stone Gecko,Reptile,1,Adelaide,2
Diplodactylus polyophthalmus,Spotted Sandplain Gecko,Reptile,1,Perth,2
Dobsonia magna,Bare-backed Fruit-bat,Mammal,1,Brisbane,2
Equus asinus,Donkey,Mammal,1,Sydney,2
Gehyra lazelli,Southern Rock Dtella,Reptile,1,Adelaide,2
Hydrophis curtus,Spine-bellied Sea Snake,Reptile,1,Darwin,2
Myron richardsonii,Richardson's Mangrove Snake,Reptile,1,Darwin,2
Notomys mitchellii,Mitchell's Hopping-mouse,Mammal,1,Sydney,2
Nyctophilus bifax,Eastern Long-eared Bat,Mammal,1,Sydney,2
Pseudorca crassidens,False Killer Whale,Mammal,1,Sydney,2
Stenella attenuata,Spotted Dolphin,Mammal,1,Sydney,2
Stenella coeruleoalba,Striped Dolphin,Mammal,1,Sydney,2
Ablabus integricollis,,Insect,1,Hobart,2
Aboetheta pteridonoma,,Insect,1,Sydney,2
Acanthoperga cameronii,,Insect,1,Brisbane,2
Acrodipsas illidgei,Illidge's Ant-blue,Insect,1,Brisbane,2
Adelium licinoides,,Insect,1,Hobart,2
Afrophloeus squamifer,,Insect,1,Adelaide,2
Amblypsilopus commoni,,Insect,1,Darwin,2
Amegilla flava,,Insect,1,Adelaide,2
Amenia nigromaculata,,Insect,1,Perth,2
Anabarhynchus maritimus,Stiletto Fly,Insect,1,Adelaide,2
Analytarcha colleta,,Insect,1,Brisbane,2
Aneipo ceres,,Insect,1,Brisbane,2
Aneono australensis,Leafhopper,Insect,1,Perth,2
Anilios affinis,Small-headed Blind Snake,Reptile,1,Sydney,2
Anterhynchium tamarinum,,Insect,1,Sydney,2
Antestiopsis notia,,Insect,1,Darwin,2
Anydraula pericompsa,,Insect,1,Darwin,2
Aphaenogaster poultoni,,Insect,1,Perth,2
Aphneope sericata,,Insect,1,Melbourne,2
Apiomorpha baeuerleni,,Insect,1,Brisbane,2
Araeopteron micraeola,,Insect,1,Brisbane,2
Araeostoma aenicta,,Insect,1,Melbourne,2
Ardozyga catopta,,Insect,1,Brisbane,2
Aricerus eichhoffi,Fig Twig-borer,Insect,1,Sydney,2
Aristaenetus diffinis,,Insect,1,Brisbane,2
Aristotelia centrosema,,Insect,1,Melbourne,2
Arytinnis hakani,,Insect,1,Melbourne,2
Aspidimorpha maculatissima,,Insect,1,Darwin,2
Astraeus navarchis,,Insect,1,Melbourne,2
Astraeus oberthuri,,Insect,1,Perth,2
Atesta pubescens,,Insect,1,Melbourne,2
Aulacorthum solani,Foxglove Aphid,Insect,1,Melbourne,2
Austrelaps ramsayi,Highland Copperhead,Reptile,1,Sydney,2
Baris tenuistriata,,Insect,1,Brisbane,2
Batrachedra liopis,,Insect,1,Sydney,2
Bipunctiphorus euctimena,,Insect,1,Brisbane,2
Brachybelistis pentachroa,Concealer Moth,Insect,1,Brisbane,2
Brevicyttara cyclospila,,Insect,1,Perth,2
Bruchus pisorum,,Insect,1,Melbourne,2
Calathusa cyrtosticha,,Insect,1,Brisbane,2
Camponotus judithmorrisae,,Insect,1,Adelaide,2
Camponotus woodroffeensis,,Insect,1,Adelaide,2
Cathyalia pallicostalis,,Insect,1,Brisbane,2
Cebes transiens,Treehopper,Insect,1,Melbourne,2
Chaetocneme denitza,Ornate Dusk-flat,Insect,1,Brisbane,2
Chalcolampra thoracica,,Insect,1,Melbourne,2
Chiriphe equidistans,,Insect,1,Brisbane,2
Chlenias seminigra,Geometer Moth,Insect,1,Adelaide,2
Chloroclystis nigrilineata,,Insect,1,Darwin,2
Chrysochloroma megaloptera,,Insect,1,Darwin,2
Comostolopsis germana,,Insect,1,Sydney,2
Corgatha pleuroplaca,,Insect,1,Perth,2
Crepidomenus victoriae,,Insect,1,Melbourne,2
Cruria kochii,,Insect,1,Brisbane,2
Ctenocolletes ordensis,,Insect,1,Perth,2
Ctenotus labillardieri,Common South-west Ctenotus,Reptile,1,Perth,2
Culex bitaeniorhynchus,,Insect,1,Brisbane,2
Culex hilli,,Insect,1,Darwin,2
Cydistomyia alternata,,Insect,1,Brisbane,2
Cyrtobagous salviniae,Salvinia Weevil,Insect,1,Brisbane,2
Delma grayii,Side-barred Delma,Reptile,1,Perth,2
Demansia vestigiata,Lesser Black Whipsnake,Reptile,1,Darwin,2
Dendropemon albopictus,,Insect,1,Brisbane,2
Diadoxus jungi,,Insect,1,Melbourne,2
Dichetophora biroi,Marsh Fly,Insect,1,Melbourne,2
Dichromodes personalis,,Insect,1,Perth,2
Diphtheroptila ochridorsellum,,Insect,1,Brisbane,2
Ditaxis meridiei,,Insect,1,Melbourne,2
Ditropidus vulpinus,,Insect,1,Adelaide,2
Docidomyia victoriana,Bee Fly,Insect,1,Melbourne,2
Dryophilodes niger,,Insect,1,Melbourne,2
Dulitocoris usingeri,,Insect,1,Brisbane,2
Eligma orthoxantha,,Insect,1,Brisbane,2
Emplesis parilis,,Insect,1,Melbourne,2
Epicephala albistriatella,,Insect,1,Brisbane,2
Episyrphus glaber,,Insect,1,Sydney,2
Epopostruma curiosa,,Insect,1,Brisbane,2
Erechthias diaphora,,Insect,1,Melbourne,2
Eremnozona straminea,,Insect,1,Brisbane,2
Eridolera leucostephes,,Insect,1,Brisbane,2
Ethaltomarus terraereginae,,Insect,1,Brisbane,2
Eublemma vestalis,,Insect,1,Darwin,2
Eucrostes disparata,,Insect,1,Brisbane,2
Eulechria pentatypa,,Insect,1,Sydney,2
Eulechria syngenes,,Insect,1,Brisbane,2
Eumerus argyrogaster,,Insect,1,Sydney,2
Euryglossula fultoni,Plasterer Bee,Insect,1,Perth,2
Exithius cariosus,,Insect,1,Hobart,2
Exithius tricarinatus,,Insect,1,Melbourne,2
Fingulus atrocaeruleus,,Insect,1,Melbourne,2
Gaetulia koebelei,,Insect,1,Canberra–Queanbeyan,2
Gardena brevicollis,,Insect,1,Brisbane,2
Gasteruption curticauda,Parasitoid Wasp,Insect,1,Hobart,2
Gryllotalpa oya,,Insect,1,Adelaide,2
Harpobittacus phaeoscius,,Insect,1,Perth,2
Helictophanes prospera,,Insect,1,Brisbane,2
Heliocosma incongruana,,Insect,1,Melbourne,2
Hesperilla malindeva,Malindeva Skipper,Insect,1,Brisbane,2
Hesthesis cingulatus,,Insect,1,Sydney,2
Hippotion boerhaviae,,Insect,1,Brisbane,2
Hyderodes crassus,Diving Beetle,Insect,1,Perth,2
Hydrophis stokesii,Stokes's Sea Snake,Reptile,1,Sydney,2
Hylaeus greavesi,,Insect,1,Perth,2
Hypodoxa erebusata,,Insect,1,Darwin,2
Hypospila dochmotoma,,Insect,1,Brisbane,2
Illiesoperla mayi,Stonefly,Insect,1,Adelaide,2
Iridomyrmex obscurior,Ant,Insect,1,Melbourne,2
Iridomyrmex victorianus,Ant,Insect,1,Melbourne,2
Iscadia poliochroa,,Insect,1,Brisbane,2
Kempynus millgrovensis,,Insect,1,Melbourne,2
Kuranda notata,,Insect,1,Sydney,2
Labdia cyanogramma,,Insect,1,Brisbane,2
Labena chadwickii,,Insect,1,Melbourne,2
Lambula phyllodes,,Insect,1,Sydney,2
Lasioglossum cassiaeflore,,Insect,1,Brisbane,2
Lecithocera alampes,,Insect,1,Melbourne,2
Leperina monilata,,Insect,1,Melbourne,2
Leptopius spinipennis,,Insect,1,Perth,2
Leptopius tuberculatus,,Insect,1,Brisbane,2
Leptotarsus terraereginae,,Insect,1,Brisbane,2
Lepturidea cylindrica,,Insect,1,Adelaide,2
Linogeraeus urbanus,,Insect,1,Melbourne,2
Lixus breweri,,Insect,1,Perth,2
Lygesis mendica,,Insect,1,Melbourne,2
Macrobathra leucozancla,,Insect,1,Brisbane,2
Maechidius tridentatus,,Insect,1,Brisbane,2
Maroga leptopasta,,Insect,1,Darwin,2
Maurilia iconica,,Insect,1,Brisbane,2
Mayriella abstinens,,Insect,1,Brisbane,2
Mayriella spinosior,,Insect,1,Brisbane,2
Mediastinia australica,,Insect,1,Brisbane,2
Megachile eucalypti,,Insect,1,Adelaide,2
Melanozosteria obscura,Cockroach,Insect,1,Adelaide,2
Meranda holochrysa,,Insect,1,Darwin,2
Meranoplus hirsutus,,Insect,1,Brisbane,2
Meranoplus mjobergi,,Insect,1,Brisbane,2
Mesovelia hungerfordi,Water Treader,Insect,1,Brisbane,2
Metallea incisuralis,Blow Fly,Insect,1,Adelaide,2
Metapelma westwoodi,,Insect,1,Canberra–Queanbeyan,2
Microchrysa wrightae,,Insect,1,Brisbane,2
Mimomyia chamberlaini,,Insect,1,Brisbane,2
Misophrice squamiventris,,Insect,1,Hobart,2
Myrmecia pulchra,Bull Ant,Insect,1,Melbourne,2
Myrmecorhynchus carteri,Ant,Insect,1,Melbourne,2
Nacoleia oncophragma,,Insect,1,Melbourne,2
Nanexila livea,,Insect,1,Sydney,2
Nasuticladius wirthi,Midge,Insect,1,Melbourne,2
Neolaemosaccus narinus,,Insect,1,Melbourne,2
Neomyia lauta,,Insect,1,Brisbane,2
Nilobezzia curticornis,Biting Midge,Insect,1,Melbourne,2
Noeetomima decora,,Insect,1,Brisbane,2
Nola cycota,Tuft Moth,Insect,1,Melbourne,2
Notoceresium impressiceps,,Insect,1,Melbourne,2
Notoligotoma hardyi,,Insect,1,Perth,2
Notoplatypus elongatus,,Insect,1,Brisbane,2
Nudaria mollis,,Insect,1,Brisbane,2
Nycteola indica,,Insect,1,Brisbane,2
Ochropolia micrastis,,Insect,1,Adelaide,2
Ochyrolopha praecana,,Insect,1,Brisbane,2
Ogmograptis scribula,,Insect,1,Brisbane,2
Onthophagus fuliginosus,,Insect,1,Hobart,2
Ophrythyreocis fasciculatus,,Insect,1,Melbourne,2
Opogona nebularis,,Insect,1,Melbourne,2
Oroderes uniformis,,Insect,1,Perth,2
Parastethorus histrio,,Insect,1,Hobart,2
Paromius gracilis,,Insect,1,Brisbane,2
Paropsis bella,,Insect,1,Melbourne,2
Paropsis elytrura,,Insect,1,Perth,2
Paropsis thyone,,Insect,1,Darwin,2
Pergaphaga xanthops,,Insect,1,Canberra–Queanbeyan,2
Persicoptera aglaopa,,Insect,1,Melbourne,2
Petrelaea tombugensis,Mauve Line-blue,Insect,1,Darwin,2
Phaulacridium crassum,,Insect,1,Perth,2
Pheidole ampla,,Insect,1,Perth,2
Phoracantha impavida,,Insect,1,Perth,2
Phytometra formosalis,,Insect,1,Brisbane,2
Piyuma prosopoides,,Insect,1,Sydney,2
Poecilohetaerus leucopus,,Insect,1,Melbourne,2
Polididus australis,,Insect,1,Brisbane,2
Polyacme subpulchra,,Insect,1,Brisbane,2
Primeuchroeus relegatus,,Insect,1,Sydney,2
Proteuxoa typhlopa,,Insect,1,Melbourne,2
Protopulvinaria pyriformis,Pyriform Scale,Insect,1,Perth,2
Psaltoda mossi,,Insect,1,Brisbane,2
Pseudonaja modesta,Ringed Brown Snake,Reptile,1,Sydney,2
Ptilophorus meyricki,,Insect,1,Melbourne,2
Ptinus albohumeralis,,Insect,1,Melbourne,2
Ptyssoptera tetropa,,Insect,1,Perth,2
Pyrellia tasmaniae,,Insect,1,Melbourne,2
Pyroderces tenuilinea,,Insect,1,Brisbane,2
Rehimena phrynealis,,Insect,1,Darwin,2
Rhinaria cristata,,Insect,1,Melbourne,2
Rhinotia marginella,,Insect,1,Sydney,2
Rhytidoponera convexa,,Insect,1,Brisbane,2
Rhytidoponera inornata,,Insect,1,Perth,2
Rhyzobius alphabeticus,,Insect,1,Hobart,2
Sarisophora tenella,,Insect,1,Brisbane,2
Schistophleps obducta,,Insect,1,Brisbane,2
Selepa celtis,,Insect,1,Darwin,2
Simoselaps littoralis,West-coast Banded Snake,Reptile,1,Perth,2
Sophron inornatum,,Insect,1,Melbourne,2
Sphodropoda quinquedens,,Insect,1,Darwin,2
Spondyliaspis nigra,,Insect,1,Melbourne,2
Strongylurus musgravei,,Insect,1,Sydney,2
Syarbis porcata,,Insect,1,Perth,2
Synemon crocea,Orange-banded Sun-moth,Insect,1,Perth,2
Taenogerella nigrapicalis,Stiletto Fly,Insect,1,Perth,2
Temnelytra truncata,Cockroach,Insect,1,Sydney,2
Temognatha duboulayi,Jewel Beetle,Insect,1,Darwin,2
Temognatha excisicollis,,Insect,1,Brisbane,2
Thallarcha levis,,Insect,1,Brisbane,2
Thallogama corticola,Geometer Moth,Insect,1,Melbourne,2
Thereutria pulchra,,Insect,1,Brisbane,2
Thymiatris cephalochra,,Insect,1,Brisbane,2
Timareta crinita,,Insect,1,Perth,2
Trichananca fulgida,,Insect,1,Melbourne,2
Trichophysetis fulvifusalis,,Insect,1,Brisbane,2
Trichorhachus hyalinus,,Insect,1,Perth,2
Triclista media,,Insect,1,Brisbane,2
Trigonodera conicollis,,Insect,1,Sydney,2
Tritymba acrospila,,Insect,1,Brisbane,2
Valanga meleager,,Insect,1,Darwin,2
Vitellus mucronatus,,Insect,1,Sydney,2
Xantheurytoma pallidicoxa,,Insect,1,Sydney,2
Xylobosca bispinosus,,Insect,1,Melbourne,2
Xyloperga univittata,,Insect,1,Brisbane,2
Xylorycta maeandria,,Insect,1,Sydney,2
Yoyetta nigrimontana,,Insect,1,Canberra–Queanbeyan,2
Yoyetta spectabilis,,Insect,1,Melbourne,2
Zatypota dandiensis,,Insect,1,Melbourne,2
Acaciacapsus bournda,,Insect,1,Melbourne,2
Acontia crocata,,Insect,1,Darwin,2
Acrocercops hedymopa,,Insect,1,Brisbane,2
Aedes rupestris,,Insect,1,Melbourne,2
Aesiotyche favosa,,Insect,1,Canberra–Queanbeyan,2
Alyxiaphagus picturatus,,Insect,1,Perth,2
Amarygmus minutus,,Insect,1,Melbourne,2
Amblyopone hackeri,,Insect,1,Sydney,2
Anabarhynchus spinosus,,Insect,1,Perth,2
Andriscus telifer,,Insect,1,Brisbane,2
Anonychomyrma nitidiceps,Ant,Insect,1,Brisbane,2
Antargidium dentivalve,,Insect,1,Brisbane,2
Antissella parvidentata,,Insect,1,Melbourne,2
Aonychus lineatus,,Insect,1,Perth,2
Aphaenogaster barbigula,Ant,Insect,1,Perth,2
Aponotoreas cheimatobiata,Geometer Moth,Insect,1,Hobart,2
Apotrechus illawarra,,Insect,1,Sydney,2
Appolonius robustus,,Insect,1,Brisbane,2
Archimantis brunneriana,,Insect,1,Brisbane,2
Ardiosteres velutinana,,Insect,1,Sydney,2
Ardozyga furcifera,Twirler Moth,Insect,1,Sydney,2
Ardozyga obeliscota,,Insect,1,Sydney,2
Ardozyga secta,,Insect,1,Brisbane,2
Ardozyga sisyraea,,Insect,1,Sydney,2
Arotrophora siniocosma,,Insect,1,Hobart,2
Asota caricae,,Insect,1,Darwin,2
Atarba australasiae,,Insect,1,Melbourne,2
Ateleia spadicithorax,,Insect,1,Canberra–Queanbeyan,2
Atesta thorntoni,,Insect,1,Melbourne,2
Australoneda bourgeoisi,,Insect,1,Brisbane,2
Austrolestes aleison,Western Ringtail,Insect,1,Perth,2
Austrosaropogon claviger,,Insect,1,Brisbane,2
Authomaema pentacosma,,Insect,1,Perth,2
Axiocrita cataphanes,,Insect,1,Brisbane,2
Bactericera cockerelli,Potato Psyllid,Insect,1,Perth,2
Bactrocera decurtans,,Insect,1,Darwin,2
Bathytricha leonina,Owlet Moth,Insect,1,Melbourne,2
Brachybelistis blackburnii,Concealer Moth,Insect,1,Brisbane,2
Brachysandalus lurco,,Insect,1,Perth,2
Cadmus vibrans,,Insect,1,Melbourne,2
Cadra reniformis,,Insect,1,Darwin,2
Campylothynnus assimilis,,Insect,1,Perth,2
Candovia aberrata,Aberrant Stick-insect,Insect,1,Brisbane,2
Cardiaspina textrix,Psyllid Bug,Insect,1,Melbourne,2
Castiarina interstitialis,,Insect,1,Melbourne,2
Catasarcus cygnensis,,Insect,1,Perth,2
Cerceris goddardi,,Insect,1,Brisbane,2
Certonotus sisyphus,Ichneumon Wasp,Insect,1,Melbourne,2
Chalcomela cupripennis,,Insect,1,Melbourne,2
Chezala silvestris,,Insect,1,Brisbane,2
Chiasmoneura collessi,,Insect,1,Brisbane,2
Chionogenes isanema,,Insect,1,Melbourne,2
Choreutis sycopola,,Insect,1,Brisbane,2
Clitemnestra plomleyi,Wasp,Insect,1,Melbourne,2
Coenotoca subaspersa,Owlet Moth,Insect,1,Sydney,2
Cophinopoda garnotii,,Insect,1,Brisbane,2
Coptocercus robustus,,Insect,1,Melbourne,2
Coptotettix gyoergyii,,Insect,1,Brisbane,2
Corynophyllus fortnumi,,Insect,1,Adelaide,2
Crocanthes characotis,,Insect,1,Darwin,2
Cryptolechia triphaenatella,Concealer Moth,Insect,1,Sydney,2
Cryptophasa insana,Concealer Moth,Insect,1,Adelaide,2
Cumare pallida,,Insect,1,Brisbane,2
Curculio sulfureosignatus,,Insect,1,Brisbane,2
Cyptophania australica,,Insect,1,Brisbane,2
Cystococcus campanidorsalis,,Insect,1,Brisbane,2
Danerces bicolor,,Insect,1,Brisbane,2
Dasybasis postponens,,Insect,1,Melbourne,2
Delta nigritarse,,Insect,1,Darwin,2
Dexerra angularis,,Insect,1,Perth,2
Diasceta aeolias,Concealer Moth,Insect,1,Melbourne,2
Dichromodes compsotis,,Insect,1,Perth,2
Dichromodes triparata,,Insect,1,Sydney,2
Dicrotendipes septemmaculatus,Midge,Insect,1,Melbourne,2
Dilompus robustus,Bug,Insect,1,Melbourne,2
Dinocephalia cyaneipennis,,Insect,1,Sydney,2
Dinophalus bathrosema,,Insect,1,Perth,2
Dippilana membranacea,,Insect,1,Adelaide,2
Distocupes varians,,Insect,1,Melbourne,2
Dohrnia simplex,,Insect,1,Hobart,2
Ecphantus quadrilobus,Crested Tooth-grinder,Insect,1,Brisbane,2
Ectinorhynchus brunneus,,Insect,1,Brisbane,2
Elatichrosis exarata,,Insect,1,Hobart,2
Eleale obscurus,,Insect,1,Melbourne,2
Eleale parallela,,Insect,1,Brisbane,2
Elusa ceneusalis,,Insect,1,Brisbane,2
Encarsia formosa,Greenhouse Whitefly Parasite Wasp,Insect,1,Melbourne,2
Enicospilus morleyi,,Insect,1,Brisbane,2
Eomenopon denticulatum,,Insect,1,Sydney,2
Epargemus marmoratus,Beetle,Insect,1,Melbourne,2
Epicoma dispar,Moth,Insect,1,Darwin,2
Epicyrtica leucostigma,Owlet Moth,Insect,1,Melbourne,2
Episcaphula rudepunctata,,Insect,1,Brisbane,2
Erebus crepuscularis,,Insect,1,Darwin,2
Erechthias orchestris,,Insect,1,Brisbane,2
Eremococcus turbinatus,,Insect,1,Hobart,2
Etanna albisecta,,Insect,1,Brisbane,2
Euchaetis inclusella,,Insect,1,Sydney,2
Eumerus aurifrons,,Insect,1,Brisbane,2
Euryglossina pulchra,,Insect,1,Brisbane,2
Eurygryllodes warrilla,,Insect,1,Perth,2
Eusthenica treicleiota,,Insect,1,Brisbane,2
Eutorna diaula,,Insect,1,Melbourne,2
Exocentrus miselloides,,Insect,1,Brisbane,2
Furcatrox paracus,Geometer Moth,Insect,1,Melbourne,2
Gasteruption cornutum,,Insect,1,Perth,2
Gasteruption exile,,Insect,1,Melbourne,2
Gilippus hostilis,Shield Bug,Insect,1,Melbourne,2
Glyphipterix pyrophora,,Insect,1,Melbourne,2
Hamaxas nigrorufus,,Insect,1,Brisbane,2
Hednota opulentellus,Grass Moth,Insect,1,Melbourne,2
Hednota recurvellus,,Insect,1,Perth,2
Hemibela trigonoptera,,Insect,1,Brisbane,2
Himerois periphaea,,Insect,1,Darwin,2
Hirtodrosophila mycetophaga,,Insect,1,Melbourne,2
Hoplomorpha notatana,,Insect,1,Sydney,2
Hoshihananomia octodecimmaculata,,Insect,1,Melbourne,2
Hylaeus delicatus,Plasterer Bee,Insect,1,Brisbane,2
Hyperiosoma falcatum,,Insect,1,Brisbane,2
Hypocysta euphemia,Rock Ringlet,Insect,1,Sydney,2
Idaea miltophrica,,Insect,1,Darwin,2
Iscadia pulchra,Owlet Moth,Insect,1,Brisbane,2
Isopteron obscurum,,Insect,1,Hobart,2
Kalkadoona confinis,,Insect,1,Melbourne,2
Kalotermes atratus,Termite,Insect,1,Melbourne,2
Kapunda tepperi,,Insect,1,Adelaide,2
Lagria cyanea,,Insect,1,Brisbane,2
Laphria flavifemorata,,Insect,1,Sydney,2
Lasioglossum mediopolitum,Sweat Bee,Insect,1,Adelaide,2
Leioproctus fulvus,Plasterer Bee,Insect,1,Sydney,2
Lemidia virgata,,Insect,1,Melbourne,2
Lepidoscia hyalistis,,Insect,1,Melbourne,2
Leptopius tetraphysodes,,Insect,1,Brisbane,2
Libnotes terraereginae,,Insect,1,Melbourne,2
Liphyra brassolis,Moth Butterfly,Insect,1,Darwin,2
Lophothripa vitea,,Insect,1,Darwin,2
Macroglossum micacea,,Insect,1,Brisbane,2
Mallochinus mastersi,,Insect,1,Melbourne,2
Mandalotus sterilis,,Insect,1,Adelaide,2
Megachile monkmani,Bee,Insect,1,Adelaide,2
Megacoelum suffusum,,Insect,1,Brisbane,2
Menippus yulensis,,Insect,1,Darwin,2
Metoligotoma ingens,,Insect,1,Canberra–Queanbeyan,2
Microbela monodyas,Moth,Insect,1,Melbourne,2
Microchilo gelastis,,Insect,1,Canberra–Queanbeyan,2
Micropoecila cincta,,Insect,1,Perth,2
Microvalgus bursuriae,,Insect,1,Hobart,2
Mimoscopa ochetaula,,Insect,1,Melbourne,2
Miscera desmotoma,Day-flying Moth,Insect,1,Melbourne,2
Morosaphycita poliochyta,,Insect,1,Adelaide,2
Myllorhinus strenuus,,Insect,1,Brisbane,2
Myrmecia ludlowi,,Insect,1,Perth,2
Nanexila armeniacum,,Insect,1,Perth,2
Nascioides carissima,,Insect,1,Melbourne,2
Naupoda regina,,Insect,1,Brisbane,2
Neohydrocoptus subfasciatus,Water Beetle,Insect,1,Darwin,2
Neoscrobiger patricius,,Insect,1,Hobart,2
Neothallis bizonata,,Insect,1,Brisbane,2
Nephopterix hemibaphes,,Insect,1,Perth,2
Ogmograptis racemosa,,Insect,1,Sydney,2
Opisthoscelis beardsleyi,,Insect,1,Melbourne,2
Ornithomya fuscipennis,Louse Fly,Insect,1,Brisbane,2
Ortholomia moluccana,,Insect,1,Brisbane,2
Orussobaius wilsoni,Parasitoid Wasp,Insect,1,Melbourne,2
Oxycanus determinata,,Insect,1,Perth,2
Pachybela tetraspora,,Insect,1,Perth,2
Pachydissus picipennis,,Insect,1,Adelaide,2
Pachygrontha walkeri,,Insect,1,Brisbane,2
Paederus meyricki,,Insect,1,Perth,2
Palpita austrannulata,,Insect,1,Darwin,2
Pamborus guerinii,,Insect,1,Sydney,2
Paradromulia ambigua,,Insect,1,Brisbane,2
Paraepermenia santaliella,,Insect,1,Melbourne,2
Paraspania pygmaea,,Insect,1,Sydney,2
Paraspathulina eremostigma,Primitive Crane Fly,Insect,1,Adelaide,2
Paropsis marmorea,,Insect,1,Melbourne,2
Patissa stenopteralis,,Insect,1,Darwin,2
Perga vollenhovii,,Insect,1,Brisbane,2
Periphyllus californiensis,California Maple Aphid,Insect,1,Hobart,2
Periphyllus testudinaceus,,Insect,1,Melbourne,2
Phaenacantha australiae,Linear Bug,Insect,1,Darwin,2
Philagra concolor,,Insect,1,Sydney,2
Philobota gonostropha,,Insect,1,Adelaide,2
Philobota melanoglypta,,Insect,1,Melbourne,2
Phoracantha lata,,Insect,1,Hobart,2
Phoracantha superans,,Insect,1,Hobart,2
Phycomorpha prasinochroa,,Insect,1,Sydney,2
Phyllochlaenia villosus,,Insect,1,Hobart,2
Plagiodera amplipennis,,Insect,1,Brisbane,2
Platisus bicolor,,Insect,1,Melbourne,2
Platypus subgranosus,Mountain Pinhole Borer,Insect,1,Hobart,2
Platyzosteria marginalis,,Insect,1,Perth,2
Poecilohetaerus albolineatus,Acalyptrate Fly,Insect,1,Melbourne,2
Pogonortalis commoni,,Insect,1,Perth,2
Porela albifinis,White-tailed Porela,Insect,1,Adelaide,2
Porela amathodes,,Insect,1,Perth,2
Porela subfasciata,Lappet Moth,Insect,1,Melbourne,2
Pristaulacus flavoguttatus,,Insect,1,Hobart,2
Prorodes mimica,,Insect,1,Brisbane,2
Pseudohalme laetabilis,,Insect,1,Melbourne,2
Pseudotrielis gilesi,,Insect,1,Perth,2
Psittaconirmus launceloti,,Insect,1,Sydney,2
Pterohelaeus socialis,,Insect,1,Melbourne,2
Ptilophyllodromia biroi,,Insect,1,Hobart,2
Pyropsalta patula,,Insect,1,Perth,2
Rhinoncus australis,,Insect,1,Melbourne,2
Rhopalosiphum maidis,Corn Aphid,Insect,1,Melbourne,2
Rhynchina inornata,,Insect,1,Darwin,2
Saptha libanota,,Insect,1,Brisbane,2
Scirpophaga nivella,,Insect,1,Brisbane,2
Scoparia eumeles,,Insect,1,Sydney,2
Scoparia niphetodes,,Insect,1,Sydney,2
Scoparia philonephes,,Insect,1,Canberra–Queanbeyan,2
Scopula despoliata,,Insect,1,Darwin,2
Scotocyma albinotata,,Insect,1,Sydney,2
Selagis peroni,,Insect,1,Perth,2
Sericogaster fasciata,Plasterer Bee,Insect,1,Sydney,2
Sphex argentatissimus,,Insect,1,Darwin,2
Spodoptera frugiperda,Fall Armyworm,Insect,1,Brisbane,2
Stenoderus opacicollis,,Insect,1,Brisbane,2
Stethorus fenestralis,,Insect,1,Brisbane,2
Stilbopteryx costalis,,Insect,1,Sydney,2
Storeus variegatus,,Insect,1,Melbourne,2
Strumigenys perplexa,Ant,Insect,1,Melbourne,2
Syllitus brimblecombei,,Insect,1,Brisbane,2
Sylvicola funebris,Bee Fly,Insect,1,Melbourne,2
Syntherata escarlata,,Insect,1,Darwin,2
Tachystola ptochodes,,Insect,1,Brisbane,2
Tanyscelis maculata,,Insect,1,Melbourne,2
Tapeigaster pulverea,Fly,Insect,1,Sydney,2
Tarachota scaphosema,,Insect,1,Melbourne,2
Tarsostenus hilaris,,Insect,1,Melbourne,2
Tetramorium lanuginosum,Wooly Ant,Insect,1,Brisbane,2
Thalatha melanophrica,Owlet Moth,Insect,1,Sydney,2
Theretra queenslandi,,Insect,1,Brisbane,2
Tinganina dimorpha,Shield Bug,Insect,1,Melbourne,2
Trachymela graphica,,Insect,1,Sydney,2
Trapezites sciron,Sciron Skipper,Insect,1,Perth,2
Trichaulax marginipennis,,Insect,1,Brisbane,2
Trichosirocalus horridus,Thistle Rosette Weevil,Insect,1,Canberra–Queanbeyan,2
Tropiphlepsia badia,,Insect,1,Melbourne,2
Turneria rosschinga,,Insect,1,Brisbane,2
Tympanophora similis,,Insect,1,Perth,2
Tympanophora uvarovi,,Insect,1,Sydney,2
Zasphinctus froggatti,,Insect,1,Sydney,2
Zonopetala correcta,,Insect,1,Sydney,2
Zoraida essingtonii,,Insect,1,Brisbane,2
Zyganisus caliginosus,Australian Goat Moth,Insect,1,Hobart,2
Abrotesia griphodes,,Insect,1,Darwin,2
Acantholophus tasmaniensis,,Insect,1,Hobart,2
Acanthomima rhipheus,,Insect,1,Perth,2
Acraephnes litodes,,Insect,1,Brisbane,2
Acridotarsa celsella,,Insect,1,Sydney,2
Actilasioptera pustulata,,Insect,1,Sydney,2
Acupalpa dolichorhyncha,,Insect,1,Perth,2
Aeolocosma iridozona,Concealer Moth,Insect,1,Sydney,2
Aesa dimidatus,,Insect,1,Brisbane,2
Agapophytus aterrimus,Stiletto Fly,Insect,1,Brisbane,2
Agapophytus biluteus,,Insect,1,Melbourne,2
Aleucosia directa,,Insect,1,Sydney,2
Ancylis volutana,,Insect,1,Melbourne,2
Ancyttalia tarsalis,,Insect,1,Melbourne,2
Andrenosoma tectamum,,Insect,1,Brisbane,2
Anotylus brunneipennis,,Insect,1,Melbourne,2
Apiomorpha frenchi,,Insect,1,Melbourne,2
Apiomorpha sloanei,,Insect,1,Brisbane,2
Aporocera chrysomelina,,Insect,1,Brisbane,2
Arniscus humeralis,,Insect,1,Perth,2
Australojalla versicolor,,Insect,1,Brisbane,2
Baclozygum brachypterum,Bug,Insect,1,Perth,2
Baclozygum depressum,Bug,Insect,1,Hobart,2
Bactrocera bryoniae,,Insect,1,Brisbane,2
Bembix lamellata,Wasp,Insect,1,Adelaide,2
Bethelium inconspicuum,,Insect,1,Adelaide,2
Brachypeplus planus,,Insect,1,Hobart,2
Brenthia quadriforella,,Insect,1,Darwin,2
Calathusa eremna,,Insect,1,Canberra–Queanbeyan,2
Carenum marginatum,,Insect,1,Sydney,2
Carphurus armipennis,,Insect,1,Brisbane,2
Castiarina anchoralis,,Insect,1,Perth,2
Ceronema dryandrae,,Insect,1,Perth,2
Chilatomaria australis,,Insect,1,Melbourne,2
Choreutis melanopepla,,Insect,1,Brisbane,2
Chorotingis indigena,,Insect,1,Perth,2
Chrysolarentia cydalima,Geometer Moth,Insect,1,Melbourne,2
Colgaroides viridis,,Insect,1,Darwin,2
Colymbomorpha lineata,,Insect,1,Perth,2
Copidita interrupta,,Insect,1,Brisbane,2
Coranus callosus,Assassin Bug,Insect,1,Melbourne,2
Coripera ocellata,,Insect,1,Melbourne,2
Cranopygia lueddemanni,,Insect,1,Sydney,2
Crocidosema apicinota,,Insect,1,Brisbane,2
Cryptoneossa triangula,,Insect,1,Melbourne,2
Cyphaleus metallescens,,Insect,1,Canberra–Queanbeyan,2
Decilaus suturalis,,Insect,1,Hobart,2
Diakonoffiana tricolorana,,Insect,1,Brisbane,2
Diamesus osculans,,Insect,1,Brisbane,2
Diochlistus mitis,,Insect,1,Perth,2
Dirhinus anthracia,,Insect,1,Melbourne,2
Distoplectron minor,,Insect,1,Melbourne,2
Duomyia tomentosa,,Insect,1,Brisbane,2
Echmepteryx madagascariensis,,Insect,1,Brisbane,2
Eclecta aurorella,,Insect,1,Sydney,2
Ectosticta ornata,,Insect,1,Hobart,2
Endoxyla mackeri,Carpenter Moth,Insect,1,Brisbane,2
Endoxyla macleayi,,Insect,1,Brisbane,2
Enteles vigorsii,,Insect,1,Brisbane,2
Epicyrtica lichenophora,Owlet Moth,Insect,1,Adelaide,2
Erechthias acontotypa,,Insect,1,Brisbane,2
Eucyclodes fascinans,,Insect,1,Brisbane,2
Eulechria absona,,Insect,1,Brisbane,2
Euphronarcha leptodesma,Geometer Moth,Insect,1,Perth,2
Eupolemus tasmanicus,Shield Bug,Insect,1,Hobart,2
Euprosopia subula,,Insect,1,Brisbane,2
Euryglossina angulifacies,,Insect,1,Hobart,2
Euryglossina crococephala,,Insect,1,Adelaide,2
Euzora collucens,,Insect,1,Brisbane,2
Fisera halurga,,Insect,1,Adelaide,2
Garrha amata,,Insect,1,Perth,2
Glyphodes canthusalis,,Insect,1,Brisbane,2
Harpobittacus scheibeli,,Insect,1,Brisbane,2
Hexymus australis,,Insect,1,Melbourne,2
Holocola sollicitana,,Insect,1,Melbourne,2
Homospora rhodoscopa,,Insect,1,Darwin,2
Hylaeus quadratus,Plasterer Bee,Insect,1,Melbourne,2
Illyria hilli,,Insect,1,Darwin,2
Kapu adelaidica,,Insect,1,Perth,2
Lactura sapotearum,,Insect,1,Brisbane,2
Larophylla amimeta,,Insect,1,Sydney,2
Lasioglossum brazieri,Sweat Bee,Insect,1,Canberra–Queanbeyan,2
Lecithocera cyamitis,,Insect,1,Brisbane,2
Leioproctus elegans,Plasterer Bee,Insect,1,Brisbane,2
Lepidoscia phaulodes,,Insect,1,Sydney,2
Macarostola polyplaca,,Insect,1,Perth,2
Macroscytus minimus,,Insect,1,Melbourne,2
Margarosticha repetitalis,,Insect,1,Darwin,2
Megacentron erebeum,Midge,Insect,1,Melbourne,2
Melanterius semiporcatus,,Insect,1,Adelaide,2
Meranoplus ferrugineus,,Insect,1,Perth,2
Merimnetes simplicipennis,,Insect,1,Hobart,2
Methana convexa,,Insect,1,Sydney,2
Metrioglypha phyllodes,,Insect,1,Brisbane,2
Miltinus stenogaster,,Insect,1,Perth,2
Mionolena euxantha,Concealer Moth,Insect,1,Melbourne,2
Misophrice hispida,,Insect,1,Hobart,2
Musotima acrias,,Insect,1,Melbourne,2
Mygalopsis marki,,Insect,1,Perth,2
Myopsalta binotata,,Insect,1,Adelaide,2
Myossita cirrifera,,Insect,1,Sydney,2
Nanexila lutea,,Insect,1,Hobart,2
Neoscrobiger rauciceps,,Insect,1,Hobart,2
Oncodosia ampla,,Insect,1,Perth,2
Oxycanus occidentalis,Ghost Moth,Insect,1,Perth,2
Ozphyllum naskreckii,,Insect,1,Brisbane,2
Pachyprosopis xanthodonta,Plasterer Bee,Insect,1,Perth,2
Paralaea sarcodes,Geometer Moth,Insect,1,Melbourne,2
Paropsis affinis,,Insect,1,Brisbane,2
Pentacladus eucalypti,,Insect,1,Canberra–Queanbeyan,2
Perga dahlbomii,,Insect,1,Sydney,2
Perilampella acaciaediscoloris,,Insect,1,Sydney,2
Pheidole anthracina,Ant,Insect,1,Brisbane,2
Phoracantha elegans,,Insect,1,Perth,2
Phoracantha mitchelli,,Insect,1,Brisbane,2
Phycosecis ammophilus,,Insect,1,Perth,2
Phyllocharis gracilis,,Insect,1,Brisbane,2
Piesarthrius bleeserae,,Insect,1,Darwin,2
Plecia amplipennis,,Insect,1,Sydney,2
Poecilometis monteithi,,Insect,1,Brisbane,2
Polyrhachis gab,Ant,Insect,1,Darwin,2
Polyrhachis schenkii,,Insect,1,Darwin,2
Prepalla neurotenes,,Insect,1,Sydney,2
Proteuxoa monochroa,Owlet Moth,Insect,1,Adelaide,2
Pseudomantis chlorophana,,Insect,1,Perth,2
Pseudonotoncus hirsutus,Ant,Insect,1,Melbourne,2
Psychobiella occidentalis,,Insect,1,Adelaide,2
Pycnarmon meritalis,,Insect,1,Brisbane,2
Rhinophthalmus parvus,,Insect,1,Brisbane,2
Rhodomantis queenslandica,,Insect,1,Darwin,2
Rhytiphora lateralis,,Insect,1,Canberra–Queanbeyan,2
Rhytiphora pardalis,,Insect,1,Brisbane,2
Rhytiphora rubeta,,Insect,1,Sydney,2
Riekoleon rudda,,Insect,1,Canberra–Queanbeyan,2
Rupicolana stereodes,,Insect,1,Melbourne,2
Sapromyza riparia,Acalyptrate Fly,Insect,1,Melbourne,2
Schizorhina atropunctata,,Insect,1,Sydney,2
Scoparia melanoxantha,,Insect,1,Sydney,2
Scymnus blackburni,,Insect,1,Brisbane,2
Serangium bellum,,Insect,1,Melbourne,2
Silvanoprus scuticollis,,Insect,1,Brisbane,2
Stictochila metata,Concealer Moth,Insect,1,Melbourne,2
Thereutria tessellata,Robber Fly,Insect,1,Sydney,2
Trigonidium canberrae,,Insect,1,Canberra–Queanbeyan,2
Turrubulana plana,,Insect,1,Perth,2
Tympanophora houstoni,,Insect,1,Perth,2
Udea hyalistis,Grass Moth,Insect,1,Hobart,2
Virgulibracon endoxylaphagus,,Insect,1,Brisbane,2
Xanterriaria mediocris,,Insect,1,Darwin,2
Xanthesma brachycera,,Insect,1,Perth,2
Xyloperga aurulenta,,Insect,1,Brisbane,2
Zoedia longipes,,Insect,1,Sydney,2
Acupalpa divisa,,Insect,1,Brisbane,2
Amata antitheta,,Insect,1,Brisbane,2
Anisogona thysanoma,,Insect,1,Canberra–Queanbeyan,2
Anopheles hilli,,Insect,1,Darwin,2
Apiocera moerens,,Insect,1,Canberra–Queanbeyan,2
Ardozyga aspetodes,,Insect,1,Sydney,2
Ardozyga phloeodes,,Insect,1,Canberra–Queanbeyan,2
Ardozyga telopis,Twirler Moth,Insect,1,Canberra–Queanbeyan,2
Aulacocyclus teres,,Insect,1,Brisbane,2
Australoluciola flavicollis,,Insect,1,Darwin,2
Austrodapus nitens,,Insect,1,Melbourne,2
Bathytricha aethalion,Owlet Moth,Insect,1,Canberra–Queanbeyan,2
Calomela satelles,,Insect,1,Melbourne,2
Castiarina amplipennis,,Insect,1,Canberra–Queanbeyan,2
Castiarina xystra,,Insect,1,Canberra–Queanbeyan,2
Celibe limbata,,Insect,1,Canberra–Queanbeyan,2
Chloroclystis gonias,,Insect,1,Sydney,2
Chrysolarentia adornata,Geometer Moth,Insect,1,Canberra–Queanbeyan,2
Ciampa chordota,Geometer Moth,Insect,1,Canberra–Queanbeyan,2
Coesyra cyclotoma,Concealer Moth,Insect,1,Canberra–Queanbeyan,2
Cymatoplex halcyone,,Insect,1,Brisbane,2
Cyphaleus quadrispinosus,,Insect,1,Brisbane,2
Dasytomima rachelae,,Insect,1,Melbourne,2
Deuterodiscoelius verreauxii,Wasp,Insect,1,Canberra–Queanbeyan,2
Dichelopa panoplana,,Insect,1,Canberra–Queanbeyan,2
Dichromodes explanata,Geometer Moth,Insect,1,Adelaide,2
Dicranolaius concinicornis,,Insect,1,Canberra–Queanbeyan,2
Diphlebia coerulescens,Sapphire Rockmaster,Insect,1,Brisbane,2
Dolopsis chalcophragma,,Insect,1,Perth,2
Dysgonia senex,,Insect,1,Darwin,2
Elaphodes signifer,,Insect,1,Canberra–Queanbeyan,2
Elodina padusa,Narrow-winged Pearl White,Insect,1,Brisbane,2
Emplesis storeoides,,Insect,1,Adelaide,2
Endoxyla affinis,Carpenter Moth,Insect,1,Melbourne,2
Ephutomorpha princeps,,Insect,1,Brisbane,2
Epidesmia oxyderces,,Insect,1,Sydney,2
Euclimacia nuchalis,,Insect,1,Brisbane,2
Euhesma bronzus,,Insect,1,Perth,2
Euribia solstitialis,,Insect,1,Canberra–Queanbeyan,2
Euryglossina flaviventris,Plasterer Bee,Insect,1,Canberra–Queanbeyan,2
Eurymela rubrolimbata,,Insect,1,Melbourne,2
Gnathothlibus australiensis,,Insect,1,Brisbane,2
Habroscopa iriodes,Concealer Moth,Insect,1,Sydney,2
Halone sobria,,Insect,1,Hobart,2
Haplodyta polybotrya,Concealer Moth,Insect,1,Canberra–Queanbeyan,2
Hexacentrus mundurra,,Insect,1,Darwin,2
Hygraula pelochyta,,Insect,1,Melbourne,2
Hylaeus albocuneatus,Plasterer Bee,Insect,1,Canberra–Queanbeyan,2
Hypochrysops halyaetus,Turquoise Jewel,Insect,1,Perth,2
Idalima leonora,,Insect,1,Darwin,2
Jalmenus daemeli,Dämel's Blue,Insect,1,Brisbane,2
Katipo signoreti,Leafhopper,Insect,1,Canberra–Queanbeyan,2
Lepidogryllus comparatus,,Insect,1,Adelaide,2
Leucopsina odyneroides,Fly,Insect,1,Sydney,2
Lioponera fervida,,Insect,1,Sydney,2
Megachile heliophila,,Insect,1,Canberra–Queanbeyan,2
Melobasis gloriosa,,Insect,1,Perth,2
Melobasis thoracica,,Insect,1,Canberra–Queanbeyan,2
Metaphryno bella,Horse Fly,Insect,1,Melbourne,2
Microdes asystata,,Insect,1,Canberra–Queanbeyan,2
Microtropesa viridescens,,Insect,1,Sydney,2
Myrmecia testaceipes,Bull Ant,Insect,1,Adelaide,2
Nambungia balyarta,,Insect,1,Perth,2
Nearcha curtaria,Geometer Moth,Insect,1,Melbourne,2
Nyctozoilus reticulatus,,Insect,1,Canberra–Queanbeyan,2
Oligaethus rostratus,,Insect,1,Darwin,2
Ophidius elegans,,Insect,1,Canberra–Queanbeyan,2
Orichora trivirgata,,Insect,1,Perth,2
Paracrama latimargo,,Insect,1,Brisbane,2
Paropsisterna galatea,,Insect,1,Perth,2
Peltoschema medioflava,,Insect,1,Canberra–Queanbeyan,2
Petelia medardaria,,Insect,1,Darwin,2
Philobota homochroa,,Insect,1,Canberra–Queanbeyan,2
Poecilasthena balioloma,Geometer Moth,Insect,1,Canberra–Queanbeyan,2
Pollanisus apicalis,Forester Moth,Insect,1,Canberra–Queanbeyan,2
Pterohelaeus granuliger,,Insect,1,Canberra–Queanbeyan,2
Pyroderces rileyi,,Insect,1,Canberra–Queanbeyan,2
Rubria sanguinosa,,Insect,1,Canberra–Queanbeyan,2
Sathon moratus,,Insect,1,Melbourne,2
Secretipes xanthorrhoeae,,Insect,1,Canberra–Queanbeyan,2
Standishana concolorana,,Insect,1,Canberra–Queanbeyan,2
Subtrinemura epigea,,Insect,1,Sydney,2
Sympycnodes arachnophora,Carpenter Moth,Insect,1,Canberra–Queanbeyan,2
Thrips imaginis,Plague Thrips,Insect,1,Sydney,2
Tinocallis ulmiparvifolii,,Insect,1,Canberra–Queanbeyan,2
Tonica effractella,,Insect,1,Brisbane,2
Trichopsidea oestracea,,Insect,1,Canberra–Queanbeyan,2
Tridactylus australicus,,Insect,1,Canberra–Queanbeyan,2
Tripteroides magnesianus,,Insect,1,Darwin,2
Tropidoderus gracilifemur,Sjöstedt’s Graceful Stick-insect,Insect,1,Darwin,2
Tropis roei,,Insect,1,Canberra–Queanbeyan,2
Trupanea prolata,Primitive Crane Fly,Insect,1,Sydney,2
Zenithicola crassa,,Insect,1,Canberra–Queanbeyan,2
Achopera subulosa,,Insect,1,Hobart,2
Ambeodontus pilosus,,Insect,1,Hobart,2
Anomotarus illawarrae,,Insect,1,Hobart,2
Anoplognathus prasinus,,Insect,1,Sydney,2
Aradus australis,Flat Bug,Insect,1,Hobart,2
Ardozyga anthracina,,Insect,1,Canberra–Queanbeyan,2
Aspidiphorus humeralis,,Insect,1,Hobart,2
Atherimorpha vernalis,,Insect,1,Hobart,2
Austrolimnius anytus,Riffle Beetle,Insect,1,Sydney,2
Automolius depressus,,Insect,1,Hobart,2
Bactrocera batemani,,Insect,1,Brisbane,2
Batracomorphus angustatus,Green Jassid,Insect,1,Adelaide,2
Batracomorphus elegans,Leafhopper,Insect,1,Hobart,2
Braula coeca,,Insect,1,Hobart,2
Cadrema nigridorsata,,Insect,1,Hobart,2
Cadrema unimaculata,,Insect,1,Hobart,2
Camponotus sponsorum,Sugar Ant,Insect,1,Canberra–Queanbeyan,2
Carenum tinctilatum,,Insect,1,Canberra–Queanbeyan,2
Castiarina adelaidae,,Insect,1,Adelaide,2
Castiarina erasma,,Insect,1,Canberra–Queanbeyan,2
Castiarina mustelamajor,,Insect,1,Canberra–Queanbeyan,2
Chetogaster viridis,,Insect,1,Melbourne,2
Claraeola cyclohirta,,Insect,1,Sydney,2
Creobota apodectum,,Insect,1,Canberra–Queanbeyan,2
Crito festivus,,Insect,1,Canberra–Queanbeyan,2
Culama glauca,Carpenter Moth,Insect,1,Canberra–Queanbeyan,2
Culex fergusoni,Mosquito,Insect,1,Sydney,2
Culex molestus,Mosquito,Insect,1,Sydney,2
Dasybasis neolatifrons,,Insect,1,Hobart,2
Dicranomyia dorsalis,Crane Fly,Insect,1,Sydney,2
Dicranomyia whitei,,Insect,1,Sydney,2
Diphucrania modesta,,Insect,1,Adelaide,2
Diphucrania trimentula,,Insect,1,Adelaide,2
Diplonevra peregrina,,Insect,1,Sydney,2
Dolichopeza varipes,,Insect,1,Sydney,2
Ephutomorpha cordatiformis,,Insect,1,Hobart,2
Ephutomorpha elegans,,Insect,1,Hobart,2
Eunatalis planipennis,,Insect,1,Hobart,2
Eupsenella ceciliae,,Insect,1,Melbourne,2
Euryglossa rubricata,Plasterer Bee,Insect,1,Perth,2
Fontejus collaris,,Insect,1,Hobart,2
Hemibelideus lemuroides,Lemuroid Ringtail Possum,Mammal,1,Sydney,2
Hyalinaspis pallidinota,Psyllid Bug,Insect,1,Canberra–Queanbeyan,2
Lasioglossum niveifrons,,Insect,1,Sydney,2
Limonia amicula,,Insect,1,Sydney,2
Lipotriches modesta,,Insect,1,Darwin,2
Lybaeba metasternalis,,Insect,1,Canberra–Queanbeyan,2
Macroscytus australis,Shield Bug,Insect,1,Hobart,2
Maevius indecorus,,Insect,1,Perth,2
Maira aenea,,Insect,1,Sydney,2
Megaselia spiracularis,,Insect,1,Brisbane,2
Miltinus minutus,,Insect,1,Adelaide,2
Molophilus gracilis,Crane Fly,Insect,1,Sydney,2
Molophilus trianguliferus,,Insect,1,Sydney,2
Monolepta nigricollis,,Insect,1,Hobart,2
Mordella graphiptera,,Insect,1,Hobart,2
Mordella humeralis,,Insect,1,Hobart,2
Myrabolia grouveliana,,Insect,1,Hobart,2
Neozeleboria carinicollis,,Insect,1,Hobart,2
Neurochaeta inversa,,Insect,1,Sydney,2
Notonomus politulus,,Insect,1,Hobart,2
Nylanderia obscura,,Insect,1,Melbourne,2
Omotes unicolor,,Insect,1,Hobart,2
Palirika decora,,Insect,1,Canberra–Queanbeyan,2
Peltoschema suturalis,,Insect,1,Melbourne,2
Pentamimus australis,,Insect,1,Hobart,2
Philobota thiogramma,,Insect,1,Canberra–Queanbeyan,2
Phrixocomes hedrasticha,,Insect,1,Perth,2
Poppiocapsidea biseratensis,,Insect,1,Brisbane,2
Priocnemis tuberculatus,,Insect,1,Adelaide,2
Prosayleus hopei,,Insect,1,Hobart,2
Prosotas nora,Long-tailed Line-blue,Insect,1,Brisbane,2
Pseudofoenus patellatus,,Insect,1,Sydney,2
Pseudonaja mengdeni,Gwardar,Reptile,1,Perth,2
Pterohelaeus guerini,,Insect,1,Canberra–Queanbeyan,2
Quedius baldiensis,,Insect,1,Hobart,2
Rhegmoclemina batilliformia,,Insect,1,Hobart,2
Rhytiphora obliqua,,Insect,1,Adelaide,2
Scenopinus,,Insect,1,Hobart,2
Senostoma tessellatum,Horse Fly,Insect,1,Canberra–Queanbeyan,2
Sipyloidea whitei,White’s Winged Stick-insect,Insect,1,Adelaide,2
Teleogryllus oceanicus,,Insect,1,Melbourne,2
Thalycrodes pulchrum,,Insect,1,Hobart,2
Thynnoides mesopleuralis,,Insect,1,Hobart,2
Tricholeiochiton jabirella,Caddisfly,Insect,1,Darwin,2
Trixagus leechi,,Insect,1,Melbourne,2
Uracanthus griseus,,Insect,1,Adelaide,2
Wasmannia auropunctata,Electric Ant,Insect,1,Brisbane,2
Zygogramma bicolorata,,Insect,1,Brisbane,2
Alcedo atthis,Common Kingfisher,Bird,1,Sydney,1
Eudyptes chrysocome,,Bird,1,Sydney,1
Eudyptes pachyrhynchus,Fiordland Penguin,Bird,1,Melbourne,1
Aplonis metallica,Metallic Starling,Bird,1,Canberra–Queanbeyan,1
Pterodroma inexpectata,Mottled Petrel,Bird,1,Sydney,1
Hydrobates matsudairae,Matsudaira's Storm-petrel,Bird,1,Darwin,1
Gavicalis versicolor,Varied Honeyeater,Bird,1,Brisbane,1
Larus crassirostris,Black-tailed Gull,Bird,1,Perth,1
Stercorarius maccormicki,South Polar Skua,Bird,1,Sydney,1
Aptenodytes patagonicus,King Penguin,Bird,1,Melbourne,1
Fregetta grallaria,White-bellied Storm-petrel,Bird,1,Sydney,1
Gorsachius melanolophus,Malayan Night-heron,Bird,1,Sydney,1
Nectarinia jugularis,Olive-backed Sunbird,Bird,1,Brisbane,1
Pachyptila desolata,Antarctic Prion,Bird,1,Sydney,1
Fregata andrewsi,Christmas Island Frigatebird,Bird,1,Darwin,1
Papasula abbotti,Abbott's Booby,Bird,1,Darwin,1
Pterodroma mollis,Soft-plumaged Petrel,Bird,1,Perth,1
Callipepla californica,California Quail,Bird,1,Brisbane,1
Thalassarche steadi,White-capped Albatross,Bird,1,Sydney,1
Pluvialis dominica,American Golden Plover,Bird,1,Melbourne,1
Erythrotriorchis radiatus,Red Goshawk,Bird,1,Darwin,1
Cyanoramphus novaezelandiae,Red-fronted Parakeet,Bird,1,Melbourne,1
Petroica multicolor,Pacific Robin,Bird,1,Melbourne,1
Cinclosoma castanotum,Chestnut Quail-thrush,Bird,1,Sydney,1
Columba vitiensis,Lord Howe Metallic Pigeon,Bird,1,Sydney,1
Pachyptila vittata,Broad-billed Prion,Bird,1,Perth,1
Phoebetria fusca,Sooty Albatross,Bird,1,Sydney,1
Procellaria cinerea,Grey Petrel,Bird,1,Sydney,1
Sula dactylatra,Masked Booby,Bird,1,Sydney,1
Pseudobulweria rostrata,Tahiti Petrel,Bird,1,Sydney,1
Balaenoptera edeni,Bryde's Whale,Mammal,1,Melbourne,1
Lugensa brevirostris,Kerguelen Petrel,Bird,1,Perth,1
Orcaella heinsohni,Australian Snubfin Dolphin,Mammal,1,Darwin,1
Ozimops lumsdenae,Northern Free-tailed Bat,Mammal,1,Darwin,1
Petrogale wilkinsi,Eastern Short-eared Rock-wallaby,Mammal,1,Sydney,1
Sminthopsis crassicaudata,Fat-tailed Dunnart,Mammal,1,Melbourne,1
Taphozous kapalgensis,Arnhem Sheathtail-bat,Mammal,1,Darwin,1
Aepyprymnus rufescens,Rufous Bettong,Mammal,1,Sydney,1
Brachyurophis fasciolatus,Narrow-banded Snake,Reptile,1,Perth,1
Calyptotis lepidorostrum,Cone-eared Calyptotis,Reptile,1,Brisbane,1
Ctenophorus ornatus,Ornate Dragon,Reptile,1,Perth,1
Ctenotus arcanus,Arcane Ctenotus,Reptile,1,Brisbane,1
Feresa attenuata,Pygmy Killer Whale,Mammal,1,Sydney,1
Hemidactylus parvimaculatus,Spotted House Gecko,Reptile,1,Perth,1
Hydrophis macdowelli,Small-headed Sea Snake,Reptile,1,Darwin,1
Kogia sima,Dwarf Sperm Whale,Mammal,1,Darwin,1
Lasiorhinus latifrons,Southern Hairy-nosed Wombat,Mammal,1,Sydney,1
Liopholis montana,Mountain Skink,Reptile,1,Melbourne,1
Mesoplodon densirostris,Blainville's Beaked Whale,Mammal,1,Sydney,1
Petrogale xanthopus,Yellow-footed Rock-wallaby,Mammal,1,Sydney,1
Phoniscus papuensis,Golden-tipped Bat,Mammal,1,Sydney,1
Pseudomys delicatulus,Delicate Mouse,Mammal,1,Brisbane,1
Pseudomys hermannsburgensis,Sandy Inland Mouse,Mammal,1,Sydney,1
Pteropus conspicillatus,Spectacled Flying-fox,Mammal,1,Brisbane,1
Scotorepens sanborni,Northern Broad-nosed Bat,Mammal,1,Brisbane,1
Strophurus ciliaris,Northern Spiny-tailed Gecko,Reptile,1,Darwin,1
Suta nigriceps,Mitchell's Short-tailed Snake,Reptile,1,Perth,1
Syconycteris australis,Common Blossom-bat,Mammal,1,Sydney,1
Uromys caudimaculatus,White-tailed Uromys,Mammal,1,Brisbane,1
Vespadelus baverstocki,Inland Forest Bat,Mammal,1,Sydney,1
Abantiades argentangulum,,Insect,1,Perth,1
Abantiades barcas,Ghost Moth,Insect,1,Sydney,1
Abispa australiana,,Insect,1,Darwin,1
Achoperinus infulatus,,Insect,1,Melbourne,1
Adapsilia illingworthana,,Insect,1,Brisbane,1
Adinolepis eumana,,Insect,1,Adelaide,1
Aedes burpengaryensis,,Insect,1,Brisbane,1
Aedes edwardsi,,Insect,1,Brisbane,1
Aedes pecuniosa,,Insect,1,Darwin,1
Agapophytus australasiae,Stiletto Fly,Insect,1,Brisbane,1
Aipysurus laevis,Olive Sea Snake,Reptile,1,Sydney,1
Aleochara bisulcata,,Insect,1,Sydney,1
Aleurocanthus spiniferus,,Insect,1,Brisbane,1
Altica gravida,,Insect,1,Melbourne,1
Alucita acascaea,,Insect,1,Brisbane,1
Alucita agapeta,,Insect,1,Darwin,1
Amblypsilopus bereni,,Insect,1,Brisbane,1
Amycterus elongatus,,Insect,1,Canberra–Queanbeyan,1
Anabarhynchus argenteus,,Insect,1,Brisbane,1
Aneono darwinensis,Leafhopper,Insect,1,Brisbane,1
Anterhynchium tasmaniense,,Insect,1,Adelaide,1
Aphanosperma occidentalis,,Insect,1,Perth,1
Apiocera maritima,,Insect,1,Sydney,1
Aradellus nigerrimus,Assassin Bug,Insect,1,Melbourne,1
Archichauliodes neoguttiferus,Dobsonfly,Insect,1,Brisbane,1
Ardozyga megalommata,,Insect,1,Brisbane,1
Arsipoda montana,,Insect,1,Melbourne,1
Assara seminivale,,Insect,1,Brisbane,1
Asthenoptycha iriodes,,Insect,1,Adelaide,1
Atelosticha phaedrella,,Insect,1,Brisbane,1
Austroaeschna pinheyi,Inland Darner,Insect,1,Brisbane,1
Austrocis bicaudatus,,Insect,1,Sydney,1
Austrogorytes fimbriatus,,Insect,1,Sydney,1
Austrogorytes grahami,,Insect,1,Melbourne,1
Avitta ophiusalis,,Insect,1,Darwin,1
Bajauana austrina,,Insect,1,Brisbane,1
Barea crypsipyrrha,Concealer Moth,Insect,1,Melbourne,1
Bembix flavifrons,Wasp,Insect,1,Melbourne,1
Bemisia afer,,Insect,1,Adelaide,1
Brachydrymus lateabundans,Seed Bug,Insect,1,Brisbane,1
Brachyrhynchus australis,,Insect,1,Brisbane,1
Brachyurophis roperi,Northern Shovel-nosed Snake,Reptile,1,Darwin,1
Callidircaea venusta,,Insect,1,Hobart,1
Calomyrmex albopilosus,Ant,Insect,1,Brisbane,1
Caloptilia oenopella,,Insect,1,Brisbane,1
Camponotus prostans,,Insect,1,Perth,1
Candezea seminigra,,Insect,1,Brisbane,1
Candulifera rapea,,Insect,1,Brisbane,1
Carenum scaritoides,,Insect,1,Melbourne,1
Carinascincus palfreymani,Pedra Branca Cool-skink,Reptile,1,Sydney,1
Carlia triacantha,Desert Rainbow-skink,Reptile,1,Darwin,1
Carventus australis,,Insect,1,Brisbane,1
Castiarina mimesis,,Insect,1,Perth,1
Celibe striatipennis,,Insect,1,Canberra–Queanbeyan,1
Cerataphis brasiliensis,,Insect,1,Brisbane,1
Ceratolauxania tetanocerina,Acalyptrate Fly,Insect,1,Melbourne,1
Clarana arrythmodes,,Insect,1,Perth,1
Cleora decisaria,,Insect,1,Darwin,1
Clunio pacificus,Midge,Insect,1,Sydney,1
Coelioxys reginae,,Insect,1,Brisbane,1
Coleocoris ocellatus,,Insect,1,Perth,1
Comostola iodioides,,Insect,1,Brisbane,1
Conosara pammicta,,Insect,1,Sydney,1
Coptocercus undulatus,,Insect,1,Perth,1
Cosmaresta eugramma,Concealer Moth,Insect,1,Melbourne,1
Crematogaster australis,,Insect,1,Sydney,1
Crioa indistincta,,Insect,1,Brisbane,1
Cryptalaus suboculatus,,Insect,1,Darwin,1
Cryptoblepharus australis,Inland Snake-eyed Skink,Reptile,1,Sydney,1
Cryptoblepharus egeriae,Blue-tailed Snake-eyed Skink,Reptile,1,Brisbane,1
Cryptoblepharus ruber,Tawny Snake-eyed Skink,Reptile,1,Perth,1
Cryptoneossa vulgaris,,Insect,1,Canberra–Queanbeyan,1
Cryptoplus ferrugineus,,Insect,1,Perth,1
Ctenarytaina longicauda,,Insect,1,Melbourne,1
Ctenoplusia furcifera,,Insect,1,Brisbane,1
Cubicorhynchus sordidus,,Insect,1,Canberra–Queanbeyan,1
Cuspicona cygniterrae,,Insect,1,Perth,1
Cuspicona procallosa,,Insect,1,Perth,1
Cycetes collessi,,Insect,1,Darwin,1
Cydmaea viridula,,Insect,1,Perth,1
Cylindromyia angustissimifrons,Horse Fly,Insect,1,Melbourne,1
Dacus aequalis,,Insect,1,Sydney,1
Dapanoptera richmondiana,,Insect,1,Brisbane,1
Daulotypus umbratilis,,Insect,1,Melbourne,1
Decilaus variegatus,,Insect,1,Adelaide,1
Delma concinna,Javelin Lizard,Reptile,1,Perth,1
Demetrida brachinodera,,Insect,1,Melbourne,1
Diaphonia dispar,,Insect,1,Adelaide,1
Dichomeris iophaea,,Insect,1,Brisbane,1
Dichromodes denticulata,,Insect,1,Perth,1
Dictamnia aestuosa,,Insect,1,Brisbane,1
Diemeniana hirsuta,,Insect,1,Hobart,1
Dinophalus drakei,Geometer Moth,Insect,1,Sydney,1
Diplodactylus bilybara,Western Fat-tailed Gecko,Reptile,1,Adelaide,1
Diplodactylus lateroides,Speckled Stone Gecko,Reptile,1,Perth,1
Dissodesma immaculata,,Insect,1,Perth,1
Dissoloba iochalca,,Insect,1,Melbourne,1
Distipsidera flavicans,,Insect,1,Brisbane,1
Dolichomiris linearis,,Insect,1,Brisbane,1
Doratifera stenora,,Insect,1,Brisbane,1
Dryadomorpha pallida,,Insect,1,Darwin,1
Dunioa picturata,,Insect,1,Brisbane,1
Earias vittella,,Insect,1,Darwin,1
Ectemnius hebetescens,,Insect,1,Brisbane,1
Ectopsocus petersi,,Insect,1,Melbourne,1
Elachista carcharota,,Insect,1,Adelaide,1
Elephastomus gellarus,,Insect,1,Brisbane,1
Elusor macrurus,Mary River Turtle,Reptile,1,Sydney,1
Emcephalus gibbosus,,Insect,1,Brisbane,1
Emmalocera latilimbella,,Insect,1,Brisbane,1
Emmalocera macrorrhynca,,Insect,1,Brisbane,1
Empicoris scabraventris,,Insect,1,Canberra–Queanbeyan,1
Enchesphora recurvalis,,Insect,1,Sydney,1
Enicospilus borroloolai,,Insect,1,Canberra–Queanbeyan,1
Enispa niviceps,,Insect,1,Brisbane,1
Eochrois acutella,,Insect,1,Brisbane,1
Ephutomorpha albosignata,,Insect,1,Adelaide,1
Epiphyas lypra,,Insect,1,Perth,1
Epipristis oxyodonta,,Insect,1,Darwin,1
Epuraea ocularis,,Insect,1,Sydney,1
Erithionyx lanosus,,Insect,1,Brisbane,1
Ethneca bakewellii,Beetle,Insect,1,Melbourne,1
Euchaetis rufogrisea,Concealer Moth,Insect,1,Melbourne,1
Eufairmairiella curvicaudus,,Insect,1,Canberra–Queanbeyan,1
Eulechria clytophanes,,Insect,1,Brisbane,1
Eulechria hilda,,Insect,1,Brisbane,1
Euloxia pyropa,Unadorned Emerald,Insect,1,Sydney,1
Euryglossa calaina,,Insect,1,Perth,1
Eusurbus crassilabris,,Insect,1,Sydney,1
Fraus polyspila,Chequered Fraus,Insect,1,Adelaide,1
Gallaba duplicata,,Insect,1,Sydney,1
Garrha mitescens,,Insect,1,Brisbane,1
Gasteruption simillimum,,Insect,1,Brisbane,1
Gehyra mutilata,Skin-shedding Dtella,Reptile,1,Melbourne,1
Geranopus purpuratus,Soldier Fly,Insect,1,Melbourne,1
Glochocoris brisbanicus,,Insect,1,Brisbane,1
Glyphipterix pharetropis,,Insect,1,Hobart,1
Glyphodes multilinealis,,Insect,1,Darwin,1
Glyphodes stolalis,,Insect,1,Brisbane,1
Gonipterus conicollis,,Insect,1,Melbourne,1
Gonipterus lepidotus,,Insect,1,Canberra–Queanbeyan,1
Gymnastes fascipennis,,Insect,1,Sydney,1
Gymnoscelis chlorobapta,,Insect,1,Brisbane,1
Gymnoscelis mesophoena,,Insect,1,Brisbane,1
Haliplus testudo,,Insect,1,Brisbane,1
Haplonyx centralis,,Insect,1,Melbourne,1
Hednota diargyra,,Insect,1,Hobart,1
Heliocausta pelosticta,,Insect,1,Sydney,1
Helopeltis pernicialis,,Insect,1,Brisbane,1
Hemiergis gracilipes,South-western Mulch-skink,Reptile,1,Perth,1
Hesperoedura reticulata,Reticulated Velvet Gecko,Reptile,1,Perth,1
Hestiochora intermixta,,Insect,1,Brisbane,1
Hestiochora tricolor,Forester Moth,Insect,1,Hobart,1
Heterocerus simillimus,,Insect,1,Brisbane,1
Hister nomas,Hister Beetle,Insect,1,Sydney,1
Homoneura discoglauca,,Insect,1,Darwin,1
Hudsonema paludosus,Caddisfly,Insect,1,Brisbane,1
Hydrophis major,Olive-headed Sea Snake,Reptile,1,Sydney,1
Hylaeus chrysaspis,Plasterer Bee,Insect,1,Perth,1
Hyleoides bivulnerata,Plasterer Bee,Insect,1,Sydney,1
Hypatima orthostathma,,Insect,1,Brisbane,1
Hypatima simulacrella,,Insect,1,Sydney,1
Hypatima spathota,,Insect,1,Brisbane,1
Hypaulax marginata,,Insect,1,Sydney,1
Hyperxena scierana,,Insect,1,Canberra–Queanbeyan,1
Hypocisseis ornata,,Insect,1,Melbourne,1
Iridomyrmex angusticeps,,Insect,1,Darwin,1
Ischnomorpha thrypticopa,Concealer Moth,Insect,1,Melbourne,1
Iulactis insignis,,Insect,1,Brisbane,1
Jalmenus inous,Varied Hairstreak,Insect,1,Perth,1
Labdia bathrosema,,Insect,1,Sydney,1
Labdia ceraunia,,Insect,1,Brisbane,1
Labdia promacha,,Insect,1,Brisbane,1
Labium pilosum,,Insect,1,Sydney,1
Lackrana carbo,,Insect,1,Adelaide,1
Lampropeltis californiae,California Kingsnake,Reptile,1,Sydney,1
Larinotus umbilicatus,,Insect,1,Canberra–Queanbeyan,1
Lasioglossum castor,,Insect,1,Perth,1
Lasioglossum laevidiscum,,Insect,1,Sydney,1
Lasioglossum mirandum,,Insect,1,Perth,1
Lasioglossum platycephalum,Sweat Bee,Insect,1,Melbourne,1
Lasioglossum platychilum,,Insect,1,Melbourne,1
Leioproctus bicristatus,,Insect,1,Brisbane,1
Leioproctus rhodurus,,Insect,1,Perth,1
Lemidia cicatricosa,,Insect,1,Hobart,1
Lemidia variicollis,,Insect,1,Sydney,1
Lepinotus reticulatus,,Insect,1,Sydney,1
Leptodromia bimaculata,,Insect,1,Melbourne,1
Lepturidea fastigiata,,Insect,1,Melbourne,1
Lerista verhmens,Powerful Lerista,Reptile,1,Sydney,1
Leucania linearis,,Insect,1,Brisbane,1
Lioponera clarki,,Insect,1,Brisbane,1
Lioponera singularis,,Insect,1,Brisbane,1
Liparetrus vestitus,,Insect,1,Melbourne,1
Lispe albimaculata,,Insect,1,Brisbane,1
Lissonota gibboclypeata,,Insect,1,Melbourne,1
Longitarsus flavicornis,,Insect,1,Melbourne,1
Lophoptera hemithyris,,Insect,1,Brisbane,1
Macrosiagon rufofasciata,,Insect,1,Melbourne,1
Maiestas knighti,Leafhopper,Insect,1,Melbourne,1
Maleuterpes spinipes,Spine-legged Citrus Weevil,Insect,1,Canberra–Queanbeyan,1
Mallada innotatus,,Insect,1,Melbourne,1
Melanozosteria triangulata,,Insect,1,Melbourne,1
Melobasis ignipicta,,Insect,1,Melbourne,1
Melophorus curtus,,Insect,1,Brisbane,1
Mendola puellula,,Insect,1,Brisbane,1
Mesophysa tenaria,,Insect,1,Sydney,1
Metadelphax propinqua,,Insect,1,Darwin,1
Metallarcha beatalis,Grass Moth,Insect,1,Adelaide,1
Metopius michaelseni,,Insect,1,Perth,1
Microdon rieki,,Insect,1,Brisbane,1
Micronecta annae,Water Boatman,Insect,1,Brisbane,1
Minoa euthecta,Geometer Moth,Insect,1,Brisbane,1
Miscera centropis,Day-flying Moth,Insect,1,Perth,1
Molophilus parvistylus,Crane Fly,Insect,1,Melbourne,1
Monistria pustulifera,Blistered Pyrgomorph,Insect,1,Perth,1
Monolepta megalops,,Insect,1,Perth,1
Mordella brevis,,Insect,1,Adelaide,1
Motschulskyia serratus,,Insect,1,Darwin,1
Musca terraereginae,,Insect,1,Perth,1
Myrascia lathicentra,Concealer Moth,Insect,1,Perth,1
Myrmecia cydista,Bull Ant,Insect,1,Sydney,1
Mythimna formosana,,Insect,1,Brisbane,1
Nasuticladius ater,Midge,Insect,1,Melbourne,1
Nasutitermes magnus,,Insect,1,Brisbane,1
Neargyria persimilis,,Insect,1,Darwin,1
Neocnecus punctata,,Insect,1,Perth,1
Nephrurus sheai,Northern Knob-tailed Gecko,Reptile,1,Brisbane,1
Nola semograpta,Tuft Moth,Insect,1,Melbourne,1
Nycteola symmicta,,Insect,1,Brisbane,1
Odontomyia scutellata,,Insect,1,Melbourne,1
Oenopus guttatus,,Insect,1,Sydney,1
Onceropyga anelia,,Insect,1,Sydney,1
Orraya occultus,Mcilwraith Leaf-tailed Gecko,Reptile,1,Sydney,1
Orthoporopterus elongatus,,Insect,1,Brisbane,1
Oxyops nodicollis,,Insect,1,Brisbane,1
Oxythecta nephelonota,,Insect,1,Hobart,1
Pachyprosopis mirabilis,Plasterer Bee,Insect,1,Brisbane,1
Paliga damastesalis,,Insect,1,Darwin,1
Panops conspicuus,Fly,Insect,1,Adelaide,1
Paraactinoptera prolixa,,Insect,1,Perth,1
Parablax ooliekirra,,Insect,1,Hobart,1
Paraclius manglar,,Insect,1,Brisbane,1
Parahyborrhynchus crassiusculus,,Insect,1,Perth,1
Paralaea toowoomba,,Insect,1,Melbourne,1
Paraspania brunneri,,Insect,1,Brisbane,1
Paropsisterna lignea,,Insect,1,Hobart,1
Patissa pentamita,,Insect,1,Darwin,1
Pentagonica vittipennis,,Insect,1,Melbourne,1
Peradenia clavipes,Wasp,Insect,1,Adelaide,1
Peraglyphis atimana,,Insect,1,Brisbane,1
Pergagrapta castanea,Sawfly,Insect,1,Sydney,1
Phacodes ferrugineus,,Insect,1,Adelaide,1
Pharochilus punctiger,,Insect,1,Melbourne,1
Pherbellia juxtajavana,Marsh Fly,Insect,1,Melbourne,1
Philobota strigatella,,Insect,1,Sydney,1
Philobota thiocrossa,,Insect,1,Brisbane,1
Physocephala australiana,Kelp Fly,Insect,1,Brisbane,1
Piophila australis,,Insect,1,Brisbane,1
Plagiolepis squamulosa,,Insect,1,Perth,1
Planolocha obliquata,,Insect,1,Melbourne,1
Ploiaria armstrongi,,Insect,1,Brisbane,1
Ploiaria guttata,,Insect,1,Brisbane,1
Plusiodonta coelonota,,Insect,1,Sydney,1
Poecilohetaerus castaneus,Acalyptrate Fly,Insect,1,Melbourne,1
Poecilohetaerus pinnatus,Acalyptrate Fly,Insect,1,Brisbane,1
Poecilometis mimicus,,Insect,1,Darwin,1
Polychaetophyes serpulidia,,Insect,1,Darwin,1
Prepocosma tropica,,Insect,1,Darwin,1
Priamima rubicunda,,Insect,1,Melbourne,1
Progonica rhothias,,Insect,1,Melbourne,1
Prohardyia carinata,,Insect,1,Melbourne,1
Proteuxoa adelopa,Owlet Moth,Insect,1,Melbourne,1
Proteuxoa coelenoptera,,Insect,1,Perth,1
Proteuxoa confinis,,Insect,1,Brisbane,1
Protoplectron venustum,,Insect,1,Brisbane,1
Psaltoda brachypennis,,Insect,1,Brisbane,1
Psapharus mistothes,,Insect,1,Sydney,1
Psednura musgravei,Musgrave's Psednura,Insect,1,Brisbane,1
Pseudabispa ephippioides,,Insect,1,Brisbane,1
Pseudechis australis,Mulga Snake,Reptile,1,Perth,1
Pseudemoia spenceri,Trunk-climbing Cool-skink,Reptile,1,Melbourne,1
Pseudocyclodinus strictus,,Insect,1,Melbourne,1
Pseudolycus bivitticollis,,Insect,1,Melbourne,1
Pseudoperga belinda,Sawfly,Insect,1,Melbourne,1
Pseudorhynchus selonis,,Insect,1,Brisbane,1
Pterapotrechus longicornis,,Insect,1,Darwin,1
Pterygophorus turneri,,Insect,1,Brisbane,1
Ptilocnemus distinctus,,Insect,1,Brisbane,1
Pyripnoa auricularia,,Insect,1,Brisbane,1
Pytinaea group pytinaea,,Insect,1,Sydney,1
Rhadinoloba tyrianthina,,Insect,1,Brisbane,1
Rhinotia simplicipennis,,Insect,1,Sydney,1
Rhopobota hortaria,,Insect,1,Brisbane,1
Rhyparida didyma,,Insect,1,Darwin,1
Rhytiphora cruciata,,Insect,1,Melbourne,1
Riekophion emandibulator,,Insect,1,Perth,1
Sandracottus bakewelli,Diving Beetle,Insect,1,Brisbane,1
Saproscincus rosei,Rose's Shadeskink,Reptile,1,Brisbane,1
Scopiastes impeditus,,Insect,1,Brisbane,1
Scopula loxosema,Geometer Moth,Insect,1,Melbourne,1
Scrobiger albocinctus,,Insect,1,Brisbane,1
Scymnodes difficilis,,Insect,1,Melbourne,1
Seirotrana subcancellata,,Insect,1,Sydney,1
Sejanus howardae,,Insect,1,Sydney,1
Stathmopoda acontias,Concealer Moth,Insect,1,Melbourne,1
Stathmopoda rubripicta,,Insect,1,Brisbane,1
Stericta phaeopteralis,,Insect,1,Brisbane,1
Stigmacros clivispina,,Insect,1,Melbourne,1
Stigmeurytoma eucalypti,,Insect,1,Melbourne,1
Stromatium longicorne,,Insect,1,Brisbane,1
Strongylurus scutellatus,,Insect,1,Melbourne,1
Syllitus araucariae,,Insect,1,Brisbane,1
Symmoracma minoralis,,Insect,1,Darwin,1
Sympycnodes rhaptodes,Carpenter Moth,Insect,1,Sydney,1
Synechocera deplana,,Insect,1,Melbourne,1
Synemon magnifica,,Insect,1,Sydney,1
Synemon obscurella,,Insect,1,Perth,1
Tanychilus dubius,,Insect,1,Melbourne,1
Tartessella rugosa,,Insect,1,Brisbane,1
Technitis campylosticha,,Insect,1,Hobart,1
Technomyrmex difficilis,White-footed Ant,Insect,1,Sydney,1
Telocera wollastoni,,Insect,1,Sydney,1
Temnolopha mosaica,,Insect,1,Darwin,1
Teuchothrips disjunctus,,Insect,1,Melbourne,1
Thallis metasternalis,,Insect,1,Brisbane,1
Thema gypsina,Concealer Moth,Insect,1,Melbourne,1
Theronia fraucai,,Insect,1,Sydney,1
Thinempis turimetta,Dance Fly,Insect,1,Sydney,1
Thrips hawaiiensis,Banana Flower Thrips,Insect,1,Sydney,1
Thyregis kershawi,,Insect,1,Melbourne,1
Tinea corynephora,,Insect,1,Melbourne,1
Tisobarica larotypa,,Insect,1,Sydney,1
Trabeculus hexakon,,Insect,1,Sydney,1
Trachymela orbicularis,,Insect,1,Sydney,1
Trichaulax kirbyi,,Insect,1,Melbourne,1
Trichocolletes gelasinus,,Insect,1,Perth,1
Trichomma clavipes,,Insect,1,Melbourne,1
Tricoryna punctulativentris,,Insect,1,Adelaide,1
Trixoleria maculata,Fly,Insect,1,Melbourne,1
Tytthus chinensis,,Insect,1,Brisbane,1
Uracanthus maculatus,,Insect,1,Melbourne,1
Varanus primordius,Northern Ridge-tailed Monitor,Reptile,1,Darwin,1
Wingia psittacodes,Concealer Moth,Insect,1,Sydney,1
Xanthesma megastigma,,Insect,1,Perth,1
Xanthopimpla australis,,Insect,1,Darwin,1
Xanthopimpla fraterculus,,Insect,1,Brisbane,1
Xestocephalus australensis,,Insect,1,Brisbane,1
Xylorycta haplochroa,,Insect,1,Brisbane,1
Xylosandrus crassiusculus,,Insect,1,Brisbane,1
Zaclava minima,,Insect,1,Melbourne,1
Abantiades argyrosticha,,Insect,1,Brisbane,1
Abantiades lineacurva,,Insect,1,Perth,1
Acanthobetyla tooloomensis,Parasitoid Wasp,Insect,1,Canberra–Queanbeyan,1
Acantholipes trajecta,,Insect,1,Darwin,1
Acmonotus incusifer,,Insect,1,Perth,1
Aedes imprimens,,Insect,1,Brisbane,1
Aedes sagax,,Insect,1,Melbourne,1
Aenetus simonseni,,Insect,1,Darwin,1
Aeolochroma unitaria,,Insect,1,Hobart,1
Aeoloscelis chrysophoenicea,,Insect,1,Brisbane,1
Agapophytus lyneborgi,,Insect,1,Canberra–Queanbeyan,1
Agriophara atratella,,Insect,1,Sydney,1
Agriotes obscurus,,Insect,1,Sydney,1
Amelora synclera,Geometer Moth,Insect,1,Sydney,1
Amerila alberti,,Insect,1,Brisbane,1
Amphithera heteroleuca,,Insect,1,Brisbane,1
Amyna apicipuncta,,Insect,1,Brisbane,1
Anabarhynchus misellus,,Insect,1,Melbourne,1
Ancita lineola,,Insect,1,Perth,1
Antipodia dactyliota,Western Sand-skipper,Insect,1,Perth,1
Aphaereta aotea,,Insect,1,Canberra–Queanbeyan,1
Aphis sedi,,Insect,1,Melbourne,1
Aplerotus maculatus,Shield Bug,Insect,1,Adelaide,1
Aporocera apicalis,,Insect,1,Melbourne,1
Aporocera conjugata,,Insect,1,Brisbane,1
Aporocera conspicienda,,Insect,1,Melbourne,1
Archeocrypticus topali,,Insect,1,Melbourne,1
Ardozyga englypta,,Insect,1,Sydney,1
Ardozyga frugalis,,Insect,1,Sydney,1
Ardozyga galactopa,,Insect,1,Brisbane,1
Ardozyga hilara,Twirler Moth,Insect,1,Canberra–Queanbeyan,1
Ardozyga hormodes,,Insect,1,Perth,1
Arsipoda fulvipes,,Insect,1,Brisbane,1
Arsipoda picturata,,Insect,1,Melbourne,1
Artiastis ptochopa,,Insect,1,Sydney,1
Asiobaccha bicolor,,Insect,1,Brisbane,1
Ataenius picinus,Pitchy Scarab,Insect,1,Brisbane,1
Atesta brittoni,,Insect,1,Brisbane,1
Aulacocyclus aliicornis,,Insect,1,Melbourne,1
Aulacus atriceps,,Insect,1,Melbourne,1
Australiagraecia gladiator,Long-tailed Heath-loving Katydid,Insect,1,Perth,1
Australinus cyaneipennis,,Insect,1,Melbourne,1
Australodendrophagus australis,,Insect,1,Melbourne,1
Austrelatus irregularis,,Insect,1,Brisbane,1
Austrocroce mira,,Insect,1,Perth,1
Austrohelcon erythrocephalus,,Insect,1,Hobart,1
Austroicetes frater,Southern Austroicetes Grasshopper,Insect,1,Perth,1
Austromorium flavigaster,Ant,Insect,1,Melbourne,1
Austronymphes insularis,,Insect,1,Melbourne,1
Austrosciapus capricornis,,Insect,1,Sydney,1
Austroterpna idiographa,,Insect,1,Sydney,1
Bactrocera bancroftii,,Insect,1,Brisbane,1
Balaana abscondita,Bee Fly,Insect,1,Sydney,1
Barea discincta,Concealer Moth,Insect,1,Sydney,1
Barea phaulobrya,,Insect,1,Brisbane,1
Barea xanthocoma,,Insect,1,Adelaide,1
Basitropis relicta,,Insect,1,Brisbane,1
Bemisia giffardi,,Insect,1,Adelaide,1
Bilbilicallia bifasciata,,Insect,1,Perth,1
Blastopsylla adnatariae,,Insect,1,Melbourne,1
Blepharotes flavus,,Insect,1,Brisbane,1
Bolbophanes rugatus,,Insect,1,Brisbane,1
Brindlensia jeekeli,,Insect,1,Melbourne,1
Bunduica rubrovenosa,,Insect,1,Perth,1
Byrsinus australis,,Insect,1,Melbourne,1
Cadmus cognatus,,Insect,1,Melbourne,1
Cadmus colossus,,Insect,1,Brisbane,1
Cadra perfasciata,,Insect,1,Perth,1
Cafius catenatus,,Insect,1,Melbourne,1
Calolampra notabilis,Cockroach,Insect,1,Melbourne,1
Calomela acaciae,,Insect,1,Melbourne,1
Calomela fulvilabris,,Insect,1,Brisbane,1
Camponotus humilior,,Insect,1,Sydney,1
Candovia karasi,Karas’s Stick Insect,Insect,1,Brisbane,1
Cardiaspina brunnea,,Insect,1,Melbourne,1
Cardiaspina maniformis,,Insect,1,Canberra–Queanbeyan,1
Carebara mjobergi,,Insect,1,Brisbane,1
Carphurus balteatus,,Insect,1,Darwin,1
Carphurus pravus,,Insect,1,Sydney,1
Carventus brachypterus,Flat Bug,Insect,1,Melbourne,1
Castiarina costata,,Insect,1,Sydney,1
Castiarina cyanipes,Jewel Beetle,Insect,1,Perth,1
Castiarina decemguttata,,Insect,1,Perth,1
Castiarina decipiens,,Insect,1,Brisbane,1
Castiarina gardnerae,,Insect,1,Perth,1
Castiarina ochreiventris,,Insect,1,Brisbane,1
Castiarina phaeopus,,Insect,1,Perth,1
Castiarina spilota,,Insect,1,Sydney,1
Casuarinicola nigrimaculatus,,Insect,1,Sydney,1
Catacometes hemiscia,Concealer Moth,Insect,1,Perth,1
Catoryctis eugramma,,Insect,1,Brisbane,1
Ceranisus menes,,Insect,1,Melbourne,1
Ceriana macleayi,,Insect,1,Sydney,1
Chaoborus longicercus,,Insect,1,Brisbane,1
Chaoborus punctilliger,,Insect,1,Darwin,1
Cheiloxena insignis,,Insect,1,Melbourne,1
Chezala anaxia,Concealer Moth,Insect,1,Melbourne,1
Chironomus calipterus,Midge,Insect,1,Brisbane,1
Chlamydopsis striatipennis,,Insect,1,Melbourne,1
Choerocoris grossi,,Insect,1,Brisbane,1
Chrysolarentia synchora,,Insect,1,Hobart,1
Chrysonoma concisella,,Insect,1,Sydney,1
Ciulfina biseriata,,Insect,1,Brisbane,1
Cleora godeffroyi,,Insect,1,Perth,1
Cleotyche francescoi,,Insect,1,Brisbane,1
Clerus bimaculatus,,Insect,1,Perth,1
Clinotanypus crux,Midge,Insect,1,Brisbane,1
Clitemnestra mimetica,,Insect,1,Canberra–Queanbeyan,1
Coeloptera epiloma,,Insect,1,Melbourne,1
Collinsa submicans,,Insect,1,Brisbane,1
Comana corones,,Insect,1,Darwin,1
Conocephalus maculatus,,Insect,1,Darwin,1
Conocephalus willemsei,,Insect,1,Darwin,1
Copamyntis leptocosma,,Insect,1,Perth,1
Coptocercus orientalis,,Insect,1,Melbourne,1
Coptotermes frenchi,Subterranean Termite,Insect,1,Melbourne,1
Cosmopterix attenuatella,,Insect,1,Brisbane,1
Cryomyia argyropila,,Insect,1,Perth,1
Cryptophasa molaris,,Insect,1,Brisbane,1
Cryptophasa opalina,,Insect,1,Brisbane,1
Cryptopone rotundiceps,Ant,Insect,1,Melbourne,1
Culex postspiraculosus,Mosquito,Insect,1,Brisbane,1
Curpilladia flavocarinata,,Insect,1,Darwin,1
Cuspicona eremophilae,,Insect,1,Brisbane,1
Cuspicona longispina,Shield Bug,Insect,1,Adelaide,1
Cydistomyia cyanea,,Insect,1,Sydney,1
Cylidrus nigrinus,,Insect,1,Melbourne,1
Cylindromyia aurigans,,Insect,1,Brisbane,1
Dactylopius opuntiae,Opuntia Cochineal Scale,Insect,1,Melbourne,1
Daphnis protrudens,,Insect,1,Brisbane,1
Dasygnathus dejeani,Redheaded Whitegrub,Insect,1,Brisbane,1
Demonax chrysoderes,,Insect,1,Brisbane,1
Derambila idiosceles,,Insect,1,Darwin,1
Desudaboides fletcheri,,Insect,1,Brisbane,1
Deudorix smilis,,Insect,1,Darwin,1
Diapatela placina,,Insect,1,Brisbane,1
Diaspis echinocacti,,Insect,1,Brisbane,1
Dichelopa tarsodes,,Insect,1,Melbourne,1
Dichromodes euprepes,,Insect,1,Perth,1
Dichromodes lechria,,Insect,1,Perth,1
Dichromodes paratacta,,Insect,1,Sydney,1
Dichromodes partitaria,,Insect,1,Perth,1
Dicranolaius major,,Insect,1,Darwin,1
Dictyotus roei,Shield Bug,Insect,1,Perth,1
Diphucrania stigmata,,Insect,1,Perth,1
Diplonephra ditata,,Insect,1,Brisbane,1
Dipsaconia pyritosa,,Insect,1,Melbourne,1
Disterna concinna,,Insect,1,Darwin,1
Disterna mastersii,,Insect,1,Brisbane,1
Doloporus thoracicus,,Insect,1,Brisbane,1
Drepanocera microstigmata,Concealer Moth,Insect,1,Sydney,1
Duplex horakae,,Insect,1,Darwin,1
Eccritosia rubriventris,,Insect,1,Brisbane,1
Eccymatoge morphna,Geometer Moth,Insect,1,Melbourne,1
Ectenopsis norrisi,,Insect,1,Perth,1
Ectropis mniara,,Insect,1,Sydney,1
Edosa meliphanes,Fungus Moth,Insect,1,Adelaide,1
Edusella monticola,,Insect,1,Canberra–Queanbeyan,1
Elaeonoma deltacostamela,,Insect,1,Brisbane,1
Elimus mackayensis,,Insect,1,Brisbane,1
Ellopidia sloanei,,Insect,1,Canberra–Queanbeyan,1
Emesopsis fenestrella,,Insect,1,Darwin,1
Emplesis tibialis,,Insect,1,Melbourne,1
Ennothus fallax,,Insect,1,Perth,1
Entedon magnificus,,Insect,1,Hobart,1
Ephutomorpha amoena,,Insect,1,Brisbane,1
Ephutomorpha aurata,,Insect,1,Canberra–Queanbeyan,1
Ephutomorpha emeraldiana,,Insect,1,Melbourne,1
Epidesmia brachygrammella,Geometer Moth,Insect,1,Sydney,1
Epiphyas haematodes,,Insect,1,Melbourne,1
Epiplema quadristrigata,,Insect,1,Brisbane,1
Epopostruma wardi,,Insect,1,Canberra–Queanbeyan,1
Erechthias elaeorrhoa,,Insect,1,Canberra–Queanbeyan,1
Erythropogon ichneumoniformis,Robber Fly,Insect,1,Melbourne,1
Essigella californica,Aphid,Insect,1,Melbourne,1
Ethmia nigroapicella,,Insect,1,Darwin,1
Euchromius cornus,Grass Moth,Insect,1,Brisbane,1
Euclasta maceratalis,,Insect,1,Darwin,1
Eulechria malacostola,,Insect,1,Brisbane,1
Eulechria thermochroa,,Insect,1,Brisbane,1
Euloxia meracula,,Insect,1,Adelaide,1
Euodynerus angulatus,,Insect,1,Adelaide,1
Euomma amoena,,Insect,1,Melbourne,1
Eupanteos bifasciatus,,Insect,1,Sydney,1
Euphranta marina,,Insect,1,Brisbane,1
Eupithecia aphanes,,Insect,1,Brisbane,1
Eupselia theorella,,Insect,1,Brisbane,1
Eurhynchus scabrior,,Insect,1,Sydney,1
Euryglossina atra,Plasterer Bee,Insect,1,Brisbane,1
Euryglossina flavolateralis,,Insect,1,Adelaide,1
Euryglossina melanocephala,,Insect,1,Brisbane,1
Eusynthemis virgula,Golden Tigertail,Insect,1,Melbourne,1
Euthrausta phoenicea,,Insect,1,Brisbane,1
Everardia picta,,Insect,1,Perth,1
Exoneura angophorae,Reed Bee,Insect,1,Hobart,1
Faex aemula,,Insect,1,Brisbane,1
Fopius arisanus,,Insect,1,Brisbane,1
Frankliniella occidentalis,Western Flower Thrips,Insect,1,Melbourne,1
Garrha paraderces,,Insect,1,Sydney,1
Garrha rufa,Concealer Moth,Insect,1,Brisbane,1
Garrha rufimaculella,,Insect,1,Adelaide,1
Gavrana spinosa,,Insect,1,Melbourne,1
Geoscaptus cacus,,Insect,1,Melbourne,1
Gnathaphanus philippensis,,Insect,1,Brisbane,1
Gonodontis luteola,,Insect,1,Brisbane,1
Graptomyza doddi,,Insect,1,Brisbane,1
Graptomyza flavicollis,,Insect,1,Brisbane,1
Grossander major,Seed Bug,Insect,1,Melbourne,1
Gryonella magnidens,,Insect,1,Canberra–Queanbeyan,1
Gymnocychramus bicolor,,Insect,1,Sydney,1
Halone ophiodes,Moth,Insect,1,Canberra–Queanbeyan,1
Hapatesus kershawi,,Insect,1,Melbourne,1
Haplonyx latus,,Insect,1,Melbourne,1
Happarana pallida,,Insect,1,Darwin,1
Harpobittacus tillyardi,Scorpionfly,Insect,1,Brisbane,1
Hecalus arcuatus,,Insect,1,Brisbane,1
Hednota bifractellus,Grass Moth,Insect,1,Canberra–Queanbeyan,1
Hednota invalidellus,,Insect,1,Melbourne,1
Helina imitatrix,,Insect,1,Melbourne,1
Heliocheilus aberrans,Owlet Moth,Insect,1,Canberra–Queanbeyan,1
Heliocheilus cramboides,Owlet Moth,Insect,1,Brisbane,1
Heliocosma rhodopnoana,,Insect,1,Perth,1
Hemibela platyxantha,,Insect,1,Perth,1
Hesperus australis,,Insect,1,Sydney,1
Heterormista psammochroa,,Insect,1,Brisbane,1
Hindoloides appendiculata,,Insect,1,Sydney,1
Holocola pericyphana,,Insect,1,Sydney,1
Holocola perspectana,,Insect,1,Sydney,1
Homoneura fumifrons,,Insect,1,Sydney,1
Horcinia distincta,,Insect,1,Canberra–Queanbeyan,1
Hoshihananomia vitticollis,,Insect,1,Brisbane,1
Hullia commoni,,Insect,1,Perth,1
Hylaeus accipitris,Plasterer Bee,Insect,1,Melbourne,1
Hylaeus probligenatus,,Insect,1,Canberra–Queanbeyan,1
Hypena isogona,,Insect,1,Brisbane,1
Hypertrocta brunnea,,Insect,1,Brisbane,1
Hypobapta percomptaria,Geometer Moth,Insect,1,Hobart,1
Icerya imperatae,,Insect,1,Brisbane,1
Idaea epicyrta,,Insect,1,Hobart,1
Idaea probleta,Geometer Moth,Insect,1,Melbourne,1
Idiophantis insomnis,,Insect,1,Brisbane,1
Iridomyrmex reburrus,,Insect,1,Darwin,1
Jiwarli solanum,,Insect,1,Adelaide,1
Johnrehnia tibiarubrum,,Insect,1,Brisbane,1
Labena annulata,,Insect,1,Melbourne,1
Lacera noctilio,,Insect,1,Brisbane,1
Lactura dives,,Insect,1,Darwin,1
Laophila sabulicolor,,Insect,1,Darwin,1
Laphria fulvipes,,Insect,1,Brisbane,1
Lasioglossum altichus,,Insect,1,Melbourne,1
Lasioglossum orbatum,Sweat Bee,Insect,1,Melbourne,1
Laxotela gaimarii,Stiletto Fly,Insect,1,Adelaide,1
Leioproctus cyaneorufus,,Insect,1,Melbourne,1
Leioproctus megadontus,,Insect,1,Brisbane,1
Lemidia vreversa,,Insect,1,Melbourne,1
Lepidiota squamulata,Canegrub,Insect,1,Brisbane,1
Lepidosaphes beckii,Scale Insect,Insect,1,Sydney,1
Lepidoscia glabrella,Bagworm Moth,Insect,1,Melbourne,1
Lepidoscia scotinopis,,Insect,1,Melbourne,1
Leptoglossus occidentalis,Western Conifer-seed Bug,Insect,1,Sydney,1
Leptotarsus imperatorius,Crane Fly,Insect,1,Melbourne,1
Lestonia grossi,,Insect,1,Sydney,1
Lethocerus distinctifemur,,Insect,1,Darwin,1
Ligyra punctipennis,,Insect,1,Sydney,1
Lilliputocoris terraereginae,,Insect,1,Brisbane,1
Limnophila kershawi,Crane Fly,Insect,1,Melbourne,1
Liparetrus concolor,,Insect,1,Melbourne,1
Liposcelis entomophila,,Insect,1,Brisbane,1
Lipotriches moerens,Sweat Bee,Insect,1,Sydney,1
Lissotes forcipula,,Insect,1,Hobart,1
Lucilia papuensis,,Insect,1,Brisbane,1
Lydda perkinsi,,Insect,1,Brisbane,1
Lygaeoscytus cimicoides,Plant Bug,Insect,1,Melbourne,1
Machiloides hickmani,,Insect,1,Hobart,1
Mackerrasomyia brevibarba,,Insect,1,Brisbane,1
Maconellicoccus australiensis,,Insect,1,Melbourne,1
Macroceps moorei,Leafhopper,Insect,1,Canberra–Queanbeyan,1
Mandella australis,,Insect,1,Melbourne,1
Maxates tanygona,,Insect,1,Brisbane,1
Mecynopus semivitreus,,Insect,1,Melbourne,1
Mediastinia delicatula,,Insect,1,Brisbane,1
Megachile mackayensis,,Insect,1,Sydney,1
Megachile speluncarum,,Insect,1,Perth,1
Megalyra shuckardi,Wasp,Insect,1,Melbourne,1
Megastigmus voltairei,,Insect,1,Brisbane,1
Megazosteria patula,,Insect,1,Darwin,1
Melanerythrus mutilatus,Bug,Insect,1,Adelaide,1
Mepleres tanei,,Insect,1,Melbourne,1
Meranoplus rugosus,Ant,Insect,1,Perth,1
Merrinella tandanya,,Insect,1,Melbourne,1
Mesostruma bella,Ant,Insect,1,Canberra–Queanbeyan,1
Mesostruma browni,,Insect,1,Sydney,1
Metaballus mucronatus,,Insect,1,Perth,1
Metallarcha achoeusalis,Moth,Insect,1,Sydney,1
Metaphycus maculipennis,,Insect,1,Adelaide,1
Metasia celaenophaes,,Insect,1,Sydney,1
Microcerotermes turneri,,Insect,1,Brisbane,1
Miltinus cinctus,,Insect,1,Perth,1
Mimomyia elegans,,Insect,1,Darwin,1
Mimophantia stictica,,Insect,1,Brisbane,1
Mirabilamorbus monteithi,,Insect,1,Darwin,1
Misophrice setosa,,Insect,1,Sydney,1
Molophilus chloris,Crane Fly,Insect,1,Melbourne,1
Molytria inquinata,,Insect,1,Sydney,1
Monilonotum rufiventre,,Insect,1,Brisbane,1
Mordella vaureum,,Insect,1,Perth,1
Morosaphycita tridens,,Insect,1,Brisbane,1
Morpholycus monilicornis,,Insect,1,Melbourne,1
Musotima suffusalis,,Insect,1,Brisbane,1
Myctides imberbis,,Insect,1,Brisbane,1
Myiodactylus osmyloides,,Insect,1,Sydney,1
Myiodactylus pubescens,,Insect,1,Darwin,1
Myioscaptia nigroapicalis,,Insect,1,Brisbane,1
Mylocera tenebrifera,Concealer Moth,Insect,1,Sydney,1
Nacoleia glageropa,,Insect,1,Brisbane,1
Nanexila manni,Stiletto Fly,Insect,1,Sydney,1
Nannophlebia eludens,Elusive Archtail,Insect,1,Darwin,1
Nascio xanthura,,Insect,1,Sydney,1
Nascioides olliffi,,Insect,1,Sydney,1
Nearcha staurotis,,Insect,1,Perth,1
Nebothriomyrmex majeri,,Insect,1,Perth,1
Neocecidothrips bursariae,,Insect,1,Melbourne,1
Neodialineura spinosa,,Insect,1,Perth,1
Neoeurys tasmanicus,,Insect,1,Hobart,1
Neolaemosaccus notatus,,Insect,1,Brisbane,1
Neovulturnus vanduzeei,,Insect,1,Melbourne,1
Nephele hespera,,Insect,1,Sydney,1
Nephotettix virescens,,Insect,1,Brisbane,1
Nesidovelia peramoena,,Insect,1,Hobart,1
Neuroctenus proximus,,Insect,1,Perth,1
Nitela australiensis,,Insect,1,Hobart,1
Nola aulacota,,Insect,1,Melbourne,1
Nososticta koolpinyah,Koolpinyah Threadtail,Insect,1,Darwin,1
Nothotrichocera cranstoni,Winter Crane Fly,Insect,1,Melbourne,1
Notomagdalis subcylindrica,,Insect,1,Melbourne,1
Nyctereutica melanophorella,,Insect,1,Sydney,1
Ocirrhoe virescens,,Insect,1,Brisbane,1
Odyneromyia transparens,,Insect,1,Melbourne,1
Oedaspis australis,,Insect,1,Sydney,1
Oenochroma privata,,Insect,1,Perth,1
Ogyris ianthis,Golden Azure,Insect,1,Sydney,1
Oncocoris modestus,,Insect,1,Brisbane,1
Onesia tibialis,Blow Fly,Insect,1,Melbourne,1
Onthophagus arrilla,,Insect,1,Brisbane,1
Onycodes traumataria,Geometer Moth,Insect,1,Hobart,1
Ophiomyia cornuta,,Insect,1,Melbourne,1
Opodiphthera astrophela,,Insect,1,Brisbane,1
Orectognathus nigriventris,,Insect,1,Sydney,1
Orthetrum boumiera,Brownwater Skimmer,Insect,1,Brisbane,1
Otiophora clavifera,,Insect,1,Darwin,1
Oxyops reticulatus,,Insect,1,Sydney,1
Oxysemaphora notialis,,Insect,1,Melbourne,1
Ozotomerus bipunctatus,,Insect,1,Brisbane,1
Pachymorpha springbrookensis,Springbrook Pachymorpha Stick-insect,Insect,1,Brisbane,1
Pachyplocia loxocyma,,Insect,1,Sydney,1
Palpita pajnii,,Insect,1,Brisbane,1
Pantoreites trilinealbus,,Insect,1,Perth,1
Paramixogaster gayi,,Insect,1,Melbourne,1
Parapalaeosepsis laffooni,,Insect,1,Brisbane,1
Parena fasciata,,Insect,1,Brisbane,1
Paropsis parryi,,Insect,1,Sydney,1
Paropsisterna subcostata,,Insect,1,Hobart,1
Pascoepus illawarrus,Leafhopper,Insect,1,Melbourne,1
Patellapis stirlingi,,Insect,1,Darwin,1
Pelecorhynchus flavipennis,Snipe Fly,Insect,1,Sydney,1
Peliocis subcylindricus,,Insect,1,Perth,1
Pelororhinus angustatus,,Insect,1,Melbourne,1
Peltoschema jucunda,,Insect,1,Perth,1
Peraglyphis chalepa,,Insect,1,Canberra–Queanbeyan,1
Periclystus laceratus,,Insect,1,Perth,1
Phalota collaris,,Insect,1,Melbourne,1
Phanerotoma behriae,,Insect,1,Brisbane,1
Phenacoccus parvus,Lantana Mealybug,Insect,1,Brisbane,1
Pheraspis symmetra,,Insect,1,Darwin,1
Phereoeca praecox,,Insect,1,Sydney,1
Philobota atmopis,,Insect,1,Brisbane,1
Philobota euchlora,,Insect,1,Brisbane,1
Phloeosinus cupressi,Cypress Bark Beetle,Insect,1,Melbourne,1
Phlogistus lemoides,,Insect,1,Brisbane,1
Phlogistus schenklingi,,Insect,1,Melbourne,1
Phoracantha immaculata,,Insect,1,Melbourne,1
Phryctora phryctora,,Insect,1,Perth,1
Phyllocnistis hapalodes,,Insect,1,Perth,1
Phyllotocus decipiens,,Insect,1,Melbourne,1
Physeema latorea,,Insect,1,Perth,1
Pilostibes stigmatias,,Insect,1,Brisbane,1
Piophilosoma palpatum,Cheese Fly,Insect,1,Adelaide,1
Placocosma agaclita,,Insect,1,Sydney,1
Plagiozopelma flavipodex,,Insect,1,Brisbane,1
Planococcus ficus,Mediterranean Vine Mealybug,Insect,1,Sydney,1
Planolocha hyposema,,Insect,1,Sydney,1
Platensina zodiacalis,,Insect,1,Darwin,1
Platydema aries,,Insect,1,Brisbane,1
Pnirsus notaticollis,,Insect,1,Perth,1
Poecilotoma grandicornis,Shield Bug,Insect,1,Perth,1
Poliaspis callitris,Scale Insect,Insect,1,Adelaide,1
Polyrhachis dives,Ant,Insect,1,Darwin,1
Pontania proxima,Willow Redgall Sawfly,Insect,1,Hobart,1
Primeuchroeus biroi,,Insect,1,Sydney,1
Prionocris acmaea,,Insect,1,Brisbane,1
Prodelaca achalinella,Concealer Moth,Insect,1,Adelaide,1
Proteuxoa crypsicharis,Owlet Moth,Insect,1,Adelaide,1
Proteuxoa cyanoloma,Owlet Moth,Insect,1,Melbourne,1
Proteuxoa metaneura,Owlet Moth,Insect,1,Adelaide,1
Pseudagrion lucifer,Citrine-headed Riverdamsel,Insect,1,Darwin,1
Pseudanilara piliventris,,Insect,1,Melbourne,1
Pseudotetracha australis,Tiger Beetle,Insect,1,Adelaide,1
Psilomorpha apicalis,,Insect,1,Melbourne,1
Psilosticha loxoschema,Geometer Moth,Insect,1,Adelaide,1
Pteroxanium kelloggi,,Insect,1,Melbourne,1
Pullimosina heteroneura,Small Dung Fly,Insect,1,Sydney,1
Pyrrhyllis laevifrons,,Insect,1,Hobart,1
Questopogon affinis,,Insect,1,Perth,1
Rapsilla fusca,,Insect,1,Sydney,1
Rhopaea verreauxii,Cocksfoot Grub,Insect,1,Sydney,1
Rivula niphodesma,,Insect,1,Darwin,1
Ropalidia darwini,,Insect,1,Darwin,1
Russalpia albertisi,,Insect,1,Hobart,1
Salma mnesibrya,,Insect,1,Perth,1
Sarothrocrepis nigricincta,,Insect,1,Adelaide,1
Scopula innocens,,Insect,1,Brisbane,1
Scotinophara allanae,,Insect,1,Darwin,1
Scymena amphibia,,Insect,1,Adelaide,1
Scythrophanes stenoptera,Moth,Insect,1,Perth,1
Smiliopus quadrinotatus,Assassin Bug,Insect,1,Melbourne,1
Spilopsyllus cuniculi,,Insect,1,Hobart,1
Stathmopoda lethonoa,Concealer Moth,Insect,1,Sydney,1
Stigmacros debilis,,Insect,1,Brisbane,1
Stomosis vittata,,Insect,1,Melbourne,1
Syllepte ridopalis,,Insect,1,Darwin,1
Symmachis glaucescens,,Insect,1,Perth,1
Synemon collecta,Striated Sun-moth,Insect,1,Canberra–Queanbeyan,1
Synlestes selysi,Forest Needle,Insect,1,Sydney,1
Syntretus trigonaphagus,,Insect,1,Sydney,1
Tamba syndesma,,Insect,1,Brisbane,1
Tanyscelis grallator,,Insect,1,Melbourne,1
Tapeigaster annulata,,Insect,1,Melbourne,1
Tarachota ceramica,,Insect,1,Brisbane,1
Targalla scelerata,,Insect,1,Darwin,1
Tarsostenodes bullatus,,Insect,1,Brisbane,1
Teispes insularis,,Insect,1,Darwin,1
Telanepsia mobilis,,Insect,1,Melbourne,1
Telicota eurychlora,Dingy Darter,Insect,1,Sydney,1
Telsimia subviridis,,Insect,1,Melbourne,1
Tepperotettix reliqua,,Insect,1,Brisbane,1
Terpandrus horridus,,Insect,1,Sydney,1
Testrica haedula,,Insect,1,Perth,1
Tetragonula mellipes,,Insect,1,Darwin,1
Tetraponera nitida,,Insect,1,Darwin,1
Thallarcha isophragma,,Insect,1,Hobart,1
Thallogama destinataria,,Insect,1,Sydney,1
Thelocoris nigricans,Assassin Bug,Insect,1,Canberra–Queanbeyan,1
Theretra turneri,,Insect,1,Darwin,1
Thereutria pulchripes,Robber Fly,Insect,1,Melbourne,1
Thiotricha acronipha,,Insect,1,Brisbane,1
Thumatha fuscescens,,Insect,1,Brisbane,1
Tingis perkensi,,Insect,1,Melbourne,1
Toorongus jugulatus,,Insect,1,Hobart,1
Toxicum punctipenne,,Insect,1,Melbourne,1
Toxidia andersoni,Anderson's Skipper,Insect,1,Melbourne,1
Trachymela montuosa,,Insect,1,Sydney,1
Trachymela victoriae,,Insect,1,Melbourne,1
Trichocolletes dowerinensis,,Insect,1,Perth,1
Tricoryna reticulativentris,,Insect,1,Brisbane,1
Triplectides australis,Caddisfly,Insect,1,Brisbane,1
Tristaria grouvellei,,Insect,1,Adelaide,1
Turnerinycta phaeocosma,,Insect,1,Brisbane,1
Tympanophora pellucida,,Insect,1,Perth,1
Tyria jacobaeae,,Insect,1,Melbourne,1
Unadillides distichella,,Insect,1,Adelaide,1
Uracanthus strigosus,,Insect,1,Sydney,1
Westermannia gloriosa,,Insect,1,Brisbane,1
Xenomusa metallica,,Insect,1,Sydney,1
Xestocephalus tasmaniensis,Leafhopper,Insect,1,Brisbane,1
Xylomimetes scholastis,,Insect,1,Sydney,1
Xylopsocus gibbicollis,Common Auger Beetle,Insect,1,Canberra–Queanbeyan,1
Xylorycta melanula,,Insect,1,Sydney,1
Xylotillus lindi,Yellow Auger Beetle,Insect,1,Melbourne,1
Xylotrechus australis,,Insect,1,Brisbane,1
Xylotrechus reginae,,Insect,1,Brisbane,1
Xystrocera globosa,,Insect,1,Darwin,1
Yoma sabina,Lurcher,Insect,1,Brisbane,1
Zaclava clavifemorata,,Insect,1,Melbourne,1
Zaspilothynnus scolioides,,Insect,1,Darwin,1
Zauclophora procellosa,,Insect,1,Brisbane,1
Acanthasargus varipes,,Insect,1,Brisbane,1
Acanthucalis macalpini,,Insect,1,Adelaide,1
Acraspisa parva,Stiletto Fly,Insect,1,Adelaide,1
Acridophagus paganicus,,Insect,1,Hobart,1
Acropteris nanula,,Insect,1,Darwin,1
Adoxia femoralis,,Insect,1,Hobart,1
Aedes longirostris,,Insect,1,Darwin,1
Aedes wattensis,,Insect,1,Brisbane,1
Aeolochroma subrubescens,,Insect,1,Brisbane,1
Aeolochroma viridicata,,Insect,1,Sydney,1
Aeoloscelis pachyceros,,Insect,1,Melbourne,1
Aeolostoma scutiferana,,Insect,1,Sydney,1
Aethinodes marmoratum,,Insect,1,Brisbane,1
Agapophytus annamariae,,Insect,1,Adelaide,1
Agapophytus asprolepidotos,,Insect,1,Perth,1
Agapophytus decorus,,Insect,1,Melbourne,1
Agrilus echidna,,Insect,1,Perth,1
Agriomyia variegata,,Insect,1,Brisbane,1
Agriophara levis,,Insect,1,Sydney,1
Agriopocoris dollingi,,Insect,1,Perth,1
Alloxysta victrix,,Insect,1,Melbourne,1
Alphitopis nivea,,Insect,1,Perth,1
Alysia manducator,,Insect,1,Melbourne,1
Amandalotus cordipennis,,Insect,1,Melbourne,1
Amarygmus convexus,,Insect,1,Brisbane,1
Amata chromatica,,Insect,1,Sydney,1
Amata xanthura,Moth,Insect,1,Sydney,1
Amblyterus cicatricosus,,Insect,1,Sydney,1
Amelora belemnophora,Geometer Moth,Insect,1,Perth,1
Amelora leucaniata,Geometer Moth,Insect,1,Melbourne,1
Amenia albomaculata,Blow Fly,Insect,1,Sydney,1
Amerila serica,,Insect,1,Brisbane,1
Amlearcha depressa,,Insect,1,Melbourne,1
Anaptilora homoclera,,Insect,1,Sydney,1
Ancita basicristata,,Insect,1,Sydney,1
Ancylis biscissana,,Insect,1,Melbourne,1
Ancyttalia erichsoni,,Insect,1,Adelaide,1
Andriscus cinctus,Shield Bug,Insect,1,Melbourne,1
Anisolabis flavocapitata,,Insect,1,Perth,1
Anomis nigritarsis,,Insect,1,Darwin,1
Anonychomyrma froggatti,,Insect,1,Melbourne,1
Anopheles novaguinensis,,Insect,1,Darwin,1
Anoplognathus abnormis,,Insect,1,Brisbane,1
Anorthorhinus pictipes,,Insect,1,Canberra–Queanbeyan,1
Antimima cryptica,,Insect,1,Perth,1
Antipodogomphus acolythus,Southern Dragon,Insect,1,Brisbane,1
Aporocera vermicularis,,Insect,1,Brisbane,1
Apotropina ornatipennis,Frit Fly,Insect,1,Melbourne,1
Aprostocetus hagenowii,,Insect,1,Sydney,1
Araiobelus acicularis,,Insect,1,Perth,1
Ardozyga subnexella,,Insect,1,Sydney,1
Ardozyga xuthias,,Insect,1,Sydney,1
Aristeis chrysoteuches,Concealer Moth,Insect,1,Melbourne,1
Artiastis tepida,Concealer Moth,Insect,1,Sydney,1
Artigisa dentilinea,,Insect,1,Darwin,1
Ascetoderes costatus,,Insect,1,Brisbane,1
Asota australis,,Insect,1,Darwin,1
Asphondylia glabrigerminis,Gall Gnat,Insect,1,Sydney,1
Asthenoptycha craterana,,Insect,1,Hobart,1
Astigmus specularis,,Insect,1,Darwin,1
Atesta sita,,Insect,1,Perth,1
Aulacaspis rosae,,Insect,1,Melbourne,1
Aulacophora relicta,,Insect,1,Brisbane,1
Aulacopris reichei,,Insect,1,Sydney,1
Aulacus belairensis,,Insect,1,Adelaide,1
Austeucharis rufiventris,,Insect,1,Hobart,1
Australaphodius frenchi,Little Pasture Cockchafer,Insect,1,Melbourne,1
Australeon illustris,,Insect,1,Sydney,1
Australocleptes ereptor,,Insect,1,Brisbane,1
Austroclerada victoriensis,Seed Bug,Insect,1,Melbourne,1
Austrocyrta australiensis,Wood Wasp,Insect,1,Melbourne,1
Austrolestes cingulatus,Metallic Ringtail,Insect,1,Melbourne,1
Austrolimnophila pristina,Crane Fly,Insect,1,Melbourne,1
Azollaebagous clarenciensis,,Insect,1,Melbourne,1
Bactrocera jarvisi,,Insect,1,Darwin,1
Badister sundaicus,,Insect,1,Melbourne,1
Balanophorus victoriensis,,Insect,1,Melbourne,1
Barantola pulcherrima,,Insect,1,Brisbane,1
Barea turbatella,Concealer Moth,Insect,1,Melbourne,1
Birrima castanea,Red Treeticker,Insect,1,Sydney,1
Blaena coarctata,Shield Bug,Insect,1,Adelaide,1
Bondia digramma,,Insect,1,Perth,1
Botocudo ornatulus,,Insect,1,Perth,1
Brachyhesma houstoni,,Insect,1,Adelaide,1
Brachymeria lasus,,Insect,1,Brisbane,1
Brachymeria perflavipes,,Insect,1,Sydney,1
Brachysandalus westraliensis,,Insect,1,Perth,1
Brachytria discopunctata,,Insect,1,Melbourne,1
Brunettia alternata,Moth Fly,Insect,1,Brisbane,1
Cadmus pacificus,,Insect,1,Melbourne,1
Calathusa maritima,,Insect,1,Sydney,1
Calathusa stenophylla,,Insect,1,Brisbane,1
Calliphora centralis,,Insect,1,Brisbane,1
Calofulcinia paraoxypila,,Insect,1,Sydney,1
Calolampra subgracilis,Cockroach,Insect,1,Melbourne,1
Caloptilia protiella,,Insect,1,Brisbane,1
Camponotus extensus,,Insect,1,Darwin,1
Camponotus loweryi,,Insect,1,Brisbane,1
Carphurus gallinaceus,,Insect,1,Canberra–Queanbeyan,1
Carposina mediella,,Insect,1,Melbourne,1
Castiarina carminea,,Insect,1,Perth,1
Castiarina jeanae,,Insect,1,Melbourne,1
Castiarina pulchripes,,Insect,1,Melbourne,1
Castiarina robusta,,Insect,1,Perth,1
Caystrus pallidolimbatus,,Insect,1,Brisbane,1
Ceratognathus macrognathus,,Insect,1,Melbourne,1
Ceratolauxania atrimana,Acalyptrate Fly,Insect,1,Melbourne,1
Cerceris opposita,,Insect,1,Melbourne,1
Ceromya fergusoni,,Insect,1,Canberra–Queanbeyan,1
Certonotus geniculatus,,Insect,1,Melbourne,1
Chabula acamasalis,,Insect,1,Brisbane,1
Cheiroplatys excavatus,,Insect,1,Brisbane,1
Chlamydopsis pygidialis,,Insect,1,Melbourne,1
Chloroclystis guttifera,,Insect,1,Brisbane,1
Cholevomorpha picta,,Insect,1,Melbourne,1
Chrysodeixis illuminata,,Insect,1,Brisbane,1
Chrysonoma euchrysa,,Insect,1,Sydney,1
Clarissa thoracica,,Insect,1,Brisbane,1
Clithria eucnemis,,Insect,1,Melbourne,1
Colgar surrectum,,Insect,1,Brisbane,1
Colymbomorpha uniformis,,Insect,1,Perth,1
Comperiella bifasciata,,Insect,1,Adelaide,1
Cooronga mcalpinei,,Insect,1,Melbourne,1
Copidita medioflava,,Insect,1,Melbourne,1
Copidita pachymera,,Insect,1,Brisbane,1
Copromorpha phaeosticta,,Insect,1,Brisbane,1
Coptocercus vicinus,,Insect,1,Darwin,1
Corizidolon australiense,,Insect,1,Sydney,1
Cosmopterix epizona,,Insect,1,Brisbane,1
Crematogaster rufotestacea,,Insect,1,Sydney,1
Cricotopus annuliventris,Midge,Insect,1,Adelaide,1
Ctenomeristis subfuscella,,Insect,1,Brisbane,1
Culex squamosus,,Insect,1,Brisbane,1
Culicoides marksi,,Insect,1,Darwin,1
Dallatorrella rubriventris,,Insect,1,Brisbane,1
Daptolestes feminategus,,Insect,1,Melbourne,1
Dasybasis dixoni,Horse Fly,Insect,1,Melbourne,1
Desmothrips reedi,,Insect,1,Melbourne,1
Deuterocopus socotranus,,Insect,1,Darwin,1
Diaspis boisduvali,,Insect,1,Sydney,1
Dicherotropis cavirostris,,Insect,1,Perth,1
Dichomeris peristylis,,Insect,1,Melbourne,1
Dicranosterna hemisphaerica,,Insect,1,Perth,1
Dilophus tersus,,Insect,1,Melbourne,1
Dinocephalia transsecta,,Insect,1,Adelaide,1
Distichocera superba,,Insect,1,Brisbane,1
Dolabrossa amblopa,Geometer Moth,Insect,1,Hobart,1
Dumbletoniella rotunda,Whitefly,Insect,1,Adelaide,1
Dyakinodes centralis,Cockroach,Insect,1,Sydney,1
Dysnoetus rugulosus,Shield Bug,Insect,1,Adelaide,1
Eccoptopterus spinosus,,Insect,1,Brisbane,1
Ecnolagria schneiderae,,Insect,1,Sydney,1
Ectopatria virginea,,Insect,1,Adelaide,1
Ectopiocephalus australis,Leafhopper,Insect,1,Brisbane,1
Edusella hirta,,Insect,1,Melbourne,1
Elachista velox,,Insect,1,Sydney,1
Elasmostethus suffusus,,Insect,1,Melbourne,1
Eleale angularis,,Insect,1,Perth,1
Eloasa callidesma,,Insect,1,Brisbane,1
Eloasa symphonistis,,Insect,1,Brisbane,1
Endotricha pyrrhocosma,,Insect,1,Darwin,1
Eoophyla argyrilinale,,Insect,1,Darwin,1
Epallia exigua,,Insect,1,Brisbane,1
Ephutomorpha excerpta,,Insect,1,Perth,1
Ephutomorpha fulvocrinita,,Insect,1,Perth,1
Epicoma phoenura,,Insect,1,Darwin,1
Epiona kirejtshuki,,Insect,1,Melbourne,1
Epiphyas eucyrta,,Insect,1,Melbourne,1
Epiphyas fabricata,Leafroller Moth,Insect,1,Melbourne,1
Epithetica typhoscia,,Insect,1,Sydney,1
Eressa megalospilia,,Insect,1,Darwin,1
Ericeia goniosema,,Insect,1,Brisbane,1
Eristalopsis parva,,Insect,1,Darwin,1
Ethmia anthracopis,,Insect,1,Perth,1
Ethmia postica,,Insect,1,Brisbane,1
Ethonion fissiceps,,Insect,1,Sydney,1
Euander multicoloratus,,Insect,1,Perth,1
Eulechria atmospila,,Insect,1,Brisbane,1
Eulechria psilopla,Concealer Moth,Insect,1,Sydney,1
Eumeta variegatus,,Insect,1,Darwin,1
Eunatalis fasciata,,Insect,1,Brisbane,1
Euphranta linocierae,,Insect,1,Brisbane,1
Eupoecilia acrographa,,Insect,1,Brisbane,1
Euproctis stenomorpha,,Insect,1,Darwin,1
Eurhynchus quadrituberculatus,,Insect,1,Sydney,1
Euryglossa terminata,,Insect,1,Adelaide,1
Euryglossina moonbiensis,,Insect,1,Darwin,1
Euryglossina nigra,,Insect,1,Brisbane,1
Euryglossina townsvillensis,,Insect,1,Brisbane,1
Eurymelops bicolor,Leafhopper,Insect,1,Brisbane,1
Eusurbus altus,,Insect,1,Perth,1
Exechopalpus rufifemur,,Insect,1,Perth,1
Exeirus lateritius,Cicada Killer,Insect,1,Sydney,1
Exomias pellucidus,Hairy Spider Weevil,Insect,1,Hobart,1
Faex transversomaculata,,Insect,1,Perth,1
Fraus orientalis,,Insect,1,Sydney,1
Fucellia tergina,,Insect,1,Melbourne,1
Garrha sericata,,Insect,1,Sydney,1
Garrha spatiosa,Concealer Moth,Insect,1,Melbourne,1
Gasteruption fluviale,,Insect,1,Adelaide,1
Gasteruption longipes,Parasitoid Wasp,Insect,1,Melbourne,1
Gasteruption peregrinum,,Insect,1,Melbourne,1
Gattonocoris horridus,Assassin Bug,Insect,1,Perth,1
Geocoris lubra,Bigeyed Bug,Insect,1,Perth,1
Geranomyia circipunctata,,Insect,1,Darwin,1
Gibbium aequinoctiale,,Insect,1,Sydney,1
Gibbovalva tricuneatella,,Insect,1,Sydney,1
Glaucocharis stenura,,Insect,1,Melbourne,1
Glaucoclystis immixtaria,,Insect,1,Brisbane,1
Glycythyma thymedes,,Insect,1,Darwin,1
Glyphipterix marmaropa,,Insect,1,Brisbane,1
Glyphipterix platydisema,,Insect,1,Melbourne,1
Glyphodes caesalis,,Insect,1,Darwin,1
Glyptotermes brevicornis,,Insect,1,Sydney,1
Grammodes occulta,,Insect,1,Brisbane,1
Halobates zephyrus,Water Strider,Insect,1,Brisbane,1
Hecatesia thyridion,Southern Whistling Moth,Insect,1,Perth,1
Hectobrocha adoxa,Moth,Insect,1,Sydney,1
Hectobrocha multilinea,,Insect,1,Sydney,1
Helluo costatus,,Insect,1,Sydney,1
Hensaussurea halmaturina,,Insect,1,Sydney,1
Hermetia olympiae,,Insect,1,Brisbane,1
Heteroptolis leucosta,Concealer Moth,Insect,1,Adelaide,1
Homoeosoma contracta,,Insect,1,Sydney,1
Horcinia varians,Assassin Bug,Insect,1,Sydney,1
Hoshihananomia quattuordecimmaculata,,Insect,1,Brisbane,1
Howickia trivittata,,Insect,1,Melbourne,1
Hylaeus callosus,Plasterer Bee,Insect,1,Melbourne,1
Hylaeus perrufus,,Insect,1,Adelaide,1
Hylaeus sanguinipictus,,Insect,1,Perth,1
Hylebatis scintillifera,,Insect,1,Brisbane,1
Hyperlopha cristifera,,Insect,1,Darwin,1
Hyphoryctes maculatus,,Insect,1,Darwin,1
Hyphydrus lyratus,Diving Beetle,Insect,1,Melbourne,1
Hypographa aristarcha,Geometer Moth,Insect,1,Perth,1
Hypsipyla robusta,,Insect,1,Sydney,1
Hypycnopa delotis,Geometer Moth,Insect,1,Adelaide,1
Hyrtacus tuberculatus,Lobed-abdomen Stick-insect,Insect,1,Adelaide,1
Idalima metasticta,,Insect,1,Darwin,1
Idiochlora celataria,,Insect,1,Darwin,1
Idiophantis habrias,,Insect,1,Brisbane,1
Idiopterus nephrelepidis,Maidenhair Fern Aphid,Insect,1,Melbourne,1
Iphicrates spathus,Chinch Bug,Insect,1,Hobart,1
Ipoides loranthae,,Insect,1,Brisbane,1
Ippatha australiensis,Shield Bug,Insect,1,Perth,1
Iridomyrmex anceps,Tropical Tyrant Ant,Insect,1,Brisbane,1
Iridomyrmex sucheroides,Ant,Insect,1,Brisbane,1
Isax planipennis,,Insect,1,Brisbane,1
Isodontia nigella,,Insect,1,Melbourne,1
Jeana delicatula,Ghost Moth,Insect,1,Melbourne,1
Kleinschmidtimyia indigoferae,,Insect,1,Sydney,1
Labdia niphostephes,,Insect,1,Sydney,1
Lagria australis,,Insect,1,Darwin,1
Laophila icasta,Geometer Moth,Insect,1,Sydney,1
Laophila spodina,,Insect,1,Sydney,1
Lasioglossum dampieri,,Insect,1,Brisbane,1
Lasioglossum littleri,Sweat Bee,Insect,1,Brisbane,1
Leioproctus carinatifrons,Plasterer Bee,Insect,1,Sydney,1
Lemidia pulchella,,Insect,1,Melbourne,1
Lepidosaphes gloverii,Scale Insect,Insect,1,Perth,1
Lepidosaphes pinnaeformis,,Insect,1,Melbourne,1
Lepionysius grossi,,Insect,1,Adelaide,1
Leptozestis ecstatica,,Insect,1,Adelaide,1
Lichenaula tholodes,,Insect,1,Sydney,1
Lioponera ficosa,,Insect,1,Melbourne,1
Lioponera picta,,Insect,1,Brisbane,1
Lobesia arescophanes,,Insect,1,Darwin,1
Lomera boisduvalii,Bagworm Moth,Insect,1,Sydney,1
Longitarsus jacobaeae,Tansy Ragwort Flea Beetle,Insect,1,Canberra–Queanbeyan,1
Lydda lumholtzi,,Insect,1,Darwin,1
Lygistorrhina insignis,,Insect,1,Sydney,1
Mabra eryxalis,,Insect,1,Darwin,1
Machetis plagiozona,,Insect,1,Brisbane,1
Macrocalymma smithianum,,Insect,1,Brisbane,1
Macroglossum nubilum,,Insect,1,Brisbane,1
Macrosiphoniella sanborni,Chrysanthemum Aphid,Insect,1,Sydney,1
Mecyclothorax punctipennis,,Insect,1,Melbourne,1
Mecynothrips hardyi,,Insect,1,Brisbane,1
Megachile kirbyana,,Insect,1,Perth,1
Meiosimyza lineata,Acalyptrate Fly,Insect,1,Melbourne,1
Melanterius acaciae,,Insect,1,Melbourne,1
Melobasis ordinata,,Insect,1,Sydney,1
Melobasis simplex,,Insect,1,Melbourne,1
Melophorus ludius,,Insect,1,Perth,1
Meroglossa sulcifrons,Plasterer Bee,Insect,1,Sydney,1
Mesembrius hilaris,,Insect,1,Brisbane,1
Metahelea bifasciata,,Insect,1,Brisbane,1
Metapone tillyardi,,Insect,1,Sydney,1
Metasia achroa,Grass Moth,Insect,1,Sydney,1
Metasia xenogama,,Insect,1,Adelaide,1
Metisolabis punctata,,Insect,1,Sydney,1
Metistete subsulcata,,Insect,1,Brisbane,1
Metopocoris rubrifasciata,,Insect,1,Adelaide,1
Microdes oriochares,Geometer Moth,Insect,1,Sydney,1
Microdon amabilis,,Insect,1,Perth,1
Micromidia convergens,Early Mosquitohawk,Insect,1,Brisbane,1
Microporopterus tumulosus,,Insect,1,Adelaide,1
Microvalgus nigrinus,,Insect,1,Sydney,1
Mochlotona phasmatias,Geometer Moth,Insect,1,Sydney,1
Moerarchis pyrochroa,,Insect,1,Brisbane,1
Monistria latevittata,,Insect,1,Perth,1
Munjua erugata,Bee Fly,Insect,1,Adelaide,1
Munjua paralutea,,Insect,1,Perth,1
Musothyma cyanastis,,Insect,1,Brisbane,1
Myopsalta crucifera,Brown Sugarcane Cicada,Insect,1,Brisbane,1
Myopsalta parvula,,Insect,1,Canberra–Queanbeyan,1
Myrascia interlineatella,Concealer Moth,Insect,1,Perth,1
Myrmecia haskinsorum,,Insect,1,Hobart,1
Myrmecorhynchus nitidus,Ant,Insect,1,Melbourne,1
Myrsellus unicolor,,Insect,1,Perth,1
Nausibius clavicornis,,Insect,1,Brisbane,1
Neaprix insolens,,Insect,1,Brisbane,1
Neocuris pauperata,,Insect,1,Melbourne,1
Neodialineura polygramma,,Insect,1,Melbourne,1
Neomelanterius carinicollis,,Insect,1,Sydney,1
Neospades chrysopygia,,Insect,1,Brisbane,1
Neoteristis paraphanes,Geometer Moth,Insect,1,Melbourne,1
Niphograpta albiguttalis,,Insect,1,Brisbane,1
Nola poliophasma,,Insect,1,Darwin,1
Nola porrigens,Tuft Moth,Insect,1,Sydney,1
Nomia aurantifer,Sweat Bee,Insect,1,Brisbane,1
Noteolethaeus armstrongi,,Insect,1,Sydney,1
Notiphila impunctata,,Insect,1,Darwin,1
Notodryas aeria,Concealer Moth,Insect,1,Melbourne,1
Notoxestomyza joyceae,,Insect,1,Adelaide,1
Octasphales eubrocha,,Insect,1,Brisbane,1
Odyneromyia illucens,Hover Fly,Insect,1,Melbourne,1
Olbonoma callopistis,,Insect,1,Darwin,1
Onthophagus pronus,,Insect,1,Hobart,1
Onymocoris stysi,,Insect,1,Perth,1
Ophiomyia lantanae,,Insect,1,Brisbane,1
Ophiusa hituense,,Insect,1,Darwin,1
Opostega xenodoxa,,Insect,1,Brisbane,1
Opsittis atomaria,,Insect,1,Perth,1
Oriodryas olbophora,,Insect,1,Brisbane,1
Ornebius immarna,,Insect,1,Sydney,1
Osmylops armatus,,Insect,1,Sydney,1
Pachycisseis bicolor,,Insect,1,Perth,1
Pachydissus boops,,Insect,1,Adelaide,1
Palaeorhiza cassiaefloris,,Insect,1,Brisbane,1
Palaeorhiza reginarum,,Insect,1,Brisbane,1
Paracapritermes kraepelinii,,Insect,1,Perth,1
Paracataclysta fuscalis,,Insect,1,Darwin,1
Paralastor vulpinus,Wasp,Insect,1,Adelaide,1
Parapoynx tenebralis,,Insect,1,Brisbane,1
Pararguda albida,,Insect,1,Sydney,1
Parasadoletus exsertus,,Insect,1,Brisbane,1
Parathyginus signifer,,Insect,1,Brisbane,1
Parentia nigropilosa,Long-legged Fly,Insect,1,Melbourne,1
Paropsis confusa,,Insect,1,Perth,1
Paropsis lownei,,Insect,1,Perth,1
Paropsisterna cernua,,Insect,1,Brisbane,1
Parotis incurvata,,Insect,1,Brisbane,1
Pegala laevis,,Insect,1,Brisbane,1
Pelororhinus caudatus,,Insect,1,Sydney,1
Perga kirbii,Sawfly,Insect,1,Melbourne,1
Perilampus brisbanensis,,Insect,1,Melbourne,1
Perilampus mirabeaui,,Insect,1,Brisbane,1
Perloccia evittata,,Insect,1,Adelaide,1
Perperus innocuus,Broad-backed Vine Weevil,Insect,1,Sydney,1
Persicoptera iochyta,,Insect,1,Darwin,1
Phalota vittata,,Insect,1,Sydney,1
Pheraspis spodea,,Insect,1,Brisbane,1
Pherbellia javana,Marsh Fly,Insect,1,Melbourne,1
Philobota glaucoptera,Concealer Moth,Insect,1,Sydney,1
Phlogistus corporaali,,Insect,1,Brisbane,1
Pholeutis neolecta,Concealer Moth,Insect,1,Melbourne,1
Phoracantha alternata,,Insect,1,Canberra–Queanbeyan,1
Phradonoma nobile,,Insect,1,Perth,1
Phycosecis litoralis,,Insect,1,Adelaide,1
Phyllolyma rufa,,Insect,1,Canberra–Queanbeyan,1
Phyllophanes dyseureta,,Insect,1,Brisbane,1
Phylomictis monochroma,Concealer Moth,Insect,1,Melbourne,1
Phytomyza plantaginis,,Insect,1,Sydney,1
Phytotrypa erythrotaenia,,Insect,1,Sydney,1
Phytotrypa pretiosella,Concealer Moth,Insect,1,Sydney,1
Platybrachys fenestrata,,Insect,1,Darwin,1
Platybrachys leucostigma,,Insect,1,Brisbane,1
Platymela digglesi,,Insect,1,Brisbane,1
Pleistodontes imperialis,,Insect,1,Melbourne,1
Polistes tepidus,Wasp,Insect,1,Brisbane,1
Polypedilum griseoguttatum,Midge,Insect,1,Melbourne,1
Polyphrades laticollis,,Insect,1,Perth,1
Praxibulus laminatus,,Insect,1,Sydney,1
Problepsis clemens,,Insect,1,Brisbane,1
Prolasius convexus,,Insect,1,Sydney,1
Prolasius nitidissimus,Ant,Insect,1,Melbourne,1
Promecoderus ovicollis,,Insect,1,Hobart,1
Promethis angulata,,Insect,1,Melbourne,1
Prospheres aurantiopictus,,Insect,1,Brisbane,1
Protestrica montana,,Insect,1,Adelaide,1
Proteuxoa passalota,Owlet Moth,Insect,1,Adelaide,1
Psaroxantha euryzona,,Insect,1,Brisbane,1
Pseudiglyphus grotiusi,,Insect,1,Melbourne,1
Pseudocephalus mirus,,Insect,1,Perth,1
Pseudocyclodinus unifasciatus,,Insect,1,Canberra–Queanbeyan,1
Pseudoneoponera piliventris,,Insect,1,Adelaide,1
Pseudoplites hamali,,Insect,1,Brisbane,1
Pseudosynaleurodicus mayoi,,Insect,1,Perth,1
Psylliodes brettinghami,,Insect,1,Melbourne,1
Ptyomaxia amaura,,Insect,1,Sydney,1
Pulvinaria floccifera,Cottony Camellia Scale,Insect,1,Adelaide,1
Pycnobathra popularis,,Insect,1,Sydney,1
Pyrgoptila serpentina,,Insect,1,Sydney,1
Resseliella xanthorrhoeae,,Insect,1,Melbourne,1
Rhadinoloba periculosa,,Insect,1,Sydney,1
Rhantaticus congestus,Diving Beetle,Insect,1,Brisbane,1
Rhynchium mirabile,,Insect,1,Brisbane,1
Rhytidoponera enigmatica,,Insect,1,Sydney,1
Rhytiphora oblitus,,Insect,1,Brisbane,1
Rhytiphora waterhousei,,Insect,1,Adelaide,1
Riekoleon furcatus,,Insect,1,Brisbane,1
Rostropria simplex,,Insect,1,Canberra–Queanbeyan,1
Rutilia agalmiodes,,Insect,1,Brisbane,1
Rutilia analoga,Horse Fly,Insect,1,Melbourne,1
Rutilia lepida,Horse Fly,Insect,1,Brisbane,1
Sapromyza griseadorsalis,,Insect,1,Melbourne,1
Sarothrocrepis distinguenda,,Insect,1,Adelaide,1
Sarothrocrepis melanopyga,,Insect,1,Melbourne,1
Sathon oreo,,Insect,1,Canberra–Queanbeyan,1
Scaphidium distinctum,,Insect,1,Sydney,1
Scaptia jacksoniensis,,Insect,1,Sydney,1
Scaraphites hirtipes,,Insect,1,Adelaide,1
Schedotrioza multitudinea,Jumping Plant Louse,Insect,1,Melbourne,1
Scopula perialurga,,Insect,1,Sydney,1
Setocoris droserae,,Insect,1,Melbourne,1
Silvanus castaneus,,Insect,1,Brisbane,1
Simplicia erebina,,Insect,1,Brisbane,1
Sipyloidea larryi,Hurricane Larry Stick-insect,Insect,1,Sydney,1
Sitophilus zeamais,Maize Weevil,Insect,1,Perth,1
Sitotroga cerealella,Rice Moth,Insect,1,Adelaide,1
Somatina triocellata,,Insect,1,Darwin,1
Soractellus nigrominutus,Leafhopper,Insect,1,Brisbane,1
Sphex jucundus,,Insect,1,Perth,1
Sphex rugifer,,Insect,1,Perth,1
Sphodrotes cygnorum,,Insect,1,Perth,1
Stenolysmus extraneus,,Insect,1,Sydney,1
Stenotarsoides commodus,,Insect,1,Melbourne,1
Stenus maculatus,,Insect,1,Sydney,1
Stericta bryomima,,Insect,1,Brisbane,1
Sticholotis cooloola,,Insect,1,Brisbane,1
Stizocephalus hirsutus,Seed Bug,Insect,1,Hobart,1
Stolotermes brunneicornis,,Insect,1,Hobart,1
Striglina meridiana,,Insect,1,Darwin,1
Striglina scitaria,,Insect,1,Darwin,1
Strongylorhinus clarki,Gregarious Gall Weevil,Insect,1,Perth,1
Strumigenys zygon,,Insect,1,Brisbane,1
Syllepte phricosticha,,Insect,1,Sydney,1
Syllitus terminatus,,Insect,1,Darwin,1
Sympycnodes digitata,Carpenter Moth,Insect,1,Canberra–Queanbeyan,1
Syndesus macleayi,,Insect,1,Perth,1
Synemon laeta,,Insect,1,Brisbane,1
Syneora nigrilinea,,Insect,1,Perth,1
Tabanus strangmannii,,Insect,1,Darwin,1
Tachynomyia uniformis,,Insect,1,Sydney,1
Tagosodes pusanus,,Insect,1,Perth,1
Tambinia sexmaculata,,Insect,1,Sydney,1
Tanyscelis conica,,Insect,1,Melbourne,1
Tanyzancla amphitoxa,,Insect,1,Perth,1
Tarachota cnaphalodes,,Insect,1,Melbourne,1
Tarsostenodes guttulus,,Insect,1,Sydney,1
Temognatha bruckii,,Insect,1,Perth,1
Temognatha menalcas,,Insect,1,Melbourne,1
Tetramorium turneri,,Insect,1,Sydney,1
Tettigarcta tomentosa,Tasmanian Hairy Cicada,Insect,1,Hobart,1
Thaumastocoris slateri,,Insect,1,Melbourne,1
Thaumastophasis bicolor,,Insect,1,Melbourne,1
Thecophora australiana,,Insect,1,Adelaide,1
Titaena columbina,,Insect,1,Melbourne,1
Toxidia xiphiphora,Xiphiphora Skipper,Insect,1,Darwin,1
Trachydora centromela,Cosmet Moth,Insect,1,Sydney,1
Trachymela acclivis,,Insect,1,Melbourne,1
Trachymela tincticollis,,Insect,1,Perth,1
Traminda mundissima,,Insect,1,Brisbane,1
Tranes sparsus,,Insect,1,Sydney,1
Trichopsomyia formiciphila,,Insect,1,Brisbane,1
Tridrepana lunulata,,Insect,1,Brisbane,1
Triteleia valida,,Insect,1,Melbourne,1
Trupanea glauca,Primitive Crane Fly,Insect,1,Melbourne,1
Tuberculatus annulatus,Oak Aphid,Insect,1,Melbourne,1
Ulodes verrucosus,,Insect,1,Melbourne,1
Urabunana sericeivitta,,Insect,1,Brisbane,1
Uracanthus pallens,,Insect,1,Melbourne,1
Uracanthus quadristriolatus,,Insect,1,Brisbane,1
Uracanthus regalis,,Insect,1,Perth,1
Uranotaenia nivipes,,Insect,1,Brisbane,1
Vulturnus vulturnus,,Insect,1,Sydney,1
Winthemia queenslandica,,Insect,1,Brisbane,1
Wurda skevingtoni,,Insect,1,Perth,1
Wurda windorah,Bee Fly,Insect,1,Perth,1
Xanthopimpla quadridens,Ichneumon Wasp,Insect,1,Melbourne,1
Xenocylapidius bioculatus,,Insect,1,Sydney,1
Xyleborus perforans,Island Pinhole Borer,Insect,1,Brisbane,1
Yarranum crenicolle,,Insect,1,Melbourne,1
Zelleria memorella,,Insect,1,Brisbane,1
Zoedia gracilipes,,Insect,1,Sydney,1
Zoedia triangularis,,Insect,1,Melbourne,1
Aaaaba nodosus,,Insect,1,Melbourne,1
Acalolepta mixta,Fig‑tree Longicorn Beetle,Insect,1,Brisbane,1
Acanthocnemus nigricans,Beetle,Insect,1,Brisbane,1
Acantholophus mastersi,,Insect,1,Perth,1
Acantholybas kirkaldyi,,Insect,1,Hobart,1
Acanthonevroides jarvisi,,Insect,1,Canberra–Queanbeyan,1
Acizzia credoensis,,Insect,1,Melbourne,1
Acizzia miraculosa,,Insect,1,Sydney,1
Acontia elaeoa,,Insect,1,Brisbane,1
Acrocercops caenotheta,,Insect,1,Melbourne,1
Acrodipsas myrmecophila,Small Ant-blue,Insect,1,Sydney,1
Acupalpa boharti,,Insect,1,Perth,1
Adrium catoxanthum,,Insect,1,Canberra–Queanbeyan,1
Aedes theobaldi,,Insect,1,Brisbane,1
Aenetus dulcis,,Insect,1,Perth,1
Aeolothrips fasciatus,,Insect,1,Melbourne,1
Agamerion coeruleiventre,,Insect,1,Sydney,1
Agrilus carterellus,,Insect,1,Melbourne,1
Agrilus raphelisi,,Insect,1,Brisbane,1
Agriophara cinderella,Concealer Moth,Insect,1,Canberra–Queanbeyan,1
Aleurocanthus gullanae,,Insect,1,Perth,1
Amblychia subrubida,,Insect,1,Brisbane,1
Amelora oncerodes,Geometer Moth,Insect,1,Canberra–Queanbeyan,1
Amitermes meridionalis,"Magnetic Termite, Compass Termite",Insect,1,Darwin,1
Amitermes perarmatus,,Insect,1,Perth,1
Anabarhynchus annulatus,,Insect,1,Perth,1
Anabarhynchus planifrons,Stiletto Fly,Insect,1,Hobart,1
Ancistrotilla fabricii,,Insect,1,Brisbane,1
Ancylis segetana,,Insect,1,Melbourne,1
Ankylopteryx pallida,,Insect,1,Brisbane,1
Anopheles meraukensis,Mosquito,Insect,1,Darwin,1
Anthela achromata,,Insect,1,Darwin,1
Anthela postica,,Insect,1,Sydney,1
Apagobelus brevirostris,,Insect,1,Brisbane,1
Aphis eugeniae,,Insect,1,Sydney,1
Aporocera libertina,,Insect,1,Melbourne,1
Apteropilo chrysocome,,Insect,1,Melbourne,1
Araeopaschia normalis,,Insect,1,Canberra–Queanbeyan,1
Archaeoses magicosema,Moth,Insect,1,Melbourne,1
Archegleis kingi,,Insect,1,Brisbane,1
Ardozyga neurosticha,,Insect,1,Canberra–Queanbeyan,1
Arrolla longicauda,,Insect,1,Canberra–Queanbeyan,1
Assara leucarma,,Insect,1,Perth,1
Assara proleuca,,Insect,1,Canberra–Queanbeyan,1
Astraeus samouelli,,Insect,1,Canberra–Queanbeyan,1
Aterpodes tuberculatus,,Insect,1,Sydney,1
Atesta carteri,,Insect,1,Brisbane,1
Atesta ibidionoides,,Insect,1,Brisbane,1
Atesta longoelytrata,,Insect,1,Sydney,1
Atesta tasmanica,,Insect,1,Canberra–Queanbeyan,1
Athetis striolata,,Insect,1,Brisbane,1
Australiopalpa commoni,,Insect,1,Sydney,1
Austrolopa brunensis,Leafhopper,Insect,1,Hobart,1
Austromenopon paululum,,Insect,1,Sydney,1
Austromordella niveosuturalis,,Insect,1,Perth,1
Austronanodes alleni,,Insect,1,Brisbane,1
Austronepa angusta,Water Scorpion,Insect,1,Brisbane,1
Austronia rubrithorax,Parasitoid Wasp,Insect,1,Adelaide,1
Austropaschia porrigens,Snout Moth,Insect,1,Perth,1
Austroplex goldfinchi,,Insect,1,Brisbane,1
Austroponera rufonigra,,Insect,1,Adelaide,1
Austrosciapus discretifasciatus,Long-legged Fly,Insect,1,Brisbane,1
Austroscolia nitida,,Insect,1,Sydney,1
Austrothurgus cognatus,,Insect,1,Sydney,1
Bactrocera halfordiae,,Insect,1,Brisbane,1
Bactrothrips nativus,,Insect,1,Sydney,1
Balanophorus janthinipennis,,Insect,1,Canberra–Queanbeyan,1
Bastilla joviana,,Insect,1,Sydney,1
Bebius filiformis,,Insect,1,Melbourne,1
Blattella lituricollis,,Insect,1,Darwin,1
Bobilla kindyerra,,Insect,1,Canberra–Queanbeyan,1
Bocana manifestalis,,Insect,1,Brisbane,1
Bolborhachium trituberculatum,,Insect,1,Perth,1
Bondia attenuatana,,Insect,1,Sydney,1
Brachyphyes thoracicus,,Insect,1,Brisbane,1
Brachyrhopala ruficornis,Robber Fly,Insect,1,Melbourne,1
Brassicogethes aeneus,,Insect,1,Canberra–Queanbeyan,1
Bucolus fourneti,,Insect,1,Melbourne,1
Caedicia acutifolia,,Insect,1,Darwin,1
Calliphora canimicans,Blow Fly,Insect,1,Melbourne,1
Calliphora fallax,,Insect,1,Sydney,1
Calliphora sternalis,Blow Fly,Insect,1,Sydney,1
Camponotus johnclarki,Sugar Ant,Insect,1,Perth,1
Cardiaspina artifex,,Insect,1,Melbourne,1
Cardiothorax behri,,Insect,1,Adelaide,1
Carposina neurophorella,,Insect,1,Brisbane,1
Casbia albinotata,,Insect,1,Sydney,1
Casbia impressaria,,Insect,1,Brisbane,1
Cassida sappho,,Insect,1,Brisbane,1
Castiarina jospilota,,Insect,1,Melbourne,1
Castiarina luteipennis,,Insect,1,Sydney,1
Castiarina skusei,,Insect,1,Sydney,1
Castiarina undulata,,Insect,1,Sydney,1
Catastygnus rivulosus,,Insect,1,Brisbane,1
Catocheilus annulatus,,Insect,1,Perth,1
Catoryctis mediolinea,,Insect,1,Brisbane,1
Cerealces scutellata,Sawfly,Insect,1,Melbourne,1
Ceriana breviscapa,Hover Fly,Insect,1,Melbourne,1
Cheiloxena westwoodii,,Insect,1,Melbourne,1
Chelinidea tabulata,Prickly Pear Bug,Insect,1,Brisbane,1
Chezala osteochroa,,Insect,1,Sydney,1
Chlamydopsis serricollis,,Insect,1,Melbourne,1
Chlamydopsis strigicollis,,Insect,1,Melbourne,1
Chrysomphalus aonidum,,Insect,1,Brisbane,1
Cicindela mastersi,,Insect,1,Canberra–Queanbeyan,1
Cidaphus glabrosus,,Insect,1,Melbourne,1
Clarissa atrata,,Insect,1,Sydney,1
Clupeosoma pellucidalis,,Insect,1,Darwin,1
Coelopynia pruinosa,Midge,Insect,1,Canberra–Queanbeyan,1
Colobostruma sisypha,,Insect,1,Sydney,1
Columbicola columbae,,Insect,1,Melbourne,1
Comptosia neobiguttata,,Insect,1,Sydney,1
Copidapha maculiventris,,Insect,1,Melbourne,1
Copidapha neotricolor,,Insect,1,Perth,1
Copidosoma floridanum,,Insect,1,Brisbane,1
Cosmaresta charaxias,Concealer Moth,Insect,1,Canberra–Queanbeyan,1
Crepidosceles chryserythra,,Insect,1,Sydney,1
Crepidosceles glycydora,Concealer Moth,Insect,1,Sydney,1
Crepidosceles orthomochla,,Insect,1,Canberra–Queanbeyan,1
Crincosia lawgana,,Insect,1,Melbourne,1
Cryptalaus macleayi,,Insect,1,Brisbane,1
Cryptarcha nitidissima,,Insect,1,Brisbane,1
Cryptobarsac rubriops,,Insect,1,Perth,1
Cryptophasa alphitodes,,Insect,1,Brisbane,1
Ctenomeristis shafferi,,Insect,1,Adelaide,1
Culama alpina,Carpenter Moth,Insect,1,Hobart,1
Cybopella eucalypti,,Insect,1,Melbourne,1
Cycloporopterus mysticus,,Insect,1,Perth,1
Cyclotorna egena,,Insect,1,Canberra–Queanbeyan,1
Cyphaleus brevispinosus,,Insect,1,Brisbane,1
Cyphaleus childreni,,Insect,1,Sydney,1
Cystiphora schmidti,Chondrilla Gall Midge,Insect,1,Canberra–Queanbeyan,1
Dagbertus flavoscutellatus,,Insect,1,Brisbane,1
Dalotia coriaria,,Insect,1,Sydney,1
Daptolestes bronteflavus,,Insect,1,Hobart,1
Daptolestes nicholsoni,,Insect,1,Brisbane,1
Dasineura pilifera,Gall Gnat,Insect,1,Adelaide,1
Dasybasis acutipalpis,,Insect,1,Melbourne,1
Dasybasis appendiculata,,Insect,1,Canberra–Queanbeyan,1
Decatopseustis cataphanes,,Insect,1,Canberra–Queanbeyan,1
Demetrida longicollis,,Insect,1,Brisbane,1
Dexerra turpis,,Insect,1,Perth,1
Diaphyta rosea,,Insect,1,Melbourne,1
Dichromodes orthozona,,Insect,1,Perth,1
Dilompus woodwardi,Bug,Insect,1,Melbourne,1
Dilophus pictipes,March Fly,Insect,1,Melbourne,1
Diomus insidiosus,,Insect,1,Brisbane,1
Diphucrania aurocyanea,,Insect,1,Canberra–Queanbeyan,1
Diphucrania minutissima,,Insect,1,Canberra–Queanbeyan,1
Disterna annulata,,Insect,1,Melbourne,1
Eclipsiodes homora,,Insect,1,Canberra–Queanbeyan,1
Ectopatria pelosticta,,Insect,1,Canberra–Queanbeyan,1
Edusella pilifera,,Insect,1,Melbourne,1
Eleale illaetabilis,,Insect,1,Melbourne,1
Eleale viridicollis,,Insect,1,Brisbane,1
Elissoma brunnea,,Insect,1,Brisbane,1
Ellipsidion notabile,,Insect,1,Brisbane,1
Endotricha euphiles,,Insect,1,Darwin,1
Endoxyla tenebrifer,,Insect,1,Perth,1
Ennometes ruficornis,,Insect,1,Sydney,1
Eochrois caminias,,Insect,1,Perth,1
Ephutomorpha laetabilis,,Insect,1,Melbourne,1
Epimixia veteris,,Insect,1,Brisbane,1
Epiphyas sobrina,,Insect,1,Melbourne,1
Eretmopus marinaria,,Insect,1,Darwin,1
Eriostethus minimus,,Insect,1,Melbourne,1
Eroschema affine,,Insect,1,Brisbane,1
Ethmia praeclara,,Insect,1,Brisbane,1
Etiella scitivittalis,,Insect,1,Brisbane,1
Eulechria capsellata,Concealer Moth,Insect,1,Melbourne,1
Eulechria pantelella,,Insect,1,Brisbane,1
Euomus scorpio,,Insect,1,Perth,1
Euops victoriensis,,Insect,1,Melbourne,1
Euproctis limbalis,Moth,Insect,1,Canberra–Queanbeyan,1
Eurhopalus hobartensis,,Insect,1,Hobart,1
Eurhopalus morio,,Insect,1,Hobart,1
Eurygryllodes diminutus,,Insect,1,Canberra–Queanbeyan,1
Eurypsyche lewinii,,Insect,1,Brisbane,1
Euschizus dictatorius,,Insect,1,Sydney,1
Euzosteria nobilis,Cockroach,Insect,1,Perth,1
Euzosteria sordida,Cockroach,Insect,1,Perth,1
Figulus sulcicollis,,Insect,1,Darwin,1
Forficuloecus forficula,,Insect,1,Sydney,1
Frenchia casuarinae,,Insect,1,Adelaide,1
Gasteruption platycephala,Parasitoid Wasp,Insect,1,Hobart,1
Glyphipterix drosophaes,,Insect,1,Canberra–Queanbeyan,1
Glyphipterix halimophila,,Insect,1,Perth,1
Glyphodes apiospila,,Insect,1,Darwin,1
Gonipterus citrophagus,,Insect,1,Perth,1
Gonystus nasutus,Bug,Insect,1,Hobart,1
Grossiana persignata,,Insect,1,Brisbane,1
Habrochlanis fragilis,Concealer Moth,Insect,1,Canberra–Queanbeyan,1
Habronyx lachesis,,Insect,1,Canberra–Queanbeyan,1
Hecatesia exultans,Small Whistling Moth,Insect,1,Perth,1
Heliocheilus rhodopolia,,Insect,1,Darwin,1
Helluonidius cyaneus,,Insect,1,Brisbane,1
Hemicistela discoidalis,,Insect,1,Melbourne,1
Hestiochora continentalis,Forester Moth,Insect,1,Perth,1
Heterohesma weiri,Plasterer Bee,Insect,1,Hobart,1
Heteromicta sordidella,,Insect,1,Sydney,1
Heteronychus parumpunctatus,,Insect,1,Melbourne,1
Heterotermes ferox,Termite,Insect,1,Sydney,1
Heteroteucha kershawi,Concealer Moth,Insect,1,Canberra–Queanbeyan,1
Heteroteucha parvula,Concealer Moth,Insect,1,Adelaide,1
Heteroteucha rhoecozona,Concealer Moth,Insect,1,Sydney,1
Homaemota basalis,,Insect,1,Perth,1
Homoneura proximella,,Insect,1,Brisbane,1
Hoplomorpha caminodes,,Insect,1,Brisbane,1
Horstmannolochus pulchripennis,,Insect,1,Melbourne,1
Howickia erythrocephala,,Insect,1,Melbourne,1
Hylaeus cyanurus,,Insect,1,Brisbane,1
Hypocosmia pyrochroma,,Insect,1,Brisbane,1
Hypsiphanta minax,,Insect,1,Perth,1
Icerya australis,,Insect,1,Perth,1
Idaea ferrilinea,Geometer Moth,Insect,1,Canberra–Queanbeyan,1
Idiochroa celidota,,Insect,1,Brisbane,1
Ipsichora duplicata,,Insect,1,Brisbane,1
Ironomyia francisi,,Insect,1,Brisbane,1
Ishidaella albomarginata,,Insect,1,Sydney,1
Iulops argocrana,White-fringed Emerald,Insect,1,Melbourne,1
Jamella australiae,Pandanus Planthopper,Insect,1,Brisbane,1
Kapalgagraecia nauma,,Insect,1,Darwin,1
Labium approximatum,,Insect,1,Melbourne,1
Lachesilla tectorum,,Insect,1,Melbourne,1
Lambula pleuroptycha,,Insect,1,Sydney,1
Lamprogaster laeta,Signal Fly,Insect,1,Sydney,1
Lamprolina binotata,,Insect,1,Brisbane,1
Lasioglossum caloundrense,,Insect,1,Sydney,1
Lasioglossum ctenander,,Insect,1,Canberra–Queanbeyan,1
Leioproctus cristatus,Plasterer Bee,Insect,1,Sydney,1
Leioproctus douglasiellus,A Short-tongued Bee,Insect,1,Perth,1
Lemidia basiflava,,Insect,1,Adelaide,1
Lemidia biaculeata,,Insect,1,Melbourne,1
Lemidia malthina,,Insect,1,Melbourne,1
Lemidia tasmanica,,Insect,1,Canberra–Queanbeyan,1
Leperina seposita,,Insect,1,Perth,1
Leptozestis harmosta,,Insect,1,Canberra–Queanbeyan,1
Lepturidea mastersi,,Insect,1,Sydney,1
Leucophenga regina,,Insect,1,Brisbane,1
Limnogonus luctuosus,Water Strider,Insect,1,Brisbane,1
Linosticha cyclophragma,Concealer Moth,Insect,1,Canberra–Queanbeyan,1
Lioponera longitarsus,,Insect,1,Brisbane,1
Lioponera senescens,,Insect,1,Canberra–Queanbeyan,1
Lipotriches kurandina,,Insect,1,Brisbane,1
Lipotriches submoerens,,Insect,1,Melbourne,1
Lissopimpla scutata,,Insect,1,Darwin,1
Lissotes curvicornis,,Insect,1,Hobart,1
Lophixus major,,Insect,1,Melbourne,1
Macroglossum vacillans,,Insect,1,Darwin,1
Mandalotus contortus,,Insect,1,Melbourne,1
Mandalotus spurcus,,Insect,1,Canberra–Queanbeyan,1
Mechistocerus calidris,,Insect,1,Darwin,1
Megachile hackeri,,Insect,1,Brisbane,1
Megachile ordinaria,Bee,Insect,1,Hobart,1
Megachile remotula,,Insect,1,Perth,1
Megachile tarltoni,,Insect,1,Perth,1
Megadrymus terraereginae,,Insect,1,Sydney,1
Melobasis rectipilosa,,Insect,1,Perth,1
Melophorus bruneus,,Insect,1,Brisbane,1
Melophorus gibbosus,,Insect,1,Melbourne,1
Menida longula,,Insect,1,Brisbane,1
Meomyia albiceps,Bee Fly,Insect,1,Sydney,1
Meroglossa soror,,Insect,1,Darwin,1
Mesophysa ilzei,Fly,Insect,1,Sydney,1
Metoligotoma tasmanica,,Insect,1,Hobart,1
Metriorrhynchus moerens,,Insect,1,Hobart,1
Micraonychus interruptus,,Insect,1,Hobart,1
Micrerethista nigrapex,,Insect,1,Canberra–Queanbeyan,1
Microdon nigromarginalis,,Insect,1,Melbourne,1
Microtendipes umbrosus,Midge,Insect,1,Sydney,1
Microthopus castanopterus,,Insect,1,Perth,1
Mimodoxa metallica,,Insect,1,Canberra–Queanbeyan,1
Misophrice alternata,,Insect,1,Melbourne,1
Molophilus aphanta,Crane Fly,Insect,1,Melbourne,1
Monotoma longicollis,,Insect,1,Melbourne,1
Myocara acuminatum,Seed Bug,Insect,1,Melbourne,1
Myrmecia rufinodis,Bull Ant,Insect,1,Adelaide,1
Nasutitermes longipennis,,Insect,1,Darwin,1
Nathrius brevipennis,,Insect,1,Melbourne,1
Nearcha pseudophaes,Geometer Moth,Insect,1,Perth,1
Nematobola isorista,,Insect,1,Perth,1
Neocuris gracilis,,Insect,1,Sydney,1
Neomantis hyalina,,Insect,1,Darwin,1
Neoveledella aculeata,,Insect,1,Brisbane,1
Nesoxenica leprea,Leprea Brown,Insect,1,Hobart,1
Nola leucoma,,Insect,1,Sydney,1
Nothoderodontus darlingtoni,,Insect,1,Melbourne,1
Notomagdalis mamillata,,Insect,1,Melbourne,1
Nyllius asperatus,,Insect,1,Hobart,1
Obrida comata,,Insect,1,Brisbane,1
Ochlerotatus,,Insect,1,Darwin,1
Odontomachus cephalotes,,Insect,1,Darwin,1
Oedaspis austrina,,Insect,1,Adelaide,1
Oides fryi,,Insect,1,Brisbane,1
Olbonoma leptospila,,Insect,1,Brisbane,1
Oncopera intricata,,Insect,1,Hobart,1
Onthophagus pexatus,,Insect,1,Melbourne,1
Onthophagus semimetallicus,,Insect,1,Brisbane,1
Ophelosia bifasciata,,Insect,1,Canberra–Queanbeyan,1
Opostega orestias,,Insect,1,Canberra–Queanbeyan,1
Orgyia papuana,,Insect,1,Darwin,1
Orthrius duplopunctatus,,Insect,1,Sydney,1
Oxycanus lyelli,Ghost Moth,Insect,1,Canberra–Queanbeyan,1
Oxythecta alternella,Concealer Moth,Insect,1,Canberra–Queanbeyan,1
Pachliopta polydorus,Red-bodied Swallowtail,Insect,1,Brisbane,1
Pachyprosopis eucalypti,,Insect,1,Sydney,1
Pachytricha castanea,,Insect,1,Perth,1
Palaestrida assimilis,,Insect,1,Perth,1
Pararatus ricardoae,,Insect,1,Adelaide,1
Paregle audacula,Fly,Insect,1,Melbourne,1
Parepisparis rutila,,Insect,1,Sydney,1
Paropsisterna aequalis,,Insect,1,Brisbane,1
Paropsisterna angustipes,,Insect,1,Canberra–Queanbeyan,1
Paropsisterna atalanta,,Insect,1,Canberra–Queanbeyan,1
Paropsisterna giachinoi,,Insect,1,Brisbane,1
Paropsisterna obliterata,Obliterate Melaleuca Leaf Beetle,Insect,1,Melbourne,1
Paropsisterna philomela,,Insect,1,Hobart,1
Paropsisterna pictipes,,Insect,1,Canberra–Queanbeyan,1
Passandra marginata,,Insect,1,Sydney,1
Paurocoma molybdina,Geometer Moth,Insect,1,Adelaide,1
Pedois epinephela,,Insect,1,Canberra–Queanbeyan,1
Peltoschema trilineata,,Insect,1,Brisbane,1
Pentacosmia cacioides,,Insect,1,Canberra–Queanbeyan,1
Perissomma dobrotworskyi,Fly,Insect,1,Melbourne,1
Philonthus discoideus,,Insect,1,Melbourne,1
Philonthus subcingulatus,,Insect,1,Sydney,1
Philophylla erebia,,Insect,1,Brisbane,1
Philophylla fossata,,Insect,1,Brisbane,1
Phricanthes asperana,,Insect,1,Brisbane,1
Phyllocnistis acmias,,Insect,1,Sydney,1
Phyllotocus ustulatus,,Insect,1,Perth,1
Pilostibes serpta,,Insect,1,Adelaide,1
Pimelopus porcellus,,Insect,1,Adelaide,1
Pison rufipes,Wasp,Insect,1,Hobart,1
Platyledra hirsuta,,Insect,1,Perth,1
Platyzosteria anceps,,Insect,1,Brisbane,1
Platyzosteria denticulata,,Insect,1,Perth,1
Plectophila electella,,Insect,1,Sydney,1
Poecilocryptus galliphagus,Ichneumon Wasp,Insect,1,Melbourne,1
Polistes schach,,Insect,1,Brisbane,1
Polycentrocoris turneri,,Insect,1,Brisbane,1
Polypedilum seorsum,Midge,Insect,1,Melbourne,1
Polyrhachis angusta,,Insect,1,Brisbane,1
Polyrhachis weiri,,Insect,1,Darwin,1
Poropterus bisignatus,,Insect,1,Sydney,1
Potamarcha congener,Swampwatcher,Insect,1,Darwin,1
Pristaulacus formosus,,Insect,1,Melbourne,1
Procladius squamifer,Midge,Insect,1,Canberra–Queanbeyan,1
Prodelodes samphoras,Concealer Moth,Insect,1,Canberra–Queanbeyan,1
Proteuxoa goniographa,,Insect,1,Sydney,1
Proteuxoa poliocrossa,,Insect,1,Perth,1
Psaltoda flavescens,,Insect,1,Brisbane,1
Pseudotheta syrtica,,Insect,1,Canberra–Queanbeyan,1
Psilogramma argos,,Insect,1,Darwin,1
Psilogramma maxmouldsi,,Insect,1,Brisbane,1
Psilota bicolor,,Insect,1,Brisbane,1
Psychopsis elegans,,Insect,1,Sydney,1
Pteronemobius nundra,,Insect,1,Canberra–Queanbeyan,1
Ptilogyna bicolor,Crane Fly,Insect,1,Sydney,1
Putoniessa aroka,,Insect,1,Canberra–Queanbeyan,1
Pyripnoa pyraspis,,Insect,1,Sydney,1
Quasispermophorella neuropunctata,,Insect,1,Perth,1
Rectitropis exclusa,,Insect,1,Darwin,1
Remaudiereana nigriceps,,Insect,1,Brisbane,1
Rhamphus acaciae,,Insect,1,Hobart,1
Rhapsa occidentalis,,Insect,1,Perth,1
Rhinotia centralis,,Insect,1,Sydney,1
Rhinotia plagiata,,Insect,1,Brisbane,1
Rhodomantis disparilis,,Insect,1,Perth,1
Rhytiphora paulla,,Insect,1,Canberra–Queanbeyan,1
Risbecoma acaciarum,,Insect,1,Melbourne,1
Rupicolana rupicolana,,Insect,1,Canberra–Queanbeyan,1
Rutilia micropalpis,,Insect,1,Canberra–Queanbeyan,1
Safrina jugularis,,Insect,1,Melbourne,1
Saropogon flavofacialis,,Insect,1,Perth,1
Scaptia abdominalis,,Insect,1,Sydney,1
Schizoeupsalis promissa,,Insect,1,Darwin,1
Sclerocris amoebaea,,Insect,1,Perth,1
Sclerocris tetragona,,Insect,1,Perth,1
Sclerorinus bubalus,,Insect,1,Hobart,1
Scolioplecta molybdantha,,Insect,1,Perth,1
Scolytus multistriatus,Elm Bark Beetle,Insect,1,Melbourne,1
Sejanus palumae,,Insect,1,Canberra–Queanbeyan,1
Sentica oppositella,,Insect,1,Sydney,1
Sericophorus metallescens,,Insect,1,Melbourne,1
Sitarida flavicornis,,Insect,1,Sydney,1
Sosytelus pithecius,,Insect,1,Canberra–Queanbeyan,1
Sphictostethus gadali,,Insect,1,Melbourne,1
Spirolabia pilicornis,,Insect,1,Sydney,1
Stathmopoda mimantha,,Insect,1,Darwin,1
Staurostichus dulcis,,Insect,1,Melbourne,1
Stenotarsoides arithmeticus,,Insect,1,Melbourne,1
Stictoptera cucullioides,,Insect,1,Darwin,1
Stigmacros pusilla,,Insect,1,Canberra–Queanbeyan,1
Strepsicrates semicanella,,Insect,1,Canberra–Queanbeyan,1
Suhpalacsa nigrescens,,Insect,1,Perth,1
Syllitus uniformis,,Insect,1,Adelaide,1
Synemon parthenoides,Mallee Sunmoth,Insect,1,Adelaide,1
Tachynomyia volatilis,,Insect,1,Adelaide,1
Tapeigaster digitata,Fly,Insect,1,Melbourne,1
Tarachota hemicosmana,,Insect,1,Melbourne,1
Taslopa montana,Leafhopper,Insect,1,Canberra–Queanbeyan,1
Taxeotis mimela,Geometer Moth,Insect,1,Melbourne,1
Teleonemia scrupulosa,Lantana Lace Bug,Insect,1,Brisbane,1
Telicota anisodesma,Southern Large Darter,Insect,1,Brisbane,1
Temognatha similis,,Insect,1,Brisbane,1
Temognatha westwoodii,,Insect,1,Perth,1
Tenerus telephoroides,,Insect,1,Melbourne,1
Thema proxima,Concealer Moth,Insect,1,Melbourne,1
Theristria discolor,,Insect,1,Brisbane,1
Thrincophora signigerana,,Insect,1,Canberra–Queanbeyan,1
Thriocerodes bipartitus,,Insect,1,Hobart,1
Thunbergia rufifemur,,Insect,1,Brisbane,1
Tinzeda lobata,,Insect,1,Canberra–Queanbeyan,1
Tolpiodes aphanta,,Insect,1,Brisbane,1
Toonavora aellaea,,Insect,1,Sydney,1
Toxidia parvula,Banded Grass-skipper,Insect,1,Brisbane,1
Toxocnemis vittata,,Insect,1,Brisbane,1
Tracholena dialeuca,,Insect,1,Sydney,1
Tranes lyterioides,,Insect,1,Sydney,1
Trapezites heteromacula,Orange White-spot Skipper,Insect,1,Brisbane,1
Trichocolletes burnsi,Plasterer Bee,Insect,1,Sydney,1
Trichocolletes chrysostomus,,Insect,1,Perth,1
Trichophthalma bivitta,,Insect,1,Sydney,1
Trichophthalma rosea,,Insect,1,Sydney,1
Trichophthalma scapularis,Tangle-veined Fly,Insect,1,Canberra–Queanbeyan,1
Tricimba carinifacies,,Insect,1,Hobart,1
Triglyphus fulvicornis,,Insect,1,Hobart,1
Trigonidium sjostedti,,Insect,1,Canberra–Queanbeyan,1
Trigonothops pacifica,,Insect,1,Canberra–Queanbeyan,1
Trirhabda bacharidis,,Insect,1,Brisbane,1
Tritymba dianipha,,Insect,1,Canberra–Queanbeyan,1
Tropis rubea,,Insect,1,Canberra–Queanbeyan,1
Tropocalymma dimidiata,,Insect,1,Brisbane,1
Tyrtaeosus mixtus,,Insect,1,Canberra–Queanbeyan,1
Unicageocoris griseus,Big-eyed Bug,Insect,1,Adelaide,1
Uracanthus pertenuis,,Insect,1,Perth,1
Vanna bisepta,,Insect,1,Sydney,1
Vindula arsinoe,Cruiser,Insect,1,Melbourne,1
Vosleria australia,,Insect,1,Canberra–Queanbeyan,1
Werneckiella equi,Horse Biting Louse,Insect,1,Canberra–Queanbeyan,1
Wingia eonephella,Concealer Moth,Insect,1,Canberra–Queanbeyan,1
Xederra charactus,,Insect,1,Perth,1
Xylothrips religiosa,,Insect,1,Brisbane,1
Yoyetta delicata,,Insect,1,Sydney,1
Zelleria cyanoleuca,Ermine Moth,Insect,1,Sydney,1
Acantholophus echidna,,Insect,1,Sydney,1
Achopera alba,,Insect,1,Hobart,1
Actinus macleayi,,Insect,1,Canberra–Queanbeyan,1
Adelphocorisella australis,,Insect,1,Adelaide,1
Aedes aegypti,Tiger Mosquito,Insect,1,Canberra–Queanbeyan,1
Aedes australis,Salt-water Mosquito,Insect,1,Sydney,1
Aedes milsoni,,Insect,1,Sydney,1
Aenetus scotti,Ghost Moth,Insect,1,Sydney,1
Aenetus tegulatus,,Insect,1,Melbourne,1
Aerodramus terraereginae,Australian Swiftlet,Bird,1,Brisbane,1
Amarygmus kershawi,,Insect,1,Melbourne,1
Amblytelus brevis,,Insect,1,Hobart,1
Amelora goniota,Geometer Moth,Insect,1,Adelaide,1
Amelora oenobreches,,Insect,1,Adelaide,1
Amelora oritropha,Geometer Moth,Insect,1,Canberra–Queanbeyan,1
Amphineurus maculosus,Crane Fly,Insect,1,Sydney,1
Amphineurus umbraticus,Crane Fly,Insect,1,Sydney,1
Anabarhynchus umbratilis,,Insect,1,Hobart,1
Analyta sigulalis,,Insect,1,Brisbane,1
Anarciarthrum viride,,Insect,1,Hobart,1
Anas acuta,Northern Pintail,Bird,1,Sydney,1
Ancyttalia acaciae,,Insect,1,Perth,1
Anilara obscura,,Insect,1,Adelaide,1
Anilara subcostata,,Insect,1,Adelaide,1
Anilios bituberculatus,Prong-snouted Blind Snake,Reptile,1,Brisbane,1
Anisops stali,Backswimmer,Insect,1,Sydney,1
Anomalopus leuckartii,Two-clawed Worm-skink,Reptile,1,Darwin,1
Anomis combinans,,Insect,1,Brisbane,1
Anthela decolor,,Insect,1,Perth,1
Anthela euryphrica,,Insect,1,Melbourne,1
Anthela limonea,,Insect,1,Adelaide,1
Antipterna euanthes,Concealer Moth,Insect,1,Canberra–Queanbeyan,1
Apanteles ethanbeaveri,,Insect,1,Canberra–Queanbeyan,1
Aphelocephala pectoralis,Chestnut-breasted Whiteface,Bird,1,Melbourne,1
Aphodius granarius,,Insect,1,Melbourne,1
Apiomorpha excupula,,Insect,1,Brisbane,1
Aploneura lentisci,Aphid,Insect,1,Melbourne,1
Apocephalus insolitus,,Insect,1,Sydney,1
Aporocera bynoei,,Insect,1,Adelaide,1
Apsilochorema gisbum,Caddisfly,Insect,1,Sydney,1
Archaeoses pentasema,Moth,Insect,1,Adelaide,1
Arsipoda consuta,,Insect,1,Hobart,1
Arsipoda erichsoni,,Insect,1,Hobart,1
Arthrolips pulchella,,Insect,1,Sydney,1
Ascelis schraderi,,Insect,1,Brisbane,1
Asclera sublineata,,Insect,1,Hobart,1
Asmicridea edwardsii,Caddisfly,Insect,1,Canberra–Queanbeyan,1
Aspidimorpha quadriradiata,,Insect,1,Darwin,1
Astenus guttulus,,Insect,1,Brisbane,1
Astrapometis saburalis,,Insect,1,Canberra–Queanbeyan,1
Australobolbus austrinus,,Insect,1,Sydney,1
Austrocoenagrion lyelli,Swamp Bluet,Insect,1,Sydney,1
Austrolestes minjerriba,Dune Ringtail,Insect,1,Brisbane,1
Austromiris nigronasutus,,Insect,1,Canberra–Queanbeyan,1
Austroneurorthus brunneipennis,,Insect,1,Sydney,1
Austrovates variegata,,Insect,1,Darwin,1
Autoba abrupta,,Insect,1,Brisbane,1
Autoba versicolor,,Insect,1,Brisbane,1
Bactrocera brunnea,,Insect,1,Sydney,1
Baeoptila oculalis,,Insect,1,Canberra–Queanbeyan,1
Bakeriana rubra,,Insect,1,Adelaide,1
Balta verticalis,,Insect,1,Brisbane,1
Bemisia atriplex,,Insect,1,Sydney,1
Blastopsylla occidentalis,,Insect,1,Canberra–Queanbeyan,1
Bonjeania nitidifrons,,Insect,1,Hobart,1
Brachycaudus helichrysi,Leafcurl Plum Aphid,Insect,1,Canberra–Queanbeyan,1
Brachyhesma trichopterota,,Insect,1,Sydney,1
Brachylophus vitiensis,Fijian Crested Iguana,Reptile,1,Sydney,1
Brachypeplus binotatus,,Insect,1,Hobart,1
Brachysandalus punctorius,,Insect,1,Brisbane,1
Bradiopsylla echidnae,,Insect,1,Hobart,1
Calcarifera ordinata,,Insect,1,Brisbane,1
Callipappus farinosus,,Insect,1,Perth,1
Calliteara farenoides,Moth,Insect,1,Sydney,1
Calomela maculicollis,,Insect,1,Brisbane,1
Camponotus guidae,,Insect,1,Adelaide,1
Camponotus minimus,Sugar Ant,Insect,1,Sydney,1
Camponotus scotti,,Insect,1,Adelaide,1
Candovia annulata,Banded-legged Stick-insect,Insect,1,Melbourne,1
Cardiacera setosa,,Insect,1,Sydney,1
Cardiaspina tenuitela,,Insect,1,Canberra–Queanbeyan,1
Carpophilus obscurus,,Insect,1,Brisbane,1
Castiarina castelnaudi,,Insect,1,Perth,1
Castiarina delectabilis,,Insect,1,Melbourne,1
Casuarius casuarius,Southern Cassowary,Bird,1,Brisbane,1
Cavariella aegopodii,Carrot Aphid,Insect,1,Hobart,1
Cercartetus concinnus,Western Pygmy-possum,Mammal,1,Adelaide,1
Cerdistus hyalipennis,Robber Fly,Insect,1,Hobart,1
Cerdistus luctificus,,Insect,1,Hobart,1
Cerdistus vittipes,Robber Fly,Insect,1,Hobart,1
Ceylalictus perditellus,,Insect,1,Sydney,1
Chaerephon jobensis,Northern Mastiff Bat,Mammal,1,Darwin,1
Chaetocnema calida,,Insect,1,Hobart,1
Chalcopteroides cyanopterus,,Insect,1,Melbourne,1
Chelodina rugosa,Northern Snake-necked Turtle,Reptile,1,Perth,1
Chewobrachys sanguiflua,,Insect,1,Brisbane,1
Chilocorus malasiae,,Insect,1,Brisbane,1
Chlorocoma tetraspila,Geometer Moth,Insect,1,Canberra–Queanbeyan,1
Choeras koalascatocola,,Insect,1,Brisbane,1
Chora plana,,Insect,1,Brisbane,1
Chromatomyia syngenesiae,,Insect,1,Sydney,1
Chrysonoma tentatella,,Insect,1,Adelaide,1
Cillibus incisus,,Insect,1,Canberra–Queanbeyan,1
Clambus bornemisszai,,Insect,1,Hobart,1
Cnemoplites argodi,,Insect,1,Sydney,1
Coenosia latitarsis,,Insect,1,Hobart,1
Coeranica eritima,Concealer Moth,Insect,1,Canberra–Queanbeyan,1
Colobostema rhamphe,Black Scavenger Fly,Insect,1,Melbourne,1
Colobostruma elliotti,Ant,Insect,1,Hobart,1
Comostola nereidaria,,Insect,1,Brisbane,1
Conobrosis acervata,,Insect,1,Brisbane,1
Constrictana catharia,,Insect,1,Canberra–Queanbeyan,1
Cooloola propator,Cooloola Monster,Insect,1,Sydney,1
Copiacyphon variabilis,,Insect,1,Hobart,1
Cotulades leucospila,,Insect,1,Hobart,1
Cracticus mentalis,Black-backed Butcherbird,Bird,1,Perth,1
Cryptarcha politus,,Insect,1,Hobart,1
Cryptogasterus lawrencei,,Insect,1,Hobart,1
Cryptolestes ferrugineus,Rusty Grain Beetle,Insect,1,Brisbane,1
Cryptophasa byssinopis,,Insect,1,Brisbane,1
Cryptophasa tetrazona,Concealer Moth,Insect,1,Canberra–Queanbeyan,1
Cryptotermes brevis,West Indian Drywood Termite,Insect,1,Sydney,1
Ctenocolletes smaragdinus,,Insect,1,Perth,1
Ctenostegus cinctus,Spider Wasp,Insect,1,Canberra–Queanbeyan,1
Ctenotus allotropis,Brown-blazed Wedgesnout Ctenotus,Reptile,1,Darwin,1
Culiseta atra,,Insect,1,Sydney,1
Culiseta inconspicua,Mosquito,Insect,1,Sydney,1
Cydalima diaphanalis,,Insect,1,Melbourne,1
Delma plebeia,Leaden Delma,Reptile,1,Brisbane,1
Dendrocerus carpenteri,,Insect,1,Melbourne,1
Dermestes lardarius,Larder Beetle,Insect,1,Melbourne,1
Dialeurodes citri,Citrus Whitefly,Insect,1,Adelaide,1
Dichromodes mesozona,Geometer Moth,Insect,1,Adelaide,1
Dicranomyia incisuralis,Crane Fly,Insect,1,Sydney,1
Dimorphopterus cornutus,Chinch Bug,Insect,1,Hobart,1
Dinotoperla evansi,Stonefly,Insect,1,Adelaide,1
Diphucephala edwardsii,Green Spring Beetle,Insect,1,Perth,1
Diphucrania aenigma,,Insect,1,Adelaide,1
Diphucrania kohouti,,Insect,1,Canberra–Queanbeyan,1
Diplocoelus decemlineatus,,Insect,1,Hobart,1
Diplonevra fumosa,,Insect,1,Sydney,1
Diplonevra nigricorpus,,Insect,1,Sydney,1
Distichophora clavipalpis,,Insect,1,Sydney,1
Ditropidus glossatus,,Insect,1,Hobart,1
Ditropidus maxillosus,,Insect,1,Melbourne,1
Dolichopeza davidsoni,Crane Fly,Insect,1,Sydney,1
Dorcatoma tasmaniensis,,Insect,1,Hobart,1
Drosophila serrata,,Insect,1,Sydney,1
Drosophila setifemur,Fruit Fly,Insect,1,Sydney,1
Dysgonia solomonensis,,Insect,1,Brisbane,1
Edusella varians,,Insect,1,Canberra–Queanbeyan,1
Edylius canescens,,Insect,1,Hobart,1
Egernia rugosa,Yakka Skink,Reptile,1,Brisbane,1
Elachista litharga,,Insect,1,Canberra–Queanbeyan,1
Elseya albagula,Southern Snapping Turtle,Reptile,1,Brisbane,1
Endeolena xanthiella,Concealer Moth,Insect,1,Canberra–Queanbeyan,1
Endotricha melanchroa,,Insect,1,Canberra–Queanbeyan,1
Endoxyla acontucha,,Insect,1,Canberra–Queanbeyan,1
Enneboeus ovalis,Cryptic Fungus Beetle,Insect,1,Hobart,1
Entometa decorata,,Insect,1,Canberra–Queanbeyan,1
Eochrois sarcoxantha,Concealer Moth,Insect,1,Canberra–Queanbeyan,1
Ephysteris subdiminutella,,Insect,1,Perth,1
Epicoma zelotes,,Insect,1,Adelaide,1
Epiphyas aulacana,,Insect,1,Canberra–Queanbeyan,1
Episyrphus alternans,,Insect,1,Brisbane,1
Epitranus teleute,,Insect,1,Melbourne,1
Epyaxa hyperythra,Moth,Insect,1,Adelaide,1
Euaulana tasmaniae,,Insect,1,Hobart,1
Euchaetis parthenopa,Concealer Moth,Insect,1,Sydney,1
Eudocima iridescens,,Insect,1,Brisbane,1
Eulechria chrysozona,,Insect,1,Canberra–Queanbeyan,1
Eulechria lunata,,Insect,1,Canberra–Queanbeyan,1
Euplectrus bicolor,,Insect,1,Melbourne,1
Eupolemus venustulus,Shield Bug,Insect,1,Hobart,1
Euproctis epidela,,Insect,1,Brisbane,1
Euprosopia albipila,,Insect,1,Hobart,1
Euprosopia armipes,,Insect,1,Sydney,1
Eurhopalus vespulae,,Insect,1,Hobart,1
Eurispa albipennis,,Insect,1,Adelaide,1
Euryglossa noosae,,Insect,1,Sydney,1
Euryglossina intermedia,Plasterer Bee,Insect,1,Sydney,1
Euthenarus promptus,,Insect,1,Hobart,1
Eutinophaea bicristata,Citrus Leaf-eating Weevil,Insect,1,Sydney,1
Franklinothrips vespiformis,,Insect,1,Brisbane,1
Gasteruption secundum,Parasitoid Wasp,Insect,1,Hobart,1
Gaurax ixeutici,,Insect,1,Hobart,1
Gehyra catenata,Chain-backed Dtella,Reptile,1,Brisbane,1
Gehyra gemina,Plain Tree Gehyra,Reptile,1,Darwin,1
Gehyra versicolor,Eastern Tree Dtella,Reptile,1,Adelaide,1
Globorentonium globulum,,Insect,1,Hobart,1
Gluma musgravei,Kelp Fly,Insect,1,Hobart,1
Gnathothlibus erotus,Hawk Moth,Insect,1,Brisbane,1
Graptomyza maculipennis,,Insect,1,Sydney,1
Helea waitei,,Insect,1,Sydney,1
Helina caerulescens,,Insect,1,Hobart,1
Helina nigrescens,,Insect,1,Hobart,1
Helina subpubescens,,Insect,1,Hobart,1
Hesperilla chrysotricha,Golden-haired Sedge-skipper,Insect,1,Hobart,1
Heterocerus mastersii,,Insect,1,Melbourne,1
Heterolepisma buntonorum,,Insect,1,Hobart,1
Heteromeringia laticornis,,Insect,1,Hobart,1
Heteronyx planiceps,,Insect,1,Hobart,1
Hexadactilia civilis,,Insect,1,Sydney,1
Hierodula majuscula,,Insect,1,Melbourne,1
Hierodula pustulifera,,Insect,1,Darwin,1
Homoneura intricata,Acalyptrate Fly,Insect,1,Hobart,1
Homotrysis bicolor,,Insect,1,Hobart,1
Homotrysis pallipes,,Insect,1,Melbourne,1
Hylaeus leviceps,Plasterer Bee,Insect,1,Sydney,1
Hylaeus trimerops,,Insect,1,Canberra–Queanbeyan,1
Hypatima microgramma,,Insect,1,Canberra–Queanbeyan,1
Hypattalus abdominalis,,Insect,1,Hobart,1
Hyperomyzus carduellinus,,Insect,1,Sydney,1
Hypharpax moestus,,Insect,1,Hobart,1
Idaea iodesma,,Insect,1,Canberra–Queanbeyan,1
Ips grandicollis,Five-spined Bark Beetle,Insect,1,Sydney,1
Iswaroides decipiens,,Insect,1,Hobart,1
Johnmannia tasmanica,,Insect,1,Hobart,1
Labdia apenthes,,Insect,1,Brisbane,1
Lagrioida tasmaniae,,Insect,1,Hobart,1
Lamoria pachylepidella,,Insect,1,Sydney,1
Lanciana montana,Montane Groung Katydid,Insect,1,Canberra–Queanbeyan,1
Lasioglossum sulthica,,Insect,1,Sydney,1
Lasioglossum taluchis,,Insect,1,Sydney,1
Lasioglossum vitripenne,Sweat Bee,Insect,1,Adelaide,1
Lasius niger,,Insect,1,Adelaide,1
Laxta friedmani,,Insect,1,Canberra–Queanbeyan,1
Lectrides varians,Caddisfly,Insect,1,Melbourne,1
Leioproctus advena,Plasterer Bee,Insect,1,Sydney,1
Leioproctus fimbriatinus,Plasterer Bee,Insect,1,Canberra–Queanbeyan,1
Leioproctus leai,Plasterer Bee,Insect,1,Canberra–Queanbeyan,1
Lemidia simsoni,,Insect,1,Hobart,1
Leptogaster whitei,,Insect,1,Hobart,1
Leptometopa mallochi,,Insect,1,Sydney,1
Leptopius maleficus,Sugarcane Butt Weevil,Insect,1,Melbourne,1
Leptotarsus ducalis,,Insect,1,Sydney,1
Leptotarsus flavopygialis,,Insect,1,Melbourne,1
Leptotarsus hackeri,,Insect,1,Brisbane,1
Lestonia haustorifera,Bug,Insect,1,Hobart,1
Leucophenga argentata,,Insect,1,Sydney,1
Leucophenga flavohalterata,,Insect,1,Sydney,1
Lichenaula comparella,,Insect,1,Melbourne,1
Lindneromyia austraquila,,Insect,1,Hobart,1
Liopholis modesta,Eastern Ranges Rock-skink,Reptile,1,Brisbane,1
Lipotriches dentiventris,,Insect,1,Sydney,1
Liriomyza chenopodii,,Insect,1,Sydney,1
Lophosaurus boydii,Boyd's Forest Dragon,Reptile,1,Adelaide,1
Lophyrotoma ramosa,Sawfly,Insect,1,Melbourne,1
Lucasium immaculatum,Pale-striped Ground Gecko,Reptile,1,Darwin,1
Macrotona picta,,Insect,1,Perth,1
Mandalotus muscivorus,,Insect,1,Hobart,1
Manduca sexta,,Insect,1,Sydney,1
Mastigaphoides haffneri,Haffner’s Broad-winged Snub-nose,Insect,1,Sydney,1
Megachile abdominale,,Insect,1,Brisbane,1
Megachile micrerythrura,Bee,Insect,1,Darwin,1
Megachile resinifera,,Insect,1,Perth,1
Megaselia rufipes,,Insect,1,Sydney,1
Melanterius porcatus,,Insect,1,Hobart,1
Melanterius tasmaniensis,,Insect,1,Hobart,1
Melittobia australica,,Insect,1,Sydney,1
Melobasis occidentalis,,Insect,1,Adelaide,1
Melophorus perthensis,,Insect,1,Canberra–Queanbeyan,1
Melyronyxa pubescens,,Insect,1,Melbourne,1
Metistete gibbicollis,,Insect,1,Canberra–Queanbeyan,1
Misophrice soror,,Insect,1,Hobart,1
Misophrice variabilis,,Insect,1,Hobart,1
Moloch horridus,Thorny Devil,Reptile,1,Melbourne,1
Molophilus buangensis,,Insect,1,Melbourne,1
Molophilus furvus,,Insect,1,Sydney,1
Molophilus koorang,,Insect,1,Sydney,1
Molophilus longicornis,Crane Fly,Insect,1,Sydney,1
Molophilus pulchripes,Crane Fly,Insect,1,Sydney,1
Monistria maculicornis,,Insect,1,Perth,1
Monomorium sordidum,Ant,Insect,1,Perth,1
Monophlebulus pilosior,Giant Mealy Bug,Insect,1,Melbourne,1
Mordella pygmaea,,Insect,1,Hobart,1
Morethia ruficauda,Lined Firetail Skink,Reptile,1,Darwin,1
Motacilla alba,White Wagtail,Bird,1,Brisbane,1
Mycodrosophila argentifrons,,Insect,1,Sydney,1
Mycodrosophila margoae,,Insect,1,Sydney,1
Mycodrosophila rosemaryae,,Insect,1,Canberra–Queanbeyan,1
Myiocnema comperei,,Insect,1,Melbourne,1
Myrmecia midas,Bull Ant,Insect,1,Sydney,1
Mystes planatus,,Insect,1,Hobart,1
Myuchelys georgesi,Georges Helmeted Turtle,Reptile,1,Sydney,1
Nargomorphus globulus,,Insect,1,Hobart,1
Nasonovia ribisnigri,Currant-lettuce Aphid,Insect,1,Hobart,1
Nearcha dasyzona,Geometer Moth,Insect,1,Perth,1
Nemophora panaeola,,Insect,1,Canberra–Queanbeyan,1
Neocerdistus acutangulatus,Robber Fly,Insect,1,Canberra–Queanbeyan,1
Neopasiphae simplicior,A Short-tongued Bee,Insect,1,Melbourne,1
Neophyllaphis araucariae,,Insect,1,Brisbane,1
Neotemnopteryx australis,,Insect,1,Sydney,1
Neozeleboria volatilis,,Insect,1,Hobart,1
Niastama punctaticollis,Dimpling Bug,Insect,1,Hobart,1
Nola cerraunias,,Insect,1,Canberra–Queanbeyan,1
Nososticta fraterna,Northern Threadtail,Insect,1,Darwin,1
Notherobius nothofagi,,Insect,1,Hobart,1
Nothotrichocera cingulata,Winter Crane Fly,Insect,1,Hobart,1
Notocerastes tricornis,,Insect,1,Hobart,1
Notosacantha dorsalis,,Insect,1,Brisbane,1
Notosalpingus ornatus,,Insect,1,Hobart,1
Notoscincus ornatus,Ornate Soil-crevice Skink,Reptile,1,Darwin,1
Numenius arquata,Eurasian Curlew,Bird,1,Perth,1
Nylanderia rosae,Ant,Insect,1,Melbourne,1
Ochthephilum mastersii,,Insect,1,Canberra–Queanbeyan,1
Ocybadistes hypomeloma,White-margined Grass-dart,Insect,1,Brisbane,1
Oecetis hemerobioides,,Insect,1,Darwin,1
Oecetis uptoni,,Insect,1,Darwin,1
Oenochroma phyllomorpha,,Insect,1,Brisbane,1
Onthophagus posticus,,Insect,1,Hobart,1
Onthophagus sydneyensis,,Insect,1,Brisbane,1
Orthotemnus polixus,,Insect,1,Hobart,1
Osa sinclairae,,Insect,1,Canberra–Queanbeyan,1
Oxyethira columba,Caddisfly,Insect,1,Sydney,1
Ozimops cobourgianus,North-western Free-tailed Bat,Mammal,1,Darwin,1
Pachydissus magnus,,Insect,1,Adelaide,1
Parablax padmuri,,Insect,1,Hobart,1
Paracardiophorus elisus,,Insect,1,Hobart,1
Paralastor emarginatus,,Insect,1,Hobart,1
Pararguda diamphidia,,Insect,1,Brisbane,1
Parasemus doctus,,Insect,1,Hobart,1
Paronchestus cornutus,Horned Stick-insect,Insect,1,Adelaide,1
Paropsides calliope,,Insect,1,Hobart,1
Paropsisterna chlorotica,,Insect,1,Brisbane,1
Pelororhinus carinirostris,,Insect,1,Melbourne,1
Peltoschema maculiventris,,Insect,1,Canberra–Queanbeyan,1
Peltoschema subapicalis,,Insect,1,Perth,1
Percosoma carenoides,,Insect,1,Hobart,1
Perga dorsalis,Sawfly,Insect,1,Canberra–Queanbeyan,1
Perixera punctata,,Insect,1,Brisbane,1
Petrogale brachyotis,Short-eared Rock-wallaby,Mammal,1,Darwin,1
Phacelococcus bursaria,Felt Scale Insect,Insect,1,Canberra–Queanbeyan,1
Phaos aglaophara,Moth,Insect,1,Sydney,1
Philobota diaereta,,Insect,1,Canberra–Queanbeyan,1
Phlogistus corallipes,,Insect,1,Canberra–Queanbeyan,1
Phymatothynnus nitidus,,Insect,1,Perth,1
Pineus boerneri,,Insect,1,Sydney,1
Piophilosoma antipodum,,Insect,1,Adelaide,1
Pipistrellus westralis,Northern Pipistrelle,Mammal,1,Darwin,1
Plagiostenopterina aenea,,Insect,1,Brisbane,1
Planococcus citri,Cochonilha-algodao,Insect,1,Sydney,1
Platyptilia isodactylus,,Insect,1,Melbourne,1
Podomyrma odae,,Insect,1,Brisbane,1
Poropterus succisus,,Insect,1,Hobart,1
Poropterus zopherus,,Insect,1,Hobart,1
Primeuchroeus thorpi,,Insect,1,Sydney,1
Probatodes plumula,,Insect,1,Hobart,1
Procordulia affinis,Western Swamp Emerald,Insect,1,Perth,1
Promecoderus brunnicornis,,Insect,1,Hobart,1
Prosopogmus chalybeipennis,,Insect,1,Hobart,1
Prostomis cornuta,,Insect,1,Hobart,1
Prosympiestus nasutus,Flat Bug,Insect,1,Hobart,1
Proteuxoa rubripuncta,Owlet Moth,Insect,1,Hobart,1
Protomiltogramma laticeps,Flesh Fly,Insect,1,Hobart,1
Pseudoleria pectinata,Fly,Insect,1,Hobart,1
Pseudolycus luctuosa,,Insect,1,Hobart,1
Psilota nitida,,Insect,1,Hobart,1
Psilota viridis,,Insect,1,Hobart,1
Pterohelaeus granulatus,Pie Dish Beetle,Insect,1,Adelaide,1
Pteronemobius arima,,Insect,1,Sydney,1
Pterygophorus facielongus,Sawfly,Insect,1,Melbourne,1
Pycnobraconoides mutator,,Insect,1,Sydney,1
Quedius tepperi,,Insect,1,Hobart,1
Raractocetus kreusleri,,Insect,1,Melbourne,1
Rhagigaster scalae,,Insect,1,Hobart,1
Rhotidoides montana,Leafhopper,Insect,1,Hobart,1
Rhynchocoris humeralis,,Insect,1,Melbourne,1
Rhytiphora cinnamomea,,Insect,1,Brisbane,1
Rhyzobius pulchellus,,Insect,1,Hobart,1
Sarcophaga bidentata,,Insect,1,Adelaide,1
Sarcophaga bifrons,,Insect,1,Hobart,1
Scaptodrosophila fuscithorax,Fruit Fly,Insect,1,Sydney,1
Scaptodrosophila sydneyensis,,Insect,1,Sydney,1
Scaptomyza australis,Fruit Fly,Insect,1,Sydney,1
Scaptomyza elmoi,,Insect,1,Perth,1
Scatochresis perigrapta,,Insect,1,Perth,1
Schrankia costaestrigalis,,Insect,1,Perth,1
Scieropepla typhicola,,Insect,1,Canberra–Queanbeyan,1
Scoparia gethosyna,,Insect,1,Canberra–Queanbeyan,1
Scoparia gomphota,,Insect,1,Sydney,1
Scopodes flavipes,,Insect,1,Adelaide,1
Scopula liotis,Geometer Moth,Insect,1,Canberra–Queanbeyan,1
Scraptia laticollis,,Insect,1,Hobart,1
Scutellista caerulea,,Insect,1,Sydney,1
Scymnus duplopunctulatus,,Insect,1,Hobart,1
Sierola ellingtoni,,Insect,1,Melbourne,1
Siphanta parva,,Insect,1,Adelaide,1
Sminthopsis bindi,Kakadu Dunnart,Mammal,1,Darwin,1
Sphaerothorax pubiventris,,Insect,1,Hobart,1
Sphedanocoris distinctus,Assassin Bug,Insect,1,Melbourne,1
Stilbopteryx napoleo,,Insect,1,Perth,1
Stirellus fatigandus,Leafhopper,Insect,1,Hobart,1
Sybra truncata,,Insect,1,Sydney,1
Syllitus bipunctatus,,Insect,1,Adelaide,1
Syllitus cassiniae,,Insect,1,Sydney,1
Symbothynus squalidus,,Insect,1,Hobart,1
Taeniogonalos tenebrosa,,Insect,1,Hobart,1
Tanyscelis villosigibba,,Insect,1,Brisbane,1
Taphozous georgianus,Common Sheathtail-bat,Mammal,1,Darwin,1
Telecrates basileia,,Insect,1,Sydney,1
Tetracnemoidea brevicornis,,Insect,1,Melbourne,1
Tetragonomenes ruficornis,,Insect,1,Hobart,1
Tetralophus sculpturatus,,Insect,1,Melbourne,1
Thallis janthina,,Insect,1,Melbourne,1
Thanatodictya hebe,Planthopper,Insect,1,Hobart,1
Thaumaglossa concavifrons,,Insect,1,Hobart,1
Thermobia domestica,Firebrat,Insect,1,Melbourne,1
Thoreauana thoreauini,,Insect,1,Melbourne,1
Thrips tabaci,Onion Thrips,Insect,1,Hobart,1
Thrypticomyia aureipennis,,Insect,1,Sydney,1
Thyreocephalus cyanopterus,,Insect,1,Hobart,1
Tinzeda sororoides,,Insect,1,Melbourne,1
Tirathaba monoleuca,,Insect,1,Melbourne,1
Trachymela alta,,Insect,1,Adelaide,1
Trachymela ferrugata,,Insect,1,Hobart,1
Trapezites taori,Sandstone Ochre,Insect,1,Brisbane,1
Triaenodes dibolia,,Insect,1,Darwin,1
Trichalus apiciflavus,,Insect,1,Melbourne,1
Trichananca victoriensis,,Insect,1,Hobart,1
Trichocolletes albigenae,,Insect,1,Sydney,1
Trichophthalma laetilinea,,Insect,1,Canberra–Queanbeyan,1
Trichophthalma nicholsoni,,Insect,1,Canberra–Queanbeyan,1
Trichosalpingus lateralis,,Insect,1,Hobart,1
Trissernis ochrochlora,,Insect,1,Brisbane,1
Tropidotrechus victoriae,,Insect,1,Melbourne,1
Tropis lepturoides,,Insect,1,Canberra–Queanbeyan,1
Xylion collaris,,Insect,1,Hobart,1
Zaclotathra oligoneura,,Insect,1,Sydney,1
Zenarge turneri,,Insect,1,Canberra–Queanbeyan,1
Zenithicola funesta,,Insect,1,Canberra–Queanbeyan,1
