species,common_name,animal_group,cities_present,city_list,record_count,is_threatened,epbc_status,epbc_listed_name,accepted_scientific_name,epbc_common_name,effective_date
Aaaaba fossicollis,,Insect,2,Canberra–Queanbeyan | Melbourne,2,False,,,,,
Aaaaba nodosus,,Insect,1,Melbourne,1,False,,,,,
Aacanthocnema dobsoni,,Insect,3,Adelaide | Hobart | Melbourne,7,False,,,,,
Aades cultratus,,Insect,6,Adelaide | Brisbane | Canberra–Queanbeyan | Hobart | Melbourne | Sydney,26,False,,,,,
Aades griseatus,,Insect,2,Brisbane | Sydney,6,False,,,,,
Abantiades albofasciatus,,Insect,1,Perth,5,False,,,,,
Abantiades argentangulum,,Insect,1,Perth,1,False,,,,,
Abantiades argentata,Species Of Ghost Moth,Insect,3,Adelaide | Melbourne | Perth,131,False,,,,,
Abantiades argyrosticha,,Insect,1,Brisbane,1,False,,,,,
Abantiades atripalpis,,Insect,7,Adelaide | Brisbane | Canberra–Queanbeyan | Hobart | Melbourne | Perth | Sydney,252,False,,,,,
Abantiades barcas,Ghost Moth,Insect,1,Sydney,1,False,,,,,
Abantiades hyalinatus,Ghost Moth,Insect,3,Hobart | Melbourne | Sydney,17,False,,,,,
Abantiades hydrographus,,Insect,1,Perth,24,False,,,,,
Abantiades labyrinthicus,Ghost Moth,Insect,3,Canberra–Queanbeyan | Melbourne | Sydney,39,False,,,,,
Abantiades latipennis,Ghost Moth,Insect,2,Hobart | Melbourne,24,False,,,,,
Abantiades lineacurva,,Insect,1,Perth,1,False,,,,,
Abantiades marcidus,Ghost Moth,Insect,2,Adelaide | Melbourne,107,False,,,,,
Abispa australiana,,Insect,1,Darwin,1,False,,,,,
Abispa ephippium,Potter Wasp,Insect,7,Adelaide | Brisbane | Canberra–Queanbeyan | Darwin | Melbourne | Perth | Sydney,214,False,,,,,
Abispa splendida,,Insect,2,Brisbane | Sydney,46,False,,,,,
Ablabesmyia notabilis,Midges,Insect,3,Adelaide | Hobart | Melbourne,9,False,,,,,
Ablabus integricollis,,Insect,1,Hobart,2,False,,,,,
Aboetheta pteridonoma,,Insect,1,Sydney,2,False,,,,,
Abrotesia griphodes,,Insect,1,Darwin,2,False,,,,,
Acaciacapsus bournda,,Insect,1,Melbourne,2,False,,,,,
Acalolepta aesthetica,,Insect,3,Brisbane | Melbourne | Sydney,3,False,,,,,
Acalolepta argentata,,Insect,2,Brisbane | Melbourne,2,False,,,,,
Acalolepta aurosericea,,Insect,2,Brisbane | Sydney,3,False,,,,,
Acalolepta mixta,Fig‑tree Longicorn Beetle,Insect,1,Brisbane,1,False,,,,,
Acalolepta ovina,,Insect,1,Brisbane,3,False,,,,,
Acalonoma pusillum,,Insect,2,Hobart | Melbourne,66,False,,,,,
Acanthagenys rufogularis,Spiny-cheeked Honeyeater,Bird,6,Adelaide | Brisbane | Canberra–Queanbeyan | Melbourne | Perth | Sydney,3276,False,,,,,
Acanthasargus flavipes,,Insect,3,Brisbane | Melbourne | Sydney,30,False,,,,,
Acanthasargus palustris,,Insect,1,Hobart,8,False,,,,,
Acanthasargus varipes,,Insect,1,Brisbane,1,False,,,,,
Acanthiza apicalis,Red-rumped Tit,Bird,2,Adelaide | Perth,2240,False,,,,,
Acanthiza chrysorrhoa,Yellow-rumped Thornbill,Bird,7,Adelaide | Brisbane | Canberra–Queanbeyan | Hobart | Melbourne | Perth | Sydney,33784,False,,,,,
Acanthiza ewingii,Tasmanian Thornbill,Bird,1,Hobart,463,False,,,,,
Acanthiza inornata,Western Thornbill,Bird,1,Perth,643,False,,,,,
Acanthiza iredalei,Slender-billed Thornbill,Bird,1,Adelaide,9,False,,,,,
Acanthiza lineata,Striated Thornbill,Bird,5,Adelaide | Brisbane | Canberra–Queanbeyan | Melbourne | Sydney,14300,False,,,,,
Acanthiza nana,Yellow Thornbill,Bird,5,Adelaide | Brisbane | Canberra–Queanbeyan | Melbourne | Sydney,19864,False,,,,,
Acanthiza pusilla,Brown Thornbill,Bird,6,Adelaide | Brisbane | Canberra–Queanbeyan | Hobart | Melbourne | Sydney,111471,False,,,,,
Acanthiza reguloides,Buff-rumped Thornbill,Bird,5,Adelaide | Brisbane | Canberra–Queanbeyan | Melbourne | Sydney,4078,False,,,,,
Acanthiza uropygialis,Chestnut-rumped Thornbill,Bird,2,Adelaide | Perth,5,False,,,,,
Acanthobetyla cerbera,,Insect,1,Canberra–Queanbeyan,5,False,,,,,
Acanthobetyla tooloomensis,Parasitoid Wasp,Insect,1,Canberra–Queanbeyan,1,False,,,,,
Acanthocnemus nigricans,Beetle,Insect,1,Brisbane,1,False,,,,,
Acanthococcus confusus,,Insect,1,Canberra–Queanbeyan,15,False,,,,,
Acanthococcus coriaceus,Blue Gum Scale,Insect,7,Adelaide | Brisbane | Canberra–Queanbeyan | Hobart | Melbourne | Perth | Sydney,197,False,,,,,
Acanthodela erythrosema,Concealer Moth,Insect,4,Canberra–Queanbeyan | Hobart | Melbourne | Sydney,7,False,,,,,
Acanthodela protophaes,Concealer Moth,Insect,6,Adelaide | Brisbane | Canberra–Queanbeyan | Melbourne | Perth | Sydney,21,False,,,,,
Acantholena hiemalis,,Insect,2,Melbourne | Sydney,34,False,,,,,
Acantholena siccella,Concealer Moth,Insect,3,Brisbane | Canberra–Queanbeyan | Sydney,52,False,,,,,
Acantholipes trajecta,,Insect,1,Darwin,1,False,,,,,
Acantholophus denticollis,,Insect,2,Canberra–Queanbeyan | Sydney,3,False,,,,,
Acantholophus echidna,,Insect,1,Sydney,1,False,,,,,
Acantholophus mastersi,,Insect,1,Perth,1,False,,,,,
Acantholophus planicollis,,Insect,1,Adelaide,12,False,,,,,
Acantholophus suturalis,,Insect,1,Perth,4,False,,,,,
Acantholophus tasmaniensis,,Insect,1,Hobart,2,False,,,,,
Acantholybas brunneus,,Insect,3,Brisbane | Melbourne | Sydney,16,False,,,,,
Acantholybas kirkaldyi,,Insect,1,Hobart,1,False,,,,,
Acanthomima rhipheus,,Insect,1,Perth,2,False,,,,,
Acanthonevroides basalis,,Insect,3,Adelaide | Melbourne | Perth,23,False,,,,,
Acanthonevroides jarvisi,,Insect,1,Canberra–Queanbeyan,1,False,,,,,
Acanthonevroides nigriventris,Primitive Crane Fly,Insect,3,Canberra–Queanbeyan | Melbourne | Sydney,4,False,,,,,
Acanthoperga cameronii,,Insect,1,Brisbane,2,False,,,,,
Acanthophis antarcticus,Common Death Adder,Reptile,4,Brisbane | Canberra–Queanbeyan | Perth | Sydney,157,False,,,,,
Acanthorhynchus superciliosus,Western Spinebill,Bird,1,Perth,1540,False,,,,,
Acanthorhynchus tenuirostris,Eastern Spinebill,Bird,6,Adelaide | Brisbane | Canberra–Queanbeyan | Hobart | Melbourne | Sydney,66504,False,,,,,
Acanthornis magna,Tasmanian Scrubtit,Bird,1,Hobart,16,False,,,,,
Acanthoscelides obtectus,Bean Weevil,Insect,2,Canberra–Queanbeyan | Melbourne,4,False,,,,,
Acanthosoma versicolor,,Insect,2,Brisbane | Sydney,18,False,,,,,
Acanthucalis macalpini,,Insect,1,Adelaide,1,False,,,,,
Acanthuchus rufiventris,,Insect,3,Adelaide | Canberra–Queanbeyan | Melbourne,5,False,,,,,
Acanthuchus trispinifer,Treehopper,Insect,5,Brisbane | Canberra–Queanbeyan | Hobart | Melbourne | Sydney,128,False,,,,,
Acatapaustus leucospila,Tuft Moth,Insect,1,Brisbane,10,False,,,,,
Acatapaustus metallopa,Tuft Moth,Insect,2,Brisbane | Sydney,4,False,,,,,
Accipiter cirrocephalus,Collared Sparrowhawk,Bird,8,Adelaide | Brisbane | Canberra–Queanbeyan | Darwin | Hobart | Melbourne | Perth | Sydney,11564,False,,,,,
Accipiter fasciatus,Brown Goshawk,Bird,8,Adelaide | Brisbane | Canberra–Queanbeyan | Darwin | Hobart | Melbourne | Perth | Sydney,35165,False,,,,,
Accipiter novaehollandiae,Grey Goshawk,Bird,7,Adelaide | Brisbane | Canberra–Queanbeyan | Darwin | Hobart | Melbourne | Sydney,678,False,,,,,
Achaea argilla,,Insect,2,Brisbane | Perth,6,False,,,,,
Achaea eusciasta,,Insect,2,Brisbane | Darwin,9,False,,,,,
Achaea janata,,Insect,5,Brisbane | Canberra–Queanbeyan | Darwin | Perth | Sydney,424,False,,,,,
Achaea serva,,Insect,2,Brisbane | Darwin,35,False,,,,,
Acheta domesticus,,Insect,5,Adelaide | Brisbane | Canberra–Queanbeyan | Melbourne | Sydney,26,False,,,,,
Achilus flammeus,Red Fungus Bug,Insect,2,Melbourne | Sydney,26,False,,,,,
Achopera alba,,Insect,1,Hobart,1,False,,,,,
Achopera alternata,,Insect,2,Canberra–Queanbeyan | Melbourne,6,False,,,,,
Achopera lachrymosa,,Insect,5,Adelaide | Canberra–Queanbeyan | Hobart | Melbourne | Sydney,18,False,,,,,
Achopera maculata,,Insect,2,Canberra–Queanbeyan | Hobart,7,False,,,,,
Achopera subulosa,,Insect,1,Hobart,2,False,,,,,
Achoperinus infulatus,,Insect,1,Melbourne,1,False,,,,,
Achoria inopina,,Insect,1,Canberra–Queanbeyan,4,False,,,,,
Achroia grisella,Lesser Wax Moth,Insect,5,Adelaide | Canberra–Queanbeyan | Melbourne | Perth | Sydney,12,False,,,,,
Achthosus westwoodi,,Insect,1,Sydney,10,False,,,,,
Achyra affinitalis,Grass Moth,Insect,7,Adelaide | Brisbane | Canberra–Queanbeyan | Hobart | Melbourne | Perth | Sydney,1075,False,,,,,
Achyra massalis,,Insect,7,Adelaide | Brisbane | Canberra–Queanbeyan | Darwin | Melbourne | Perth | Sydney,60,False,,,,,
Achyra nigrirenalis,,Insect,5,Adelaide | Brisbane | Canberra–Queanbeyan | Melbourne | Sydney,20,False,,,,,
Aciagrion fragile,Blue Slim,Insect,2,Brisbane | Darwin,71,False,,,,,
Acizzia acaciaebaileyanae,,Insect,1,Canberra–Queanbeyan,7,False,,,,,
Acizzia acaciaedecurrentis,,Insect,5,Adelaide | Brisbane | Canberra–Queanbeyan | Darwin | Melbourne,22,False,,,,,
Acizzia conspicua,,Insect,3,Adelaide | Melbourne | Sydney,6,False,,,,,
Acizzia credoensis,,Insect,1,Melbourne,1,False,,,,,
Acizzia miraculosa,,Insect,1,Sydney,1,False,,,,,
Acizzia solanicola,,Insect,1,Melbourne,7,False,,,,,
Acizzia uncatoides,,Insect,2,Canberra–Queanbeyan | Melbourne,4,False,,,,,
Acmonotus incusifer,,Insect,1,Perth,1,False,,,,,
Acmosara polyxena,,Insect,3,Adelaide | Canberra–Queanbeyan | Melbourne,4,False,,,,,
Acmotoma magniferella,Concealer Moth,Insect,4,Canberra–Queanbeyan | Hobart | Melbourne | Sydney,26,False,,,,,
Acodia pauper,Geometer Moth,Insect,3,Canberra–Queanbeyan | Melbourne | Sydney,34,False,,,,,
Acolasta scolia,Concealer Moth,Insect,2,Brisbane | Sydney,3,False,,,,,
Aconophora compressa,Lantana Treehopper,Insect,2,Brisbane | Sydney,146,False,,,,,
Acontia clerana,Owlet Moth,Insect,3,Brisbane | Canberra–Queanbeyan | Melbourne,13,False,,,,,
Acontia crocata,,Insect,1,Darwin,2,False,,,,,
Acontia detrita,Marbled Shoulder,Insect,3,Brisbane | Canberra–Queanbeyan | Sydney,18,False,,,,,
Acontia elaeoa,,Insect,1,Brisbane,1,False,,,,,
Acontia nivipicta,Owlet Moth,Insect,4,Brisbane | Canberra–Queanbeyan | Melbourne | Sydney,40,False,,,,,
Acontia thapsina,,Insect,1,Darwin,7,False,,,,,
Acosmeryx cinnamomea,,Insect,3,Brisbane | Darwin | Sydney,21,False,,,,,
Acosmeryx miskini,,Insect,2,Brisbane | Sydney,9,False,,,,,
Acraea andromacha,Glasswing,Insect,4,Brisbane | Canberra–Queanbeyan | Darwin | Sydney,577,False,,,,,
Acraea terpsicore,Tawny Coster,Insect,2,Brisbane | Darwin,63,False,,,,,
Acraephnes litodes,,Insect,1,Brisbane,2,False,,,,,
Acrapex albicostata,Owlet Moth,Insect,2,Brisbane | Canberra–Queanbeyan,3,False,,,,,
Acrapex exsanguis,Owlet Moth,Insect,2,Adelaide | Sydney,3,False,,,,,
Acraspisa parva,Stiletto Fly,Insect,1,Adelaide,1,False,,,,,
Acraspisoides helviarta,,Insect,1,Melbourne,5,False,,,,,
Acrida conica,Giant Green Slant-face,Insect,7,Adelaide | Brisbane | Canberra–Queanbeyan | Darwin | Melbourne | Perth | Sydney,959,False,,,,,
Acridophagus paganicus,,Insect,1,Hobart,1,False,,,,,
Acridotarsa celsella,,Insect,1,Sydney,2,False,,,,,
Acridotheres tristis,Common Myna,Bird,7,Adelaide | Brisbane | Canberra–Queanbeyan | Darwin | Melbourne | Perth | Sydney,252442,False,,,,,
Acripeza reticulata,Mountain Katydid,Insect,2,Brisbane | Canberra–Queanbeyan,68,False,,,,,
Acritoscincus duperreyi,Eastern Three-lined Skink,Reptile,2,Adelaide | Melbourne,49,False,,,,,
Acritoscincus platynotus,Red-throated Skink,Reptile,2,Canberra–Queanbeyan | Sydney,55,False,,,,,
Acritoscincus trilineatus,Western Three-lined Skink,Reptile,1,Perth,43,False,,,,,
Acrobates frontalis,Broad-toed Feather-tailed Glider,Mammal,1,Brisbane,3,False,,,,,
Acrobates pygmaeus,Feathertail Glider,Mammal,2,Melbourne | Sydney,290,False,,,,,
Acrocephalus australis,Australian Reed Warbler,Bird,8,Adelaide | Brisbane | Canberra–Queanbeyan | Darwin | Hobart | Melbourne | Perth | Sydney,72526,False,,,,,
Acrocephalus stentoreus,Clamorous Reed Warbler,Bird,2,Adelaide | Perth,7,False,,,,,
Acrocercops autadelpha,,Insect,1,Sydney,11,False,,,,,
Acrocercops caenotheta,,Insect,1,Melbourne,1,False,,,,,
Acrocercops chionosema,,Insect,2,Brisbane | Sydney,8,False,,,,,
Acrocercops didymella,,Insect,1,Sydney,37,False,,,,,
Acrocercops hedymopa,,Insect,1,Brisbane,2,False,,,,,
Acrocercops irrorata,,Insect,3,Adelaide | Brisbane | Canberra–Queanbeyan,13,False,,,,,
Acrocercops laciniella,,Insect,2,Brisbane | Melbourne,7,False,,,,,
Acrocercops obscurella,,Insect,1,Brisbane,5,False,,,,,
Acrocercops ophiodes,,Insect,3,Adelaide | Canberra–Queanbeyan | Sydney,4,False,,,,,
Acrocercops plebeia,,Insect,2,Brisbane | Sydney,3,False,,,,,
Acrocercops unilineata,,Insect,2,Brisbane | Melbourne,4,False,,,,,
Acroceuthes metaxanthana,,Insect,6,Adelaide | Brisbane | Canberra–Queanbeyan | Hobart | Melbourne | Sydney,348,False,,,,,
Acrochordus arafurae,Arafura Filesnake,Reptile,1,Darwin,5,False,,,,,
Acrodipsas illidgei,Illidge's Ant-blue,Insect,1,Brisbane,2,False,,,,,
Acrodipsas myrmecophila,Small Ant-blue,Insect,1,Sydney,1,False,,,,,
Acroelytrum muricatum,,Insect,2,Brisbane | Darwin,2,False,,,,,
Acronicta psorallina,,Insect,1,Brisbane,5,False,,,,,
Acrophylla enceladus,Giant Acrophylla Stick-insect,Insect,1,Brisbane,3,False,,,,,
Acrophylla titan,Titan Stick-insect,Insect,2,Brisbane | Sydney,231,False,,,,,
Acropolitis canana,,Insect,3,Brisbane | Canberra–Queanbeyan | Sydney,18,False,,,,,
Acropolitis ergophora,,Insect,1,Canberra–Queanbeyan,8,False,,,,,
Acropolitis excelsa,Leafroller Moth,Insect,2,Canberra–Queanbeyan | Melbourne,18,False,,,,,
Acropolitis hedista,,Insect,1,Sydney,10,False,,,,,
Acropolitis rudisana,Leafroller Moth,Insect,7,Adelaide | Brisbane | Canberra–Queanbeyan | Hobart | Melbourne | Perth | Sydney,211,False,,,,,
Acropteris nanula,,Insect,1,Darwin,1,False,,,,,
Acropteris teriadata,,Insect,2,Brisbane | Darwin,18,False,,,,,
Acropyga myops,Ant,Insect,1,Sydney,4,False,,,,,
Acrorrhinium spicatus,,Insect,1,Darwin,3,False,,,,,
Acrossidius tasmaniae,Blackheaded Pasture Cockchafer,Insect,5,Adelaide | Canberra–Queanbeyan | Hobart | Melbourne | Sydney,117,False,,,,,
Acruroperla atra,Stonefly,Insect,1,Melbourne,7,False,,,,,
Actilasioptera coronata,,Insect,2,Brisbane | Sydney,8,False,,,,,
Actilasioptera pustulata,,Insect,1,Sydney,2,False,,,,,
Actilasioptera tuberculata,,Insect,1,Sydney,3,False,,,,,
Actinus macleayi,,Insect,1,Canberra–Queanbeyan,1,False,,,,,
Actitis hypoleucos,Common Sandpiper,Bird,8,Adelaide | Brisbane | Canberra–Queanbeyan | Darwin | Hobart | Melbourne | Perth | Sydney,5409,False,,,,,
Aculicoxa striata,,Insect,2,Brisbane | Sydney,9,False,,,,,
Acupalpa albitarsa,,Insect,2,Brisbane | Sydney,3,False,,,,,
Acupalpa boharti,,Insect,1,Perth,1,False,,,,,
Acupalpa divisa,,Insect,1,Brisbane,2,False,,,,,
Acupalpa dolichorhyncha,,Insect,1,Perth,2,False,,,,,
Acupalpa rostrata,,Insect,1,Hobart,7,False,,,,,
Acyphas chionitis,Moth,Insect,6,Adelaide | Brisbane | Canberra–Queanbeyan | Melbourne | Perth | Sydney,238,False,,,,,
Acyphas semiochrea,Moth,Insect,8,Adelaide | Brisbane | Canberra–Queanbeyan | Darwin | Hobart | Melbourne | Perth | Sydney,165,False,,,,,
Acyrthosiphon pisum,Pea Aphid,Insect,2,Melbourne | Sydney,5,False,,,,,
Adalia bipunctata,,Insect,1,Hobart,8,False,,,,,
Adapsilia gratiosa,,Insect,2,Melbourne | Sydney,4,False,,,,,
Adapsilia illingworthana,,Insect,1,Brisbane,1,False,,,,,
Addyme ferrorubella,,Insect,2,Brisbane | Sydney,68,False,,,,,
Adeixis inostentata,Geometer Moth,Insect,2,Brisbane | Melbourne,5,False,,,,,
Adelium abbreviatum,,Insect,1,Hobart,19,False,,,,,
Adelium angulicolle,,Insect,2,Canberra–Queanbeyan | Melbourne,7,False,,,,,
Adelium brevicorne,Ground Beetle Sp 1,Insect,7,Adelaide | Brisbane | Canberra–Queanbeyan | Hobart | Melbourne | Perth | Sydney,298,False,,,,,
Adelium licinoides,,Insect,1,Hobart,2,False,,,,,
Adelium porcatum,,Insect,2,Canberra–Queanbeyan | Sydney,18,False,,,,,
Adelium pustulosum,Darkling Beetle,Insect,2,Canberra–Queanbeyan | Melbourne,11,False,,,,,
Adelium subdepressum,,Insect,2,Canberra–Queanbeyan | Melbourne,2,False,,,,,
Adelium tenebroides,,Insect,1,Hobart,8,False,,,,,
Adelotopus dubius,,Insect,2,Hobart | Melbourne,2,False,,,,,
Adelphocorisella australis,,Insect,1,Adelaide,1,False,,,,,
Adinolepis eumana,,Insect,1,Adelaide,1,False,,,,,
Adinolepis youanga,,Insect,2,Melbourne | Sydney,5,False,,,,,
Adisura marginalis,,Insect,1,Darwin,4,False,,,,,
Adoryphorus coulonii,Redheaded Pasture Cockchafer,Insect,6,Adelaide | Brisbane | Canberra–Queanbeyan | Hobart | Melbourne | Sydney,51,False,,,,,
Adoxia benallae,,Insect,4,Canberra–Queanbeyan | Hobart | Melbourne | Sydney,91,False,,,,,
Adoxia femoralis,,Insect,1,Hobart,1,False,,,,,
Adrapsa ablualis,,Insect,3,Brisbane | Darwin | Sydney,79,False,,,,,
Adreppus fallax,,Insect,2,Brisbane | Sydney,12,False,,,,,
Adrisa atra,Shield Bug,Insect,2,Hobart | Melbourne,3,False,,,,,
Adrisa erichsoni,Shield Bug,Insect,1,Brisbane,4,False,,,,,
Adrium artifex,,Insect,3,Canberra–Queanbeyan | Melbourne | Sydney,11,False,,,,,
Adrium catoxanthum,,Insect,1,Canberra–Queanbeyan,1,False,,,,,
Adversaeschna brevistyla,Blue-spotted Hawker,Insect,7,Adelaide | Brisbane | Canberra–Queanbeyan | Hobart | Melbourne | Perth | Sydney,1240,False,,,,,
Aedeomyia catasticta,,Insect,1,Darwin,7,False,,,,,
Aedeomyia venustipes,Mosquito,Insect,2,Adelaide | Brisbane,3,False,,,,,
Aedes aculeatus,,Insect,2,Brisbane | Sydney,6,False,,,,,
Aedes aegypti,Tiger Mosquito,Insect,1,Canberra–Queanbeyan,1,False,,,,,
Aedes alboannulatus,,Insect,7,Adelaide | Brisbane | Canberra–Queanbeyan | Hobart | Melbourne | Perth | Sydney,271,False,,,,,
Aedes alboscutellatus,,Insect,2,Brisbane | Darwin,2,False,,,,,
Aedes alternans,Scotch Grey,Insect,4,Brisbane | Darwin | Melbourne | Sydney,67,False,,,,,
Aedes australis,Salt-water Mosquito,Insect,1,Sydney,1,False,,,,,
Aedes burpengaryensis,,Insect,1,Brisbane,1,False,,,,,
Aedes camptorhynchus,,Insect,4,Adelaide | Melbourne | Perth | Sydney,132,False,,,,,
Aedes edwardsi,,Insect,1,Brisbane,1,False,,,,,
Aedes elchoensis,,Insect,1,Darwin,4,False,,,,,
Aedes flavifrons,,Insect,1,Sydney,4,False,,,,,
Aedes imperfectus,,Insect,2,Melbourne | Sydney,3,False,,,,,
Aedes imprimens,,Insect,1,Brisbane,1,False,,,,,
Aedes kochi,,Insect,1,Darwin,18,False,,,,,
Aedes lineatopenne,,Insect,1,Brisbane,4,False,,,,,
Aedes longirostris,,Insect,1,Darwin,1,False,,,,,
Aedes milsoni,,Insect,1,Sydney,1,False,,,,,
Aedes multiplex,,Insect,2,Brisbane | Sydney,7,False,,,,,
Aedes notoscriptus,,Insect,8,Adelaide | Brisbane | Canberra–Queanbeyan | Darwin | Hobart | Melbourne | Perth | Sydney,751,False,,,,,
Aedes pecuniosa,,Insect,1,Darwin,1,False,,,,,
Aedes procax,,Insect,2,Brisbane | Sydney,19,False,,,,,
Aedes rubrithorax,,Insect,2,Melbourne | Sydney,10,False,,,,,
Aedes rupestris,,Insect,1,Melbourne,2,False,,,,,
Aedes sagax,,Insect,1,Melbourne,1,False,,,,,
Aedes theobaldi,,Insect,1,Brisbane,1,False,,,,,
Aedes tremulus,,Insect,1,Darwin,9,False,,,,,
Aedes vigilax,Black Bush-mosquito,Insect,5,Adelaide | Brisbane | Darwin | Perth | Sydney,131,False,,,,,
Aedes vittiger,Grey Striped Mosquito,Insect,4,Brisbane | Canberra–Queanbeyan | Melbourne | Sydney,115,False,,,,,
Aedes wattensis,,Insect,1,Brisbane,1,False,,,,,
Aedia leucomelas,Owlet Moth,Insect,3,Brisbane | Canberra–Queanbeyan | Sydney,30,False,,,,,
Aegotheles cristatus,Australian Owlet-nightjar,Bird,8,Adelaide | Brisbane | Canberra–Queanbeyan | Darwin | Hobart | Melbourne | Perth | Sydney,2470,False,,,,,
Aenetus blackburnii,Species Of Ghost Moth,Insect,1,Adelaide,12,False,,,,,
Aenetus djernaesae,,Insect,1,Perth,5,False,,,,,
Aenetus dulcis,,Insect,1,Perth,1,False,,,,,
Aenetus eximia,Common Ghost Moth,Insect,2,Melbourne | Sydney,61,False,,,,,
Aenetus lewinii,Splendid Swift Moth,Insect,1,Sydney,7,False,,,,,
Aenetus ligniveren,Common Splendid Ghost Moth,Insect,3,Canberra–Queanbeyan | Melbourne | Sydney,66,False,,,,,
Aenetus scotti,Ghost Moth,Insect,1,Sydney,1,False,,,,,
Aenetus simonseni,,Insect,1,Darwin,1,False,,,,,
Aenetus splendens,,Insect,2,Brisbane | Sydney,22,False,,,,,
Aenetus tegulatus,,Insect,1,Melbourne,1,False,,,,,
Aeolochroma hypochromaria,,Insect,2,Brisbane | Sydney,73,False,,,,,
Aeolochroma melaleucae,,Insect,1,Brisbane,6,False,,,,,
Aeolochroma metarhodata,Geometer Moth,Insect,4,Brisbane | Canberra–Queanbeyan | Melbourne | Sydney,262,False,,,,,
Aeolochroma mniaria,Geometer Moth,Insect,1,Sydney,7,False,,,,,
Aeolochroma olivia,,Insect,2,Brisbane | Sydney,4,False,,,,,
Aeolochroma quadrilinea,,Insect,2,Brisbane | Sydney,42,False,,,,,
Aeolochroma subrubescens,,Insect,1,Brisbane,1,False,,,,,
Aeolochroma unitaria,,Insect,1,Hobart,1,False,,,,,
Aeolochroma viridicata,,Insect,1,Sydney,1,False,,,,,
Aeolocosma cycloxantha,,Insect,1,Perth,14,False,,,,,
Aeolocosma iridozona,Concealer Moth,Insect,1,Sydney,2,False,,,,,
Aeoloscelis chrysophoenicea,,Insect,1,Brisbane,1,False,,,,,
Aeoloscelis pachyceros,,Insect,1,Melbourne,1,False,,,,,
Aeolostoma scutiferana,,Insect,1,Sydney,1,False,,,,,
Aeolothapsa acrocosma,,Insect,2,Melbourne | Sydney,41,False,,,,,
Aeolothapsa malacella,Concealer Moth,Insect,5,Adelaide | Canberra–Queanbeyan | Hobart | Melbourne | Sydney,137,False,,,,,
Aeolothrips fasciatus,,Insect,1,Melbourne,1,False,,,,,
Aepyprymnus rufescens,Rufous Bettong,Mammal,1,Sydney,1,False,,,,,
Aerodramus terraereginae,Australian Swiftlet,Bird,1,Brisbane,1,False,,,,,
Aesa dimidatus,,Insect,1,Brisbane,2,False,,,,,
Aeschylia mira,,Insect,2,Melbourne | Perth,8,False,,,,,
Aesiotes leucurus,Cypress Bark Weevil,Insect,1,Sydney,3,False,,,,,
Aesiotyche favosa,,Insect,1,Canberra–Queanbeyan,2,False,,,,,
Aethina concolor,,Insect,6,Adelaide | Brisbane | Canberra–Queanbeyan | Melbourne | Perth | Sydney,55,False,,,,,
Aethina tumida,Small Hive Beetle,Insect,3,Brisbane | Melbourne | Sydney,22,False,,,,,
Aethinodes marmoratum,,Insect,1,Brisbane,1,False,,,,,
Aethriamanta circumsignata,Square-spot Basker,Insect,2,Brisbane | Darwin,137,False,,,,,
Aethriamanta nymphaeae,L-spot Basker,Insect,2,Brisbane | Sydney,68,False,,,,,
Afrophloeus squamifer,,Insect,1,Adelaide,2,False,,,,,
Agamana conjungens,,Insect,2,Brisbane | Sydney,16,False,,,,,
Agamana sarmentosa,,Insect,1,Brisbane,3,False,,,,,
Agamerion cleptideum,,Insect,3,Canberra–Queanbeyan | Hobart | Melbourne,5,False,,,,,
Agamerion coeruleiventre,,Insect,1,Sydney,1,False,,,,,
Agamerion metallicum,,Insect,2,Adelaide | Melbourne,2,False,,,,,
Agape chloropyga,,Insect,1,Brisbane,286,False,,,,,
Agapophytus albobasalis,Stiletto Fly,Insect,5,Adelaide | Brisbane | Canberra–Queanbeyan | Melbourne | Sydney,25,False,,,,,
Agapophytus annamariae,,Insect,1,Adelaide,1,False,,,,,
Agapophytus asprolepidotos,,Insect,1,Perth,1,False,,,,,
Agapophytus aterrimus,Stiletto Fly,Insect,1,Brisbane,2,False,,,,,
Agapophytus atrilaticlavius,,Insect,2,Adelaide | Melbourne,2,False,,,,,
Agapophytus australasiae,Stiletto Fly,Insect,1,Brisbane,1,False,,,,,
Agapophytus bicolor,,Insect,2,Melbourne | Perth,5,False,,,,,
Agapophytus biluteus,,Insect,1,Melbourne,2,False,,,,,
Agapophytus decorus,,Insect,1,Melbourne,1,False,,,,,
Agapophytus dioctriaeformis,Stiletto Fly,Insect,2,Canberra–Queanbeyan | Melbourne,2,False,,,,,
Agapophytus lyneborgi,,Insect,1,Canberra–Queanbeyan,1,False,,,,,
Agapophytus pallidicornis,,Insect,1,Brisbane,14,False,,,,,
Agapophytus quatiens,Stiletto Fly,Insect,2,Hobart | Melbourne,8,False,,,,,
Agapophytus queenslandi,Stiletto Fly,Insect,3,Adelaide | Melbourne | Sydney,9,False,,,,,
Agapornis roseicollis,Rosy-faced Lovebird,Bird,4,Brisbane | Darwin | Melbourne | Sydney,8,False,,,,,
Agarista agricola,Painted Vine Moth,Insect,2,Brisbane | Sydney,218,False,,,,,
Agasicles hygrophila,Alligatorweed Flea Beetle,Insect,2,Brisbane | Sydney,25,False,,,,,
Agathia prasinaspis,,Insect,2,Brisbane | Darwin,3,False,,,,,
Agathodes ostentalis,,Insect,4,Brisbane | Darwin | Perth | Sydney,66,False,,,,,
Ageletha elaeodes,Concealer Moth,Insect,2,Adelaide | Brisbane,11,False,,,,,
Ageletha hemiteles,Concealer Moth,Insect,3,Canberra–Queanbeyan | Melbourne | Sydney,43,False,,,,,
Agenioideus nigricornis,Spider Wasp,Insect,3,Adelaide | Melbourne | Perth,6,False,,,,,
Aglaophon variegatus,Shield Bug,Insect,1,Melbourne,13,False,,,,,
Aglaopus centiginosa,,Insect,1,Canberra–Queanbeyan,17,False,,,,,
Aglaopus pyrrhata,Picture-winged Leaf Moth,Insect,4,Brisbane | Canberra–Queanbeyan | Melbourne | Sydney,38,False,,,,,
Aglaosoma variegata,Moth,Insect,2,Brisbane | Sydney,17,False,,,,,
Aglossa caprealis,,Insect,4,Adelaide | Canberra–Queanbeyan | Melbourne | Sydney,29,False,,,,,
Agnesiotis pilosula,,Insect,2,Melbourne | Sydney,7,False,,,,,
Agonocheila cribripennis,,Insect,1,Canberra–Queanbeyan,3,False,,,,,
Agonocheila curtula,,Insect,2,Adelaide | Melbourne,3,False,,,,,
Agonocheila guttata,,Insect,1,Melbourne,4,False,,,,,
Agonopterix alstroemeriana,,Insect,1,Hobart,4,False,,,,,
Agonoscelis rutila,Horehound Bug,Insect,6,Adelaide | Brisbane | Canberra–Queanbeyan | Hobart | Melbourne | Sydney,362,False,,,,,
Agrianome spinicollis,,Insect,4,Brisbane | Canberra–Queanbeyan | Melbourne | Sydney,185,False,,,,,
Agrilus assimilis,,Insect,1,Hobart,6,False,,,,,
Agrilus australasiae,,Insect,1,Melbourne,3,False,,,,,
Agrilus carterellus,,Insect,1,Melbourne,1,False,,,,,
Agrilus echidna,,Insect,1,Perth,1,False,,,,,
Agrilus hypoleucus,,Insect,5,Adelaide | Brisbane | Canberra–Queanbeyan | Melbourne | Sydney,46,False,,,,,
Agrilus kokaburra,,Insect,2,Adelaide | Melbourne,2,False,,,,,
Agrilus occipitalis,,Insect,1,Brisbane,6,False,,,,,
Agrilus raphelisi,,Insect,1,Brisbane,1,False,,,,,
Agriocnemis pygmaea,Pygmy Wisp,Insect,3,Brisbane | Darwin | Sydney,462,False,,,,,
Agriocnemis rubricauda,Red-rumped Wisp,Insect,1,Brisbane,217,False,,,,,
Agrioglypta excelsalis,,Insect,2,Brisbane | Darwin,76,False,,,,,
Agrioglypta itysalis,,Insect,1,Darwin,8,False,,,,,
Agrioglypta zelimalis,,Insect,2,Brisbane | Darwin,7,False,,,,,
Agriomyia variegata,,Insect,1,Brisbane,1,False,,,,,
Agrionoptera insignis,Red Swampdragon,Insect,2,Brisbane | Darwin,294,False,,,,,
Agriophara atratella,,Insect,1,Sydney,1,False,,,,,
Agriophara cinderella,Concealer Moth,Insect,1,Canberra–Queanbeyan,1,False,,,,,
Agriophara cinerosa,Concealer Moth,Insect,3,Brisbane | Melbourne | Sydney,48,False,,,,,
Agriophara confertella,,Insect,5,Brisbane | Canberra–Queanbeyan | Darwin | Melbourne | Sydney,180,False,,,,,
Agriophara discobola,Concealer Moth,Insect,6,Adelaide | Brisbane | Canberra–Queanbeyan | Melbourne | Perth | Sydney,18,False,,,,,
Agriophara dyscapna,Concealer Moth,Insect,3,Canberra–Queanbeyan | Melbourne | Sydney,13,False,,,,,
Agriophara fascifera,,Insect,2,Brisbane | Canberra–Queanbeyan,14,False,,,,,
Agriophara leptosemela,,Insect,2,Canberra–Queanbeyan | Melbourne,15,False,,,,,
Agriophara levis,,Insect,1,Sydney,1,False,,,,,
Agriophara nodigera,,Insect,1,Canberra–Queanbeyan,5,False,,,,,
Agriophara plagiosema,,Insect,2,Brisbane | Sydney,30,False,,,,,
Agriophara platyscia,,Insect,2,Canberra–Queanbeyan | Sydney,25,False,,,,,
Agriopocoris dollingi,,Insect,1,Perth,1,False,,,,,
Agriopocoris froggatti,Leaf-footed Bug,Insect,5,Adelaide | Brisbane | Hobart | Melbourne | Perth,23,False,,,,,
Agriopocoris porcellus,,Insect,2,Brisbane | Melbourne,7,False,,,,,
Agriotes obscurus,,Insect,1,Sydney,1,False,,,,,
Agrius convolvuli,Convolvulus Hawk Moth,Insect,7,Adelaide | Brisbane | Canberra–Queanbeyan | Darwin | Melbourne | Perth | Sydney,346,False,,,,,
Agrius godarti,Hawk Moth,Insect,3,Brisbane | Canberra–Queanbeyan | Sydney,19,False,,,,,
Agrotera genuflexa,,Insect,1,Brisbane,5,False,,,,,
Agrotis infusa,Bogong Moth,Insect,7,Adelaide | Brisbane | Canberra–Queanbeyan | Hobart | Melbourne | Perth | Sydney,1676,False,,,,,
Agrotis interjectionis,,Insect,1,Darwin,18,False,,,,,
Agrotis ipsilon,Owlet Moth,Insect,6,Adelaide | Brisbane | Canberra–Queanbeyan | Melbourne | Perth | Sydney,155,False,,,,,
Agrotis munda,Brown Cutworm Moth,Insect,8,Adelaide | Brisbane | Canberra–Queanbeyan | Darwin | Hobart | Melbourne | Perth | Sydney,2088,False,,,,,
Agrotis porphyricollis,Owlet Moth,Insect,7,Adelaide | Brisbane | Canberra–Queanbeyan | Hobart | Melbourne | Perth | Sydney,712,False,,,,,
Agrotis radians,Owlet Moth,Insect,1,Canberra–Queanbeyan,3,False,,,,,
Agrypnus variabilis,Sugarcane Wireworm,Insect,1,Melbourne,5,False,,,,,
Aidemosyne modesta,Plum-headed Finch,Bird,1,Brisbane,3,False,,,,,
Ailuroedus crassirostris,Green Catbird,Bird,3,Brisbane | Canberra–Queanbeyan | Sydney,57,False,,,,,
Aiolopus thalassinus,,Insect,7,Adelaide | Brisbane | Canberra–Queanbeyan | Darwin | Melbourne | Perth | Sydney,57,False,,,,,
Aipysurus laevis,Olive Sea Snake,Reptile,1,Sydney,1,False,,,,,
Akymichneumon rufipes,,Insect,1,Canberra–Queanbeyan,3,False,,,,,
Alapadna pauropis,Owlet Moth,Insect,4,Brisbane | Canberra–Queanbeyan | Melbourne | Sydney,101,False,,,,,
Alauda arvensis,Eurasian Skylark,Bird,5,Adelaide | Canberra–Queanbeyan | Hobart | Melbourne | Sydney,6415,False,,,,,
Alcaeus lignicolor,Shield Bug,Insect,3,Adelaide | Melbourne | Perth,10,False,,,,,
Alcaeus varicornis,Acacia Shield Bug,Insect,6,Adelaide | Brisbane | Canberra–Queanbeyan | Melbourne | Perth | Sydney,176,False,,,,,
Alcedo atthis,Common Kingfisher,Bird,1,Sydney,1,False,,,,,
Alectoris chukar,Chukar Partridge,Bird,4,Adelaide | Brisbane | Melbourne | Sydney,11,False,,,,,
Alectura lathami,Australian Brush-turkey,Bird,5,Adelaide | Brisbane | Canberra–Queanbeyan | Melbourne | Sydney,69647,False,,,,,
Aleeta curvicosta,,Insect,4,Brisbane | Canberra–Queanbeyan | Perth | Sydney,1335,False,,,,,
Aleochara bisulcata,,Insect,1,Sydney,1,False,,,,,
Aleochara rufopyga,,Insect,4,Adelaide | Brisbane | Melbourne | Sydney,12,False,,,,,
Aleucosia atherix,Bee Fly,Insect,2,Hobart | Melbourne,6,False,,,,,
Aleucosia calophthalma,Bee Fly,Insect,1,Melbourne,9,False,,,,,
Aleucosia cuneata,,Insect,1,Perth,13,False,,,,,
Aleucosia directa,,Insect,1,Sydney,2,False,,,,,
Aleucosia maculosa,Bee Fly,Insect,1,Perth,5,False,,,,,
Aleurocanthus banksiae,Whitefly,Insect,3,Adelaide | Melbourne | Sydney,10,False,,,,,
Aleurocanthus callistemonus,,Insect,1,Adelaide,4,False,,,,,
Aleurocanthus gullanae,,Insect,1,Perth,1,False,,,,,
Aleurocanthus neofroggatti,,Insect,2,Brisbane | Sydney,2,False,,,,,
Aleurocanthus spiniferus,,Insect,1,Brisbane,1,False,,,,,
Aleuroctarthrus destructor,Coconut Whitefly,Insect,3,Brisbane | Melbourne | Sydney,76,False,,,,,
Aleurodicus dispersus,Spiralling Whitefly,Insect,2,Brisbane | Darwin,2,False,,,,,
Aleyrodes proletella,Whitefly,Insect,6,Adelaide | Brisbane | Hobart | Melbourne | Perth | Sydney,33,False,,,,,
Alisterus scapularis,Australian King-parrot,Bird,5,Adelaide | Brisbane | Canberra–Queanbeyan | Melbourne | Sydney,86955,False,,,,,
Allobaccha monobia,,Insect,1,Brisbane,3,False,,,,,
Allobaccha siphanticida,,Insect,1,Brisbane,5,False,,,,,
Allodessus bistrigatus,Diving Beetle,Insect,1,Canberra–Queanbeyan,3,False,,,,,
Alloxysta victrix,,Insect,1,Melbourne,1,False,,,,,
Alocebes dixoni,Treehopper,Insect,1,Melbourne,3,False,,,,,
Alophosoma emmelopis,,Insect,3,Brisbane | Melbourne | Sydney,18,False,,,,,
Alosextius carinatus,,Insect,1,Brisbane,9,False,,,,,
Alotartessus iambe,Leafhopper,Insect,1,Brisbane,7,False,,,,,
Alphitobius diaperinus,Lesser Mealworm,Insect,2,Brisbane | Melbourne,2,False,,,,,
Alphitopis nivea,,Insect,1,Perth,1,False,,,,,
Altica aenea,,Insect,2,Brisbane | Darwin,4,False,,,,,
Altica corrusca,,Insect,3,Canberra–Queanbeyan | Hobart | Melbourne,84,False,,,,,
Altica gravida,,Insect,1,Melbourne,1,False,,,,,
Alucita acascaea,,Insect,1,Brisbane,1,False,,,,,
Alucita agapeta,,Insect,1,Darwin,1,False,,,,,
Alucita phricodes,Many-plumed Moth,Insect,4,Brisbane | Canberra–Queanbeyan | Melbourne | Sydney,165,False,,,,,
Alucita pygmaea,Plume Moth,Insect,1,Brisbane,19,False,,,,,
Alysia manducator,,Insect,1,Melbourne,1,False,,,,,
Alyxiaphagus picturatus,,Insect,1,Perth,2,False,,,,,
Amalosia jacovae,Clouded Gecko,Reptile,1,Brisbane,4,False,,,,,
Amalosia lesueurii,Lesueur's Velvet Gecko,Reptile,1,Sydney,78,False,,,,,
Amalosia rhombifer,Zigzag Velvet Gecko,Reptile,1,Darwin,15,False,,,,,
Amalosia robusta,Robust Velvet Gecko,Reptile,2,Brisbane | Sydney,121,False,,,,,
Amandalotus cordipennis,,Insect,1,Melbourne,1,False,,,,,
Amarusa australis,,Insect,1,Brisbane,21,False,,,,,
Amarygmus aeger,,Insect,4,Adelaide | Brisbane | Melbourne | Sydney,18,False,,,,,
Amarygmus convexus,,Insect,1,Brisbane,1,False,,,,,
Amarygmus kershawi,,Insect,1,Melbourne,1,False,,,,,
Amarygmus minutus,,Insect,1,Melbourne,2,False,,,,,
Amarygmus picicornis,,Insect,2,Brisbane | Melbourne,34,False,,,,,
Amarygmus sulcatus,,Insect,1,Darwin,7,False,,,,,
Amarygmus variolaris,,Insect,2,Brisbane | Sydney,2,False,,,,,
Amarygmus watti,,Insect,1,Sydney,8,False,,,,,
Amasa truncata,,Insect,4,Adelaide | Canberra–Queanbeyan | Hobart | Melbourne,5,False,,,,,
Amata annulata,Moth,Insect,2,Brisbane | Sydney,4,False,,,,,
Amata antitheta,,Insect,1,Brisbane,2,False,,,,,
Amata aperta,Moth,Insect,3,Brisbane | Canberra–Queanbeyan | Sydney,210,False,,,,,
Amata chromatica,,Insect,1,Sydney,1,False,,,,,
Amata huebneri,,Insect,1,Darwin,7,False,,,,,
Amata humeralis,,Insect,2,Brisbane | Sydney,6,False,,,,,
Amata nigriceps,,Insect,4,Brisbane | Canberra–Queanbeyan | Melbourne | Sydney,281,False,,,,,
Amata trigonophora,,Insect,3,Brisbane | Canberra–Queanbeyan | Sydney,39,False,,,,,
Amata xanthura,Moth,Insect,1,Sydney,1,False,,,,,
Amaurornis cinerea,White-browed Crake,Bird,1,Darwin,6,False,,,,,
Amaurornis moluccana,Pale-vented Bush-hen,Bird,3,Brisbane | Darwin | Sydney,2572,False,,,,,
Ambeodontus pilosus,,Insect,1,Hobart,2,False,,,,,
Amblyaclastus melanops,,Insect,2,Hobart | Melbourne,2,False,,,,,
Amblychia subrubida,,Insect,1,Brisbane,1,False,,,,,
Amblyopone australis,Ant,Insect,5,Adelaide | Canberra–Queanbeyan | Hobart | Melbourne | Sydney,65,False,,,,,
Amblyopone ferruginea,Ant,Insect,1,Melbourne,28,False,,,,,
Amblyopone hackeri,,Insect,1,Sydney,2,False,,,,,
Amblyopone longidens,Ant,Insect,1,Melbourne,3,False,,,,,
Amblypelta lutescens,Fruit Spotting Bug - Adult,Insect,2,Brisbane | Darwin,67,False,,,,,
Amblypelta nitida,Fruitspotting Bug,Insect,4,Brisbane | Canberra–Queanbeyan | Melbourne | Sydney,258,False,,,,,
Amblypsilopus bereni,,Insect,1,Brisbane,1,False,,,,,
Amblypsilopus commoni,,Insect,1,Darwin,2,False,,,,,
Amblypsilopus triscuticatus,Long-legged Fly,Insect,5,Adelaide | Canberra–Queanbeyan | Melbourne | Perth | Sydney,17,False,,,,,
Amblypsilopus zonatus,,Insect,3,Brisbane | Perth | Sydney,24,False,,,,,
Amblytelus brevis,,Insect,1,Hobart,1,False,,,,,
Amblytelus curtus,,Insect,2,Adelaide | Hobart,7,False,,,,,
Amblyterus cicatricosus,,Insect,1,Sydney,1,False,,,,,
Amegilla aeruginosa,,Insect,1,Darwin,4,False,,,,,
Amegilla albiceps,Bee,Insect,1,Adelaide,8,False,,,,,
Amegilla asserta,Blue-banded Bee,Insect,5,Adelaide | Brisbane | Canberra–Queanbeyan | Melbourne | Sydney,365,False,,,,,
Amegilla bombiformis,Bee,Insect,2,Brisbane | Sydney,353,False,,,,,
Amegilla chlorocyanea,Blue Banded Bee,Insect,6,Adelaide | Brisbane | Canberra–Queanbeyan | Melbourne | Perth | Sydney,364,False,,,,,
Amegilla cingulata,Blue-banded Bee,Insect,4,Brisbane | Melbourne | Perth | Sydney,473,False,,,,,
Amegilla flava,,Insect,1,Adelaide,2,False,,,,,
Amegilla murrayensis,Bee,Insect,2,Adelaide | Melbourne,8,False,,,,,
Amegilla preissi,,Insect,1,Perth,8,False,,,,,
Amegilla pulchra,Bee,Insect,2,Brisbane | Sydney,36,False,,,,,
Amegilla rhodoscymna,,Insect,1,Brisbane,5,False,,,,,
Amegilla walkeri,,Insect,1,Darwin,18,False,,,,,
Amelora anepiscepta,Geometer Moth,Insect,1,Canberra–Queanbeyan,7,False,,,,,
Amelora belemnophora,Geometer Moth,Insect,1,Perth,1,False,,,,,
Amelora demistis,Geometer Moth,Insect,2,Adelaide | Sydney,7,False,,,,,
Amelora goniota,Geometer Moth,Insect,1,Adelaide,1,False,,,,,
Amelora leucaniata,Geometer Moth,Insect,1,Melbourne,1,False,,,,,
Amelora mesocapna,Geometer Moth,Insect,2,Adelaide | Melbourne,3,False,,,,,
Amelora oenobreches,,Insect,1,Adelaide,1,False,,,,,
Amelora oncerodes,Geometer Moth,Insect,1,Canberra–Queanbeyan,1,False,,,,,
Amelora oritropha,Geometer Moth,Insect,1,Canberra–Queanbeyan,1,False,,,,,
Amelora sparsularia,Geometer Moth,Insect,2,Canberra–Queanbeyan | Hobart,2,False,,,,,
Amelora synclera,Geometer Moth,Insect,1,Sydney,1,False,,,,,
Amelora zophopasta,Geometer Moth,Insect,3,Hobart | Melbourne | Sydney,7,False,,,,,
Amenia albomaculata,Blow Fly,Insect,1,Sydney,1,False,,,,,
Amenia chrysame,Blow Fly,Insect,3,Brisbane | Canberra–Queanbeyan | Sydney,16,False,,,,,
Amenia imperialis,Blow Fly,Insect,2,Brisbane | Sydney,44,False,,,,,
Amenia leonina,,Insect,3,Canberra–Queanbeyan | Darwin | Sydney,6,False,,,,,
Amenia nigromaculata,,Insect,1,Perth,2,False,,,,,
Amenia sexpunctata,,Insect,1,Darwin,3,False,,,,,
Amerila alberti,,Insect,1,Brisbane,1,False,,,,,
Amerila crokeri,,Insect,1,Brisbane,18,False,,,,,
Amerila rubripes,,Insect,2,Brisbane | Darwin,12,False,,,,,
Amerila serica,,Insect,1,Brisbane,1,False,,,,,
Ametastegia glabrata,Dock Sawfly,Insect,1,Melbourne,3,False,,,,,
Amitermes meridionalis,"Magnetic Termite, Compass Termite",Insect,1,Darwin,1,False,,,,,
Amitermes perarmatus,,Insect,1,Perth,1,False,,,,,
Amlearcha depressa,,Insect,1,Melbourne,1,False,,,,,
Ammatomus icarioides,,Insect,1,Brisbane,4,False,,,,,
Amorbus alternatus,Leaf-footed Bug,Insect,6,Adelaide | Brisbane | Canberra–Queanbeyan | Melbourne | Perth | Sydney,399,False,,,,,
Amorbus atomarius,,Insect,5,Brisbane | Canberra–Queanbeyan | Melbourne | Perth | Sydney,571,False,,,,,
Amorbus bispinus,,Insect,1,Perth,5,False,,,,,
Amorbus obscuricornis,Leaf-footed Bug,Insect,5,Adelaide | Canberra–Queanbeyan | Hobart | Melbourne | Sydney,74,False,,,,,
Amorbus rhombifer,Leaf-footed Bug,Insect,3,Brisbane | Canberra–Queanbeyan | Sydney,35,False,,,,,
Amorbus robustus,Common Gum-tree Bug,Insect,5,Adelaide | Brisbane | Canberra–Queanbeyan | Melbourne | Sydney,185,False,,,,,
Amorbus rubiginosus,Leaf-footed Bug,Insect,6,Adelaide | Brisbane | Canberra–Queanbeyan | Melbourne | Perth | Sydney,127,False,,,,,
Amphibolia assimilis,Horse Fly,Insect,2,Hobart | Melbourne,2,False,,,,,
Amphibolia ignorata,Horse Fly,Insect,3,Adelaide | Canberra–Queanbeyan | Melbourne,22,False,,,,,
Amphibolia vidua,Horse Fly,Insect,4,Adelaide | Canberra–Queanbeyan | Hobart | Melbourne,5,False,,,,,
Amphibolurus muricatus,Jacky Lizard,Reptile,4,Brisbane | Canberra–Queanbeyan | Melbourne | Sydney,861,False,,,,,
Amphiclasta lygaea,Geometer Moth,Insect,4,Canberra–Queanbeyan | Melbourne | Perth | Sydney,12,False,,,,,
Amphineurus maculosus,Crane Fly,Insect,1,Sydney,1,False,,,,,
Amphineurus umbraticus,Crane Fly,Insect,1,Sydney,1,False,,,,,
Amphiongia chordophoides,,Insect,2,Brisbane | Sydney,47,False,,,,,
Amphirhoe decora,,Insect,3,Canberra–Queanbeyan | Hobart | Melbourne,3,False,,,,,
Amphirhoe sloanei,,Insect,4,Brisbane | Canberra–Queanbeyan | Melbourne | Sydney,47,False,,,,,
Amphithera heteroleuca,,Insect,1,Brisbane,1,False,,,,,
Amphitropesa elegans,Horse Fly,Insect,1,Melbourne,3,False,,,,,
Amphylaeus morosus,Plasterer Bee,Insect,3,Brisbane | Melbourne | Sydney,13,False,,,,,
Amphylaeus nubilosellus,Plasterer Bee,Insect,2,Brisbane | Canberra–Queanbeyan,3,False,,,,,
Amphylaeus obscuriceps,Plasterer Bee,Insect,4,Brisbane | Canberra–Queanbeyan | Melbourne | Sydney,54,False,,,,,
Amycterus abnormis,,Insect,1,Canberra–Queanbeyan,4,False,,,,,
Amycterus elongatus,,Insect,1,Canberra–Queanbeyan,1,False,,,,,
Amycterus exasperatus,,Insect,1,Melbourne,5,False,,,,,
Amyna apicipuncta,,Insect,1,Brisbane,1,False,,,,,
Amyna axis,,Insect,2,Brisbane | Darwin,12,False,,,,,
Amyna natalis,Owlet Moth,Insect,3,Brisbane | Canberra–Queanbeyan | Sydney,108,False,,,,,
Amyotea hamata,,Insect,1,Brisbane,47,False,,,,,
Anabarhynchus annulatus,,Insect,1,Perth,1,False,,,,,
Anabarhynchus apertus,,Insect,2,Melbourne | Sydney,11,False,,,,,
Anabarhynchus argenteus,,Insect,1,Brisbane,1,False,,,,,
Anabarhynchus helvenacus,Stiletto Fly,Insect,2,Hobart | Melbourne,6,False,,,,,
Anabarhynchus maritimus,Stiletto Fly,Insect,1,Adelaide,2,False,,,,,
Anabarhynchus misellus,,Insect,1,Melbourne,1,False,,,,,
Anabarhynchus niveus,Stiletto Fly,Insect,3,Canberra–Queanbeyan | Melbourne | Sydney,3,False,,,,,
Anabarhynchus planifrons,Stiletto Fly,Insect,1,Hobart,1,False,,,,,
Anabarhynchus plumbeoides,Stiletto Fly,Insect,5,Adelaide | Canberra–Queanbeyan | Hobart | Melbourne | Sydney,16,False,,,,,
Anabarhynchus plumbeus,Stiletto Fly,Insect,2,Canberra–Queanbeyan | Melbourne,4,False,,,,,
Anabarhynchus spinosus,,Insect,1,Perth,2,False,,,,,
Anabarhynchus umbratilis,,Insect,1,Hobart,1,False,,,,,
Anabunda retortinervis,,Insect,3,Brisbane | Canberra–Queanbeyan | Sydney,18,False,,,,,
Anacanthella angustifrons,,Insect,3,Adelaide | Brisbane | Melbourne,3,False,,,,,
Anacharis zealandica,,Insect,3,Adelaide | Melbourne | Sydney,14,False,,,,,
Anachloris subochraria,Geometer Moth,Insect,6,Adelaide | Canberra–Queanbeyan | Hobart | Melbourne | Perth | Sydney,288,False,,,,,
Anachloris tofocolorata,Geometer Moth,Insect,1,Perth,7,False,,,,,
Anachloris uncinata,Geometer Moth,Insect,6,Adelaide | Canberra–Queanbeyan | Hobart | Melbourne | Perth | Sydney,117,False,,,,,
Anaciaeschna jaspidea,Australasian Duskhawker,Insect,2,Brisbane | Darwin,44,False,,,,,
Anacornutipo lignosa,Leafhopper,Insect,2,Adelaide | Sydney,2,False,,,,,
Anadevidia peponis,,Insect,2,Brisbane | Sydney,6,False,,,,,
Analyta sigulalis,,Insect,1,Brisbane,1,False,,,,,
Analytarcha colleta,,Insect,1,Brisbane,2,False,,,,,
Anamesia angusta,,Insect,1,Perth,6,False,,,,,
Anamesia lambii,,Insect,1,Sydney,5,False,,,,,
Anaphothrips carlylei,,Insect,3,Canberra–Queanbeyan | Melbourne | Sydney,17,False,,,,,
Anaptilora homoclera,,Insect,1,Sydney,1,False,,,,,
Anarciarthrum viride,,Insect,1,Hobart,1,False,,,,,
Anarsia dryinopa,,Insect,3,Brisbane | Canberra–Queanbeyan | Perth,6,False,,,,,
Anarsia epiula,,Insect,2,Brisbane | Sydney,86,False,,,,,
Anarsia hippocoma,,Insect,2,Brisbane | Melbourne,3,False,,,,,
Anarsia molybdota,,Insect,6,Adelaide | Brisbane | Canberra–Queanbeyan | Melbourne | Perth | Sydney,41,False,,,,,
Anas acuta,Northern Pintail,Bird,1,Sydney,1,False,,,,,
Anas castanea,Chestnut Teal,Bird,7,Adelaide | Brisbane | Canberra–Queanbeyan | Hobart | Melbourne | Perth | Sydney,117391,False,,,,,
Anas gracilis,Grey Teal,Bird,8,Adelaide | Brisbane | Canberra–Queanbeyan | Darwin | Hobart | Melbourne | Perth | Sydney,116274,False,,,,,
Anas platyrhynchos,Common Mallard,Bird,8,Adelaide | Brisbane | Canberra–Queanbeyan | Darwin | Hobart | Melbourne | Perth | Sydney,20758,False,,,,,
Anas superciliosa,Pacific Black Duck,Bird,8,Adelaide | Brisbane | Canberra–Queanbeyan | Darwin | Hobart | Melbourne | Perth | Sydney,299137,False,,,,,
Anas superciliosa X platyrhynchos,Mallard Cross,Bird,7,Adelaide | Brisbane | Canberra–Queanbeyan | Hobart | Melbourne | Perth | Sydney,1908,False,,,,,
Anax gibbosulus,Green Emperor,Insect,2,Brisbane | Darwin,50,False,,,,,
Anax guttatus,Lesser Green Emperor,Insect,1,Darwin,3,False,,,,,
Anax papuensis,Australian Emperor,Insect,8,Adelaide | Brisbane | Canberra–Queanbeyan | Darwin | Hobart | Melbourne | Perth | Sydney,1491,False,,,,,
Anaxarchus pardalinus,,Insect,1,Brisbane,10,False,,,,,
Anaxidia lozogramma,,Insect,2,Brisbane | Sydney,89,False,,,,,
Anaxilaus oliva,Shield Bug,Insect,2,Adelaide | Melbourne,14,False,,,,,
Anaxilaus vesiculosus,Shield Bug,Insect,4,Adelaide | Brisbane | Melbourne | Perth,46,False,,,,,
Anchiale austrotessulata,Tessellated Stick-insect,Insect,2,Brisbane | Sydney,774,False,,,,,
Anchiale spinicollis,Spiny Anchiale Stick-insect,Insect,2,Brisbane | Darwin,2,False,,,,,
Anchises parvulus,,Insect,1,Brisbane,212,False,,,,,
Ancistrotilla fabricii,,Insect,1,Brisbane,1,False,,,,,
Ancita antennata,,Insect,3,Adelaide | Melbourne | Perth,9,False,,,,,
Ancita australis,,Insect,1,Canberra–Queanbeyan,7,False,,,,,
Ancita basicristata,,Insect,1,Sydney,1,False,,,,,
Ancita crocogaster,,Insect,5,Brisbane | Canberra–Queanbeyan | Hobart | Melbourne | Sydney,16,False,,,,,
Ancita lineola,,Insect,1,Perth,1,False,,,,,
Ancita marginicollis,,Insect,7,Adelaide | Brisbane | Canberra–Queanbeyan | Hobart | Melbourne | Perth | Sydney,35,False,,,,,
Ancita varicornis,,Insect,2,Brisbane | Melbourne,7,False,,,,,
Ancylis artifica,,Insect,1,Brisbane,4,False,,,,,
Ancylis biscissana,,Insect,1,Melbourne,1,False,,,,,
Ancylis segetana,,Insect,1,Melbourne,1,False,,,,,
Ancylis volutana,,Insect,1,Melbourne,2,False,,,,,
Ancylotropis waterhousei,,Insect,2,Brisbane | Sydney,4,False,,,,,
Ancyttalia acaciae,,Insect,1,Perth,1,False,,,,,
Ancyttalia erichsoni,,Insect,1,Adelaide,1,False,,,,,
Ancyttalia tarsalis,,Insect,1,Melbourne,2,False,,,,,
Andrenosoma tectamum,,Insect,1,Brisbane,2,False,,,,,
Andriscus cinctus,Shield Bug,Insect,1,Melbourne,1,False,,,,,
Andriscus telifer,,Insect,1,Brisbane,2,False,,,,,
Androchela milvaria,Geometer Moth,Insect,2,Adelaide | Perth,12,False,,,,,
Aneipo ceres,,Insect,1,Brisbane,2,False,,,,,
Anemosa exanthes,Grass Moth,Insect,2,Melbourne | Sydney,25,False,,,,,
Anemosa isadasalis,,Insect,1,Brisbane,4,False,,,,,
Aneono australensis,Leafhopper,Insect,1,Perth,2,False,,,,,
Aneono darwinensis,Leafhopper,Insect,1,Brisbane,1,False,,,,,
Anepischetosia maccoyi,Highlands Forest-skink,Reptile,1,Melbourne,210,False,,,,,
Anestia ombrophanes,Moth,Insect,5,Adelaide | Canberra–Queanbeyan | Melbourne | Perth | Sydney,1215,False,,,,,
Anestia semiochrea,Moth,Insect,6,Adelaide | Brisbane | Canberra–Queanbeyan | Melbourne | Perth | Sydney,141,False,,,,,
Anhinga novaehollandiae,Australasian Darter,Bird,7,Adelaide | Brisbane | Canberra–Queanbeyan | Darwin | Melbourne | Perth | Sydney,100506,False,,,,,
Anilara angusta,,Insect,1,Canberra–Queanbeyan,5,False,,,,,
Anilara obscura,,Insect,1,Adelaide,1,False,,,,,
Anilara subcostata,,Insect,1,Adelaide,1,False,,,,,
Anilicus xanthomus,,Insect,4,Canberra–Queanbeyan | Melbourne | Perth | Sydney,16,False,,,,,
Anilios affinis,Small-headed Blind Snake,Reptile,1,Sydney,2,False,,,,,
Anilios australis,Southern Blind Snake,Reptile,1,Perth,14,False,,,,,
Anilios bicolor,Dark-spined Blind Snake,Reptile,1,Sydney,4,False,,,,,
Anilios bituberculatus,Prong-snouted Blind Snake,Reptile,1,Brisbane,1,False,,,,,
Anilios ligatus,Robust Blind Snake,Reptile,2,Brisbane | Sydney,2,False,,,,,
Anilios nigrescens,Blackish Blind Snake,Reptile,3,Brisbane | Canberra–Queanbeyan | Sydney,118,False,,,,,
Anilios proximus,Proximus Blind Snake,Reptile,1,Sydney,3,False,,,,,
Anilios unguirostris,Claw-snouted Blind Snake,Reptile,2,Darwin | Sydney,2,False,,,,,
Anilios waitii,Beaked Blind Snake,Reptile,1,Perth,2,False,,,,,
Anischys lundbecki,Shield Bug,Insect,1,Hobart,5,False,,,,,
Anischys luteovarius,Shield Bug,Insect,5,Adelaide | Canberra–Queanbeyan | Hobart | Melbourne | Sydney,37,False,,,,,
Anisocentropus banghaasi,Caddisfly,Insect,1,Darwin,4,False,,,,,
Anisocentropus bicoloratus,Caddisfly,Insect,4,Brisbane | Canberra–Queanbeyan | Melbourne | Sydney,34,False,,,,,
Anisocentropus latifascia,Caddisfly,Insect,1,Brisbane,26,False,,,,,
Anisogona mediana,,Insect,1,Melbourne,4,False,,,,,
Anisogona notoplaga,,Insect,2,Canberra–Queanbeyan | Melbourne,3,False,,,,,
Anisogona simana,,Insect,2,Brisbane | Sydney,56,False,,,,,
Anisogona similana,,Insect,4,Adelaide | Canberra–Queanbeyan | Melbourne | Sydney,163,False,,,,,
Anisogona thysanoma,,Insect,1,Canberra–Queanbeyan,2,False,,,,,
Anisolabis flavocapitata,,Insect,1,Perth,1,False,,,,,
Anisolabis maritima,"Maritime Earwig, Seaside Earwig",Insect,2,Melbourne | Sydney,5,False,,,,,
Anisops stali,Backswimmer,Insect,1,Sydney,1,False,,,,,
Anisynta cynone,Cynone Skipper,Insect,1,Adelaide,21,False,,,,,
Anisynta sphenosema,Wedge Grass-skipper,Insect,1,Perth,23,False,,,,,
Ankleineella sulcicollis,,Insect,1,Adelaide,3,False,,,,,
Ankylopteryx pallida,,Insect,1,Brisbane,1,False,,,,,
Anobium punctatum,Common Furniture Beetle,Insect,2,Adelaide | Melbourne,4,False,,,,,
Anochetus graeffei,,Insect,1,Brisbane,17,False,,,,,
Anomalomorpha anthracina,,Insect,1,Canberra–Queanbeyan,5,False,,,,,
Anomalomydas mackerrasi,,Insect,1,Perth,4,False,,,,,
Anomalopus leuckartii,Two-clawed Worm-skink,Reptile,1,Darwin,1,False,,,,,
Anomalopus verreauxii,Three-clawed Worm-skink,Reptile,1,Brisbane,140,False,,,,,
Anomis combinans,,Insect,1,Brisbane,1,False,,,,,
Anomis flava,,Insect,5,Brisbane | Canberra–Queanbeyan | Darwin | Perth | Sydney,149,False,,,,,
Anomis involuta,Moth,Insect,3,Brisbane | Perth | Sydney,49,False,,,,,
Anomis lyona,,Insect,4,Brisbane | Darwin | Perth | Sydney,59,False,,,,,
Anomis nigritarsis,,Insect,1,Darwin,1,False,,,,,
Anomotarus crudelis,,Insect,4,Adelaide | Canberra–Queanbeyan | Melbourne | Perth,20,False,,,,,
Anomotarus illawarrae,,Insect,1,Hobart,2,False,,,,,
Anomozancla scopariella,Concealer Moth,Insect,3,Canberra–Queanbeyan | Melbourne | Sydney,11,False,,,,,
Anonychomyrma biconvexa,Ant,Insect,2,Hobart | Melbourne,9,False,,,,,
Anonychomyrma fornicata,Ant,Insect,2,Perth | Sydney,11,False,,,,,
Anonychomyrma froggatti,,Insect,1,Melbourne,1,False,,,,,
Anonychomyrma itinerans,Ant,Insect,3,Melbourne | Perth | Sydney,30,False,,,,,
Anonychomyrma nitidiceps,Ant,Insect,1,Brisbane,2,False,,,,,
Anophelepis telesphorus,Short-winged Stick-insect,Insect,1,Perth,7,False,,,,,
Anopheles annulipes,Spear Mosquito,Insect,6,Adelaide | Brisbane | Darwin | Melbourne | Perth | Sydney,45,False,,,,,
Anopheles bancroftii,,Insect,2,Brisbane | Darwin,6,False,,,,,
Anopheles farauti,,Insect,1,Darwin,3,False,,,,,
Anopheles hilli,,Insect,1,Darwin,2,False,,,,,
Anopheles meraukensis,Mosquito,Insect,1,Darwin,1,False,,,,,
Anopheles novaguinensis,,Insect,1,Darwin,1,False,,,,,
Anoplognathus abnormis,,Insect,1,Brisbane,1,False,,,,,
Anoplognathus boisduvalii,,Insect,2,Brisbane | Sydney,57,False,,,,,
Anoplognathus brunnipennis,,Insect,3,Canberra–Queanbeyan | Melbourne | Sydney,231,False,,,,,
Anoplognathus chloropyrus,,Insect,2,Canberra–Queanbeyan | Sydney,4,False,,,,,
Anoplognathus concolor,,Insect,2,Brisbane | Sydney,138,False,,,,,
Anoplognathus flavipennis,,Insect,2,Brisbane | Sydney,40,False,,,,,
Anoplognathus hirsutus,,Insect,1,Canberra–Queanbeyan,30,False,,,,,
Anoplognathus montanus,,Insect,4,Adelaide | Brisbane | Canberra–Queanbeyan | Melbourne,338,False,,,,,
Anoplognathus olivieri,Christmas Beetle,Insect,4,Brisbane | Canberra–Queanbeyan | Melbourne | Sydney,623,False,,,,,
Anoplognathus pallidicollis,Christmas Beetle,Insect,4,Brisbane | Canberra–Queanbeyan | Melbourne | Sydney,175,False,,,,,
Anoplognathus porosus,,Insect,4,Brisbane | Canberra–Queanbeyan | Melbourne | Sydney,740,False,,,,,
Anoplognathus prasinus,,Insect,1,Sydney,2,False,,,,,
Anoplognathus rugosus,,Insect,1,Sydney,3,False,,,,,
Anoplognathus suturalis,,Insect,4,Canberra–Queanbeyan | Hobart | Melbourne | Sydney,20,False,,,,,
Anoplognathus velutinus,,Insect,5,Adelaide | Brisbane | Canberra–Queanbeyan | Melbourne | Sydney,129,False,,,,,
Anoplognathus viridiaeneus,King Christmas Beetle,Insect,2,Brisbane | Sydney,15,False,,,,,
Anoplognathus viriditarsis,,Insect,2,Melbourne | Sydney,271,False,,,,,
Anoplolepis gracilipes,Yellow Crazy Ant,Insect,1,Brisbane,32,False,,,,,
Anoplostethus roseus,,Insect,1,Perth,12,False,,,,,
Anorthorhinus pictipes,,Insect,1,Canberra–Queanbeyan,1,False,,,,,
Anostostoma australasiae,,Insect,2,Brisbane | Sydney,3,False,,,,,
Anostostoma erinaceus,,Insect,1,Sydney,4,False,,,,,
Anotylus brunneipennis,,Insect,1,Melbourne,2,False,,,,,
Anous albivitta,Tasman Grey Noddy,Bird,2,Brisbane | Sydney,74,False,,,,,
Anous minutus,Black Noddy,Bird,3,Brisbane | Darwin | Sydney,166,False,,,,,
Anous stolidus,Common Noddy,Bird,3,Brisbane | Darwin | Sydney,140,False,,,,,
Anous tenuirostris,Lesser Noddy,Bird,1,Perth,37,False,,,,,
Anser anser,Domestic (greylag) Goose,Bird,7,Adelaide | Brisbane | Canberra–Queanbeyan | Hobart | Melbourne | Perth | Sydney,2033,False,,,,,
Anseranas semipalmata,Magpie Goose,Bird,5,Brisbane | Canberra–Queanbeyan | Darwin | Melbourne | Sydney,15650,False,,,,,
Antaresia childreni,Children's Python,Reptile,2,Darwin | Sydney,35,False,,,,,
Antaresia maculosa,Spotted Python,Reptile,3,Brisbane | Canberra–Queanbeyan | Sydney,18,False,,,,,
Antargidium dentivalve,,Insect,1,Brisbane,2,False,,,,,
Antargidium nigrum,,Insect,1,Perth,7,False,,,,,
Antasia flavicapitata,Geometer Moth,Insect,2,Hobart | Melbourne,7,False,,,,,
Antechinus agilis,Agile Antechinus,Mammal,3,Canberra–Queanbeyan | Melbourne | Sydney,104,False,,,,,
Antechinus flavipes,Yellow-footed Antechinus,Mammal,6,Adelaide | Brisbane | Canberra–Queanbeyan | Melbourne | Perth | Sydney,35,False,,,,,
Antechinus mimetes,Mainland Dusky Antechinus,Mammal,2,Melbourne | Sydney,95,False,,,,,
Antechinus minimus,Swamp Antechinus,Mammal,1,Melbourne,2,False,,,,,
Antechinus stuartii,Brown Antechinus,Mammal,3,Brisbane | Melbourne | Sydney,3598,False,,,,,
Antechinus swainsonii,Dusky Antechinus,Mammal,1,Melbourne,3,False,,,,,
Anterhynchium nigrocinctum,,Insect,5,Adelaide | Brisbane | Canberra–Queanbeyan | Melbourne | Perth,20,False,,,,,
Anterhynchium tamarinum,,Insect,1,Sydney,2,False,,,,,
Anterhynchium tasmaniense,,Insect,1,Adelaide,1,False,,,,,
Antestiopsis cederwaldi,,Insect,1,Brisbane,5,False,,,,,
Antestiopsis notia,,Insect,1,Darwin,2,False,,,,,
Anthela achromata,,Insect,1,Darwin,1,False,,,,,
Anthela acuta,Lappet Moth,Insect,6,Adelaide | Brisbane | Canberra–Queanbeyan | Hobart | Melbourne | Sydney,621,False,,,,,
Anthela addita,Lappet Moth,Insect,2,Hobart | Melbourne,6,False,,,,,
Anthela astata,,Insect,1,Brisbane,7,False,,,,,
Anthela basigera,Western Toothed Anthelid,Insect,2,Adelaide | Sydney,16,False,,,,,
Anthela canescens,Lappet Moth,Insect,4,Adelaide | Brisbane | Perth | Sydney,20,False,,,,,
Anthela connexa,Lappet Moth,Insect,2,Hobart | Melbourne,2,False,,,,,
Anthela decolor,,Insect,1,Perth,1,False,,,,,
Anthela deficiens,,Insect,2,Brisbane | Sydney,4,False,,,,,
Anthela denticulata,Lappet Moth,Insect,2,Adelaide | Melbourne,12,False,,,,,
Anthela euryphrica,,Insect,1,Melbourne,1,False,,,,,
Anthela excellens,Grey-headed Anthelid,Insect,2,Brisbane | Sydney,11,False,,,,,
Anthela ferruginosa,Lappet Moth,Insect,4,Canberra–Queanbeyan | Hobart | Melbourne | Sydney,30,False,,,,,
Anthela inornata,,Insect,1,Perth,27,False,,,,,
Anthela limonea,,Insect,1,Adelaide,1,False,,,,,
Anthela nicothoe,Urticating Anthelid Moth,Insect,4,Canberra–Queanbeyan | Hobart | Melbourne | Sydney,88,False,,,,,
Anthela ocellata,Lappet Moth,Insect,6,Adelaide | Brisbane | Canberra–Queanbeyan | Hobart | Melbourne | Sydney,145,False,,,,,
Anthela postica,,Insect,1,Sydney,1,False,,,,,
Anthela repleta,Lappet Moth,Insect,5,Brisbane | Canberra–Queanbeyan | Hobart | Melbourne | Sydney,64,False,,,,,
Anthela rubeola,Lappet Moth,Insect,1,Adelaide,5,False,,,,,
Anthela varia,Lappet Moth,Insect,6,Adelaide | Brisbane | Canberra–Queanbeyan | Melbourne | Perth | Sydney,211,False,,,,,
Anthene lycaenoides,Pale Ciliated-blue,Insect,2,Brisbane | Darwin,35,False,,,,,
Anthene seltuttus,Dark Ciliated-blue,Insect,1,Darwin,18,False,,,,,
Anthidium manicatum,European Wool Carder Bee,Insect,1,Melbourne,7,False,,,,,
Anthochaera carunculata,Red Wattlebird,Bird,6,Adelaide | Brisbane | Canberra–Queanbeyan | Melbourne | Perth | Sydney,306046,False,,,,,
Anthochaera chrysoptera,Little Wattlebird,Bird,7,Adelaide | Brisbane | Canberra–Queanbeyan | Hobart | Melbourne | Perth | Sydney,86667,False,,,,,
Anthochaera lunulata,Western Wattlebird,Bird,1,Perth,5013,False,,,,,
Anthochaera paradoxa,Yellow Wattlebird,Bird,2,Hobart | Sydney,8734,False,,,,,
Anthochaera phrygia,Regent Honeyeater,Bird,4,Brisbane | Canberra–Queanbeyan | Melbourne | Sydney,366,True,Critically Endangered,Anthochaera phrygia,Anthochaera phrygia,Regent Honeyeater,2015-07-08
Anthomyia medialis,,Insect,2,Brisbane | Sydney,193,False,,,,,
Anthomyia pluvialis,Bean Fly,Insect,3,Brisbane | Melbourne | Sydney,19,False,,,,,
Anthomyia punctipennis,Fly,Insect,7,Adelaide | Brisbane | Canberra–Queanbeyan | Hobart | Melbourne | Perth | Sydney,362,False,,,,,
Anthomyia silvestris,,Insect,2,Adelaide | Brisbane,69,False,,,,,
Anthomyia vicarians,,Insect,5,Adelaide | Brisbane | Canberra–Queanbeyan | Melbourne | Sydney,84,False,,,,,
Anthophiloptera dryas,,Insect,1,Sydney,18,False,,,,,
Anthrax confluensis,Bee Fly,Insect,5,Adelaide | Brisbane | Melbourne | Perth | Sydney,73,False,,,,,
Anthrax crenatus,Bee Fly,Insect,1,Perth,4,False,,,,,
Anthrax dolabratus,Bee Fly,Insect,4,Brisbane | Canberra–Queanbeyan | Melbourne | Sydney,54,False,,,,,
Anthrax incomptus,Bee Fly,Insect,6,Adelaide | Brisbane | Canberra–Queanbeyan | Melbourne | Perth | Sydney,52,False,,,,,
Anthrax maculatus,Bee Fly,Insect,8,Adelaide | Brisbane | Canberra–Queanbeyan | Darwin | Hobart | Melbourne | Perth | Sydney,106,False,,,,,
Anthrax opacus,,Insect,1,Melbourne,5,False,,,,,
Anthrax proconcisus,Bee Fly,Insect,5,Adelaide | Brisbane | Canberra–Queanbeyan | Melbourne | Sydney,65,False,,,,,
Anthrax siccus,Bee Fly,Insect,2,Melbourne | Perth,3,False,,,,,
Anthrenus museorum,,Insect,1,Adelaide,7,False,,,,,
Anthrenus scrophulariae,,Insect,7,Adelaide | Brisbane | Canberra–Queanbeyan | Hobart | Melbourne | Perth | Sydney,973,False,,,,,
Anthrenus verbasci,Varied Carpet Beetle,Insect,7,Adelaide | Brisbane | Canberra–Queanbeyan | Hobart | Melbourne | Perth | Sydney,46,False,,,,,
Anthus novaeseelandiae,Australian Pipit,Bird,8,Adelaide | Brisbane | Canberra–Queanbeyan | Darwin | Hobart | Melbourne | Perth | Sydney,12487,False,,,,,
Anticarsia irrorata,,Insect,1,Brisbane,17,False,,,,,
Antictenia punctunculus,,Insect,4,Adelaide | Brisbane | Canberra–Queanbeyan | Sydney,175,False,,,,,
Antigastra catalaunalis,,Insect,6,Adelaide | Brisbane | Canberra–Queanbeyan | Melbourne | Perth | Sydney,64,False,,,,,
Antigone rubicunda,Brolga,Bird,4,Brisbane | Darwin | Melbourne | Sydney,852,False,,,,,
Antimerus punctipennis,,Insect,1,Sydney,16,False,,,,,
Antimerus smaragdinus,,Insect,1,Melbourne,3,False,,,,,
Antimima cryptica,,Insect,1,Perth,1,False,,,,,
Antimimistis illaudata,,Insect,1,Brisbane,8,False,,,,,
Antiopala ebenospila,,Insect,1,Sydney,4,False,,,,,
Antipodia atralba,Diamond Sand-skipper,Insect,1,Adelaide,25,False,,,,,
Antipodia dactyliota,Western Sand-skipper,Insect,1,Perth,1,False,,,,,
Antipodogomphus acolythus,Southern Dragon,Insect,1,Brisbane,1,False,,,,,
Antipterna euanthes,Concealer Moth,Insect,1,Canberra–Queanbeyan,1,False,,,,,
Antipterna naias,Concealer Moth,Insect,1,Sydney,10,False,,,,,
Antipterna trilicella,Concealer Moth,Insect,3,Brisbane | Melbourne | Sydney,35,False,,,,,
Antissella parvidentata,,Insect,1,Melbourne,2,False,,,,,
Antithemerastis acrobela,,Insect,1,Brisbane,13,False,,,,,
Antitrogus morbillosus,Tableland Pasture Scarab,Insect,1,Canberra–Queanbeyan,14,False,,,,,
Antocha australiensis,,Insect,2,Canberra–Queanbeyan | Melbourne,9,False,,,,,
Anydraula glycerialis,,Insect,1,Melbourne,10,False,,,,,
Anydraula pericompsa,,Insect,1,Darwin,2,False,,,,,
Anyllis leiala,Froghopper,Insect,4,Brisbane | Hobart | Melbourne | Sydney,12,False,,,,,
Anyllis tiegsi,,Insect,1,Melbourne,22,False,,,,,
Anzora unicolor,Grey Planthopper,Insect,7,Adelaide | Brisbane | Canberra–Queanbeyan | Hobart | Melbourne | Perth | Sydney,829,False,,,,,
Anzygina zealandica,Yellow Leafhopper,Insect,2,Hobart | Perth,2,False,,,,,
Aonidia banksiae,,Insect,1,Perth,8,False,,,,,
Aonidiella aurantii,California Red Scale Insect,Insect,3,Adelaide | Brisbane | Melbourne,4,False,,,,,
Aonychus lineatus,,Insect,1,Perth,2,False,,,,,
Aoplocnemis rufipes,,Insect,2,Hobart | Melbourne,22,False,,,,,
Apagobelus brevirostris,,Insect,1,Brisbane,1,False,,,,,
Apanteles ethanbeaveri,,Insect,1,Canberra–Queanbeyan,1,False,,,,,
Aparete palpebrosa,,Insect,1,Melbourne,5,False,,,,,
Apertochrysa edwardsi,,Insect,7,Adelaide | Brisbane | Canberra–Queanbeyan | Hobart | Melbourne | Perth | Sydney,590,False,,,,,
Aphaenogaster barbigula,Ant,Insect,1,Perth,2,False,,,,,
Aphaenogaster longiceps,Ant,Insect,4,Brisbane | Canberra–Queanbeyan | Melbourne | Sydney,251,False,,,,,
Aphaenogaster poultoni,,Insect,1,Perth,2,False,,,,,
Aphaenogaster pythia,Ant,Insect,1,Brisbane,15,False,,,,,
Aphaereta aotea,,Insect,1,Canberra–Queanbeyan,1,False,,,,,
Aphanasium australe,,Insect,1,Sydney,6,False,,,,,
Aphanesthes succinea,,Insect,1,Perth,35,False,,,,,
Aphanosperma occidentalis,,Insect,1,Perth,1,False,,,,,
Aphanosperma orientalis,,Insect,1,Sydney,3,False,,,,,
Aphantes melanochorda,Geometer Moth,Insect,2,Perth | Sydney,12,False,,,,,
Aphela helopoides,,Insect,3,Adelaide | Melbourne | Perth,9,False,,,,,
Aphelocephala leucopsis,Southern Whiteface,Bird,3,Adelaide | Canberra–Queanbeyan | Sydney,151,True,Vulnerable,Aphelocephala leucopsis,Aphelocephala leucopsis,Southern Whiteface,2023-03-31
Aphelocephala pectoralis,Chestnut-breasted Whiteface,Bird,1,Melbourne,1,False,,,,,
Aphelotoma tasmanica,Cockroach Wasp,Insect,1,Hobart,6,False,,,,,
Aphidius colemani,Parasitoid Wasp,Insect,2,Melbourne | Perth,4,False,,,,,
Aphidius rosae,,Insect,2,Hobart | Sydney,3,False,,,,,
Aphis craccivora,Cowpea Aphid,Insect,7,Adelaide | Brisbane | Canberra–Queanbeyan | Hobart | Melbourne | Perth | Sydney,23,False,,,,,
Aphis eugeniae,,Insect,1,Sydney,1,False,,,,,
Aphis gossypii,Cotton Aphid,Insect,6,Adelaide | Brisbane | Canberra–Queanbeyan | Melbourne | Perth | Sydney,38,False,,,,,
Aphis nerii,Oleander Aphid,Insect,6,Adelaide | Brisbane | Canberra–Queanbeyan | Melbourne | Perth | Sydney,172,False,,,,,
Aphis sedi,,Insect,1,Melbourne,1,False,,,,,
Aphis spiraecola,Apple Aphid,Insect,4,Adelaide | Brisbane | Melbourne | Sydney,20,False,,,,,
Aphneope sericata,,Insect,1,Melbourne,2,False,,,,,
Aphodius fimetarius,,Insect,2,Canberra–Queanbeyan | Melbourne,7,False,,,,,
Aphodius granarius,,Insect,1,Melbourne,1,False,,,,,
Aphomia baryptera,Grass Moth,Insect,3,Canberra–Queanbeyan | Melbourne | Sydney,27,False,,,,,
Aphyopsocus prolixus,,Insect,3,Brisbane | Hobart | Melbourne,6,False,,,,,
Aphytoceros lucusalis,,Insect,2,Brisbane | Sydney,24,False,,,,,
Apina callisto,Owlet Moth,Insect,6,Adelaide | Canberra–Queanbeyan | Hobart | Melbourne | Perth | Sydney,411,False,,,,,
Apiocera maritima,,Insect,1,Sydney,1,False,,,,,
Apiocera moerens,,Insect,1,Canberra–Queanbeyan,2,False,,,,,
Apiomorpha annulata,,Insect,1,Brisbane,9,False,,,,,
Apiomorpha baeuerleni,,Insect,1,Brisbane,2,False,,,,,
Apiomorpha calycina,Felt Scale Insect,Insect,1,Canberra–Queanbeyan,3,False,,,,,
Apiomorpha conica,Felt Scale Insect,Insect,1,Melbourne,56,False,,,,,
Apiomorpha duplex,,Insect,1,Sydney,5,False,,,,,
Apiomorpha excupula,,Insect,1,Brisbane,1,False,,,,,
Apiomorpha floralis,,Insect,2,Adelaide | Melbourne,2,False,,,,,
Apiomorpha frenchi,,Insect,1,Melbourne,2,False,,,,,
Apiomorpha karschi,Felt Scale Insect,Insect,3,Adelaide | Brisbane | Sydney,10,False,,,,,
Apiomorpha maliformis,,Insect,1,Perth,3,False,,,,,
Apiomorpha munita,Felt Scale Insect,Insect,6,Adelaide | Brisbane | Canberra–Queanbeyan | Melbourne | Perth | Sydney,124,False,,,,,
Apiomorpha ovicola,,Insect,2,Melbourne | Sydney,3,False,,,,,
Apiomorpha ovicoloides,Felt Scale Insect,Insect,2,Adelaide | Perth,7,False,,,,,
Apiomorpha pedunculata,,Insect,2,Brisbane | Sydney,19,False,,,,,
Apiomorpha pileata,,Insect,3,Brisbane | Melbourne | Sydney,14,False,,,,,
Apiomorpha sloanei,,Insect,1,Brisbane,2,False,,,,,
Apiomorpha spinifer,Felt Scale Insect,Insect,2,Canberra–Queanbeyan | Melbourne,10,False,,,,,
Apiomorpha strombylosa,Felt Scale Insect,Insect,3,Brisbane | Melbourne | Sydney,22,False,,,,,
Apiomorpha thorntoni,,Insect,1,Melbourne,3,False,,,,,
Apiomorpha urnalis,Felt Scale Insect,Insect,3,Adelaide | Canberra–Queanbeyan | Melbourne,20,False,,,,,
Apiomorpha variabilis,,Insect,2,Brisbane | Sydney,22,False,,,,,
Apis mellifera,European Honey Bee,Insect,8,Adelaide | Brisbane | Canberra–Queanbeyan | Darwin | Hobart | Melbourne | Perth | Sydney,12243,False,,,,,
Aplerotus maculatus,Shield Bug,Insect,1,Adelaide,1,False,,,,,
Aplestobroma avidum,,Insect,1,Melbourne,3,False,,,,,
Aploneura lentisci,Aphid,Insect,1,Melbourne,1,False,,,,,
Aplonis metallica,Metallic Starling,Bird,1,Canberra–Queanbeyan,1,False,,,,,
Apocephalus insolitus,,Insect,1,Sydney,1,False,,,,,
Apochrysa lutea,,Insect,3,Brisbane | Melbourne | Sydney,121,False,,,,,
Apodasmia rufonigraria,Geometer Moth,Insect,2,Perth | Sydney,14,False,,,,,
Apolinus lividigaster,,Insect,6,Adelaide | Brisbane | Canberra–Queanbeyan | Melbourne | Perth | Sydney,948,False,,,,,
Apomecyna histrio,,Insect,2,Brisbane | Sydney,22,False,,,,,
Aponotoreas cheimatobiata,Geometer Moth,Insect,1,Hobart,2,False,,,,,
Aponotoreas dascia,Geometer Moth,Insect,1,Melbourne,15,False,,,,,
Aponotoreas petrodes,Geometer Moth,Insect,2,Canberra–Queanbeyan | Melbourne,3,False,,,,,
Aporocera apicalis,,Insect,1,Melbourne,1,False,,,,,
Aporocera atra,,Insect,3,Hobart | Melbourne | Sydney,7,False,,,,,
Aporocera bihamata,,Insect,1,Brisbane,5,False,,,,,
Aporocera bynoei,,Insect,1,Adelaide,1,False,,,,,
Aporocera casta,,Insect,1,Perth,8,False,,,,,
Aporocera chrysomelina,,Insect,1,Brisbane,2,False,,,,,
Aporocera conjugata,,Insect,1,Brisbane,1,False,,,,,
Aporocera consors,,Insect,5,Brisbane | Canberra–Queanbeyan | Hobart | Melbourne | Sydney,150,False,,,,,
Aporocera conspicienda,,Insect,1,Melbourne,1,False,,,,,
Aporocera cyanipennis,,Insect,1,Canberra–Queanbeyan,4,False,,,,,
Aporocera erosa,,Insect,3,Canberra–Queanbeyan | Hobart | Melbourne,40,False,,,,,
Aporocera flaviventris,,Insect,2,Canberra–Queanbeyan | Sydney,4,False,,,,,
Aporocera haematodes,,Insect,4,Brisbane | Canberra–Queanbeyan | Melbourne | Perth,47,False,,,,,
Aporocera iridipennis,,Insect,4,Brisbane | Canberra–Queanbeyan | Melbourne | Sydney,245,False,,,,,
Aporocera jocosa,,Insect,1,Canberra–Queanbeyan,14,False,,,,,
Aporocera libertina,,Insect,1,Melbourne,1,False,,,,,
Aporocera melanocephala,,Insect,2,Canberra–Queanbeyan | Melbourne,8,False,,,,,
Aporocera parenthetica,,Insect,3,Canberra–Queanbeyan | Melbourne | Sydney,11,False,,,,,
Aporocera pulchella,,Insect,1,Brisbane,4,False,,,,,
Aporocera rufescens,,Insect,2,Hobart | Sydney,2,False,,,,,
Aporocera rufoterminalis,,Insect,1,Canberra–Queanbeyan,3,False,,,,,
Aporocera scabrosa,,Insect,2,Canberra–Queanbeyan | Melbourne,24,False,,,,,
Aporocera sculptilis,,Insect,1,Canberra–Queanbeyan,10,False,,,,,
Aporocera speciosa,,Insect,3,Brisbane | Canberra–Queanbeyan | Perth,59,False,,,,,
Aporocera vermicularis,,Insect,1,Brisbane,1,False,,,,,
Aporocera viridinitens,,Insect,2,Canberra–Queanbeyan | Melbourne,5,False,,,,,
Aporocera viridipennis,,Insect,6,Adelaide | Brisbane | Canberra–Queanbeyan | Hobart | Melbourne | Sydney,14,False,,,,,
Aporocera viridis,,Insect,3,Canberra–Queanbeyan | Melbourne | Sydney,54,False,,,,,
Aporocosmus lamprodeta,,Insect,1,Darwin,9,False,,,,,
Aporoctena aprepes,,Insect,1,Brisbane,5,False,,,,,
Aporoctena scierodes,Geometer Moth,Insect,2,Brisbane | Sydney,42,False,,,,,
Aposthonia gurneyi,,Insect,2,Canberra–Queanbeyan | Melbourne,2,False,,,,,
Apotrechus illawarra,,Insect,1,Sydney,2,False,,,,,
Apotropina albiseta,,Insect,2,Brisbane | Sydney,10,False,,,,,
Apotropina ornatipennis,Frit Fly,Insect,1,Melbourne,1,False,,,,,
Apotropis tricarinata,,Insect,1,Sydney,5,False,,,,,
Appias paulina,Yellow Albatross,Insect,4,Brisbane | Canberra–Queanbeyan | Darwin | Sydney,414,False,,,,,
Appolonius robustus,,Insect,1,Brisbane,2,False,,,,,
Aprasia aurita,Eared Worm-lizard,Reptile,2,Canberra–Queanbeyan | Sydney,3,True,Endangered,Aprasia aurita,Aprasia aurita,"Eared Worm-lizard, Mallee Worm-lizard",2025-09-05
Aprasia parapulchella,Pink-tailed Worm-lizard,Reptile,2,Canberra–Queanbeyan | Sydney,29,True,Vulnerable,Aprasia parapulchella,Aprasia parapulchella,"Pink-tailed Worm-lizard, Pink-tailed Legless Lizard",2000-07-16
Aprasia pseudopulchella,Flinders Ranges Worm-lizard,Reptile,1,Adelaide,21,True,Vulnerable,Aprasia pseudopulchella,Aprasia pseudopulchella,Flinders Ranges Worm-lizard,2000-07-16
Aprasia pulchella,Western Granite Worm-lizard,Reptile,1,Perth,2,False,,,,,
Aprasia repens,Sedgelands Worm-lizard,Reptile,1,Perth,11,False,,,,,
Aprasia striolata,Striated Worm-lizard,Reptile,1,Adelaide,7,False,,,,,
Aprivesa exuta,,Insect,2,Brisbane | Sydney,189,False,,,,,
Aprivesa varipennis,,Insect,3,Adelaide | Brisbane | Sydney,12,False,,,,,
Aproaerema isoscelixantha,,Insect,3,Adelaide | Brisbane | Melbourne,6,False,,,,,
Aproaerema simplexella,,Insect,6,Adelaide | Brisbane | Canberra–Queanbeyan | Melbourne | Perth | Sydney,88,False,,,,,
Aproida balyi,,Insect,1,Brisbane,16,False,,,,,
Aproopta melanchlaena,Concealer Moth,Insect,2,Melbourne | Sydney,9,False,,,,,
Aprosmictus erythropterus,Red-winged Parrot,Bird,5,Adelaide | Brisbane | Darwin | Melbourne | Sydney,6679,False,,,,,
Aprostocetus hagenowii,,Insect,1,Sydney,1,False,,,,,
Apsectrotanypus maculosus,Midge,Insect,2,Adelaide | Melbourne,2,False,,,,,
Apsilochorema gisbum,Caddisfly,Insect,1,Sydney,1,False,,,,,
Aptenodytes patagonicus,King Penguin,Bird,1,Melbourne,1,False,,,,,
Apteropilo chrysocome,,Insect,1,Melbourne,1,False,,,,,
Apus pacificus,Fork-tailed Swift,Bird,8,Adelaide | Brisbane | Canberra–Queanbeyan | Darwin | Hobart | Melbourne | Perth | Sydney,2004,False,,,,,
Aquarius antigone,Water Strider,Insect,2,Canberra–Queanbeyan | Sydney,9,False,,,,,
Aquila audax,Wedge-tailed Eagle,Bird,8,Adelaide | Brisbane | Canberra–Queanbeyan | Darwin | Hobart | Melbourne | Perth | Sydney,10079,False,,,,,
Aquita plagiochyta,,Insect,2,Melbourne | Sydney,5,False,,,,,
Aquita tactalis,Tuft Moth,Insect,2,Melbourne | Perth,11,False,,,,,
Arachnocampa richardsae,Glow Worm,Insect,1,Sydney,8,False,,,,,
Arachnographa micrastrella,Concealer Moth,Insect,3,Canberra–Queanbeyan | Melbourne | Sydney,100,False,,,,,
Arachnomyia cuprea,Long-legged Fly,Insect,1,Melbourne,4,False,,,,,
Aradellus cygnalis,Assassin Bug,Insect,2,Canberra–Queanbeyan | Melbourne,12,False,,,,,
Aradellus nigerrimus,Assassin Bug,Insect,1,Melbourne,1,False,,,,,
Aradus australis,Flat Bug,Insect,1,Hobart,2,False,,,,,
Araecerus fasciculatus,Beetle,Insect,2,Brisbane | Sydney,15,False,,,,,
Araeomorpha diplopa,,Insect,2,Brisbane | Sydney,3,False,,,,,
Araeopaschia normalis,,Insect,1,Canberra–Queanbeyan,1,False,,,,,
Araeopteron canescens,,Insect,2,Brisbane | Darwin,105,False,,,,,
Araeopteron epiphracta,,Insect,2,Brisbane | Sydney,3,False,,,,,
Araeopteron micraeola,,Insect,1,Brisbane,2,False,,,,,
Araeostoma aenicta,,Insect,1,Melbourne,2,False,,,,,
Araiobelus acicularis,,Insect,1,Perth,1,False,,,,,
Araiobelus filum,,Insect,2,Hobart | Melbourne,20,False,,,,,
Araiorrhinus howittii,,Insect,4,Brisbane | Canberra–Queanbeyan | Melbourne | Sydney,16,False,,,,,
Archaeoses magicosema,Moth,Insect,1,Melbourne,1,False,,,,,
Archaeoses pentasema,Moth,Insect,1,Adelaide,1,False,,,,,
Archaeoses polygrapha,Moth,Insect,2,Adelaide | Melbourne,17,False,,,,,
Archaeosynthemis leachii,Twinspot Tigertail,Insect,1,Perth,31,False,,,,,
Archaereta dorsivittella,Concealer Moth,Insect,2,Melbourne | Sydney,13,False,,,,,
Archegleis edwardsi,,Insect,1,Sydney,4,False,,,,,
Archegleis kingi,,Insect,1,Brisbane,1,False,,,,,
Archeocrypticus topali,,Insect,1,Melbourne,1,False,,,,,
Archernis callixantha,,Insect,1,Sydney,5,False,,,,,
Archiargiolestes parvulus,Midget Flatwing,Insect,1,Perth,6,False,,,,,
Archiargiolestes pusillus,Little Flatwing,Insect,1,Perth,4,False,,,,,
Archichauliodes deceptor,Dobsonfly,Insect,2,Brisbane | Canberra–Queanbeyan,4,False,,,,,
Archichauliodes guttiferus,Dobsonfly,Insect,3,Canberra–Queanbeyan | Melbourne | Sydney,14,False,,,,,
Archichauliodes neoguttiferus,Dobsonfly,Insect,1,Brisbane,1,False,,,,,
Archichauliodes plomleyi,Dobsonfly,Insect,1,Sydney,10,False,,,,,
Archilestidium cinnabarinum,Assassin Bug,Insect,1,Melbourne,17,False,,,,,
Archimantis brunneriana,,Insect,1,Brisbane,2,False,,,,,
Archimantis latistyla,Large Brown Mantid,Insect,6,Adelaide | Brisbane | Canberra–Queanbeyan | Melbourne | Perth | Sydney,1572,False,,,,,
Archimantis sobrina,Large Brown Mantid,Insect,4,Adelaide | Canberra–Queanbeyan | Melbourne | Perth,817,False,,,,,
Arcleda fusca,Seed Bug,Insect,1,Adelaide,3,False,,,,,
Arctocephalus forsteri,Long-nosed Fur Seal,Mammal,4,Adelaide | Hobart | Melbourne | Sydney,214,False,,,,,
Arctocephalus pusillus,Australian Fur-seal,Mammal,5,Adelaide | Hobart | Melbourne | Perth | Sydney,222,False,,,,,
Arctocephalus tropicalis,Subantarctic Fur-seal,Mammal,2,Melbourne | Sydney,9,True,Endangered,Arctocephalus tropicalis,Arctocephalus tropicalis,Subantarctic Fur-seal,2016-12-07
Ardea alba,Great Egret,Bird,8,Adelaide | Brisbane | Canberra–Queanbeyan | Darwin | Hobart | Melbourne | Perth | Sydney,84196,False,,,,,
Ardea cinerea,Grey Heron,Bird,3,Adelaide | Canberra–Queanbeyan | Sydney,3,False,,,,,
Ardea intermedia,Intermediate Egret,Bird,7,Adelaide | Brisbane | Canberra–Queanbeyan | Darwin | Melbourne | Perth | Sydney,38939,False,,,,,
Ardea pacifica,White-necked Heron,Bird,8,Adelaide | Brisbane | Canberra–Queanbeyan | Darwin | Hobart | Melbourne | Perth | Sydney,9394,False,,,,,
Ardea sumatrana,Great-billed Heron,Bird,1,Darwin,26,False,,,,,
Ardenna bulleri,Buller's Shearwater,Bird,1,Sydney,33,False,,,,,
Ardenna carneipes,Flesh-footed Shearwater,Bird,3,Adelaide | Brisbane | Sydney,236,False,,,,,
Ardenna grisea,Sooty Shearwater,Bird,4,Adelaide | Hobart | Melbourne | Sydney,245,True,Vulnerable,Ardenna grisea,Ardenna grisea,Sooty Shearwater,2023-12-21
Ardenna pacifica,Wedge-tailed Shearwater,Bird,3,Brisbane | Perth | Sydney,1208,False,,,,,
Ardenna tenuirostris,Short-tailed Shearwater,Bird,6,Adelaide | Brisbane | Darwin | Hobart | Melbourne | Sydney,985,False,,,,,
Ardeotis australis,Australian Bustard,Bird,1,Perth,4,False,,,,,
Ardices canescens,,Insect,5,Adelaide | Brisbane | Canberra–Queanbeyan | Melbourne | Sydney,222,False,,,,,
Ardices curvata,,Insect,5,Brisbane | Canberra–Queanbeyan | Melbourne | Perth | Sydney,260,False,,,,,
Ardices glatignyi,,Insect,6,Adelaide | Canberra–Queanbeyan | Hobart | Melbourne | Perth | Sydney,974,False,,,,,
Ardiosteres moretonella,,Insect,3,Brisbane | Canberra–Queanbeyan | Hobart,5,False,,,,,
Ardiosteres velutinana,,Insect,1,Sydney,2,False,,,,,
Ardozyga abruptella,,Insect,1,Canberra–Queanbeyan,8,False,,,,,
Ardozyga acroleuca,,Insect,1,Canberra–Queanbeyan,11,False,,,,,
Ardozyga amblopis,,Insect,5,Adelaide | Brisbane | Canberra–Queanbeyan | Melbourne | Sydney,29,False,,,,,
Ardozyga anthracina,,Insect,1,Canberra–Queanbeyan,2,False,,,,,
Ardozyga aspetodes,,Insect,1,Sydney,2,False,,,,,
Ardozyga aversella,,Insect,2,Brisbane | Sydney,3,False,,,,,
Ardozyga catarrhacta,,Insect,6,Adelaide | Brisbane | Canberra–Queanbeyan | Melbourne | Perth | Sydney,32,False,,,,,
Ardozyga catopta,,Insect,1,Brisbane,2,False,,,,,
Ardozyga celidophora,,Insect,1,Sydney,3,False,,,,,
Ardozyga ceramica,,Insect,1,Sydney,3,False,,,,,
Ardozyga chalazodes,,Insect,2,Brisbane | Sydney,3,False,,,,,
Ardozyga desmatra,Twirler Moth,Insect,4,Adelaide | Canberra–Queanbeyan | Melbourne | Sydney,18,False,,,,,
Ardozyga englypta,,Insect,1,Sydney,1,False,,,,,
Ardozyga eumela,,Insect,2,Canberra–Queanbeyan | Melbourne,15,False,,,,,
Ardozyga frugalis,,Insect,1,Sydney,1,False,,,,,
Ardozyga furcifera,Twirler Moth,Insect,1,Sydney,2,False,,,,,
Ardozyga galactopa,,Insect,1,Brisbane,1,False,,,,,
Ardozyga gypsocrana,,Insect,2,Canberra–Queanbeyan | Sydney,11,False,,,,,
Ardozyga hedana,,Insect,1,Melbourne,4,False,,,,,
Ardozyga hemichlaena,,Insect,2,Canberra–Queanbeyan | Sydney,4,False,,,,,
Ardozyga hilara,Twirler Moth,Insect,1,Canberra–Queanbeyan,1,False,,,,,
Ardozyga hormodes,,Insect,1,Perth,1,False,,,,,
Ardozyga loemias,,Insect,3,Canberra–Queanbeyan | Melbourne | Sydney,7,False,,,,,
Ardozyga loxodesma,,Insect,2,Canberra–Queanbeyan | Sydney,9,False,,,,,
Ardozyga macroplaca,,Insect,3,Canberra–Queanbeyan | Melbourne | Sydney,10,False,,,,,
Ardozyga megalommata,,Insect,1,Brisbane,1,False,,,,,
Ardozyga mesochra,Twirler Moth,Insect,3,Adelaide | Brisbane | Sydney,7,False,,,,,
Ardozyga neurosticha,,Insect,1,Canberra–Queanbeyan,1,False,,,,,
Ardozyga nyctias,Twirler Moth,Insect,5,Brisbane | Canberra–Queanbeyan | Melbourne | Perth | Sydney,33,False,,,,,
Ardozyga obeliscota,,Insect,1,Sydney,2,False,,,,,
Ardozyga odorifera,,Insect,2,Brisbane | Sydney,4,False,,,,,
Ardozyga phasianis,,Insect,1,Sydney,3,False,,,,,
Ardozyga phloeodes,,Insect,1,Canberra–Queanbeyan,2,False,,,,,
Ardozyga scytina,,Insect,2,Adelaide | Canberra–Queanbeyan,2,False,,,,,
Ardozyga secta,,Insect,1,Brisbane,2,False,,,,,
Ardozyga sisyraea,,Insect,1,Sydney,2,False,,,,,
Ardozyga sodalisella,,Insect,4,Brisbane | Canberra–Queanbeyan | Melbourne | Sydney,52,False,,,,,
Ardozyga stratifera,Twirler Moth,Insect,5,Adelaide | Brisbane | Melbourne | Perth | Sydney,25,False,,,,,
Ardozyga subnexella,,Insect,1,Sydney,1,False,,,,,
Ardozyga telopis,Twirler Moth,Insect,1,Canberra–Queanbeyan,2,False,,,,,
Ardozyga tetraploa,,Insect,1,Melbourne,12,False,,,,,
Ardozyga thermochroa,,Insect,3,Canberra–Queanbeyan | Hobart | Melbourne,20,False,,,,,
Ardozyga tridecta,,Insect,2,Adelaide | Sydney,3,False,,,,,
Ardozyga voluta,,Insect,2,Melbourne | Sydney,8,False,,,,,
Ardozyga xuthias,,Insect,1,Sydney,1,False,,,,,
Arenaria interpres,Ruddy Turnstone,Bird,7,Adelaide | Brisbane | Darwin | Hobart | Melbourne | Perth | Sydney,4973,True,Vulnerable,Arenaria interpres,Arenaria interpres,Ruddy Turnstone,2024-01-05
Arenopsaltria fullo,Sandgrinder,Insect,1,Perth,26,False,,,,,
Arescoptera idiotypa,Grass Moth,Insect,2,Brisbane | Sydney,2,False,,,,,
Argina astrea,,Insect,2,Brisbane | Darwin,42,False,,,,,
Argiocnemis rubescens,Red-tipped Shadefly,Insect,3,Brisbane | Darwin | Sydney,358,False,,,,,
Argogorytes rubrosignatus,,Insect,1,Perth,5,False,,,,,
Argynnina cyrila,Forest Brown,Insect,2,Melbourne | Sydney,116,False,,,,,
Argynnina hobartia,Tasmanian Brown,Insect,1,Hobart,12,False,,,,,
Argyrogramma signata,,Insect,1,Brisbane,5,False,,,,,
Arhodia lasiocamparia,Geometer Moth,Insect,7,Adelaide | Brisbane | Canberra–Queanbeyan | Hobart | Melbourne | Perth | Sydney,371,False,,,,,
Arhopala eupolis,Purple Oak-blue,Insect,1,Darwin,38,False,,,,,
Arhopala micale,Shining Oak-blue,Insect,1,Darwin,34,False,,,,,
Arhopalus rusticus,,Insect,1,Melbourne,7,False,,,,,
Arhopalus syriacus,,Insect,1,Sydney,8,False,,,,,
Aricerus eichhoffi,Fig Twig-borer,Insect,1,Sydney,2,False,,,,,
Aridaeus thoracicus,,Insect,3,Brisbane | Canberra–Queanbeyan | Sydney,250,False,,,,,
Ariphron bicolor,,Insect,1,Melbourne,10,False,,,,,
Arippara disticha,,Insect,2,Brisbane | Darwin,32,False,,,,,
Aristaenetus diffinis,,Insect,1,Brisbane,2,False,,,,,
Aristaenetus similis,,Insect,2,Brisbane | Sydney,7,False,,,,,
Aristeis chrysoteuches,Concealer Moth,Insect,1,Melbourne,1,False,,,,,
Aristeis hepialella,,Insect,2,Brisbane | Darwin,8,False,,,,,
Aristobia reticulator,Longhorn Beetle,Insect,2,Adelaide | Sydney,2,False,,,,,
Aristotelia centrosema,,Insect,1,Melbourne,2,False,,,,,
Armactica columbina,,Insect,4,Brisbane | Melbourne | Perth | Sydney,28,False,,,,,
Armactica conchidia,Tuft Moth,Insect,5,Adelaide | Brisbane | Canberra–Queanbeyan | Melbourne | Sydney,61,False,,,,,
Arniscus humeralis,,Insect,1,Perth,2,False,,,,,
Arocatus aenescens,,Insect,2,Brisbane | Sydney,30,False,,,,,
Arocatus chiasmus,,Insect,2,Darwin | Perth,2,False,,,,,
Arocatus rusticus,Bug,Insect,5,Adelaide | Brisbane | Canberra–Queanbeyan | Perth | Sydney,161,False,,,,,
Aromagis horrens,,Insect,2,Melbourne | Sydney,2,False,,,,,
Arotrophora arcuatalis,Moth,Insect,5,Brisbane | Canberra–Queanbeyan | Melbourne | Perth | Sydney,51,False,,,,,
Arotrophora siniocosma,,Insect,1,Hobart,2,False,,,,,
Arpactophilus steindachneri,,Insect,1,Brisbane,4,False,,,,,
Arrade cristatum,,Insect,1,Melbourne,3,False,,,,,
Arrade destituta,Cryptic Snout Moth,Insect,6,Adelaide | Brisbane | Canberra–Queanbeyan | Melbourne | Perth | Sydney,84,False,,,,,
Arrade leucocosmalis,Owlet Moth,Insect,4,Brisbane | Canberra–Queanbeyan | Melbourne | Sydney,129,False,,,,,
Arrhenes marnas,Swamp Darter,Insect,1,Brisbane,119,False,,,,,
Arrolla longicauda,,Insect,1,Canberra–Queanbeyan,1,False,,,,,
Arsipoda chrysis,,Insect,5,Adelaide | Canberra–Queanbeyan | Hobart | Melbourne | Sydney,70,False,,,,,
Arsipoda concolor,,Insect,1,Hobart,8,False,,,,,
Arsipoda consuta,,Insect,1,Hobart,1,False,,,,,
Arsipoda erichsoni,,Insect,1,Hobart,1,False,,,,,
Arsipoda fulvipes,,Insect,1,Brisbane,1,False,,,,,
Arsipoda holomelaena,,Insect,5,Adelaide | Brisbane | Canberra–Queanbeyan | Melbourne | Sydney,32,False,,,,,
Arsipoda jocosa,,Insect,1,Melbourne,3,False,,,,,
Arsipoda laeviceps,,Insect,2,Canberra–Queanbeyan | Melbourne,3,False,,,,,
Arsipoda montana,,Insect,1,Melbourne,1,False,,,,,
Arsipoda picturata,,Insect,1,Melbourne,1,False,,,,,
Arsipoda variegata,,Insect,2,Hobart | Melbourne,5,False,,,,,
Artamus cinereus,Black-faced Woodswallow,Bird,3,Adelaide | Darwin | Perth,235,False,,,,,
Artamus cyanopterus,Dusky Woodswallow,Bird,7,Adelaide | Brisbane | Canberra–Queanbeyan | Hobart | Melbourne | Perth | Sydney,12544,False,,,,,
Artamus leucorynchus,White-breasted Woodswallow,Bird,4,Brisbane | Darwin | Melbourne | Sydney,23136,False,,,,,
Artamus minor,Little Woodswallow,Bird,2,Darwin | Sydney,50,False,,,,,
Artamus personatus,Masked Woodswallow,Bird,7,Adelaide | Brisbane | Canberra–Queanbeyan | Darwin | Melbourne | Perth | Sydney,299,False,,,,,
Artamus superciliosus,White-browed Woodswallow,Bird,6,Adelaide | Brisbane | Canberra–Queanbeyan | Darwin | Melbourne | Sydney,416,False,,,,,
Arthrolips pulchella,,Insect,1,Sydney,1,False,,,,,
Artiastis heliacma,,Insect,1,Canberra–Queanbeyan,3,False,,,,,
Artiastis ptochopa,,Insect,1,Sydney,1,False,,,,,
Artiastis tepida,Concealer Moth,Insect,1,Sydney,1,False,,,,,
Artigisa dentilinea,,Insect,1,Darwin,1,False,,,,,
Artigisa impropria,Owlet Moth,Insect,3,Brisbane | Canberra–Queanbeyan | Sydney,24,False,,,,,
Artigisa melanephele,Owlet Moth,Insect,4,Brisbane | Canberra–Queanbeyan | Melbourne | Sydney,7,False,,,,,
Arunta interclusa,Mangrove Cicada,Insect,1,Brisbane,4,False,,,,,
Arunta perulata,White Drummer,Insect,2,Brisbane | Sydney,51,False,,,,,
Arytinnis hakani,,Insect,1,Melbourne,2,False,,,,,
Asarta fuliginosa,,Insect,2,Canberra–Queanbeyan | Melbourne,4,False,,,,,
Ascelis praemollis,,Insect,3,Brisbane | Hobart | Melbourne,3,False,,,,,
Ascelis schraderi,,Insect,1,Brisbane,1,False,,,,,
Asceparnus subfasciatus,,Insect,1,Perth,3,False,,,,,
Ascetoderes costatus,,Insect,1,Brisbane,1,False,,,,,
Ascetoderes equinus,,Insect,3,Brisbane | Hobart | Melbourne,7,False,,,,,
Ascetoderes vittatus,,Insect,2,Adelaide | Canberra–Queanbeyan,9,False,,,,,
Asclera sublineata,,Insect,1,Hobart,1,False,,,,,
Asiobaccha bicolor,,Insect,1,Brisbane,1,False,,,,,
Asiobaccha notofasciata,,Insect,2,Brisbane | Sydney,34,False,,,,,
Asiola fasciata,Robber Fly,Insect,1,Canberra–Queanbeyan,10,False,,,,,
Asmicridea edwardsii,Caddisfly,Insect,1,Canberra–Queanbeyan,1,False,,,,,
Asota australis,,Insect,1,Darwin,1,False,,,,,
Asota caricae,,Insect,1,Darwin,2,False,,,,,
Asota iodamia,,Insect,2,Brisbane | Sydney,19,False,,,,,
Asota plagiata,,Insect,2,Brisbane | Darwin,278,False,,,,,
Asperala erythraea,,Insect,1,Brisbane,3,False,,,,,
Asphondylia acaciae,Gall Gnat,Insect,2,Melbourne | Sydney,2,False,,,,,
Asphondylia dodonaeae,,Insect,1,Adelaide,114,False,,,,,
Asphondylia floriformis,Gall Gnat,Insect,2,Adelaide | Melbourne,3,False,,,,,
Asphondylia glabrigerminis,Gall Gnat,Insect,1,Sydney,1,False,,,,,
Asphondylia peelei,Gall Gnat,Insect,1,Melbourne,6,False,,,,,
Asphondylia tecticorniae,Gall Gnat,Insect,2,Adelaide | Melbourne,6,False,,,,,
Asphondylia tonsura,,Insect,1,Adelaide,151,False,,,,,
Aspideurus flavescens,,Insect,1,Brisbane,63,False,,,,,
Aspidimorpha deusta,,Insect,2,Brisbane | Darwin,20,False,,,,,
Aspidimorpha maculatissima,,Insect,1,Darwin,2,False,,,,,
Aspidimorpha quadriradiata,,Insect,1,Darwin,1,False,,,,,
Aspidimorpha westwoodi,,Insect,1,Brisbane,44,False,,,,,
Aspidiotus nerii,Ivy Scale,Insect,2,Melbourne | Perth,2,False,,,,,
Aspidiphorus humeralis,,Insect,1,Hobart,2,False,,,,,
Aspidites melanocephalus,Black-headed Python,Reptile,1,Darwin,3,False,,,,,
Aspidites ramsayi,Woma,Reptile,1,Sydney,16,False,,,,,
Aspila molesta,,Insect,4,Brisbane | Canberra–Queanbeyan | Melbourne | Sydney,13,False,,,,,
Assara holophragma,Grass Moth,Insect,6,Adelaide | Brisbane | Canberra–Queanbeyan | Melbourne | Perth | Sydney,16,False,,,,,
Assara leucarma,,Insect,1,Perth,1,False,,,,,
Assara proleuca,,Insect,1,Canberra–Queanbeyan,1,False,,,,,
Assara seminivale,,Insect,1,Brisbane,1,False,,,,,
Assara subarcuella,,Insect,6,Adelaide | Brisbane | Canberra–Queanbeyan | Melbourne | Perth | Sydney,59,False,,,,,
Astenus guttulus,,Insect,1,Brisbane,1,False,,,,,
Asterivora homotypa,Metalmark Moth,Insect,1,Melbourne,11,False,,,,,
Asthenoptycha craterana,,Insect,1,Hobart,1,False,,,,,
Asthenoptycha encratopis,,Insect,1,Brisbane,145,False,,,,,
Asthenoptycha iriodes,,Insect,1,Adelaide,1,False,,,,,
Asthenoptycha sphaltica,Leafroller Moth,Insect,5,Brisbane | Canberra–Queanbeyan | Hobart | Melbourne | Sydney,19,False,,,,,
Astigmus specularis,,Insect,1,Darwin,1,False,,,,,
Astraeus crassus,,Insect,2,Perth | Sydney,7,False,,,,,
Astraeus navarchis,,Insect,1,Melbourne,2,False,,,,,
Astraeus oberthuri,,Insect,1,Perth,2,False,,,,,
Astraeus samouelli,,Insect,1,Canberra–Queanbeyan,1,False,,,,,
Astrapometis saburalis,,Insect,1,Canberra–Queanbeyan,1,False,,,,,
Asura bipars,,Insect,2,Brisbane | Sydney,38,False,,,,,
Asura cervicalis,Moth,Insect,4,Brisbane | Canberra–Queanbeyan | Melbourne | Sydney,357,False,,,,,
Asura compsodes,,Insect,3,Canberra–Queanbeyan | Melbourne | Sydney,3,False,,,,,
Asura lydia,Moth,Insect,4,Brisbane | Canberra–Queanbeyan | Melbourne | Sydney,607,False,,,,,
Asura zebrina,,Insect,2,Brisbane | Sydney,4,False,,,,,
Ataenius picinus,Pitchy Scarab,Insect,1,Brisbane,1,False,,,,,
Atalophlebia australis,Mayfly,Insect,2,Adelaide | Melbourne,4,False,,,,,
Atalopsis heniocha,,Insect,4,Brisbane | Canberra–Queanbeyan | Melbourne | Sydney,19,False,,,,,
Atarba australasiae,,Insect,1,Melbourne,2,False,,,,,
Ateleia spadicithorax,,Insect,1,Canberra–Queanbeyan,2,False,,,,,
Atelicus brevicornis,,Insect,2,Melbourne | Sydney,2,False,,,,,
Atelocentra chloraspis,Grass Moth,Insect,1,Melbourne,7,False,,,,,
Atelosticha phaedrella,,Insect,1,Brisbane,1,False,,,,,
Aterpodes tuberculatus,,Insect,1,Sydney,1,False,,,,,
Atesta angasii,,Insect,1,Canberra–Queanbeyan,3,False,,,,,
Atesta brittoni,,Insect,1,Brisbane,1,False,,,,,
Atesta carteri,,Insect,1,Brisbane,1,False,,,,,
Atesta chiangi,,Insect,1,Canberra–Queanbeyan,3,False,,,,,
Atesta dorsale,,Insect,1,Melbourne,9,False,,,,,
Atesta ibidionoides,,Insect,1,Brisbane,1,False,,,,,
Atesta longoelytrata,,Insect,1,Sydney,1,False,,,,,
Atesta pubescens,,Insect,1,Melbourne,2,False,,,,,
Atesta sita,,Insect,1,Perth,1,False,,,,,
Atesta sparsum,,Insect,1,Adelaide,5,False,,,,,
Atesta stigmosa,,Insect,5,Adelaide | Brisbane | Canberra–Queanbeyan | Melbourne | Sydney,21,False,,,,,
Atesta tasmanica,,Insect,1,Canberra–Queanbeyan,1,False,,,,,
Atesta thorntoni,,Insect,1,Melbourne,2,False,,,,,
Atherigona orientalis,,Insect,1,Hobart,10,False,,,,,
Atherimorpha vernalis,,Insect,1,Hobart,2,False,,,,,
Atheropla decaspila,Concealer Moth,Insect,4,Adelaide | Canberra–Queanbeyan | Melbourne | Sydney,34,False,,,,,
Atheropla nigricincta,,Insect,1,Brisbane,12,False,,,,,
Athetis maculatra,,Insect,2,Brisbane | Darwin,28,False,,,,,
Athetis reclusa,,Insect,2,Brisbane | Darwin,28,False,,,,,
Athetis striolata,,Insect,1,Brisbane,1,False,,,,,
Athetis tenuis,Owlet Moth,Insect,7,Adelaide | Brisbane | Canberra–Queanbeyan | Darwin | Melbourne | Perth | Sydney,430,False,,,,,
Athetis thoracica,,Insect,1,Brisbane,16,False,,,,,
Atoichus bicolor,,Insect,3,Canberra–Queanbeyan | Hobart | Melbourne,13,False,,,,,
Atractomorpha australis,Australian Grass Pyrgomorph,Insect,5,Adelaide | Brisbane | Melbourne | Perth | Sydney,103,False,,,,,
Atractomorpha similis,Common Grass Pyrgomorph,Insect,4,Brisbane | Darwin | Perth | Sydney,176,False,,,,,
Atrapsalta collina,,Insect,1,Sydney,7,False,,,,,
Atrapsalta corticina,,Insect,2,Brisbane | Sydney,477,False,,,,,
Atrapsalta dolens,,Insect,1,Perth,3,False,,,,,
Atrapsalta encaustica,Black Squeaker,Insect,1,Sydney,33,False,,,,,
Atrapsalta furcilla,,Insect,3,Canberra–Queanbeyan | Hobart | Melbourne,57,False,,,,,
Atrichonotus minimus,Little Fringed Weevil,Insect,3,Adelaide | Canberra–Queanbeyan | Sydney,7,False,,,,,
Atrichonotus sordidus,Flores Weevil,Insect,3,Adelaide | Canberra–Queanbeyan | Melbourne,17,False,,,,,
Atteva albiguttata,,Insect,1,Brisbane,3,False,,,,,
Atteva niphocosma,,Insect,1,Brisbane,11,False,,,,,
Atyphella lychnus,Blue Mountains Firefly,Insect,1,Sydney,6,False,,,,,
Atyphella scintillans,,Insect,1,Brisbane,17,False,,,,,
Aucha triphaenoides,,Insect,2,Brisbane | Sydney,8,False,,,,,
Aulacaspis rosae,,Insect,1,Melbourne,1,False,,,,,
Aulacaspis tubercularis,,Insect,2,Brisbane | Sydney,7,False,,,,,
Aulacocyclus aliicornis,,Insect,1,Melbourne,1,False,,,,,
Aulacocyclus edentulus,,Insect,3,Canberra–Queanbeyan | Melbourne | Sydney,150,False,,,,,
Aulacocyclus kaupii,,Insect,1,Brisbane,17,False,,,,,
Aulacocyclus teres,,Insect,1,Brisbane,2,False,,,,,
Aulacophora borrei,,Insect,1,Brisbane,11,False,,,,,
Aulacophora hilaris,Pumpkin Beetle,Insect,5,Adelaide | Brisbane | Canberra–Queanbeyan | Melbourne | Sydney,72,False,,,,,
Aulacophora quadrimaculata,,Insect,1,Darwin,9,False,,,,,
Aulacophora relicta,,Insect,1,Brisbane,1,False,,,,,
Aulacopris reichei,,Insect,1,Sydney,1,False,,,,,
Aulacorthum solani,Foxglove Aphid,Insect,1,Melbourne,2,False,,,,,
Aulacosternum nigrorubrum,Cotton Plant Bug,Insect,3,Brisbane | Canberra–Queanbeyan | Sydney,45,False,,,,,
Aulacus atriceps,,Insect,1,Melbourne,1,False,,,,,
Aulacus belairensis,,Insect,1,Adelaide,1,False,,,,,
Aulacus dandenongensis,,Insect,1,Melbourne,3,False,,,,,
Aulonothroscus elongatus,,Insect,1,Hobart,12,False,,,,,
Auscala spinosa,Cicada,Insect,2,Adelaide | Sydney,10,False,,,,,
Ausejanus albisignatus,Plant Bug,Insect,5,Adelaide | Brisbane | Hobart | Melbourne | Sydney,9,False,,,,,
Austalis conjuncta,,Insect,1,Brisbane,20,False,,,,,
Austalis copiosa,,Insect,6,Adelaide | Brisbane | Canberra–Queanbeyan | Melbourne | Perth | Sydney,116,False,,,,,
Austalis muscoides,,Insect,2,Brisbane | Darwin,4,False,,,,,
Austalis pulchella,Hover Fly,Insect,3,Adelaide | Canberra–Queanbeyan | Melbourne,35,False,,,,,
Austalis roederi,,Insect,2,Brisbane | Darwin,2,False,,,,,
Austalis smaragdi,,Insect,1,Brisbane,3,False,,,,,
Austeucharis rufiventris,,Insect,1,Hobart,1,False,,,,,
Austracris basalis,,Insect,1,Darwin,13,False,,,,,
Austracris guttulosa,Spur-throated Locust,Insect,7,Adelaide | Brisbane | Canberra–Queanbeyan | Darwin | Melbourne | Perth | Sydney,231,False,,,,,
Austracris proxima,,Insect,3,Brisbane | Darwin | Sydney,91,False,,,,,
Australaphodius frenchi,Little Pasture Cockchafer,Insect,1,Melbourne,1,False,,,,,
Australelis anthracina,,Insect,4,Canberra–Queanbeyan | Melbourne | Perth | Sydney,38,False,,,,,
Australeon illustris,,Insect,1,Sydney,1,False,,,,,
Australiagraecia gladiator,Long-tailed Heath-loving Katydid,Insect,1,Perth,1,False,,,,,
Australimyza mcalpinei,Fly,Insect,1,Hobart,3,False,,,,,
Australinus cyaneipennis,,Insect,1,Melbourne,1,False,,,,,
Australiopalpa commoni,,Insect,1,Sydney,1,False,,,,,
Australiphthiria hilaris,,Insect,1,Canberra–Queanbeyan,9,False,,,,,
Australnirvana adelaideae,,Insect,3,Adelaide | Hobart | Melbourne,19,False,,,,,
Australoactina costata,,Insect,2,Hobart | Melbourne,2,False,,,,,
Australoactina incisuralis,,Insect,3,Brisbane | Hobart | Melbourne,5,False,,,,,
Australobolbus austrinus,,Insect,1,Sydney,1,False,,,,,
Australocleptes debilis,,Insect,2,Adelaide | Melbourne,15,False,,,,,
Australocleptes ereptor,,Insect,1,Brisbane,1,False,,,,,
Australocleptes hackeri,,Insect,2,Brisbane | Melbourne,9,False,,,,,
Australocoris fuscomaculatus,,Insect,1,Brisbane,13,False,,,,,
Australodendrophagus australis,,Insect,1,Melbourne,1,False,,,,,
Australojalla versicolor,,Insect,1,Brisbane,2,False,,,,,
Australoluciola flavicollis,,Insect,1,Darwin,2,False,,,,,
Australoluciola nigra,,Insect,1,Brisbane,22,False,,,,,
Australoneda bourgeoisi,,Insect,1,Brisbane,2,False,,,,,
Australophyra rostrata,,Insect,5,Adelaide | Brisbane | Canberra–Queanbeyan | Hobart | Melbourne,47,False,,,,,
Australopsylla revoluta,Psyllid Bug,Insect,6,Adelaide | Brisbane | Canberra–Queanbeyan | Melbourne | Perth | Sydney,26,False,,,,,
Australotettix montanus,,Insect,1,Sydney,10,False,,,,,
Australothis rubrescens,Owlet Moth,Insect,6,Adelaide | Brisbane | Canberra–Queanbeyan | Melbourne | Perth | Sydney,177,False,,,,,
Australozethus tasmaniensis,Wasp,Insect,2,Hobart | Melbourne,18,False,,,,,
Australozonitis bizonata,,Insect,1,Brisbane,14,False,,,,,
Australozonitis lutea,,Insect,2,Melbourne | Sydney,16,False,,,,,
Australozonitis pallicolor,,Insect,2,Brisbane | Melbourne,2,False,,,,,
Australozonitis tricolor,,Insect,2,Melbourne | Sydney,3,False,,,,,
Australymexylon australe,,Insect,2,Brisbane | Melbourne,2,False,,,,,
Australymexylon fuscipennis,,Insect,2,Brisbane | Melbourne,4,False,,,,,
Austrelaps labialis,Pygmy Copperhead,Reptile,1,Adelaide,4,False,,,,,
Austrelaps ramsayi,Highland Copperhead,Reptile,1,Sydney,2,False,,,,,
Austrelaps superbus,Lowland Copperhead,Reptile,3,Canberra–Queanbeyan | Hobart | Melbourne,452,False,,,,,
Austrelatus clarki,,Insect,2,Brisbane | Darwin,12,False,,,,,
Austrelatus irregularis,,Insect,1,Brisbane,1,False,,,,,
Austrimonus luteus,,Insect,1,Darwin,3,False,,,,,
Austroacacidiplosis botrycephalae,,Insect,3,Canberra–Queanbeyan | Melbourne | Sydney,154,False,,,,,
Austroaeschna anacantha,Western Darner,Insect,1,Perth,5,False,,,,,
Austroaeschna atrata,Mountain Darner,Insect,1,Melbourne,16,False,,,,,
Austroaeschna multipunctata,Multi-spotted Darner,Insect,2,Canberra–Queanbeyan | Melbourne,119,False,,,,,
Austroaeschna obscura,Sydney Mountain Darner,Insect,1,Sydney,5,False,,,,,
Austroaeschna parvistigma,Swamp Darner,Insect,4,Adelaide | Hobart | Melbourne | Sydney,30,False,,,,,
Austroaeschna pinheyi,Inland Darner,Insect,1,Brisbane,1,False,,,,,
Austroaeschna pulchra,Forest Darner,Insect,2,Melbourne | Sydney,6,False,,,,,
Austroaeschna subapicalis,Conehead Darner,Insect,1,Melbourne,4,False,,,,,
Austroaeschna unicornis,Unicorn Darner,Insect,6,Adelaide | Brisbane | Canberra–Queanbeyan | Hobart | Melbourne | Sydney,71,False,,,,,
Austroagallia torrida,Spotted Leafhopper,Insect,3,Adelaide | Brisbane | Canberra–Queanbeyan,5,False,,,,,
Austroagalloides grisea,Leafhopper,Insect,2,Adelaide | Canberra–Queanbeyan,12,False,,,,,
Austroagalloides rosea,Leafhopper,Insect,3,Canberra–Queanbeyan | Hobart | Sydney,10,False,,,,,
Austroagrion cyane,South-western Billabongfly,Insect,1,Perth,25,False,,,,,
Austroagrion exclamationis,Northern Billabongfly,Insect,2,Brisbane | Darwin,40,False,,,,,
Austroagrion watsoni,Eastern Billabongfly,Insect,6,Adelaide | Brisbane | Canberra–Queanbeyan | Hobart | Melbourne | Sydney,595,False,,,,,
Austroargiolestes calcaris,Powdered Flatwing,Insect,1,Melbourne,203,False,,,,,
Austroargiolestes icteromelas,Pale-mouth Common Flatwing,Insect,4,Brisbane | Canberra–Queanbeyan | Melbourne | Sydney,2698,False,,,,,
Austroargiolestes isabellae,Sydney Flatwing,Insect,1,Sydney,8,False,,,,,
Austrocarea iocephala,,Insect,6,Adelaide | Brisbane | Canberra–Queanbeyan | Melbourne | Perth | Sydney,143,False,,,,,
Austrocerus ipo,,Insect,2,Adelaide | Melbourne,3,False,,,,,
Austrocis bicaudatus,,Insect,1,Sydney,1,False,,,,,
Austroclerada victoriensis,Seed Bug,Insect,1,Melbourne,1,False,,,,,
Austrocnemis maccullochi,Tiny Longlegs,Insect,1,Darwin,7,False,,,,,
Austrocnemis splendida,Splendid Longlegs,Insect,2,Brisbane | Sydney,102,False,,,,,
Austrocoenagrion lyelli,Swamp Bluet,Insect,1,Sydney,1,False,,,,,
Austrocordulia refracta,Eastern Hawk,Insect,2,Brisbane | Sydney,7,False,,,,,
Austrocroce mira,,Insect,1,Perth,1,False,,,,,
Austrocyrta australiensis,Wood Wasp,Insect,1,Melbourne,1,False,,,,,
Austrodapus nitens,,Insect,1,Melbourne,2,False,,,,,
Austroepigomphus praeruptus,Twinspot Hunter,Insect,2,Brisbane | Sydney,8,False,,,,,
Austrogomphus amphiclitus,Pale Hunter,Insect,2,Brisbane | Sydney,138,False,,,,,
Austrogomphus australis,Inland Hunter,Insect,4,Adelaide | Brisbane | Canberra–Queanbeyan | Melbourne,29,False,,,,,
Austrogomphus collaris,Western Inland Hunter,Insect,1,Perth,5,False,,,,,
Austrogomphus cornutus,Unicorn Hunter,Insect,2,Brisbane | Canberra–Queanbeyan,4,False,,,,,
Austrogomphus guerini,Yellow-striped Hunter,Insect,5,Adelaide | Canberra–Queanbeyan | Hobart | Melbourne | Sydney,71,False,,,,,
Austrogomphus ochraceus,Jade Hunter,Insect,3,Canberra–Queanbeyan | Melbourne | Sydney,39,False,,,,,
Austrogorytes bellicosus,Wasp,Insect,3,Canberra–Queanbeyan | Melbourne | Sydney,5,False,,,,,
Austrogorytes fimbriatus,,Insect,1,Sydney,1,False,,,,,
Austrogorytes frenchii,Wasp,Insect,2,Canberra–Queanbeyan | Sydney,2,False,,,,,
Austrogorytes grahami,,Insect,1,Melbourne,1,False,,,,,
Austrogorytes spryi,Wasp,Insect,3,Melbourne | Perth | Sydney,198,False,,,,,
Austrogymnocnemia bipunctata,,Insect,2,Canberra–Queanbeyan | Perth,5,False,,,,,
Austrogymnocnemia falsa,,Insect,2,Canberra–Queanbeyan | Hobart,3,False,,,,,
Austrogymnocnemia meteorica,,Insect,3,Adelaide | Canberra–Queanbeyan | Perth,10,False,,,,,
Austrogynacantha heterogena,Australian Duskhawker,Insect,2,Brisbane | Sydney,67,False,,,,,
Austrohelcon erythrocephalus,,Insect,1,Hobart,1,False,,,,,
Austroicetes frater,Southern Austroicetes Grasshopper,Insect,1,Perth,1,False,,,,,
Austroicetes pusilla,,Insect,2,Canberra–Queanbeyan | Melbourne,10,False,,,,,
Austroicetes vulgaris,Southeastern Austroicetes Grasshopper,Insect,3,Adelaide | Hobart | Melbourne,28,False,,,,,
Austrokatanga monteithi,,Insect,2,Brisbane | Perth,4,False,,,,,
Austroleria extensa,Fly,Insect,2,Hobart | Melbourne,7,False,,,,,
Austroleria truncata,Fly,Insect,2,Hobart | Melbourne,15,False,,,,,
Austrolestes aleison,Western Ringtail,Insect,1,Perth,2,False,,,,,
Austrolestes analis,Slender Ringtail,Insect,6,Adelaide | Canberra–Queanbeyan | Hobart | Melbourne | Perth | Sydney,1277,False,,,,,
Austrolestes annulosus,Blue Ringtail,Insect,7,Adelaide | Brisbane | Canberra–Queanbeyan | Hobart | Melbourne | Perth | Sydney,548,False,,,,,
Austrolestes aridus,Inland Ringtail,Insect,3,Brisbane | Canberra–Queanbeyan | Sydney,10,False,,,,,
Austrolestes cingulatus,Metallic Ringtail,Insect,1,Melbourne,1,False,,,,,
Austrolestes io,Iota Ringtail,Insect,3,Hobart | Melbourne | Perth,34,False,,,,,
Austrolestes leda,Wandering Ringtail,Insect,5,Adelaide | Brisbane | Canberra–Queanbeyan | Melbourne | Sydney,3055,False,,,,,
Austrolestes minjerriba,Dune Ringtail,Insect,1,Brisbane,1,False,,,,,
Austrolestes psyche,Cup Ringtail,Insect,4,Brisbane | Hobart | Melbourne | Sydney,42,False,,,,,
Austrolimnius anytus,Riffle Beetle,Insect,1,Sydney,2,False,,,,,
Austrolimnophila antiqua,Crane Fly,Insect,4,Brisbane | Canberra–Queanbeyan | Melbourne | Sydney,27,False,,,,,
Austrolimnophila interventa,Crane Fly,Insect,1,Melbourne,5,False,,,,,
Austrolimnophila pristina,Crane Fly,Insect,1,Melbourne,1,False,,,,,
Austrolopa brunensis,Leafhopper,Insect,1,Hobart,1,False,,,,,
Austromalaya aculeata,,Insect,1,Brisbane,10,False,,,,,
Austromalaya lata,,Insect,1,Brisbane,8,False,,,,,
Austromalaya reticulata,,Insect,3,Brisbane | Darwin | Perth,26,False,,,,,
Austromantis albomarginata,,Insect,1,Darwin,5,False,,,,,
Austromantispa imbecilla,,Insect,3,Brisbane | Darwin | Sydney,13,False,,,,,
Austromantispa trevori,,Insect,2,Canberra–Queanbeyan | Melbourne,22,False,,,,,
Austromenopon paululum,,Insect,1,Sydney,1,False,,,,,
Austromiris nigronasutus,,Insect,1,Canberra–Queanbeyan,1,False,,,,,
Austromiris viridissimus,Plant Bug,Insect,4,Adelaide | Canberra–Queanbeyan | Melbourne | Sydney,47,False,,,,,
Austromordella niveosuturalis,,Insect,1,Perth,1,False,,,,,
Austromorium flavigaster,Ant,Insect,1,Melbourne,1,False,,,,,
Austronanodes alleni,,Insect,1,Brisbane,1,False,,,,,
Austronepa angusta,Water Scorpion,Insect,1,Brisbane,1,False,,,,,
Austroneurorthus brunneipennis,,Insect,1,Sydney,1,False,,,,,
Austronia rubrithorax,Parasitoid Wasp,Insect,1,Adelaide,1,False,,,,,
Austronomus australis,White-striped Freetail-bat,Mammal,6,Adelaide | Brisbane | Canberra–Queanbeyan | Melbourne | Perth | Sydney,1043,False,,,,,
Austronymphes insularis,,Insect,1,Melbourne,1,False,,,,,
Austropaschia porrigens,Snout Moth,Insect,1,Perth,1,False,,,,,
Austropeplus annulipes,,Insect,2,Canberra–Queanbeyan | Sydney,31,False,,,,,
Austropetalia patricia,Waterfall Redspot,Insect,2,Melbourne | Sydney,2,False,,,,,
Austropetalia tonyana,Alpine Redspot,Insect,1,Melbourne,9,False,,,,,
Austrophlebia costalis,Southern Giant Darner,Insect,1,Sydney,9,False,,,,,
Austrophlugis debaari,,Insect,2,Brisbane | Sydney,136,False,,,,,
Austrophlugis orumbera,,Insect,2,Brisbane | Sydney,55,False,,,,,
Austroplebeia australis,,Insect,1,Brisbane,3,False,,,,,
Austroplex goldfinchi,,Insect,1,Brisbane,1,False,,,,,
Austroponera rufonigra,,Insect,1,Adelaide,1,False,,,,,
Austropsocus viridis,,Insect,2,Hobart | Melbourne,18,False,,,,,
Austrosalomona falcata,,Insect,4,Brisbane | Canberra–Queanbeyan | Melbourne | Sydney,464,False,,,,,
Austrosaropogon claviger,,Insect,1,Brisbane,2,False,,,,,
Austrosaropogon nigrinus,Robber Fly,Insect,2,Melbourne | Sydney,6,False,,,,,
Austrosciapus capricornis,,Insect,1,Sydney,1,False,,,,,
Austrosciapus connexus,Long-legged Fly,Insect,6,Adelaide | Brisbane | Canberra–Queanbeyan | Melbourne | Perth | Sydney,238,False,,,,,
Austrosciapus discretifasciatus,Long-legged Fly,Insect,1,Brisbane,1,False,,,,,
Austrosciapus proximus,Long-legged Fly,Insect,6,Adelaide | Brisbane | Canberra–Queanbeyan | Melbourne | Perth | Sydney,594,False,,,,,
Austrosciapus sarinensis,,Insect,2,Melbourne | Sydney,2,False,,,,,
Austrosciapus tumidus,Long-legged Fly,Insect,3,Brisbane | Melbourne | Sydney,9,False,,,,,
Austrosciapus zentae,,Insect,1,Brisbane,3,False,,,,,
Austroscolia nitida,,Insect,1,Sydney,1,False,,,,,
Austroscolia soror,Parasitoid Wasp,Insect,6,Brisbane | Canberra–Queanbeyan | Darwin | Melbourne | Perth | Sydney,465,False,,,,,
Austrosipyloidea carterus,Black-striped Stick-insect,Insect,1,Brisbane,11,False,,,,,
Austrotachardia melaleucae,,Insect,2,Melbourne | Perth,8,False,,,,,
Austrotartessus ianassa,,Insect,1,Brisbane,71,False,,,,,
Austrotephritis brunnea,Primitive Crane Fly,Insect,1,Hobart,10,False,,,,,
Austrotephritis bushi,Primitive Crane Fly,Insect,1,Hobart,13,False,,,,,
Austrotephritis fuscata,Primitive Crane Fly,Insect,5,Adelaide | Brisbane | Canberra–Queanbeyan | Melbourne | Sydney,45,False,,,,,
Austrotephritis pelia,,Insect,3,Canberra–Queanbeyan | Melbourne | Perth,32,False,,,,,
Austrotephritis poenia,Primitive Crane Fly,Insect,5,Adelaide | Canberra–Queanbeyan | Melbourne | Perth | Sydney,361,False,,,,,
Austrotephritis pumila,,Insect,3,Canberra–Queanbeyan | Hobart | Sydney,10,False,,,,,
Austrotephritis trupanea,,Insect,2,Adelaide | Melbourne,24,False,,,,,
Austroterpna idiographa,,Insect,1,Sydney,1,False,,,,,
Austroterpna paratorna,Geometer Moth,Insect,4,Adelaide | Canberra–Queanbeyan | Melbourne | Sydney,85,False,,,,,
Austrothemis nigrescens,Swamp Flat-tail,Insect,1,Perth,17,False,,,,,
Austrothurgus cognatus,,Insect,1,Sydney,1,False,,,,,
Austrotichus rugosus,Shield Bug,Insect,1,Perth,3,False,,,,,
Austrovates variegata,,Insect,1,Darwin,1,False,,,,,
Austrovelinus varius,,Insect,2,Brisbane | Sydney,20,False,,,,,
Austroxestus australiensis,Seed Bug,Insect,1,Brisbane,3,False,,,,,
Austroxylabis pictipennis,,Insect,2,Hobart | Melbourne,5,False,,,,,
Authaemon purpurea,Geometer Moth,Insect,2,Melbourne | Sydney,2,False,,,,,
Authaemon stenonipha,Geometer Moth,Insect,3,Canberra–Queanbeyan | Hobart | Melbourne,14,False,,,,,
Authomaema diemeniana,,Insect,3,Brisbane | Melbourne | Sydney,4,False,,,,,
Authomaema pentacosma,,Insect,1,Perth,2,False,,,,,
Autoba abrupta,,Insect,1,Brisbane,1,False,,,,,
Autoba pectorora,,Insect,1,Brisbane,5,False,,,,,
Autoba silicula,,Insect,2,Brisbane | Darwin,11,False,,,,,
Autoba versicolor,,Insect,1,Brisbane,1,False,,,,,
Autocharis hedyphaes,,Insect,1,Darwin,27,False,,,,,
Automolius depressus,,Insect,1,Hobart,2,False,,,,,
Avatha discolor,,Insect,2,Brisbane | Darwin,156,False,,,,,
Aviceda subcristata,Pacific Baza,Bird,4,Brisbane | Canberra–Queanbeyan | Darwin | Sydney,6764,False,,,,,
Avicenna inquinata,,Insect,2,Brisbane | Sydney,24,False,,,,,
Avitta ophiusalis,,Insect,1,Darwin,1,False,,,,,
Axiocrita cataphanes,,Insect,1,Brisbane,2,False,,,,,
Axiocteta oenoplex,,Insect,1,Brisbane,222,False,,,,,
Axis axis,Chital,Mammal,2,Brisbane | Sydney,3,False,,,,,
Aythya australis,Hardhead,Bird,8,Adelaide | Brisbane | Canberra–Queanbeyan | Darwin | Hobart | Melbourne | Perth | Sydney,73917,False,,,,,
Azollaebagous clarenciensis,,Insect,1,Melbourne,1,False,,,,,
Baclozygum brachypterum,Bug,Insect,1,Perth,2,False,,,,,
Baclozygum depressum,Bug,Insect,1,Hobart,2,False,,,,,
Bactericera cockerelli,Potato Psyllid,Insect,1,Perth,2,False,,,,,
Bactra venosana,,Insect,1,Brisbane,3,False,,,,,
Bactrocera bancroftii,,Insect,1,Brisbane,1,False,,,,,
Bactrocera batemani,,Insect,1,Brisbane,2,False,,,,,
Bactrocera brunnea,,Insect,1,Sydney,1,False,,,,,
Bactrocera bryoniae,,Insect,1,Brisbane,2,False,,,,,
Bactrocera cacuminata,Fruit Fly,Insect,2,Brisbane | Sydney,10,False,,,,,
Bactrocera decurtans,,Insect,1,Darwin,2,False,,,,,
Bactrocera halfordiae,,Insect,1,Brisbane,1,False,,,,,
Bactrocera jarvisi,,Insect,1,Darwin,1,False,,,,,
Bactrocera neohumeralis,,Insect,1,Brisbane,5,False,,,,,
Bactrocera tryoni,Queensland Fruit Fly,Insect,4,Brisbane | Canberra–Queanbeyan | Melbourne | Sydney,135,False,,,,,
Bactrothrips nativus,,Insect,1,Sydney,1,False,,,,,
Badamia exclamationis,Brown Awl,Insect,2,Brisbane | Darwin,24,False,,,,,
Badister sundaicus,,Insect,1,Melbourne,1,False,,,,,
Baeoptila oculalis,,Insect,1,Canberra–Queanbeyan,1,False,,,,,
Bajauana austrina,,Insect,1,Brisbane,1,False,,,,,
Bakeriana rubra,,Insect,1,Adelaide,1,False,,,,,
Balaana abscondita,Bee Fly,Insect,1,Sydney,1,False,,,,,
Balaana gigantea,Bee Fly,Insect,2,Adelaide | Brisbane,2,False,,,,,
Balaenoptera acutorostrata,Dwarf Minke Whale,Mammal,1,Sydney,2,False,,,,,
Balaenoptera edeni,Bryde's Whale,Mammal,1,Melbourne,1,False,,,,,
Balaenoptera musculus,Blue Whale,Mammal,1,Sydney,6,True,Endangered,Balaenoptera musculus,Balaenoptera musculus,Blue Whale,2000-07-16
Balanomis encyclia,,Insect,4,Brisbane | Canberra–Queanbeyan | Melbourne | Sydney,11,False,,,,,
Balanophorus brevipennis,,Insect,2,Canberra–Queanbeyan | Melbourne,3,False,,,,,
Balanophorus janthinipennis,,Insect,1,Canberra–Queanbeyan,1,False,,,,,
Balanophorus mastersii,,Insect,3,Brisbane | Melbourne | Sydney,24,False,,,,,
Balanophorus victoriensis,,Insect,1,Melbourne,1,False,,,,,
Balclutha rubrostriata,,Insect,1,Brisbane,23,False,,,,,
Balclutha saltuella,Leafhopper,Insect,4,Adelaide | Brisbane | Canberra–Queanbeyan | Melbourne,15,False,,,,,
Balta bicolor,Cockroach,Insect,4,Brisbane | Canberra–Queanbeyan | Melbourne | Sydney,469,False,,,,,
Balta fratercula,,Insect,1,Brisbane,7,False,,,,,
Balta hebardi,,Insect,1,Perth,62,False,,,,,
Balta spuria,Cockroach,Insect,4,Brisbane | Canberra–Queanbeyan | Melbourne | Sydney,482,False,,,,,
Balta verticalis,,Insect,1,Brisbane,1,False,,,,,
Balta yorkensis,,Insect,1,Brisbane,3,False,,,,,
Bandidus breviusculus,,Insect,2,Canberra–Queanbeyan | Melbourne,15,False,,,,,
Bandidus canifrons,,Insect,5,Adelaide | Brisbane | Canberra–Queanbeyan | Melbourne | Sydney,81,False,,,,,
Bandidus vafer,,Insect,2,Hobart | Melbourne,5,False,,,,,
Banisia lobata,,Insect,1,Darwin,9,False,,,,,
Barantola pulcherrima,,Insect,1,Brisbane,1,False,,,,,
Barasa cymatistis,,Insect,2,Brisbane | Darwin,79,False,,,,,
Bardistus cibarius,Badee Grub,Insect,1,Perth,21,False,,,,,
Barea anerasta,,Insect,2,Brisbane | Sydney,21,False,,,,,
Barea atmophora,Concealer Moth,Insect,3,Brisbane | Canberra–Queanbeyan | Melbourne,10,False,,,,,
Barea basigramma,,Insect,2,Brisbane | Canberra–Queanbeyan,2,False,,,,,
Barea bathrochorda,,Insect,2,Canberra–Queanbeyan | Melbourne,34,False,,,,,
Barea codrella,Common Barea Moth,Insect,5,Adelaide | Brisbane | Canberra–Queanbeyan | Melbourne | Sydney,158,False,,,,,
Barea confusella,,Insect,5,Brisbane | Canberra–Queanbeyan | Hobart | Melbourne | Sydney,53,False,,,,,
Barea consignatella,,Insect,3,Canberra–Queanbeyan | Melbourne | Sydney,42,False,,,,,
Barea crypsipyrrha,Concealer Moth,Insect,1,Melbourne,1,False,,,,,
Barea discincta,Concealer Moth,Insect,1,Sydney,1,False,,,,,
Barea eucapnodes,,Insect,4,Brisbane | Canberra–Queanbeyan | Melbourne | Sydney,40,False,,,,,
Barea euprepes,,Insect,1,Brisbane,7,False,,,,,
Barea exarcha,Concealer Moth,Insect,4,Canberra–Queanbeyan | Hobart | Melbourne | Sydney,22,False,,,,,
Barea leucocephala,,Insect,1,Brisbane,58,False,,,,,
Barea lithoglypta,,Insect,2,Melbourne | Sydney,2,False,,,,,
Barea melanodelta,Concealer Moth,Insect,4,Brisbane | Canberra–Queanbeyan | Melbourne | Sydney,52,False,,,,,
Barea meridarcha,Concealer Moth,Insect,1,Melbourne,22,False,,,,,
Barea micropis,,Insect,1,Melbourne,12,False,,,,,
Barea nymphica,,Insect,3,Brisbane | Melbourne | Sydney,4,False,,,,,
Barea phaeomochla,Concealer Moth,Insect,2,Canberra–Queanbeyan | Melbourne,22,False,,,,,
Barea phaulobrya,,Insect,1,Brisbane,1,False,,,,,
Barea semocausta,Concealer Moth,Insect,1,Melbourne,3,False,,,,,
Barea sphaeridias,Concealer Moth,Insect,1,Melbourne,4,False,,,,,
Barea subviridella,,Insect,3,Canberra–Queanbeyan | Melbourne | Sydney,10,False,,,,,
Barea synchyta,,Insect,2,Melbourne | Sydney,2,False,,,,,
Barea turbatella,Concealer Moth,Insect,1,Melbourne,1,False,,,,,
Barea xanthocoma,,Insect,1,Adelaide,1,False,,,,,
Barea zygophora,Concealer Moth,Insect,3,Canberra–Queanbeyan | Melbourne | Sydney,24,False,,,,,
Baris leucospila,,Insect,1,Brisbane,4,False,,,,,
Baris tenuistriata,,Insect,1,Brisbane,2,False,,,,,
Barnardius zonarius,Australian Ringneck,Bird,7,Adelaide | Brisbane | Canberra–Queanbeyan | Darwin | Melbourne | Perth | Sydney,19859,False,,,,,
Basicryptus interruptus,,Insect,2,Brisbane | Sydney,3,False,,,,,
Basitropis relicta,,Insect,1,Brisbane,1,False,,,,,
Bassianus colydioides,,Insect,2,Canberra–Queanbeyan | Melbourne,4,False,,,,,
Bastilla arctotaenia,,Insect,1,Brisbane,7,False,,,,,
Bastilla dicoela,,Insect,1,Brisbane,7,False,,,,,
Bastilla joviana,,Insect,1,Sydney,1,False,,,,,
Bathromelas hyaloscopa,,Insect,1,Canberra–Queanbeyan,3,False,,,,,
Bathrosterra calotropha,,Insect,3,Brisbane | Melbourne | Sydney,33,False,,,,,
Bathrus variegatus,,Insect,2,Brisbane | Sydney,8,False,,,,,
Bathyllus albicinctus,Froghopper,Insect,6,Adelaide | Canberra–Queanbeyan | Hobart | Melbourne | Perth | Sydney,404,False,,,,,
Bathypogon nigrinus,Robber Fly,Insect,2,Canberra–Queanbeyan | Hobart,6,False,,,,,
Bathytricha aethalion,Owlet Moth,Insect,1,Canberra–Queanbeyan,2,False,,,,,
Bathytricha leonina,Owlet Moth,Insect,1,Melbourne,2,False,,,,,
Bathytricha truncata,Sugarcane And Maize Stemborer Moth,Insect,3,Adelaide | Canberra–Queanbeyan | Melbourne,19,False,,,,,
Batrachedra liopis,,Insect,1,Sydney,2,False,,,,,
Batrachedra trimeris,,Insect,2,Melbourne | Perth,3,False,,,,,
Batracomorphus angustatus,Green Jassid,Insect,1,Adelaide,2,False,,,,,
Batracomorphus elegans,Leafhopper,Insect,1,Hobart,2,False,,,,,
Bebius filiformis,,Insect,1,Melbourne,1,False,,,,,
Bedellia somnulentella,,Insect,5,Adelaide | Brisbane | Canberra–Queanbeyan | Melbourne | Sydney,40,False,,,,,
Bedunia cuspidata,,Insect,1,Brisbane,13,False,,,,,
Beesonia ferrugineus,,Insect,2,Brisbane | Sydney,48,False,,,,,
Belenois java,Caper White,Insect,7,Adelaide | Brisbane | Canberra–Queanbeyan | Darwin | Melbourne | Perth | Sydney,1995,False,,,,,
Bellatorias frerei,Major Skink,Reptile,1,Brisbane,91,False,,,,,
Bellatorias major,Land Mullet,Reptile,2,Brisbane | Sydney,5,False,,,,,
Bembix flavifrons,Wasp,Insect,1,Melbourne,1,False,,,,,
Bembix furcata,Wasp,Insect,6,Adelaide | Brisbane | Canberra–Queanbeyan | Melbourne | Perth | Sydney,35,False,,,,,
Bembix lamellata,Wasp,Insect,1,Adelaide,2,False,,,,,
Bembix musca,,Insect,1,Sydney,12,False,,,,,
Bembix palmata,Wasp,Insect,4,Brisbane | Canberra–Queanbeyan | Melbourne | Sydney,16,False,,,,,
Bembix trepida,Wasp,Insect,2,Melbourne | Sydney,7,False,,,,,
Bembix variabilis,Wasp,Insect,2,Canberra–Queanbeyan | Melbourne,3,False,,,,,
Bembix vespiformis,Wasp,Insect,2,Adelaide | Perth,13,False,,,,,
Bemisia afer,,Insect,1,Adelaide,1,False,,,,,
Bemisia atriplex,,Insect,1,Sydney,1,False,,,,,
Bemisia giffardi,,Insect,1,Adelaide,1,False,,,,,
Bermius brachycerus,,Insect,4,Brisbane | Canberra–Queanbeyan | Melbourne | Sydney,169,False,,,,,
Bermius curvicercus,,Insect,1,Darwin,5,False,,,,,
Betasyrphus serarius,,Insect,3,Brisbane | Melbourne | Sydney,18,False,,,,,
Bethelium diversicorne,,Insect,7,Adelaide | Brisbane | Canberra–Queanbeyan | Hobart | Melbourne | Perth | Sydney,94,False,,,,,
Bethelium inconspicuum,,Insect,1,Adelaide,2,False,,,,,
Bettongia gaimardi,Tasmanian Bettong,Mammal,2,Canberra–Queanbeyan | Hobart,102,False,,,,,
Bettongia penicillata,Woylie,Mammal,1,Perth,157,False,,,,,
Bibio imitator,Garden Maggot,Insect,6,Adelaide | Brisbane | Canberra–Queanbeyan | Melbourne | Perth | Sydney,1408,False,,,,,
Bibla papyria,White-banded Grass-dart,Insect,6,Adelaide | Canberra–Queanbeyan | Hobart | Melbourne | Perth | Sydney,337,False,,,,,
Bida radiosella,Concealer Moth,Insect,1,Perth,3,False,,,,,
Bifiditermes improbus,Termite,Insect,3,Adelaide | Brisbane | Melbourne,7,False,,,,,
Bilbilicallia bifasciata,,Insect,1,Perth,1,False,,,,,
Bimia bicolor,Bimia Longicorn,Insect,2,Adelaide | Perth,9,False,,,,,
Biprorulus bibax,Spined Citrus Bug,Insect,5,Adelaide | Brisbane | Canberra–Queanbeyan | Melbourne | Sydney,189,False,,,,,
Bipunctiphorus euctimena,,Insect,1,Brisbane,2,False,,,,,
Birrima castanea,Red Treeticker,Insect,1,Sydney,1,False,,,,,
Birrima varians,Black Treeticker,Insect,1,Brisbane,230,False,,,,,
Bisallardiana gymnopleura,,Insect,3,Brisbane | Canberra–Queanbeyan | Sydney,33,False,,,,,
Bisallardiana obscura,,Insect,1,Darwin,6,False,,,,,
Biziura lobata,Musk Duck,Bird,7,Adelaide | Brisbane | Canberra–Queanbeyan | Hobart | Melbourne | Perth | Sydney,13833,False,,,,,
Blackburniella intricata,,Insect,2,Hobart | Perth,17,False,,,,,
Blaena coarctata,Shield Bug,Insect,1,Adelaide,1,False,,,,,
Blaps polychresta,,Insect,1,Adelaide,3,False,,,,,
Blastobasis scotia,,Insect,4,Brisbane | Canberra–Queanbeyan | Melbourne | Sydney,55,False,,,,,
Blastobasis tanyptera,,Insect,3,Adelaide | Brisbane | Sydney,26,False,,,,,
Blastobasis tarda,,Insect,6,Adelaide | Brisbane | Canberra–Queanbeyan | Melbourne | Perth | Sydney,142,False,,,,,
Blastophaga psenes,,Insect,2,Adelaide | Melbourne,4,False,,,,,
Blastopsylla adnatariae,,Insect,1,Melbourne,1,False,,,,,
Blastopsylla occidentalis,,Insect,1,Canberra–Queanbeyan,1,False,,,,,
Blatta orientalis,Oriental Cockroach,Insect,2,Canberra–Queanbeyan | Sydney,4,False,,,,,
Blattella germanica,German Cockroach,Insect,8,Adelaide | Brisbane | Canberra–Queanbeyan | Darwin | Hobart | Melbourne | Perth | Sydney,97,False,,,,,
Blattella lituricollis,,Insect,1,Darwin,1,False,,,,,
Blenina donans,,Insect,2,Brisbane | Darwin,2,False,,,,,
Blenina lichenopa,,Insect,1,Brisbane,4,False,,,,,
Blepharotes coriarius,Giant Yellow Robber Fly,Insect,3,Adelaide | Brisbane | Sydney,8,False,,,,,
Blepharotes flavus,,Insect,1,Brisbane,1,False,,,,,
Blepharotes splendidissimus,Robber Fly,Insect,3,Brisbane | Canberra–Queanbeyan | Sydney,59,False,,,,,
Blepiarda undulata,,Insect,2,Melbourne | Sydney,10,False,,,,,
Boa constrictor,Common Boa,Reptile,1,Sydney,3,False,,,,,
Bobilla killara,,Insect,2,Canberra–Queanbeyan | Sydney,4,False,,,,,
Bobilla kindyerra,,Insect,1,Canberra–Queanbeyan,1,False,,,,,
Bocana manifestalis,,Insect,1,Brisbane,1,False,,,,,
Boeotarcha taenialis,,Insect,1,Darwin,4,False,,,,,
Boiga irregularis,Night Tiger,Reptile,3,Brisbane | Darwin | Sydney,127,False,,,,,
Bolbophanes rugatus,,Insect,1,Brisbane,1,False,,,,,
Bolborhachium trituberculatum,,Insect,1,Perth,1,False,,,,,
Boletoscapter furcatus,,Insect,1,Brisbane,3,False,,,,,
Bombus terrestris,,Insect,3,Brisbane | Hobart | Sydney,173,False,,,,,
Bombyx mori,Silkworm,Insect,4,Brisbane | Hobart | Perth | Sydney,9,False,,,,,
Bondia attenuatana,,Insect,1,Sydney,1,False,,,,,
Bondia digramma,,Insect,1,Perth,1,False,,,,,
Bondia nigella,,Insect,5,Adelaide | Canberra–Queanbeyan | Hobart | Melbourne | Sydney,46,False,,,,,
Bonjeania actuosa,,Insect,1,Hobart,3,False,,,,,
Bonjeania clamosis,,Insect,2,Canberra–Queanbeyan | Perth,2,False,,,,,
Bonjeania nitidifrons,,Insect,1,Hobart,1,False,,,,,
Bonjeania segnis,,Insect,1,Hobart,7,False,,,,,
Borbo impar,Yellow Rice Swift,Insect,1,Darwin,28,False,,,,,
Boreioglycaspis melaleucae,,Insect,2,Brisbane | Hobart,3,False,,,,,
Boreoides subulatus,Wingless Soldier Fly,Insect,4,Adelaide | Canberra–Queanbeyan | Melbourne | Sydney,474,False,,,,,
Boreoides tasmaniensis,,Insect,1,Hobart,10,False,,,,,
Bos taurus,European Cattle,Mammal,5,Brisbane | Canberra–Queanbeyan | Melbourne | Perth | Sydney,53,False,,,,,
Bostrychopsis jesuita,Large Auger Beetle,Insect,5,Adelaide | Brisbane | Canberra–Queanbeyan | Melbourne | Perth,18,False,,,,,
Botaurus poiciloptilus,Australasian Bittern,Bird,6,Adelaide | Brisbane | Canberra–Queanbeyan | Hobart | Melbourne | Sydney,431,True,Endangered,Botaurus poiciloptilus,Botaurus poiciloptilus,Australasian Bittern,2011-03-03
Bothriomutilla rugicollis,,Insect,5,Adelaide | Canberra–Queanbeyan | Melbourne | Perth | Sydney,20,False,,,,,
Botocudo ornatulus,,Insect,1,Perth,1,False,,,,,
Bracca matutinata,,Insect,2,Brisbane | Sydney,5,False,,,,,
Brachybelistis blackburnii,Concealer Moth,Insect,1,Brisbane,2,False,,,,,
Brachybelistis neomorpha,,Insect,1,Brisbane,6,False,,,,,
Brachybelistis pentachroa,Concealer Moth,Insect,1,Brisbane,2,False,,,,,
Brachycaudus helichrysi,Leafcurl Plum Aphid,Insect,1,Canberra–Queanbeyan,1,False,,,,,
Brachycaudus persicae,Black Peach Aphid,Insect,2,Melbourne | Sydney,4,False,,,,,
Brachycyrtus australis,,Insect,2,Brisbane | Canberra–Queanbeyan,2,False,,,,,
Brachydeutera sydneyensis,Shore Fly,Insect,3,Canberra–Queanbeyan | Melbourne | Sydney,11,False,,,,,
Brachydiplax denticauda,Palemouth,Insect,2,Brisbane | Darwin,462,False,,,,,
Brachydrymus lateabundans,Seed Bug,Insect,1,Brisbane,1,False,,,,,
Brachyexarna lobipennis,,Insect,2,Canberra–Queanbeyan | Melbourne,19,False,,,,,
Brachyhesma houstoni,,Insect,1,Adelaide,1,False,,,,,
Brachyhesma trichopterota,,Insect,1,Sydney,1,False,,,,,
Brachylophus vitiensis,Fijian Crested Iguana,Reptile,1,Sydney,1,False,,,,,
Brachymeria lasus,,Insect,1,Brisbane,1,False,,,,,
Brachymeria perflavipes,,Insect,1,Sydney,1,False,,,,,
Brachymeria podagrica,,Insect,6,Adelaide | Brisbane | Canberra–Queanbeyan | Melbourne | Perth | Sydney,53,False,,,,,
Brachynemata restricta,,Insect,3,Adelaide | Brisbane | Sydney,6,False,,,,,
Brachypeplus basalis,,Insect,3,Hobart | Melbourne | Sydney,4,False,,,,,
Brachypeplus binotatus,,Insect,1,Hobart,1,False,,,,,
Brachypeplus planus,,Insect,1,Hobart,2,False,,,,,
Brachyphyes thoracicus,,Insect,1,Brisbane,1,False,,,,,
Brachyponera lutea,Ant,Insect,4,Brisbane | Canberra–Queanbeyan | Perth | Sydney,44,False,,,,,
Brachyrhopala ruficornis,Robber Fly,Insect,1,Melbourne,1,False,,,,,
Brachyrhynchus australis,,Insect,1,Brisbane,1,False,,,,,
Brachysandalus fuliginosus,,Insect,4,Canberra–Queanbeyan | Hobart | Melbourne | Sydney,45,False,,,,,
Brachysandalus fulvipennis,,Insect,2,Canberra–Queanbeyan | Melbourne,5,False,,,,,
Brachysandalus lurco,,Insect,1,Perth,2,False,,,,,
Brachysandalus punctorius,,Insect,1,Brisbane,1,False,,,,,
Brachysandalus setosus,,Insect,1,Brisbane,4,False,,,,,
Brachysandalus westraliensis,,Insect,1,Perth,1,False,,,,,
Brachytria discopunctata,,Insect,1,Melbourne,1,False,,,,,
Brachytria erosa,,Insect,2,Adelaide | Perth,2,False,,,,,
Brachytria gulosa,,Insect,2,Hobart | Sydney,3,False,,,,,
Brachytria jugosa,,Insect,3,Brisbane | Canberra–Queanbeyan | Sydney,5,False,,,,,
Brachytria pulcherrima,,Insect,1,Brisbane,6,False,,,,,
Brachyurophis fasciolatus,Narrow-banded Snake,Reptile,1,Perth,1,False,,,,,
Brachyurophis roperi,Northern Shovel-nosed Snake,Reptile,1,Darwin,1,False,,,,,
Brachyurophis semifasciatus,Southern Shovel-nosed Snake,Reptile,1,Perth,9,False,,,,,
Bradina admixtalis,,Insect,1,Brisbane,14,False,,,,,
Bradina mannusalis,,Insect,1,Brisbane,4,False,,,,,
Bradiopsylla echidnae,,Insect,1,Hobart,1,False,,,,,
Branta canadensis,Canada Goose,Bird,1,Sydney,2,False,,,,,
Brassicogethes aeneus,,Insect,1,Canberra–Queanbeyan,1,False,,,,,
Braula coeca,,Insect,1,Hobart,2,False,,,,,
Brenthia quadriforella,,Insect,1,Darwin,2,False,,,,,
Brevicoryne brassicae,Cabbage Aphid,Insect,6,Adelaide | Canberra–Queanbeyan | Hobart | Melbourne | Perth | Sydney,98,False,,,,,
Brevicyttara cyclospila,,Insect,1,Perth,2,False,,,,,
Brindlensia jeekeli,,Insect,1,Melbourne,1,False,,,,,
Britha biguttata,,Insect,2,Brisbane | Darwin,6,False,,,,,
Brithys crini,,Insect,3,Brisbane | Darwin | Melbourne,39,False,,,,,
Bromocoris souefi,,Insect,2,Brisbane | Darwin,1305,False,,,,,
Bromotheres australis,Robber Fly,Insect,2,Canberra–Queanbeyan | Melbourne,8,False,,,,,
Bruchophagus fellis,,Insect,5,Adelaide | Brisbane | Melbourne | Perth | Sydney,93,False,,,,,
Bruchus pisorum,,Insect,1,Melbourne,2,False,,,,,
Brunettia alternata,Moth Fly,Insect,1,Brisbane,1,False,,,,,
Brunia dorsalis,,Insect,3,Brisbane | Darwin | Sydney,25,False,,,,,
Brunia replana,,Insect,2,Brisbane | Sydney,247,False,,,,,
Brunotartessus fulvus,Leafhopper,Insect,6,Adelaide | Brisbane | Canberra–Queanbeyan | Melbourne | Perth | Sydney,441,False,,,,,
Bryophilopsis leucopolia,,Insect,1,Darwin,4,False,,,,,
Bubas bison,,Insect,4,Adelaide | Hobart | Melbourne | Perth,7,False,,,,,
Bubulcus ibis,Eastern Cattle Egret,Bird,8,Adelaide | Brisbane | Canberra–Queanbeyan | Darwin | Hobart | Melbourne | Perth | Sydney,1487,False,,,,,
Buciara bipartita,Owlet Moth,Insect,2,Adelaide | Perth,5,False,,,,,
Bucolus cirrhosus,,Insect,2,Adelaide | Sydney,2,False,,,,,
Bucolus fourneti,,Insect,1,Melbourne,1,False,,,,,
Bulweria bulwerii,Bulwer's Petrel,Bird,1,Sydney,2,False,,,,,
Bunduica rubrovenosa,,Insect,1,Perth,1,False,,,,,
Bunyella dromedarius,,Insect,1,Brisbane,7,False,,,,,
Burhinus grallarius,Bush Stone-curlew,Bird,7,Adelaide | Brisbane | Canberra–Queanbeyan | Darwin | Melbourne | Perth | Sydney,15698,False,,,,,
Buthumka reducta,Shield Bug,Insect,2,Hobart | Melbourne,5,False,,,,,
Butorides striata,Striated Heron,Bird,3,Brisbane | Darwin | Sydney,15207,False,,,,,
Buzara frontinus,,Insect,1,Sydney,5,False,,,,,
Buzara latizona,,Insect,3,Brisbane | Darwin | Sydney,23,False,,,,,
Byrsinus australis,,Insect,1,Melbourne,1,False,,,,,
Cabasa pulchella,Robber Fly,Insect,2,Brisbane | Hobart,6,False,,,,,
Cacatua galerita,Sulphur-crested Cockatoo,Bird,8,Adelaide | Brisbane | Canberra–Queanbeyan | Darwin | Hobart | Melbourne | Perth | Sydney,307067,False,,,,,
Cacatua pastinator,Western Corella,Bird,4,Brisbane | Melbourne | Perth | Sydney,286,False,,,,,
Cacatua sanguinea,Little Corella,Bird,8,Adelaide | Brisbane | Canberra–Queanbeyan | Darwin | Hobart | Melbourne | Perth | Sydney,145196,False,,,,,
Cacatua tenuirostris,Long-billed Corella,Bird,8,Adelaide | Brisbane | Canberra–Queanbeyan | Darwin | Hobart | Melbourne | Perth | Sydney,45600,False,,,,,
Cacodacnus planicollis,,Insect,4,Adelaide | Brisbane | Canberra–Queanbeyan | Melbourne,38,False,,,,,
Cacomantis flabelliformis,Fan-tailed Cuckoo,Bird,7,Adelaide | Brisbane | Canberra–Queanbeyan | Hobart | Melbourne | Perth | Sydney,25131,False,,,,,
Cacomantis variolosus,Brush Cuckoo,Bird,6,Adelaide | Brisbane | Canberra–Queanbeyan | Darwin | Melbourne | Sydney,7124,False,,,,,
Cacophis harriettae,White-crowned Snake,Reptile,2,Brisbane | Sydney,98,False,,,,,
Cacophis krefftii,Southern Dwarf Crowned Snake,Reptile,2,Brisbane | Sydney,20,False,,,,,
Cacophis squamulosus,Golden-crowned Snake,Reptile,2,Brisbane | Sydney,944,False,,,,,
Cacostomus squamosus,,Insect,1,Brisbane,11,False,,,,,
Cactoblastis cactorum,,Insect,3,Brisbane | Melbourne | Sydney,9,False,,,,,
Cadmus aurantiacus,,Insect,3,Canberra–Queanbeyan | Melbourne | Sydney,21,False,,,,,
Cadmus calomeloides,,Insect,2,Adelaide | Melbourne,4,False,,,,,
Cadmus cognatus,,Insect,1,Melbourne,1,False,,,,,
Cadmus colossus,,Insect,1,Brisbane,1,False,,,,,
Cadmus crucicollis,,Insect,4,Adelaide | Canberra–Queanbeyan | Hobart | Melbourne,21,False,,,,,
Cadmus excrementarius,,Insect,3,Canberra–Queanbeyan | Melbourne | Perth,6,False,,,,,
Cadmus ferrugineus,,Insect,4,Brisbane | Canberra–Queanbeyan | Melbourne | Sydney,6,False,,,,,
Cadmus gigas,,Insect,4,Brisbane | Canberra–Queanbeyan | Melbourne | Sydney,9,False,,,,,
Cadmus litigiosus,,Insect,2,Canberra–Queanbeyan | Melbourne,23,False,,,,,
Cadmus pacificus,,Insect,1,Melbourne,1,False,,,,,
Cadmus rugicollis,,Insect,2,Adelaide | Melbourne,2,False,,,,,
Cadmus vibrans,,Insect,1,Melbourne,2,False,,,,,
Cadra cautella,Tropical Warehouse Moth,Insect,2,Canberra–Queanbeyan | Sydney,2,False,,,,,
Cadra perfasciata,,Insect,1,Perth,1,False,,,,,
Cadra reniformis,,Insect,1,Darwin,2,False,,,,,
Cadrema nigridorsata,,Insect,1,Hobart,2,False,,,,,
Cadrema unimaculata,,Insect,1,Hobart,2,False,,,,,
Caedicia acutifolia,,Insect,1,Darwin,1,False,,,,,
Caedicia marginata,,Insect,2,Brisbane | Sydney,11,False,,,,,
Caedicia simplex,Common Garden Katydid,Insect,7,Adelaide | Brisbane | Canberra–Queanbeyan | Hobart | Melbourne | Perth | Sydney,1218,False,,,,,
Caenolanguria vulgaris,,Insect,1,Brisbane,6,False,,,,,
Caenota plicata,Caddisfly,Insect,1,Melbourne,8,False,,,,,
Cafius catenatus,,Insect,1,Melbourne,1,False,,,,,
Cairina moschata,Muscovy Duck,Bird,8,Adelaide | Brisbane | Canberra–Queanbeyan | Darwin | Hobart | Melbourne | Perth | Sydney,5818,False,,,,,
Cairnsimyia robusta,Fly,Insect,2,Canberra–Queanbeyan | Melbourne,3,False,,,,,
Cajeta singularis,,Insect,2,Canberra–Queanbeyan | Melbourne,4,False,,,,,
Calamanthus fuliginosus,Striated Fieldwren,Bird,2,Hobart | Melbourne,907,False,,,,,
Calamanthus montanellus,Western Fieldwren,Bird,2,Perth | Sydney,2,False,,,,,
Calamidia hirta,Moth,Insect,5,Adelaide | Brisbane | Canberra–Queanbeyan | Melbourne | Sydney,39,False,,,,,
Calamotropha delatalis,,Insect,2,Melbourne | Sydney,5,False,,,,,
Calamotropha dielota,,Insect,2,Brisbane | Darwin,2,False,,,,,
Calamotropha leptogrammellus,,Insect,2,Brisbane | Canberra–Queanbeyan,2,False,,,,,
Calamotropha paludella,,Insect,5,Adelaide | Brisbane | Canberra–Queanbeyan | Melbourne | Perth,14,False,,,,,
Calathusa allopis,Owlet Moth,Insect,1,Melbourne,6,False,,,,,
Calathusa basicunea,,Insect,3,Brisbane | Melbourne | Sydney,30,False,,,,,
Calathusa cyrtosticha,,Insect,1,Brisbane,2,False,,,,,
Calathusa dispila,,Insect,1,Brisbane,3,False,,,,,
Calathusa eremna,,Insect,1,Canberra–Queanbeyan,2,False,,,,,
Calathusa hypotherma,,Insect,1,Brisbane,7,False,,,,,
Calathusa ischnodes,Owlet Moth,Insect,4,Adelaide | Canberra–Queanbeyan | Melbourne | Perth,11,False,,,,,
Calathusa maritima,,Insect,1,Sydney,1,False,,,,,
Calathusa mesospila,,Insect,2,Brisbane | Sydney,9,False,,,,,
Calathusa metableta,,Insect,2,Brisbane | Sydney,6,False,,,,,
Calathusa stenophylla,,Insect,1,Brisbane,1,False,,,,,
Calathusa thermosticha,Moth,Insect,2,Adelaide | Melbourne,6,False,,,,,
Calcarifera ordinata,,Insect,1,Brisbane,1,False,,,,,
Caledia captiva,,Insect,4,Brisbane | Canberra–Queanbeyan | Melbourne | Sydney,61,False,,,,,
Calephorops viridis,,Insect,1,Darwin,10,False,,,,,
Calguia defiguralis,,Insect,3,Brisbane | Darwin | Sydney,68,False,,,,,
Calguia deltophora,,Insect,2,Darwin | Sydney,5,False,,,,,
Caliagrion billinghursti,Large Riverdamsel,Insect,2,Canberra–Queanbeyan | Sydney,3,False,,,,,
Calicotis crucifera,,Insect,4,Adelaide | Brisbane | Melbourne | Sydney,33,False,,,,,
Calicotis sialota,,Insect,1,Brisbane,5,False,,,,,
Calidris acuminata,Sharp-tailed Sandpiper,Bird,8,Adelaide | Brisbane | Canberra–Queanbeyan | Darwin | Hobart | Melbourne | Perth | Sydney,12922,True,Vulnerable,Calidris acuminata,Calidris acuminata,Sharp-tailed Sandpiper,2024-01-05
Calidris alba,Sanderling,Bird,6,Adelaide | Brisbane | Darwin | Melbourne | Perth | Sydney,743,False,,,,,
Calidris bairdii,Baird's Sandpiper,Bird,1,Perth,27,False,,,,,
Calidris canutus,Red Knot,Bird,5,Brisbane | Darwin | Melbourne | Perth | Sydney,2061,True,Vulnerable,Calidris canutus,Calidris canutus,"Red Knot, Knot",2024-01-05
Calidris falcinellus,Broad-billed Sandpiper,Bird,4,Brisbane | Darwin | Melbourne | Sydney,609,False,,,,,
Calidris ferruginea,Curlew Sandpiper,Bird,7,Adelaide | Brisbane | Canberra–Queanbeyan | Darwin | Melbourne | Perth | Sydney,4835,True,Critically Endangered,Calidris ferruginea,Calidris ferruginea,Curlew Sandpiper,2015-05-26
Calidris melanotos,Pectoral Sandpiper,Bird,7,Adelaide | Brisbane | Canberra–Queanbeyan | Darwin | Melbourne | Perth | Sydney,901,False,,,,,
Calidris minuta,Little Stint,Bird,4,Adelaide | Brisbane | Melbourne | Perth,70,False,,,,,
Calidris pugnax,Ruff,Bird,5,Adelaide | Brisbane | Darwin | Melbourne | Perth,82,False,,,,,
Calidris ruficollis,Red-necked Stint,Bird,8,Adelaide | Brisbane | Canberra–Queanbeyan | Darwin | Hobart | Melbourne | Perth | Sydney,10255,False,,,,,
Calidris subminuta,Long-toed Stint,Bird,5,Adelaide | Brisbane | Darwin | Melbourne | Perth,566,False,,,,,
Calidris subruficollis,Buff-breasted Sandpiper,Bird,1,Brisbane,320,False,,,,,
Calidris tenuirostris,Great Knot,Bird,5,Brisbane | Darwin | Melbourne | Perth | Sydney,4524,True,Vulnerable,Calidris tenuirostris,Calidris tenuirostris,Great Knot,2024-01-05
Caligavis chrysops,Yellow-faced Honeyeater,Bird,5,Adelaide | Brisbane | Canberra–Queanbeyan | Melbourne | Sydney,66325,False,,,,,
Caliroa cerasi,Pear And Cherry Slug,Insect,4,Adelaide | Canberra–Queanbeyan | Hobart | Melbourne,117,False,,,,,
Callibracon capitator,Parasitoid Wasp,Insect,7,Adelaide | Brisbane | Canberra–Queanbeyan | Hobart | Melbourne | Perth | Sydney,61,False,,,,,
Callibracon limbatus,,Insect,2,Brisbane | Sydney,4,False,,,,,
Callidemum hypochalceum,Metallic Dodonaea Leaf Beetle,Insect,5,Adelaide | Brisbane | Canberra–Queanbeyan | Melbourne | Sydney,325,False,,,,,
Callidiopis praecox,,Insect,4,Adelaide | Canberra–Queanbeyan | Melbourne | Sydney,34,False,,,,,
Callidiopis scutellaris,,Insect,2,Canberra–Queanbeyan | Hobart,16,False,,,,,
Callidircaea venusta,,Insect,1,Hobart,1,False,,,,,
Calligrapha pantherina,,Insect,1,Darwin,7,False,,,,,
Callionyma sarcodes,,Insect,5,Brisbane | Canberra–Queanbeyan | Hobart | Melbourne | Sydney,43,False,,,,,
Callipappus australis,,Insect,2,Hobart | Sydney,2,False,,,,,
Callipappus farinosus,,Insect,1,Perth,1,False,,,,,
Callipepla californica,California Quail,Bird,1,Brisbane,1,False,,,,,
Calliphora augur,Lesser Brown Blowfly,Insect,5,Adelaide | Brisbane | Canberra–Queanbeyan | Melbourne | Sydney,204,False,,,,,
Calliphora canimicans,Blow Fly,Insect,1,Melbourne,1,False,,,,,
Calliphora centralis,,Insect,1,Brisbane,1,False,,,,,
Calliphora dubia,Blow Fly,Insect,4,Adelaide | Canberra–Queanbeyan | Melbourne | Perth,50,False,,,,,
Calliphora fallax,,Insect,1,Sydney,1,False,,,,,
Calliphora fulvicoxa,Blow Fly,Insect,1,Melbourne,5,False,,,,,
Calliphora hilli,Blow Fly,Insect,6,Adelaide | Brisbane | Hobart | Melbourne | Perth | Sydney,73,False,,,,,
Calliphora nigrithorax,Blow Fly,Insect,4,Adelaide | Hobart | Melbourne | Sydney,42,False,,,,,
Calliphora ochracea,Blow Fly,Insect,4,Brisbane | Canberra–Queanbeyan | Melbourne | Sydney,351,False,,,,,
Calliphora sternalis,Blow Fly,Insect,1,Sydney,1,False,,,,,
Calliphora stygia,Blow Fly,Insect,7,Adelaide | Brisbane | Canberra–Queanbeyan | Hobart | Melbourne | Perth | Sydney,347,False,,,,,
Calliphora varifrons,,Insect,1,Perth,4,False,,,,,
Calliphora vicina,European Blowfly,Insect,6,Adelaide | Canberra–Queanbeyan | Hobart | Melbourne | Perth | Sydney,962,False,,,,,
Callistoleon erythrocephalus,,Insect,2,Brisbane | Sydney,8,False,,,,,
Callitala major,,Insect,1,Brisbane,3,False,,,,,
Calliteara farenoides,Moth,Insect,1,Sydney,1,False,,,,,
Calliteara pura,Moth,Insect,2,Brisbane | Sydney,69,False,,,,,
Callithauma callianthes,Concealer Moth,Insect,3,Canberra–Queanbeyan | Melbourne | Sydney,77,False,,,,,
Callocephalon fimbriatum,Gang-gang Cockatoo,Bird,3,Canberra–Queanbeyan | Melbourne | Sydney,21754,True,Endangered,Callocephalon fimbriatum,Callocephalon fimbriatum,Gang-gang Cockatoo,2022-03-02
Callococcus acaciae,,Insect,6,Adelaide | Brisbane | Canberra–Queanbeyan | Melbourne | Perth | Sydney,220,False,,,,,
Callococcus leptospermi,,Insect,3,Brisbane | Perth | Sydney,5,False,,,,,
Callohesma calliopsella,Plasterer Bee,Insect,3,Adelaide | Melbourne | Sydney,9,False,,,,,
Callohesma calliopsiformis,Plasterer Bee,Insect,4,Brisbane | Canberra–Queanbeyan | Melbourne | Sydney,6,False,,,,,
Callohesma flavopicta,Plasterer Bee,Insect,3,Adelaide | Melbourne | Perth,10,False,,,,,
Callohesma geminata,Plasterer Bee,Insect,1,Melbourne,3,False,,,,,
Callohesma occidentalis,,Insect,1,Perth,6,False,,,,,
Callomelitta antipodes,Plasterer Bee,Insect,3,Melbourne | Perth | Sydney,11,False,,,,,
Callomelitta littleri,Plasterer Bee,Insect,2,Hobart | Sydney,3,False,,,,,
Callomelitta picta,Plasterer Bee,Insect,4,Adelaide | Canberra–Queanbeyan | Hobart | Melbourne,16,False,,,,,
Callopistria maillardi,,Insect,2,Brisbane | Darwin,50,False,,,,,
Callopistria rivularis,,Insect,1,Brisbane,4,False,,,,,
Calluga costalis,,Insect,1,Brisbane,6,False,,,,,
Calochrysa extranea,,Insect,6,Adelaide | Brisbane | Canberra–Queanbeyan | Melbourne | Perth | Sydney,48,False,,,,,
Calofulcinia paraoxypila,,Insect,1,Sydney,1,False,,,,,
Calolampra atra,,Insect,1,Adelaide,4,False,,,,,
Calolampra marginalis,,Insect,1,Perth,3,False,,,,,
Calolampra mjoebergi,,Insect,2,Adelaide | Brisbane,4,False,,,,,
Calolampra notabilis,Cockroach,Insect,1,Melbourne,1,False,,,,,
Calolampra subgracilis,Cockroach,Insect,1,Melbourne,1,False,,,,,
Calomantispa venusta,,Insect,1,Melbourne,4,False,,,,,
Calomela acaciae,,Insect,1,Melbourne,1,False,,,,,
Calomela bartoni,,Insect,2,Canberra–Queanbeyan | Melbourne,25,False,,,,,
Calomela crassicornis,,Insect,2,Brisbane | Sydney,50,False,,,,,
Calomela curtisi,Leaf Beetle,Insect,4,Canberra–Queanbeyan | Hobart | Melbourne | Sydney,139,False,,,,,
Calomela fulvilabris,,Insect,1,Brisbane,1,False,,,,,
Calomela intemerata,,Insect,1,Darwin,4,False,,,,,
Calomela ioptera,,Insect,5,Adelaide | Brisbane | Canberra–Queanbeyan | Melbourne | Sydney,37,False,,,,,
Calomela juncta,,Insect,4,Brisbane | Canberra–Queanbeyan | Melbourne | Sydney,163,False,,,,,
Calomela maculicollis,,Insect,1,Brisbane,1,False,,,,,
Calomela moorei,,Insect,2,Canberra–Queanbeyan | Hobart,6,False,,,,,
Calomela pallida,,Insect,3,Brisbane | Canberra–Queanbeyan | Sydney,103,False,,,,,
Calomela parilis,,Insect,3,Canberra–Queanbeyan | Melbourne | Sydney,89,False,,,,,
Calomela pulchella,,Insect,1,Sydney,63,False,,,,,
Calomela ruficeps,,Insect,2,Brisbane | Sydney,235,False,,,,,
Calomela satelles,,Insect,1,Melbourne,2,False,,,,,
Calomela vittata,,Insect,2,Canberra–Queanbeyan | Melbourne,47,False,,,,,
Calomyrmex albopilosus,Ant,Insect,1,Brisbane,1,False,,,,,
Calonectris leucomelas,Streaked Shearwater,Bird,2,Melbourne | Sydney,83,False,,,,,
Calopompilus irritabilis,,Insect,3,Canberra–Queanbeyan | Melbourne | Sydney,7,False,,,,,
Calopompilus ornatipennis,,Insect,2,Melbourne | Sydney,6,False,,,,,
Calopompilus raptor,,Insect,2,Melbourne | Sydney,3,False,,,,,
Caloptilia azaleella,,Insect,3,Brisbane | Canberra–Queanbeyan | Sydney,16,False,,,,,
Caloptilia octopunctata,,Insect,2,Brisbane | Sydney,10,False,,,,,
Caloptilia oenopella,,Insect,1,Brisbane,1,False,,,,,
Caloptilia protiella,,Insect,1,Brisbane,1,False,,,,,
Caloptilia xanthopharella,,Insect,2,Brisbane | Sydney,73,False,,,,,
Calosoma schayeri,Green Carab Beetle,Insect,6,Adelaide | Brisbane | Canberra–Queanbeyan | Melbourne | Perth | Sydney,85,False,,,,,
Calosphenisca unicuneata,,Insect,1,Brisbane,4,False,,,,,
Calycomyza lantanae,,Insect,1,Brisbane,6,False,,,,,
Calyptorhynchus banksii,Forest Red-tailed Black-cockatoo,Bird,4,Brisbane | Darwin | Perth | Sydney,19063,False,,,,,
Calyptorhynchus lathami,Glossy Black-cockatoo,Bird,4,Brisbane | Canberra–Queanbeyan | Melbourne | Sydney,1605,False,,,,,
Calyptotis lepidorostrum,Cone-eared Calyptotis,Reptile,1,Brisbane,1,False,,,,,
Calyptotis scutirostrum,Scute-snouted Calyptotis,Reptile,1,Brisbane,112,False,,,,,
Calyptra minuticornis,,Insect,2,Brisbane | Sydney,18,False,,,,,
Camacinia othello,Black Knight,Insect,1,Darwin,8,False,,,,,
Campion australasiae,,Insect,1,Melbourne,12,False,,,,,
Campion callosus,,Insect,5,Adelaide | Canberra–Queanbeyan | Melbourne | Perth | Sydney,34,False,,,,,
Campion cruciferus,,Insect,3,Adelaide | Canberra–Queanbeyan | Melbourne,3,False,,,,,
Campion impressus,,Insect,3,Canberra–Queanbeyan | Melbourne | Sydney,16,False,,,,,
Campion rubellus,,Insect,4,Brisbane | Canberra–Queanbeyan | Melbourne | Sydney,4,False,,,,,
Campion tenuistrigus,,Insect,3,Brisbane | Canberra–Queanbeyan | Melbourne,15,False,,,,,
Camponotus aeneopilosus,Golden Black Sugar Ant,Insect,5,Adelaide | Brisbane | Canberra–Queanbeyan | Melbourne | Sydney,1042,False,,,,,
Camponotus chalceus,,Insect,1,Perth,70,False,,,,,
Camponotus cinereus,Mallee Black Sugar Ant,Insect,1,Perth,8,False,,,,,
Camponotus claripes,Pale Legged Sugar Ant,Insect,4,Adelaide | Brisbane | Canberra–Queanbeyan | Melbourne,32,False,,,,,
Camponotus consobrinus,Banded Sugar Ant,Insect,6,Adelaide | Brisbane | Canberra–Queanbeyan | Hobart | Melbourne | Sydney,2168,False,,,,,
Camponotus eastwoodi,,Insect,1,Brisbane,6,False,,,,,
Camponotus elegans,,Insect,3,Brisbane | Melbourne | Sydney,31,False,,,,,
Camponotus ephippium,Jumbuck Sugar Ant,Insect,2,Adelaide | Canberra–Queanbeyan,29,False,,,,,
Camponotus extensus,,Insect,1,Darwin,1,False,,,,,
Camponotus fergusoni,,Insect,2,Adelaide | Melbourne,16,False,,,,,
Camponotus guidae,,Insect,1,Adelaide,1,False,,,,,
Camponotus hartogi,Sugar Ant,Insect,2,Hobart | Melbourne,7,False,,,,,
Camponotus humilior,,Insect,1,Sydney,1,False,,,,,
Camponotus innexus,Antarctic Sugar Ant,Insect,2,Melbourne | Sydney,445,False,,,,,
Camponotus intrepidus,Coastal Flumed Sugar Ant,Insect,4,Brisbane | Canberra–Queanbeyan | Melbourne | Sydney,249,False,,,,,
Camponotus johnclarki,Sugar Ant,Insect,1,Perth,1,False,,,,,
Camponotus judithmorrisae,,Insect,1,Adelaide,2,False,,,,,
Camponotus lividicoxis,,Insect,1,Brisbane,14,False,,,,,
Camponotus loweryi,,Insect,1,Brisbane,1,False,,,,,
Camponotus lownei,Sugar Ant,Insect,3,Brisbane | Melbourne | Sydney,16,False,,,,,
Camponotus marcens,,Insect,1,Perth,14,False,,,,,
Camponotus minimus,Sugar Ant,Insect,1,Sydney,1,False,,,,,
Camponotus molossus,Western Flumed Sugar Ant,Insect,1,Perth,26,False,,,,,
Camponotus nigriceps,Black-headed Sugar Ant,Insect,6,Adelaide | Brisbane | Canberra–Queanbeyan | Melbourne | Perth | Sydney,316,False,,,,,
Camponotus nigroaeneus,Sugar Ant,Insect,2,Canberra–Queanbeyan | Melbourne,14,False,,,,,
Camponotus oxleyi,Sugar Ant,Insect,1,Melbourne,19,False,,,,,
Camponotus pawseyi,,Insect,2,Adelaide | Melbourne,3,False,,,,,
Camponotus prostans,,Insect,1,Perth,1,False,,,,,
Camponotus rufus,Ant,Insect,2,Adelaide | Perth,12,False,,,,,
Camponotus scotti,,Insect,1,Adelaide,1,False,,,,,
Camponotus sponsorum,Sugar Ant,Insect,1,Canberra–Queanbeyan,2,False,,,,,
Camponotus stefani,Ant Species,Insect,2,Adelaide | Canberra–Queanbeyan,3,False,,,,,
Camponotus subnitidus,Aerial Sugar Ant,Insect,2,Adelaide | Melbourne,8,False,,,,,
Camponotus suffusus,Sugar Ant,Insect,4,Adelaide | Canberra–Queanbeyan | Melbourne | Sydney,250,False,,,,,
Camponotus terebrans,Brown Bearded Sugar Ant,Insect,2,Adelaide | Perth,8,False,,,,,
Camponotus tricoloratus,Sugar Ant,Insect,2,Adelaide | Canberra–Queanbeyan,5,False,,,,,
Camponotus woodroffeensis,,Insect,1,Adelaide,2,False,,,,,
Camptorhinus inornatus,,Insect,2,Brisbane | Sydney,8,False,,,,,
Camptotypus lachesis,,Insect,1,Brisbane,4,False,,,,,
Campylomma liebknechti,Apple Dimpling Bug,Insect,4,Adelaide | Brisbane | Canberra–Queanbeyan | Melbourne,19,False,,,,,
Campylothynnus assimilis,,Insect,1,Perth,2,False,,,,,
Candalides heathi,Rayed Blue,Insect,5,Adelaide | Brisbane | Canberra–Queanbeyan | Perth | Sydney,55,False,,,,,
Candalides xanthospilos,Yellow-spotted Blue,Insect,3,Brisbane | Canberra–Queanbeyan | Sydney,117,False,,,,,
Candezea seminigra,,Insect,1,Brisbane,1,False,,,,,
Candezea ziczac,,Insect,1,Brisbane,8,False,,,,,
Candovia aberrata,Aberrant Stick-insect,Insect,1,Brisbane,2,False,,,,,
Candovia annulata,Banded-legged Stick-insect,Insect,1,Melbourne,1,False,,,,,
Candovia coenosa,Muddy Stick-insect,Insect,1,Sydney,6,False,,,,,
Candovia karasi,Karas’s Stick Insect,Insect,1,Brisbane,1,False,,,,,
Candovia strumosa,Richmond River Stick-insect,Insect,1,Sydney,12,False,,,,,
Candulifera rapea,,Insect,1,Brisbane,1,False,,,,,
Canis familiaris,Dingo,Mammal,8,Adelaide | Brisbane | Canberra–Queanbeyan | Darwin | Hobart | Melbourne | Perth | Sydney,829,False,,,,,
Cantacader nocturnis,,Insect,2,Brisbane | Sydney,4,False,,,,,
Cantao parentum,,Insect,2,Brisbane | Sydney,88,False,,,,,
Canungrantmictis morindana,,Insect,2,Brisbane | Sydney,12,False,,,,,
Canuza euspilella,,Insect,4,Brisbane | Canberra–Queanbeyan | Melbourne | Sydney,19,False,,,,,
Capra hircus,Goat,Mammal,7,Adelaide | Brisbane | Canberra–Queanbeyan | Hobart | Melbourne | Perth | Sydney,227,False,,,,,
Caprimulgus macrurus,Large-tailed Nightjar,Bird,2,Brisbane | Darwin,1517,False,,,,,
Capua intractana,,Insect,6,Adelaide | Brisbane | Canberra–Queanbeyan | Melbourne | Perth | Sydney,455,False,,,,,
Capusa cuculloides,Geometer Moth,Insect,5,Adelaide | Canberra–Queanbeyan | Hobart | Melbourne | Sydney,86,False,,,,,
Capusa graodes,Geometer Moth,Insect,2,Melbourne | Sydney,8,False,,,,,
Capusa senilis,Geometer Moth,Insect,6,Brisbane | Canberra–Queanbeyan | Hobart | Melbourne | Perth | Sydney,116,False,,,,,
Capusa stenophara,Geometer Moth,Insect,3,Canberra–Queanbeyan | Melbourne | Sydney,9,False,,,,,
Carcinophora occidentalis,,Insect,2,Adelaide | Perth,222,False,,,,,
Carcinophora venusta,,Insect,1,Melbourne,5,False,,,,,
Cardamyla carinentalis,,Insect,2,Brisbane | Sydney,25,False,,,,,
Cardamyla didymalis,,Insect,1,Brisbane,4,False,,,,,
Cardiacera setosa,,Insect,1,Sydney,1,False,,,,,
Cardiaspina albicollaris,,Insect,1,Melbourne,3,False,,,,,
Cardiaspina albitextura,White Lace Lerp,Insect,2,Canberra–Queanbeyan | Melbourne,19,False,,,,,
Cardiaspina artifex,,Insect,1,Melbourne,1,False,,,,,
Cardiaspina bilobata,Psyllid Bug,Insect,1,Melbourne,15,False,,,,,
Cardiaspina brunnea,,Insect,1,Melbourne,1,False,,,,,
Cardiaspina densitexta,,Insect,2,Canberra–Queanbeyan | Melbourne,17,False,,,,,
Cardiaspina fiscella,Psyllid Bug,Insect,3,Adelaide | Melbourne | Perth,35,False,,,,,
Cardiaspina maniformis,,Insect,1,Canberra–Queanbeyan,1,False,,,,,
Cardiaspina retator,Redgum Basket Lerp,Insect,1,Melbourne,5,False,,,,,
Cardiaspina spinifera,,Insect,1,Melbourne,5,False,,,,,
Cardiaspina tenuitela,,Insect,1,Canberra–Queanbeyan,1,False,,,,,
Cardiaspina textrix,Psyllid Bug,Insect,1,Melbourne,2,False,,,,,
Cardiocondyla emeryi,,Insect,1,Brisbane,11,False,,,,,
Cardiocondyla nuda,Ant,Insect,4,Brisbane | Melbourne | Perth | Sydney,4,False,,,,,
Cardiothorax behri,,Insect,1,Adelaide,1,False,,,,,
Carduelis carduelis,European Goldfinch,Bird,7,Adelaide | Brisbane | Canberra–Queanbeyan | Hobart | Melbourne | Perth | Sydney,28076,False,,,,,
Carebara mjobergi,,Insect,1,Brisbane,1,False,,,,,
Carenum marginatum,,Insect,1,Sydney,2,False,,,,,
Carenum scaritoides,,Insect,1,Melbourne,1,False,,,,,
Carenum tinctilatum,,Insect,1,Canberra–Queanbeyan,2,False,,,,,
Caretta caretta,Loggerhead Turtle,Reptile,4,Brisbane | Melbourne | Perth | Sydney,79,True,Endangered,Caretta caretta,Caretta caretta,Loggerhead Turtle,2000-07-16
Carinascincus coventryi,Southern Forest Cool-skink,Reptile,1,Melbourne,29,False,,,,,
Carinascincus metallicus,Metallic Cool-skink,Reptile,2,Hobart | Melbourne,139,False,,,,,
Carinascincus ocellatus,Ocellated Skink,Reptile,1,Hobart,38,False,,,,,
Carinascincus palfreymani,Pedra Branca Cool-skink,Reptile,1,Sydney,1,True,Critically Endangered,Carinascincus palfreymani,Carinascincus palfreymani,"Pedra Branca Skink, Pedra Branca Cool-skink, Red-throated Skink",2023-11-15
Carinascincus pretiosus,Agile Cool-skink,Reptile,2,Hobart | Sydney,5,False,,,,,
Carlia amax,Bauxite Rainbow-skink,Reptile,1,Darwin,66,False,,,,,
Carlia gracilis,Slender Rainbow-skink,Reptile,1,Darwin,67,False,,,,,
Carlia munda,Shaded-litter Rainbow-skink,Reptile,1,Darwin,22,False,,,,,
Carlia pectoralis,Open-litter Rainbow-skink,Reptile,2,Brisbane | Sydney,4,False,,,,,
Carlia rufilatus,Red-sided Rainbow-skink,Reptile,1,Darwin,85,False,,,,,
Carlia schmeltzii,Robust Rainbow-skink,Reptile,1,Brisbane,9,False,,,,,
Carlia sexdentata,Six-toothed Rainbow-skink,Reptile,1,Darwin,347,False,,,,,
Carlia tetradactyla,Southern Rainbow-skink,Reptile,1,Canberra–Queanbeyan,10,False,,,,,
Carlia triacantha,Desert Rainbow-skink,Reptile,1,Darwin,1,False,,,,,
Carlia vivax,Lively Rainbow Skink,Reptile,1,Brisbane,49,False,,,,,
Carobius elongatus,,Insect,1,Canberra–Queanbeyan,8,False,,,,,
Carobius pulchellus,Brown Lacewing,Insect,5,Brisbane | Canberra–Queanbeyan | Melbourne | Perth | Sydney,64,False,,,,,
Carphurus angustatus,,Insect,1,Melbourne,11,False,,,,,
Carphurus armipennis,,Insect,1,Brisbane,2,False,,,,,
Carphurus balteatus,,Insect,1,Darwin,1,False,,,,,
Carphurus cyaneipennis,,Insect,5,Adelaide | Brisbane | Canberra–Queanbeyan | Melbourne | Sydney,18,False,,,,,
Carphurus cyanopterus,,Insect,3,Adelaide | Canberra–Queanbeyan | Melbourne,55,False,,,,,
Carphurus excisus,,Insect,1,Melbourne,5,False,,,,,
Carphurus fasciculatus,,Insect,1,Brisbane,16,False,,,,,
Carphurus frenchi,,Insect,1,Brisbane,3,False,,,,,
Carphurus gallinaceus,,Insect,1,Canberra–Queanbeyan,1,False,,,,,
Carphurus latipennis,,Insect,4,Adelaide | Canberra–Queanbeyan | Melbourne | Perth,20,False,,,,,
Carphurus longicollis,,Insect,1,Brisbane,3,False,,,,,
Carphurus maculicollis,,Insect,4,Brisbane | Canberra–Queanbeyan | Melbourne | Sydney,5,False,,,,,
Carphurus pallidifrons,,Insect,1,Melbourne,19,False,,,,,
Carphurus pravus,,Insect,1,Sydney,1,False,,,,,
Carphurus strigicollis,,Insect,1,Melbourne,14,False,,,,,
Carpophilus hemipterus,Dried Fruit Beetle,Insect,4,Adelaide | Canberra–Queanbeyan | Melbourne | Perth,11,False,,,,,
Carpophilus obscurus,,Insect,1,Brisbane,1,False,,,,,
Carposina latebrosa,,Insect,2,Canberra–Queanbeyan | Sydney,4,False,,,,,
Carposina mediella,,Insect,1,Melbourne,1,False,,,,,
Carposina neurophorella,,Insect,1,Brisbane,1,False,,,,,
Carposina taractis,,Insect,3,Canberra–Queanbeyan | Melbourne | Sydney,8,False,,,,,
Carterornis leucotis,White-eared Monarch,Bird,2,Brisbane | Sydney,220,False,,,,,
Cartodere nodifer,Brown Scavenger Beetle,Insect,3,Canberra–Queanbeyan | Hobart | Melbourne,4,False,,,,,
Carvaka contempta,Leafhopper,Insect,1,Melbourne,6,False,,,,,
Carvaka elegantula,,Insect,3,Brisbane | Melbourne | Sydney,16,False,,,,,
Carvaka flava,,Insect,1,Brisbane,6,False,,,,,
Carvaka mouldsorum,,Insect,2,Brisbane | Sydney,6,False,,,,,
Carvalhotingis visenda,,Insect,1,Brisbane,7,False,,,,,
Carventus australis,,Insect,1,Brisbane,1,False,,,,,
Carventus brachypterus,Flat Bug,Insect,1,Melbourne,1,False,,,,,
Casbia albinotata,,Insect,1,Sydney,1,False,,,,,
Casbia celidosema,Geometer Moth,Insect,4,Canberra–Queanbeyan | Melbourne | Perth | Sydney,19,False,,,,,
Casbia farinalis,Geometer Moth,Insect,2,Canberra–Queanbeyan | Melbourne,17,False,,,,,
Casbia impressaria,,Insect,1,Brisbane,1,False,,,,,
Casbia leptorrhoda,,Insect,1,Perth,6,False,,,,,
Casbia lithodora,,Insect,2,Canberra–Queanbeyan | Perth,4,False,,,,,
Casbia melanops,Geometer Moth,Insect,4,Hobart | Melbourne | Perth | Sydney,12,False,,,,,
Casbia oenias,Geometer Moth,Insect,2,Melbourne | Perth,4,False,,,,,
Casbia pallens,,Insect,1,Canberra–Queanbeyan,8,False,,,,,
Casbia rectaria,,Insect,5,Brisbane | Canberra–Queanbeyan | Darwin | Perth | Sydney,450,False,,,,,
Casbia tanaoctena,Geometer Moth,Insect,3,Canberra–Queanbeyan | Melbourne | Sydney,10,False,,,,,
Casbia tetramera,,Insect,3,Canberra–Queanbeyan | Hobart | Melbourne,4,False,,,,,
Cascera muscosa,,Insect,1,Sydney,6,False,,,,,
Cassida compuncta,,Insect,2,Brisbane | Sydney,70,False,,,,,
Cassida denticulata,,Insect,2,Brisbane | Melbourne,6,False,,,,,
Cassida diomma,,Insect,2,Brisbane | Darwin,56,False,,,,,
Cassida sappho,,Insect,1,Brisbane,1,False,,,,,
Cassida sexguttata,,Insect,1,Darwin,4,False,,,,,
Cassythaphaga macarta,Geometer Moth,Insect,3,Hobart | Melbourne | Perth,9,False,,,,,
Castiarina adelaidae,,Insect,1,Adelaide,2,False,,,,,
Castiarina alternecosta,,Insect,2,Brisbane | Sydney,2,False,,,,,
Castiarina amabilis,,Insect,1,Perth,3,False,,,,,
Castiarina amplipennis,,Insect,1,Canberra–Queanbeyan,2,False,,,,,
Castiarina anchoralis,,Insect,1,Perth,2,False,,,,,
Castiarina andersoni,,Insect,1,Brisbane,3,False,,,,,
Castiarina aureola,,Insect,1,Perth,11,False,,,,,
Castiarina australasiae,,Insect,4,Canberra–Queanbeyan | Hobart | Melbourne | Sydney,26,False,,,,,
Castiarina balteata,,Insect,1,Canberra–Queanbeyan,6,False,,,,,
Castiarina bella,,Insect,2,Melbourne | Sydney,41,False,,,,,
Castiarina bifasciata,,Insect,2,Melbourne | Sydney,23,False,,,,,
Castiarina bremei,,Insect,1,Canberra–Queanbeyan,3,False,,,,,
Castiarina burchellii,,Insect,1,Sydney,3,False,,,,,
Castiarina carminea,,Insect,1,Perth,1,False,,,,,
Castiarina castelnaudi,,Insect,1,Perth,1,False,,,,,
Castiarina colorata,,Insect,1,Adelaide,3,False,,,,,
Castiarina commixta,,Insect,2,Canberra–Queanbeyan | Melbourne,2,False,,,,,
Castiarina costata,,Insect,1,Sydney,1,False,,,,,
Castiarina costipennis,,Insect,1,Sydney,7,False,,,,,
Castiarina crenata,,Insect,4,Adelaide | Brisbane | Canberra–Queanbeyan | Sydney,34,False,,,,,
Castiarina crocicolor,,Insect,1,Perth,27,False,,,,,
Castiarina cruentata,,Insect,3,Canberra–Queanbeyan | Melbourne | Sydney,6,False,,,,,
Castiarina cupreoflava,,Insect,3,Adelaide | Melbourne | Perth,6,False,,,,,
Castiarina cyanipes,Jewel Beetle,Insect,1,Perth,1,False,,,,,
Castiarina decemguttata,,Insect,1,Perth,1,False,,,,,
Castiarina decemmaculata,Ten-spot Jewel Beetle,Insect,3,Adelaide | Canberra–Queanbeyan | Sydney,45,False,,,,,
Castiarina decipiens,,Insect,1,Brisbane,1,False,,,,,
Castiarina delectabilis,,Insect,1,Melbourne,1,False,,,,,
Castiarina erasma,,Insect,1,Canberra–Queanbeyan,2,False,,,,,
Castiarina erythromelas,,Insect,2,Hobart | Melbourne,6,False,,,,,
Castiarina erythroptera,,Insect,3,Canberra–Queanbeyan | Melbourne | Sydney,97,False,,,,,
Castiarina flavopicta,,Insect,3,Adelaide | Hobart | Melbourne,56,False,,,,,
Castiarina fossoria,,Insect,1,Melbourne,3,False,,,,,
Castiarina gardnerae,,Insect,1,Perth,1,False,,,,,
Castiarina gravis,,Insect,1,Perth,3,False,,,,,
Castiarina hilaris,,Insect,2,Canberra–Queanbeyan | Melbourne,18,False,,,,,
Castiarina imitator,,Insect,2,Melbourne | Sydney,4,False,,,,,
Castiarina inconspicua,,Insect,2,Canberra–Queanbeyan | Sydney,12,False,,,,,
Castiarina indistincta,,Insect,1,Canberra–Queanbeyan,3,False,,,,,
Castiarina insignis,,Insect,2,Brisbane | Sydney,4,False,,,,,
Castiarina interstitialis,,Insect,1,Melbourne,2,False,,,,,
Castiarina jeanae,,Insect,1,Melbourne,1,False,,,,,
Castiarina jospilota,,Insect,1,Melbourne,1,False,,,,,
Castiarina kerremansi,,Insect,2,Canberra–Queanbeyan | Melbourne,12,False,,,,,
Castiarina kirbyi,,Insect,1,Sydney,4,False,,,,,
Castiarina klugii,,Insect,2,Canberra–Queanbeyan | Sydney,3,False,,,,,
Castiarina livida,,Insect,2,Brisbane | Sydney,3,False,,,,,
Castiarina luteipennis,,Insect,1,Sydney,1,False,,,,,
Castiarina media,,Insect,1,Adelaide,3,False,,,,,
Castiarina militaris,Jewel Beetle,Insect,1,Melbourne,3,False,,,,,
Castiarina mimesis,,Insect,1,Perth,1,False,,,,,
Castiarina mustelamajor,,Insect,1,Canberra–Queanbeyan,2,False,,,,,
Castiarina nasuta,,Insect,2,Canberra–Queanbeyan | Melbourne,21,False,,,,,
Castiarina oblita,,Insect,1,Melbourne,5,False,,,,,
Castiarina ocelligera,,Insect,1,Hobart,4,False,,,,,
Castiarina ochreiventris,,Insect,1,Brisbane,1,False,,,,,
Castiarina octomaculata,,Insect,3,Canberra–Queanbeyan | Melbourne | Sydney,64,False,,,,,
Castiarina octospilota,,Insect,3,Canberra–Queanbeyan | Melbourne | Sydney,62,False,,,,,
Castiarina pallidiventris,,Insect,1,Perth,48,False,,,,,
Castiarina parallela,,Insect,1,Sydney,4,False,,,,,
Castiarina phaeopus,,Insect,1,Perth,1,False,,,,,
Castiarina picta,,Insect,1,Perth,35,False,,,,,
Castiarina placida,,Insect,1,Perth,6,False,,,,,
Castiarina producta,Postage Stamp Jewel Beetle,Insect,2,Brisbane | Sydney,10,False,,,,,
Castiarina pulchripes,,Insect,1,Melbourne,1,False,,,,,
Castiarina punctatosulcata,,Insect,1,Melbourne,39,False,,,,,
Castiarina rectifasciata,,Insect,2,Melbourne | Sydney,14,False,,,,,
Castiarina robusta,,Insect,1,Perth,1,False,,,,,
Castiarina rufipennis,,Insect,4,Adelaide | Canberra–Queanbeyan | Melbourne | Perth,18,False,,,,,
Castiarina sagittaria,,Insect,1,Perth,3,False,,,,,
Castiarina sanguinolenta,,Insect,1,Perth,4,False,,,,,
Castiarina scalaris,,Insect,4,Brisbane | Canberra–Queanbeyan | Melbourne | Sydney,47,False,,,,,
Castiarina sexguttata,,Insect,3,Brisbane | Melbourne | Sydney,70,False,,,,,
Castiarina sexplagiata,,Insect,3,Canberra–Queanbeyan | Melbourne | Sydney,102,False,,,,,
Castiarina simulata,,Insect,1,Perth,44,False,,,,,
Castiarina skusei,,Insect,1,Sydney,1,False,,,,,
Castiarina spilota,,Insect,1,Sydney,1,False,,,,,
Castiarina subcincta,,Insect,1,Perth,8,False,,,,,
Castiarina subpura,,Insect,1,Canberra–Queanbeyan,6,False,,,,,
Castiarina testacea,,Insect,1,Canberra–Queanbeyan,8,False,,,,,
Castiarina thomsoni,,Insect,2,Hobart | Melbourne,2,False,,,,,
Castiarina undulata,,Insect,1,Sydney,1,False,,,,,
Castiarina versicolor,,Insect,1,Perth,8,False,,,,,
Castiarina vicina,,Insect,2,Canberra–Queanbeyan | Melbourne,10,False,,,,,
Castiarina wilsoni,,Insect,2,Hobart | Melbourne,13,False,,,,,
Castiarina xanthopilosa,,Insect,1,Melbourne,23,False,,,,,
Castiarina xystra,,Insect,1,Canberra–Queanbeyan,2,False,,,,,
Castulo doubledayi,Moth,Insect,4,Adelaide | Canberra–Queanbeyan | Hobart | Melbourne,124,False,,,,,
Casuarinicola australis,Jumping Plant Louse,Insect,5,Adelaide | Brisbane | Hobart | Melbourne | Sydney,11,False,,,,,
Casuarinicola nigrimaculatus,,Insect,1,Sydney,1,False,,,,,
Casuarius casuarius,Southern Cassowary,Bird,1,Brisbane,1,True,Endangered,Casuarius casuarius johnsonii,Casuarius casuarius,"Southern Cassowary, Australian Cassowary, Double-wattled Cassowary",2000-07-16
Cataclysta lampetialis,,Insect,2,Brisbane | Darwin,14,False,,,,,
Catacometes hemiscia,Concealer Moth,Insect,1,Perth,1,False,,,,,
Catacometes phanozona,Concealer Moth,Insect,4,Brisbane | Canberra–Queanbeyan | Melbourne | Sydney,48,False,,,,,
Catadoceta xanthostephana,Concealer Moth,Insect,3,Canberra–Queanbeyan | Melbourne | Sydney,18,False,,,,,
Catadromus lacordairei,Catadromus Carabid Beetle,Insect,2,Melbourne | Perth,7,False,,,,,
Catamola funerea,,Insect,4,Brisbane | Canberra–Queanbeyan | Perth | Sydney,11,False,,,,,
Catamola xanthomelalis,,Insect,1,Sydney,6,False,,,,,
Catasarcus asphaltinus,,Insect,1,Perth,18,False,,,,,
Catasarcus bilineatus,,Insect,1,Perth,4,False,,,,,
Catasarcus cygnensis,,Insect,1,Perth,2,False,,,,,
Catasarcus impressipennis,Redlegged Weevil,Insect,1,Perth,7,False,,,,,
Catasarcus spinipennis,,Insect,1,Perth,82,False,,,,,
Catasphactes coprias,Assassin Bug,Insect,2,Brisbane | Sydney,34,False,,,,,
Catastygnus rivulosus,,Insect,1,Brisbane,1,False,,,,,
Catastygnus scutellaris,,Insect,1,Brisbane,4,False,,,,,
Cathyalia fulvella,,Insect,1,Brisbane,15,False,,,,,
Cathyalia pallicostalis,,Insect,1,Brisbane,2,False,,,,,
Catocheilus annulatus,,Insect,1,Perth,1,False,,,,,
Catocheilus apterus,Wasp,Insect,6,Adelaide | Brisbane | Canberra–Queanbeyan | Hobart | Melbourne | Sydney,65,False,,,,,
Catocheilus crinitus,,Insect,1,Melbourne,10,False,,,,,
Catocheilus petulans,,Insect,1,Perth,4,False,,,,,
Catochrysops panormus,Pale Pea-blue,Insect,2,Brisbane | Darwin,46,False,,,,,
Catopsilia gorgophone,Yellow Migrant,Insect,1,Brisbane,22,False,,,,,
Catopsilia pomona,Lemon Migrant,Insect,5,Brisbane | Canberra–Queanbeyan | Darwin | Perth | Sydney,934,False,,,,,
Catopsilia pyranthe,Common Migrant,Insect,4,Brisbane | Canberra–Queanbeyan | Perth | Sydney,64,False,,,,,
Catopsilia scylla,Orange Migrant,Insect,1,Darwin,3,False,,,,,
Catopyrops florinda,Speckled Line-blue,Insect,3,Brisbane | Darwin | Sydney,560,False,,,,,
Catoria camelaria,,Insect,1,Brisbane,47,False,,,,,
Catoria hemiprosopa,,Insect,1,Brisbane,7,False,,,,,
Catoryctis eugramma,,Insect,1,Brisbane,1,False,,,,,
Catoryctis mediolinea,,Insect,1,Brisbane,1,False,,,,,
Catoryctis subnexella,,Insect,3,Brisbane | Melbourne | Perth,6,False,,,,,
Catoryctis subparallela,,Insect,1,Brisbane,7,False,,,,,
Cavariella aegopodii,Carrot Aphid,Insect,1,Hobart,1,False,,,,,
Cavia porcellus,Guinea Pig,Mammal,3,Hobart | Melbourne | Sydney,17,False,,,,,
Caystrus pallidolimbatus,,Insect,1,Brisbane,1,False,,,,,
Cebes transiens,Treehopper,Insect,1,Melbourne,2,False,,,,,
Cebysa leucotelus,Lichen Case Moth,Insect,5,Brisbane | Canberra–Queanbeyan | Hobart | Melbourne | Sydney,311,False,,,,,
Cedarinia fuscotibialis,,Insect,1,Perth,9,False,,,,,
Cedusa spinosa,,Insect,1,Perth,4,False,,,,,
Celibe limbata,,Insect,1,Canberra–Queanbeyan,2,False,,,,,
Celibe striatipennis,,Insect,1,Canberra–Queanbeyan,1,False,,,,,
Cemus kirkaldyi,,Insect,1,Brisbane,7,False,,,,,
Cenoloba obliteralis,,Insect,2,Brisbane | Sydney,16,False,,,,,
Centropus phasianinus,Pheasant Coucal,Bird,3,Brisbane | Darwin | Sydney,13095,False,,,,,
Cephaloconus cyprinus,,Insect,1,Brisbane,34,False,,,,,
Cephaloconus tenebrosus,,Insect,1,Brisbane,130,False,,,,,
Cephalodesmius armiger,,Insect,1,Sydney,24,False,,,,,
Cephonodes australis,,Insect,1,Brisbane,8,False,,,,,
Cephonodes cunninghami,,Insect,1,Brisbane,3,False,,,,,
Cephonodes hylas,,Insect,1,Brisbane,12,False,,,,,
Cephonodes kingii,Bee Hawk Moth,Insect,5,Brisbane | Canberra–Queanbeyan | Darwin | Melbourne | Sydney,154,False,,,,,
Cephrenes augiades,Orange Palm-dart,Insect,6,Adelaide | Brisbane | Darwin | Melbourne | Perth | Sydney,1421,False,,,,,
Cephrenes trichopepla,Yellow Palm-dart,Insect,4,Adelaide | Brisbane | Darwin | Sydney,76,False,,,,,
Cepora perimale,Caper Gull,Insect,3,Brisbane | Darwin | Sydney,154,False,,,,,
Ceranisus menes,,Insect,1,Melbourne,1,False,,,,,
Ceraon tasmaniae,Treehopper,Insect,3,Adelaide | Hobart | Melbourne,46,False,,,,,
Ceraon vitta,Treehopper,Insect,4,Brisbane | Canberra–Queanbeyan | Melbourne | Sydney,62,False,,,,,
Cerataphis brasiliensis,,Insect,1,Brisbane,1,False,,,,,
Ceratina australensis,,Insect,6,Adelaide | Brisbane | Canberra–Queanbeyan | Darwin | Melbourne | Sydney,14,False,,,,,
Ceratitis capitata,Mediterranean Fruit Fly,Insect,2,Adelaide | Perth,51,False,,,,,
Ceratognathus macrognathus,,Insect,1,Melbourne,1,False,,,,,
Ceratognathus niger,,Insect,2,Hobart | Melbourne,21,False,,,,,
Ceratolauxania atrimana,Acalyptrate Fly,Insect,1,Melbourne,1,False,,,,,
Ceratolauxania elevata,Acalyptrate Fly,Insect,1,Adelaide,3,False,,,,,
Ceratolauxania tetanocerina,Acalyptrate Fly,Insect,1,Melbourne,1,False,,,,,
Ceratomansa prima,,Insect,2,Brisbane | Melbourne,4,False,,,,,
Ceratomansa spinifrons,,Insect,3,Hobart | Melbourne | Sydney,5,False,,,,,
Cerberus australis,Australian Bockadam,Reptile,1,Darwin,15,False,,,,,
Cercartetus concinnus,Western Pygmy-possum,Mammal,1,Adelaide,1,False,,,,,
Cercartetus nanus,Eastern Pygmy-possum,Mammal,2,Melbourne | Sydney,1742,False,,,,,
Cerceris antipodes,Wasp,Insect,4,Adelaide | Canberra–Queanbeyan | Melbourne | Sydney,29,False,,,,,
Cerceris armigera,,Insect,1,Adelaide,3,False,,,,,
Cerceris australis,Wasp,Insect,1,Brisbane,4,False,,,,,
Cerceris gilesi,,Insect,1,Perth,4,False,,,,,
Cerceris goddardi,,Insect,1,Brisbane,2,False,,,,,
Cerceris minuscula,Wasp,Insect,5,Adelaide | Brisbane | Canberra–Queanbeyan | Melbourne | Sydney,33,False,,,,,
Cerceris multiguttata,,Insect,1,Brisbane,5,False,,,,,
Cerceris opposita,,Insect,1,Melbourne,1,False,,,,,
Cerdistus caliginosus,,Insect,1,Hobart,12,False,,,,,
Cerdistus exilis,,Insect,3,Canberra–Queanbeyan | Melbourne | Sydney,3,False,,,,,
Cerdistus fuscipennis,Robber Fly,Insect,2,Melbourne | Sydney,26,False,,,,,
Cerdistus hudsoni,,Insect,1,Perth,7,False,,,,,
Cerdistus hyalipennis,Robber Fly,Insect,1,Hobart,1,False,,,,,
Cerdistus luctificus,,Insect,1,Hobart,1,False,,,,,
Cerdistus rusticanoides,Robber Fly,Insect,2,Adelaide | Melbourne,193,False,,,,,
Cerdistus varifemoratus,Robber Fly,Insect,3,Brisbane | Canberra–Queanbeyan | Melbourne,9,False,,,,,
Cerdistus varimystaceus,Robber Fly,Insect,1,Brisbane,43,False,,,,,
Cerdistus vittipes,Robber Fly,Insect,1,Hobart,1,False,,,,,
Cerealces scutellata,Sawfly,Insect,1,Melbourne,1,False,,,,,
Cereopsis novaehollandiae,Cape Barren Goose,Bird,6,Adelaide | Darwin | Hobart | Melbourne | Perth | Sydney,347,False,,,,,
Ceriagrion aeruginosum,Redtail,Insect,2,Brisbane | Darwin,430,False,,,,,
Ceriana australis,,Insect,1,Brisbane,3,False,,,,,
Ceriana breviscapa,Hover Fly,Insect,1,Melbourne,1,False,,,,,
Ceriana macleayi,,Insect,1,Sydney,1,False,,,,,
Ceriana ornata,,Insect,4,Brisbane | Canberra–Queanbeyan | Perth | Sydney,14,False,,,,,
Cermatulus nasalis,Predatory Shield Bug,Insect,7,Adelaide | Brisbane | Canberra–Queanbeyan | Hobart | Melbourne | Perth | Sydney,297,False,,,,,
Cernia amyclaria,,Insect,3,Brisbane | Darwin | Sydney,40,False,,,,,
Cerobasis guestfalica,,Insect,5,Adelaide | Canberra–Queanbeyan | Melbourne | Perth | Sydney,14,False,,,,,
Cerobates ophthalmicus,,Insect,2,Brisbane | Sydney,12,False,,,,,
Ceromitia iolampra,Fairy Longhorn Moth,Insect,4,Canberra–Queanbeyan | Hobart | Melbourne | Sydney,13,False,,,,,
Ceromitia leptosticta,,Insect,3,Canberra–Queanbeyan | Melbourne | Sydney,5,False,,,,,
Ceromya fergusoni,,Insect,1,Canberra–Queanbeyan,1,False,,,,,
Ceronema banksiae,,Insect,2,Brisbane | Sydney,4,False,,,,,
Ceronema caudatum,,Insect,1,Brisbane,3,False,,,,,
Ceronema dryandrae,,Insect,1,Perth,2,False,,,,,
Ceroplastes ceriferus,Indian White Wax Scale,Insect,2,Brisbane | Sydney,19,False,,,,,
Ceroplastes destructor,Soft Wax Scale,Insect,2,Brisbane | Sydney,10,False,,,,,
Ceroplastes rubens,Pink Wax Scale,Insect,6,Adelaide | Brisbane | Darwin | Melbourne | Perth | Sydney,147,False,,,,,
Ceroplastes rusci,Qenimat Shaava Shel Hateena,Insect,4,Adelaide | Brisbane | Perth | Sydney,32,False,,,,,
Ceroplastes sinensis,Hard Wax Scale,Insect,4,Adelaide | Hobart | Melbourne | Sydney,84,False,,,,,
Certhionyx variegatus,Pied Honeyeater,Bird,1,Sydney,4,False,,,,,
Certonotus geniculatus,,Insect,1,Melbourne,1,False,,,,,
Certonotus humeralifer,,Insect,2,Brisbane | Sydney,9,False,,,,,
Certonotus sisyphus,Ichneumon Wasp,Insect,1,Melbourne,2,False,,,,,
Cervus elaphus,Red Deer,Mammal,4,Brisbane | Canberra–Queanbeyan | Melbourne | Sydney,107,False,,,,,
Cervus timorensis,Rusa Deer,Mammal,2,Brisbane | Sydney,28,False,,,,,
Cervus unicolor,Sambar,Mammal,2,Canberra–Queanbeyan | Melbourne,4589,False,,,,,
Cerynea trogobasis,,Insect,1,Darwin,3,False,,,,,
Cethosia penthesilea,Orange Lacewing,Insect,2,Brisbane | Darwin,27,False,,,,,
Ceylalictus perditellus,,Insect,1,Sydney,1,False,,,,,
Ceyx azureus,Azure Kingfisher,Bird,6,Brisbane | Canberra–Queanbeyan | Darwin | Hobart | Melbourne | Sydney,5127,False,,,,,
Ceyx pusillus,Little Kingfisher,Bird,1,Darwin,244,False,,,,,
Chabula acamasalis,,Insect,1,Brisbane,1,False,,,,,
Chaerephon jobensis,Northern Mastiff Bat,Mammal,1,Darwin,1,False,,,,,
Chaetedus longiceps,Plant Bug,Insect,3,Canberra–Queanbeyan | Melbourne | Sydney,26,False,,,,,
Chaetocnema calida,,Insect,1,Hobart,1,False,,,,,
Chaetocneme beata,Common Red-eye,Insect,2,Brisbane | Sydney,27,False,,,,,
Chaetocneme denitza,Ornate Dusk-flat,Insect,1,Brisbane,2,False,,,,,
Chaetocoelopa sydneyensis,Sydney Kelp Fly,Insect,3,Hobart | Perth | Sydney,12,False,,,,,
Chaetolopha emporias,Geometer Moth,Insect,2,Melbourne | Sydney,8,False,,,,,
Chaetolopha leucophragma,Geometer Moth,Insect,2,Melbourne | Sydney,9,False,,,,,
Chaetolopha niphosticha,Geometer Moth,Insect,1,Melbourne,25,False,,,,,
Chaetolopha oxyntis,Geometer Moth,Insect,2,Melbourne | Sydney,43,False,,,,,
Chaetophyes admittens,Tube Spittlebug,Insect,2,Adelaide | Melbourne,2,False,,,,,
Chaetophyes compacta,Tube Spittlebug,Insect,5,Adelaide | Brisbane | Canberra–Queanbeyan | Melbourne | Sydney,108,False,,,,,
Chalciope alcyona,,Insect,2,Brisbane | Darwin,12,False,,,,,
Chalcites basalis,Horsfield's Bronze-cuckoo,Bird,8,Adelaide | Brisbane | Canberra–Queanbeyan | Darwin | Hobart | Melbourne | Perth | Sydney,8556,False,,,,,
Chalcites lucidus,New Zealand Shining Bronze-cuckoo,Bird,7,Adelaide | Brisbane | Canberra–Queanbeyan | Hobart | Melbourne | Perth | Sydney,11850,False,,,,,
Chalcites minutillus,Little Bronze-cuckoo,Bird,3,Brisbane | Darwin | Sydney,2658,False,,,,,
Chalcites osculans,Black-eared Cuckoo,Bird,7,Adelaide | Brisbane | Canberra–Queanbeyan | Darwin | Melbourne | Perth | Sydney,198,False,,,,,
Chalcolampra constricta,,Insect,1,Melbourne,4,False,,,,,
Chalcolampra marmorata,,Insect,2,Brisbane | Sydney,6,False,,,,,
Chalcolampra pustulata,,Insect,1,Melbourne,17,False,,,,,
Chalcolampra thoracica,,Insect,1,Melbourne,2,False,,,,,
Chalcomela cupripennis,,Insect,1,Melbourne,2,False,,,,,
Chalcophaps indica,Emerald Dove,Bird,2,Brisbane | Sydney,5,False,,,,,
Chalcophaps longirostris,Brown-capped Emerald-dove,Bird,4,Adelaide | Brisbane | Darwin | Sydney,1184,False,,,,,
Chalcopteroides columbinus,,Insect,3,Canberra–Queanbeyan | Hobart | Melbourne,135,False,,,,,
Chalcopteroides cupripennis,,Insect,4,Brisbane | Canberra–Queanbeyan | Melbourne | Sydney,29,False,,,,,
Chalcopteroides cyanopterus,,Insect,1,Melbourne,1,False,,,,,
Chalcopteroides iridicolor,,Insect,2,Canberra–Queanbeyan | Hobart,3,False,,,,,
Chalcopteroides spectabilis,,Insect,1,Canberra–Queanbeyan,47,False,,,,,
Chalcosyrphus elongatus,Hover Fly,Insect,3,Brisbane | Melbourne | Perth,6,False,,,,,
Chalcosyrphus victoriensis,Hover Fly,Insect,1,Melbourne,3,False,,,,,
Chaliniastis astrapaea,,Insect,1,Brisbane,6,False,,,,,
Chalinolobus dwyeri,Large-eared Pied Bat,Mammal,1,Sydney,648,True,Endangered,Chalinolobus dwyeri,Chalinolobus dwyeri,"Large-eared Pied Bat, Large Pied Bat",2023-11-15
Chalinolobus gouldii,Gould's Wattled Bat,Mammal,7,Adelaide | Brisbane | Canberra–Queanbeyan | Hobart | Melbourne | Perth | Sydney,4919,False,,,,,
Chalinolobus morio,Chocolate Wattled Bat,Mammal,5,Adelaide | Brisbane | Canberra–Queanbeyan | Melbourne | Sydney,276,False,,,,,
Chalybion bengalense,,Insect,1,Brisbane,9,False,,,,,
Chaoborus longicercus,,Insect,1,Brisbane,1,False,,,,,
Chaoborus ornatipennis,Phantom Midge,Insect,5,Adelaide | Brisbane | Canberra–Queanbeyan | Melbourne | Sydney,53,False,,,,,
Chaoborus punctilliger,,Insect,1,Darwin,1,False,,,,,
Chaoborus vagus,,Insect,3,Adelaide | Brisbane | Melbourne,14,False,,,,,
Chaoilta hollowayi,,Insect,2,Melbourne | Sydney,2,False,,,,,
Charadrius bicinctus,Double-banded Plover,Bird,5,Adelaide | Brisbane | Hobart | Melbourne | Sydney,1503,False,,,,,
Charadrius hiaticula,Common Ringed Plover,Bird,1,Sydney,4,False,,,,,
Charadrius leschenaultii,Greater Sand Plover,Bird,5,Adelaide | Brisbane | Darwin | Perth | Sydney,2698,True,Vulnerable,Charadrius leschenaultii,Charadrius leschenaultii,"Greater Sand Plover, Large Sand Plover",2016-05-05
Charadrius mongolus,Mongolian Lesser Sand Plover,Bird,4,Brisbane | Darwin | Perth | Sydney,3360,True,Endangered,Charadrius mongolus,Charadrius mongolus,"Lesser Sand Plover, Mongolian Plover",2016-05-05
Charadrius ruficapillus,Red-capped Plover,Bird,8,Adelaide | Brisbane | Canberra–Queanbeyan | Darwin | Hobart | Melbourne | Perth | Sydney,9487,False,,,,,
Charadrius semipalmatus,Semipalmated Plover,Bird,1,Brisbane,202,False,,,,,
Charadrius veredus,Oriental Plover,Bird,2,Brisbane | Darwin,123,False,,,,,
Charaxes sempronius,Tailed Emperor,Insect,6,Adelaide | Brisbane | Canberra–Queanbeyan | Darwin | Melbourne | Sydney,308,False,,,,,
Chasmina pulchra,Owlet Moth,Insect,7,Adelaide | Brisbane | Canberra–Queanbeyan | Darwin | Melbourne | Perth | Sydney,72,False,,,,,
Chasmina tibialis,,Insect,1,Brisbane,3,False,,,,,
Chasmoptera huttii,,Insect,1,Perth,9,False,,,,,
Chauliognathus curvipes,,Insect,1,Sydney,18,False,,,,,
Chauliognathus flavipennis,,Insect,1,Brisbane,243,False,,,,,
Chauliognathus imperialis,,Insect,3,Brisbane | Melbourne | Sydney,114,False,,,,,
Chauliognathus inconstans,,Insect,2,Brisbane | Sydney,20,False,,,,,
Chauliognathus lugubris,Plague Soldier Beetle,Insect,7,Adelaide | Brisbane | Canberra–Queanbeyan | Hobart | Melbourne | Perth | Sydney,1922,False,,,,,
Chauliognathus sydneyanus,,Insect,3,Brisbane | Melbourne | Sydney,67,False,,,,,
Chauliognathus tenuis,,Insect,1,Melbourne,4,False,,,,,
Chauliognathus tricolor,,Insect,7,Adelaide | Brisbane | Canberra–Queanbeyan | Hobart | Melbourne | Perth | Sydney,522,False,,,,,
Cheilomenes sexmaculata,,Insect,2,Darwin | Perth,143,False,,,,,
Cheiloxena insignis,,Insect,1,Melbourne,1,False,,,,,
Cheiloxena westwoodii,,Insect,1,Melbourne,1,False,,,,,
Cheirodes sardous,,Insect,1,Perth,3,False,,,,,
Cheiroplatys bifossus,,Insect,1,Melbourne,62,False,,,,,
Cheiroplatys excavatus,,Insect,1,Brisbane,1,False,,,,,
Cheiroplatys latipes,,Insect,2,Adelaide | Melbourne,9,False,,,,,
Chelaner kiliani,,Insect,5,Adelaide | Brisbane | Canberra–Queanbeyan | Melbourne | Sydney,304,False,,,,,
Chelaner leae,,Insect,1,Melbourne,6,False,,,,,
Chelaner rubriceps,,Insect,4,Adelaide | Brisbane | Melbourne | Sydney,112,False,,,,,
Chelepteryx chalepteryx,Lappet Moth,Insect,4,Brisbane | Canberra–Queanbeyan | Melbourne | Sydney,122,False,,,,,
Chelepteryx collesi,White-stemmed Gum Moth,Insect,3,Canberra–Queanbeyan | Melbourne | Sydney,503,False,,,,,
Chelinidea tabulata,Prickly Pear Bug,Insect,1,Brisbane,1,False,,,,,
Chelodina canni,Cann's Snake-necked Turtle,Reptile,1,Sydney,4,False,,,,,
Chelodina expansa,Broad-shelled Turtle,Reptile,5,Adelaide | Brisbane | Canberra–Queanbeyan | Melbourne | Sydney,94,False,,,,,
Chelodina longicollis,Snake-necked Turtle,Reptile,6,Adelaide | Brisbane | Canberra–Queanbeyan | Melbourne | Perth | Sydney,5523,False,,,,,
Chelodina oblonga,Northern Snake-necked Turtle,Reptile,1,Perth,5587,False,,,,,
Chelodina rugosa,Northern Snake-necked Turtle,Reptile,1,Perth,1,False,,,,,
Chelodina steindachneri,Steindachner's Turtle,Reptile,1,Perth,17,False,,,,,
Chelonia mydas,Green Turtle,Reptile,5,Brisbane | Darwin | Melbourne | Perth | Sydney,331,True,Vulnerable,Chelonia mydas,Chelonia mydas,Green Turtle,2000-07-16
Chenonetta jubata,Australian Wood Duck,Bird,7,Adelaide | Brisbane | Canberra–Queanbeyan | Hobart | Melbourne | Perth | Sydney,209115,False,,,,,
Chenuala heliaspis,Rose Anthelid Moth,Insect,2,Canberra–Queanbeyan | Melbourne,4,False,,,,,
Cheramoeca leucosterna,White-backed Swallow,Bird,5,Adelaide | Brisbane | Melbourne | Perth | Sydney,85,False,,,,,
Chetogaster violacea,Horse Fly,Insect,1,Canberra–Queanbeyan,3,False,,,,,
Chetogaster viridis,,Insect,1,Melbourne,2,False,,,,,
Chewobrachys sanguiflua,,Insect,1,Brisbane,1,False,,,,,
Chezala anaxia,Concealer Moth,Insect,1,Melbourne,1,False,,,,,
Chezala brachypepla,Concealer Moth,Insect,4,Brisbane | Canberra–Queanbeyan | Melbourne | Sydney,187,False,,,,,
Chezala conjunctella,,Insect,2,Brisbane | Sydney,10,False,,,,,
Chezala fulvia,Concealer Moth,Insect,1,Melbourne,6,False,,,,,
Chezala osteochroa,,Insect,1,Sydney,1,False,,,,,
Chezala privatella,Concealer Moth,Insect,7,Adelaide | Brisbane | Canberra–Queanbeyan | Hobart | Melbourne | Perth | Sydney,469,False,,,,,
Chezala silvestris,,Insect,1,Brisbane,2,False,,,,,
Chiasmoneura collessi,,Insect,1,Brisbane,2,False,,,,,
Chilatomaria australis,,Insect,1,Melbourne,2,False,,,,,
Chilocoris bicolor,,Insect,1,Brisbane,3,False,,,,,
Chilocorus circumdatus,,Insect,1,Brisbane,17,False,,,,,
Chilocorus malasiae,,Insect,1,Brisbane,1,False,,,,,
Chimarra australica,Caddisfly,Insect,1,Brisbane,13,False,,,,,
Chinoneides tasmaniensis,Stilt Bug,Insect,6,Adelaide | Canberra–Queanbeyan | Hobart | Melbourne | Perth | Sydney,288,False,,,,,
Chionogenes isanema,,Insect,1,Melbourne,2,False,,,,,
Chiriphe dichotoma,Moth,Insect,4,Brisbane | Canberra–Queanbeyan | Melbourne | Sydney,231,False,,,,,
Chiriphe equidistans,,Insect,1,Brisbane,2,False,,,,,
Chironomus australis,Midge,Insect,3,Adelaide | Melbourne | Perth,30,False,,,,,
Chironomus calipterus,Midge,Insect,1,Brisbane,1,False,,,,,
Chironomus javanus,Midge,Insect,2,Brisbane | Darwin,9,False,,,,,
Chironomus nepeanensis,Midge,Insect,5,Brisbane | Canberra–Queanbeyan | Darwin | Melbourne | Sydney,47,False,,,,,
Chironomus occidentalis,Midge,Insect,1,Perth,3,False,,,,,
Chironomus tepperi,Rice Bloodworm,Insect,4,Adelaide | Melbourne | Perth | Sydney,29,False,,,,,
Chitonaleyrodes canberrensis,,Insect,3,Adelaide | Canberra–Queanbeyan | Sydney,4,False,,,,,
Chlaenius australis,,Insect,3,Adelaide | Canberra–Queanbeyan | Melbourne,9,False,,,,,
Chlaenius darlingensis,,Insect,3,Canberra–Queanbeyan | Melbourne | Sydney,9,False,,,,,
Chlaenius flaviguttatus,,Insect,3,Brisbane | Darwin | Sydney,3,False,,,,,
Chlaenius greyanus,,Insect,1,Perth,12,False,,,,,
Chlaenius hamifer,,Insect,2,Brisbane | Darwin,9,False,,,,,
Chlamydera maculata,Spotted Bowerbird,Bird,1,Sydney,4,False,,,,,
Chlamydera nuchalis,Great Bowerbird,Bird,1,Darwin,1317,False,,,,,
Chlamydopsis pygidialis,,Insect,1,Melbourne,1,False,,,,,
Chlamydopsis reticulata,,Insect,2,Hobart | Melbourne,7,False,,,,,
Chlamydopsis serricollis,,Insect,1,Melbourne,1,False,,,,,
Chlamydopsis striatipennis,,Insect,1,Melbourne,1,False,,,,,
Chlamydopsis strigicollis,,Insect,1,Melbourne,1,False,,,,,
Chlamydopteryx sidnicus,,Insect,4,Brisbane | Canberra–Queanbeyan | Melbourne | Sydney,46,False,,,,,
Chlamydosaurus kingii,Frilled Lizard,Reptile,3,Brisbane | Darwin | Sydney,130,False,,,,,
Chlenias auctaria,Chlenias Moth,Insect,4,Adelaide | Hobart | Melbourne | Sydney,96,False,,,,,
Chlenias banksiaria,Geometer Moth,Insect,5,Adelaide | Canberra–Queanbeyan | Hobart | Melbourne | Sydney,471,False,,,,,
Chlenias gonosema,Geometer Moth,Insect,2,Adelaide | Melbourne,17,False,,,,,
Chlenias macrochorda,,Insect,2,Adelaide | Perth,6,False,,,,,
Chlenias nodosus,,Insect,1,Canberra–Queanbeyan,9,False,,,,,
Chlenias ochrocrana,Geometer Moth,Insect,3,Canberra–Queanbeyan | Melbourne | Sydney,11,False,,,,,
Chlenias seminigra,Geometer Moth,Insect,1,Adelaide,2,False,,,,,
Chlenias stenosticha,Geometer Moth,Insect,3,Adelaide | Melbourne | Perth,6,False,,,,,
Chlenias zonaea,Geometer Moth,Insect,4,Adelaide | Canberra–Queanbeyan | Hobart | Melbourne,26,False,,,,,
Chlenomorpha lygdina,,Insect,1,Perth,5,False,,,,,
Chlidonias hybrida,Whiskered Tern,Bird,7,Adelaide | Brisbane | Canberra–Queanbeyan | Darwin | Melbourne | Perth | Sydney,7785,False,,,,,
Chlidonias leucopterus,White-winged Black Tern,Bird,6,Brisbane | Canberra–Queanbeyan | Darwin | Melbourne | Perth | Sydney,442,False,,,,,
Chloebia gouldiae,Gouldian Finch,Bird,2,Canberra–Queanbeyan | Darwin,582,True,Endangered,Erythrura gouldiae,Chloebia gouldiae,Gouldian Finch,2000-07-16
Chloris chloris,European Greenfinch,Bird,6,Adelaide | Brisbane | Canberra–Queanbeyan | Hobart | Melbourne | Sydney,10658,False,,,,,
Chlorobapta frontalis,,Insect,5,Adelaide | Brisbane | Canberra–Queanbeyan | Perth | Sydney,49,False,,,,,
Chloroclystis approximata,Cherry Lopper Moth,Insect,6,Adelaide | Brisbane | Canberra–Queanbeyan | Hobart | Melbourne | Sydney,194,False,,,,,
Chloroclystis catastreptes,Geometer Moth,Insect,7,Adelaide | Brisbane | Canberra–Queanbeyan | Hobart | Melbourne | Perth | Sydney,376,False,,,,,
Chloroclystis delosticha,,Insect,1,Brisbane,8,False,,,,,
Chloroclystis embolocosma,,Insect,2,Brisbane | Sydney,22,False,,,,,
Chloroclystis filata,Filata Moth,Insect,5,Adelaide | Canberra–Queanbeyan | Hobart | Melbourne | Sydney,717,False,,,,,
Chloroclystis gonias,,Insect,1,Sydney,2,False,,,,,
Chloroclystis guttifera,,Insect,1,Brisbane,1,False,,,,,
Chloroclystis insigillata,Geometer Moth,Insect,6,Adelaide | Brisbane | Canberra–Queanbeyan | Melbourne | Perth | Sydney,611,False,,,,,
Chloroclystis metallospora,,Insect,6,Adelaide | Brisbane | Canberra–Queanbeyan | Melbourne | Perth | Sydney,47,False,,,,,
Chloroclystis mniochroa,,Insect,1,Brisbane,10,False,,,,,
Chloroclystis nigrilineata,,Insect,1,Darwin,2,False,,,,,
Chloroclystis pallidiplaga,,Insect,4,Adelaide | Canberra–Queanbeyan | Melbourne | Sydney,37,False,,,,,
Chloroclystis pyrrholopha,,Insect,1,Brisbane,43,False,,,,,
Chlorocoma assimilis,Lucas's Emerald Moth,Insect,5,Adelaide | Brisbane | Canberra–Queanbeyan | Melbourne | Sydney,45,False,,,,,
Chlorocoma cadmaria,Geometer Moth,Insect,3,Hobart | Melbourne | Sydney,55,False,,,,,
Chlorocoma carenaria,Geometer Moth,Insect,3,Brisbane | Hobart | Melbourne,27,False,,,,,
Chlorocoma dichloraria,Guenee's Emerald Moth,Insect,6,Adelaide | Canberra–Queanbeyan | Hobart | Melbourne | Perth | Sydney,231,False,,,,,
Chlorocoma externa,Geometer Moth,Insect,3,Adelaide | Hobart | Sydney,11,False,,,,,
Chlorocoma melocrossa,Geometer Moth,Insect,4,Canberra–Queanbeyan | Hobart | Melbourne | Sydney,33,False,,,,,
Chlorocoma rhodothrix,,Insect,1,Perth,3,False,,,,,
Chlorocoma stereota,Geometer Moth,Insect,1,Melbourne,26,False,,,,,
Chlorocoma tachypora,,Insect,1,Brisbane,12,False,,,,,
Chlorocoma tetraspila,Geometer Moth,Insect,1,Canberra–Queanbeyan,1,False,,,,,
Chlorocoma vertumnaria,Geometer Moth,Insect,4,Adelaide | Canberra–Queanbeyan | Melbourne | Sydney,35,False,,,,,
Chlorocysta vitripennis,Small Bottle Cicada,Insect,2,Brisbane | Sydney,53,False,,,,,
Chlorodes boisduvalaria,Geometer Moth,Insect,1,Hobart,10,False,,,,,
Chlorogastropsis orga,,Insect,1,Melbourne,5,False,,,,,
Chloromerus striatifrons,,Insect,2,Hobart | Melbourne,2,False,,,,,
Chlorophorus annularis,,Insect,1,Brisbane,10,False,,,,,
Chlorophorus curtisi,,Insect,1,Brisbane,41,False,,,,,
Chlumetia euthysticha,,Insect,1,Brisbane,3,False,,,,,
Chlumetia transversa,,Insect,1,Brisbane,37,False,,,,,
Choeras koalascatocola,,Insect,1,Brisbane,1,False,,,,,
Choeras morialta,,Insect,1,Adelaide,3,False,,,,,
Choerocoris grossi,,Insect,1,Brisbane,1,False,,,,,
Choerocoris paganus,Ground Shield Bug,Insect,8,Adelaide | Brisbane | Canberra–Queanbeyan | Darwin | Hobart | Melbourne | Perth | Sydney,695,False,,,,,
Choerocoris variegatus,Shield Bug,Insect,4,Adelaide | Canberra–Queanbeyan | Perth | Sydney,40,False,,,,,
Cholevomorpha picta,,Insect,1,Melbourne,1,False,,,,,
Chondropyga dorsalis,Cowboy Beetle,Insect,7,Adelaide | Brisbane | Canberra–Queanbeyan | Darwin | Melbourne | Perth | Sydney,1299,False,,,,,
Chondropyga gulosa,,Insect,2,Melbourne | Sydney,35,False,,,,,
Chora plana,,Insect,1,Brisbane,1,False,,,,,
Choreutis emplecta,,Insect,2,Brisbane | Sydney,2,False,,,,,
Choreutis melanopepla,,Insect,1,Brisbane,2,False,,,,,
Choreutis metallica,,Insect,1,Brisbane,5,False,,,,,
Choreutis ophiosema,,Insect,4,Brisbane | Darwin | Perth | Sydney,117,False,,,,,
Choreutis periploca,,Insect,2,Brisbane | Darwin,91,False,,,,,
Choreutis sycopola,,Insect,1,Brisbane,2,False,,,,,
Chorista australis,,Insect,1,Canberra–Queanbeyan,9,False,,,,,
Choristhemis flavoterminata,Yellow-tipped Tigertail,Insect,2,Brisbane | Sydney,378,False,,,,,
Chorodna strixaria,,Insect,2,Brisbane | Sydney,11,False,,,,,
Chorotingis indigena,,Insect,1,Perth,2,False,,,,,
Chortoicetes terminifera,Australian Plague Locust,Insect,6,Adelaide | Brisbane | Canberra–Queanbeyan | Melbourne | Perth | Sydney,238,False,,,,,
Chostonectes gigas,Diving Beetle,Insect,1,Canberra–Queanbeyan,3,False,,,,,
Christinus marmoratus,Marbled Gecko,Reptile,5,Adelaide | Canberra–Queanbeyan | Melbourne | Perth | Sydney,3222,False,,,,,
Chroicocephalus novaehollandiae,Silver Gull,Bird,8,Adelaide | Brisbane | Canberra–Queanbeyan | Darwin | Hobart | Melbourne | Perth | Sydney,199667,False,,,,,
Chroicocephalus ridibundus,Black-headed Gull,Bird,1,Darwin,15,False,,,,,
Chromatomyia syngenesiae,,Insect,1,Sydney,1,False,,,,,
Chrysis lincea,,Insect,6,Adelaide | Brisbane | Canberra–Queanbeyan | Melbourne | Perth | Sydney,16,False,,,,,
Chrysochloroma megaloptera,,Insect,1,Darwin,2,False,,,,,
Chrysocraspeda aurimargo,,Insect,1,Brisbane,5,False,,,,,
Chrysodeixis acuta,,Insect,2,Brisbane | Sydney,10,False,,,,,
Chrysodeixis argentifera,Tobacco Looper Moth,Insect,7,Adelaide | Brisbane | Canberra–Queanbeyan | Hobart | Melbourne | Perth | Sydney,621,False,,,,,
Chrysodeixis eriosoma,Green Looper Moth,Insect,8,Adelaide | Brisbane | Canberra–Queanbeyan | Darwin | Hobart | Melbourne | Perth | Sydney,442,False,,,,,
Chrysodeixis illuminata,,Insect,1,Brisbane,1,False,,,,,
Chrysodeixis subsidens,Australian Cabbage Looper Moth,Insect,7,Adelaide | Brisbane | Canberra–Queanbeyan | Hobart | Melbourne | Perth | Sydney,156,False,,,,,
Chrysolarentia adornata,Geometer Moth,Insect,1,Canberra–Queanbeyan,2,False,,,,,
Chrysolarentia bichromata,Geometer Moth,Insect,1,Melbourne,20,False,,,,,
Chrysolarentia conifasciata,Geometer Moth,Insect,1,Melbourne,8,False,,,,,
Chrysolarentia correlata,,Insect,2,Adelaide | Melbourne,61,False,,,,,
Chrysolarentia cydalima,Geometer Moth,Insect,1,Melbourne,2,False,,,,,
Chrysolarentia euphileta,Geometer Moth,Insect,1,Melbourne,6,False,,,,,
Chrysolarentia gypsomela,Geometer Moth,Insect,2,Adelaide | Canberra–Queanbeyan,23,False,,,,,
Chrysolarentia heliacaria,Geometer Moth,Insect,2,Hobart | Melbourne,6,False,,,,,
Chrysolarentia imperviata,Geometer Moth,Insect,3,Adelaide | Canberra–Queanbeyan | Sydney,6,False,,,,,
Chrysolarentia insulsata,Geometer Moth,Insect,3,Adelaide | Hobart | Melbourne,12,False,,,,,
Chrysolarentia lucidulata,Geometer Moth,Insect,3,Canberra–Queanbeyan | Hobart | Melbourne,133,False,,,,,
Chrysolarentia mecynata,Geometer Moth,Insect,4,Canberra–Queanbeyan | Hobart | Melbourne | Sydney,194,False,,,,,
Chrysolarentia phaedra,Geometer Moth,Insect,2,Melbourne | Sydney,49,False,,,,,
Chrysolarentia ptochopis,Geometer Moth,Insect,1,Melbourne,5,False,,,,,
Chrysolarentia subrectaria,Geometer Moth,Insect,4,Brisbane | Canberra–Queanbeyan | Melbourne | Sydney,44,False,,,,,
Chrysolarentia synchora,,Insect,1,Hobart,1,False,,,,,
Chrysolarentia vicissata,Geometer Moth,Insect,2,Hobart | Melbourne,13,False,,,,,
Chrysolina hyperici,St John's Wort Leaf Beetle,Insect,4,Adelaide | Canberra–Queanbeyan | Melbourne | Sydney,46,False,,,,,
Chrysolina quadrigemina,St John's Wort Leaf Beetle,Insect,2,Canberra–Queanbeyan | Melbourne,122,False,,,,,
Chrysolophus pictus,Golden Pheasant,Insect,2,Melbourne | Sydney,2,False,,,,,
Chrysolopus spectabilis,Diamond Beetle,Insect,5,Adelaide | Brisbane | Canberra–Queanbeyan | Melbourne | Sydney,441,False,,,,,
Chrysomphalus aonidum,,Insect,1,Brisbane,1,False,,,,,
Chrysomya incisuralis,Blow Fly,Insect,2,Brisbane | Sydney,19,False,,,,,
Chrysomya megacephala,,Insect,6,Adelaide | Brisbane | Darwin | Melbourne | Perth | Sydney,283,False,,,,,
Chrysomya rufifacies,Hairy Maggot Blowfly,Insect,6,Adelaide | Brisbane | Darwin | Melbourne | Perth | Sydney,41,False,,,,,
Chrysomya saffranea,,Insect,2,Brisbane | Sydney,6,False,,,,,
Chrysomya varipes,Small Hairy Maggot Blowfly,Insect,6,Brisbane | Canberra–Queanbeyan | Darwin | Melbourne | Perth | Sydney,23,False,,,,,
Chrysonoma catoptrina,Concealer Moth,Insect,1,Canberra–Queanbeyan,4,False,,,,,
Chrysonoma concisella,,Insect,1,Sydney,1,False,,,,,
Chrysonoma euchrysa,,Insect,1,Sydney,1,False,,,,,
Chrysonoma fascialis,Concealer Moth,Insect,7,Adelaide | Brisbane | Canberra–Queanbeyan | Darwin | Melbourne | Perth | Sydney,71,False,,,,,
Chrysonoma paracycla,Concealer Moth,Insect,2,Brisbane | Sydney,4,False,,,,,
Chrysonoma tentatella,,Insect,1,Adelaide,1,False,,,,,
Chrysopasta elegans,,Insect,1,Perth,9,False,,,,,
Chrysoperla congrua,,Insect,1,Brisbane,4,False,,,,,
Chrysopilus basifasciatus,,Insect,1,Hobart,4,False,,,,,
Chrysopogon albopunctatus,,Insect,1,Perth,10,False,,,,,
Chrysopogon muelleri,Robber Fly,Insect,2,Canberra–Queanbeyan | Melbourne,17,False,,,,,
Chrysosoma leucopogon,,Insect,3,Brisbane | Darwin | Melbourne,262,False,,,,,
Chrysosoma proliciens,,Insect,1,Darwin,4,False,,,,,
Chrysosoma pseudocallosum,,Insect,1,Brisbane,6,False,,,,,
Ciampa arietaria,Brown Pasture Looper Moth,Insect,6,Adelaide | Canberra–Queanbeyan | Hobart | Melbourne | Perth | Sydney,158,False,,,,,
Ciampa chordota,Geometer Moth,Insect,1,Canberra–Queanbeyan,2,False,,,,,
Ciampa melanostrepta,,Insect,2,Adelaide | Perth,12,False,,,,,
Cicadulina bimaculata,,Insect,1,Brisbane,7,False,,,,,
Cicindela mastersi,,Insect,1,Canberra–Queanbeyan,1,False,,,,,
Cidaphus glabrosus,,Insect,1,Melbourne,1,False,,,,,
Cillibus incisus,,Insect,1,Canberra–Queanbeyan,1,False,,,,,
Cimex lectularius,Bed Bug,Insect,4,Adelaide | Brisbane | Perth | Sydney,7,False,,,,,
Cincloramphus cruralis,Brown Songlark,Bird,7,Adelaide | Brisbane | Canberra–Queanbeyan | Darwin | Melbourne | Perth | Sydney,989,False,,,,,
Cincloramphus mathewsi,Rufous Songlark,Bird,7,Adelaide | Brisbane | Canberra–Queanbeyan | Darwin | Melbourne | Perth | Sydney,1191,False,,,,,
Cincloramphus timoriensis,Tawny Grassbird,Bird,5,Brisbane | Canberra–Queanbeyan | Darwin | Melbourne | Sydney,24314,False,,,,,
Cinclosoma castanotum,Chestnut Quail-thrush,Bird,1,Sydney,1,False,,,,,
Cinclosoma punctatum,Spotted Quail-thrush,Bird,5,Brisbane | Canberra–Queanbeyan | Hobart | Melbourne | Sydney,62,False,,,,,
Circopetes obtusata,Geometer Moth,Insect,6,Brisbane | Canberra–Queanbeyan | Hobart | Melbourne | Perth | Sydney,217,False,,,,,
Circus approximans,Swamp Harrier,Bird,8,Adelaide | Brisbane | Canberra–Queanbeyan | Darwin | Hobart | Melbourne | Perth | Sydney,18007,False,,,,,
Circus assimilis,Spotted Harrier,Bird,7,Adelaide | Brisbane | Canberra–Queanbeyan | Darwin | Melbourne | Perth | Sydney,559,False,,,,,
Cirphis ebriosa,Owlet Moth,Insect,3,Canberra–Queanbeyan | Hobart | Melbourne,4,False,,,,,
Cirphula pyrrhocnemis,Variable Cirphula,Insect,3,Canberra–Queanbeyan | Melbourne | Sydney,22,False,,,,,
Cirrhochrista annulifera,,Insect,2,Brisbane | Darwin,5,False,,,,,
Cirrhochrista arcusalis,,Insect,1,Brisbane,4,False,,,,,
Cirrhochrista punctulata,,Insect,2,Brisbane | Darwin,2,False,,,,,
Cirrograpta sporadica,,Insect,3,Brisbane | Perth | Sydney,30,False,,,,,
Cirromitra tetratherma,Concealer Moth,Insect,2,Canberra–Queanbeyan | Sydney,6,False,,,,,
Cissomela pectoralis,Banded Honeyeater,Bird,1,Darwin,239,False,,,,,
Cisticola exilis,Golden-headed Cisticola,Bird,6,Adelaide | Brisbane | Canberra–Queanbeyan | Darwin | Melbourne | Sydney,45681,False,,,,,
Cisticola juncidis,Zitting Cisticola,Bird,2,Darwin | Sydney,50,False,,,,,
Citrogramma notiale,,Insect,2,Melbourne | Sydney,2,False,,,,,
Ciulfina biseriata,,Insect,1,Brisbane,1,False,,,,,
Ciulfina ianrichardi,,Insect,1,Darwin,5,False,,,,,
Ciulfina rentzi,,Insect,1,Brisbane,10,False,,,,,
Cizara ardeniae,Cizara Hawk Moth,Insect,2,Brisbane | Sydney,10,False,,,,,
Cladius brullei,,Insect,2,Adelaide | Melbourne,3,False,,,,,
Cladophorus cinctus,,Insect,1,Brisbane,52,False,,,,,
Cladorhynchus leucocephalus,Banded Stilt,Bird,5,Adelaide | Hobart | Melbourne | Perth | Sydney,936,False,,,,,
Clambus bornemisszai,,Insect,1,Hobart,1,False,,,,,
Clania ignobilis,Faggot Case Moth,Insect,7,Adelaide | Brisbane | Canberra–Queanbeyan | Hobart | Melbourne | Perth | Sydney,267,False,,,,,
Clania lewinii,Bagworm Moth,Insect,5,Adelaide | Brisbane | Canberra–Queanbeyan | Melbourne | Sydney,51,False,,,,,
Claraeola cyclohirta,,Insect,1,Sydney,2,False,,,,,
Clarana arrythmodes,,Insect,1,Perth,1,False,,,,,
Clarana clarana,Moth,Insect,6,Adelaide | Canberra–Queanbeyan | Hobart | Melbourne | Perth | Sydney,161,False,,,,,
Clarissa atrata,,Insect,1,Sydney,1,False,,,,,
Clarissa thoracica,,Insect,1,Brisbane,1,False,,,,,
Clemacantha goliath,,Insect,3,Brisbane | Perth | Sydney,124,False,,,,,
Clematostigma maculiceps,,Insect,3,Hobart | Melbourne | Perth,6,False,,,,,
Cleobora mellyi,Southern Ladybird,Insect,5,Adelaide | Hobart | Melbourne | Perth | Sydney,238,False,,,,,
Cleora decisaria,,Insect,1,Darwin,1,False,,,,,
Cleora displicata,,Insect,7,Adelaide | Brisbane | Canberra–Queanbeyan | Darwin | Melbourne | Perth | Sydney,220,False,,,,,
Cleora godeffroyi,,Insect,1,Perth,1,False,,,,,
Cleora goldfinchi,,Insect,3,Brisbane | Canberra–Queanbeyan | Sydney,6,False,,,,,
Cleora illustraria,,Insect,2,Brisbane | Sydney,112,False,,,,,
Cleora injectaria,,Insect,7,Adelaide | Brisbane | Canberra–Queanbeyan | Darwin | Melbourne | Perth | Sydney,165,False,,,,,
Cleora repetita,,Insect,2,Brisbane | Darwin,299,False,,,,,
Cleora sabulata,,Insect,2,Brisbane | Sydney,27,False,,,,,
Cleotyche francescoi,,Insect,1,Brisbane,1,False,,,,,
Cleromorpha novemguttata,,Insect,1,Sydney,4,False,,,,,
Clerus bimaculatus,,Insect,1,Perth,1,False,,,,,
Clerus gilberti,,Insect,5,Brisbane | Canberra–Queanbeyan | Darwin | Melbourne | Sydney,7,False,,,,,
Cletus minutus,,Insect,2,Brisbane | Sydney,4,False,,,,,
Cletus saucius,,Insect,2,Brisbane | Sydney,18,False,,,,,
Cletus similis,Leaf-footed Bug,Insect,6,Adelaide | Brisbane | Canberra–Queanbeyan | Melbourne | Perth | Sydney,29,False,,,,,
Climacteris affinis,White-browed Treecreeper,Bird,2,Canberra–Queanbeyan | Sydney,7,False,,,,,
Climacteris erythrops,Red-browed Treecreeper,Bird,3,Canberra–Queanbeyan | Melbourne | Sydney,681,False,,,,,
Climacteris melanurus,Black-tailed Treecreeper,Bird,1,Darwin,4,False,,,,,
Climacteris picumnus,North-eastern Brown Treecreeper,Bird,5,Adelaide | Brisbane | Canberra–Queanbeyan | Melbourne | Sydney,117,False,,,,,
Climacteris rufus,Rufous Treecreeper,Bird,2,Perth | Sydney,31,False,,,,,
Clinopsalta adelaida,Cicada,Insect,1,Adelaide,24,False,,,,,
Clinopsalta autumna,,Insect,1,Sydney,124,False,,,,,
Clinotanypus crux,Midge,Insect,1,Brisbane,1,False,,,,,
Clitemnestra guttatula,,Insect,1,Perth,9,False,,,,,
Clitemnestra mimetica,,Insect,1,Canberra–Queanbeyan,1,False,,,,,
Clitemnestra plomleyi,Wasp,Insect,1,Melbourne,2,False,,,,,
Clithria eucnemis,,Insect,1,Melbourne,1,False,,,,,
Clivina basalis,,Insect,3,Canberra–Queanbeyan | Melbourne | Sydney,14,False,,,,,
Cloeon fluviatile,Mayfly,Insect,3,Adelaide | Brisbane | Perth,13,False,,,,,
Cloeon paradieniense,Mayfly,Insect,3,Adelaide | Canberra–Queanbeyan | Perth,19,False,,,,,
Clogmia albipunctata,Moth Fly,Insect,7,Adelaide | Brisbane | Canberra–Queanbeyan | Darwin | Melbourne | Perth | Sydney,538,False,,,,,
Closterotomus norwegicus,Potato Bug,Insect,2,Adelaide | Hobart,25,False,,,,,
Clunio pacificus,Midge,Insect,1,Sydney,1,False,,,,,
Clupeosoma pellucidalis,,Insect,1,Darwin,1,False,,,,,
Clusiosomina puncticeps,,Insect,2,Brisbane | Sydney,2,False,,,,,
Clytoscopa iorrhoda,,Insect,1,Brisbane,34,False,,,,,
Cnaphalocrocis medinalis,,Insect,3,Brisbane | Darwin | Sydney,112,False,,,,,
Cnaphalocrocis poeyalis,,Insect,4,Brisbane | Canberra–Queanbeyan | Darwin | Sydney,183,False,,,,,
Cnecosa insueta,,Insect,5,Adelaide | Brisbane | Canberra–Queanbeyan | Melbourne | Sydney,8,False,,,,,
Cnemoplites argodi,,Insect,1,Sydney,1,False,,,,,
Cnemoplites australis,,Insect,2,Brisbane | Melbourne,5,False,,,,,
Cnemoplites edulis,Mallee Witchetygrub,Insect,1,Melbourne,5,False,,,,,
Cobarus planus,,Insect,1,Melbourne,3,False,,,,,
Coboldia fuscipes,Black Scavenger Fly,Insect,2,Canberra–Queanbeyan | Melbourne,4,False,,,,,
Coccinella transversalis,Transverse Ladybird,Insect,8,Adelaide | Brisbane | Canberra–Queanbeyan | Darwin | Hobart | Melbourne | Perth | Sydney,2622,False,,,,,
Coccinella undecimpunctata,Elevenspotted Ladybird,Insect,3,Adelaide | Hobart | Melbourne,20,False,,,,,
Coccus hesperidum,Soft Brown Scale,Insect,6,Adelaide | Brisbane | Canberra–Queanbeyan | Melbourne | Perth | Sydney,25,False,,,,,
Coccus longulus,Long Brown Scale,Insect,2,Melbourne | Sydney,2,False,,,,,
Coccus viridis,Green Scale,Insect,1,Brisbane,4,False,,,,,
Coelioxys albolineata,,Insect,1,Brisbane,12,False,,,,,
Coelioxys froggatti,,Insect,1,Perth,7,False,,,,,
Coelioxys reginae,,Insect,1,Brisbane,1,False,,,,,
Coelophora inaequalis,Common Australian Lady Beetle,Insect,6,Brisbane | Canberra–Queanbeyan | Darwin | Melbourne | Perth | Sydney,2450,False,,,,,
Coeloptera epiloma,,Insect,1,Melbourne,1,False,,,,,
Coelopynia pruinosa,Midge,Insect,1,Canberra–Queanbeyan,1,False,,,,,
Coelostoma fabricii,,Insect,2,Perth | Sydney,22,False,,,,,
Coenosia acuticornis,,Insect,3,Brisbane | Hobart | Melbourne,15,False,,,,,
Coenosia latitarsis,,Insect,1,Hobart,1,False,,,,,
Coenotoca subaspersa,Owlet Moth,Insect,1,Sydney,2,False,,,,,
Coequosa australasiae,Hawk Moth,Insect,2,Brisbane | Sydney,85,False,,,,,
Coequosa triangularis,Double-headed Hawk Moth,Insect,1,Sydney,12,False,,,,,
Coeranica eritima,Concealer Moth,Insect,1,Canberra–Queanbeyan,1,False,,,,,
Coeranica isabella,Concealer Moth,Insect,2,Brisbane | Canberra–Queanbeyan,14,False,,,,,
Coeranoscincus reticulatus,Three-toed Snake-tooth Skink,Reptile,1,Sydney,2,True,Vulnerable,Coeranoscincus reticulatus,Coeranoscincus reticulatus,Three-toed Snake-tooth Skink,2000-07-16
Coesyra cyclotoma,Concealer Moth,Insect,1,Canberra–Queanbeyan,2,False,,,,,
Coesyra phaeozona,Concealer Moth,Insect,2,Canberra–Queanbeyan | Melbourne,2,False,,,,,
Cofana spectra,White Leafhopper,Insect,2,Brisbane | Sydney,27,False,,,,,
Coleocoptus senio,,Insect,6,Adelaide | Brisbane | Canberra–Queanbeyan | Melbourne | Perth | Sydney,21,False,,,,,
Coleocoris ocellatus,,Insect,1,Perth,1,False,,,,,
Coleophora alcyonipennella,,Insect,4,Brisbane | Canberra–Queanbeyan | Melbourne | Sydney,22,False,,,,,
Coleotichus artensis,,Insect,2,Brisbane | Sydney,17,False,,,,,
Coleotichus costatus,Shield Bug,Insect,6,Adelaide | Brisbane | Canberra–Queanbeyan | Melbourne | Perth | Sydney,84,False,,,,,
Coleotichus excellens,,Insect,2,Brisbane | Darwin,36,False,,,,,
Colepia abludo,Robber Fly,Insect,2,Canberra–Queanbeyan | Melbourne,2,False,,,,,
Colepia ingloria,Robber Fly,Insect,4,Brisbane | Canberra–Queanbeyan | Melbourne | Sydney,27,False,,,,,
Colepia malleola,Robber Fly,Insect,2,Brisbane | Sydney,20,False,,,,,
Colepia rufiventris,Robber Fly,Insect,5,Adelaide | Brisbane | Canberra–Queanbeyan | Melbourne | Sydney,122,False,,,,,
Colgar peracutum,Citrus Planthopper,Insect,5,Brisbane | Canberra–Queanbeyan | Darwin | Perth | Sydney,425,False,,,,,
Colgar surrectum,,Insect,1,Brisbane,1,False,,,,,
Colgar tricolor,,Insect,2,Brisbane | Darwin,5,False,,,,,
Colgaroides acuminata,Mango Planthopper,Insect,3,Brisbane | Darwin | Sydney,315,False,,,,,
Colgaroides viridis,,Insect,1,Darwin,2,False,,,,,
Collessiama pyrrhotelus,,Insect,3,Brisbane | Canberra–Queanbeyan | Sydney,9,False,,,,,
Collinsa submicans,,Insect,1,Brisbane,1,False,,,,,
Collix ghosha,,Insect,1,Brisbane,5,False,,,,,
Colluricincla harmonica,Grey Shrike-thrush,Bird,8,Adelaide | Brisbane | Canberra–Queanbeyan | Darwin | Hobart | Melbourne | Perth | Sydney,71245,False,,,,,
Colluricincla megarhyncha,Little Shrike-thrush,Bird,3,Brisbane | Darwin | Sydney,1105,False,,,,,
Colluricincla rufogaster,,Bird,1,Brisbane,3921,False,,,,,
Colobopsis gasseri,,Insect,7,Adelaide | Brisbane | Canberra–Queanbeyan | Hobart | Melbourne | Perth | Sydney,310,False,,,,,
Colobopsis macrocephala,,Insect,4,Brisbane | Hobart | Melbourne | Sydney,62,False,,,,,
Colobopsis vitrea,,Insect,2,Brisbane | Darwin,5,False,,,,,
Colobostema rhamphe,Black Scavenger Fly,Insect,1,Melbourne,1,False,,,,,
Colobostruma alinodis,Ant,Insect,2,Brisbane | Sydney,5,False,,,,,
Colobostruma australis,Ant,Insect,1,Melbourne,3,False,,,,,
Colobostruma biconvexa,,Insect,1,Brisbane,7,False,,,,,
Colobostruma elliotti,Ant,Insect,1,Hobart,1,False,,,,,
Colobostruma sisypha,,Insect,1,Sydney,1,False,,,,,
Colobostruma unicorna,,Insect,1,Brisbane,3,False,,,,,
Columba leucomela,White-headed Pigeon,Bird,5,Adelaide | Brisbane | Canberra–Queanbeyan | Melbourne | Sydney,2533,False,,,,,
Columba livia,Rock Dove,Bird,8,Adelaide | Brisbane | Canberra–Queanbeyan | Darwin | Hobart | Melbourne | Perth | Sydney,188857,False,,,,,
Columba vitiensis,Lord Howe Metallic Pigeon,Bird,1,Sydney,1,False,,,,,
Columbicola columbae,,Insect,1,Melbourne,1,False,,,,,
Colymbomorpha lineata,,Insect,1,Perth,2,False,,,,,
Colymbomorpha uniformis,,Insect,1,Perth,1,False,,,,,
Colymbomorpha vittata,Spring Beetle,Insect,1,Perth,10,False,,,,,
Comana albibasis,,Insect,1,Brisbane,15,False,,,,,
Comana collaris,,Insect,1,Brisbane,8,False,,,,,
Comana corones,,Insect,1,Darwin,1,False,,,,,
Comibaena mariae,,Insect,1,Brisbane,65,False,,,,,
Commius elegans,Commius Elegans,Insect,5,Adelaide | Brisbane | Canberra–Queanbeyan | Melbourne | Sydney,317,False,,,,,
Commonia hesychima,Moth,Insect,1,Perth,12,False,,,,,
Comocrus behri,Mistletoe Moth,Insect,4,Adelaide | Canberra–Queanbeyan | Melbourne | Sydney,22,False,,,,,
Comostola iodioides,,Insect,1,Brisbane,1,False,,,,,
Comostola laesaria,,Insect,4,Brisbane | Canberra–Queanbeyan | Darwin | Sydney,502,False,,,,,
Comostola leucomerata,,Insect,2,Brisbane | Sydney,21,False,,,,,
Comostola nereidaria,,Insect,1,Brisbane,1,False,,,,,
Comostolopsis germana,,Insect,1,Sydney,2,False,,,,,
Comperiella bifasciata,,Insect,1,Adelaide,1,False,,,,,
Compsotropha charidotis,,Insect,1,Adelaide,7,False,,,,,
Compsotropha selenias,Concealer Moth,Insect,3,Canberra–Queanbeyan | Hobart | Perth,12,False,,,,,
Compsotropha strophiella,Concealer Moth,Insect,6,Adelaide | Brisbane | Canberra–Queanbeyan | Melbourne | Perth | Sydney,127,False,,,,,
Comptosia apicalis,Bee Fly,Insect,3,Brisbane | Canberra–Queanbeyan | Sydney,9,False,,,,,
Comptosia heliophila,,Insect,1,Sydney,4,False,,,,,
Comptosia insignis,,Insect,1,Sydney,3,False,,,,,
Comptosia neobiguttata,,Insect,1,Sydney,1,False,,,,,
Comptosia neosobria,,Insect,2,Melbourne | Sydney,2,False,,,,,
Comptosia ocellata,,Insect,1,Hobart,4,False,,,,,
Comptosia quadripennis,Bee Fly,Insect,1,Canberra–Queanbeyan,5,False,,,,,
Comptosia stria,,Insect,2,Canberra–Queanbeyan | Sydney,8,False,,,,,
Comptosia tendens,,Insect,1,Perth,16,False,,,,,
Comptosia vittata,Bee Fly,Insect,1,Adelaide,18,False,,,,,
Concinnia martini,Dark Barsided Skink,Reptile,1,Brisbane,206,False,,,,,
Concinnia tenuis,Barred-sided Skink,Reptile,2,Brisbane | Sydney,488,False,,,,,
Condica aroana,,Insect,4,Brisbane | Canberra–Queanbeyan | Melbourne | Sydney,58,False,,,,,
Condica dolorosa,,Insect,1,Brisbane,8,False,,,,,
Condica illecta,,Insect,2,Brisbane | Sydney,151,False,,,,,
Coniopteryx maculithorax,,Insect,4,Adelaide | Canberra–Queanbeyan | Melbourne | Sydney,61,False,,,,,
Conobathra hemichlaena,,Insect,2,Brisbane | Sydney,46,False,,,,,
Conobrosis acervata,,Insect,1,Brisbane,1,False,,,,,
Conocephalomima barameda,Barameda Katydid,Insect,5,Adelaide | Brisbane | Canberra–Queanbeyan | Melbourne | Sydney,317,False,,,,,
Conocephalus albescens,,Insect,6,Adelaide | Brisbane | Canberra–Queanbeyan | Hobart | Melbourne | Sydney,367,False,,,,,
Conocephalus bilineatus,,Insect,3,Canberra–Queanbeyan | Melbourne | Sydney,22,False,,,,,
Conocephalus maculatus,,Insect,1,Darwin,1,False,,,,,
Conocephalus semivittatus,Blackish Meadow Katydid,Insect,4,Brisbane | Canberra–Queanbeyan | Melbourne | Sydney,678,False,,,,,
Conocephalus upoluensis,,Insect,7,Adelaide | Brisbane | Canberra–Queanbeyan | Darwin | Melbourne | Perth | Sydney,493,False,,,,,
Conocephalus willemsei,,Insect,1,Darwin,1,False,,,,,
Conoeca guildingi,,Insect,4,Brisbane | Canberra–Queanbeyan | Melbourne | Sydney,222,False,,,,,
Conogethes haemactalis,,Insect,2,Brisbane | Sydney,214,False,,,,,
Conogethes pluto,,Insect,1,Sydney,9,False,,,,,
Conogethes punctiferalis,,Insect,2,Brisbane | Sydney,43,False,,,,,
Conogethes semifascialis,,Insect,1,Brisbane,3,False,,,,,
Conopophila albogularis,Rufous-banded Honeyeater,Bird,1,Darwin,9691,False,,,,,
Conopophila rufogularis,Rufous-throated Honeyeater,Bird,1,Darwin,248,False,,,,,
Conosara pammicta,,Insect,1,Sydney,1,False,,,,,
Conosia irrorata,,Insect,6,Adelaide | Brisbane | Canberra–Queanbeyan | Darwin | Melbourne | Sydney,78,False,,,,,
Constrictana catharia,,Insect,1,Canberra–Queanbeyan,1,False,,,,,
Constrictana constrictana,,Insect,6,Adelaide | Brisbane | Canberra–Queanbeyan | Hobart | Melbourne | Sydney,131,False,,,,,
Constrictana ischnomorpha,,Insect,1,Melbourne,3,False,,,,,
Cooloola propator,Cooloola Monster,Insect,1,Sydney,1,False,,,,,
Cooperocoris australis,,Insect,2,Adelaide | Melbourne,10,False,,,,,
Cooraboorama canberrae,,Insect,1,Canberra–Queanbeyan,34,False,,,,,
Cooronga mcalpinei,,Insect,1,Melbourne,1,False,,,,,
Copamyntis infusella,,Insect,2,Brisbane | Sydney,4,False,,,,,
Copamyntis leptocosma,,Insect,1,Perth,1,False,,,,,
Copelatus portior,,Insect,1,Brisbane,11,False,,,,,
Cophinopoda garnotii,,Insect,1,Brisbane,2,False,,,,,
Cophomantella lychnocentra,,Insect,1,Darwin,6,False,,,,,
Copiacyphon variabilis,,Insect,1,Hobart,1,False,,,,,
Copidapha maculiventris,,Insect,1,Melbourne,1,False,,,,,
Copidapha neotricolor,,Insect,1,Perth,1,False,,,,,
Copidapha quadrimacula,,Insect,1,Brisbane,4,False,,,,,
Copidita interrupta,,Insect,1,Brisbane,2,False,,,,,
Copidita kershawi,,Insect,2,Melbourne | Sydney,14,False,,,,,
Copidita medioflava,,Insect,1,Melbourne,1,False,,,,,
Copidita pachymera,,Insect,1,Brisbane,1,False,,,,,
Copidita sloanei,,Insect,3,Adelaide | Canberra–Queanbeyan | Melbourne,11,False,,,,,
Copidosoma floridanum,,Insect,1,Brisbane,1,False,,,,,
Copromorpha phaeosticta,,Insect,1,Brisbane,1,False,,,,,
Coptaspis brevipennis,,Insect,2,Canberra–Queanbeyan | Sydney,13,False,,,,,
Coptaspis lateralis,,Insect,1,Hobart,20,False,,,,,
Coptocercus aberrans,,Insect,5,Adelaide | Brisbane | Canberra–Queanbeyan | Melbourne | Sydney,90,False,,,,,
Coptocercus assimilis,,Insect,2,Brisbane | Sydney,5,False,,,,,
Coptocercus biguttatus,,Insect,3,Brisbane | Melbourne | Sydney,44,False,,,,,
Coptocercus multitrichus,,Insect,2,Brisbane | Sydney,12,False,,,,,
Coptocercus orientalis,,Insect,1,Melbourne,1,False,,,,,
Coptocercus pedator,,Insect,2,Canberra–Queanbeyan | Melbourne,3,False,,,,,
Coptocercus robustus,,Insect,1,Melbourne,2,False,,,,,
Coptocercus rubripes,,Insect,6,Adelaide | Canberra–Queanbeyan | Hobart | Melbourne | Perth | Sydney,28,False,,,,,
Coptocercus trimaculatus,,Insect,2,Brisbane | Darwin,4,False,,,,,
Coptocercus undulatus,,Insect,1,Perth,1,False,,,,,
Coptocercus unifasciatus,,Insect,2,Canberra–Queanbeyan | Sydney,2,False,,,,,
Coptocercus vicinus,,Insect,1,Darwin,1,False,,,,,
Coptocercus walkeri,,Insect,1,Melbourne,3,False,,,,,
Coptotermes acinaciformis,Subterranean Termite,Insect,6,Adelaide | Brisbane | Darwin | Melbourne | Perth | Sydney,28,False,,,,,
Coptotermes frenchi,Subterranean Termite,Insect,1,Melbourne,1,False,,,,,
Coptotermes lacteus,Milk Termite,Insect,4,Brisbane | Canberra–Queanbeyan | Melbourne | Sydney,20,False,,,,,
Coptotermes michaelseni,,Insect,1,Perth,12,False,,,,,
Coptotettix gyoergyii,,Insect,1,Brisbane,2,False,,,,,
Coquillettidia linealis,Mosquito,Insect,5,Adelaide | Brisbane | Canberra–Queanbeyan | Melbourne | Sydney,41,False,,,,,
Coquillettidia xanthogaster,,Insect,3,Brisbane | Darwin | Sydney,91,False,,,,,
Coracanthella geophila,,Insect,3,Brisbane | Perth | Sydney,3,False,,,,,
Coracina lineata,Barred Cuckoo-shrike,Bird,2,Brisbane | Sydney,70,False,,,,,
Coracina novaehollandiae,Black-faced Cuckoo-shrike,Bird,8,Adelaide | Brisbane | Canberra–Queanbeyan | Darwin | Hobart | Melbourne | Perth | Sydney,123377,False,,,,,
Coracina papuensis,White-bellied Cuckoo-shrike,Bird,5,Brisbane | Canberra–Queanbeyan | Darwin | Melbourne | Sydney,10724,False,,,,,
Coranus callosus,Assassin Bug,Insect,1,Melbourne,2,False,,,,,
Corcorax melanorhamphos,White-winged Chough,Bird,5,Adelaide | Brisbane | Canberra–Queanbeyan | Melbourne | Sydney,13981,False,,,,,
Cordulephya pygmaea,Common Shutwing,Insect,4,Brisbane | Canberra–Queanbeyan | Melbourne | Sydney,125,False,,,,,
Cordus hospes,,Insect,3,Adelaide | Canberra–Queanbeyan | Melbourne,15,False,,,,,
Corgatha ancistrodes,,Insect,2,Brisbane | Sydney,2,False,,,,,
Corgatha dichionistis,,Insect,1,Brisbane,5,False,,,,,
Corgatha dipyra,Owlet Moth,Insect,1,Sydney,3,False,,,,,
Corgatha drosera,,Insect,2,Brisbane | Sydney,15,False,,,,,
Corgatha figuralis,,Insect,2,Brisbane | Darwin,9,False,,,,,
Corgatha molybdophaes,Owlet Moth,Insect,1,Canberra–Queanbeyan,9,False,,,,,
Corgatha omopis,,Insect,2,Melbourne | Sydney,3,False,,,,,
Corgatha pleuroplaca,,Insect,1,Perth,2,False,,,,,
Corgatha sideropasta,Owlet Moth,Insect,1,Canberra–Queanbeyan,7,False,,,,,
Coridromius chenopoderis,Plant Bug,Insect,5,Adelaide | Brisbane | Melbourne | Perth | Sydney,21,False,,,,,
Coridromius monotocopsis,,Insect,1,Hobart,4,False,,,,,
Coripera deplanata,,Insect,1,Hobart,11,False,,,,,
Coripera ocellata,,Insect,1,Melbourne,2,False,,,,,
Corizidolon australiense,,Insect,1,Sydney,1,False,,,,,
Cormobates leucophaea,White-throated Treecreeper,Bird,5,Adelaide | Brisbane | Canberra–Queanbeyan | Melbourne | Sydney,17112,False,,,,,
Corula geometroides,Geometer Moth,Insect,4,Adelaide | Canberra–Queanbeyan | Melbourne | Sydney,95,False,,,,,
Corvus bennetti,Little Crow,Bird,3,Canberra–Queanbeyan | Perth | Sydney,140,False,,,,,
Corvus coronoides,Australian Raven,Bird,6,Adelaide | Brisbane | Canberra–Queanbeyan | Melbourne | Perth | Sydney,195740,False,,,,,
Corvus mellori,Little Raven,Bird,4,Adelaide | Canberra–Queanbeyan | Melbourne | Sydney,176652,False,,,,,
Corvus orru,Torresian Crow,Bird,5,Adelaide | Brisbane | Canberra–Queanbeyan | Darwin | Sydney,129021,False,,,,,
Corvus splendens,House Crow,Bird,3,Melbourne | Perth | Sydney,52,False,,,,,
Corvus tasmanicus,Forest Raven,Bird,1,Hobart,14843,False,,,,,
Corynophora lativittalis,,Insect,2,Melbourne | Sydney,10,False,,,,,
Corynophyllus fortnumi,,Insect,1,Adelaide,2,False,,,,,
Corynotricha antipodella,Concealer Moth,Insect,2,Brisbane | Canberra–Queanbeyan,4,False,,,,,
Coryphistes ruricola,Bark-mimicking Grasshopper,Insect,7,Adelaide | Brisbane | Canberra–Queanbeyan | Darwin | Melbourne | Perth | Sydney,566,False,,,,,
Corythucha ciliata,Sycamore Lace Bug,Insect,4,Canberra–Queanbeyan | Melbourne | Perth | Sydney,99,False,,,,,
Coscinoptycha improbana,,Insect,4,Brisbane | Canberra–Queanbeyan | Melbourne | Sydney,90,False,,,,,
Cosmaresta anarrecta,Concealer Moth,Insect,1,Melbourne,13,False,,,,,
Cosmaresta archedora,Concealer Moth,Insect,2,Canberra–Queanbeyan | Melbourne,2,False,,,,,
Cosmaresta callichrysa,Concealer Moth,Insect,2,Canberra–Queanbeyan | Melbourne,32,False,,,,,
Cosmaresta charaxias,Concealer Moth,Insect,1,Canberra–Queanbeyan,1,False,,,,,
Cosmaresta eugramma,Concealer Moth,Insect,1,Melbourne,1,False,,,,,
Cosmaresta hyphanta,,Insect,2,Hobart | Melbourne,4,False,,,,,
Cosmobaris discolor,,Insect,3,Adelaide | Brisbane | Sydney,3,False,,,,,
Cosmodes elegans,Green Blotched Moth,Insect,7,Adelaide | Brisbane | Canberra–Queanbeyan | Hobart | Melbourne | Perth | Sydney,1053,False,,,,,
Cosmopolites sordidus,Banana Weevil Borer,Insect,2,Brisbane | Perth,3,False,,,,,
Cosmopterix attenuatella,,Insect,1,Brisbane,1,False,,,,,
Cosmopterix epizona,,Insect,1,Brisbane,1,False,,,,,
Cosmopterix heliactis,,Insect,1,Brisbane,9,False,,,,,
Cosmopterix macrula,,Insect,1,Brisbane,31,False,,,,,
Cosmozosteria subzonata,Cockroach,Insect,1,Brisbane,5,False,,,,,
Cosmozosteria trifasciata,,Insect,1,Darwin,6,False,,,,,
Cotesia glomerata,,Insect,7,Adelaide | Brisbane | Canberra–Queanbeyan | Hobart | Melbourne | Perth | Sydney,63,False,,,,,
Cotulades leucospila,,Insect,1,Hobart,1,False,,,,,
Coturnix pectoralis,Stubble Quail,Bird,6,Adelaide | Brisbane | Canberra–Queanbeyan | Melbourne | Perth | Sydney,1389,False,,,,,
Cracticus argenteus,Silver-backed Butcherbird,Bird,1,Darwin,1099,False,,,,,
Cracticus mentalis,Black-backed Butcherbird,Bird,1,Perth,1,False,,,,,
Cracticus nigrogularis,Pied Butcherbird,Bird,6,Brisbane | Canberra–Queanbeyan | Darwin | Melbourne | Perth | Sydney,64546,False,,,,,
Cracticus torquatus,Grey Butcherbird,Bird,8,Adelaide | Brisbane | Canberra–Queanbeyan | Darwin | Hobart | Melbourne | Perth | Sydney,257933,False,,,,,
Craniosara pyrotricha,,Insect,3,Adelaide | Melbourne | Sydney,5,False,,,,,
Cranopygia lueddemanni,,Insect,1,Sydney,2,False,,,,,
Cranopygia ophthalmica,,Insect,2,Adelaide | Sydney,9,False,,,,,
Crasilogia gressitti,,Insect,2,Brisbane | Sydney,30,False,,,,,
Creatonotos gangis,,Insect,1,Darwin,6,False,,,,,
Creiis corniculatus,Psyllid Bug,Insect,3,Canberra–Queanbeyan | Melbourne | Perth,21,False,,,,,
Creiis costatus,,Insect,3,Adelaide | Canberra–Queanbeyan | Melbourne,76,False,,,,,
Creiis lituratus,Psyllid Bug,Insect,3,Brisbane | Canberra–Queanbeyan | Melbourne,18,False,,,,,
Creiis longipennis,Psyllid Bug,Insect,4,Canberra–Queanbeyan | Hobart | Melbourne | Sydney,15,False,,,,,
Creiis periculosus,,Insect,1,Perth,4,False,,,,,
Crematogaster australis,,Insect,1,Sydney,1,False,,,,,
Crematogaster cornigera,,Insect,1,Brisbane,30,False,,,,,
Crematogaster frivola,,Insect,1,Perth,10,False,,,,,
Crematogaster laeviceps,Cocktail Ant,Insect,5,Brisbane | Canberra–Queanbeyan | Melbourne | Perth | Sydney,37,False,,,,,
Crematogaster rufotestacea,,Insect,1,Sydney,1,False,,,,,
Crenadactylus ocellatus,South-western Clawless Gecko,Reptile,1,Perth,5,False,,,,,
Creobota apodectum,,Insect,1,Canberra–Queanbeyan,2,False,,,,,
Creontiades dilutus,Green Mirid,Insect,7,Adelaide | Brisbane | Canberra–Queanbeyan | Darwin | Melbourne | Perth | Sydney,295,False,,,,,
Creontiades pacificus,,Insect,1,Brisbane,3,False,,,,,
Creophilus erythrocephalus,Devil's Coach-horse,Insect,7,Adelaide | Brisbane | Canberra–Queanbeyan | Hobart | Melbourne | Perth | Sydney,64,False,,,,,
Creophilus lanio,,Insect,2,Hobart | Melbourne,11,False,,,,,
Crepidomenus decoratus,,Insect,2,Hobart | Melbourne,9,False,,,,,
Crepidomenus fulgidus,,Insect,3,Canberra–Queanbeyan | Hobart | Melbourne,7,False,,,,,
Crepidomenus victoriae,,Insect,1,Melbourne,2,False,,,,,
Crepidosceles chryserythra,,Insect,1,Sydney,1,False,,,,,
Crepidosceles exanthema,Concealer Moth,Insect,2,Canberra–Queanbeyan | Melbourne,7,False,,,,,
Crepidosceles glycydora,Concealer Moth,Insect,1,Sydney,1,False,,,,,
Crepidosceles iostephana,Concealer Moth,Insect,2,Brisbane | Sydney,3,False,,,,,
Crepidosceles orthomochla,,Insect,1,Canberra–Queanbeyan,1,False,,,,,
Crepidosceles timalphes,Concealer Moth,Insect,5,Adelaide | Brisbane | Melbourne | Perth | Sydney,8,False,,,,,
Cressida cressida,Greasy Swallowtail,Insect,2,Brisbane | Darwin,154,False,,,,,
Cricotopus albitarsis,,Insect,5,Adelaide | Brisbane | Canberra–Queanbeyan | Melbourne | Sydney,9,False,,,,,
Cricotopus annuliventris,Midge,Insect,1,Adelaide,1,False,,,,,
Cricotopus parbicinctus,,Insect,2,Hobart | Melbourne,2,False,,,,,
Crincosia lawgana,,Insect,1,Melbourne,1,False,,,,,
Crioa acronyctoides,Owlet Moth,Insect,1,Brisbane,12,False,,,,,
Crioa hades,Owlet Moth,Insect,5,Brisbane | Canberra–Queanbeyan | Hobart | Melbourne | Sydney,40,False,,,,,
Crioa indistincta,,Insect,1,Brisbane,1,False,,,,,
Crito festivus,,Insect,1,Canberra–Queanbeyan,2,False,,,,,
Crocanthes characotis,,Insect,1,Darwin,2,False,,,,,
Crocanthes glycina,Long-horned Moth,Insect,4,Brisbane | Canberra–Queanbeyan | Hobart | Melbourne,37,False,,,,,
Crocanthes micradelpha,Long-horned Moth,Insect,4,Brisbane | Canberra–Queanbeyan | Melbourne | Sydney,74,False,,,,,
Crocanthes perigrapta,,Insect,2,Brisbane | Sydney,36,False,,,,,
Crocanthes prasinopis,Long-horned Moth,Insect,4,Brisbane | Canberra–Queanbeyan | Melbourne | Sydney,232,False,,,,,
Crocanthes thermobapta,,Insect,1,Darwin,3,False,,,,,
Crocanthes zonodesma,,Insect,1,Darwin,3,False,,,,,
Crocidolomia luteolalis,,Insect,2,Brisbane | Darwin,3,False,,,,,
Crocidolomia pavonana,,Insect,4,Brisbane | Canberra–Queanbeyan | Perth | Sydney,65,False,,,,,
Crocidolomia suffusalis,,Insect,2,Brisbane | Sydney,8,False,,,,,
Crocidosema apicinota,,Insect,1,Brisbane,2,False,,,,,
Crocidosema lantana,,Insect,2,Brisbane | Sydney,14,False,,,,,
Crocidosema plebejana,Cotton Tipworm Moth,Insect,8,Adelaide | Brisbane | Canberra–Queanbeyan | Darwin | Hobart | Melbourne | Perth | Sydney,1213,False,,,,,
Crocodylus johnstoni,Freshwater Crocodile,Reptile,3,Darwin | Perth | Sydney,23,False,,,,,
Crocodylus porosus,Saltwater Crocodile,Reptile,1,Darwin,217,False,,,,,
Crocothemis nigrifrons,Black-headed Skimmer,Insect,4,Brisbane | Darwin | Perth | Sydney,569,False,,,,,
Crocydopora cinigerella,,Insect,4,Adelaide | Canberra–Queanbeyan | Melbourne | Sydney,45,False,,,,,
Crompus oculatus,,Insect,4,Brisbane | Melbourne | Perth | Sydney,4,False,,,,,
Crompus opacus,Bug,Insect,2,Canberra–Queanbeyan | Melbourne,2,False,,,,,
Croscius melanopterus,,Insect,1,Brisbane,3,False,,,,,
Crossophora semiota,,Insect,3,Brisbane | Canberra–Queanbeyan | Sydney,24,False,,,,,
Cruria donowani,Crow Moth,Insect,4,Adelaide | Brisbane | Canberra–Queanbeyan | Sydney,42,False,,,,,
Cruria kochii,,Insect,1,Brisbane,2,False,,,,,
Cruria synopla,,Insect,2,Brisbane | Sydney,299,False,,,,,
Cryomyia argyropila,,Insect,1,Perth,1,False,,,,,
Cryphaea xylina,Geometer Moth,Insect,6,Adelaide | Brisbane | Canberra–Queanbeyan | Melbourne | Perth | Sydney,112,False,,,,,
Crypsiphona ocultaria,Redlined Geometrid Moth,Insect,6,Adelaide | Brisbane | Canberra–Queanbeyan | Melbourne | Perth | Sydney,1277,False,,,,,
Crypsiphona tasmanica,,Insect,1,Hobart,39,False,,,,,
Cryptalaus macleayi,,Insect,1,Brisbane,1,False,,,,,
Cryptalaus prosectus,,Insect,2,Brisbane | Sydney,2,False,,,,,
Cryptalaus suboculatus,,Insect,1,Darwin,1,False,,,,,
Cryptamorpha desjardinsi,,Insect,4,Adelaide | Brisbane | Melbourne | Sydney,8,False,,,,,
Cryptanusia aureiscutellum,,Insect,2,Brisbane | Melbourne,4,False,,,,,
Cryptarcha australis,,Insect,2,Adelaide | Melbourne,3,False,,,,,
Cryptarcha nitidissima,,Insect,1,Brisbane,1,False,,,,,
Cryptarcha politus,,Insect,1,Hobart,1,False,,,,,
Cryptaspasma sordida,,Insect,5,Adelaide | Brisbane | Canberra–Queanbeyan | Melbourne | Sydney,47,False,,,,,
Cryptes baccatus,Wattle Tick Scale,Insect,6,Adelaide | Brisbane | Canberra–Queanbeyan | Melbourne | Perth | Sydney,392,False,,,,,
Cryptobarsac rubriops,,Insect,1,Perth,1,False,,,,,
Cryptoblabes euraphella,,Insect,5,Adelaide | Canberra–Queanbeyan | Melbourne | Perth | Sydney,15,False,,,,,
Cryptoblabes hemigypsa,,Insect,3,Brisbane | Canberra–Queanbeyan | Sydney,93,False,,,,,
Cryptoblabes plagioleuca,,Insect,2,Brisbane | Sydney,8,False,,,,,
Cryptoblepharus australis,Inland Snake-eyed Skink,Reptile,1,Sydney,1,False,,,,,
Cryptoblepharus buchananii,Buchanan’s Snake-eyed Skink,Reptile,1,Perth,756,False,,,,,
Cryptoblepharus cygnatus,Swanson’s Snake-eyed Skink,Reptile,1,Darwin,47,False,,,,,
Cryptoblepharus egeriae,Blue-tailed Snake-eyed Skink,Reptile,1,Brisbane,1,True,Critically Endangered,Cryptoblepharus egeriae,Cryptoblepharus egeriae,"Christmas Island Blue-tailed Skink, Blue-tailed Snake-eyed Skink",2014-01-03
Cryptoblepharus metallicus,Metallic Snake-eyed Skink,Reptile,1,Darwin,31,False,,,,,
Cryptoblepharus pannosus,Ragged Snake-eyed Skink,Reptile,2,Adelaide | Melbourne,21,False,,,,,
Cryptoblepharus plagiocephalus,Péron's Snake-eyed Skink,Reptile,1,Perth,12,False,,,,,
Cryptoblepharus pulcher,Elegant Snake-eyed Skink,Reptile,3,Brisbane | Perth | Sydney,1895,False,,,,,
Cryptoblepharus ruber,Tawny Snake-eyed Skink,Reptile,1,Perth,1,False,,,,,
Cryptoblepharus virgatus,Striped Snake-eyed Skink,Reptile,2,Brisbane | Sydney,84,False,,,,,
Cryptobothrus chrysophorus,Golden Band-wing,Insect,6,Adelaide | Brisbane | Canberra–Queanbeyan | Hobart | Melbourne | Sydney,120,False,,,,,
Cryptocheilus australis,,Insect,6,Adelaide | Brisbane | Canberra–Queanbeyan | Melbourne | Perth | Sydney,66,False,,,,,
Cryptocheilus bicolor,Orange Spider Wasp,Insect,5,Adelaide | Canberra–Queanbeyan | Melbourne | Perth | Sydney,57,False,,,,,
Cryptodus tasmannianus,,Insect,2,Hobart | Melbourne,4,False,,,,,
Cryptogasterus lawrencei,,Insect,1,Hobart,1,False,,,,,
Cryptolaemus montrouzieri,,Insect,8,Adelaide | Brisbane | Canberra–Queanbeyan | Darwin | Hobart | Melbourne | Perth | Sydney,965,False,,,,,
Cryptolechia triphaenatella,Concealer Moth,Insect,1,Sydney,2,False,,,,,
Cryptolestes ferrugineus,Rusty Grain Beetle,Insect,1,Brisbane,1,False,,,,,
Cryptoneossa triangula,,Insect,1,Melbourne,2,False,,,,,
Cryptoneossa vulgaris,,Insect,1,Canberra–Queanbeyan,1,False,,,,,
Cryptophasa albacosta,Concealer Moth,Insect,3,Brisbane | Hobart | Melbourne,12,False,,,,,
Cryptophasa alphitodes,,Insect,1,Brisbane,1,False,,,,,
Cryptophasa balteata,,Insect,3,Adelaide | Brisbane | Sydney,6,False,,,,,
Cryptophasa byssinopis,,Insect,1,Brisbane,1,False,,,,,
Cryptophasa catharia,,Insect,1,Adelaide,3,False,,,,,
Cryptophasa delocentra,,Insect,3,Adelaide | Brisbane | Perth,5,False,,,,,
Cryptophasa epadelpha,,Insect,2,Brisbane | Sydney,40,False,,,,,
Cryptophasa flavolineata,,Insect,2,Brisbane | Sydney,6,False,,,,,
Cryptophasa hyalinopa,,Insect,1,Brisbane,3,False,,,,,
Cryptophasa insana,Concealer Moth,Insect,1,Adelaide,2,False,,,,,
Cryptophasa irrorata,Concealer Moth,Insect,5,Adelaide | Brisbane | Canberra–Queanbeyan | Melbourne | Sydney,102,False,,,,,
Cryptophasa lasiocosma,,Insect,1,Brisbane,8,False,,,,,
Cryptophasa molaris,,Insect,1,Brisbane,1,False,,,,,
Cryptophasa nubila,,Insect,1,Brisbane,6,False,,,,,
Cryptophasa ochroleuca,Concealer Moth,Insect,3,Adelaide | Melbourne | Sydney,4,False,,,,,
Cryptophasa opalina,,Insect,1,Brisbane,1,False,,,,,
Cryptophasa pultenae,,Insect,3,Adelaide | Brisbane | Sydney,130,False,,,,,
Cryptophasa rubescens,Concealer Moth,Insect,4,Brisbane | Canberra–Queanbeyan | Melbourne | Sydney,74,False,,,,,
Cryptophasa sacerdos,,Insect,1,Melbourne,5,False,,,,,
Cryptophasa spilonota,,Insect,1,Sydney,3,False,,,,,
Cryptophasa tetrazona,Concealer Moth,Insect,1,Canberra–Queanbeyan,1,False,,,,,
Cryptophis nigrescens,Eastern Small-eyed Snake,Reptile,3,Brisbane | Melbourne | Sydney,107,False,,,,,
Cryptophis pallidiceps,Northern Small-eyed Snake,Reptile,1,Darwin,3,False,,,,,
Cryptophlebia iridosoma,,Insect,1,Brisbane,9,False,,,,,
Cryptophlebia ombrodelta,,Insect,4,Brisbane | Darwin | Perth | Sydney,202,False,,,,,
Cryptoplus ferrugineus,,Insect,1,Perth,1,False,,,,,
Cryptopone rotundiceps,Ant,Insect,1,Melbourne,1,False,,,,,
Cryptoptila australana,Moth,Insect,5,Adelaide | Brisbane | Canberra–Queanbeyan | Melbourne | Sydney,112,False,,,,,
Cryptoptila crypsilopha,,Insect,2,Canberra–Queanbeyan | Sydney,4,False,,,,,
Cryptoptila immersana,Four Eyes Moth,Insect,5,Adelaide | Canberra–Queanbeyan | Melbourne | Perth | Sydney,158,False,,,,,
Cryptorhamphus orbus,Bug,Insect,5,Adelaide | Canberra–Queanbeyan | Hobart | Melbourne | Perth,17,False,,,,,
Cryptoscenea australiensis,,Insect,2,Hobart | Melbourne,11,False,,,,,
Cryptotermes brevis,West Indian Drywood Termite,Insect,1,Sydney,1,False,,,,,
Ctenaphides maculatus,,Insect,1,Perth,3,False,,,,,
Ctenarytaina eucalypti,Bluegum Psyllid Bug,Insect,2,Melbourne | Perth,4,False,,,,,
Ctenarytaina longicauda,,Insect,1,Melbourne,1,False,,,,,
Ctenocephalides felis,Cat Flea,Insect,4,Adelaide | Melbourne | Perth | Sydney,5,False,,,,,
Ctenochares bicolorus,,Insect,7,Adelaide | Brisbane | Canberra–Queanbeyan | Hobart | Melbourne | Perth | Sydney,339,False,,,,,
Ctenocolletes ordensis,,Insect,1,Perth,2,False,,,,,
Ctenocolletes smaragdinus,,Insect,1,Perth,1,False,,,,,
Ctenolepisma longicaudata,Silverfish,Insect,8,Adelaide | Brisbane | Canberra–Queanbeyan | Darwin | Hobart | Melbourne | Perth | Sydney,152,False,,,,,
Ctenomeristis shafferi,,Insect,1,Adelaide,1,False,,,,,
Ctenomeristis subfuscella,,Insect,1,Brisbane,1,False,,,,,
Ctenomorpha gargantua,Gargantuan Stick-insect,Insect,2,Melbourne | Sydney,5,False,,,,,
Ctenomorpha marginipennis,Margined-winged Stick-insect,Insect,6,Adelaide | Brisbane | Canberra–Queanbeyan | Hobart | Melbourne | Sydney,713,False,,,,,
Ctenophorus adelaidensis,Western Heath Dragon,Reptile,1,Perth,14,False,,,,,
Ctenophorus decresii,Tawny Dragon,Reptile,2,Adelaide | Sydney,29,False,,,,,
Ctenophorus ornatus,Ornate Dragon,Reptile,1,Perth,1,False,,,,,
Ctenophorus pictus,Painted Dragon,Reptile,1,Adelaide,243,False,,,,,
Ctenoplusia albostriata,,Insect,6,Adelaide | Brisbane | Canberra–Queanbeyan | Melbourne | Perth | Sydney,67,False,,,,,
Ctenoplusia furcifera,,Insect,1,Brisbane,1,False,,,,,
Ctenostegus cinctus,Spider Wasp,Insect,1,Canberra–Queanbeyan,1,False,,,,,
Ctenotus allotropis,Brown-blazed Wedgesnout Ctenotus,Reptile,1,Darwin,1,False,,,,,
Ctenotus arcanus,Arcane Ctenotus,Reptile,1,Brisbane,1,False,,,,,
Ctenotus australis,Western Limestone Ctenotus,Reptile,1,Perth,60,False,,,,,
Ctenotus borealis,White-faced Ctenotus,Reptile,1,Darwin,3,False,,,,,
Ctenotus essingtonii,Port Essington Ctenotus,Reptile,1,Darwin,40,False,,,,,
Ctenotus fallens,West-coast Laterite Ctenotus,Reptile,1,Perth,58,False,,,,,
Ctenotus hilli,Top-end Lowlands Ctenotus,Reptile,1,Darwin,7,False,,,,,
Ctenotus impar,Odd-striped Ctenotus,Reptile,1,Perth,6,False,,,,,
Ctenotus inornatus,Plain Ctenotus,Reptile,1,Darwin,4,False,,,,,
Ctenotus labillardieri,Common South-west Ctenotus,Reptile,1,Perth,2,False,,,,,
Ctenotus orientalis,Eastern Striped Skink,Reptile,2,Adelaide | Canberra–Queanbeyan,12,False,,,,,
Ctenotus robustus,Robust Ctenotus,Reptile,6,Adelaide | Brisbane | Canberra–Queanbeyan | Darwin | Melbourne | Sydney,549,False,,,,,
Ctenotus spaldingi,Spalding's Ctenotus,Reptile,3,Adelaide | Brisbane | Melbourne,27,False,,,,,
Ctenotus taeniolatus,Copper-tailed Skink,Reptile,3,Brisbane | Canberra–Queanbeyan | Sydney,213,False,,,,,
Cubicorhynchus maculatus,,Insect,1,Canberra–Queanbeyan,8,False,,,,,
Cubicorhynchus sordidus,,Insect,1,Canberra–Queanbeyan,1,False,,,,,
Cuculus optatus,Oriental Cuckoo,Bird,3,Brisbane | Darwin | Sydney,497,False,,,,,
Culama alpina,Carpenter Moth,Insect,1,Hobart,1,False,,,,,
Culama anthracica,Carpenter Moth,Insect,2,Melbourne | Sydney,7,False,,,,,
Culama australis,Carpenter Moth,Insect,6,Adelaide | Canberra–Queanbeyan | Hobart | Melbourne | Perth | Sydney,26,False,,,,,
Culama dasythrix,,Insect,1,Perth,3,False,,,,,
Culama glauca,Carpenter Moth,Insect,1,Canberra–Queanbeyan,2,False,,,,,
Culama suffusca,Carpenter Moth,Insect,3,Hobart | Melbourne | Sydney,7,False,,,,,
Culex annulirostris,Common Banded Mosquito,Insect,4,Brisbane | Darwin | Melbourne | Sydney,37,False,,,,,
Culex australicus,Australian House Mosquito,Insect,3,Adelaide | Melbourne | Sydney,19,False,,,,,
Culex bitaeniorhynchus,,Insect,1,Brisbane,2,False,,,,,
Culex fergusoni,Mosquito,Insect,1,Sydney,2,False,,,,,
Culex globocoxitus,Mosquito,Insect,4,Adelaide | Brisbane | Melbourne | Perth,8,False,,,,,
Culex hilli,,Insect,1,Darwin,2,False,,,,,
Culex molestus,Mosquito,Insect,1,Sydney,2,False,,,,,
Culex orbostiensis,Mosquito,Insect,3,Brisbane | Melbourne | Sydney,16,False,,,,,
Culex palpalis,,Insect,1,Darwin,3,False,,,,,
Culex postspiraculosus,Mosquito,Insect,1,Brisbane,1,False,,,,,
Culex pullus,,Insect,2,Brisbane | Darwin,4,False,,,,,
Culex quinquefasciatus,House Mosquito,Insect,7,Adelaide | Brisbane | Canberra–Queanbeyan | Darwin | Melbourne | Perth | Sydney,94,False,,,,,
Culex sitiens,,Insect,3,Brisbane | Darwin | Sydney,15,False,,,,,
Culex squamosus,,Insect,1,Brisbane,1,False,,,,,
Culex tritaeniorhynchus,,Insect,1,Darwin,12,False,,,,,
Culicoides marksi,,Insect,1,Darwin,1,False,,,,,
Culicoides ornatus,,Insect,2,Brisbane | Darwin,2,False,,,,,
Culiseta atra,,Insect,1,Sydney,1,False,,,,,
Culiseta inconspicua,Mosquito,Insect,1,Sydney,1,False,,,,,
Culladia cuneiferellus,Grass Moth,Insect,6,Adelaide | Brisbane | Canberra–Queanbeyan | Melbourne | Perth | Sydney,989,False,,,,,
Culladia hastiferalis,,Insect,1,Darwin,5,False,,,,,
Cumare pallida,,Insect,1,Brisbane,2,False,,,,,
Cupha prosope,Australian Rustic,Insect,2,Brisbane | Sydney,216,False,,,,,
Curculio simulator,,Insect,2,Brisbane | Sydney,3,False,,,,,
Curculio sulfureosignatus,,Insect,1,Brisbane,2,False,,,,,
Curena externalis,,Insect,2,Brisbane | Sydney,22,False,,,,,
Curpilladia flavocarinata,,Insect,1,Darwin,1,False,,,,,
Cuspicona angustizona,,Insect,1,Brisbane,3,False,,,,,
Cuspicona apothoracica,Shield Bug,Insect,1,Melbourne,13,False,,,,,
Cuspicona carneola,Shield Bug,Insect,6,Adelaide | Brisbane | Canberra–Queanbeyan | Melbourne | Perth | Sydney,10,False,,,,,
Cuspicona cygniterrae,,Insect,1,Perth,1,False,,,,,
Cuspicona eremophilae,,Insect,1,Brisbane,1,False,,,,,
Cuspicona forticornis,,Insect,2,Brisbane | Sydney,13,False,,,,,
Cuspicona intacta,,Insect,2,Adelaide | Melbourne,2,False,,,,,
Cuspicona longispina,Shield Bug,Insect,1,Adelaide,1,False,,,,,
Cuspicona phi,,Insect,1,Brisbane,5,False,,,,,
Cuspicona privata,Shield Bug,Insect,5,Adelaide | Canberra–Queanbeyan | Hobart | Melbourne | Sydney,32,False,,,,,
Cuspicona procallosa,,Insect,1,Perth,1,False,,,,,
Cuspicona simplex,Green Potato Bug,Insect,7,Adelaide | Brisbane | Canberra–Queanbeyan | Hobart | Melbourne | Perth | Sydney,369,False,,,,,
Cuspicona strenuella,,Insect,5,Adelaide | Brisbane | Canberra–Queanbeyan | Melbourne | Sydney,17,False,,,,,
Cuspicona thoracica,Shield Bug,Insect,4,Canberra–Queanbeyan | Hobart | Melbourne | Sydney,89,False,,,,,
Cyana meyricki,,Insect,2,Brisbane | Sydney,45,False,,,,,
Cyanoramphus novaezelandiae,Red-fronted Parakeet,Bird,1,Melbourne,1,False,,,,,
Cybister tripunctatus,Diving Beetle,Insect,4,Brisbane | Canberra–Queanbeyan | Perth | Sydney,26,False,,,,,
Cybopella eucalypti,,Insect,1,Melbourne,1,False,,,,,
Cycetes collessi,,Insect,1,Darwin,1,False,,,,,
Cychramptodes murrayi,,Insect,3,Adelaide | Canberra–Queanbeyan | Melbourne,9,False,,,,,
Cyclocephala signaticollis,,Insect,5,Adelaide | Brisbane | Canberra–Queanbeyan | Melbourne | Sydney,2396,False,,,,,
Cyclochila australasiae,Greengrocer (green Form),Insect,3,Canberra–Queanbeyan | Melbourne | Sydney,1220,False,,,,,
Cyclodomorphus branchialis,Gilled Slender Blue-tongue,Reptile,1,Brisbane,3,False,,,,,
Cyclodomorphus casuarinae,Tasmanian She-oak Skink,Reptile,1,Hobart,2,False,,,,,
Cyclodomorphus celatus,Western Slender Blue-tongue,Reptile,1,Perth,11,False,,,,,
Cyclodomorphus gerrardii,Pink-tongued Lizard,Reptile,2,Brisbane | Sydney,134,False,,,,,
Cyclodomorphus melanops,Eastern Slender Blue-tongue,Reptile,1,Sydney,52,False,,,,,
Cyclodomorphus michaeli,Mainland She-oak Skink,Reptile,1,Sydney,5,False,,,,,
Cyclophora obstataria,,Insect,3,Brisbane | Melbourne | Sydney,471,False,,,,,
Cyclophora turneri,,Insect,2,Brisbane | Sydney,167,False,,,,,
Cycloporopterus mysticus,,Insect,1,Perth,1,False,,,,,
Cycloprora nodyna,,Insect,1,Brisbane,4,False,,,,,
Cycloprorodes melanoxysta,Geometer Moth,Insect,2,Adelaide | Hobart,42,False,,,,,
Cyclotorna egena,,Insect,1,Canberra–Queanbeyan,1,False,,,,,
Cydalima diaphanalis,,Insect,1,Melbourne,1,False,,,,,
Cydia pomonella,Codling Moth,Insect,4,Adelaide | Canberra–Queanbeyan | Hobart | Melbourne,105,False,,,,,
Cydistomyia alternata,,Insect,1,Brisbane,2,False,,,,,
Cydistomyia cyanea,,Insect,1,Sydney,1,False,,,,,
Cydmaea viridula,,Insect,1,Perth,1,False,,,,,
Cygnus atratus,Black Swan,Bird,7,Adelaide | Brisbane | Canberra–Queanbeyan | Hobart | Melbourne | Perth | Sydney,116812,False,,,,,
Cygnus olor,Mute Swan,Bird,3,Melbourne | Perth | Sydney,36,False,,,,,
Cylas formicarius,,Insect,2,Brisbane | Sydney,15,False,,,,,
Cylidrus nigrinus,,Insect,1,Melbourne,1,False,,,,,
Cylindrococcus casuarinae,,Insect,3,Adelaide | Melbourne | Perth,32,False,,,,,
Cylindrococcus spiniferus,Casuarina Gall,Insect,5,Brisbane | Hobart | Melbourne | Perth | Sydney,183,False,,,,,
Cylindromyia angustissimifrons,Horse Fly,Insect,1,Melbourne,1,False,,,,,
Cylindromyia aurigans,,Insect,1,Brisbane,1,False,,,,,
Cylindromyia bimacula,Horse Fly,Insect,2,Adelaide | Canberra–Queanbeyan,2,False,,,,,
Cylindromyia nigricosta,,Insect,3,Adelaide | Canberra–Queanbeyan | Melbourne,11,False,,,,,
Cylindromyia tricolor,Horse Fly,Insect,2,Hobart | Melbourne,11,False,,,,,
Cymatoplex halcyone,,Insect,1,Brisbane,2,False,,,,,
Cyme quadrilineata,,Insect,1,Darwin,7,False,,,,,
Cyme structa,,Insect,2,Brisbane | Sydney,54,False,,,,,
Cymoninus sechellensis,,Insect,1,Brisbane,3,False,,,,,
Cyneoterpna wilsoni,Geometer Moth,Insect,5,Adelaide | Canberra–Queanbeyan | Hobart | Melbourne | Sydney,109,False,,,,,
Cyphaleus brevispinosus,,Insect,1,Brisbane,1,False,,,,,
Cyphaleus childreni,,Insect,1,Sydney,1,False,,,,,
Cyphaleus metallescens,,Insect,1,Canberra–Queanbeyan,2,False,,,,,
Cyphaleus quadrispinosus,,Insect,1,Brisbane,2,False,,,,,
Cyphipelta rufocyanea,,Insect,3,Hobart | Melbourne | Sydney,13,False,,,,,
Cyphotettix camelus,,Insect,1,Perth,3,False,,,,,
Cyprotides cyprotus,Copper Trident-blue,Insect,2,Perth | Sydney,9,False,,,,,
Cyptophania australica,,Insect,1,Brisbane,2,False,,,,,
Cyrioides imperialis,Banksia Jewel Beetle,Insect,2,Melbourne | Sydney,15,False,,,,,
Cyrioides vittigera,,Insect,1,Perth,3,False,,,,,
Cyrtobagous salviniae,Salvinia Weevil,Insect,1,Brisbane,2,False,,,,,
Cysteochila tricolor,,Insect,1,Sydney,4,False,,,,,
Cystiphora schmidti,Chondrilla Gall Midge,Insect,1,Canberra–Queanbeyan,1,False,,,,,
Cystococcus campanidorsalis,,Insect,1,Brisbane,2,False,,,,,
Cystosoma saundersii,Bladder Cicada,Insect,3,Brisbane | Canberra–Queanbeyan | Sydney,410,False,,,,,
Dacelo leachii,Blue-winged Kookaburra,Bird,3,Brisbane | Darwin | Sydney,3610,False,,,,,
Dacelo novaeguineae,Laughing Kookaburra,Bird,7,Adelaide | Brisbane | Canberra–Queanbeyan | Hobart | Melbourne | Perth | Sydney,208049,False,,,,,
Daclera rufescens,,Insect,2,Brisbane | Darwin,9,False,,,,,
Dacnodes hackeri,,Insect,1,Brisbane,5,False,,,,,
Dacnodes shortridgei,,Insect,1,Perth,22,False,,,,,
Dactylasioptera milnae,,Insect,1,Adelaide,60,False,,,,,
Dactylopius opuntiae,Opuntia Cochineal Scale,Insect,1,Melbourne,1,False,,,,,
Dacus absonifacies,Primitive Crane Fly,Insect,2,Canberra–Queanbeyan | Sydney,2,False,,,,,
Dacus aequalis,,Insect,1,Sydney,1,False,,,,,
Daerlac apicalis,Seed Bug,Insect,5,Adelaide | Brisbane | Canberra–Queanbeyan | Melbourne | Sydney,22,False,,,,,
Daerlac cephalotes,Seed Bug,Insect,5,Adelaide | Canberra–Queanbeyan | Hobart | Melbourne | Sydney,112,False,,,,,
Daerlac nigricans,,Insect,4,Brisbane | Canberra–Queanbeyan | Melbourne | Sydney,23,False,,,,,
Daerlac picturatus,,Insect,3,Adelaide | Melbourne | Perth,9,False,,,,,
Dagbertus flavoscutellatus,,Insect,1,Brisbane,1,False,,,,,
Dahlia capnobela,,Insect,2,Brisbane | Darwin,13,False,,,,,
Dallatorrella rubriventris,,Insect,1,Brisbane,1,False,,,,,
Dalotia coriaria,,Insect,1,Sydney,1,False,,,,,
Dama dama,Fallow Deer,Mammal,6,Adelaide | Brisbane | Canberra–Queanbeyan | Hobart | Melbourne | Sydney,538,False,,,,,
Danaus affinis,Black And White Tiger,Insect,3,Brisbane | Darwin | Sydney,354,False,,,,,
Danaus chrysippus,Lesser Wanderer,Insect,3,Brisbane | Perth | Sydney,21,False,,,,,
Danaus petilia,Lesser Wanderer,Insect,7,Adelaide | Brisbane | Canberra–Queanbeyan | Darwin | Melbourne | Perth | Sydney,506,False,,,,,
Danaus plexippus,Monarch,Insect,6,Adelaide | Brisbane | Canberra–Queanbeyan | Melbourne | Perth | Sydney,2749,False,,,,,
Dandinus crassus,Shield Bug,Insect,3,Brisbane | Melbourne | Sydney,4,False,,,,,
Danerces bicolor,,Insect,1,Brisbane,2,False,,,,,
Dapanoptera richmondiana,,Insect,1,Brisbane,1,False,,,,,
Daperria bermioides,,Insect,1,Darwin,4,False,,,,,
Daphnis moorei,,Insect,2,Brisbane | Darwin,6,False,,,,,
Daphnis placida,,Insect,3,Brisbane | Darwin | Sydney,29,False,,,,,
Daphnis protrudens,,Insect,1,Brisbane,1,False,,,,,
Daphoenositta chrysoptera,Black-capped Sittella,Bird,7,Adelaide | Brisbane | Canberra–Queanbeyan | Darwin | Melbourne | Perth | Sydney,2235,False,,,,,
Daption capense,Cape Petrel,Bird,2,Perth | Sydney,7,False,,,,,
Daptolestes bronteflavus,,Insect,1,Hobart,1,False,,,,,
Daptolestes feminategus,,Insect,1,Melbourne,1,False,,,,,
Daptolestes limbipennis,Robber Fly,Insect,4,Canberra–Queanbeyan | Hobart | Melbourne | Sydney,15,False,,,,,
Daptolestes nicholsoni,,Insect,1,Brisbane,1,False,,,,,
Dardus abbreviatus,,Insect,3,Brisbane | Canberra–Queanbeyan | Sydney,9,False,,,,,
Dasineura acaciaelongifoliae,Gall Gnat,Insect,2,Melbourne | Sydney,13,False,,,,,
Dasineura banksiae,,Insect,2,Brisbane | Perth,8,False,,,,,
Dasineura dielsi,,Insect,2,Adelaide | Melbourne,92,False,,,,,
Dasineura frauenfeldi,,Insect,2,Melbourne | Sydney,19,False,,,,,
Dasineura glauca,,Insect,1,Adelaide,23,False,,,,,
Dasineura glomerata,Gall Gnat,Insect,3,Adelaide | Melbourne | Sydney,155,False,,,,,
Dasineura pilifera,Gall Gnat,Insect,1,Adelaide,1,False,,,,,
Dasineura rubiformis,,Insect,2,Melbourne | Sydney,15,False,,,,,
Dasybasis acutipalpis,,Insect,1,Melbourne,1,False,,,,,
Dasybasis appendiculata,,Insect,1,Canberra–Queanbeyan,1,False,,,,,
Dasybasis dixoni,Horse Fly,Insect,1,Melbourne,1,False,,,,,
Dasybasis neolatifrons,,Insect,1,Hobart,2,False,,,,,
Dasybasis postponens,,Insect,1,Melbourne,2,False,,,,,
Dasygaster padockina,Tasmanian Cutworm Moth,Insect,6,Adelaide | Canberra–Queanbeyan | Hobart | Melbourne | Perth | Sydney,298,False,,,,,
Dasygnathus dejeani,Redheaded Whitegrub,Insect,1,Brisbane,1,False,,,,,
Dasygnathus trituberculatus,,Insect,5,Adelaide | Brisbane | Canberra–Queanbeyan | Melbourne | Sydney,417,False,,,,,
Dasyhesma scholtziae,,Insect,1,Perth,4,False,,,,,
Dasypodia cymatodes,Northern Brown House Moth,Insect,4,Brisbane | Canberra–Queanbeyan | Melbourne | Sydney,70,False,,,,,
Dasypodia selenophora,Granny Moth,Insect,7,Adelaide | Brisbane | Canberra–Queanbeyan | Hobart | Melbourne | Perth | Sydney,1540,False,,,,,
Dasypsylla brunnea,,Insect,4,Adelaide | Canberra–Queanbeyan | Melbourne | Sydney,18,False,,,,,
Dasytomima rachelae,,Insect,1,Melbourne,2,False,,,,,
Dasyurus geoffroii,Chuditch,Mammal,1,Perth,2,True,Vulnerable,Dasyurus geoffroii,Dasyurus geoffroii,"Chuditch, Western Quoll",2000-07-16
Dasyurus hallucatus,Digul,Mammal,1,Darwin,3,True,Endangered,Dasyurus hallucatus,Dasyurus hallucatus,"Northern Quoll, Digul [Gogo-Yimidir], Wijingadda [Dambimangari], Wiminji [Martu]",2005-04-12
Dasyurus maculatus,Bindjulang,Mammal,4,Brisbane | Canberra–Queanbeyan | Hobart | Sydney,19,False,,,,,
Dasyurus viverrinus,Luaner,Mammal,3,Darwin | Hobart | Melbourne,5,True,Endangered,Dasyurus viverrinus,Dasyurus viverrinus,"Eastern Quoll, Luaner",2015-12-03
Daulotypus umbratilis,,Insect,1,Melbourne,1,False,,,,,
Debiliana debiliana,,Insect,3,Adelaide | Canberra–Queanbeyan | Perth,7,False,,,,,
Decatopseustis cataphanes,,Insect,1,Canberra–Queanbeyan,1,False,,,,,
Decilaus expletus,,Insect,1,Adelaide,4,False,,,,,
Decilaus infaustus,,Insect,1,Hobart,3,False,,,,,
Decilaus medioalbus,,Insect,1,Melbourne,10,False,,,,,
Decilaus suturalis,,Insect,1,Hobart,2,False,,,,,
Decilaus variegatus,,Insect,1,Adelaide,1,False,,,,,
Deineches hackeri,,Insect,1,Melbourne,3,False,,,,,
Deineches nudiventris,Hover Fly,Insect,1,Hobart,3,False,,,,,
Delacampius lateralis,,Insect,3,Brisbane | Hobart | Melbourne,9,False,,,,,
Delexocha ochrocausta,Concealer Moth,Insect,3,Canberra–Queanbeyan | Melbourne | Sydney,151,False,,,,,
Delias aestiva,Mangrove Jezebel,Insect,1,Darwin,12,False,,,,,
Delias aganippe,Red-spotted Jezebel,Insect,6,Adelaide | Brisbane | Canberra–Queanbeyan | Melbourne | Perth | Sydney,343,False,,,,,
Delias argenthona,Northern Jezabel,Insect,2,Brisbane | Darwin,199,False,,,,,
Delias harpalyce,Imperial Jezebel,Insect,3,Canberra–Queanbeyan | Melbourne | Sydney,742,False,,,,,
Delias nigrina,Common Jezabel,Insect,4,Brisbane | Canberra–Queanbeyan | Melbourne | Sydney,630,False,,,,,
Delias nysa,Nyza Jezabel,Insect,2,Brisbane | Sydney,3,False,,,,,
Delma borea,Rusty-topped Delma,Reptile,1,Darwin,6,False,,,,,
Delma concinna,Javelin Lizard,Reptile,1,Perth,1,False,,,,,
Delma fraseri,Fraser's Delma,Reptile,1,Perth,21,False,,,,,
Delma grayii,Side-barred Delma,Reptile,1,Perth,2,False,,,,,
Delma impar,Striped Legless Lizard,Reptile,2,Canberra–Queanbeyan | Melbourne,355,True,Vulnerable,Delma impar,Delma impar,"Striped Legless Lizard, Striped Snake-lizard",2000-07-16
Delma inornata,Patternless Delma,Reptile,2,Canberra–Queanbeyan | Melbourne,20,False,,,,,
Delma molleri,Gulfs Delma,Reptile,1,Adelaide,33,False,,,,,
Delma plebeia,Leaden Delma,Reptile,1,Brisbane,1,False,,,,,
Delma tincta,Excitable Delma,Reptile,1,Darwin,3,False,,,,,
Delma torquata,Adorned Delma,Reptile,1,Brisbane,2,True,Vulnerable,Delma torquata,Delma torquata,"Adorned Delma, Collared Delma",2000-07-16
Delophanes anthracephala,,Insect,1,Brisbane,14,False,,,,,
Delphinus delphis,Common Dolphin,Mammal,4,Adelaide | Melbourne | Perth | Sydney,60,False,,,,,
Delta bicinctum,Wasp,Insect,6,Adelaide | Brisbane | Canberra–Queanbeyan | Melbourne | Perth | Sydney,153,False,,,,,
Delta campaniforme,,Insect,3,Brisbane | Darwin | Sydney,77,False,,,,,
Delta latreillei,Wasp,Insect,4,Adelaide | Brisbane | Darwin | Perth,57,False,,,,,
Delta nigritarse,,Insect,1,Darwin,2,False,,,,,
Deltophora peltosema,,Insect,1,Perth,6,False,,,,,
Demansia olivacea,Olive Whipsnake,Reptile,1,Darwin,3,False,,,,,
Demansia psammophis,Yellow-faced Whip Snake,Reptile,3,Brisbane | Canberra–Queanbeyan | Sydney,494,False,,,,,
Demansia reticulata,Yellow-faced Whipsnake,Reptile,1,Perth,4,False,,,,,
Demansia vestigiata,Lesser Black Whipsnake,Reptile,1,Darwin,2,False,,,,,
Demetrida brachinodera,,Insect,1,Melbourne,1,False,,,,,
Demetrida grandis,,Insect,4,Adelaide | Canberra–Queanbeyan | Melbourne | Sydney,8,False,,,,,
Demetrida infuscata,,Insect,1,Hobart,3,False,,,,,
Demetrida longicollis,,Insect,1,Brisbane,1,False,,,,,
Demetrida vittata,,Insect,1,Canberra–Queanbeyan,3,False,,,,,
Demomisis filum,,Insect,3,Brisbane | Melbourne | Sydney,19,False,,,,,
Demonax chrysoderes,,Insect,1,Brisbane,1,False,,,,,
Dendrelaphis punctulatus,Green Tree Snake,Reptile,3,Brisbane | Darwin | Sydney,2162,False,,,,,
Dendroaeschna conspersa,Wide-faced Darner,Insect,3,Brisbane | Canberra–Queanbeyan | Melbourne,10,False,,,,,
Dendrocerus carpenteri,,Insect,1,Melbourne,1,False,,,,,
Dendrocygna arcuata,Wandering Whistling-duck,Bird,6,Brisbane | Canberra–Queanbeyan | Darwin | Melbourne | Perth | Sydney,7010,False,,,,,
Dendrocygna eytoni,Plumed Whistling-duck,Bird,5,Brisbane | Canberra–Queanbeyan | Darwin | Melbourne | Sydney,2970,False,,,,,
Dendrocygna guttata,Spotted Whistling-duck,Bird,1,Darwin,4,False,,,,,
Dendroleon amabilis,,Insect,2,Canberra–Queanbeyan | Perth,6,False,,,,,
Dendroleon longipennis,,Insect,1,Melbourne,7,False,,,,,
Dendropemon albopictus,,Insect,1,Brisbane,2,False,,,,,
Dendropemon subfasciatus,Beetle,Insect,4,Canberra–Queanbeyan | Melbourne | Perth | Sydney,8,False,,,,,
Depressa albicosta,,Insect,4,Brisbane | Canberra–Queanbeyan | Melbourne | Sydney,70,False,,,,,
Depressa atrata,Acalyptrate Fly,Insect,4,Adelaide | Canberra–Queanbeyan | Melbourne | Sydney,92,False,,,,,
Depressa striatipennis,Acalyptrate Fly,Insect,1,Melbourne,59,False,,,,,
Derambila idiosceles,,Insect,1,Darwin,1,False,,,,,
Dermestes ater,Black Larder Beetle,Insect,4,Adelaide | Brisbane | Melbourne | Sydney,15,False,,,,,
Dermestes frischii,,Insect,4,Canberra–Queanbeyan | Hobart | Melbourne | Perth,6,False,,,,,
Dermestes haemorrhoidalis,,Insect,2,Melbourne | Sydney,3,False,,,,,
Dermestes lardarius,Larder Beetle,Insect,1,Melbourne,1,False,,,,,
Dermestes maculatus,Common Hide Beetle,Insect,7,Adelaide | Brisbane | Canberra–Queanbeyan | Hobart | Melbourne | Perth | Sydney,40,False,,,,,
Dermochelys coriacea,Leathery Turtle,Reptile,1,Sydney,10,True,Endangered,Dermochelys coriacea,Dermochelys coriacea,"Leatherback Turtle, Leathery Turtle, Luth",2009-01-08
Dermolepida albohirtum,Greyback Cane Beetle,Insect,2,Brisbane | Darwin,4,False,,,,,
Derocephalus angusticollis,,Insect,2,Brisbane | Sydney,167,False,,,,,
Deroploa parva,Shield Bug,Insect,3,Canberra–Queanbeyan | Melbourne | Sydney,7,False,,,,,
Deroptilinus granicollis,Beetle,Insect,2,Brisbane | Melbourne,2,False,,,,,
Desmothrips reedi,,Insect,1,Melbourne,1,False,,,,,
Destolmia lineata,Moth,Insect,5,Brisbane | Canberra–Queanbeyan | Melbourne | Perth | Sydney,143,False,,,,,
Desudaba aulica,,Insect,2,Brisbane | Sydney,28,False,,,,,
Desudaba circe,,Insect,1,Sydney,6,False,,,,,
Desudaba maculata,,Insect,2,Brisbane | Sydney,33,False,,,,,
Desudaba psittacus,,Insect,2,Brisbane | Sydney,358,False,,,,,
Desudaboides fletcheri,,Insect,1,Brisbane,1,False,,,,,
Desudaboides melindae,,Insect,1,Brisbane,10,False,,,,,
Detounda leptoplasta,,Insect,2,Canberra–Queanbeyan | Sydney,24,False,,,,,
Deudorix diovis,Bright Cornelian,Insect,2,Brisbane | Sydney,251,False,,,,,
Deudorix smilis,,Insect,1,Darwin,1,False,,,,,
Deuterarcha xanthomela,Grass Moth,Insect,3,Brisbane | Canberra–Queanbeyan | Sydney,16,False,,,,,
Deuterocopus socotranus,,Insect,1,Darwin,1,False,,,,,
Deuterodiscoelius verreauxii,Wasp,Insect,1,Canberra–Queanbeyan,2,False,,,,,
Dexerra angularis,,Insect,1,Perth,2,False,,,,,
Dexerra turpis,,Insect,1,Perth,1,False,,,,,
Diachus auratus,,Insect,3,Adelaide | Brisbane | Canberra–Queanbeyan,3,False,,,,,
Diadegma semiclausum,,Insect,4,Adelaide | Melbourne | Perth | Sydney,11,False,,,,,
Diadoxus erythrurus,Small Cypress Jewel Beetle,Insect,5,Adelaide | Canberra–Queanbeyan | Melbourne | Perth | Sydney,9,False,,,,,
Diadoxus jungi,,Insect,1,Melbourne,2,False,,,,,
Diaeretiella rapae,,Insect,2,Brisbane | Melbourne,2,False,,,,,
Diakonoffiana tricolorana,,Insect,1,Brisbane,2,False,,,,,
Dialectica scalariella,,Insect,6,Adelaide | Brisbane | Canberra–Queanbeyan | Melbourne | Perth | Sydney,55,False,,,,,
Dialecticopteryx australica,Fig Leafhopper,Insect,2,Brisbane | Sydney,11,False,,,,,
Dialeurodes citri,Citrus Whitefly,Insect,1,Adelaide,1,False,,,,,
Dialeuropora decempuncta,,Insect,2,Adelaide | Brisbane,5,False,,,,,
Diamesus osculans,,Insect,1,Brisbane,2,False,,,,,
Diamma bicolor,Blue Ant,Insect,6,Adelaide | Brisbane | Canberra–Queanbeyan | Hobart | Melbourne | Sydney,430,False,,,,,
Diapatela placina,,Insect,1,Brisbane,1,False,,,,,
Diaphania indica,,Insect,3,Brisbane | Darwin | Perth,87,False,,,,,
Diaphanops westermanni,,Insect,1,Perth,6,False,,,,,
Diaphonia dispar,,Insect,1,Adelaide,1,False,,,,,
Diaphonia xanthopyga,,Insect,1,Adelaide,68,False,,,,,
Diaphyta fulvescens,Shield Bug,Insect,2,Hobart | Melbourne,7,False,,,,,
Diaphyta pulchra,,Insect,2,Brisbane | Sydney,7,False,,,,,
Diaphyta rosea,,Insect,1,Melbourne,1,False,,,,,
Diarsia intermixta,Chevron Cutworm Moth,Insect,6,Adelaide | Brisbane | Canberra–Queanbeyan | Hobart | Melbourne | Sydney,311,False,,,,,
Diasceta aeolias,Concealer Moth,Insect,1,Melbourne,2,False,,,,,
Diasceta terpnopis,,Insect,1,Melbourne,3,False,,,,,
Diasemiopsis ramburialis,,Insect,3,Brisbane | Melbourne | Sydney,34,False,,,,,
Diaspis boisduvali,,Insect,1,Sydney,1,False,,,,,
Diaspis echinocacti,,Insect,1,Brisbane,1,False,,,,,
Diastella hilleri,,Insect,1,Brisbane,9,False,,,,,
Diastella latifolia,,Insect,1,Brisbane,71,False,,,,,
Diatenes aglossoides,Owlet Moth,Insect,7,Adelaide | Brisbane | Canberra–Queanbeyan | Darwin | Melbourne | Perth | Sydney,186,False,,,,,
Diatenes gerula,Owlet Moth,Insect,6,Adelaide | Brisbane | Canberra–Queanbeyan | Melbourne | Perth | Sydney,12,False,,,,,
Diatenes igneipicta,Owlet Moth,Insect,4,Adelaide | Canberra–Queanbeyan | Melbourne | Sydney,8,False,,,,,
Diathrausta ochreipennis,,Insect,2,Brisbane | Sydney,5,False,,,,,
Diatrichalus funereus,,Insect,1,Melbourne,15,False,,,,,
Dicaeum hirundinaceum,Mistletoebird,Bird,7,Adelaide | Brisbane | Canberra–Queanbeyan | Darwin | Melbourne | Perth | Sydney,33468,False,,,,,
Dicamptus fuscicornis,,Insect,4,Brisbane | Canberra–Queanbeyan | Darwin | Melbourne,82,False,,,,,
Dichaetomyia johannis,,Insect,1,Brisbane,6,False,,,,,
Dichaetomyia norrisi,,Insect,2,Brisbane | Sydney,8,False,,,,,
Dichelopa panoplana,,Insect,1,Canberra–Queanbeyan,2,False,,,,,
Dichelopa tarsodes,,Insect,1,Melbourne,1,False,,,,,
Dicherotropis cavirostris,,Insect,1,Perth,1,False,,,,,
Dichetophora biroi,Marsh Fly,Insect,1,Melbourne,2,False,,,,,
Dichocrocis clytusalis,,Insect,6,Adelaide | Brisbane | Canberra–Queanbeyan | Darwin | Melbourne | Sydney,74,False,,,,,
Dichomeris acuminatus,,Insect,2,Brisbane | Darwin,15,False,,,,,
Dichomeris capnites,,Insect,3,Adelaide | Brisbane | Sydney,46,False,,,,,
Dichomeris holomela,Twirler Moth,Insect,2,Brisbane | Sydney,5,False,,,,,
Dichomeris iophaea,,Insect,1,Brisbane,1,False,,,,,
Dichomeris ochreoviridella,,Insect,1,Brisbane,9,False,,,,,
Dichomeris peristylis,,Insect,1,Melbourne,1,False,,,,,
Dichomeris zygophorus,,Insect,1,Brisbane,4,False,,,,,
Dichromia quinqualis,,Insect,2,Brisbane | Darwin,4,False,,,,,
Dichromodes ainaria,Common Heath Moth,Insect,2,Canberra–Queanbeyan | Melbourne,30,False,,,,,
Dichromodes anelictis,Geometer Moth,Insect,2,Adelaide | Perth,10,False,,,,,
Dichromodes aristadelpha,,Insect,2,Melbourne | Perth,5,False,,,,,
Dichromodes atrosignata,Geometer Moth,Insect,3,Canberra–Queanbeyan | Melbourne | Sydney,134,False,,,,,
Dichromodes compsotis,,Insect,1,Perth,2,False,,,,,
Dichromodes confluaria,Geometer Moth,Insect,3,Hobart | Melbourne | Sydney,11,False,,,,,
Dichromodes consignata,Geometer Moth,Insect,2,Canberra–Queanbeyan | Perth,6,False,,,,,
Dichromodes denticulata,,Insect,1,Perth,1,False,,,,,
Dichromodes disputata,Geometer Moth,Insect,2,Canberra–Queanbeyan | Sydney,13,False,,,,,
Dichromodes emplecta,,Insect,3,Adelaide | Melbourne | Sydney,24,False,,,,,
Dichromodes estigmaria,Geometer Moth,Insect,4,Brisbane | Canberra–Queanbeyan | Melbourne | Sydney,94,False,,,,,
Dichromodes euprepes,,Insect,1,Perth,1,False,,,,,
Dichromodes explanata,Geometer Moth,Insect,1,Adelaide,2,False,,,,,
Dichromodes indicataria,Geometer Moth,Insect,1,Melbourne,6,False,,,,,
Dichromodes ioneura,,Insect,1,Perth,4,False,,,,,
Dichromodes lechria,,Insect,1,Perth,1,False,,,,,
Dichromodes leptozona,,Insect,1,Perth,6,False,,,,,
Dichromodes limosa,,Insect,1,Brisbane,27,False,,,,,
Dichromodes longidens,Geometer Moth,Insect,1,Melbourne,19,False,,,,,
Dichromodes mesogonia,Geometer Moth,Insect,1,Melbourne,63,False,,,,,
Dichromodes mesozona,Geometer Moth,Insect,1,Adelaide,1,False,,,,,
Dichromodes molybdaria,,Insect,2,Canberra–Queanbeyan | Sydney,16,False,,,,,
Dichromodes obtusata,Geometer Moth,Insect,2,Melbourne | Sydney,10,False,,,,,
Dichromodes ornata,,Insect,1,Sydney,7,False,,,,,
Dichromodes orthotis,,Insect,1,Perth,3,False,,,,,
Dichromodes orthozona,,Insect,1,Perth,1,False,,,,,
Dichromodes paratacta,,Insect,1,Sydney,1,False,,,,,
Dichromodes partitaria,,Insect,1,Perth,1,False,,,,,
Dichromodes personalis,,Insect,1,Perth,2,False,,,,,
Dichromodes poecilotis,,Insect,1,Perth,18,False,,,,,
Dichromodes semicanescens,,Insect,1,Perth,4,False,,,,,
Dichromodes stilbiata,Geometer Moth,Insect,1,Melbourne,64,False,,,,,
Dichromodes triparata,,Insect,1,Sydney,2,False,,,,,
Dichromodes usurpatrix,,Insect,2,Brisbane | Sydney,47,False,,,,,
Dicranolaius bellulus,Red And Blue Beetle,Insect,6,Adelaide | Brisbane | Canberra–Queanbeyan | Melbourne | Perth | Sydney,305,False,,,,,
Dicranolaius cinctus,,Insect,5,Brisbane | Canberra–Queanbeyan | Hobart | Melbourne | Sydney,121,False,,,,,
Dicranolaius concinicornis,,Insect,1,Canberra–Queanbeyan,2,False,,,,,
Dicranolaius flavonotatus,,Insect,1,Brisbane,3,False,,,,,
Dicranolaius major,,Insect,1,Darwin,1,False,,,,,
Dicranolaius villosus,,Insect,1,Canberra–Queanbeyan,16,False,,,,,
Dicranomyia dorsalis,Crane Fly,Insect,1,Sydney,2,False,,,,,
Dicranomyia incisuralis,Crane Fly,Insect,1,Sydney,1,False,,,,,
Dicranomyia whitei,,Insect,1,Sydney,2,False,,,,,
Dicranosterna circe,,Insect,1,Brisbane,134,False,,,,,
Dicranosterna hemisphaerica,,Insect,1,Perth,1,False,,,,,
Dicranosterna immaculata,Leaf Beetle,Insect,4,Brisbane | Canberra–Queanbeyan | Melbourne | Sydney,340,False,,,,,
Dicranosterna picea,,Insect,1,Brisbane,174,False,,,,,
Dicranosterna semipunctata,,Insect,3,Brisbane | Melbourne | Sydney,19,False,,,,,
Dicrotelus prolixus,Assassin Bug,Insect,3,Canberra–Queanbeyan | Hobart | Melbourne,9,False,,,,,
Dicrotendipes pelochloris,Midge,Insect,2,Adelaide | Brisbane,7,False,,,,,
Dicrotendipes septemmaculatus,Midge,Insect,1,Melbourne,2,False,,,,,
Dicrurus bracteatus,Spangled Drongo,Bird,5,Brisbane | Canberra–Queanbeyan | Darwin | Melbourne | Sydney,38585,False,,,,,
Dictamnia aestuosa,,Insect,1,Brisbane,1,False,,,,,
Dicteniophorus ramifer,,Insect,1,Sydney,55,False,,,,,
Dictyochrysa fulva,,Insect,2,Melbourne | Sydney,2,False,,,,,
Dictyochrysa peterseni,Species Of Green Lacewing,Insect,6,Adelaide | Brisbane | Canberra–Queanbeyan | Hobart | Melbourne | Sydney,86,False,,,,,
Dictyotus caenosus,Brown Shield Bug,Insect,6,Adelaide | Brisbane | Canberra–Queanbeyan | Melbourne | Perth | Sydney,106,False,,,,,
Dictyotus conspicuus,Shield Bug,Insect,2,Canberra–Queanbeyan | Melbourne,33,False,,,,,
Dictyotus inconspicuus,Shield Bug,Insect,6,Adelaide | Canberra–Queanbeyan | Hobart | Melbourne | Perth | Sydney,112,False,,,,,
Dictyotus roei,Shield Bug,Insect,1,Perth,1,False,,,,,
Dideopsis aegrota,,Insect,2,Brisbane | Sydney,25,False,,,,,
Didymocantha obliqua,,Insect,4,Brisbane | Canberra–Queanbeyan | Melbourne | Sydney,91,False,,,,,
Didymocentrotus denticollis,,Insect,2,Brisbane | Sydney,5,False,,,,,
Didymoctenia exsuperata,Geometer Moth,Insect,6,Adelaide | Brisbane | Canberra–Queanbeyan | Hobart | Melbourne | Sydney,445,False,,,,,
Didymuria violescens,Spur-legged Phasmid,Insect,5,Adelaide | Brisbane | Canberra–Queanbeyan | Melbourne | Sydney,443,False,,,,,
Diemenia rubromarginata,Shield Bug,Insect,4,Adelaide | Canberra–Queanbeyan | Melbourne | Sydney,165,False,,,,,
Diemeniana euronotiana,Cicada,Insect,2,Hobart | Melbourne,12,False,,,,,
Diemeniana hirsuta,,Insect,1,Hobart,1,False,,,,,
Diemoides anomalus,,Insect,3,Brisbane | Canberra–Queanbeyan | Hobart,14,False,,,,,
Diemoides smithtoniensis,Leafhopper,Insect,2,Hobart | Melbourne,3,False,,,,,
Dietta sperata,,Insect,1,Hobart,4,False,,,,,
Dieuches maculicollis,Seed Bug,Insect,5,Adelaide | Brisbane | Canberra–Queanbeyan | Melbourne | Sydney,67,False,,,,,
Dieuches membranaceus,,Insect,1,Brisbane,4,False,,,,,
Dieuches notatus,Seed Bug,Insect,7,Adelaide | Brisbane | Canberra–Queanbeyan | Hobart | Melbourne | Perth | Sydney,183,False,,,,,
Dieuches scutellatus,,Insect,3,Brisbane | Melbourne | Perth,5,False,,,,,
Digama marmorea,,Insect,2,Brisbane | Canberra–Queanbeyan,5,False,,,,,
Digitonthophagus gazella,Gazella Dung Beetle,Insect,2,Brisbane | Sydney,20,False,,,,,
Dilatops fici,,Insect,2,Brisbane | Sydney,10,False,,,,,
Dilochrosis brownii,,Insect,1,Darwin,31,False,,,,,
Dilompus robustus,Bug,Insect,1,Melbourne,2,False,,,,,
Dilompus woodwardi,Bug,Insect,1,Melbourne,1,False,,,,,
Dilophus pictipes,March Fly,Insect,1,Melbourne,1,False,,,,,
Dilophus tersus,,Insect,1,Melbourne,1,False,,,,,
Dimophora diabolica,,Insect,1,Canberra–Queanbeyan,4,False,,,,,
Dimorphochilus pascoei,,Insect,3,Brisbane | Melbourne | Sydney,46,False,,,,,
Dimorphopterus cornutus,Chinch Bug,Insect,1,Hobart,1,False,,,,,
Dindymus circumcinctus,,Insect,4,Brisbane | Canberra–Queanbeyan | Melbourne | Sydney,143,False,,,,,
Dindymus versicolor,Harlequin Bug,Insect,6,Adelaide | Brisbane | Canberra–Queanbeyan | Hobart | Melbourne | Sydney,1964,False,,,,,
Dinocampus coccinellae,,Insect,4,Adelaide | Melbourne | Perth | Sydney,9,False,,,,,
Dinocephalia cyaneipennis,,Insect,1,Sydney,2,False,,,,,
Dinocephalia thoracica,,Insect,2,Adelaide | Canberra–Queanbeyan,2,False,,,,,
Dinocephalia transsecta,,Insect,1,Adelaide,1,False,,,,,
Dinomachus australis,,Insect,1,Brisbane,4,False,,,,,
Dinophalus atmoscia,,Insect,1,Perth,5,False,,,,,
Dinophalus bathrosema,,Insect,1,Perth,2,False,,,,,
Dinophalus drakei,Geometer Moth,Insect,1,Sydney,1,False,,,,,
Dinophalus hiracopis,,Insect,1,Perth,5,False,,,,,
Dinophalus serpentaria,Geometer Moth,Insect,2,Melbourne | Sydney,5,False,,,,,
Dinophalus thrasyschema,,Insect,1,Perth,3,False,,,,,
Dinotoperla evansi,Stonefly,Insect,1,Adelaide,1,False,,,,,
Diocalandra frumenti,Lesser Coconut Weevil,Insect,2,Brisbane | Sydney,22,False,,,,,
Diochlistus mitis,,Insect,1,Perth,2,False,,,,,
Diomedea antipodensis,Gibson's Albatross,Bird,2,Adelaide | Sydney,18,True,Vulnerable,Diomedea antipodensis,Diomedea antipodensis,Antipodean Albatross,2000-07-16
Diomedea exulans,Wandering Albatross,Bird,2,Adelaide | Sydney,15,True,Vulnerable,Diomedea exulans,Diomedea exulans,Wandering Albatross,2000-07-16
Diomocoris nebulosus,,Insect,2,Hobart | Melbourne,5,False,,,,,
Diomus insidiosus,,Insect,1,Brisbane,1,False,,,,,
Diomus notescens,Minute Two-spotted Ladybird,Insect,7,Adelaide | Brisbane | Canberra–Queanbeyan | Hobart | Melbourne | Perth | Sydney,267,False,,,,,
Diomus sydneyensis,,Insect,1,Melbourne,20,False,,,,,
Dioxyna sororcula,Primitive Crane Fly,Insect,5,Adelaide | Brisbane | Canberra–Queanbeyan | Melbourne | Sydney,36,False,,,,,
Diphlebia coerulescens,Sapphire Rockmaster,Insect,1,Brisbane,2,False,,,,,
Diphlebia lestoides,Whitewater Rockmaster,Insect,1,Sydney,3,False,,,,,
Diphlebia nymphoides,Arrowhead Rockmaster,Insect,3,Brisbane | Canberra–Queanbeyan | Melbourne,5,False,,,,,
Diphtheroptila ochridorsellum,,Insect,1,Brisbane,2,False,,,,,
Diphucephala aurulenta,,Insect,1,Sydney,5,False,,,,,
Diphucephala colaspidoides,Green Scarab Beetle,Insect,7,Adelaide | Brisbane | Canberra–Queanbeyan | Hobart | Melbourne | Perth | Sydney,88,False,,,,,
Diphucephala edwardsii,Green Spring Beetle,Insect,1,Perth,1,False,,,,,
Diphucephala elegans,,Insect,2,Brisbane | Canberra–Queanbeyan,2,False,,,,,
Diphucrania acuducta,,Insect,5,Brisbane | Canberra–Queanbeyan | Hobart | Melbourne | Sydney,42,False,,,,,
Diphucrania aenigma,,Insect,1,Adelaide,1,False,,,,,
Diphucrania aeruginosa,,Insect,1,Melbourne,7,False,,,,,
Diphucrania albosparsa,,Insect,1,Brisbane,20,False,,,,,
Diphucrania aurocyanea,,Insect,1,Canberra–Queanbeyan,1,False,,,,,
Diphucrania cupripennis,,Insect,2,Canberra–Queanbeyan | Sydney,3,False,,,,,
Diphucrania duodecimmaculata,,Insect,5,Adelaide | Canberra–Queanbeyan | Melbourne | Perth | Sydney,59,False,,,,,
Diphucrania kohouti,,Insect,1,Canberra–Queanbeyan,1,False,,,,,
Diphucrania laticollis,,Insect,1,Brisbane,5,False,,,,,
Diphucrania leucosticta,,Insect,5,Brisbane | Canberra–Queanbeyan | Melbourne | Perth | Sydney,31,False,,,,,
Diphucrania marmorata,,Insect,2,Canberra–Queanbeyan | Sydney,14,False,,,,,
Diphucrania minutissima,,Insect,1,Canberra–Queanbeyan,1,False,,,,,
Diphucrania modesta,,Insect,1,Adelaide,2,False,,,,,
Diphucrania parva,,Insect,1,Adelaide,3,False,,,,,
Diphucrania pauperula,,Insect,1,Melbourne,5,False,,,,,
Diphucrania scabrosula,,Insect,3,Canberra–Queanbeyan | Melbourne | Sydney,27,False,,,,,
Diphucrania stigmata,,Insect,1,Perth,1,False,,,,,
Diphucrania trimentula,,Insect,1,Adelaide,2,False,,,,,
Diphucrania viridipurpurea,,Insect,1,Perth,17,False,,,,,
Diplacodes bipunctata,Wandering Percher,Insect,7,Adelaide | Brisbane | Canberra–Queanbeyan | Darwin | Melbourne | Perth | Sydney,3835,False,,,,,
Diplacodes haematodes,Scarlet Percher,Insect,7,Adelaide | Brisbane | Canberra–Queanbeyan | Darwin | Melbourne | Perth | Sydney,1994,False,,,,,
Diplacodes melanopsis,Blackfaced Percher Dragonfly,Insect,4,Brisbane | Canberra–Queanbeyan | Melbourne | Sydney,320,False,,,,,
Diplacodes nebulosa,Charcoal-winged Percher,Insect,1,Darwin,11,False,,,,,
Diplacodes trivialis,Chalky Percher,Insect,2,Brisbane | Darwin,1056,False,,,,,
Diplazon laetatorius,,Insect,7,Adelaide | Brisbane | Canberra–Queanbeyan | Hobart | Melbourne | Perth | Sydney,152,False,,,,,
Diplocoelus decemlineatus,,Insect,1,Hobart,1,False,,,,,
Diplodactylus bilybara,Western Fat-tailed Gecko,Reptile,1,Adelaide,1,False,,,,,
Diplodactylus furcosus,Ranges Stone Gecko,Reptile,1,Adelaide,2,False,,,,,
Diplodactylus lateroides,Speckled Stone Gecko,Reptile,1,Perth,1,False,,,,,
Diplodactylus platyurus,Eastern Fat-tailed Gecko,Reptile,1,Sydney,8,False,,,,,
Diplodactylus polyophthalmus,Spotted Sandplain Gecko,Reptile,1,Perth,2,False,,,,,
Diplodactylus vittatus,Eastern Stone Gecko,Reptile,3,Brisbane | Canberra–Queanbeyan | Sydney,274,False,,,,,
Diplogeomyza diaphora,Fly,Insect,3,Adelaide | Hobart | Melbourne,42,False,,,,,
Diplogeomyza hardyi,Fly,Insect,1,Melbourne,4,False,,,,,
Diplogeomyza maculipennis,Fly,Insect,4,Adelaide | Canberra–Queanbeyan | Melbourne | Perth,16,False,,,,,
Diplogeomyza pectinervis,Fly,Insect,1,Melbourne,15,False,,,,,
Diplogeomyza wirthi,Fly,Insect,1,Melbourne,8,False,,,,,
Diplonephra ditata,,Insect,1,Brisbane,1,False,,,,,
Diplonevra fumosa,,Insect,1,Sydney,1,False,,,,,
Diplonevra nigricorpus,,Insect,1,Sydney,1,False,,,,,
Diplonevra nigroscutellata,,Insect,2,Canberra–Queanbeyan | Sydney,3,False,,,,,
Diplonevra peregrina,,Insect,1,Sydney,2,False,,,,,
Diplonychus eques,,Insect,4,Brisbane | Darwin | Melbourne | Sydney,71,False,,,,,
Diplopseustis perieresalis,Eastern Black Tabby,Insect,6,Adelaide | Brisbane | Canberra–Queanbeyan | Hobart | Melbourne | Sydney,197,False,,,,,
Diporiphora australis,Tommy Roundhead,Reptile,1,Brisbane,18,False,,,,,
Diporiphora bilineata,Two-lined Dragon,Reptile,1,Darwin,18,False,,,,,
Diporiphora nobbi,Nobbi Dragon,Reptile,3,Brisbane | Canberra–Queanbeyan | Sydney,10,False,,,,,
Dippilana membranacea,,Insect,1,Adelaide,2,False,,,,,
Dipsaconia pyritosa,,Insect,1,Melbourne,1,False,,,,,
Dipsiathus obscurifrons,Planthopper,Insect,3,Canberra–Queanbeyan | Hobart | Melbourne,42,False,,,,,
Dipsiathus pallidifrons,,Insect,3,Brisbane | Melbourne | Sydney,3,False,,,,,
Dirhinus anthracia,,Insect,1,Melbourne,2,False,,,,,
Dirioxa pornia,,Insect,5,Brisbane | Canberra–Queanbeyan | Melbourne | Perth | Sydney,56,False,,,,,
Discobola australis,Crane Fly,Insect,6,Adelaide | Brisbane | Canberra–Queanbeyan | Hobart | Melbourne | Sydney,127,False,,,,,
Discophlebia catocalina,Snub Moth,Insect,4,Adelaide | Canberra–Queanbeyan | Melbourne | Perth,21,False,,,,,
Discophlebia celaena,Snub Moth,Insect,4,Adelaide | Canberra–Queanbeyan | Melbourne | Sydney,10,False,,,,,
Discophlebia lucasii,Snub Moth,Insect,1,Melbourne,6,False,,,,,
Dispar compacta,Dispar Skipper,Insect,4,Adelaide | Canberra–Queanbeyan | Melbourne | Sydney,349,False,,,,,
Dissodesma immaculata,,Insect,1,Perth,1,False,,,,,
Dissodesma primogenitus,,Insect,1,Perth,5,False,,,,,
Dissoloba iochalca,,Insect,1,Melbourne,1,False,,,,,
Dissomorphia australiaria,Geometer Moth,Insect,5,Brisbane | Canberra–Queanbeyan | Hobart | Melbourne | Sydney,367,False,,,,,
Disterna annulata,,Insect,1,Melbourne,1,False,,,,,
Disterna canosa,,Insect,2,Canberra–Queanbeyan | Hobart,7,False,,,,,
Disterna concinna,,Insect,1,Darwin,1,False,,,,,
Disterna mastersii,,Insect,1,Brisbane,1,False,,,,,
Disterna plumifera,,Insect,2,Brisbane | Sydney,49,False,,,,,
Disterna pumila,,Insect,2,Brisbane | Sydney,3,False,,,,,
Distichocera fuliginosa,,Insect,3,Adelaide | Melbourne | Sydney,11,False,,,,,
Distichocera kirbyi,,Insect,1,Brisbane,5,False,,,,,
Distichocera macleayii,,Insect,2,Melbourne | Sydney,3,False,,,,,
Distichocera maculicollis,,Insect,2,Melbourne | Sydney,8,False,,,,,
Distichocera superba,,Insect,1,Brisbane,1,False,,,,,
Distichocera thomsonella,,Insect,2,Canberra–Queanbeyan | Melbourne,3,False,,,,,
Distichophora clavipalpis,,Insect,1,Sydney,1,False,,,,,
Distipsidera flavicans,,Insect,1,Brisbane,1,False,,,,,
Distipsidera undulata,,Insect,1,Brisbane,5,False,,,,,
Distocupes varians,,Insect,1,Melbourne,2,False,,,,,
Distoleon bistrigatus,Antlion Lacewing,Insect,4,Adelaide | Canberra–Queanbeyan | Melbourne | Perth,15,False,,,,,
Distoplectron minor,,Insect,1,Melbourne,2,False,,,,,
Ditaxis biseriata,,Insect,1,Brisbane,215,False,,,,,
Ditaxis meridiei,,Insect,1,Melbourne,2,False,,,,,
Dithalama cosmospila,Geometer Moth,Insect,5,Adelaide | Brisbane | Canberra–Queanbeyan | Melbourne | Sydney,35,False,,,,,
Ditropidus fugitivus,,Insect,1,Perth,5,False,,,,,
Ditropidus glossatus,,Insect,1,Hobart,1,False,,,,,
Ditropidus lentulus,,Insect,1,Melbourne,6,False,,,,,
Ditropidus maxillosus,,Insect,1,Melbourne,1,False,,,,,
Ditropidus pulchellus,,Insect,2,Canberra–Queanbeyan | Melbourne,6,False,,,,,
Ditropidus subaeneus,,Insect,1,Hobart,5,False,,,,,
Ditropidus vulpinus,,Insect,1,Adelaide,2,False,,,,,
Dobsonia magna,Bare-backed Fruit-bat,Mammal,1,Brisbane,2,False,,,,,
Docalis funerosa,,Insect,2,Hobart | Melbourne,4,False,,,,,
Docidomyia puellaris,Bee Fly,Insect,2,Hobart | Melbourne,7,False,,,,,
Docidomyia victoriana,Bee Fly,Insect,1,Melbourne,2,False,,,,,
Docimocaria princeps,,Insect,2,Darwin | Sydney,2,False,,,,,
Dohrnia simplex,,Insect,1,Hobart,2,False,,,,,
Dolabrossa amblopa,Geometer Moth,Insect,1,Hobart,1,False,,,,,
Doleromima hypoxantha,Moth,Insect,1,Canberra–Queanbeyan,4,False,,,,,
Doleromyrma darwiniana,Brown House Ant,Insect,2,Adelaide | Melbourne,5,False,,,,,
Doleschallia bisaltide,Australian Leafwing,Insect,2,Brisbane | Sydney,162,False,,,,,
Dolichoderus australis,Soft Dolly Ant,Insect,2,Melbourne | Sydney,3,False,,,,,
Dolichoderus clarki,,Insect,1,Sydney,27,False,,,,,
Dolichoderus clusor,,Insect,1,Perth,3,False,,,,,
Dolichoderus doriae,Double Spined Dolly Ant,Insect,2,Melbourne | Sydney,141,False,,,,,
Dolichoderus etus,,Insect,1,Sydney,5,False,,,,,
Dolichoderus inferus,Dolly Ant,Insect,1,Sydney,16,False,,,,,
Dolichoderus niger,,Insect,1,Perth,20,False,,,,,
Dolichoderus scabridus,Dolly Ant,Insect,4,Adelaide | Canberra–Queanbeyan | Perth | Sydney,67,False,,,,,
Dolichoderus scrobiculatus,Northern Sharkfined Dolly Ant,Insect,2,Brisbane | Perth,274,False,,,,,
Dolichoderus ypsilon,,Insect,1,Perth,54,False,,,,,
Dolichomiris linearis,,Insect,1,Brisbane,1,False,,,,,
Dolichopeza davidsoni,Crane Fly,Insect,1,Sydney,1,False,,,,,
Dolichopeza varipes,,Insect,1,Sydney,2,False,,,,,
Doloporus thoracicus,,Insect,1,Brisbane,1,False,,,,,
Dolopsis chalcophragma,,Insect,1,Perth,2,False,,,,,
Dolopus rubrithorax,Robber Fly,Insect,3,Canberra–Queanbeyan | Melbourne | Sydney,41,False,,,,,
Dolopus simulans,,Insect,2,Brisbane | Sydney,125,False,,,,,
Donuca castalia,,Insect,2,Brisbane | Canberra–Queanbeyan,94,False,,,,,
Donuca lanipes,,Insect,2,Brisbane | Darwin,14,False,,,,,
Donuca orbigera,,Insect,2,Brisbane | Darwin,100,False,,,,,
Donuca rubropicta,,Insect,2,Brisbane | Darwin,302,False,,,,,
Donuca spectabilis,White-spotted Owl Moth,Insect,2,Adelaide | Perth,16,False,,,,,
Doratifera casta,Cup Moths,Insect,2,Brisbane | Sydney,90,False,,,,,
Doratifera oxleyi,Painted Cup Moth,Insect,7,Adelaide | Canberra–Queanbeyan | Darwin | Hobart | Melbourne | Perth | Sydney,166,False,,,,,
Doratifera pinguis,Pale Cup Moth,Insect,4,Brisbane | Canberra–Queanbeyan | Melbourne | Sydney,79,False,,,,,
Doratifera quadriguttata,Four-spotted Cup Moth,Insect,6,Adelaide | Brisbane | Canberra–Queanbeyan | Melbourne | Perth | Sydney,336,False,,,,,
Doratifera stenora,,Insect,1,Brisbane,1,False,,,,,
Doratifera vulnerans,Mottled Cup Moth,Insect,6,Brisbane | Canberra–Queanbeyan | Hobart | Melbourne | Perth | Sydney,350,False,,,,,
Dorcatoma tasmaniensis,,Insect,1,Hobart,1,False,,,,,
Doticus palmaris,,Insect,2,Adelaide | Brisbane,2,False,,,,,
Drepanacra binocula,Hooktipped Brown Lacewing,Insect,5,Adelaide | Canberra–Queanbeyan | Melbourne | Perth | Sydney,411,False,,,,,
Drepanocera microstigmata,Concealer Moth,Insect,1,Sydney,1,False,,,,,
Drepanoctonus bifasciatus,,Insect,1,Melbourne,9,False,,,,,
Drepanosiphum platanoidis,Sycamore Aphid,Insect,1,Melbourne,16,False,,,,,
Dromaius novaehollandiae,Emu,Bird,6,Adelaide | Brisbane | Darwin | Melbourne | Perth | Sydney,439,False,,,,,
Drosophila busckii,Fruit Fly,Insect,3,Adelaide | Melbourne | Sydney,7,False,,,,,
Drosophila funebris,Fruit Fly,Insect,1,Hobart,3,False,,,,,
Drosophila hydei,,Insect,2,Adelaide | Brisbane,2,False,,,,,
Drosophila immigrans,Fruit Fly,Insect,7,Adelaide | Brisbane | Canberra–Queanbeyan | Hobart | Melbourne | Perth | Sydney,60,False,,,,,
Drosophila melanogaster,,Insect,5,Adelaide | Brisbane | Melbourne | Perth | Sydney,19,False,,,,,
Drosophila repleta,Fruit Fly,Insect,7,Adelaide | Brisbane | Canberra–Queanbeyan | Darwin | Hobart | Melbourne | Sydney,29,False,,,,,
Drosophila serrata,,Insect,1,Sydney,1,False,,,,,
Drosophila setifemur,Fruit Fly,Insect,1,Sydney,1,False,,,,,
Drosophila simulans,,Insect,2,Hobart | Sydney,2,False,,,,,
Dryadaula anthracorma,,Insect,1,Canberra–Queanbeyan,6,False,,,,,
Dryadomorpha pallida,,Insect,1,Darwin,1,False,,,,,
Drymaplaneta communis,Common Shining Cockroach,Insect,6,Adelaide | Brisbane | Canberra–Queanbeyan | Melbourne | Perth | Sydney,196,False,,,,,
Drymaplaneta heydeniana,,Insect,1,Perth,8,False,,,,,
Drymaplaneta semivitta,Gisborne Cockroach,Insect,7,Adelaide | Brisbane | Canberra–Queanbeyan | Hobart | Melbourne | Perth | Sydney,468,False,,,,,
Drymelater fusiformis,,Insect,1,Melbourne,7,False,,,,,
Drymopsalta daemeli,,Insect,1,Sydney,6,False,,,,,
Drymoptila temenitis,Geometer Moth,Insect,3,Adelaide | Canberra–Queanbeyan | Melbourne,5,False,,,,,
Dryophilodes niger,,Insect,1,Melbourne,2,False,,,,,
Dryophilodes pyrifer,,Insect,3,Adelaide | Brisbane | Melbourne,7,False,,,,,
Drypta australis,,Insect,4,Brisbane | Canberra–Queanbeyan | Darwin | Sydney,13,False,,,,,
Drysdalia coronoides,White-lipped Snake,Reptile,3,Hobart | Melbourne | Sydney,55,False,,,,,
Drysdalia rhodogaster,Mustard-bellied Snake,Reptile,1,Sydney,6,False,,,,,
Duadicus pallidus,Shield Bug,Insect,2,Hobart | Melbourne,4,False,,,,,
Ducula bicolor,Pied Imperial-pigeon,Bird,1,Darwin,9,False,,,,,
Ducula spilorrhoa,Torresian Imperial-pigeon,Bird,1,Darwin,12102,False,,,,,
Dudua aprobola,,Insect,4,Brisbane | Canberra–Queanbeyan | Darwin | Sydney,56,False,,,,,
Dudua phyllanthana,,Insect,2,Brisbane | Sydney,28,False,,,,,
Dudua siderea,,Insect,2,Brisbane | Sydney,19,False,,,,,
Dugong dugon,Dugong,Mammal,3,Brisbane | Darwin | Sydney,11,False,,,,,
Dulitocoris usingeri,,Insect,1,Brisbane,2,False,,,,,
Dumbletoniella pittospori,Whitefly,Insect,1,Adelaide,32,False,,,,,
Dumbletoniella rotunda,Whitefly,Insect,1,Adelaide,1,False,,,,,
Dumbletoniella xanthorrhoeae,Species Of Whiteflies,Insect,2,Adelaide | Perth,4,False,,,,,
Dunioa picturata,,Insect,1,Brisbane,1,False,,,,,
Duomyia apicalis,,Insect,1,Perth,3,False,,,,,
Duomyia tomentosa,,Insect,1,Brisbane,2,False,,,,,
Duplex horakae,,Insect,1,Darwin,1,False,,,,,
Dworena hyacintha,,Insect,3,Brisbane | Canberra–Queanbeyan | Melbourne,7,False,,,,,
Dyakinodes centralis,Cockroach,Insect,1,Sydney,1,False,,,,,
Dysallacta negatalis,,Insect,2,Brisbane | Darwin,32,False,,,,,
Dysbatus singularis,Geometer Moth,Insect,7,Adelaide | Brisbane | Canberra–Queanbeyan | Hobart | Melbourne | Perth | Sydney,176,False,,,,,
Dysbatus stenodesma,Geometer Moth,Insect,4,Brisbane | Canberra–Queanbeyan | Melbourne | Sydney,47,False,,,,,
Dysdercus sidae,Pale Cotton Stainer,Insect,4,Brisbane | Canberra–Queanbeyan | Darwin | Sydney,141,False,,,,,
Dysgonia constricta,,Insect,2,Brisbane | Sydney,53,False,,,,,
Dysgonia hamatilis,,Insect,2,Brisbane | Sydney,55,False,,,,,
Dysgonia monogona,,Insect,2,Brisbane | Darwin,11,False,,,,,
Dysgonia senex,,Insect,1,Darwin,2,False,,,,,
Dysgonia solomonensis,,Insect,1,Brisbane,1,False,,,,,
Dysmicoccus brevipes,Chanchito Blanca De La Pina,Insect,1,Hobart,3,False,,,,,
Dysnoetus rugulosus,Shield Bug,Insect,1,Adelaide,1,False,,,,,
Dysphania numana,,Insect,1,Darwin,102,False,,,,,
Earias chlorodes,Tuft Moth,Insect,7,Adelaide | Brisbane | Canberra–Queanbeyan | Darwin | Melbourne | Perth | Sydney,28,False,,,,,
Earias huegeliana,Rough Bollworm Moth,Insect,7,Adelaide | Brisbane | Canberra–Queanbeyan | Darwin | Melbourne | Perth | Sydney,100,False,,,,,
Earias luteolaria,,Insect,2,Brisbane | Darwin,35,False,,,,,
Earias paralella,Tuft Moth,Insect,5,Adelaide | Brisbane | Melbourne | Perth | Sydney,24,False,,,,,
Earias smaragdina,,Insect,3,Brisbane | Darwin | Sydney,53,False,,,,,
Earias subviridis,,Insect,1,Sydney,4,False,,,,,
Earias vittella,,Insect,1,Darwin,1,False,,,,,
Eboo elegantula,,Insect,1,Hobart,8,False,,,,,
Eboo viridula,,Insect,2,Canberra–Queanbeyan | Hobart,4,False,,,,,
Eburophora octoguttata,,Insect,1,Melbourne,3,False,,,,,
Eccoptopterus spinosus,,Insect,1,Brisbane,1,False,,,,,
Eccritosia rubriventris,,Insect,1,Brisbane,1,False,,,,,
Eccymatoge aorista,,Insect,1,Sydney,5,False,,,,,
Eccymatoge callizona,Geometer Moth,Insect,7,Adelaide | Brisbane | Canberra–Queanbeyan | Hobart | Melbourne | Perth | Sydney,95,False,,,,,
Eccymatoge fulvida,Geometer Moth,Insect,3,Canberra–Queanbeyan | Melbourne | Sydney,11,False,,,,,
Eccymatoge morphna,Geometer Moth,Insect,1,Melbourne,1,False,,,,,
Echetlus peristhenes,Wa Slender Stick-insect,Insect,1,Perth,15,False,,,,,
Echinocosma catachrysa,Concealer Moth,Insect,2,Canberra–Queanbeyan | Melbourne,13,False,,,,,
Echiomima mythica,,Insect,1,Sydney,12,False,,,,,
Echiopsis curta,Bardick,Reptile,1,Perth,6,False,,,,,
Echmepteryx madagascariensis,,Insect,1,Brisbane,2,False,,,,,
Echthromorpha agrestoria,,Insect,2,Brisbane | Darwin,171,False,,,,,
Echthromorpha intricatoria,Cream Spotted Ichneumon Wasp,Insect,7,Adelaide | Brisbane | Canberra–Queanbeyan | Hobart | Melbourne | Perth | Sydney,372,False,,,,,
Eclecta aurorella,,Insect,1,Sydney,2,False,,,,,
Eclectus roratus,Eclectus Parrot,Bird,4,Brisbane | Melbourne | Perth | Sydney,23,False,,,,,
Eclipsiodes homora,,Insect,1,Canberra–Queanbeyan,1,False,,,,,
Ecnolagria aeneoviolacea,,Insect,1,Perth,14,False,,,,,
Ecnolagria aurofasciata,,Insect,2,Brisbane | Sydney,40,False,,,,,
Ecnolagria grandis,Brown Darkling Beetle,Insect,5,Adelaide | Brisbane | Canberra–Queanbeyan | Melbourne | Sydney,1704,False,,,,,
Ecnolagria rufescens,Long-jointed Bark Beetle,Insect,5,Adelaide | Brisbane | Hobart | Melbourne | Sydney,107,False,,,,,
Ecnolagria schneiderae,,Insect,1,Sydney,1,False,,,,,
Ecnolagria tomentosa,,Insect,2,Melbourne | Sydney,55,False,,,,,
Ecnomodes sagittaria,Moth,Insect,3,Brisbane | Melbourne | Sydney,171,False,,,,,
Ecphantus quadrilobus,Crested Tooth-grinder,Insect,1,Brisbane,2,False,,,,,
Ecrizothis boviei,,Insect,1,Melbourne,59,False,,,,,
Ecrizothis inaequalis,Gooseberry Weevil,Insect,1,Melbourne,33,False,,,,,
Ectemnius hebetescens,,Insect,1,Brisbane,1,False,,,,,
Ectemnius reginellus,,Insect,2,Brisbane | Sydney,2,False,,,,,
Ectenopsis norrisi,,Insect,1,Perth,1,False,,,,,
Ectinope spinicollis,,Insect,2,Brisbane | Melbourne,4,False,,,,,
Ectinorhynchus brunneus,,Insect,1,Brisbane,2,False,,,,,
Ectinorhynchus latistria,,Insect,1,Brisbane,4,False,,,,,
Ectinorhynchus terminalis,,Insect,1,Sydney,10,False,,,,,
Ectinorhynchus variabilis,Stiletto Fly,Insect,2,Canberra–Queanbeyan | Melbourne,4,False,,,,,
Ectomocoris australicus,,Insect,1,Darwin,3,False,,,,,
Ectomocoris binotatus,,Insect,2,Canberra–Queanbeyan | Sydney,8,False,,,,,
Ectomocoris decoratus,Assassin Bug,Insect,3,Brisbane | Canberra–Queanbeyan | Sydney,24,False,,,,,
Ectomocoris fuscatus,,Insect,1,Brisbane,5,False,,,,,
Ectomocoris ornatus,Assassin Bug,Insect,3,Brisbane | Canberra–Queanbeyan | Sydney,50,False,,,,,
Ectomocoris truculentus,Assassin Bug,Insect,3,Brisbane | Perth | Sydney,4,False,,,,,
Ectomyelois ceratoniae,,Insect,1,Perth,4,False,,,,,
Ectoneura minima,Cockroach,Insect,4,Adelaide | Brisbane | Canberra–Queanbeyan | Melbourne,9,False,,,,,
Ectoneura pallidula,,Insect,2,Brisbane | Canberra–Queanbeyan,2,False,,,,,
Ectoneura tepperi,Cockroach,Insect,2,Adelaide | Melbourne,5,False,,,,,
Ectopatria aspera,Owlet Moth,Insect,3,Adelaide | Melbourne | Perth,32,False,,,,,
Ectopatria clavigera,,Insect,2,Adelaide | Perth,6,False,,,,,
Ectopatria horologa,Owlet Moth,Insect,7,Adelaide | Brisbane | Canberra–Queanbeyan | Hobart | Melbourne | Perth | Sydney,94,False,,,,,
Ectopatria mundoides,Owlet Moth,Insect,2,Adelaide | Perth,11,False,,,,,
Ectopatria pelosticta,,Insect,1,Canberra–Queanbeyan,1,False,,,,,
Ectopatria subrufescens,Owlet Moth,Insect,2,Adelaide | Melbourne,4,False,,,,,
Ectopatria umbrosa,,Insect,1,Adelaide,4,False,,,,,
Ectopatria virginea,,Insect,1,Adelaide,1,False,,,,,
Ectopatria xerampelina,,Insect,1,Melbourne,4,False,,,,,
Ectopiocephalus australis,Leafhopper,Insect,1,Brisbane,1,False,,,,,
Ectopsocus petersi,,Insect,1,Melbourne,1,False,,,,,
Ectopsocus vachoni,,Insect,3,Adelaide | Melbourne | Perth,3,False,,,,,
Ectosticta cleroides,,Insect,3,Canberra–Queanbeyan | Hobart | Melbourne,15,False,,,,,
Ectosticta ornata,,Insect,1,Hobart,2,False,,,,,
Ectosticta ruida,,Insect,1,Perth,5,False,,,,,
Ectropis aganopa,,Insect,2,Adelaide | Melbourne,2,False,,,,,
Ectropis argalea,,Insect,1,Sydney,6,False,,,,,
Ectropis bhurmitra,,Insect,3,Brisbane | Darwin | Sydney,28,False,,,,,
Ectropis bispinaria,Geometer Moth,Insect,6,Adelaide | Brisbane | Canberra–Queanbeyan | Hobart | Melbourne | Sydney,203,False,,,,,
Ectropis calida,Geometer Moth,Insect,2,Melbourne | Sydney,3,False,,,,,
Ectropis excursaria,Twig Looper,Insect,7,Adelaide | Brisbane | Canberra–Queanbeyan | Hobart | Melbourne | Perth | Sydney,982,False,,,,,
Ectropis fractaria,Geometer Moth,Insect,5,Adelaide | Canberra–Queanbeyan | Hobart | Melbourne | Sydney,282,False,,,,,
Ectropis lignea,Geometer Moth,Insect,2,Melbourne | Sydney,6,False,,,,,
Ectropis mniara,,Insect,1,Sydney,1,False,,,,,
Edolisoma tenuirostre,Cicadabird,Bird,5,Brisbane | Canberra–Queanbeyan | Darwin | Melbourne | Sydney,4096,False,,,,,
Edosa balanosema,Fungus Moth,Insect,1,Melbourne,5,False,,,,,
Edosa fraudulens,Fungus Moth,Insect,2,Canberra–Queanbeyan | Melbourne,84,False,,,,,
Edosa hypocritica,Fungus Moth,Insect,1,Brisbane,4,False,,,,,
Edosa idiochroa,Fungus Moth,Insect,1,Canberra–Queanbeyan,8,False,,,,,
Edosa irruptella,Fungus Moth,Insect,3,Brisbane | Hobart | Melbourne,6,False,,,,,
Edosa meliphanes,Fungus Moth,Insect,1,Adelaide,1,False,,,,,
Edosa ochracea,Fungus Moth,Insect,2,Canberra–Queanbeyan | Melbourne,10,False,,,,,
Edosa ochranthes,Fungus Moth,Insect,2,Hobart | Melbourne,6,False,,,,,
Edosa purella,,Insect,4,Adelaide | Brisbane | Perth | Sydney,17,False,,,,,
Edosa talantias,,Insect,1,Brisbane,10,False,,,,,
Edosa tyrannica,,Insect,2,Adelaide | Brisbane,95,False,,,,,
Edosa xystidophora,Fungus Moth,Insect,5,Brisbane | Canberra–Queanbeyan | Darwin | Melbourne | Sydney,165,False,,,,,
Edusella hirta,,Insect,1,Melbourne,1,False,,,,,
Edusella lineata,,Insect,1,Canberra–Queanbeyan,13,False,,,,,
Edusella monticola,,Insect,1,Canberra–Queanbeyan,1,False,,,,,
Edusella perplexa,,Insect,1,Melbourne,21,False,,,,,
Edusella pilifera,,Insect,1,Melbourne,1,False,,,,,
Edusella puberula,,Insect,1,Canberra–Queanbeyan,4,False,,,,,
Edusella varians,,Insect,1,Canberra–Queanbeyan,1,False,,,,,
Edylius canescens,,Insect,1,Hobart,1,False,,,,,
Egernia cunninghami,Cunningham's Skink,Reptile,5,Adelaide | Brisbane | Canberra–Queanbeyan | Melbourne | Sydney,556,False,,,,,
Egernia kingii,King's Skink,Reptile,1,Perth,170,False,,,,,
Egernia napoleonis,South-western Crevice-skink,Reptile,1,Perth,16,False,,,,,
Egernia rugosa,Yakka Skink,Reptile,1,Brisbane,1,True,Vulnerable,Egernia rugosa,Egernia rugosa,Yakka Skink,2000-07-16
Egernia saxatilis,Black Rock Skink,Reptile,3,Canberra–Queanbeyan | Melbourne | Sydney,4,False,,,,,
Egernia striolata,Tree Skink,Reptile,3,Adelaide | Brisbane | Sydney,10,False,,,,,
Egretta garzetta,Little Egret,Bird,8,Adelaide | Brisbane | Canberra–Queanbeyan | Darwin | Hobart | Melbourne | Perth | Sydney,36458,False,,,,,
Egretta novaehollandiae,White-faced Heron,Bird,8,Adelaide | Brisbane | Canberra–Queanbeyan | Darwin | Hobart | Melbourne | Perth | Sydney,143139,False,,,,,
Egretta picata,Pied Heron,Bird,2,Darwin | Sydney,1562,False,,,,,
Egretta sacra,Eastern Reef Egret,Bird,6,Adelaide | Brisbane | Darwin | Melbourne | Perth | Sydney,5115,False,,,,,
Eilema plana,Moth,Insect,4,Brisbane | Canberra–Queanbeyan | Melbourne | Sydney,229,False,,,,,
Eirmocides absimilis,Pencilled Blue,Insect,2,Brisbane | Sydney,247,False,,,,,
Eirmocides consimilis,Dark Pencilled-blue,Insect,3,Brisbane | Melbourne | Sydney,6,False,,,,,
Eirmocides margarita,Trident Pencilled-blue,Insect,3,Brisbane | Darwin | Sydney,26,False,,,,,
Elachista carcharota,,Insect,1,Adelaide,1,False,,,,,
Elachista flammula,,Insect,1,Canberra–Queanbeyan,9,False,,,,,
Elachista gladiatrix,,Insect,1,Perth,10,False,,,,,
Elachista litharga,,Insect,1,Canberra–Queanbeyan,1,False,,,,,
Elachista velox,,Insect,1,Sydney,1,False,,,,,
Elaeonoma deltacostamela,,Insect,1,Brisbane,1,False,,,,,
Elanus axillaris,Black-shouldered Kite,Bird,7,Adelaide | Brisbane | Canberra–Queanbeyan | Darwin | Melbourne | Perth | Sydney,27318,False,,,,,
Elaphodes aeneolus,,Insect,1,Canberra–Queanbeyan,4,False,,,,,
Elaphodes cervinus,,Insect,1,Canberra–Queanbeyan,12,False,,,,,
Elaphodes pilula,,Insect,1,Canberra–Queanbeyan,4,False,,,,,
Elaphodes signifer,,Insect,1,Canberra–Queanbeyan,2,False,,,,,
Elapognathus coronatus,Western Crowned Snake,Reptile,1,Perth,7,False,,,,,
Elasmolomus papuanus,,Insect,1,Brisbane,5,False,,,,,
Elasmolomus v-album,,Insect,1,Brisbane,4,False,,,,,
Elasmostethus suffusus,,Insect,1,Melbourne,1,False,,,,,
Elasmus margiscutellum,,Insect,1,Canberra–Queanbeyan,3,False,,,,,
Elatichrosis exarata,,Insect,1,Hobart,2,False,,,,,
Elatichrosis trisulcatus,,Insect,2,Hobart | Melbourne,21,False,,,,,
Elatichrosis wilsoni,,Insect,1,Melbourne,8,False,,,,,
Elaunon bipartitus,,Insect,2,Brisbane | Sydney,80,False,,,,,
Eleale angularis,,Insect,1,Perth,1,False,,,,,
Eleale aspera,,Insect,5,Brisbane | Canberra–Queanbeyan | Hobart | Melbourne | Sydney,71,False,,,,,
Eleale aulicodes,,Insect,1,Perth,21,False,,,,,
Eleale illaetabilis,,Insect,1,Melbourne,1,False,,,,,
Eleale intricata,,Insect,3,Canberra–Queanbeyan | Hobart | Melbourne,4,False,,,,,
Eleale lepida,Clerid Beetle,Insect,1,Brisbane,8,False,,,,,
Eleale obscurus,,Insect,1,Melbourne,2,False,,,,,
Eleale pantomelas,,Insect,1,Melbourne,4,False,,,,,
Eleale parallela,,Insect,1,Brisbane,2,False,,,,,
Eleale pulcher,,Insect,2,Adelaide | Melbourne,9,False,,,,,
Eleale simplex,,Insect,4,Adelaide | Canberra–Queanbeyan | Melbourne | Sydney,68,False,,,,,
Eleale viridicollis,,Insect,1,Brisbane,1,False,,,,,
Eleebichneumon pittata,,Insect,1,Sydney,3,False,,,,,
Eleleides chloris,Shore Fly,Insect,2,Adelaide | Melbourne,3,False,,,,,
Elephantodeta nobilis,,Insect,2,Adelaide | Sydney,10,False,,,,,
Elephastomus gellarus,,Insect,1,Brisbane,1,False,,,,,
Elephastomus proboscideus,,Insect,1,Melbourne,4,False,,,,,
Elesma subglauca,Tuft Moth,Insect,3,Melbourne | Perth | Sydney,10,False,,,,,
Elhamma australasiae,Ghost Moth,Insect,4,Brisbane | Canberra–Queanbeyan | Melbourne | Sydney,850,False,,,,,
Elidothynnus melleus,,Insect,2,Adelaide | Melbourne,5,False,,,,,
Eligma orthoxantha,,Insect,1,Brisbane,2,False,,,,,
Elimus mackayensis,,Insect,1,Brisbane,1,False,,,,,
Elissoma brunnea,,Insect,1,Brisbane,1,False,,,,,
Ellipsidion amplum,,Insect,2,Brisbane | Melbourne,2,False,,,,,
Ellipsidion australe,Austral Ellipsidion Cockroach,Insect,6,Adelaide | Brisbane | Canberra–Queanbeyan | Melbourne | Perth | Sydney,2161,False,,,,,
Ellipsidion bicolor,,Insect,1,Brisbane,24,False,,,,,
Ellipsidion gemmiculum,,Insect,1,Brisbane,3,False,,,,,
Ellipsidion humerale,Bush Cockroach,Insect,7,Adelaide | Brisbane | Canberra–Queanbeyan | Darwin | Melbourne | Perth | Sydney,497,False,,,,,
Ellipsidion notabile,,Insect,1,Brisbane,1,False,,,,,
Ellipsidion reticulatum,Cockroach,Insect,1,Brisbane,65,False,,,,,
Ellopidia pedestris,,Insect,1,Melbourne,13,False,,,,,
Ellopidia sloanei,,Insect,1,Canberra–Queanbeyan,1,False,,,,,
Eloasa calida,,Insect,1,Brisbane,5,False,,,,,
Eloasa callidesma,,Insect,1,Brisbane,1,False,,,,,
Eloasa symphonistis,,Insect,1,Brisbane,1,False,,,,,
Elodina angulipennis,Common Pearl White,Insect,2,Brisbane | Sydney,104,False,,,,,
Elodina padusa,Narrow-winged Pearl White,Insect,1,Brisbane,2,False,,,,,
Elodina parthia,Chalk White,Insect,1,Brisbane,11,False,,,,,
Elodina walkeri,Small Pearl-white,Insect,1,Darwin,49,False,,,,,
Elophila difflualis,,Insect,3,Brisbane | Darwin | Sydney,7,False,,,,,
Elophila responsalis,Grass Moth,Insect,3,Brisbane | Melbourne | Sydney,58,False,,,,,
Elseya albagula,Southern Snapping Turtle,Reptile,1,Brisbane,1,True,Critically Endangered,Elseya albagula,Elseya albagula,"Southern Snapping Turtle, White-throated Snapping Turtle",2014-11-07
Elseyornis melanops,Black-fronted Dotterel,Bird,8,Adelaide | Brisbane | Canberra–Queanbeyan | Darwin | Hobart | Melbourne | Perth | Sydney,2683,False,,,,,
Elusa ceneusalis,,Insect,1,Brisbane,2,False,,,,,
Elusa oenolopha,,Insect,2,Brisbane | Sydney,56,False,,,,,
Elusa semipecten,,Insect,3,Brisbane | Darwin | Sydney,137,False,,,,,
Elusor macrurus,Mary River Turtle,Reptile,1,Sydney,1,True,Critically Endangered,Elusor macrurus,Elusor macrurus,"Mary River Turtle, Mary River Tortoise",2024-09-04
Emblema pictum,Painted Finch,Bird,1,Darwin,7,False,,,,,
Emcephalus floccosus,,Insect,1,Brisbane,3,False,,,,,
Emcephalus gibbosus,,Insect,1,Brisbane,1,False,,,,,
Emcephalus lacordairei,,Insect,1,Sydney,8,False,,,,,
Emesopsis fenestrella,,Insect,1,Darwin,1,False,,,,,
Emmalocera latilimbella,,Insect,1,Brisbane,1,False,,,,,
Emmalocera macrorrhynca,,Insect,1,Brisbane,1,False,,,,,
Empicoris rubromaculatus,Assassin Bug,Insect,6,Adelaide | Brisbane | Canberra–Queanbeyan | Melbourne | Perth | Sydney,23,False,,,,,
Empicoris scabraventris,,Insect,1,Canberra–Queanbeyan,1,False,,,,,
Emplesis bifoveata,,Insect,2,Melbourne | Sydney,5,False,,,,,
Emplesis parilis,,Insect,1,Melbourne,2,False,,,,,
Emplesis storeoides,,Insect,1,Adelaide,2,False,,,,,
Emplesis tibialis,,Insect,1,Melbourne,1,False,,,,,
Emydura macquarii,Macquarie River Turtle,Reptile,6,Adelaide | Brisbane | Canberra–Queanbeyan | Melbourne | Perth | Sydney,2651,False,,,,,
Emydura tanybaraga,Northern Yellow-faced Turtle,Reptile,1,Darwin,6,False,,,,,
Encarsia formosa,Greenhouse Whitefly Parasite Wasp,Insect,1,Melbourne,2,False,,,,,
Enchesphora recurvalis,,Insect,1,Sydney,1,False,,,,,
Enchocrates glaucopis,Moth,Insect,3,Canberra–Queanbeyan | Melbourne | Sydney,59,False,,,,,
Enchocrates phaedryntis,,Insect,1,Perth,4,False,,,,,
Enchocrates picrophylla,,Insect,2,Adelaide | Sydney,19,False,,,,,
Enchoptera apicalis,,Insect,3,Canberra–Queanbeyan | Hobart | Melbourne,108,False,,,,,
Enchronista proximella,Concealer Moth,Insect,2,Brisbane | Sydney,81,False,,,,,
Encosmia cornuta,,Insect,2,Hobart | Melbourne,2,False,,,,,
Encryphia frontisignata,,Insect,1,Brisbane,3,False,,,,,
Endeolena xanthiella,Concealer Moth,Insect,1,Canberra–Queanbeyan,1,False,,,,,
Endosimilis stilbealis,Grass Moth,Insect,3,Brisbane | Melbourne | Sydney,21,False,,,,,
Endotricha approximalis,,Insect,1,Brisbane,4,False,,,,,
Endotricha euphiles,,Insect,1,Darwin,1,False,,,,,
Endotricha ignealis,Grass Moth,Insect,6,Adelaide | Brisbane | Canberra–Queanbeyan | Hobart | Melbourne | Sydney,179,False,,,,,
Endotricha melanchroa,,Insect,1,Canberra–Queanbeyan,1,False,,,,,
Endotricha mesenterialis,,Insect,3,Brisbane | Darwin | Sydney,666,False,,,,,
Endotricha puncticostalis,,Insect,3,Brisbane | Canberra–Queanbeyan | Sydney,80,False,,,,,
Endotricha pyrosalis,Grass Moth,Insect,8,Adelaide | Brisbane | Canberra–Queanbeyan | Darwin | Hobart | Melbourne | Perth | Sydney,613,False,,,,,
Endotricha pyrrhocosma,,Insect,1,Darwin,1,False,,,,,
Endoxyla acontucha,,Insect,1,Canberra–Queanbeyan,1,False,,,,,
Endoxyla affinis,Carpenter Moth,Insect,1,Melbourne,2,False,,,,,
Endoxyla cinereus,Carpenter Moth,Insect,6,Adelaide | Brisbane | Canberra–Queanbeyan | Melbourne | Perth | Sydney,150,False,,,,,
Endoxyla coscinophanes,,Insect,1,Perth,24,False,,,,,
Endoxyla dictyoschema,,Insect,2,Brisbane | Sydney,19,False,,,,,
Endoxyla edwardsorum,,Insect,4,Adelaide | Brisbane | Canberra–Queanbeyan | Melbourne,10,False,,,,,
Endoxyla encalypti,Carpenter Moth,Insect,5,Brisbane | Canberra–Queanbeyan | Hobart | Melbourne | Sydney,105,False,,,,,
Endoxyla leucomochla,Carpenter Moth,Insect,2,Melbourne | Sydney,3,False,,,,,
Endoxyla lichenea,,Insect,2,Melbourne | Perth,3,False,,,,,
Endoxyla lituratus,Carpenter Moth,Insect,7,Adelaide | Brisbane | Canberra–Queanbeyan | Hobart | Melbourne | Perth | Sydney,135,False,,,,,
Endoxyla mackeri,Carpenter Moth,Insect,1,Brisbane,2,False,,,,,
Endoxyla macleayi,,Insect,1,Brisbane,2,False,,,,,
Endoxyla magnifica,Carpenter Moth,Insect,2,Melbourne | Sydney,5,False,,,,,
Endoxyla nubila,,Insect,1,Canberra–Queanbeyan,3,False,,,,,
Endoxyla secta,Carpenter Moth,Insect,2,Brisbane | Melbourne,17,False,,,,,
Endoxyla tenebrifer,,Insect,1,Perth,1,False,,,,,
Endrosis sarcitrella,,Insect,6,Adelaide | Brisbane | Canberra–Queanbeyan | Hobart | Melbourne | Sydney,223,False,,,,,
Engynoma tasmaniae,,Insect,2,Hobart | Melbourne,3,False,,,,,
Enicospilus borroloolai,,Insect,1,Canberra–Queanbeyan,1,False,,,,,
Enicospilus coarctatus,,Insect,4,Brisbane | Canberra–Queanbeyan | Melbourne | Sydney,13,False,,,,,
Enicospilus dubitator,,Insect,1,Canberra–Queanbeyan,3,False,,,,,
Enicospilus gardei,,Insect,3,Adelaide | Brisbane | Melbourne,8,False,,,,,
Enicospilus insularis,,Insect,1,Canberra–Queanbeyan,16,False,,,,,
Enicospilus lineolatus,,Insect,3,Brisbane | Canberra–Queanbeyan | Melbourne,9,False,,,,,
Enicospilus morleyi,,Insect,1,Brisbane,2,False,,,,,
Enicospilus nigrinervis,,Insect,1,Brisbane,4,False,,,,,
Enicospilus pulkus,,Insect,1,Melbourne,6,False,,,,,
Enicospilus sausi,,Insect,4,Brisbane | Hobart | Melbourne | Sydney,15,False,,,,,
Enicospilus skeltonii,,Insect,3,Adelaide | Canberra–Queanbeyan | Melbourne,13,False,,,,,
Enispa niviceps,,Insect,1,Brisbane,1,False,,,,,
Enispa parva,,Insect,1,Brisbane,3,False,,,,,
Enispa violacea,,Insect,2,Brisbane | Sydney,4,False,,,,,
Enithares woodwardi,Backswimmer,Insect,2,Brisbane | Melbourne,3,False,,,,,
Enneboeus ovalis,Cryptic Fungus Beetle,Insect,1,Hobart,1,False,,,,,
Ennometes ruficornis,,Insect,1,Sydney,1,False,,,,,
Ennothus fallax,,Insect,1,Perth,1,False,,,,,
Enoplidia simplex,Concealer Moth,Insect,3,Brisbane | Melbourne | Sydney,12,False,,,,,
Entedon magnificus,,Insect,1,Hobart,1,False,,,,,
Enteles vigorsii,,Insect,1,Brisbane,2,False,,,,,
Entometa apicalis,Lappet Moth,Insect,4,Brisbane | Canberra–Queanbeyan | Melbourne | Sydney,12,False,,,,,
Entometa decorata,,Insect,1,Canberra–Queanbeyan,1,False,,,,,
Entometa fervens,Gum Snout Moth,Insect,6,Adelaide | Brisbane | Canberra–Queanbeyan | Melbourne | Perth | Sydney,149,False,,,,,
Entometa guttularis,Boxtree Moth,Insect,2,Brisbane | Perth,12,False,,,,,
Entomyzon cyanotis,Blue-faced Honeyeater,Bird,6,Adelaide | Brisbane | Canberra–Queanbeyan | Darwin | Melbourne | Sydney,56266,False,,,,,
Eochrois acutella,,Insect,1,Brisbane,1,False,,,,,
Eochrois callianassa,Concealer Moth,Insect,1,Hobart,4,False,,,,,
Eochrois caminias,,Insect,1,Perth,1,False,,,,,
Eochrois dejunctella,Concealer Moth,Insect,2,Canberra–Queanbeyan | Melbourne,5,False,,,,,
Eochrois epidesma,Concealer Moth,Insect,3,Melbourne | Perth | Sydney,20,False,,,,,
Eochrois sarcoxantha,Concealer Moth,Insect,1,Canberra–Queanbeyan,1,False,,,,,
Eolophus roseicapilla,Galah,Bird,8,Adelaide | Brisbane | Canberra–Queanbeyan | Darwin | Hobart | Melbourne | Perth | Sydney,234283,False,,,,,
Eomenopon denticulatum,,Insect,1,Sydney,2,False,,,,,
Eoophyla argyrilinale,,Insect,1,Darwin,1,False,,,,,
Eopsaltria australis,Eastern Yellow Robin,Bird,5,Adelaide | Brisbane | Canberra–Queanbeyan | Melbourne | Sydney,42038,False,,,,,
Eopsaltria griseogularis,Western Yellow Robin,Bird,1,Perth,173,False,,,,,
Epallia exigua,,Insect,1,Brisbane,1,False,,,,,
Epamoebus ziczac,,Insect,4,Brisbane | Canberra–Queanbeyan | Hobart | Melbourne,24,False,,,,,
Epargemus marmoratus,Beetle,Insect,1,Melbourne,2,False,,,,,
Epermenia exilis,,Insect,4,Adelaide | Canberra–Queanbeyan | Melbourne | Sydney,30,False,,,,,
Ephestia elutella,Tobacco Moth,Insect,3,Canberra–Queanbeyan | Hobart | Melbourne,11,False,,,,,
Ephestia kuehniella,Snout Moth,Insect,3,Darwin | Hobart | Perth,4,False,,,,,
Ephestiopsis oenobarella,,Insect,7,Adelaide | Brisbane | Canberra–Queanbeyan | Hobart | Melbourne | Perth | Sydney,161,False,,,,,
Ephippiorhynchus asiaticus,Black-necked Stork,Bird,4,Brisbane | Darwin | Melbourne | Sydney,2555,False,,,,,
Ephippitytha froggatti,,Insect,1,Sydney,60,False,,,,,
Ephippitytha maculata,,Insect,3,Adelaide | Melbourne | Sydney,4,False,,,,,
Ephippitytha trigintiduoguttata,Mottled Katydid,Insect,3,Adelaide | Brisbane | Sydney,213,False,,,,,
Ephrycus obliquus,,Insect,4,Brisbane | Hobart | Melbourne | Sydney,9,False,,,,,
Ephutomorpha albosignata,,Insect,1,Adelaide,1,False,,,,,
Ephutomorpha amoena,,Insect,1,Brisbane,1,False,,,,,
Ephutomorpha aurata,,Insect,1,Canberra–Queanbeyan,1,False,,,,,
Ephutomorpha blanda,,Insect,1,Hobart,4,False,,,,,
Ephutomorpha cordatiformis,,Insect,1,Hobart,2,False,,,,,
Ephutomorpha elegans,,Insect,1,Hobart,2,False,,,,,
Ephutomorpha emeraldiana,,Insect,1,Melbourne,1,False,,,,,
Ephutomorpha excerpta,,Insect,1,Perth,1,False,,,,,
Ephutomorpha ferruginata,,Insect,2,Melbourne | Sydney,15,False,,,,,
Ephutomorpha fulvocrinita,,Insect,1,Perth,1,False,,,,,
Ephutomorpha laetabilis,,Insect,1,Melbourne,1,False,,,,,
Ephutomorpha lateralis,,Insect,1,Hobart,8,False,,,,,
Ephutomorpha picta,,Insect,2,Melbourne | Sydney,38,False,,,,,
Ephutomorpha porrecticeps,,Insect,1,Melbourne,6,False,,,,,
Ephutomorpha princeps,,Insect,1,Brisbane,2,False,,,,,
Ephutomorpha pulchella,,Insect,3,Adelaide | Brisbane | Sydney,3,False,,,,,
Ephutomorpha sanguineiceps,,Insect,2,Adelaide | Brisbane,3,False,,,,,
Ephutomorpha venusta,,Insect,1,Perth,3,False,,,,,
Ephysteris promptella,,Insect,3,Brisbane | Canberra–Queanbeyan | Sydney,6,False,,,,,
Ephysteris subdiminutella,,Insect,1,Perth,1,False,,,,,
Epiblema strenuana,,Insect,3,Brisbane | Canberra–Queanbeyan | Melbourne,32,False,,,,,
Epicephala acrobaphes,,Insect,1,Brisbane,6,False,,,,,
Epicephala albistriatella,,Insect,1,Brisbane,2,False,,,,,
Epicephala trigonophora,,Insect,2,Brisbane | Sydney,32,False,,,,,
Epicoma contristis,Moth,Insect,6,Adelaide | Brisbane | Canberra–Queanbeyan | Hobart | Melbourne | Sydney,328,False,,,,,
Epicoma dispar,Moth,Insect,1,Darwin,2,False,,,,,
Epicoma melanospila,Black Spot Moth,Insect,5,Brisbane | Canberra–Queanbeyan | Hobart | Melbourne | Sydney,329,False,,,,,
Epicoma melanosticta,Common Epicoma Moth,Insect,5,Adelaide | Brisbane | Canberra–Queanbeyan | Melbourne | Perth,38,False,,,,,
Epicoma phoenura,,Insect,1,Darwin,1,False,,,,,
Epicoma pontificalis,Moth,Insect,4,Brisbane | Hobart | Melbourne | Sydney,8,False,,,,,
Epicoma protrahens,Moth,Insect,2,Brisbane | Sydney,105,False,,,,,
Epicoma tristis,Moth,Insect,6,Adelaide | Brisbane | Canberra–Queanbeyan | Hobart | Melbourne | Sydney,14,False,,,,,
Epicoma zelotes,,Insect,1,Adelaide,1,False,,,,,
Epicompsa xanthocrossa,Geometer Moth,Insect,2,Adelaide | Canberra–Queanbeyan,8,False,,,,,
Epicrocis metallopa,,Insect,1,Darwin,4,False,,,,,
Epicurica laetiferanus,Concealer Moth,Insect,3,Brisbane | Melbourne | Sydney,20,False,,,,,
Epicyme rubropunctaria,Geometer Moth,Insect,7,Adelaide | Brisbane | Canberra–Queanbeyan | Hobart | Melbourne | Perth | Sydney,837,False,,,,,
Epicyrtica docima,Owlet Moth,Insect,1,Melbourne,5,False,,,,,
Epicyrtica lathridia,Owlet Moth,Insect,1,Adelaide,5,False,,,,,
Epicyrtica leucostigma,Owlet Moth,Insect,1,Melbourne,2,False,,,,,
Epicyrtica lichenophora,Owlet Moth,Insect,1,Adelaide,2,False,,,,,
Epicyrtica metallica,,Insect,1,Sydney,3,False,,,,,
Epicyrtica oostigma,,Insect,1,Perth,4,False,,,,,
Epidesmia brachygrammella,Geometer Moth,Insect,1,Sydney,1,False,,,,,
Epidesmia chilonaria,Triangular Moth,Insect,4,Brisbane | Canberra–Queanbeyan | Melbourne | Sydney,378,False,,,,,
Epidesmia hypenaria,Geometer Moth,Insect,4,Canberra–Queanbeyan | Hobart | Melbourne | Sydney,175,False,,,,,
Epidesmia oxyderces,,Insect,1,Sydney,2,False,,,,,
Epidesmia perfabricata,Geometer Moth,Insect,4,Brisbane | Canberra–Queanbeyan | Melbourne | Sydney,23,False,,,,,
Epidesmia reservata,,Insect,1,Brisbane,7,False,,,,,
Epidesmia tricolor,Geometer Moth,Insect,1,Sydney,10,False,,,,,
Epidesmia tryxaria,Geometer Moth,Insect,4,Brisbane | Canberra–Queanbeyan | Melbourne | Sydney,935,False,,,,,
Epilachna sumbana,,Insect,1,Canberra–Queanbeyan,30,False,,,,,
Epilachna vigintioctopunctata,28-spotted Potato Ladybird,Insect,3,Brisbane | Canberra–Queanbeyan | Sydney,42,False,,,,,
Epilachna vigintisexpunctata,,Insect,2,Brisbane | Sydney,3,False,,,,,
Epimixia allocasuarina,,Insect,2,Adelaide | Melbourne,2,False,,,,,
Epimixia veteris,,Insect,1,Brisbane,1,False,,,,,
Epiona kirejtshuki,,Insect,1,Melbourne,1,False,,,,,
Epiphragma hardyi,Crane Fly,Insect,1,Melbourne,22,False,,,,,
Epiphragma meridionalis,Crane Fly,Insect,1,Melbourne,12,False,,,,,
Epiphyas ashworthana,Leafroller Moth,Insect,2,Canberra–Queanbeyan | Melbourne,39,False,,,,,
Epiphyas asthenopis,Leafroller Moth,Insect,2,Canberra–Queanbeyan | Melbourne,7,False,,,,,
Epiphyas aulacana,,Insect,1,Canberra–Queanbeyan,1,False,,,,,
Epiphyas caryotis,,Insect,2,Canberra–Queanbeyan | Hobart,20,False,,,,,
Epiphyas dotatana,Leafroller Moth,Insect,3,Adelaide | Canberra–Queanbeyan | Melbourne,9,False,,,,,
Epiphyas eucyrta,,Insect,1,Melbourne,1,False,,,,,
Epiphyas fabricata,Leafroller Moth,Insect,1,Melbourne,1,False,,,,,
Epiphyas haematodes,,Insect,1,Melbourne,1,False,,,,,
Epiphyas lypra,,Insect,1,Perth,1,False,,,,,
Epiphyas peloxythana,Leafroller Moth,Insect,1,Melbourne,3,False,,,,,
Epiphyas postvittana,Light Brown Apple Moth,Insect,7,Adelaide | Brisbane | Canberra–Queanbeyan | Hobart | Melbourne | Perth | Sydney,764,False,,,,,
Epiphyas sobrina,,Insect,1,Melbourne,1,False,,,,,
Epiphyas xylodes,,Insect,4,Canberra–Queanbeyan | Hobart | Melbourne | Sydney,15,False,,,,,
Epiplema quadristrigata,,Insect,1,Brisbane,1,False,,,,,
Epipristis oxyodonta,,Insect,1,Darwin,1,False,,,,,
Episcaphula australis,,Insect,4,Brisbane | Canberra–Queanbeyan | Melbourne | Sydney,70,False,,,,,
Episcaphula duplopunctata,,Insect,3,Brisbane | Darwin | Sydney,8,False,,,,,
Episcaphula pictipennis,,Insect,3,Brisbane | Hobart | Sydney,33,False,,,,,
Episcaphula rudepunctata,,Insect,1,Brisbane,2,False,,,,,
Episynlestes albicauda,Southern Whitetip,Insect,1,Brisbane,7,False,,,,,
Episyrphus alternans,,Insect,1,Brisbane,1,False,,,,,
Episyrphus glaber,,Insect,1,Sydney,2,False,,,,,
Episyrphus viridaureus,,Insect,4,Brisbane | Darwin | Melbourne | Sydney,239,False,,,,,
Epithetica typhoscia,,Insect,1,Sydney,1,False,,,,,
Epithora dorsalis,,Insect,5,Adelaide | Canberra–Queanbeyan | Hobart | Melbourne | Sydney,55,False,,,,,
Epithymema helias,,Insect,1,Sydney,3,False,,,,,
Epithymema incomposita,Concealer Moth,Insect,3,Canberra–Queanbeyan | Melbourne | Sydney,319,False,,,,,
Epitranus teleute,,Insect,1,Melbourne,1,False,,,,,
Epitymbia alaudana,,Insect,5,Brisbane | Canberra–Queanbeyan | Hobart | Melbourne | Sydney,189,False,,,,,
Epitymbia cosmota,,Insect,2,Canberra–Queanbeyan | Melbourne,8,False,,,,,
Epitymbia isoscelana,,Insect,1,Melbourne,19,False,,,,,
Epitymbia scotinopa,Leafroller Moth,Insect,3,Hobart | Melbourne | Sydney,7,False,,,,,
Epopostruma curiosa,,Insect,1,Brisbane,2,False,,,,,
Epopostruma monstrosa,Ant,Insect,1,Brisbane,6,False,,,,,
Epopostruma quadrispinosa,Ant,Insect,2,Brisbane | Sydney,3,False,,,,,
Epopostruma wardi,,Insect,1,Canberra–Queanbeyan,1,False,,,,,
Epsilon chartergiforme,,Insect,2,Brisbane | Sydney,27,False,,,,,
Epthianura albifrons,White-fronted Chat,Bird,6,Adelaide | Canberra–Queanbeyan | Hobart | Melbourne | Perth | Sydney,3105,False,,,,,
Epthianura crocea,Yellow Chat,Bird,1,Darwin,28,False,,,,,
Epthianura tricolor,Crimson Chat,Bird,2,Melbourne | Sydney,24,False,,,,,
Epuraea imperialis,,Insect,2,Hobart | Melbourne,3,False,,,,,
Epuraea ocularis,,Insect,1,Sydney,1,False,,,,,
Epyaxa agelasta,Geometer Moth,Insect,3,Adelaide | Hobart | Melbourne,24,False,,,,,
Epyaxa centroneura,Geometer Moth,Insect,2,Melbourne | Sydney,3,False,,,,,
Epyaxa hyperythra,Moth,Insect,1,Adelaide,1,False,,,,,
Epyaxa sodaliata,Geometer Moth,Insect,7,Adelaide | Brisbane | Canberra–Queanbeyan | Hobart | Melbourne | Perth | Sydney,893,False,,,,,
Epyaxa subidaria,Subidaria Moth,Insect,7,Adelaide | Brisbane | Canberra–Queanbeyan | Hobart | Melbourne | Perth | Sydney,609,False,,,,,
Equus asinus,Donkey,Mammal,1,Sydney,2,False,,,,,
Equus caballus,Horse,Mammal,4,Adelaide | Brisbane | Melbourne | Sydney,53,False,,,,,
Ercheia dubia,,Insect,1,Brisbane,15,False,,,,,
Erebus crepuscularis,,Insect,1,Darwin,2,False,,,,,
Erebus terminitincta,,Insect,1,Brisbane,54,False,,,,,
Erechthias acontistes,,Insect,2,Brisbane | Canberra–Queanbeyan,10,False,,,,,
Erechthias acontotypa,,Insect,1,Brisbane,2,False,,,,,
Erechthias citrinopa,,Insect,1,Brisbane,5,False,,,,,
Erechthias diaphora,,Insect,1,Melbourne,2,False,,,,,
Erechthias elaeorrhoa,,Insect,1,Canberra–Queanbeyan,1,False,,,,,
Erechthias epomadia,,Insect,1,Brisbane,3,False,,,,,
Erechthias mystacinella,,Insect,5,Brisbane | Canberra–Queanbeyan | Hobart | Melbourne | Sydney,33,False,,,,,
Erechthias orchestris,,Insect,1,Brisbane,2,False,,,,,
Erechthias oxymacha,,Insect,1,Melbourne,3,False,,,,,
Erechthias simulans,,Insect,1,Brisbane,31,False,,,,,
Erechthias zebrina,,Insect,2,Brisbane | Sydney,21,False,,,,,
Eremiascincus douglasi,Orange-sided Bar-lipped Skink,Reptile,1,Darwin,36,False,,,,,
Eremnotypa steriphota,Concealer Moth,Insect,2,Canberra–Queanbeyan | Sydney,2,False,,,,,
Eremnozona straminea,,Insect,1,Brisbane,2,False,,,,,
Eremochroa alphitias,Owlet Moth,Insect,2,Canberra–Queanbeyan | Sydney,5,False,,,,,
Eremococcus pirogallis,,Insect,2,Brisbane | Sydney,4,False,,,,,
Eremococcus turbinatus,,Insect,1,Hobart,2,False,,,,,
Eressa angustipenna,,Insect,2,Brisbane | Sydney,96,False,,,,,
Eressa geographica,,Insect,2,Brisbane | Sydney,62,False,,,,,
Eressa megalospilia,,Insect,1,Darwin,1,False,,,,,
Eretes australis,Diving Beetle,Insect,3,Adelaide | Melbourne | Sydney,5,False,,,,,
Eretmocera coracopis,,Insect,2,Canberra–Queanbeyan | Melbourne,4,False,,,,,
Eretmochelys imbricata,Hawksbill Turtle,Reptile,2,Darwin | Sydney,46,True,Vulnerable,Eretmochelys imbricata,Eretmochelys imbricata,Hawksbill Turtle,2000-07-16
Eretmopus marinaria,,Insect,1,Darwin,1,False,,,,,
Erga longitudinalis,,Insect,1,Brisbane,20,False,,,,,
Ericeia goniosema,,Insect,1,Brisbane,1,False,,,,,
Ericeia pertendens,,Insect,1,Brisbane,3,False,,,,,
Ericeia plaesiodes,,Insect,1,Brisbane,13,False,,,,,
Ericeia sobria,Owlet Moth,Insect,1,Brisbane,17,False,,,,,
Ericeia subsignata,Owlet Moth,Insect,4,Adelaide | Brisbane | Melbourne | Sydney,10,False,,,,,
Ericibdela delotis,,Insect,5,Adelaide | Brisbane | Canberra–Queanbeyan | Perth | Sydney,41,False,,,,,
Ericmodes australis,,Insect,1,Melbourne,3,False,,,,,
Ericrypsina chorodoxa,Concealer Moth,Insect,4,Adelaide | Canberra–Queanbeyan | Melbourne | Sydney,13,False,,,,,
Eridolera leucostephes,,Insect,1,Brisbane,2,False,,,,,
Erilla turneri,,Insect,2,Brisbane | Sydney,58,False,,,,,
Erina acasta,Blotched Blue,Insect,5,Adelaide | Canberra–Queanbeyan | Hobart | Melbourne | Perth,65,False,,,,,
Erina erina,Small Dusky-blue,Insect,2,Brisbane | Darwin,216,False,,,,,
Erina hyacinthina,Common Dusky Blue,Insect,6,Adelaide | Brisbane | Canberra–Queanbeyan | Melbourne | Perth | Sydney,523,False,,,,,
Eriosoma lanigerum,Woolly Aphid,Insect,5,Adelaide | Brisbane | Canberra–Queanbeyan | Melbourne | Sydney,31,False,,,,,
Eriostethus minimus,,Insect,1,Melbourne,1,False,,,,,
Eriostethus perkinsi,,Insect,3,Brisbane | Melbourne | Sydney,39,False,,,,,
Eristalinus aeneus,,Insect,3,Adelaide | Melbourne | Perth,9,False,,,,,
Eristalinus aurulans,,Insect,1,Brisbane,17,False,,,,,
Eristalinus hervebazini,,Insect,2,Brisbane | Darwin,6,False,,,,,
Eristalinus punctulatus,Native Drone Fly,Insect,6,Adelaide | Brisbane | Canberra–Queanbeyan | Melbourne | Perth | Sydney,899,False,,,,,
Eristalis tenax,Drone Fly,Insect,6,Adelaide | Canberra–Queanbeyan | Hobart | Melbourne | Perth | Sydney,856,False,,,,,
Eristalopsis parva,,Insect,1,Darwin,1,False,,,,,
Erithionyx lanosus,,Insect,1,Brisbane,1,False,,,,,
Ernobius mollis,Pine Bark Anobiid Beetle,Insect,2,Hobart | Melbourne,7,False,,,,,
Ernophthora milicha,,Insect,2,Brisbane | Sydney,2,False,,,,,
Eroschema affine,,Insect,1,Brisbane,1,False,,,,,
Eroschema atricolle,,Insect,2,Perth | Sydney,8,False,,,,,
Eroschema poweri,,Insect,3,Brisbane | Canberra–Queanbeyan | Melbourne,10,False,,,,,
Eroticoscincus graciloides,Elf Skink,Reptile,1,Brisbane,8,False,,,,,
Erysichton lineatus,Hairy Lineblue,Insect,2,Brisbane | Sydney,136,False,,,,,
Erythrogonys cinctus,Red-kneed Dotterel,Bird,7,Adelaide | Brisbane | Canberra–Queanbeyan | Darwin | Melbourne | Perth | Sydney,10461,False,,,,,
Erythropogon ichneumoniformis,Robber Fly,Insect,1,Melbourne,1,False,,,,,
Erythrotriorchis radiatus,Red Goshawk,Bird,1,Darwin,1,True,Endangered,Erythrotriorchis radiatus,Erythrotriorchis radiatus,Red Goshawk,2023-03-31
Esacus magnirostris,Beach Stone-curlew,Bird,3,Brisbane | Darwin | Sydney,1314,False,,,,,
Escalonia loxleyae,,Insect,1,Brisbane,3,False,,,,,
Essigella californica,Aphid,Insect,1,Melbourne,1,False,,,,,
Essisus dispar,,Insect,1,Brisbane,6,False,,,,,
Esthlodora variabilis,,Insect,1,Brisbane,3,False,,,,,
Esthlodora versicolor,,Insect,2,Brisbane | Sydney,51,False,,,,,
Etanna albisecta,,Insect,1,Brisbane,2,False,,,,,
Etanna breviuscula,,Insect,2,Brisbane | Darwin,40,False,,,,,
Etanna clopaea,,Insect,4,Brisbane | Canberra–Queanbeyan | Melbourne | Sydney,77,False,,,,,
Ethaltomarus terraereginae,,Insect,1,Brisbane,2,False,,,,,
Ethemaia sellata,Greybanded Leaf Weevil,Insect,3,Adelaide | Canberra–Queanbeyan | Melbourne,10,False,,,,,
Ethmia anthracopis,,Insect,1,Perth,1,False,,,,,
Ethmia clytodoxa,,Insect,3,Brisbane | Canberra–Queanbeyan | Sydney,37,False,,,,,
Ethmia eupostica,Moth,Insect,3,Adelaide | Canberra–Queanbeyan | Melbourne,22,False,,,,,
Ethmia heptasema,,Insect,2,Brisbane | Sydney,4,False,,,,,
Ethmia nigroapicella,,Insect,1,Darwin,1,False,,,,,
Ethmia postica,,Insect,1,Brisbane,1,False,,,,,
Ethmia praeclara,,Insect,1,Brisbane,1,False,,,,,
Ethmia sphaerosticha,,Insect,1,Brisbane,3,False,,,,,
Ethneca bakewellii,Beetle,Insect,1,Melbourne,1,False,,,,,
Ethonion fissiceps,,Insect,1,Sydney,1,False,,,,,
Ethonion reichei,,Insect,2,Canberra–Queanbeyan | Melbourne,4,False,,,,,
Etiella behrii,Lucerne Seed Web Moth,Insect,6,Adelaide | Brisbane | Canberra–Queanbeyan | Melbourne | Perth | Sydney,597,False,,,,,
Etiella chrysoporella,Grass Moth,Insect,4,Adelaide | Melbourne | Perth | Sydney,36,False,,,,,
Etiella scitivittalis,,Insect,1,Brisbane,1,False,,,,,
Etiella zinckenella,,Insect,4,Adelaide | Brisbane | Canberra–Queanbeyan | Darwin,16,False,,,,,
Euander lacertosus,Strawberry Bug,Insect,7,Adelaide | Brisbane | Canberra–Queanbeyan | Hobart | Melbourne | Perth | Sydney,68,False,,,,,
Euander multicoloratus,,Insect,1,Perth,1,False,,,,,
Euaresta bullans,The Bathurst Burr Fly,Insect,2,Canberra–Queanbeyan | Melbourne,4,False,,,,,
Euaulana tasmaniae,,Insect,1,Hobart,1,False,,,,,
Eubalaena australis,Southern Right Whale,Mammal,3,Adelaide | Perth | Sydney,23,True,Endangered,Eubalaena australis,Eubalaena australis,Southern Right Whale,2000-07-16
Eublemma cochylioides,Eublemma Moth,Insect,6,Brisbane | Canberra–Queanbeyan | Darwin | Melbourne | Perth | Sydney,145,False,,,,,
Eublemma inconspicua,Owlet Moth,Insect,6,Adelaide | Brisbane | Canberra–Queanbeyan | Melbourne | Perth | Sydney,74,False,,,,,
Eublemma leucodesma,Owlet Moth,Insect,1,Darwin,4,False,,,,,
Eublemma lozostropha,,Insect,1,Darwin,3,False,,,,,
Eublemma rivula,Owlet Moth,Insect,2,Brisbane | Darwin,2,False,,,,,
Eublemma roseana,,Insect,2,Brisbane | Darwin,31,False,,,,,
Eublemma vestalis,,Insect,1,Darwin,2,False,,,,,
Euborellia annulipes,Ring-legged Earwig,Insect,6,Adelaide | Brisbane | Hobart | Melbourne | Perth | Sydney,101,False,,,,,
Eucalymnatus tessellatus,Palm Scale,Insect,5,Adelaide | Brisbane | Melbourne | Perth | Sydney,32,False,,,,,
Eucalyptolyma maideni,,Insect,6,Adelaide | Brisbane | Canberra–Queanbeyan | Melbourne | Perth | Sydney,177,False,,,,,
Euceraphis betulae,European Birch Aphid,Insect,2,Canberra–Queanbeyan | Melbourne,4,False,,,,,
Euchaetis crypsichroa,Concealer Moth,Insect,1,Brisbane,3,False,,,,,
Euchaetis habrocosma,Concealer Moth,Insect,2,Canberra–Queanbeyan | Perth,2,False,,,,,
Euchaetis holoclera,,Insect,1,Perth,4,False,,,,,
Euchaetis incarnatella,,Insect,2,Canberra–Queanbeyan | Sydney,3,False,,,,,
Euchaetis inceptella,Concealer Moth,Insect,7,Adelaide | Brisbane | Canberra–Queanbeyan | Hobart | Melbourne | Perth | Sydney,65,False,,,,,
Euchaetis inclusella,,Insect,1,Sydney,2,False,,,,,
Euchaetis iospila,Concealer Moth,Insect,1,Melbourne,5,False,,,,,
Euchaetis metallota,Concealer Moth,Insect,4,Brisbane | Melbourne | Perth | Sydney,72,False,,,,,
Euchaetis parthenopa,Concealer Moth,Insect,1,Sydney,1,False,,,,,
Euchaetis rhizobola,Concealer Moth,Insect,5,Adelaide | Brisbane | Canberra–Queanbeyan | Melbourne | Sydney,111,False,,,,,
Euchaetis rhodochila,,Insect,1,Sydney,3,False,,,,,
Euchaetis rufogrisea,Concealer Moth,Insect,1,Melbourne,1,False,,,,,
Euchromius cornus,Grass Moth,Insect,1,Brisbane,1,False,,,,,
Euchrysops cnejus,Five-spotted Pea-blue,Insect,2,Brisbane | Darwin,45,False,,,,,
Euciodes suturalis,Beetle,Insect,5,Adelaide | Canberra–Queanbeyan | Hobart | Melbourne | Sydney,18,False,,,,,
Euclasta maceratalis,,Insect,1,Darwin,1,False,,,,,
Euclimacia nuchalis,,Insect,1,Brisbane,2,False,,,,,
Euclimacia torquata,,Insect,1,Brisbane,3,False,,,,,
Eucosmogastra poetica,,Insect,1,Darwin,14,False,,,,,
Eucrostes disparata,,Insect,1,Brisbane,2,False,,,,,
Eucyclodes buprestaria,Bordered Emerald,Insect,4,Hobart | Melbourne | Perth | Sydney,22,False,,,,,
Eucyclodes fascinans,,Insect,1,Brisbane,2,False,,,,,
Eucyclodes insperata,Geometer Moth,Insect,4,Brisbane | Hobart | Melbourne | Sydney,101,False,,,,,
Eucyclodes metaspila,Inscribed Emerald,Insect,2,Brisbane | Sydney,72,False,,,,,
Eucyclodes pieroides,,Insect,3,Brisbane | Darwin | Sydney,100,False,,,,,
Eucymatoge scotodes,,Insect,6,Adelaide | Canberra–Queanbeyan | Hobart | Melbourne | Perth | Sydney,152,False,,,,,
Eudaimonisma batchelorella,,Insect,1,Brisbane,8,False,,,,,
Eudelodes bicolor,,Insect,1,Brisbane,6,False,,,,,
Eudesmeola lawsoni,Owlet Moth,Insect,6,Adelaide | Brisbane | Canberra–Queanbeyan | Melbourne | Perth | Sydney,186,False,,,,,
Eudocima fullonia,,Insect,2,Brisbane | Melbourne,5,False,,,,,
Eudocima iridescens,,Insect,1,Brisbane,1,False,,,,,
Eudocima materna,Owlet Moth,Insect,5,Adelaide | Brisbane | Darwin | Perth | Sydney,26,False,,,,,
Eudocima salaminia,Owlet Moth,Insect,2,Brisbane | Sydney,68,False,,,,,
Eudonia anthracias,,Insect,4,Canberra–Queanbeyan | Hobart | Melbourne | Sydney,7,False,,,,,
Eudonia aphrodes,Grass Moth,Insect,3,Hobart | Melbourne | Sydney,75,False,,,,,
Eudonia cleodoralis,,Insect,5,Adelaide | Canberra–Queanbeyan | Hobart | Melbourne | Sydney,573,False,,,,,
Eudonia epicryma,,Insect,2,Canberra–Queanbeyan | Hobart,2,False,,,,,
Eudonia protorthra,Grass Moth,Insect,3,Canberra–Queanbeyan | Melbourne | Sydney,62,False,,,,,
Eudynamys orientalis,Eastern Koel,Bird,6,Adelaide | Brisbane | Canberra–Queanbeyan | Darwin | Melbourne | Sydney,47189,False,,,,,
Eudyptes chrysocome,,Bird,1,Sydney,1,False,,,,,
Eudyptes chrysolophus,Royal Penguin,Bird,1,Hobart,20,False,,,,,
Eudyptes pachyrhynchus,Fiordland Penguin,Bird,1,Melbourne,1,False,,,,,
Eudyptula minor,Little Penguin,Bird,5,Adelaide | Hobart | Melbourne | Perth | Sydney,871,False,,,,,
Eufairmairiella curvicaudus,,Insect,1,Canberra–Queanbeyan,1,False,,,,,
Eufroggattia tuberculata,Shield Bug,Insect,2,Brisbane | Sydney,8,False,,,,,
Eugreeniella pulchra,Scale Insect,Insect,1,Melbourne,5,False,,,,,
Euhesma bronzus,,Insect,1,Perth,2,False,,,,,
Euhesma neglectula,,Insect,1,Sydney,13,False,,,,,
Euhesma nitidifrons,,Insect,2,Canberra–Queanbeyan | Melbourne,3,False,,,,,
Euhesma tubulifera,,Insect,1,Perth,6,False,,,,,
Eulabeornis castaneoventris,Chestnut Rail,Bird,1,Darwin,306,False,,,,,
Eulamprus heatwolei,Yellow-bellied Water-skink,Reptile,3,Canberra–Queanbeyan | Melbourne | Sydney,73,False,,,,,
Eulamprus quoyii,Eastern Water-skink,Reptile,6,Adelaide | Brisbane | Canberra–Queanbeyan | Melbourne | Perth | Sydney,4520,False,,,,,
Eulamprus tympanum,Southern Water Skink,Reptile,3,Adelaide | Melbourne | Sydney,320,False,,,,,
Eulechria absona,,Insect,1,Brisbane,2,False,,,,,
Eulechria acrotropa,,Insect,2,Brisbane | Sydney,47,False,,,,,
Eulechria atmospila,,Insect,1,Brisbane,1,False,,,,,
Eulechria aureola,,Insect,1,Sydney,11,False,,,,,
Eulechria autographa,,Insect,1,Sydney,3,False,,,,,
Eulechria basiplaga,,Insect,2,Brisbane | Sydney,32,False,,,,,
Eulechria callidesma,Concealer Moth,Insect,2,Melbourne | Sydney,9,False,,,,,
Eulechria capsellata,Concealer Moth,Insect,1,Melbourne,1,False,,,,,
Eulechria chrysozona,,Insect,1,Canberra–Queanbeyan,1,False,,,,,
Eulechria clytophanes,,Insect,1,Brisbane,1,False,,,,,
Eulechria convictella,,Insect,3,Canberra–Queanbeyan | Melbourne | Sydney,24,False,,,,,
Eulechria drosocapna,Concealer Moth,Insect,1,Sydney,3,False,,,,,
Eulechria electrodes,Concealer Moth,Insect,2,Canberra–Queanbeyan | Sydney,15,False,,,,,
Eulechria encratodes,,Insect,2,Brisbane | Sydney,15,False,,,,,
Eulechria heliophanes,Concealer Moth,Insect,2,Canberra–Queanbeyan | Sydney,12,False,,,,,
Eulechria hemisphaerica,,Insect,1,Brisbane,115,False,,,,,
Eulechria hilda,,Insect,1,Brisbane,1,False,,,,,
Eulechria lunata,,Insect,1,Canberra–Queanbeyan,1,False,,,,,
Eulechria malacostola,,Insect,1,Brisbane,1,False,,,,,
Eulechria marmorata,,Insect,1,Brisbane,477,False,,,,,
Eulechria melesella,Concealer Moth,Insect,2,Hobart | Melbourne,2,False,,,,,
Eulechria ophiodes,Concealer Moth,Insect,1,Canberra–Queanbeyan,6,False,,,,,
Eulechria pantelella,,Insect,1,Brisbane,1,False,,,,,
Eulechria pentamera,Concealer Moth,Insect,2,Melbourne | Sydney,13,False,,,,,
Eulechria pentatypa,,Insect,1,Sydney,2,False,,,,,
Eulechria phaeina,,Insect,1,Brisbane,3,False,,,,,
Eulechria platyrrhabda,,Insect,2,Brisbane | Sydney,2,False,,,,,
Eulechria psilopla,Concealer Moth,Insect,1,Sydney,1,False,,,,,
Eulechria rhymodes,,Insect,2,Brisbane | Sydney,7,False,,,,,
Eulechria sigmophora,Concealer Moth,Insect,2,Melbourne | Sydney,7,False,,,,,
Eulechria suffusa,,Insect,3,Canberra–Queanbeyan | Melbourne | Sydney,7,False,,,,,
Eulechria syngenes,,Insect,1,Brisbane,2,False,,,,,
Eulechria tanysticha,Concealer Moth,Insect,2,Melbourne | Sydney,2,False,,,,,
Eulechria thermochroa,,Insect,1,Brisbane,1,False,,,,,
Eulechria triferella,,Insect,2,Brisbane | Sydney,78,False,,,,,
Eulechria xeropterella,Concealer Moth,Insect,4,Brisbane | Canberra–Queanbeyan | Melbourne | Sydney,9,False,,,,,
Eulina curtisii,,Insect,2,Melbourne | Sydney,4,False,,,,,
Euloxia meandraria,Two-lined Emerald,Insect,1,Hobart,10,False,,,,,
Euloxia meracula,,Insect,1,Adelaide,1,False,,,,,
Euloxia pyropa,Unadorned Emerald,Insect,1,Sydney,1,False,,,,,
Eumelea rosalia,,Insect,1,Brisbane,74,False,,,,,
Eumerus argyrogaster,,Insect,1,Sydney,2,False,,,,,
Eumerus aurifrons,,Insect,1,Brisbane,2,False,,,,,
Eumerus latipes,,Insect,3,Hobart | Melbourne | Perth,3,False,,,,,
Eumerus obliquus,,Insect,7,Adelaide | Brisbane | Canberra–Queanbeyan | Darwin | Melbourne | Perth | Sydney,123,False,,,,,
Eumerus peltatus,,Insect,2,Brisbane | Perth,3,False,,,,,
Eumeta variegatus,,Insect,1,Darwin,1,False,,,,,
Eunatalis fasciata,,Insect,1,Brisbane,1,False,,,,,
Eunatalis ninae,,Insect,1,Sydney,5,False,,,,,
Eunatalis planipennis,,Insect,1,Hobart,2,False,,,,,
Eunatalis porcata,Clerid Beetle,Insect,3,Adelaide | Hobart | Melbourne,13,False,,,,,
Euodynerus angulatus,,Insect,1,Adelaide,1,False,,,,,
Euodynerus aspra,,Insect,2,Brisbane | Sydney,7,False,,,,,
Euomma amoena,,Insect,1,Melbourne,1,False,,,,,
Euomma lateralis,,Insect,5,Adelaide | Brisbane | Canberra–Queanbeyan | Melbourne | Sydney,59,False,,,,,
Euomus insculptus,,Insect,1,Perth,3,False,,,,,
Euomus scorpio,,Insect,1,Perth,1,False,,,,,
Euoniticellus fulvus,,Insect,3,Adelaide | Canberra–Queanbeyan | Melbourne,7,False,,,,,
Euoniticellus intermedius,Northern Sandy Dung Beetle,Insect,2,Adelaide | Brisbane,2,False,,,,,
Euops falcatus,,Insect,1,Melbourne,28,False,,,,,
Euops victoriensis,,Insect,1,Melbourne,1,False,,,,,
Eupanacra splendens,,Insect,3,Brisbane | Melbourne | Sydney,268,False,,,,,
Eupanteos bifasciatus,,Insect,1,Sydney,1,False,,,,,
Euparius didymus,,Insect,1,Brisbane,8,False,,,,,
Eupeodes confrater,,Insect,6,Adelaide | Brisbane | Hobart | Melbourne | Perth | Sydney,61,False,,,,,
Euphanta acuminata,,Insect,1,Perth,7,False,,,,,
Euphiltra angustior,,Insect,4,Brisbane | Canberra–Queanbeyan | Melbourne | Sydney,18,False,,,,,
Euphiltra celeteria,,Insect,1,Sydney,20,False,,,,,
Euphiltra epilecta,,Insect,1,Brisbane,6,False,,,,,
Euphiltra eroticella,Concealer Moth,Insect,4,Brisbane | Canberra–Queanbeyan | Melbourne | Sydney,91,False,,,,,
Euphona ammochroa,,Insect,1,Adelaide,9,False,,,,,
Euphona decolorana,,Insect,4,Brisbane | Canberra–Queanbeyan | Melbourne | Sydney,6,False,,,,,
Euphona euphona,,Insect,6,Adelaide | Brisbane | Canberra–Queanbeyan | Hobart | Melbourne | Sydney,89,False,,,,,
Euphranta linocierae,,Insect,1,Brisbane,1,False,,,,,
Euphranta marina,,Insect,1,Brisbane,1,False,,,,,
Euphronarcha leptodesma,Geometer Moth,Insect,1,Perth,2,False,,,,,
Euphronarcha luxaria,Geometer Moth,Insect,4,Canberra–Queanbeyan | Hobart | Melbourne | Sydney,332,False,,,,,
Eupithecia aphanes,,Insect,1,Brisbane,1,False,,,,,
Euplatypus parallelus,Common Ambrosia Beetle,Insect,1,Brisbane,4,False,,,,,
Euplectrus bicolor,,Insect,1,Melbourne,1,False,,,,,
Euploea corinna,Oleander Butterfly,Insect,5,Brisbane | Canberra–Queanbeyan | Darwin | Melbourne | Sydney,4301,False,,,,,
Euploea darchia,Small Brown Crow,Insect,2,Brisbane | Darwin,61,False,,,,,
Euploea sylvester,Two-brand Crow,Insect,2,Brisbane | Darwin,5,False,,,,,
Euploea tulliolus,Eastern Brown Crow,Insect,1,Brisbane,190,False,,,,,
Eupoecila australasiae,Fiddler Beetle,Insect,6,Adelaide | Brisbane | Canberra–Queanbeyan | Darwin | Melbourne | Sydney,1329,False,,,,,
Eupoecilia acrographa,,Insect,1,Brisbane,1,False,,,,,
Eupolemus angularis,Shield Bug,Insect,4,Canberra–Queanbeyan | Hobart | Melbourne | Sydney,54,False,,,,,
Eupolemus insularis,Shield Bug,Insect,2,Hobart | Melbourne,6,False,,,,,
Eupolemus tasmanicus,Shield Bug,Insect,1,Hobart,2,False,,,,,
Eupolemus venustulus,Shield Bug,Insect,1,Hobart,1,False,,,,,
Eupolemus virescens,Shield Bug,Insect,3,Canberra–Queanbeyan | Hobart | Melbourne,3,False,,,,,
Euprionocera geminipuncta,,Insect,2,Brisbane | Sydney,14,False,,,,,
Euproctis baliolalis,Browntail Gum Moth,Insect,4,Brisbane | Canberra–Queanbeyan | Melbourne | Sydney,179,False,,,,,
Euproctis edwardsii,Mistletoe Browntail Moth,Insect,2,Brisbane | Canberra–Queanbeyan,14,False,,,,,
Euproctis epidela,,Insect,1,Brisbane,1,False,,,,,
Euproctis euthysana,,Insect,2,Melbourne | Sydney,3,False,,,,,
Euproctis fimbriata,,Insect,1,Brisbane,81,False,,,,,
Euproctis limbalis,Moth,Insect,1,Canberra–Queanbeyan,1,False,,,,,
Euproctis lucifuga,,Insect,2,Brisbane | Sydney,42,False,,,,,
Euproctis lutea,Moth,Insect,2,Brisbane | Darwin,322,False,,,,,
Euproctis marginalis,,Insect,2,Canberra–Queanbeyan | Melbourne,11,False,,,,,
Euproctis melanosoma,Moth,Insect,4,Brisbane | Canberra–Queanbeyan | Melbourne | Sydney,28,False,,,,,
Euproctis panabra,,Insect,1,Sydney,3,False,,,,,
Euproctis semifusca,Moth,Insect,1,Melbourne,8,False,,,,,
Euproctis stenomorpha,,Insect,1,Darwin,1,False,,,,,
Euprosopia albipila,,Insect,1,Hobart,1,False,,,,,
Euprosopia armipes,,Insect,1,Sydney,1,False,,,,,
Euprosopia subula,,Insect,1,Brisbane,2,False,,,,,
Eupselia anommata,,Insect,2,Brisbane | Sydney,10,False,,,,,
Eupselia aristonica,,Insect,1,Canberra–Queanbeyan,6,False,,,,,
Eupselia axiepaena,,Insect,1,Canberra–Queanbeyan,6,False,,,,,
Eupselia beatella,,Insect,4,Brisbane | Canberra–Queanbeyan | Melbourne | Sydney,54,False,,,,,
Eupselia beltera,Moth,Insect,2,Darwin | Melbourne,4,False,,,,,
Eupselia carpocapsella,Common Eupselia Moth,Insect,6,Adelaide | Brisbane | Canberra–Queanbeyan | Melbourne | Perth | Sydney,45,False,,,,,
Eupselia holoxantha,Moth,Insect,5,Adelaide | Brisbane | Canberra–Queanbeyan | Melbourne | Sydney,17,False,,,,,
Eupselia hypsichora,,Insect,3,Canberra–Queanbeyan | Perth | Sydney,11,False,,,,,
Eupselia iridizona,,Insect,2,Brisbane | Melbourne,2,False,,,,,
Eupselia melanostrepta,Moth,Insect,5,Adelaide | Brisbane | Canberra–Queanbeyan | Hobart | Melbourne,28,False,,,,,
Eupselia metabola,,Insect,2,Adelaide | Perth,6,False,,,,,
Eupselia satrapella,,Insect,3,Brisbane | Canberra–Queanbeyan | Melbourne,8,False,,,,,
Eupselia theorella,,Insect,1,Brisbane,1,False,,,,,
Eupsenella ceciliae,,Insect,1,Melbourne,2,False,,,,,
Eurema alitha,Scalloped Grass-yellow,Insect,1,Darwin,4,False,,,,,
Eurema brigitta,,Insect,1,Brisbane,14,False,,,,,
Eurema drona,No-brand Grass-yellow,Insect,2,Brisbane | Sydney,89,False,,,,,
Eurema hecabe,Common Grass-yellow,Insect,3,Brisbane | Darwin | Sydney,903,False,,,,,
Eurema herla,Macleay's Grass Yellow,Insect,3,Brisbane | Canberra–Queanbeyan | Darwin,7,False,,,,,
Eurema laeta,Lined Grass-yellow,Insect,1,Darwin,23,False,,,,,
Eurema smilax,Small Grass-yellow,Insect,7,Adelaide | Brisbane | Canberra–Queanbeyan | Darwin | Melbourne | Perth | Sydney,179,False,,,,,
Eurepa marginipennis,,Insect,4,Adelaide | Canberra–Queanbeyan | Melbourne | Perth,31,False,,,,,
Eurepa yumbena,,Insect,1,Perth,5,False,,,,,
Eurhopalus apicipenis,,Insect,2,Adelaide | Brisbane,2,False,,,,,
Eurhopalus friar,,Insect,1,Hobart,3,False,,,,,
Eurhopalus froggatti,,Insect,3,Canberra–Queanbeyan | Melbourne | Sydney,75,False,,,,,
Eurhopalus hobartensis,,Insect,1,Hobart,1,False,,,,,
Eurhopalus morio,,Insect,1,Hobart,1,False,,,,,
Eurhopalus riguus,Australian Carpet Beetle,Insect,5,Adelaide | Hobart | Melbourne | Perth | Sydney,12,False,,,,,
Eurhopalus singularis,,Insect,2,Hobart | Melbourne,4,False,,,,,
Eurhopalus vespulae,,Insect,1,Hobart,1,False,,,,,
Eurhynchus quadrituberculatus,,Insect,1,Sydney,1,False,,,,,
Eurhynchus scabrior,,Insect,1,Sydney,1,False,,,,,
Euribia solstitialis,,Insect,1,Canberra–Queanbeyan,2,False,,,,,
Euribia stylata,,Insect,6,Adelaide | Brisbane | Canberra–Queanbeyan | Hobart | Melbourne | Sydney,86,False,,,,,
Euricoris australicus,,Insect,1,Brisbane,4,False,,,,,
Eurinopsyche obscurata,,Insect,2,Brisbane | Darwin,12,False,,,,,
Eurispa albipennis,,Insect,1,Adelaide,1,False,,,,,
Eurispa vittata,,Insect,1,Melbourne,117,False,,,,,
Eurostopodus argus,Spotted Nightjar,Bird,4,Adelaide | Darwin | Perth | Sydney,14,False,,,,,
Eurostopodus mystacalis,White-throated Nightjar,Bird,3,Brisbane | Melbourne | Sydney,291,False,,,,,
Eurrhyparodes bracteolalis,,Insect,1,Brisbane,144,False,,,,,
Eurrhyparodes tricoloralis,,Insect,1,Brisbane,31,False,,,,,
Eurycnema osiris,Darwin Stick-insect,Insect,1,Darwin,93,False,,,,,
Eurygastropsis tasmaniae,,Insect,4,Adelaide | Hobart | Melbourne | Sydney,15,False,,,,,
Euryglossa adelaidae,Plasterer Bee,Insect,4,Adelaide | Canberra–Queanbeyan | Melbourne | Sydney,28,False,,,,,
Euryglossa calaina,,Insect,1,Perth,1,False,,,,,
Euryglossa depressa,Plasterer Bee,Insect,3,Canberra–Queanbeyan | Melbourne | Sydney,9,False,,,,,
Euryglossa edwardsii,Plasterer Bee,Insect,1,Melbourne,4,False,,,,,
Euryglossa ephippiata,Plasterer Bee,Insect,5,Adelaide | Brisbane | Canberra–Queanbeyan | Melbourne | Sydney,90,False,,,,,
Euryglossa noosae,,Insect,1,Sydney,1,False,,,,,
Euryglossa rubricata,Plasterer Bee,Insect,1,Perth,2,False,,,,,
Euryglossa subsericea,Plasterer Bee,Insect,2,Canberra–Queanbeyan | Sydney,2,False,,,,,
Euryglossa terminata,,Insect,1,Adelaide,1,False,,,,,
Euryglossina angulifacies,,Insect,1,Hobart,2,False,,,,,
Euryglossina argocephala,,Insect,1,Perth,4,False,,,,,
Euryglossina atra,Plasterer Bee,Insect,1,Brisbane,1,False,,,,,
Euryglossina crococephala,,Insect,1,Adelaide,2,False,,,,,
Euryglossina flaviventris,Plasterer Bee,Insect,1,Canberra–Queanbeyan,2,False,,,,,
Euryglossina flavolateralis,,Insect,1,Adelaide,1,False,,,,,
Euryglossina hypochroma,Plasterer Bee,Insect,3,Adelaide | Melbourne | Perth,23,False,,,,,
Euryglossina intermedia,Plasterer Bee,Insect,1,Sydney,1,False,,,,,
Euryglossina melanocephala,,Insect,1,Brisbane,1,False,,,,,
Euryglossina mellea,Plasterer Bee,Insect,5,Adelaide | Brisbane | Melbourne | Perth | Sydney,12,False,,,,,
Euryglossina moonbiensis,,Insect,1,Darwin,1,False,,,,,
Euryglossina nigra,,Insect,1,Brisbane,1,False,,,,,
Euryglossina perpusilla,,Insect,2,Brisbane | Perth,2,False,,,,,
Euryglossina pulchra,,Insect,1,Brisbane,2,False,,,,,
Euryglossina townsvillensis,,Insect,1,Brisbane,1,False,,,,,
Euryglossina xanthogena,Plasterer Bee,Insect,1,Brisbane,13,False,,,,,
Euryglossula fultoni,Plasterer Bee,Insect,1,Perth,2,False,,,,,
Eurygryllodes diminutus,,Insect,1,Canberra–Queanbeyan,1,False,,,,,
Eurygryllodes warrilla,,Insect,1,Perth,2,False,,,,,
Eurylychnus blagravei,,Insect,1,Melbourne,7,False,,,,,
Eurymela distincta,Leafhopper,Insect,4,Canberra–Queanbeyan | Hobart | Melbourne | Sydney,28,False,,,,,
Eurymela fenestrata,Leafhopper,Insect,3,Brisbane | Canberra–Queanbeyan | Melbourne,15,False,,,,,
Eurymela rubrolimbata,,Insect,1,Melbourne,2,False,,,,,
Eurymelessa moruyana,Leafhopper,Insect,1,Canberra–Queanbeyan,4,False,,,,,
Eurymeloides adspersa,Leafhopper,Insect,3,Canberra–Queanbeyan | Melbourne | Sydney,80,False,,,,,
Eurymeloides bicincta,Leafhopper,Insect,6,Adelaide | Brisbane | Canberra–Queanbeyan | Hobart | Melbourne | Sydney,130,False,,,,,
Eurymeloides lineata,Leafhopper,Insect,4,Canberra–Queanbeyan | Hobart | Melbourne | Sydney,86,False,,,,,
Eurymeloides marmorata,Leafhopper,Insect,4,Canberra–Queanbeyan | Hobart | Melbourne | Sydney,19,False,,,,,
Eurymeloides minutum,,Insect,1,Canberra–Queanbeyan,5,False,,,,,
Eurymeloides perpusilla,,Insect,2,Brisbane | Sydney,19,False,,,,,
Eurymeloides pulchra,Leafhopper,Insect,6,Adelaide | Brisbane | Canberra–Queanbeyan | Melbourne | Perth | Sydney,347,False,,,,,
Eurymeloides punctata,Leafhopper,Insect,6,Adelaide | Brisbane | Canberra–Queanbeyan | Melbourne | Perth | Sydney,144,False,,,,,
Eurymelops bicolor,Leafhopper,Insect,1,Brisbane,1,False,,,,,
Eurymelops rubrovittata,Leafhopper,Insect,2,Canberra–Queanbeyan | Melbourne,6,False,,,,,
Eurymetopus birabeni,,Insect,3,Canberra–Queanbeyan | Melbourne | Sydney,80,False,,,,,
Eurynassa australis,Wattle Root Longicorn,Insect,2,Brisbane | Sydney,12,False,,,,,
Eurynysius meschioides,,Insect,2,Adelaide | Melbourne,2,False,,,,,
Eurypella tasmaniensis,Leafhopper,Insect,1,Canberra–Queanbeyan,35,False,,,,,
Eurypsyche lewinii,,Insect,1,Brisbane,1,False,,,,,
Eurys nitidus,Sawfly,Insect,1,Melbourne,3,False,,,,,
Eurystomus orientalis,Dollarbird,Bird,5,Brisbane | Canberra–Queanbeyan | Darwin | Melbourne | Sydney,17436,False,,,,,
Euschemon rafflesia,Regent Skipper,Insect,1,Brisbane,4,False,,,,,
Euschizus dictatorius,,Insect,1,Sydney,1,False,,,,,
Eusemocosma pruinosa,Concealer Moth,Insect,5,Adelaide | Brisbane | Canberra–Queanbeyan | Melbourne | Sydney,104,False,,,,,
Eusthenia venosa,,Insect,1,Melbourne,4,False,,,,,
Eusthenica treicleiota,,Insect,1,Brisbane,2,False,,,,,
Eusurbus altus,,Insect,1,Perth,1,False,,,,,
Eusurbus crassilabris,,Insect,1,Sydney,1,False,,,,,
Eusynthemis brevistyla,Small Tigertail,Insect,1,Melbourne,17,False,,,,,
Eusynthemis guttata,Southern Tigertail,Insect,1,Melbourne,180,False,,,,,
Eusynthemis tillyardi,Mountain Tigertail,Insect,1,Sydney,3,False,,,,,
Eusynthemis virgula,Golden Tigertail,Insect,1,Melbourne,1,False,,,,,
Eutane terminalis,,Insect,1,Sydney,4,False,,,,,
Euthenarus bicolor,,Insect,2,Brisbane | Sydney,8,False,,,,,
Euthenarus promptus,,Insect,1,Hobart,1,False,,,,,
Euthera skusei,Horse Fly,Insect,1,Adelaide,6,False,,,,,
Euthorybeta xanthoplaca,,Insect,2,Brisbane | Sydney,2,False,,,,,
Euthrausta phoenicea,,Insect,1,Brisbane,1,False,,,,,
Euthyphasis acuta,,Insect,1,Melbourne,41,False,,,,,
Eutinophaea bicristata,Citrus Leaf-eating Weevil,Insect,1,Sydney,1,False,,,,,
Eutorna diaula,,Insect,1,Melbourne,2,False,,,,,
Eutorna intonsa,,Insect,3,Brisbane | Canberra–Queanbeyan | Melbourne,4,False,,,,,
Eutorna pabulicola,,Insect,1,Brisbane,6,False,,,,,
Eutorna tricasis,Moth,Insect,4,Brisbane | Canberra–Queanbeyan | Melbourne | Sydney,75,False,,,,,
Eutrichopidia latinus,Owlet Moth,Insect,5,Adelaide | Canberra–Queanbeyan | Hobart | Melbourne | Sydney,98,False,,,,,
Eutryonia monstrifera,,Insect,1,Brisbane,12,False,,,,,
Eutyrhinus meditabundus,,Insect,4,Brisbane | Canberra–Queanbeyan | Melbourne | Sydney,83,False,,,,,
Euura respondens,Willow Sawfly,Insect,2,Canberra–Queanbeyan | Hobart,4,False,,,,,
Euwallacea fornicatus,Ambrosia Beetle,Insect,1,Perth,3,False,,,,,
Euzora collucens,,Insect,1,Brisbane,2,False,,,,,
Euzosteria lata,,Insect,1,Perth,3,False,,,,,
Euzosteria nobilis,Cockroach,Insect,1,Perth,1,False,,,,,
Euzosteria sordida,Cockroach,Insect,1,Perth,1,False,,,,,
Evania appendigaster,,Insect,4,Brisbane | Canberra–Queanbeyan | Darwin | Sydney,136,False,,,,,
Evansomyia levis,,Insect,1,Perth,16,False,,,,,
Evansomyia phyciformis,Stiletto Fly,Insect,1,Melbourne,5,False,,,,,
Evas argenteiventris,,Insect,1,Perth,5,False,,,,,
Everardia picta,,Insect,1,Perth,1,False,,,,,
Ewartia oldfieldi,Wattle Cicada,Insect,1,Brisbane,12,False,,,,,
Ewartia roberti,,Insect,1,Brisbane,23,False,,,,,
Exaireta spinigera,Garden Soldier Fly,Insect,7,Adelaide | Brisbane | Canberra–Queanbeyan | Hobart | Melbourne | Perth | Sydney,1531,False,,,,,
Exapion ulicis,,Insect,2,Hobart | Melbourne,8,False,,,,,
Exarna includens,,Insect,2,Canberra–Queanbeyan | Melbourne,7,False,,,,,
Exechohypopion minus,,Insect,1,Hobart,4,False,,,,,
Exechohypopion velox,,Insect,1,Hobart,3,False,,,,,
Exechopalpus rufifemur,,Insect,1,Perth,1,False,,,,,
Exeirus lateritius,Cicada Killer,Insect,1,Sydney,1,False,,,,,
Exillis australis,,Insect,1,Brisbane,5,False,,,,,
Exithius cariosus,,Insect,1,Hobart,2,False,,,,,
Exithius loculiferus,,Insect,1,Hobart,3,False,,,,,
Exithius musculus,,Insect,1,Hobart,4,False,,,,,
Exithius tricarinatus,,Insect,1,Melbourne,2,False,,,,,
Exitianus plebeius,Leafhopper,Insect,3,Brisbane | Canberra–Queanbeyan | Perth,12,False,,,,,
Exocentrus miselloides,,Insect,1,Brisbane,2,False,,,,,
Exochomus quadripustulata,,Insect,2,Melbourne | Perth,4,False,,,,,
Exomias pellucidus,Hairy Spider Weevil,Insect,1,Hobart,1,False,,,,,
Exoneura angophorae,Reed Bee,Insect,1,Hobart,1,False,,,,,
Exoneura bicolor,Reed Bee,Insect,2,Melbourne | Sydney,3,False,,,,,
Exoneura robusta,Reed Bee,Insect,1,Melbourne,13,False,,,,,
Exoneurella eremophila,,Insect,1,Adelaide,3,False,,,,,
Exoneurella lawsoni,Bee,Insect,4,Brisbane | Canberra–Queanbeyan | Melbourne | Sydney,11,False,,,,,
Exoneurella setosa,,Insect,2,Adelaide | Perth,5,False,,,,,
Extatosoma tiaratum,,Insect,5,Adelaide | Brisbane | Melbourne | Perth | Sydney,63,False,,,,,
Eysarcoris distinctus,Shield Bug,Insect,3,Brisbane | Canberra–Queanbeyan | Sydney,17,False,,,,,
Eysarcoris trimaculatus,Rice Stink Bug,Insect,5,Adelaide | Canberra–Queanbeyan | Darwin | Melbourne | Sydney,34,False,,,,,
Faex aemula,,Insect,1,Brisbane,1,False,,,,,
Faex transversomaculata,,Insect,1,Perth,1,False,,,,,
Falco berigora,Brown Falcon,Bird,8,Adelaide | Brisbane | Canberra–Queanbeyan | Darwin | Hobart | Melbourne | Perth | Sydney,6181,False,,,,,
Falco cenchroides,Nankeen Kestrel,Bird,8,Adelaide | Brisbane | Canberra–Queanbeyan | Darwin | Hobart | Melbourne | Perth | Sydney,20415,False,,,,,
Falco hypoleucos,Grey Falcon,Bird,2,Perth | Sydney,51,True,Vulnerable,Falco hypoleucos,Falco hypoleucos,Grey Falcon,2020-07-09
Falco longipennis,Australian Hobby,Bird,8,Adelaide | Brisbane | Canberra–Queanbeyan | Darwin | Hobart | Melbourne | Perth | Sydney,13881,False,,,,,
Falco peregrinus,Peregrine Falcon,Bird,8,Adelaide | Brisbane | Canberra–Queanbeyan | Darwin | Hobart | Melbourne | Perth | Sydney,10845,False,,,,,
Falco subniger,Black Falcon,Bird,7,Adelaide | Brisbane | Canberra–Queanbeyan | Darwin | Melbourne | Perth | Sydney,384,False,,,,,
Falcunculus frontatus,Crested Shrike-tit,Bird,5,Adelaide | Brisbane | Canberra–Queanbeyan | Melbourne | Sydney,1559,False,,,,,
Falsistrellus tasmaniensis,Eastern False Pipistrelle,Mammal,3,Hobart | Melbourne | Sydney,123,False,,,,,
Famegana nisa,Black-spotted Grass-blue,Insect,2,Brisbane | Darwin,9,False,,,,,
Fannia canicularis,Fly,Insect,7,Adelaide | Brisbane | Canberra–Queanbeyan | Hobart | Melbourne | Perth | Sydney,39,False,,,,,
Fascionycta fasciata,,Insect,2,Brisbane | Sydney,33,False,,,,,
Faveria laiasalis,,Insect,2,Brisbane | Sydney,28,False,,,,,
Faveria tritalis,Couchgrass Webworm Moth,Insect,7,Adelaide | Brisbane | Canberra–Queanbeyan | Hobart | Melbourne | Perth | Sydney,1070,False,,,,,
Felis catus,Cat,Mammal,8,Adelaide | Brisbane | Canberra–Queanbeyan | Darwin | Hobart | Melbourne | Perth | Sydney,3199,False,,,,,
Felisacus elegantulus,Plant Bug,Insect,2,Melbourne | Sydney,5,False,,,,,
Feresa attenuata,Pygmy Killer Whale,Mammal,1,Sydney,1,False,,,,,
Ferreola handschini,Spider Wasp,Insect,5,Adelaide | Brisbane | Canberra–Queanbeyan | Melbourne | Sydney,19,False,,,,,
Fieberiella florii,,Insect,3,Brisbane | Canberra–Queanbeyan | Melbourne,12,False,,,,,
Figulus lilliputanus,,Insect,2,Adelaide | Perth,4,False,,,,,
Figulus regularis,,Insect,3,Adelaide | Brisbane | Darwin,9,False,,,,,
Figulus sulcicollis,,Insect,1,Darwin,1,False,,,,,
Fingulus atrocaeruleus,,Insect,1,Melbourne,2,False,,,,,
Fisera belidearia,Geometer Moth,Insect,4,Adelaide | Canberra–Queanbeyan | Melbourne | Perth,7,False,,,,,
Fisera bradymorpha,,Insect,1,Sydney,8,False,,,,,
Fisera eribola,Geometer Moth,Insect,4,Adelaide | Canberra–Queanbeyan | Melbourne | Perth,46,False,,,,,
Fisera halurga,,Insect,1,Adelaide,2,False,,,,,
Fisera hypoleuca,Russet Crest-moth,Insect,5,Adelaide | Canberra–Queanbeyan | Melbourne | Perth | Sydney,27,False,,,,,
Fisera perplexata,Geometer Moth,Insect,2,Canberra–Queanbeyan | Hobart,16,False,,,,,
Floydwernerius australis,,Insect,2,Adelaide | Melbourne,3,False,,,,,
Fodina ostorius,,Insect,2,Brisbane | Sydney,8,False,,,,,
Fontejus collaris,,Insect,1,Hobart,2,False,,,,,
Fopius arisanus,,Insect,1,Brisbane,1,False,,,,,
Fordonia leucobalia,White-bellied Mangrove Snake,Reptile,1,Darwin,32,False,,,,,
Forficula auricularia,European Earwig,Insect,7,Adelaide | Brisbane | Canberra–Queanbeyan | Hobart | Melbourne | Perth | Sydney,984,False,,,,,
Forficuloecus forficula,,Insect,1,Sydney,1,False,,,,,
Formosia speciosa,Horse Fly,Insect,5,Adelaide | Brisbane | Canberra–Queanbeyan | Melbourne | Sydney,19,False,,,,,
Francesca sparsa,,Insect,1,Brisbane,12,False,,,,,
Frankliniella occidentalis,Western Flower Thrips,Insect,1,Melbourne,1,False,,,,,
Franklinothrips vespiformis,,Insect,1,Brisbane,1,False,,,,,
Fraus bilineata,Ghost Moth,Insect,2,Adelaide | Melbourne,3,False,,,,,
Fraus crocea,Ghost Moth,Insect,4,Brisbane | Canberra–Queanbeyan | Melbourne | Sydney,14,False,,,,,
Fraus nanus,Ghost Moth,Insect,3,Hobart | Melbourne | Sydney,27,False,,,,,
Fraus orientalis,,Insect,1,Sydney,1,False,,,,,
Fraus polyspila,Chequered Fraus,Insect,1,Adelaide,1,False,,,,,
Fraus pteromela,Heath Fraus,Insect,4,Adelaide | Melbourne | Perth | Sydney,19,False,,,,,
Fraus simulans,Lesser Ghost Moth,Insect,3,Canberra–Queanbeyan | Hobart | Melbourne,15,False,,,,,
Fregata andrewsi,Christmas Island Frigatebird,Bird,1,Darwin,1,True,Endangered,Fregata andrewsi,Fregata andrewsi,"Christmas Island Frigatebird, Andrew's Frigatebird",2016-12-07
Fregata ariel,Lesser Frigatebird,Bird,4,Brisbane | Darwin | Perth | Sydney,456,False,,,,,
Fregata minor,Great Frigatebird,Bird,4,Brisbane | Darwin | Hobart | Melbourne,57,False,,,,,
Fregetta grallaria,White-bellied Storm-petrel,Bird,1,Sydney,1,False,,,,,
Frenchia casuarinae,,Insect,1,Adelaide,1,False,,,,,
Freyeria putli,Jewelled Grass-blue,Insect,1,Darwin,5,False,,,,,
Froggattella kirbii,Common Froglet Ant,Insect,2,Perth | Sydney,57,False,,,,,
Froggattia olivinia,Olive Lace Bug,Insect,7,Adelaide | Brisbane | Canberra–Queanbeyan | Hobart | Melbourne | Perth | Sydney,73,False,,,,,
Froggattina australis,Froggatt's Buzzer,Insect,3,Brisbane | Darwin | Sydney,20,False,,,,,
Fucellia tergina,,Insect,1,Melbourne,1,False,,,,,
Fulica atra,Eurasian Coot,Bird,8,Adelaide | Brisbane | Canberra–Queanbeyan | Darwin | Hobart | Melbourne | Perth | Sydney,192462,False,,,,,
Fulmarus glacialoides,Southern Fulmar,Bird,3,Melbourne | Perth | Sydney,19,False,,,,,
Fulviella australiana,,Insect,2,Canberra–Queanbeyan | Melbourne,4,False,,,,,
Furcaspis cladii,,Insect,1,Melbourne,3,False,,,,,
Furcatrox australis,Geometer Moth,Insect,3,Hobart | Melbourne | Sydney,8,False,,,,,
Furcatrox furneauxi,Geometer Moth,Insect,2,Canberra–Queanbeyan | Melbourne,2,False,,,,,
Furcatrox paracus,Geometer Moth,Insect,1,Melbourne,2,False,,,,,
Furcatrox procera,Geometer Moth,Insect,4,Brisbane | Canberra–Queanbeyan | Melbourne | Sydney,7,False,,,,,
Furina diadema,Red-naped Snake,Reptile,1,Sydney,6,False,,,,,
Furina ornata,Moon Snake,Reptile,1,Darwin,7,False,,,,,
Fuscicepsana fuscicepsana,,Insect,2,Brisbane | Sydney,18,False,,,,,
Gaetulia chrysopoides,Planthopper,Insect,3,Adelaide | Darwin | Sydney,3,False,,,,,
Gaetulia koebelei,,Insect,1,Canberra–Queanbeyan,2,False,,,,,
Galanga labeculata,Double-spotted Cicada,Insect,2,Canberra–Queanbeyan | Sydney,671,False,,,,,
Galbodema mannerheimii,,Insect,1,Melbourne,3,False,,,,,
Galerucella placida,,Insect,3,Brisbane | Melbourne | Sydney,13,False,,,,,
Galgacus labidus,Shield Bug,Insect,3,Melbourne | Perth | Sydney,3,False,,,,,
Gallaba duplicata,,Insect,1,Sydney,1,False,,,,,
Galleria mellonella,Greater Wax Moth,Insect,7,Adelaide | Brisbane | Canberra–Queanbeyan | Hobart | Melbourne | Perth | Sydney,49,False,,,,,
Gallinago hardwickii,Latham's Snipe,Bird,6,Adelaide | Brisbane | Canberra–Queanbeyan | Hobart | Melbourne | Sydney,14772,True,Vulnerable,Gallinago hardwickii,Gallinago hardwickii,"Latham's Snipe, Japanese Snipe",2024-01-05
Gallinago megala,Swinhoe's Snipe,Bird,1,Darwin,83,False,,,,,
Gallinula tenebrosa,Dusky Moorhen,Bird,8,Adelaide | Brisbane | Canberra–Queanbeyan | Darwin | Hobart | Melbourne | Perth | Sydney,237455,False,,,,,
Gallus gallus,Red Junglefowl,Bird,8,Adelaide | Brisbane | Canberra–Queanbeyan | Darwin | Hobart | Melbourne | Perth | Sydney,354,False,,,,,
Gardena brevicollis,,Insect,1,Brisbane,2,False,,,,,
Garella vallata,,Insect,2,Brisbane | Darwin,117,False,,,,,
Garrha absumptella,Concealer Moth,Insect,2,Canberra–Queanbeyan | Melbourne,3,False,,,,,
Garrha amata,,Insect,1,Perth,2,False,,,,,
Garrha atoecha,Concealer Moth,Insect,2,Brisbane | Sydney,4,False,,,,,
Garrha atripunctatella,,Insect,3,Brisbane | Canberra–Queanbeyan | Sydney,21,False,,,,,
Garrha carnea,Concealer Moth,Insect,4,Adelaide | Brisbane | Canberra–Queanbeyan | Melbourne,35,False,,,,,
Garrha costimacula,,Insect,3,Brisbane | Canberra–Queanbeyan | Sydney,137,False,,,,,
Garrha demotica,Concealer Moth,Insect,2,Adelaide | Sydney,11,False,,,,,
Garrha idiosema,Concealer Moth,Insect,3,Adelaide | Canberra–Queanbeyan | Perth,69,False,,,,,
Garrha leucerythra,Concealer Moth,Insect,5,Brisbane | Canberra–Queanbeyan | Hobart | Perth | Sydney,28,False,,,,,
Garrha limbata,Concealer Moth,Insect,3,Canberra–Queanbeyan | Melbourne | Sydney,6,False,,,,,
Garrha mellichroa,Concealer Moth,Insect,2,Brisbane | Sydney,4,False,,,,,
Garrha mitescens,,Insect,1,Brisbane,1,False,,,,,
Garrha ocellifera,Concealer Moth,Insect,6,Brisbane | Canberra–Queanbeyan | Hobart | Melbourne | Perth | Sydney,154,False,,,,,
Garrha oncospila,,Insect,1,Perth,3,False,,,,,
Garrha paraderces,,Insect,1,Sydney,1,False,,,,,
Garrha phoenopis,,Insect,6,Adelaide | Brisbane | Canberra–Queanbeyan | Melbourne | Perth | Sydney,59,False,,,,,
Garrha platyporphyra,,Insect,3,Melbourne | Perth | Sydney,10,False,,,,,
Garrha pudica,Concealer Moth,Insect,6,Adelaide | Brisbane | Canberra–Queanbeyan | Melbourne | Perth | Sydney,89,False,,,,,
Garrha repandula,Concealer Moth,Insect,3,Canberra–Queanbeyan | Melbourne | Sydney,42,False,,,,,
Garrha rubella,,Insect,2,Brisbane | Canberra–Queanbeyan,6,False,,,,,
Garrha rufa,Concealer Moth,Insect,1,Brisbane,1,False,,,,,
Garrha rufimaculella,,Insect,1,Adelaide,1,False,,,,,
Garrha sericata,,Insect,1,Sydney,1,False,,,,,
Garrha sincerella,Concealer Moth,Insect,3,Canberra–Queanbeyan | Melbourne | Sydney,15,False,,,,,
Garrha spatiosa,Concealer Moth,Insect,1,Melbourne,1,False,,,,,
Garrha zonostola,Concealer Moth,Insect,1,Sydney,5,False,,,,,
Gasteruption angusticeps,,Insect,2,Brisbane | Darwin,15,False,,,,,
Gasteruption brachyurum,,Insect,2,Adelaide | Melbourne,6,False,,,,,
Gasteruption breviscutum,,Insect,2,Adelaide | Melbourne,2,False,,,,,
Gasteruption cinerescens,,Insect,3,Brisbane | Canberra–Queanbeyan | Sydney,9,False,,,,,
Gasteruption cornutum,,Insect,1,Perth,2,False,,,,,
Gasteruption curticauda,Parasitoid Wasp,Insect,1,Hobart,2,False,,,,,
Gasteruption cylindricum,,Insect,2,Brisbane | Melbourne,4,False,,,,,
Gasteruption exile,,Insect,1,Melbourne,2,False,,,,,
Gasteruption fibuliforme,,Insect,2,Melbourne | Sydney,4,False,,,,,
Gasteruption fluviale,,Insect,1,Adelaide,1,False,,,,,
Gasteruption longicolle,Parasitoid Wasp,Insect,3,Canberra–Queanbeyan | Hobart | Melbourne,35,False,,,,,
Gasteruption longipes,Parasitoid Wasp,Insect,1,Melbourne,1,False,,,,,
Gasteruption mirabilifemorale,,Insect,1,Adelaide,3,False,,,,,
Gasteruption peregrinum,,Insect,1,Melbourne,1,False,,,,,
Gasteruption platycephala,Parasitoid Wasp,Insect,1,Hobart,1,False,,,,,
Gasteruption raphidioides,,Insect,4,Adelaide | Brisbane | Melbourne | Sydney,8,False,,,,,
Gasteruption secundum,Parasitoid Wasp,Insect,1,Hobart,1,False,,,,,
Gasteruption simillimum,,Insect,1,Brisbane,1,False,,,,,
Gasteruption spinigerum,,Insect,1,Sydney,3,False,,,,,
Gasteruption terminale,,Insect,4,Brisbane | Hobart | Melbourne | Sydney,5,False,,,,,
Gasteruption varians,,Insect,2,Brisbane | Melbourne,3,False,,,,,
Gastridiota adoxima,,Insect,1,Sydney,5,False,,,,,
Gastrimargus musicus,Yellow-winged Locust,Insect,8,Adelaide | Brisbane | Canberra–Queanbeyan | Darwin | Hobart | Melbourne | Perth | Sydney,208,False,,,,,
Gastrina cristaria,Geometer Moth,Insect,5,Brisbane | Canberra–Queanbeyan | Hobart | Melbourne | Sydney,462,False,,,,,
Gastrinodes argoplaca,Geometer Moth,Insect,6,Adelaide | Brisbane | Canberra–Queanbeyan | Melbourne | Perth | Sydney,224,False,,,,,
Gastrinodes bitaeniaria,Buff Bark Moth,Insect,7,Adelaide | Brisbane | Canberra–Queanbeyan | Hobart | Melbourne | Perth | Sydney,152,False,,,,,
Gastrinopa xylistis,Geometer Moth,Insect,2,Adelaide | Melbourne,9,False,,,,,
Gastrophora henricaria,Geometer Moth,Insect,5,Adelaide | Brisbane | Canberra–Queanbeyan | Melbourne | Sydney,334,False,,,,,
Gattonocoris horridus,Assassin Bug,Insect,1,Perth,1,False,,,,,
Gauna aegusalis,Grass Moth,Insect,6,Adelaide | Brisbane | Canberra–Queanbeyan | Hobart | Melbourne | Sydney,211,False,,,,,
Gaurax ixeutici,,Insect,1,Hobart,1,False,,,,,
Gavicalis fasciogularis,Mangrove Honeyeater,Bird,1,Brisbane,8623,False,,,,,
Gavicalis versicolor,Varied Honeyeater,Bird,1,Brisbane,1,False,,,,,
Gavicalis virescens,Singing Honeyeater,Bird,6,Adelaide | Canberra–Queanbeyan | Darwin | Melbourne | Perth | Sydney,47389,False,,,,,
Gavrana maculipes,,Insect,4,Brisbane | Canberra–Queanbeyan | Melbourne | Sydney,13,False,,,,,
Gavrana spinosa,,Insect,1,Melbourne,1,False,,,,,
Geckomima brevirostris,,Insect,1,Darwin,3,False,,,,,
Gehyra australis,Northern Dtella,Reptile,3,Darwin | Perth | Sydney,30,False,,,,,
Gehyra catenata,Chain-backed Dtella,Reptile,1,Brisbane,1,False,,,,,
Gehyra dubia,Dubious Dtella,Reptile,3,Brisbane | Darwin | Sydney,47,False,,,,,
Gehyra gemina,Plain Tree Gehyra,Reptile,1,Darwin,1,False,,,,,
Gehyra lazelli,Southern Rock Dtella,Reptile,1,Adelaide,2,False,,,,,
Gehyra mutilata,Skin-shedding Dtella,Reptile,1,Melbourne,1,False,,,,,
Gehyra variegata,Tree Dtella,Reptile,2,Perth | Sydney,36,False,,,,,
Gehyra versicolor,Eastern Tree Dtella,Reptile,1,Adelaide,1,False,,,,,
Geitoneura acantha,Eastern Ringed Xenica,Insect,4,Adelaide | Canberra–Queanbeyan | Melbourne | Sydney,482,False,,,,,
Geitoneura klugii,Marbled Xenica,Insect,6,Adelaide | Canberra–Queanbeyan | Hobart | Melbourne | Perth | Sydney,709,False,,,,,
Geitoneura minyas,Western Xenica,Insect,1,Perth,113,False,,,,,
Gelastopsis insignis,,Insect,1,Brisbane,19,False,,,,,
Gelidea torrida,Cicada,Insect,2,Hobart | Melbourne,67,False,,,,,
Gelochelidon nilotica,Gull-billed Tern,Bird,5,Adelaide | Brisbane | Darwin | Melbourne | Perth,10898,False,,,,,
Gelonus tasmanicus,Leaf-footed Bug,Insect,3,Canberra–Queanbeyan | Hobart | Melbourne,57,False,,,,,
Geloptera tuberculata,,Insect,1,Perth,5,False,,,,,
Genduara acedesta,Lappet Moth,Insect,3,Adelaide | Canberra–Queanbeyan | Melbourne,14,False,,,,,
Genduara punctigera,Crexa Moth,Insect,6,Adelaide | Brisbane | Canberra–Queanbeyan | Hobart | Melbourne | Sydney,132,False,,,,,
Genduara subnotata,Lappet Moth,Insect,3,Adelaide | Brisbane | Melbourne,10,False,,,,,
Genethila retusa,,Insect,1,Brisbane,3,False,,,,,
Geocoris lubra,Bigeyed Bug,Insect,1,Perth,1,False,,,,,
Geoffagraecia gwinganna,,Insect,1,Melbourne,11,False,,,,,
Geopelia cuneata,Diamond Dove,Bird,7,Adelaide | Brisbane | Canberra–Queanbeyan | Darwin | Melbourne | Perth | Sydney,225,False,,,,,
Geopelia humeralis,Bar-shouldered Dove,Bird,4,Adelaide | Brisbane | Darwin | Sydney,59171,False,,,,,
Geopelia placida,Peaceful Dove,Bird,6,Adelaide | Brisbane | Canberra–Queanbeyan | Darwin | Melbourne | Sydney,26121,False,,,,,
Geophaps scripta,Southern Squatter Pigeon,Bird,2,Brisbane | Sydney,2,False,,,,,
Geophaps smithii,Eastern Partridge Pigeon,Bird,1,Darwin,3,False,,,,,
Geoscaptus cacus,,Insect,1,Melbourne,1,False,,,,,
Geotrupes spiniger,,Insect,2,Hobart | Melbourne,11,False,,,,,
Geranomyia circipunctata,,Insect,1,Darwin,1,False,,,,,
Geranopus purpuratus,Soldier Fly,Insect,1,Melbourne,1,False,,,,,
Germalus australis,Big-eyed Bug,Insect,2,Adelaide | Melbourne,4,False,,,,,
Germalus victoriae,Big-eyed Bug,Insect,5,Brisbane | Canberra–Queanbeyan | Hobart | Melbourne | Sydney,77,False,,,,,
Germarica lilliputana,,Insect,2,Adelaide | Hobart,4,False,,,,,
Gerocyptera fenestrata,,Insect,2,Brisbane | Sydney,2,False,,,,,
Geron dispar,Bee Fly,Insect,2,Hobart | Melbourne,7,False,,,,,
Geron nigralis,,Insect,1,Canberra–Queanbeyan,12,False,,,,,
Geron paramonovi,,Insect,2,Melbourne | Sydney,3,False,,,,,
Gerygone chloronota,Green-backed Gerygone,Bird,1,Darwin,2825,False,,,,,
Gerygone fusca,Western Gerygone,Bird,4,Brisbane | Canberra–Queanbeyan | Melbourne | Perth,15688,False,,,,,
Gerygone levigaster,Mangrove Gerygone,Bird,3,Brisbane | Darwin | Sydney,19335,False,,,,,
Gerygone magnirostris,Large-billed Gerygone,Bird,1,Darwin,968,False,,,,,
Gerygone mouki,Brown Gerygone,Bird,4,Brisbane | Canberra–Queanbeyan | Melbourne | Sydney,7906,False,,,,,
Gerygone olivacea,White-throated Gerygone,Bird,6,Adelaide | Brisbane | Canberra–Queanbeyan | Darwin | Melbourne | Sydney,8688,False,,,,,
Gerygone palpebrosa,Fairy Gerygone,Bird,1,Brisbane,91,False,,,,,
Gerynassa nodulosa,,Insect,2,Canberra–Queanbeyan | Melbourne,6,False,,,,,
Gerynassa picticornis,,Insect,1,Hobart,4,False,,,,,
Gesonia obeditalis,,Insect,2,Brisbane | Darwin,15,False,,,,,
Gesonula mundata,,Insect,2,Brisbane | Darwin,40,False,,,,,
Gibbium aequinoctiale,,Insect,1,Sydney,1,False,,,,,
Gibbovalva quadrifasciata,,Insect,2,Brisbane | Sydney,2,False,,,,,
Gibbovalva tricuneatella,,Insect,1,Sydney,1,False,,,,,
Gilippus hostilis,Shield Bug,Insect,1,Melbourne,2,False,,,,,
Glabridorsum stokesii,Oriental Fruit Moth Parasite Wasp,Insect,4,Adelaide | Canberra–Queanbeyan | Melbourne | Sydney,16,False,,,,,
Glaphyristis marmarea,,Insect,2,Brisbane | Sydney,9,False,,,,,
Glaphyromorphus darwiniensis,Northern Mulch-skink,Reptile,1,Darwin,8,False,,,,,
Glareola maldivarum,Oriental Pratincole,Bird,4,Brisbane | Darwin | Melbourne | Perth,72,False,,,,,
Glaucias amyoti,New Zealand Vegetable Bug,Insect,4,Adelaide | Brisbane | Canberra–Queanbeyan | Sydney,84,False,,,,,
Glaucocharis dilatella,Grass Moth,Insect,5,Adelaide | Canberra–Queanbeyan | Hobart | Melbourne | Sydney,63,False,,,,,
Glaucocharis ochracealis,,Insect,3,Brisbane | Melbourne | Sydney,5,False,,,,,
Glaucocharis pogonias,,Insect,1,Melbourne,3,False,,,,,
Glaucocharis stenura,,Insect,1,Melbourne,1,False,,,,,
Glaucoclystis immixtaria,,Insect,1,Brisbane,1,False,,,,,
Glaucopsaltria viridis,Bottle Cicada,Insect,1,Brisbane,80,False,,,,,
Glenochrysa opposita,,Insect,1,Brisbane,11,False,,,,,
Glenoleon osmyloides,,Insect,3,Adelaide | Canberra–Queanbeyan | Perth,11,False,,,,,
Glenoleon pulchellus,Banded Antlion,Insect,4,Adelaide | Brisbane | Canberra–Queanbeyan | Sydney,38,False,,,,,
Gliciphila melanops,Tawny-crowned Honeyeater,Bird,4,Adelaide | Melbourne | Perth | Sydney,436,False,,,,,
Globorentonium globulum,,Insect,1,Hobart,1,False,,,,,
Glochocoris brisbanicus,,Insect,1,Brisbane,1,False,,,,,
Glossopsitta concinna,Musk Lorikeet,Bird,7,Adelaide | Brisbane | Canberra–Queanbeyan | Darwin | Hobart | Melbourne | Sydney,11652,False,,,,,
Gluma musgravei,Kelp Fly,Insect,1,Hobart,1,False,,,,,
Gluma nitida,Kelp Fly,Insect,1,Hobart,4,False,,,,,
Glycaspis brimblecombei,Redgum Lerp,Insect,5,Adelaide | Canberra–Queanbeyan | Melbourne | Perth | Sydney,33,False,,,,,
Glycaspis granulata,,Insect,3,Melbourne | Perth | Sydney,9,False,,,,,
Glycyphana stolata,,Insect,5,Adelaide | Brisbane | Darwin | Perth | Sydney,671,False,,,,,
Glycythyma chrysorycta,,Insect,2,Brisbane | Darwin,7,False,,,,,
Glycythyma leonina,Grass Moth,Insect,3,Brisbane | Darwin | Perth,10,False,,,,,
Glycythyma thymedes,,Insect,1,Darwin,1,False,,,,,
Glyphidoptera insignana,Leafroller Moth,Insect,5,Adelaide | Brisbane | Canberra–Queanbeyan | Melbourne | Sydney,65,False,,,,,
Glyphidoptera polymita,Leafroller Moth,Insect,3,Canberra–Queanbeyan | Melbourne | Sydney,7,False,,,,,
Glyphipterix acinacella,,Insect,3,Brisbane | Melbourne | Sydney,9,False,,,,,
Glyphipterix argyrosema,,Insect,2,Melbourne | Sydney,10,False,,,,,
Glyphipterix chrysoplanetis,Sedge Moth,Insect,6,Adelaide | Brisbane | Canberra–Queanbeyan | Hobart | Melbourne | Sydney,340,False,,,,,
Glyphipterix cometophora,,Insect,1,Melbourne,9,False,,,,,
Glyphipterix cyanochalca,,Insect,2,Canberra–Queanbeyan | Melbourne,8,False,,,,,
Glyphipterix drosophaes,,Insect,1,Canberra–Queanbeyan,1,False,,,,,
Glyphipterix gemmipunctella,,Insect,1,Melbourne,17,False,,,,,
Glyphipterix halimophila,,Insect,1,Perth,1,False,,,,,
Glyphipterix harpogramma,,Insect,1,Brisbane,3,False,,,,,
Glyphipterix iometalla,,Insect,2,Canberra–Queanbeyan | Sydney,6,False,,,,,
Glyphipterix marmaropa,,Insect,1,Brisbane,1,False,,,,,
Glyphipterix meteora,,Insect,6,Adelaide | Brisbane | Canberra–Queanbeyan | Hobart | Melbourne | Sydney,98,False,,,,,
Glyphipterix palaeomorpha,,Insect,2,Canberra–Queanbeyan | Melbourne,5,False,,,,,
Glyphipterix perimetalla,Sedge Moth,Insect,1,Canberra–Queanbeyan,3,False,,,,,
Glyphipterix pharetropis,,Insect,1,Hobart,1,False,,,,,
Glyphipterix phosphora,,Insect,1,Melbourne,22,False,,,,,
Glyphipterix platydisema,,Insect,1,Melbourne,1,False,,,,,
Glyphipterix pyrophora,,Insect,1,Melbourne,2,False,,,,,
Glyphodes apiospila,,Insect,1,Darwin,1,False,,,,,
Glyphodes bivitralis,,Insect,2,Brisbane | Darwin,9,False,,,,,
Glyphodes caesalis,,Insect,1,Darwin,1,False,,,,,
Glyphodes canthusalis,,Insect,1,Brisbane,2,False,,,,,
Glyphodes cosmarcha,,Insect,1,Brisbane,14,False,,,,,
Glyphodes microta,,Insect,1,Brisbane,33,False,,,,,
Glyphodes multilinealis,,Insect,1,Darwin,1,False,,,,,
Glyphodes stolalis,,Insect,1,Brisbane,1,False,,,,,
Glyptapanteles rixi,,Insect,1,Brisbane,5,False,,,,,
Glyptotermes brevicornis,,Insect,1,Sydney,1,False,,,,,
Gminatus australis,Assassin Bug,Insect,7,Adelaide | Brisbane | Canberra–Queanbeyan | Hobart | Melbourne | Perth | Sydney,1079,False,,,,,
Gminatus wallengreni,,Insect,2,Brisbane | Sydney,63,False,,,,,
Gnathaphanus melbournensis,,Insect,2,Hobart | Sydney,3,False,,,,,
Gnathaphanus philippensis,,Insect,1,Brisbane,1,False,,,,,
Gnathifera eurybias,,Insect,3,Canberra–Queanbeyan | Hobart | Melbourne,10,False,,,,,
Gnathothlibus australiensis,,Insect,1,Brisbane,2,False,,,,,
Gnathothlibus eras,,Insect,3,Brisbane | Darwin | Sydney,101,False,,,,,
Gnathothlibus erotus,Hawk Moth,Insect,1,Brisbane,1,False,,,,,
Goboea copiosana,,Insect,1,Brisbane,27,False,,,,,
Goniaea australasiae,Gumleaf Grasshopper,Insect,7,Adelaide | Brisbane | Canberra–Queanbeyan | Hobart | Melbourne | Perth | Sydney,379,False,,,,,
Goniaea carinata,,Insect,2,Brisbane | Canberra–Queanbeyan,19,False,,,,,
Goniaea opomaloides,Mimetic Gumleaf Grasshopper,Insect,6,Adelaide | Brisbane | Canberra–Queanbeyan | Melbourne | Perth | Sydney,87,False,,,,,
Goniaea vocans,Slender Gumleaf Grasshopper,Insect,3,Brisbane | Darwin | Perth,39,False,,,,,
Goniocraspedon mistura,,Insect,1,Brisbane,7,False,,,,,
Goniosema anguliscripta,,Insect,1,Sydney,5,False,,,,,
Gonipterus citrophagus,,Insect,1,Perth,1,False,,,,,
Gonipterus conicollis,,Insect,1,Melbourne,1,False,,,,,
Gonipterus gibberus,,Insect,3,Canberra–Queanbeyan | Hobart | Melbourne,9,False,,,,,
Gonipterus lepidotus,,Insect,1,Canberra–Queanbeyan,1,False,,,,,
Gonipterus notographus,,Insect,2,Hobart | Melbourne,6,False,,,,,
Gonipterus platensis,,Insect,5,Canberra–Queanbeyan | Hobart | Melbourne | Perth | Sydney,12,False,,,,,
Gonipterus pulverulentus,,Insect,1,Canberra–Queanbeyan,26,False,,,,,
Gonipterus scutellatus,Eucalyptus Weevil,Insect,6,Brisbane | Canberra–Queanbeyan | Hobart | Melbourne | Perth | Sydney,138,False,,,,,
Gonipterus suturalis,,Insect,2,Canberra–Queanbeyan | Melbourne,4,False,,,,,
Gonocephalum elderi,Vegetable Beetle,Insect,1,Perth,6,False,,,,,
Gonodontis luteola,,Insect,1,Brisbane,1,False,,,,,
Gonystus nasutus,Bug,Insect,1,Hobart,1,False,,,,,
Gorsachius melanolophus,Malayan Night-heron,Bird,1,Sydney,1,False,,,,,
Goryphus turneri,,Insect,2,Brisbane | Sydney,8,False,,,,,
Gotra gilberti,,Insect,2,Brisbane | Sydney,11,False,,,,,
Gowidon longirostris,Long-nosed Dragon,Reptile,2,Brisbane | Perth,4,False,,,,,
Gralliclava australiensis,,Insect,2,Brisbane | Darwin,8,False,,,,,
Grallina cyanoleuca,Magpie-lark,Bird,8,Adelaide | Brisbane | Canberra–Queanbeyan | Darwin | Hobart | Melbourne | Perth | Sydney,426831,False,,,,,
Grammodes justa,Owlet Moth,Insect,3,Brisbane | Darwin | Sydney,296,False,,,,,
Grammodes occulta,,Insect,1,Brisbane,1,False,,,,,
Grammodes ocellata,Owlet Moth,Insect,6,Adelaide | Brisbane | Darwin | Melbourne | Perth | Sydney,39,False,,,,,
Grammodes oculata,,Insect,1,Brisbane,3,False,,,,,
Grammodes oculicola,,Insect,6,Brisbane | Canberra–Queanbeyan | Darwin | Melbourne | Perth | Sydney,48,False,,,,,
Grammodes pulcherrima,Owlet Moth,Insect,3,Brisbane | Perth | Sydney,6,False,,,,,
Grampus griseus,Risso's Dolphin,Mammal,1,Sydney,4,False,,,,,
Grantiella picta,Painted Honeyeater,Bird,4,Brisbane | Canberra–Queanbeyan | Melbourne | Sydney,67,True,Vulnerable,Grantiella picta,Grantiella picta,Painted Honeyeater,2015-07-08
Graphium anthedon,Blue Triangle,Insect,3,Brisbane | Darwin | Sydney,1138,False,,,,,
Graphium eurypylus,Palegreen Triangle,Insect,4,Brisbane | Canberra–Queanbeyan | Darwin | Sydney,327,False,,,,,
Graphium macleayanum,Macleay's Swallowtail,Insect,4,Brisbane | Canberra–Queanbeyan | Melbourne | Sydney,82,False,,,,,
Grapholita zapyrana,,Insect,3,Brisbane | Canberra–Queanbeyan | Sydney,5,False,,,,,
Graphomya rufitibia,,Insect,2,Adelaide | Perth,2,False,,,,,
Graptomyza doddi,,Insect,1,Brisbane,1,False,,,,,
Graptomyza flavicollis,,Insect,1,Brisbane,1,False,,,,,
Graptomyza maculipennis,,Insect,1,Sydney,1,False,,,,,
Graptostethus pubescens,,Insect,1,Darwin,3,False,,,,,
Graptostethus servus,Seed Eating Bug,Insect,3,Brisbane | Darwin | Hobart,13,False,,,,,
Graptostethus varipictus,Large Milkweed Bug,Insect,3,Brisbane | Darwin | Sydney,8,False,,,,,
Griseargiolestes albescens,Coastal Flatwing,Insect,1,Brisbane,278,False,,,,,
Griseargiolestes intermedius,Alpine Flatwing,Insect,1,Melbourne,59,False,,,,,
Grossander major,Seed Bug,Insect,1,Melbourne,1,False,,,,,
Grossiana persignata,,Insect,1,Brisbane,1,False,,,,,
Gryllodes sigillatus,Indian House Cricket,Insect,6,Adelaide | Brisbane | Canberra–Queanbeyan | Darwin | Perth | Sydney,339,False,,,,,
Gryllotalpa australis,,Insect,7,Adelaide | Brisbane | Canberra–Queanbeyan | Hobart | Melbourne | Perth | Sydney,611,False,,,,,
Gryllotalpa brachyptera,Mole Cricket,Insect,3,Adelaide | Brisbane | Melbourne,3,False,,,,,
Gryllotalpa monanka,Dark Night Mole Cricket,Insect,1,Brisbane,7,False,,,,,
Gryllotalpa nitidula,Shiny Mole Cricket,Insect,3,Canberra–Queanbeyan | Perth | Sydney,19,False,,,,,
Gryllotalpa oya,,Insect,1,Adelaide,2,False,,,,,
Gryllotalpa pluvialis,,Insect,5,Adelaide | Brisbane | Melbourne | Perth | Sydney,60,False,,,,,
Gryonella magnidens,,Insect,1,Canberra–Queanbeyan,1,False,,,,,
Guerinius flaviventris,,Insect,1,Perth,7,False,,,,,
Guerinius shuckardi,,Insect,2,Canberra–Queanbeyan | Melbourne,3,False,,,,,
Guestia chaetophora,,Insect,2,Canberra–Queanbeyan | Sydney,4,False,,,,,
Guestia uniformis,Concealer Moth,Insect,2,Melbourne | Sydney,6,False,,,,,
Guiglia rubricata,,Insect,1,Melbourne,6,False,,,,,
Guineapsaltria flava,,Insect,1,Darwin,3,False,,,,,
Gygis alba,White Tern,Bird,2,Brisbane | Sydney,33,False,,,,,
Gymnastes fascipennis,,Insect,1,Sydney,1,False,,,,,
Gymnocychramus bicolor,,Insect,1,Sydney,1,False,,,,,
Gymnorhina tibicen,Australian Magpie,Bird,8,Adelaide | Brisbane | Canberra–Queanbeyan | Darwin | Hobart | Melbourne | Perth | Sydney,542615,False,,,,,
Gymnoscelis chlorobapta,,Insect,1,Brisbane,1,False,,,,,
Gymnoscelis derogata,,Insect,1,Brisbane,33,False,,,,,
Gymnoscelis holocapna,,Insect,1,Darwin,3,False,,,,,
Gymnoscelis ischnophylla,,Insect,1,Brisbane,33,False,,,,,
Gymnoscelis lophopus,,Insect,2,Brisbane | Sydney,162,False,,,,,
Gymnoscelis mesophoena,,Insect,1,Brisbane,1,False,,,,,
Gymnoscelis spodias,,Insect,2,Brisbane | Sydney,46,False,,,,,
Gynacantha dobsoni,Lesser Duskhawker,Insect,2,Brisbane | Darwin,18,False,,,,,
Gynaikothrips australis,,Insect,2,Perth | Sydney,2,False,,,,,
Gynaikothrips ficorum,Fig Leaf-rolling Thrips,Insect,2,Melbourne | Sydney,3,False,,,,,
Gynaikothrips uzeli,,Insect,2,Brisbane | Sydney,6,False,,,,,
Gynoplistia bella,Crane Fly,Insect,7,Adelaide | Brisbane | Canberra–Queanbeyan | Hobart | Melbourne | Perth | Sydney,198,False,,,,,
Gyromantis kraussi,,Insect,2,Brisbane | Perth,31,False,,,,,
Gyromantis occidentalis,,Insect,2,Darwin | Perth,2,False,,,,,
Gyrtona polionota,,Insect,1,Darwin,4,False,,,,,
Habrochlanis fragilis,Concealer Moth,Insect,1,Canberra–Queanbeyan,1,False,,,,,
Habronyx lachesis,,Insect,1,Canberra–Queanbeyan,1,False,,,,,
Habronyx victorianus,,Insect,2,Brisbane | Canberra–Queanbeyan,5,False,,,,,
Habrophylla euryzona,,Insect,1,Adelaide,14,False,,,,,
Habroscopa iriodes,Concealer Moth,Insect,1,Sydney,2,False,,,,,
Hackerobrachys viridiventris,,Insect,2,Brisbane | Sydney,62,False,,,,,
Hadrobregmus australiensis,Dampwood Borer,Insect,2,Adelaide | Hobart,2,False,,,,,
Haematopus fuliginosus,Sooty Oystercatcher,Bird,7,Adelaide | Brisbane | Darwin | Hobart | Melbourne | Perth | Sydney,6758,False,,,,,
Haematopus longirostris,Australian Pied Oystercatcher,Bird,7,Adelaide | Brisbane | Darwin | Hobart | Melbourne | Perth | Sydney,22494,False,,,,,
Haemopsalta aktites,,Insect,1,Sydney,29,False,,,,,
Haemopsalta rubea,,Insect,2,Brisbane | Sydney,95,False,,,,,
Haliaeetus leucogaster,White-bellied Sea-eagle,Bird,8,Adelaide | Brisbane | Canberra–Queanbeyan | Darwin | Hobart | Melbourne | Perth | Sydney,23152,False,,,,,
Haliastur indus,Brahminy Kite,Bird,3,Brisbane | Darwin | Sydney,15819,False,,,,,
Haliastur sphenurus,Whistling Kite,Bird,7,Adelaide | Brisbane | Canberra–Queanbeyan | Darwin | Melbourne | Perth | Sydney,30021,False,,,,,
Haliplus testudo,,Insect,1,Brisbane,1,False,,,,,
Hallodapus albofasciatus,,Insect,2,Adelaide | Brisbane,4,False,,,,,
Halmus chalybeus,Steel Blue Lady Beetle,Insect,5,Adelaide | Brisbane | Canberra–Queanbeyan | Melbourne | Sydney,498,False,,,,,
Halobates zephyrus,Water Strider,Insect,1,Brisbane,1,False,,,,,
Halone consolatrix,Moth,Insect,4,Adelaide | Canberra–Queanbeyan | Hobart | Melbourne,666,False,,,,,
Halone coryphoea,Moth,Insect,2,Canberra–Queanbeyan | Sydney,162,False,,,,,
Halone ophiodes,Moth,Insect,1,Canberra–Queanbeyan,1,False,,,,,
Halone prosenes,Moth,Insect,2,Melbourne | Sydney,85,False,,,,,
Halone pteridaula,Moth,Insect,3,Canberra–Queanbeyan | Melbourne | Sydney,42,False,,,,,
Halone sejuncta,Moth,Insect,5,Brisbane | Canberra–Queanbeyan | Hobart | Melbourne | Sydney,292,False,,,,,
Halone servilis,Moth,Insect,3,Canberra–Queanbeyan | Melbourne | Sydney,12,False,,,,,
Halone sinuata,,Insect,3,Canberra–Queanbeyan | Melbourne | Sydney,27,False,,,,,
Halone sobria,,Insect,1,Hobart,2,False,,,,,
Halticorcus platycerii,,Insect,1,Melbourne,35,False,,,,,
Hamaxas nigrorufus,,Insect,1,Brisbane,2,False,,,,,
Hamedius incarnatus,,Insect,5,Adelaide | Brisbane | Canberra–Queanbeyan | Melbourne | Perth,35,False,,,,,
Hamirostra melanosternon,Black-breasted Buzzard,Bird,2,Brisbane | Darwin,260,False,,,,,
Hapaloteucha paragramma,,Insect,2,Melbourne | Sydney,7,False,,,,,
Hapatesus hirtus,Potato Wireworm,Insect,2,Melbourne | Sydney,6,False,,,,,
Hapatesus kershawi,,Insect,1,Melbourne,1,False,,,,,
Haplodyta polybotrya,Concealer Moth,Insect,1,Canberra–Queanbeyan,2,False,,,,,
Haplonyx centralis,,Insect,1,Melbourne,1,False,,,,,
Haplonyx latus,,Insect,1,Melbourne,1,False,,,,,
Haplonyx spencei,,Insect,2,Adelaide | Brisbane,2,False,,,,,
Haplopseustis erythrias,,Insect,1,Darwin,3,False,,,,,
Haploscapanes australicus,,Insect,1,Brisbane,3,False,,,,,
Haploscapanes barbarossa,,Insect,2,Brisbane | Darwin,8,False,,,,,
Happarana pallida,,Insect,1,Darwin,1,False,,,,,
Haritalodes derogata,,Insect,2,Brisbane | Sydney,44,False,,,,,
Haritalodes obliqualis,,Insect,1,Brisbane,46,False,,,,,
Harmonia axyridis,Harlequin Ladybird,Insect,3,Brisbane | Hobart | Sydney,5,False,,,,,
Harmonia conformis,Common Spotted Ladybird,Insect,7,Adelaide | Brisbane | Canberra–Queanbeyan | Hobart | Melbourne | Perth | Sydney,5719,False,,,,,
Harmonia octomaculata,,Insect,4,Brisbane | Darwin | Melbourne | Sydney,114,False,,,,,
Harmonia testudinaria,,Insect,3,Brisbane | Canberra–Queanbeyan | Sydney,1306,False,,,,,
Harpobittacus australis,Scorpionfly,Insect,6,Brisbane | Canberra–Queanbeyan | Hobart | Melbourne | Perth | Sydney,68,False,,,,,
Harpobittacus nigriceps,Scorpionfly,Insect,2,Melbourne | Perth,35,False,,,,,
Harpobittacus phaeoscius,,Insect,1,Perth,2,False,,,,,
Harpobittacus scheibeli,,Insect,1,Brisbane,2,False,,,,,
Harpobittacus similis,,Insect,1,Perth,16,False,,,,,
Harpobittacus tillyardi,Scorpionfly,Insect,1,Brisbane,1,False,,,,,
Hasora chromus,Common Banded Awl,Insect,2,Brisbane | Darwin,92,False,,,,,
Hasora khoda,Large Banded Awl,Insect,1,Brisbane,19,False,,,,,
Hasta hastata,,Insect,3,Brisbane | Hobart | Melbourne,9,False,,,,,
Havinthus rufovarius,Assassin Bug,Insect,2,Brisbane | Perth,101,False,,,,,
Hecalus arcuatus,,Insect,1,Brisbane,1,False,,,,,
Hecatesia exultans,Small Whistling Moth,Insect,1,Perth,1,False,,,,,
Hecatesia fenestrata,Common Whistling Moth,Insect,5,Brisbane | Canberra–Queanbeyan | Hobart | Melbourne | Sydney,65,False,,,,,
Hecatesia thyridion,Southern Whistling Moth,Insect,1,Perth,1,False,,,,,
Hectobrocha adoxa,Moth,Insect,1,Sydney,1,False,,,,,
Hectobrocha multilinea,,Insect,1,Sydney,1,False,,,,,
Hectobrocha pentacyma,Moth,Insect,1,Sydney,47,False,,,,,
Hednota acontophora,Grass Moth,Insect,2,Canberra–Queanbeyan | Melbourne,8,False,,,,,
Hednota bifractellus,Grass Moth,Insect,1,Canberra–Queanbeyan,1,False,,,,,
Hednota bivittella,,Insect,4,Brisbane | Canberra–Queanbeyan | Perth | Sydney,15,False,,,,,
Hednota crypsichroa,Grass Moth,Insect,4,Adelaide | Canberra–Queanbeyan | Melbourne | Perth,24,False,,,,,
Hednota diargyra,,Insect,1,Hobart,1,False,,,,,
Hednota grammellus,Grass Moth,Insect,5,Adelaide | Canberra–Queanbeyan | Hobart | Melbourne | Sydney,254,False,,,,,
Hednota invalidellus,,Insect,1,Melbourne,1,False,,,,,
Hednota longipalpella,Grass Moth,Insect,5,Adelaide | Canberra–Queanbeyan | Melbourne | Perth | Sydney,27,False,,,,,
Hednota megalarcha,,Insect,2,Canberra–Queanbeyan | Hobart,4,False,,,,,
Hednota opulentellus,Grass Moth,Insect,1,Melbourne,2,False,,,,,
Hednota pedionoma,Grass Moth,Insect,5,Adelaide | Canberra–Queanbeyan | Hobart | Melbourne | Perth,120,False,,,,,
Hednota pleniferellus,Grass Moth,Insect,3,Hobart | Melbourne | Sydney,306,False,,,,,
Hednota recurvellus,,Insect,1,Perth,2,False,,,,,
Hednota relatalis,Grass Moth,Insect,5,Adelaide | Canberra–Queanbeyan | Hobart | Melbourne | Perth,279,False,,,,,
Hedraea quadridens,,Insect,1,Brisbane,3,False,,,,,
Hedwigiella jureceki,,Insect,1,Brisbane,23,False,,,,,
Helcystogramma hibisci,,Insect,1,Darwin,11,False,,,,,
Helea ovata,,Insect,1,Canberra–Queanbeyan,44,False,,,,,
Helea perforata,,Insect,1,Perth,16,False,,,,,
Helea waitei,,Insect,1,Sydney,1,False,,,,,
Helicoverpa armigera,Cotton Bollworm,Insect,7,Adelaide | Brisbane | Canberra–Queanbeyan | Hobart | Melbourne | Perth | Sydney,285,False,,,,,
Helicoverpa assulta,,Insect,2,Brisbane | Sydney,4,False,,,,,
Helicoverpa punctigera,Native Budworm,Insect,8,Adelaide | Brisbane | Canberra–Queanbeyan | Darwin | Hobart | Melbourne | Perth | Sydney,1168,False,,,,,
Helictophanes prospera,,Insect,1,Brisbane,2,False,,,,,
Helina addita,,Insect,3,Adelaide | Hobart | Melbourne,7,False,,,,,
Helina australasiae,,Insect,1,Hobart,3,False,,,,,
Helina caerulescens,,Insect,1,Hobart,1,False,,,,,
Helina collessi,,Insect,2,Hobart | Melbourne,14,False,,,,,
Helina imitatrix,,Insect,1,Melbourne,1,False,,,,,
Helina nigrescens,,Insect,1,Hobart,1,False,,,,,
Helina subpubescens,,Insect,1,Hobart,1,False,,,,,
Helinomydaea flavofusca,,Insect,3,Canberra–Queanbeyan | Hobart | Melbourne,12,False,,,,,
Helinomydaea fuscoflava,,Insect,3,Hobart | Melbourne | Sydney,39,False,,,,,
Heliocausta oecophorella,,Insect,1,Adelaide,16,False,,,,,
Heliocausta pelosticta,,Insect,1,Sydney,1,False,,,,,
Heliocheilus aberrans,Owlet Moth,Insect,1,Canberra–Queanbeyan,1,False,,,,,
Heliocheilus cramboides,Owlet Moth,Insect,1,Brisbane,1,False,,,,,
Heliocheilus moribunda,Owlet Moth,Insect,3,Canberra–Queanbeyan | Melbourne | Sydney,15,False,,,,,
Heliocheilus rhodopolia,,Insect,1,Darwin,1,False,,,,,
Heliocosma argyroleuca,,Insect,4,Brisbane | Canberra–Queanbeyan | Melbourne | Sydney,52,False,,,,,
Heliocosma incongruana,,Insect,1,Melbourne,2,False,,,,,
Heliocosma melanotypa,Leafroller Moth,Insect,1,Canberra–Queanbeyan,3,False,,,,,
Heliocosma rhodopnoana,,Insect,1,Perth,1,False,,,,,
Heliomystis electrica,Geometer Moth,Insect,3,Hobart | Melbourne | Sydney,14,False,,,,,
Heliosia jucunda,Moth,Insect,2,Brisbane | Sydney,20,False,,,,,
Heliothela didymospila,,Insect,1,Brisbane,3,False,,,,,
Heliothela ophideresana,,Insect,4,Brisbane | Canberra–Queanbeyan | Melbourne | Sydney,20,False,,,,,
Heliothis punctifera,Owlet Moth,Insect,6,Adelaide | Brisbane | Canberra–Queanbeyan | Melbourne | Perth | Sydney,67,False,,,,,
Heliothrips haemorrhoidalis,Greenhouse Thrips,Insect,4,Adelaide | Brisbane | Melbourne | Perth,11,False,,,,,
Helius communis,Crane Fly,Insect,3,Brisbane | Melbourne | Sydney,5,False,,,,,
Hellinsia balanotes,Groundsel Plume Moth,Insect,1,Brisbane,30,False,,,,,
Hellula hydralis,Grass Moth,Insect,6,Adelaide | Brisbane | Canberra–Queanbeyan | Melbourne | Perth | Sydney,859,False,,,,,
Hellula undalis,,Insect,4,Adelaide | Brisbane | Canberra–Queanbeyan | Darwin,20,False,,,,,
Helluo costatus,,Insect,1,Sydney,1,False,,,,,
Helluonidius cyaneus,,Insect,1,Brisbane,1,False,,,,,
Hellyethira malleoforma,Caddisfly,Insect,2,Brisbane | Sydney,32,False,,,,,
Helopeltis pernicialis,,Insect,1,Brisbane,1,False,,,,,
Hemiaspis damelii,Grey Snake,Reptile,1,Sydney,11,True,Endangered,Hemiaspis damelii,Hemiaspis damelii,Grey Snake,2022-10-05
Hemiaspis signata,Marsh Snake,Reptile,2,Brisbane | Sydney,178,False,,,,,
Hemibela actinodes,,Insect,2,Melbourne | Sydney,2,False,,,,,
Hemibela callista,Concealer Moth,Insect,3,Brisbane | Canberra–Queanbeyan | Sydney,16,False,,,,,
Hemibela gnomica,,Insect,2,Canberra–Queanbeyan | Sydney,3,False,,,,,
Hemibela hemicalypta,Concealer Moth,Insect,3,Adelaide | Canberra–Queanbeyan | Melbourne,11,False,,,,,
Hemibela platyxantha,,Insect,1,Perth,1,False,,,,,
Hemibela pyrochrysa,Concealer Moth,Insect,2,Adelaide | Sydney,2,False,,,,,
Hemibela trigonoptera,,Insect,1,Brisbane,2,False,,,,,
Hemibela tyranna,Concealer Moth,Insect,2,Brisbane | Sydney,3,False,,,,,
Hemibelideus lemuroides,Lemuroid Ringtail Possum,Mammal,1,Sydney,2,True,Endangered,Hemibelideus lemuroides,Hemibelideus lemuroides,Lemuroid Ringtail Possum,2026-02-06
Hemicistela discoidalis,,Insect,1,Melbourne,1,False,,,,,
Hemicordulia australiae,Australian Emerald,Insect,7,Adelaide | Brisbane | Canberra–Queanbeyan | Hobart | Melbourne | Perth | Sydney,1920,False,,,,,
Hemicordulia continentalis,Fat-bellied Emerald,Insect,2,Brisbane | Sydney,240,False,,,,,
Hemicordulia intermedia,Yellow-spotted Emerald,Insect,1,Brisbane,3,False,,,,,
Hemicordulia tau,Tau Emerald,Insect,7,Adelaide | Brisbane | Canberra–Queanbeyan | Hobart | Melbourne | Perth | Sydney,2622,False,,,,,
Hemicyclus punctulatus,,Insect,2,Canberra–Queanbeyan | Melbourne,2,False,,,,,
Hemicyclus reaumuri,,Insect,2,Brisbane | Sydney,12,False,,,,,
Hemidactylus frenatus,House Gecko,Reptile,5,Brisbane | Canberra–Queanbeyan | Darwin | Perth | Sydney,1422,False,,,,,
Hemidactylus garnotii,Indo-pacific Gecko,Reptile,1,Sydney,238,False,,,,,
Hemidactylus parvimaculatus,Spotted House Gecko,Reptile,1,Perth,1,False,,,,,
Hemiergis decresiensis,Three-toed Earless Skink,Reptile,3,Adelaide | Canberra–Queanbeyan | Sydney,257,False,,,,,
Hemiergis gracilipes,South-western Mulch-skink,Reptile,1,Perth,1,False,,,,,
Hemiergis initialis,Southwestern Earless Skink,Reptile,2,Adelaide | Perth,19,False,,,,,
Hemiergis peronii,Lowlands Earless Skink,Reptile,1,Adelaide,148,False,,,,,
Hemiergis quadrilineata,Two-toed Earless Skink,Reptile,1,Perth,276,False,,,,,
Hemiergis talbingoensis,Eastern Three-toed Earless Skink,Reptile,2,Canberra–Queanbeyan | Sydney,61,False,,,,,
Hemigomphus gouldii,Southern Vicetail,Insect,1,Sydney,3,False,,,,,
Hemigomphus heteroclytus,Stout Vicetail,Insect,4,Adelaide | Brisbane | Canberra–Queanbeyan | Sydney,36,False,,,,,
Hemipharis insularis,,Insect,1,Darwin,32,False,,,,,
Hemipsocus selysi,,Insect,1,Sydney,5,False,,,,,
Hemipyrellia fergusoni,,Insect,2,Brisbane | Sydney,8,False,,,,,
Hemipyrellia ligurriens,,Insect,2,Brisbane | Darwin,10,False,,,,,
Hemisaga albilinea,,Insect,1,Perth,8,False,,,,,
Hemisaga denticulata,,Insect,1,Perth,23,False,,,,,
Hemiscopis violacea,,Insect,1,Brisbane,72,False,,,,,
Hemithea wuka,,Insect,1,Darwin,12,False,,,,,
Henicopsaltria eydouxii,Razor Grinder,Insect,2,Brisbane | Sydney,471,False,,,,,
Hensaussurea halmaturina,,Insect,1,Sydney,1,False,,,,,
Heoclisis fundata,Antlion,Insect,6,Adelaide | Canberra–Queanbeyan | Hobart | Melbourne | Perth | Sydney,124,False,,,,,
Hermerius prionoides,,Insect,1,Perth,16,False,,,,,
Hermetia illucens,,Insect,7,Adelaide | Brisbane | Canberra–Queanbeyan | Darwin | Melbourne | Perth | Sydney,1005,False,,,,,
Hermetia olympiae,,Insect,1,Brisbane,1,False,,,,,
Herpetogramma hipponalis,,Insect,1,Brisbane,3,False,,,,,
Herpetogramma licarsisalis,Sod Webworm,Insect,6,Brisbane | Canberra–Queanbeyan | Darwin | Melbourne | Perth | Sydney,1525,False,,,,,
Herpetogramma stultalis,,Insect,1,Brisbane,3,False,,,,,
Hesperilla chrysotricha,Golden-haired Sedge-skipper,Insect,1,Hobart,1,False,,,,,
Hesperilla donnysa,Varied Sedge-skipper,Insect,5,Adelaide | Hobart | Melbourne | Perth | Sydney,105,False,,,,,
Hesperilla flavescens,Yellowish Skipper,Insect,2,Adelaide | Melbourne,8,False,,,,,
Hesperilla idothea,Flame Sedge-skipper,Insect,4,Adelaide | Hobart | Melbourne | Sydney,16,False,,,,,
Hesperilla malindeva,Malindeva Skipper,Insect,1,Brisbane,2,False,,,,,
Hesperilla ornata,Spotted Sedge-skipper,Insect,2,Brisbane | Melbourne,33,False,,,,,
Hesperilla picta,Painted Sedge-skipper,Insect,2,Brisbane | Sydney,18,False,,,,,
Hesperilla trimaculata,Large Brown Skipper,Insect,1,Sydney,3,False,,,,,
Hesperoedura reticulata,Reticulated Velvet Gecko,Reptile,1,Perth,1,False,,,,,
Hesperus australis,,Insect,1,Sydney,1,False,,,,,
Hesperus haemorrhoidalis,,Insect,4,Brisbane | Canberra–Queanbeyan | Melbourne | Sydney,13,False,,,,,
Hesthesis assimilis,,Insect,2,Brisbane | Sydney,3,False,,,,,
Hesthesis cingulatus,,Insect,1,Sydney,2,False,,,,,
Hesthesis ferrugineus,,Insect,2,Brisbane | Sydney,4,False,,,,,
Hesthesis plorator,,Insect,3,Canberra–Queanbeyan | Hobart | Melbourne,4,False,,,,,
Hestiochora continentalis,Forester Moth,Insect,1,Perth,1,False,,,,,
Hestiochora erythrota,,Insect,2,Brisbane | Sydney,7,False,,,,,
Hestiochora furcata,Forester Moth,Insect,2,Canberra–Queanbeyan | Sydney,2,False,,,,,
Hestiochora intermixta,,Insect,1,Brisbane,1,False,,,,,
Hestiochora occidentalis,,Insect,1,Perth,7,False,,,,,
Hestiochora tricolor,Forester Moth,Insect,1,Hobart,1,False,,,,,
Hesychopa chionora,Moth,Insect,2,Brisbane | Sydney,77,False,,,,,
Heterallactis euchrysa,,Insect,1,Brisbane,161,False,,,,,
Heterallactis microchrysa,,Insect,1,Brisbane,195,False,,,,,
Heterallactis phlogozona,,Insect,1,Darwin,5,False,,,,,
Heterocerus flindersi,,Insect,5,Adelaide | Brisbane | Canberra–Queanbeyan | Melbourne | Perth,31,False,,,,,
Heterocerus mastersii,,Insect,1,Melbourne,1,False,,,,,
Heterocerus simillimus,,Insect,1,Brisbane,1,False,,,,,
Heterochasta conglobata,,Insect,2,Brisbane | Sydney,10,False,,,,,
Heteroconis maculata,,Insect,2,Adelaide | Canberra–Queanbeyan,8,False,,,,,
Heteroconis ornata,Lacewing,Insect,5,Brisbane | Canberra–Queanbeyan | Hobart | Melbourne | Sydney,22,False,,,,,
Heterohesma weiri,Plasterer Bee,Insect,1,Hobart,1,False,,,,,
Heterolepisma buntonorum,,Insect,1,Hobart,1,False,,,,,
Heteromastix fusicornis,,Insect,2,Melbourne | Sydney,18,False,,,,,
Heteromastix pauxillus,,Insect,1,Hobart,3,False,,,,,
Heteromeringia laticornis,,Insect,1,Hobart,1,False,,,,,
Heteromicta aegidia,,Insect,3,Canberra–Queanbeyan | Melbourne | Sydney,13,False,,,,,
Heteromicta pachytera,Grass Moth,Insect,7,Adelaide | Brisbane | Canberra–Queanbeyan | Hobart | Melbourne | Perth | Sydney,517,False,,,,,
Heteromicta poeodes,,Insect,2,Brisbane | Sydney,7,False,,,,,
Heteromicta sordidella,,Insect,1,Sydney,1,False,,,,,
Heteromicta tripartitella,Grass Moth,Insect,4,Brisbane | Canberra–Queanbeyan | Melbourne | Sydney,124,False,,,,,
Heteromunia pectoralis,Pictorella Mannikin,Bird,1,Darwin,2,False,,,,,
Heteromyias cinereifrons,Grey-headed Robin,Bird,1,Sydney,2,False,,,,,
Heteronotia binoei,Bynoe's Gecko,Reptile,4,Adelaide | Darwin | Perth | Sydney,89,False,,,,,
Heteronychus arator,African Black Beetle,Insect,6,Adelaide | Brisbane | Canberra–Queanbeyan | Melbourne | Perth | Sydney,996,False,,,,,
Heteronychus parumpunctatus,,Insect,1,Melbourne,1,False,,,,,
Heteronympha banksii,Banks' Brown,Insect,2,Melbourne | Sydney,217,False,,,,,
Heteronympha merope,Common Brown,Insect,7,Adelaide | Brisbane | Canberra–Queanbeyan | Hobart | Melbourne | Perth | Sydney,5844,False,,,,,
Heteronympha mirifica,Wonder Brown,Insect,2,Brisbane | Sydney,24,False,,,,,
Heteronympha paradelpha,Spotted Brown,Insect,3,Canberra–Queanbeyan | Melbourne | Sydney,66,False,,,,,
Heteronympha penelope,Shouldered Brown,Insect,3,Canberra–Queanbeyan | Hobart | Melbourne,226,False,,,,,
Heteronyx cervina,,Insect,1,Hobart,7,False,,,,,
Heteronyx dimidiata,,Insect,3,Canberra–Queanbeyan | Hobart | Melbourne,16,False,,,,,
Heteronyx pilosellus,,Insect,1,Hobart,3,False,,,,,
Heteronyx planiceps,,Insect,1,Hobart,1,False,,,,,
Heteropelma scaposum,Two-toned Caterpillar Parasite Wasp,Insect,5,Adelaide | Brisbane | Canberra–Queanbeyan | Melbourne | Sydney,42,False,,,,,
Heteroponera imbellis,Ant,Insect,3,Brisbane | Melbourne | Sydney,8,False,,,,,
Heteropsilopus brevicornis,Long-legged Fly,Insect,2,Hobart | Melbourne,10,False,,,,,
Heteropsilopus cingulipes,Long-legged Fly,Insect,6,Adelaide | Brisbane | Canberra–Queanbeyan | Hobart | Melbourne | Sydney,515,False,,,,,
Heteropsilopus ingenuus,Long-legged Fly,Insect,5,Adelaide | Canberra–Queanbeyan | Hobart | Melbourne | Sydney,127,False,,,,,
Heteropsilopus squamifer,,Insect,2,Canberra–Queanbeyan | Sydney,37,False,,,,,
Heteropsyche poecilochroma,,Insect,1,Brisbane,7,False,,,,,
Heteropsylla cubana,,Insect,1,Brisbane,3,False,,,,,
Heteropternis obscurella,,Insect,6,Adelaide | Brisbane | Canberra–Queanbeyan | Darwin | Perth | Sydney,69,False,,,,,
Heteroptolis leucosta,Concealer Moth,Insect,1,Adelaide,1,False,,,,,
Heterormista psammochroa,,Insect,1,Brisbane,1,False,,,,,
Heterorta plutonis,,Insect,5,Brisbane | Canberra–Queanbeyan | Hobart | Melbourne | Sydney,140,False,,,,,
Heteroscenes pallidus,Pallid Cuckoo,Bird,8,Adelaide | Brisbane | Canberra–Queanbeyan | Darwin | Hobart | Melbourne | Perth | Sydney,2359,False,,,,,
Heterotermes ferox,Termite,Insect,1,Sydney,1,False,,,,,
Heteroteucha anthodora,Concealer Moth,Insect,4,Brisbane | Canberra–Queanbeyan | Melbourne | Sydney,40,False,,,,,
Heteroteucha dichroella,Concealer Moth,Insect,6,Adelaide | Brisbane | Canberra–Queanbeyan | Melbourne | Perth | Sydney,50,False,,,,,
Heteroteucha dimochla,,Insect,2,Brisbane | Darwin,7,False,,,,,
Heteroteucha distephana,Concealer Moth,Insect,3,Brisbane | Canberra–Queanbeyan | Sydney,50,False,,,,,
Heteroteucha kershawi,Concealer Moth,Insect,1,Canberra–Queanbeyan,1,False,,,,,
Heteroteucha leptobaphes,,Insect,2,Brisbane | Sydney,10,False,,,,,
Heteroteucha occidua,Concealer Moth,Insect,4,Canberra–Queanbeyan | Hobart | Melbourne | Perth,35,False,,,,,
Heteroteucha parvula,Concealer Moth,Insect,1,Adelaide,1,False,,,,,
Heteroteucha rhoecozona,Concealer Moth,Insect,1,Sydney,1,False,,,,,
Heteroteucha translatella,Concealer Moth,Insect,4,Brisbane | Canberra–Queanbeyan | Melbourne | Sydney,141,False,,,,,
Heterozyga coppatias,,Insect,4,Adelaide | Canberra–Queanbeyan | Melbourne | Sydney,27,False,,,,,
Hexacentrus mundurra,,Insect,1,Darwin,2,False,,,,,
Hexadactilia civilis,,Insect,1,Sydney,1,False,,,,,
Hexymus australis,,Insect,1,Melbourne,2,False,,,,,
Hiarchas angularis,Shield Bug,Insect,2,Hobart | Melbourne,8,False,,,,,
Hiarchas crassicornis,Shield Bug,Insect,6,Adelaide | Brisbane | Canberra–Queanbeyan | Melbourne | Perth | Sydney,11,False,,,,,
Hieraaetus morphnoides,Little Eagle,Bird,7,Adelaide | Brisbane | Canberra–Queanbeyan | Darwin | Melbourne | Perth | Sydney,5437,False,,,,,
Hierodula majuscula,,Insect,1,Melbourne,1,False,,,,,
Hierodula pustulifera,,Insect,1,Darwin,1,False,,,,,
Hierodula werneri,,Insect,1,Darwin,37,False,,,,,
Hieromantis ephodophora,,Insect,6,Adelaide | Brisbane | Canberra–Queanbeyan | Darwin | Melbourne | Sydney,51,False,,,,,
Himantopus himantopus,Black-winged Stilt,Bird,7,Adelaide | Brisbane | Canberra–Queanbeyan | Darwin | Melbourne | Perth | Sydney,57671,False,,,,,
Himerois periphaea,,Insect,1,Darwin,2,False,,,,,
Hindoloides appendiculata,,Insect,1,Sydney,1,False,,,,,
Hippodamia variegata,Spotted Amber Ladybird,Insect,7,Adelaide | Brisbane | Canberra–Queanbeyan | Hobart | Melbourne | Perth | Sydney,2154,False,,,,,
Hippotion boerhaviae,,Insect,1,Brisbane,2,False,,,,,
Hippotion celerio,Grapevine Hawk Moth,Insect,7,Adelaide | Brisbane | Canberra–Queanbeyan | Hobart | Melbourne | Perth | Sydney,414,False,,,,,
Hippotion johanna,,Insect,1,Brisbane,6,False,,,,,
Hippotion rosetta,,Insect,3,Brisbane | Darwin | Sydney,61,False,,,,,
Hippotion scrofa,Scrofa Hawk Moth,Insect,7,Adelaide | Brisbane | Canberra–Queanbeyan | Darwin | Melbourne | Perth | Sydney,557,False,,,,,
Hippotion velox,,Insect,1,Darwin,3,False,,,,,
Hirtodrosophila mycetophaga,,Insect,1,Melbourne,2,False,,,,,
Hirundapus caudacutus,White-throated Needletail,Bird,7,Adelaide | Brisbane | Canberra–Queanbeyan | Darwin | Hobart | Melbourne | Sydney,7242,True,Vulnerable,Hirundapus caudacutus,Hirundapus caudacutus,White-throated Needletail,2019-07-04
Hirundo neoxena,Welcome Swallow,Bird,8,Adelaide | Brisbane | Canberra–Queanbeyan | Darwin | Hobart | Melbourne | Perth | Sydney,327186,False,,,,,
Hirundo rustica,Barn Swallow,Bird,3,Adelaide | Darwin | Sydney,23,False,,,,,
Hirundo tahitica,Pacific Swallow,Bird,2,Adelaide | Sydney,12,False,,,,,
Hispellinus australicus,,Insect,1,Melbourne,14,False,,,,,
Hispellinus fimbriatus,,Insect,1,Melbourne,5,False,,,,,
Hispellinus multispinosus,,Insect,5,Adelaide | Brisbane | Canberra–Queanbeyan | Hobart | Melbourne,55,False,,,,,
Hister nomas,Hister Beetle,Insect,1,Sydney,1,False,,,,,
Hobartina amblyiodes,Moth,Insect,1,Hobart,7,False,,,,,
Hofmannophila pseudospretella,,Insect,7,Adelaide | Brisbane | Canberra–Queanbeyan | Hobart | Melbourne | Perth | Sydney,219,False,,,,,
Holocola deloschema,,Insect,2,Canberra–Queanbeyan | Melbourne,6,False,,,,,
Holocola pericyphana,,Insect,1,Sydney,1,False,,,,,
Holocola perspectana,,Insect,1,Sydney,1,False,,,,,
Holocola sollicitana,,Insect,1,Melbourne,2,False,,,,,
Holocola thalassinana,,Insect,7,Adelaide | Brisbane | Canberra–Queanbeyan | Hobart | Melbourne | Perth | Sydney,202,False,,,,,
Holocola triangulana,,Insect,3,Adelaide | Canberra–Queanbeyan | Melbourne,14,False,,,,,
Holocryptis phasianura,Owlet Moth,Insect,3,Brisbane | Melbourne | Sydney,24,False,,,,,
Hololepta lissopyga,,Insect,2,Brisbane | Perth,3,False,,,,,
Homaemota basalis,,Insect,1,Perth,1,False,,,,,
Homodes bracteigutta,,Insect,2,Brisbane | Darwin,11,False,,,,,
Homoeosoma contracta,,Insect,1,Sydney,1,False,,,,,
Homoeosoma vagella,,Insect,5,Adelaide | Brisbane | Canberra–Queanbeyan | Melbourne | Sydney,139,False,,,,,
Homoeoxipha lycoides,,Insect,2,Brisbane | Darwin,4,False,,,,,
Homoneura binotata,,Insect,2,Adelaide | Perth,25,False,,,,,
Homoneura discoglauca,,Insect,1,Darwin,1,False,,,,,
Homoneura fumifrons,,Insect,1,Sydney,1,False,,,,,
Homoneura intricata,Acalyptrate Fly,Insect,1,Hobart,1,False,,,,,
Homoneura nigra,,Insect,2,Brisbane | Darwin,18,False,,,,,
Homoneura proximella,,Insect,1,Brisbane,1,False,,,,,
Homospora rhodoscopa,,Insect,1,Darwin,2,False,,,,,
Homotrysis bicolor,,Insect,1,Hobart,1,False,,,,,
Homotrysis cisteloides,,Insect,2,Canberra–Queanbeyan | Melbourne,33,False,,,,,
Homotrysis limbata,,Insect,1,Melbourne,3,False,,,,,
Homotrysis lugubris,,Insect,1,Canberra–Queanbeyan,16,False,,,,,
Homotrysis macleayi,,Insect,4,Brisbane | Canberra–Queanbeyan | Melbourne | Sydney,27,False,,,,,
Homotrysis pallipes,,Insect,1,Melbourne,1,False,,,,,
Homotrysis scutellaris,,Insect,2,Brisbane | Canberra–Queanbeyan,17,False,,,,,
Hoplocephalus bungaroides,Broad-headed Snake,Reptile,1,Sydney,17,True,Endangered,Hoplocephalus bungaroides,Hoplocephalus bungaroides,Broad-headed Snake,2023-11-15
Hoplocephalus stephensii,Stephens' Banded Snake,Reptile,2,Brisbane | Sydney,5,False,,,,,
Hoplomorpha abalienella,Concealer Moth,Insect,3,Brisbane | Melbourne | Sydney,37,False,,,,,
Hoplomorpha camelaea,Concealer Moth,Insect,2,Canberra–Queanbeyan | Sydney,5,False,,,,,
Hoplomorpha caminodes,,Insect,1,Brisbane,1,False,,,,,
Hoplomorpha notatana,,Insect,1,Sydney,2,False,,,,,
Hoplopeza pulcherrima,,Insect,5,Brisbane | Canberra–Queanbeyan | Hobart | Melbourne | Sydney,35,False,,,,,
Hoplostega ochroma,Concealer Moth,Insect,7,Adelaide | Brisbane | Canberra–Queanbeyan | Hobart | Melbourne | Perth | Sydney,557,False,,,,,
Horcinia distincta,,Insect,1,Canberra–Queanbeyan,1,False,,,,,
Horcinia varians,Assassin Bug,Insect,1,Sydney,1,False,,,,,
Horisme mortuata,Geometer Moth,Insect,2,Hobart | Melbourne,3,False,,,,,
Horisme plagiographa,,Insect,1,Adelaide,3,False,,,,,
Horouta aristarche,Leafhopper,Insect,2,Canberra–Queanbeyan | Melbourne,14,False,,,,,
Horridipamera nietneri,,Insect,2,Brisbane | Darwin,17,False,,,,,
Horridipamera robusta,,Insect,1,Brisbane,3,False,,,,,
Horstmannolochus pulchripennis,,Insect,1,Melbourne,1,False,,,,,
Hort yealensis,,Insect,1,Perth,4,False,,,,,
Hoshihananomia leucosticta,,Insect,5,Adelaide | Canberra–Queanbeyan | Hobart | Melbourne | Sydney,102,False,,,,,
Hoshihananomia multiguttata,,Insect,4,Brisbane | Canberra–Queanbeyan | Melbourne | Sydney,34,False,,,,,
Hoshihananomia octodecimmaculata,,Insect,1,Melbourne,2,False,,,,,
Hoshihananomia quattuordecimmaculata,,Insect,1,Brisbane,1,False,,,,,
Hoshihananomia vitticollis,,Insect,1,Brisbane,1,False,,,,,
Howickia australis,,Insect,1,Melbourne,3,False,,,,,
Howickia erythrocephala,,Insect,1,Melbourne,1,False,,,,,
Howickia myrmecophila,,Insect,2,Hobart | Melbourne,6,False,,,,,
Howickia subsinuata,,Insect,2,Canberra–Queanbeyan | Melbourne,3,False,,,,,
Howickia trivittata,,Insect,1,Melbourne,1,False,,,,,
Hudsonema paludosus,Caddisfly,Insect,1,Brisbane,1,False,,,,,
Hullia commoni,,Insect,1,Perth,1,False,,,,,
Hulodes caranea,,Insect,1,Brisbane,6,False,,,,,
Humorolethalis sergius,,Insect,2,Hobart | Melbourne,3,False,,,,,
Hyalarcta huebneri,Leaf Case Moth,Insect,6,Adelaide | Brisbane | Canberra–Queanbeyan | Melbourne | Perth | Sydney,147,False,,,,,
Hyalarcta nigrescens,Ribbed Bagworm Moth,Insect,7,Adelaide | Brisbane | Canberra–Queanbeyan | Hobart | Melbourne | Perth | Sydney,658,False,,,,,
Hyalinaspis pallidinota,Psyllid Bug,Insect,1,Canberra–Queanbeyan,2,False,,,,,
Hyalobathra aequalis,,Insect,2,Brisbane | Darwin,3,False,,,,,
Hyalobathra archeleuca,,Insect,2,Brisbane | Sydney,67,False,,,,,
Hyalobathra crenulata,,Insect,2,Brisbane | Darwin,154,False,,,,,
Hyalobathra miniosalis,,Insect,1,Brisbane,20,False,,,,,
Hyalobathra unicolor,,Insect,2,Brisbane | Sydney,56,False,,,,,
Hyalopeplus loriae,,Insect,4,Brisbane | Darwin | Perth | Sydney,42,False,,,,,
Hyalopeza schneiderae,Primitive Crane Fly,Insect,2,Canberra–Queanbeyan | Melbourne,7,False,,,,,
Hyalopterus pruni,Mealy Plum Aphid,Insect,3,Adelaide | Melbourne | Sydney,10,False,,,,,
Hyblaea ibidias,,Insect,1,Brisbane,4,False,,,,,
Hyblaea puera,,Insect,2,Brisbane | Darwin,2,False,,,,,
Hyderodes crassus,Diving Beetle,Insect,1,Perth,2,False,,,,,
Hydrellia tritici,Lawn Fly,Insect,6,Adelaide | Brisbane | Canberra–Queanbeyan | Hobart | Melbourne | Sydney,272,False,,,,,
Hydrellia victoria,Shore Fly,Insect,1,Melbourne,3,False,,,,,
Hydrillodes dimissalis,,Insect,2,Brisbane | Sydney,22,False,,,,,
Hydrillodes funestalis,Litter Moth,Insect,2,Brisbane | Sydney,114,False,,,,,
Hydrillodes metisalis,,Insect,1,Brisbane,6,False,,,,,
Hydriris chalybitis,,Insect,2,Brisbane | Darwin,20,False,,,,,
Hydriris ornatalis,,Insect,1,Brisbane,7,False,,,,,
Hydrobasileus brevistylus,Water Prince,Insect,2,Brisbane | Darwin,289,False,,,,,
Hydrobates matsudairae,Matsudaira's Storm-petrel,Bird,1,Darwin,1,False,,,,,
Hydromys chrysogaster,Water-rat,Mammal,8,Adelaide | Brisbane | Canberra–Queanbeyan | Darwin | Hobart | Melbourne | Perth | Sydney,2254,False,,,,,
Hydrophilus albipes,Water Scavenger Beetle,Insect,2,Canberra–Queanbeyan | Melbourne,3,False,,,,,
Hydrophilus latipalpus,Large Water Beetle,Insect,2,Melbourne | Perth,2,False,,,,,
Hydrophis curtus,Spine-bellied Sea Snake,Reptile,1,Darwin,2,False,,,,,
Hydrophis elegans,Elegant Sea Snake,Reptile,3,Brisbane | Darwin | Sydney,14,False,,,,,
Hydrophis macdowelli,Small-headed Sea Snake,Reptile,1,Darwin,1,False,,,,,
Hydrophis major,Olive-headed Sea Snake,Reptile,1,Sydney,1,False,,,,,
Hydrophis platurus,Yellow-bellied Sea Snake,Reptile,2,Perth | Sydney,68,False,,,,,
Hydrophis stokesii,Stokes's Sea Snake,Reptile,1,Sydney,2,False,,,,,
Hydrophorus praecox,,Insect,2,Melbourne | Perth,2,False,,,,,
Hydroprogne caspia,Caspian Tern,Bird,8,Adelaide | Brisbane | Canberra–Queanbeyan | Darwin | Hobart | Melbourne | Perth | Sydney,13828,False,,,,,
Hydrotaea chalcogaster,,Insect,2,Brisbane | Sydney,14,False,,,,,
Hydrurga leptonyx,Leopard Seal,Mammal,5,Adelaide | Hobart | Melbourne | Perth | Sydney,21,False,,,,,
Hygraula nitens,Pond Moth,Insect,7,Adelaide | Brisbane | Canberra–Queanbeyan | Hobart | Melbourne | Perth | Sydney,327,False,,,,,
Hygraula pelochyta,,Insect,1,Melbourne,2,False,,,,,
Hylacola pyrrhopygia,Chestnut-rumped Heathwren,Bird,4,Adelaide | Canberra–Queanbeyan | Melbourne | Sydney,216,False,,,,,
Hylaeora capucina,Moth,Insect,2,Brisbane | Sydney,38,False,,,,,
Hylaeora caustopis,Great Rough-head,Insect,2,Adelaide | Hobart,3,False,,,,,
Hylaeora dilucida,Moth,Insect,3,Adelaide | Canberra–Queanbeyan | Perth,3,False,,,,,
Hylaeora eucalypti,Eucalyptus Prominent Moth,Insect,5,Adelaide | Canberra–Queanbeyan | Hobart | Melbourne | Sydney,25,False,,,,,
Hylaeus accipitris,Plasterer Bee,Insect,1,Melbourne,1,False,,,,,
Hylaeus albocuneatus,Plasterer Bee,Insect,1,Canberra–Queanbeyan,2,False,,,,,
Hylaeus albonitens,,Insect,3,Brisbane | Darwin | Perth,21,False,,,,,
Hylaeus alcyoneus,Species Of Yellowfaced Bee,Insect,4,Adelaide | Melbourne | Perth | Sydney,70,False,,,,,
Hylaeus amiculiformis,,Insect,3,Brisbane | Canberra–Queanbeyan | Sydney,13,False,,,,,
Hylaeus amiculinus,Plasterer Bee,Insect,4,Adelaide | Canberra–Queanbeyan | Melbourne | Sydney,16,False,,,,,
Hylaeus amiculus,Plasterer Bee,Insect,4,Adelaide | Canberra–Queanbeyan | Melbourne | Perth,6,False,,,,,
Hylaeus aralis,Plasterer Bee,Insect,6,Adelaide | Brisbane | Canberra–Queanbeyan | Melbourne | Perth | Sydney,40,False,,,,,
Hylaeus asperithorax,Plasterer Bee,Insect,2,Melbourne | Sydney,5,False,,,,,
Hylaeus bidentatus,,Insect,1,Sydney,12,False,,,,,
Hylaeus bituberculatus,Plasterer Bee,Insect,3,Canberra–Queanbeyan | Melbourne | Sydney,16,False,,,,,
Hylaeus brevior,Plasterer Bee,Insect,1,Perth,3,False,,,,,
Hylaeus callosus,Plasterer Bee,Insect,1,Melbourne,1,False,,,,,
Hylaeus certus,Plasterer Bee,Insect,2,Brisbane | Melbourne,7,False,,,,,
Hylaeus chlorosomus,Plasterer Bee,Insect,5,Adelaide | Canberra–Queanbeyan | Melbourne | Perth | Sydney,14,False,,,,,
Hylaeus chromaticus,,Insect,1,Brisbane,3,False,,,,,
Hylaeus chrysaspis,Plasterer Bee,Insect,1,Perth,1,False,,,,,
Hylaeus cyaneomicans,,Insect,1,Brisbane,4,False,,,,,
Hylaeus cyanurus,,Insect,1,Brisbane,1,False,,,,,
Hylaeus daviesiae,,Insect,2,Melbourne | Sydney,5,False,,,,,
Hylaeus delicatus,Plasterer Bee,Insect,1,Brisbane,2,False,,,,,
Hylaeus disjunctus,,Insect,2,Brisbane | Darwin,13,False,,,,,
Hylaeus elegans,Plasterer Bee,Insect,6,Adelaide | Brisbane | Canberra–Queanbeyan | Melbourne | Perth | Sydney,28,False,,,,,
Hylaeus eugeniellus,Plasterer Bee,Insect,2,Adelaide | Brisbane,4,False,,,,,
Hylaeus euxanthus,Plasterer Bee,Insect,7,Adelaide | Brisbane | Canberra–Queanbeyan | Hobart | Melbourne | Perth | Sydney,136,False,,,,,
Hylaeus greavesi,,Insect,1,Perth,2,False,,,,,
Hylaeus halictiformis,,Insect,1,Brisbane,4,False,,,,,
Hylaeus honestus,Species Of Yellowfaced Bee,Insect,6,Adelaide | Brisbane | Canberra–Queanbeyan | Melbourne | Perth | Sydney,73,False,,,,,
Hylaeus kelvini,,Insect,2,Brisbane | Sydney,6,False,,,,,
Hylaeus lateralis,Plasterer Bee,Insect,2,Adelaide | Brisbane,5,False,,,,,
Hylaeus leviceps,Plasterer Bee,Insect,1,Sydney,1,False,,,,,
Hylaeus littleri,Species Of Yellowfaced Bee,Insect,7,Adelaide | Brisbane | Canberra–Queanbeyan | Hobart | Melbourne | Perth | Sydney,226,False,,,,,
Hylaeus nubilosus,Plasterer Bee,Insect,7,Adelaide | Brisbane | Canberra–Queanbeyan | Hobart | Melbourne | Perth | Sydney,184,False,,,,,
Hylaeus ofarrelli,Plasterer Bee,Insect,3,Canberra–Queanbeyan | Melbourne | Sydney,5,False,,,,,
Hylaeus perhumilis,Species Of Yellowfaced Bee,Insect,5,Adelaide | Brisbane | Hobart | Melbourne | Sydney,23,False,,,,,
Hylaeus perplexus,,Insect,3,Hobart | Melbourne | Sydney,10,False,,,,,
Hylaeus perrufus,,Insect,1,Adelaide,1,False,,,,,
Hylaeus philoleucus,Plasterer Bee,Insect,3,Brisbane | Melbourne | Sydney,9,False,,,,,
Hylaeus primulipictus,,Insect,4,Brisbane | Canberra–Queanbeyan | Melbourne | Sydney,59,False,,,,,
Hylaeus probligenatus,,Insect,1,Canberra–Queanbeyan,1,False,,,,,
Hylaeus proximus,Plasterer Bee,Insect,5,Adelaide | Canberra–Queanbeyan | Melbourne | Perth | Sydney,29,False,,,,,
Hylaeus quadratus,Plasterer Bee,Insect,1,Melbourne,2,False,,,,,
Hylaeus quadriceps,Plasterer Bee,Insect,2,Canberra–Queanbeyan | Melbourne,71,False,,,,,
Hylaeus rotundiceps,Plasterer Bee,Insect,6,Adelaide | Brisbane | Canberra–Queanbeyan | Hobart | Melbourne | Sydney,76,False,,,,,
Hylaeus ruficeps,Plasterer Bee,Insect,3,Adelaide | Brisbane | Perth,34,False,,,,,
Hylaeus sanguinipictus,,Insect,1,Perth,1,False,,,,,
Hylaeus trilobatus,Plasterer Bee,Insect,2,Melbourne | Sydney,6,False,,,,,
Hylaeus trimerops,,Insect,1,Canberra–Queanbeyan,1,False,,,,,
Hylaeus turgicollaris,,Insect,1,Sydney,3,False,,,,,
Hylaeus violaceus,Species Of Yellowfaced Bee,Insect,2,Melbourne | Perth,8,False,,,,,
Hylaeus vittatifrons,Plasterer Bee,Insect,1,Perth,7,False,,,,,
Hylastes ater,Black Pine Bark Beetle,Insect,1,Hobart,3,False,,,,,
Hylebatis scintillifera,,Insect,1,Brisbane,1,False,,,,,
Hyleoides bivulnerata,Plasterer Bee,Insect,1,Sydney,1,False,,,,,
Hyleoides concinna,Species Of Yellowfaced Bee,Insect,6,Adelaide | Brisbane | Canberra–Queanbeyan | Hobart | Melbourne | Sydney,142,False,,,,,
Hyleoides zonalis,,Insect,2,Adelaide | Perth,7,False,,,,,
Hyles livornicoides,Whitelined Hawk Moth,Insect,7,Adelaide | Brisbane | Canberra–Queanbeyan | Darwin | Melbourne | Perth | Sydney,20,False,,,,,
Hylotrupes bajulus,Old House Borer,Insect,2,Melbourne | Perth,2,False,,,,,
Hylurgus ligniperda,Golden-haired Bark Beetle,Insect,4,Canberra–Queanbeyan | Hobart | Melbourne | Sydney,8,False,,,,,
Hymenia perspectalis,,Insect,2,Brisbane | Sydney,19,False,,,,,
Hymenoptychis sordida,,Insect,1,Darwin,6,False,,,,,
Hyocephalus aprugnus,,Insect,3,Adelaide | Melbourne | Perth,11,False,,,,,
Hypargyria metalliferella,,Insect,2,Brisbane | Darwin,5,False,,,,,
Hypatima baliodes,,Insect,2,Brisbane | Melbourne,3,False,,,,,
Hypatima deviella,,Insect,1,Brisbane,6,False,,,,,
Hypatima harpophora,,Insect,2,Brisbane | Canberra–Queanbeyan,4,False,,,,,
Hypatima microgramma,,Insect,1,Canberra–Queanbeyan,1,False,,,,,
Hypatima orthostathma,,Insect,1,Brisbane,1,False,,,,,
Hypatima simulacrella,,Insect,1,Sydney,1,False,,,,,
Hypatima spathota,,Insect,1,Brisbane,1,False,,,,,
Hypatima sphenophora,,Insect,1,Brisbane,9,False,,,,,
Hypattalus abdominalis,,Insect,1,Hobart,1,False,,,,,
Hypattalus exilis,,Insect,2,Hobart | Melbourne,4,False,,,,,
Hypattalus sordidus,,Insect,2,Canberra–Queanbeyan | Melbourne,11,False,,,,,
Hypaulax marginata,,Insect,1,Sydney,1,False,,,,,
Hypena conscitalis,,Insect,1,Brisbane,3,False,,,,,
Hypena isogona,,Insect,1,Brisbane,1,False,,,,,
Hypena laceratalis,,Insect,4,Brisbane | Darwin | Melbourne | Sydney,30,False,,,,,
Hypena subvittalis,,Insect,2,Brisbane | Sydney,24,False,,,,,
Hyperion schroetteri,Large Black Ground Beetle,Insect,2,Brisbane | Sydney,2,False,,,,,
Hyperiosoma falcatum,,Insect,1,Brisbane,2,False,,,,,
Hyperlopha cristifera,,Insect,1,Darwin,1,False,,,,,
Hyperomyzus carduellinus,,Insect,1,Sydney,1,False,,,,,
Hypertrocta brunnea,,Insect,1,Brisbane,1,False,,,,,
Hypertropha chlaenota,Moth,Insect,6,Adelaide | Brisbane | Canberra–Queanbeyan | Melbourne | Perth | Sydney,71,False,,,,,
Hypertropha tortriciformis,,Insect,2,Canberra–Queanbeyan | Melbourne,25,False,,,,,
Hyperxena scierana,,Insect,1,Canberra–Queanbeyan,1,False,,,,,
Hyphalticoda caesita,,Insect,1,Melbourne,5,False,,,,,
Hypharpax australis,,Insect,1,Hobart,4,False,,,,,
Hypharpax moestus,,Insect,1,Hobart,1,False,,,,,
Hyphesma atromicans,Plasterer Bee,Insect,3,Adelaide | Melbourne | Sydney,5,False,,,,,
Hyphoryctes maculatus,,Insect,1,Darwin,1,False,,,,,
Hyphydrus lyratus,Diving Beetle,Insect,1,Melbourne,1,False,,,,,
Hypobapta barnardi,Geometer Moth,Insect,3,Brisbane | Perth | Sydney,21,False,,,,,
Hypobapta diffundens,Geometer Moth,Insect,5,Adelaide | Brisbane | Canberra–Queanbeyan | Melbourne | Sydney,116,False,,,,,
Hypobapta percomptaria,Geometer Moth,Insect,1,Hobart,1,False,,,,,
Hypobapta tachyhalotaria,Geometer Moth,Insect,6,Adelaide | Canberra–Queanbeyan | Hobart | Melbourne | Perth | Sydney,167,False,,,,,
Hypocala deflorata,,Insect,2,Brisbane | Sydney,16,False,,,,,
Hypocala guttiventris,,Insect,1,Brisbane,18,False,,,,,
Hypochrysops apelles,Copper Jewel,Insect,1,Brisbane,39,False,,,,,
Hypochrysops cyane,Cyane Jewel,Insect,1,Brisbane,8,False,,,,,
Hypochrysops delicia,Moonlight Jewel (eastern Subspecies),Insect,3,Brisbane | Melbourne | Sydney,38,False,,,,,
Hypochrysops epicurus,Mangrove Jewel,Insect,1,Brisbane,4,False,,,,,
Hypochrysops halyaetus,Turquoise Jewel,Insect,1,Perth,2,False,,,,,
Hypochrysops ignitus,Fiery Jewel,Insect,2,Brisbane | Sydney,6,False,,,,,
Hypocisseis latipennis,,Insect,1,Brisbane,3,False,,,,,
Hypocisseis ornata,,Insect,1,Melbourne,1,False,,,,,
Hypocisseis suturalis,,Insect,3,Brisbane | Canberra–Queanbeyan | Melbourne,13,False,,,,,
Hypocosmia pyrochroma,,Insect,1,Brisbane,1,False,,,,,
Hypocysta adiante,Darwin Ringlet,Insect,3,Brisbane | Darwin | Sydney,564,False,,,,,
Hypocysta euphemia,Rock Ringlet,Insect,1,Sydney,2,False,,,,,
Hypocysta irius,Orange-streaked Ringlet,Insect,2,Brisbane | Sydney,3,False,,,,,
Hypocysta metirius,Brown Ringlet,Insect,2,Brisbane | Sydney,1079,False,,,,,
Hypocysta pseudirius,Grey Ringlet,Insect,2,Brisbane | Sydney,123,False,,,,,
Hypodoxa bryophylla,,Insect,2,Brisbane | Sydney,27,False,,,,,
Hypodoxa deteriorata,,Insect,1,Sydney,3,False,,,,,
Hypodoxa emiliaria,,Insect,2,Brisbane | Sydney,74,False,,,,,
Hypodoxa erebusata,,Insect,1,Darwin,2,False,,,,,
Hypodoxa muscosaria,Geometer Moth,Insect,5,Brisbane | Canberra–Queanbeyan | Hobart | Melbourne | Sydney,218,False,,,,,
Hypographa aristarcha,Geometer Moth,Insect,1,Perth,1,False,,,,,
Hypographa phlegetonaria,,Insect,1,Sydney,9,False,,,,,
Hypolamprus melilialis,,Insect,1,Darwin,3,False,,,,,
Hypolamprus ypsilon,,Insect,1,Brisbane,17,False,,,,,
Hypolimnas alimena,Blue-banded Eggfly,Insect,2,Darwin | Melbourne,16,False,,,,,
Hypolimnas bolina,Common Eggfly,Insect,5,Brisbane | Darwin | Hobart | Melbourne | Sydney,1371,False,,,,,
Hypolimnas misippus,Danaid Eggfly,Insect,1,Darwin,3,False,,,,,
Hypolycaena phorbas,Common Tit,Insect,1,Darwin,17,False,,,,,
Hypomecis agoraea,Geometer Moth,Insect,4,Adelaide | Brisbane | Melbourne | Sydney,53,False,,,,,
Hypomecis pallidiscaria,,Insect,1,Sydney,14,False,,,,,
Hypoperigea tonsa,Owlet Moth,Insect,6,Adelaide | Brisbane | Canberra–Queanbeyan | Melbourne | Perth | Sydney,346,False,,,,,
Hyposada hydrocampata,,Insect,1,Brisbane,6,False,,,,,
Hypospila dochmotoma,,Insect,1,Brisbane,2,False,,,,,
Hypotaenidia philippensis,Buff-banded Rail,Bird,8,Adelaide | Brisbane | Canberra–Queanbeyan | Darwin | Hobart | Melbourne | Perth | Sydney,26331,False,,,,,
Hypsidia grisea,,Insect,1,Perth,15,False,,,,,
Hypsidia niphosema,,Insect,1,Perth,10,False,,,,,
Hypsiphanta minax,,Insect,1,Perth,1,False,,,,,
Hypsipyla robusta,,Insect,1,Sydney,1,False,,,,,
Hypycnopa delotis,Geometer Moth,Insect,1,Adelaide,1,False,,,,,
Hyrmine dispar,,Insect,1,Sydney,30,False,,,,,
Hyrtacus tuberculatus,Lobed-abdomen Stick-insect,Insect,1,Adelaide,1,False,,,,,
Hysteroneura setariae,Rusty Plum Aphid,Insect,2,Brisbane | Sydney,9,False,,,,,
Icerya acaciae,,Insect,5,Brisbane | Canberra–Queanbeyan | Melbourne | Perth | Sydney,35,False,,,,,
Icerya australis,,Insect,1,Perth,1,False,,,,,
Icerya imperatae,,Insect,1,Brisbane,1,False,,,,,
Icerya purchasi,Cottony Cushion Scale,Insect,7,Adelaide | Brisbane | Canberra–Queanbeyan | Hobart | Melbourne | Perth | Sydney,298,False,,,,,
Icerya seychellarum,,Insect,4,Brisbane | Darwin | Perth | Sydney,52,False,,,,,
Ichneumenoptera chrysophanes,Clearwing Moth,Insect,2,Brisbane | Canberra–Queanbeyan,4,False,,,,,
Ichneumon promissorius,,Insect,7,Adelaide | Brisbane | Canberra–Queanbeyan | Hobart | Melbourne | Perth | Sydney,167,False,,,,,
Ictinogomphus australis,Australian Tiger,Insect,3,Brisbane | Darwin | Sydney,659,False,,,,,
Idaea coercita,,Insect,1,Brisbane,34,False,,,,,
Idaea costaria,White-edged Wave,Insect,6,Adelaide | Brisbane | Canberra–Queanbeyan | Melbourne | Perth | Sydney,160,False,,,,,
Idaea dolichopis,,Insect,2,Brisbane | Sydney,8,False,,,,,
Idaea elachista,,Insect,1,Darwin,4,False,,,,,
Idaea elaphrodes,,Insect,1,Brisbane,12,False,,,,,
Idaea epicyrta,,Insect,1,Hobart,1,False,,,,,
Idaea eretmopus,,Insect,2,Brisbane | Sydney,169,False,,,,,
Idaea ferrilinea,Geometer Moth,Insect,1,Canberra–Queanbeyan,1,False,,,,,
Idaea halmaea,Geometer Moth,Insect,5,Brisbane | Canberra–Queanbeyan | Hobart | Melbourne | Sydney,187,False,,,,,
Idaea inversata,Geometer Moth,Insect,8,Adelaide | Brisbane | Canberra–Queanbeyan | Darwin | Hobart | Melbourne | Perth | Sydney,314,False,,,,,
Idaea iodesma,,Insect,1,Canberra–Queanbeyan,1,False,,,,,
Idaea miltophrica,,Insect,1,Darwin,2,False,,,,,
Idaea nephelota,Geometer Moth,Insect,2,Adelaide | Melbourne,21,False,,,,,
Idaea philocosma,Geometer Moth,Insect,7,Adelaide | Brisbane | Canberra–Queanbeyan | Hobart | Melbourne | Perth | Sydney,524,False,,,,,
Idaea pilosata,,Insect,1,Brisbane,98,False,,,,,
Idaea probleta,Geometer Moth,Insect,1,Melbourne,1,False,,,,,
Idaea pseliota,Geometer Moth,Insect,2,Adelaide | Melbourne,19,False,,,,,
Idaea punctatissima,,Insect,3,Brisbane | Melbourne | Sydney,25,False,,,,,
Idaea simplex,,Insect,2,Brisbane | Darwin,9,False,,,,,
Idaea trissorma,,Insect,1,Sydney,5,False,,,,,
Idaea trypheropa,,Insect,2,Brisbane | Darwin,74,False,,,,,
Idaea uniformis,,Insect,1,Brisbane,8,False,,,,,
Idalima affinis,Owlet Moth,Insect,3,Brisbane | Canberra–Queanbeyan | Sydney,13,False,,,,,
Idalima leonora,,Insect,1,Darwin,2,False,,,,,
Idalima metasticta,,Insect,1,Darwin,1,False,,,,,
Idiochlora celataria,,Insect,1,Darwin,1,False,,,,,
Idiochroa celidota,,Insect,1,Brisbane,1,False,,,,,
Idiodes apicata,Bracken Moth,Insect,7,Adelaide | Brisbane | Canberra–Queanbeyan | Hobart | Melbourne | Perth | Sydney,93,False,,,,,
Idiodes idiocrossa,,Insect,1,Perth,11,False,,,,,
Idiodes pellophanes,,Insect,3,Brisbane | Melbourne | Sydney,4,False,,,,,
Idiodes prionosema,Geometer Moth,Insect,1,Melbourne,6,False,,,,,
Idiodes siculoides,Geometer Moth,Insect,4,Canberra–Queanbeyan | Hobart | Melbourne | Sydney,14,False,,,,,
Idiophantis chiridota,,Insect,1,Brisbane,22,False,,,,,
Idiophantis habrias,,Insect,1,Brisbane,1,False,,,,,
Idiophantis insomnis,,Insect,1,Brisbane,1,False,,,,,
Idiopterus nephrelepidis,Maidenhair Fern Aphid,Insect,1,Melbourne,1,False,,,,,
Idioses littleri,Carpenter Moth,Insect,2,Melbourne | Sydney,9,False,,,,,
Idolothrips spectrum,Giant Thrips,Insect,5,Brisbane | Canberra–Queanbeyan | Hobart | Melbourne | Sydney,119,False,,,,,
Illeis galbula,Fungus-eating Ladybird,Insect,6,Adelaide | Brisbane | Canberra–Queanbeyan | Hobart | Melbourne | Sydney,3193,False,,,,,
Illidgea epigramma,,Insect,4,Adelaide | Brisbane | Canberra–Queanbeyan | Sydney,16,False,,,,,
Illiesoperla mayi,Stonefly,Insect,1,Adelaide,2,False,,,,,
Illyria hilli,,Insect,1,Darwin,2,False,,,,,
Imbophorus aptalis,Plume Moth,Insect,4,Brisbane | Canberra–Queanbeyan | Melbourne | Sydney,13,False,,,,,
Imma acosma,,Insect,3,Brisbane | Canberra–Queanbeyan | Sydney,41,False,,,,,
Imma loxoscia,,Insect,1,Darwin,7,False,,,,,
Imma tetrascia,,Insect,2,Brisbane | Sydney,2,False,,,,,
Imparipecten pictipes,Midge,Insect,3,Canberra–Queanbeyan | Melbourne | Sydney,8,False,,,,,
Indolestes alleni,Small Reedling,Insect,1,Darwin,6,False,,,,,
Indomyrlaea auchmodes,,Insect,1,Brisbane,47,False,,,,,
Indotyphlops braminus,Flowerpot Blind Snake,Reptile,2,Brisbane | Darwin,40,False,,,,,
Inopus rubriceps,,Insect,6,Adelaide | Brisbane | Canberra–Queanbeyan | Hobart | Melbourne | Sydney,93,False,,,,,
Intellagama lesueurii,Water Dragon,Reptile,5,Adelaide | Brisbane | Canberra–Queanbeyan | Melbourne | Sydney,14702,False,,,,,
Ipanica cornigera,Owlet Moth,Insect,2,Brisbane | Darwin,16,False,,,,,
Iphiaulax rufus,,Insect,2,Brisbane | Sydney,4,False,,,,,
Iphicrates spathus,Chinch Bug,Insect,1,Hobart,1,False,,,,,
Ipoides loranthae,,Insect,1,Brisbane,1,False,,,,,
Ipomoria tillides,,Insect,2,Canberra–Queanbeyan | Melbourne,3,False,,,,,
Ippatha australiensis,Shield Bug,Insect,1,Perth,1,False,,,,,
Ips grandicollis,Five-spined Bark Beetle,Insect,1,Sydney,1,False,,,,,
Ipsichora duplicata,,Insect,1,Brisbane,1,False,,,,,
Iptergonus bifurcatus,,Insect,2,Brisbane | Sydney,18,False,,,,,
Iptergonus cionoides,,Insect,3,Canberra–Queanbeyan | Melbourne | Sydney,8,False,,,,,
Irediparra gallinacea,Comb-crested Jacana,Bird,2,Brisbane | Darwin,14807,False,,,,,
Iridomyrmex anceps,Tropical Tyrant Ant,Insect,1,Brisbane,1,False,,,,,
Iridomyrmex angusticeps,,Insect,1,Darwin,1,False,,,,,
Iridomyrmex bicknelli,Black Trail Ant,Insect,4,Adelaide | Hobart | Melbourne | Perth,21,False,,,,,
Iridomyrmex chasei,Ant,Insect,2,Brisbane | Perth,3,False,,,,,
Iridomyrmex conifer,Coned Tyrant Ant,Insect,1,Perth,5,False,,,,,
Iridomyrmex discors,Ant,Insect,1,Perth,4,False,,,,,
Iridomyrmex longisoma,,Insect,1,Perth,6,False,,,,,
Iridomyrmex mattiroloi,Little Tyrant Ant,Insect,1,Hobart,12,False,,,,,
Iridomyrmex mayri,Ant,Insect,3,Brisbane | Canberra–Queanbeyan | Sydney,70,False,,,,,
Iridomyrmex mjobergi,Ant,Insect,2,Adelaide | Perth,3,False,,,,,
Iridomyrmex obscurior,Ant,Insect,1,Melbourne,2,False,,,,,
Iridomyrmex pallidus,,Insect,1,Darwin,6,False,,,,,
Iridomyrmex purpureus,Meat Ant,Insect,7,Adelaide | Brisbane | Canberra–Queanbeyan | Darwin | Melbourne | Perth | Sydney,1490,False,,,,,
Iridomyrmex reburrus,,Insect,1,Darwin,1,False,,,,,
Iridomyrmex rubriceps,,Insect,1,Brisbane,50,False,,,,,
Iridomyrmex rufoniger,Black Tyrant Ant,Insect,5,Adelaide | Brisbane | Canberra–Queanbeyan | Melbourne | Sydney,235,False,,,,,
Iridomyrmex sanguineus,,Insect,1,Darwin,7,False,,,,,
Iridomyrmex sucheroides,Ant,Insect,1,Brisbane,1,False,,,,,
Iridomyrmex suchieri,Ant,Insect,6,Adelaide | Brisbane | Canberra–Queanbeyan | Melbourne | Perth | Sydney,19,False,,,,,
Iridomyrmex victorianus,Ant,Insect,1,Melbourne,2,False,,,,,
Ironomyia francisi,,Insect,1,Brisbane,1,False,,,,,
Iropoca rotundata,Moth,Insect,2,Canberra–Queanbeyan | Sydney,5,False,,,,,
Isacantha dermestiventris,,Insect,4,Brisbane | Canberra–Queanbeyan | Hobart | Melbourne,7,False,,,,,
Isax planipennis,,Insect,1,Brisbane,1,False,,,,,
Iscadia poliochroa,,Insect,1,Brisbane,2,False,,,,,
Iscadia pulchra,Owlet Moth,Insect,1,Brisbane,2,False,,,,,
Ischiodon scutellaris,Common Hover Fly,Insect,5,Adelaide | Brisbane | Darwin | Melbourne | Sydney,62,False,,,,,
Ischnomorpha charierga,,Insect,1,Melbourne,7,False,,,,,
Ischnomorpha thrypticopa,Concealer Moth,Insect,1,Melbourne,1,False,,,,,
Ischnotoma eburnea,Crane Fly,Insect,5,Adelaide | Canberra–Queanbeyan | Hobart | Melbourne | Sydney,82,False,,,,,
Ischnotoma rubriventris,Crane Fly,Insect,2,Hobart | Sydney,2,False,,,,,
Ischnura aurora,Aurora Bluetail,Insect,8,Adelaide | Brisbane | Canberra–Queanbeyan | Darwin | Hobart | Melbourne | Perth | Sydney,1219,False,,,,,
Ischnura heterosticta,Common Bluetail,Insect,8,Adelaide | Brisbane | Canberra–Queanbeyan | Darwin | Hobart | Melbourne | Perth | Sydney,3437,False,,,,,
Ischnura pruinescens,Colourful Bluetail,Insect,1,Darwin,59,False,,,,,
Ischnurges illustralis,,Insect,4,Brisbane | Canberra–Queanbeyan | Melbourne | Sydney,36,False,,,,,
Ishidaella albomarginata,,Insect,1,Sydney,1,False,,,,,
Ishidaella latomarginata,,Insect,2,Brisbane | Melbourne,2,False,,,,,
Ishidaella tumida,Leafhopper,Insect,4,Adelaide | Brisbane | Melbourne | Sydney,86,False,,,,,
Isochorista chaodes,,Insect,1,Canberra–Queanbeyan,6,False,,,,,
Isochorista encotodes,,Insect,2,Canberra–Queanbeyan | Melbourne,4,False,,,,,
Isochorista panaeolana,,Insect,2,Canberra–Queanbeyan | Melbourne,123,False,,,,,
Isochorista pumicosa,Leafroller Moth,Insect,2,Canberra–Queanbeyan | Melbourne,5,False,,,,,
Isochorista ranulana,,Insect,4,Adelaide | Canberra–Queanbeyan | Melbourne | Sydney,43,False,,,,,
Isodontia nigella,,Insect,1,Melbourne,1,False,,,,,
Isomoralla eriscota,,Insect,1,Canberra–Queanbeyan,55,False,,,,,
Isomoralla gephyrota,,Insect,2,Brisbane | Canberra–Queanbeyan,26,False,,,,,
Isomoralla pyrrhoptera,,Insect,2,Canberra–Queanbeyan | Sydney,33,False,,,,,
Isoodon fusciventer,Southwestern Brown Bandicoot,Mammal,1,Perth,426,False,,,,,
Isoodon macrourus,Northern Brown Bandicoot,Mammal,3,Brisbane | Darwin | Sydney,369,False,,,,,
Isoodon obesulus,Southern Brown Bandicoot (eastern),Mammal,7,Adelaide | Brisbane | Canberra–Queanbeyan | Hobart | Melbourne | Perth | Sydney,2297,False,,,,,
Isopteron obscurum,,Insect,1,Hobart,2,False,,,,,
Isopteron triviale,,Insect,2,Canberra–Queanbeyan | Hobart,2,False,,,,,
Isotenes miserana,,Insect,6,Brisbane | Canberra–Queanbeyan | Hobart | Melbourne | Perth | Sydney,1087,False,,,,,
Isturgia penthearia,Geometer Moth,Insect,6,Adelaide | Brisbane | Canberra–Queanbeyan | Melbourne | Perth | Sydney,171,False,,,,,
Iswaroides decipiens,,Insect,1,Hobart,1,False,,,,,
Italochrysa insignis,,Insect,7,Adelaide | Brisbane | Canberra–Queanbeyan | Hobart | Melbourne | Perth | Sydney,416,False,,,,,
Ithone pallida,,Insect,2,Hobart | Melbourne,4,False,,,,,
Iulactis insignis,,Insect,1,Brisbane,1,False,,,,,
Iulactis semifusca,,Insect,1,Brisbane,6,False,,,,,
Iulops argocrana,White-fringed Emerald,Insect,1,Melbourne,1,False,,,,,
Ixobrychus dubius,Minute Bittern,Bird,7,Adelaide | Brisbane | Canberra–Queanbeyan | Darwin | Melbourne | Perth | Sydney,1363,False,,,,,
Ixobrychus flavicollis,Torresian Black Bittern,Bird,3,Brisbane | Darwin | Sydney,36,False,,,,,
Jalmenus daemeli,Dämel's Blue,Insect,1,Brisbane,2,False,,,,,
Jalmenus evagoras,Common Imperial Blue,Insect,4,Brisbane | Canberra–Queanbeyan | Melbourne | Sydney,793,False,,,,,
Jalmenus icilius,Icilius Blue,Insect,3,Adelaide | Canberra–Queanbeyan | Melbourne,32,False,,,,,
Jalmenus ictinus,Stencilled Hairstreak,Insect,4,Brisbane | Canberra–Queanbeyan | Melbourne | Sydney,159,False,,,,,
Jalmenus inous,Varied Hairstreak,Insect,1,Perth,1,False,,,,,
Jamella australiae,Pandanus Planthopper,Insect,1,Brisbane,1,False,,,,,
Jamides phaseli,Purple Cerulean,Insect,2,Brisbane | Darwin,73,False,,,,,
Japananus hyalinus,Japanese Maple Leafhopper,Insect,3,Canberra–Queanbeyan | Hobart | Melbourne,20,False,,,,,
Jeana delicatula,Ghost Moth,Insect,1,Melbourne,1,False,,,,,
Jelinekiella aterrima,,Insect,2,Melbourne | Perth,2,False,,,,,
Jiwarli solanum,,Insect,1,Adelaide,1,False,,,,,
Johannica gemellata,,Insect,1,Brisbane,15,False,,,,,
Johnmannia tasmanica,,Insect,1,Hobart,1,False,,,,,
Johnrehnia australiae,,Insect,2,Brisbane | Canberra–Queanbeyan,4,False,,,,,
Johnrehnia concisa,,Insect,2,Canberra–Queanbeyan | Sydney,15,False,,,,,
Johnrehnia contraria,Cockroach,Insect,2,Canberra–Queanbeyan | Sydney,10,False,,,,,
Johnrehnia solida,,Insect,2,Brisbane | Canberra–Queanbeyan,13,False,,,,,
Johnrehnia tibiarubrum,,Insect,1,Brisbane,1,False,,,,,
Junonia hedonia,Brown Soldier,Insect,2,Darwin | Sydney,130,False,,,,,
Junonia orithya,Blue Argus,Insect,2,Brisbane | Darwin,48,False,,,,,
Junonia villida,Meadow Argus,Insect,8,Adelaide | Brisbane | Canberra–Queanbeyan | Darwin | Hobart | Melbourne | Perth | Sydney,3808,False,,,,,
Kaha perfecta,,Insect,2,Brisbane | Darwin,4,False,,,,,
Kahaono montana,Silk Leafhopper,Insect,2,Brisbane | Canberra–Queanbeyan,3,False,,,,,
Kahaono wallacei,Leafhopper,Insect,4,Brisbane | Canberra–Queanbeyan | Melbourne | Perth,8,False,,,,,
Kakaduacris minuta,Kakadu Grasshopper,Insect,2,Brisbane | Darwin,2,False,,,,,
Kalkadoona confinis,,Insect,1,Melbourne,2,False,,,,,
Kalkadoona pallida,Shield Bug,Insect,1,Adelaide,3,False,,,,,
Kalkadoona truncatella,,Insect,2,Melbourne | Sydney,14,False,,,,,
Kalotermes atratus,Termite,Insect,1,Melbourne,2,False,,,,,
Kalotermes rufinotum,Termite,Insect,1,Melbourne,4,False,,,,,
Kanshizeia hemicycla,,Insect,1,Brisbane,39,False,,,,,
Kapalgagraecia nauma,,Insect,1,Darwin,1,False,,,,,
Kapu adelaidica,,Insect,1,Perth,2,False,,,,,
Kapunda tepperi,,Insect,1,Adelaide,2,False,,,,,
Kapunda troughtoni,Variable Shield Bug,Insect,7,Adelaide | Brisbane | Canberra–Queanbeyan | Hobart | Melbourne | Perth | Sydney,89,False,,,,,
Katipo rubrivenosa,Leafhopper,Insect,4,Adelaide | Canberra–Queanbeyan | Hobart | Melbourne,40,False,,,,,
Katipo signoreti,Leafhopper,Insect,1,Canberra–Queanbeyan,2,False,,,,,
Kawanaphila nartee,,Insect,1,Perth,21,False,,,,,
Kempynus millgrovensis,,Insect,1,Melbourne,2,False,,,,,
Keyacris scurra,Key's Matchstick Grasshopper,Insect,1,Canberra–Queanbeyan,3,True,Endangered,Keyacris scurra,Keyacris scurra,Key's Matchstick Grasshopper,2022-10-05
Kinemania ambulans,,Insect,1,Hobart,6,False,,,,,
Klambothrips myopori,,Insect,4,Adelaide | Brisbane | Melbourne | Perth,8,False,,,,,
Kleinschmidtimyia indigoferae,,Insect,1,Sydney,1,False,,,,,
Kobonga umbrimargo,Cicada,Insect,1,Perth,8,False,,,,,
Kogia breviceps,Pygmy Sperm Whale,Mammal,2,Adelaide | Melbourne,21,False,,,,,
Kogia sima,Dwarf Sperm Whale,Mammal,1,Darwin,1,False,,,,,
Kongobatha diademata,,Insect,2,Brisbane | Sydney,36,False,,,,,
Koscocrompus obscurus,,Insect,4,Adelaide | Melbourne | Perth | Sydney,15,False,,,,,
Kosrheithrus tillyardi,Caddisfly,Insect,1,Melbourne,3,False,,,,,
Kuranda notata,,Insect,1,Sydney,2,False,,,,,
Kurrajongia aploa,,Insect,1,Brisbane,42,False,,,,,
Labdia apenthes,,Insect,1,Brisbane,1,False,,,,,
Labdia argophracta,,Insect,2,Adelaide | Brisbane,44,False,,,,,
Labdia bathrosema,,Insect,1,Sydney,1,False,,,,,
Labdia bryomima,,Insect,3,Canberra–Queanbeyan | Melbourne | Sydney,5,False,,,,,
Labdia ceraunia,,Insect,1,Brisbane,1,False,,,,,
Labdia chryselectra,,Insect,3,Brisbane | Darwin | Sydney,6,False,,,,,
Labdia cyanogramma,,Insect,1,Brisbane,2,False,,,,,
Labdia deliciosella,Cosmet Moth,Insect,7,Adelaide | Brisbane | Canberra–Queanbeyan | Darwin | Melbourne | Perth | Sydney,119,False,,,,,
Labdia hexaspila,,Insect,3,Canberra–Queanbeyan | Melbourne | Perth,3,False,,,,,
Labdia leucombra,,Insect,1,Brisbane,8,False,,,,,
Labdia niphostephes,,Insect,1,Sydney,1,False,,,,,
Labdia orthoschema,,Insect,2,Brisbane | Darwin,2,False,,,,,
Labdia oxysema,,Insect,1,Canberra–Queanbeyan,20,False,,,,,
Labdia promacha,,Insect,1,Brisbane,1,False,,,,,
Labdia schismatias,,Insect,1,Brisbane,3,False,,,,,
Labena annulata,,Insect,1,Melbourne,1,False,,,,,
Labena chadwickii,,Insect,1,Melbourne,2,False,,,,,
Labia minor,,Insect,5,Adelaide | Brisbane | Melbourne | Perth | Sydney,10,False,,,,,
Labidiosticta vallisi,Large Wiretail,Insect,1,Brisbane,7,False,,,,,
Labidura riparia,Common Brown Earwig,Insect,6,Adelaide | Canberra–Queanbeyan | Hobart | Melbourne | Perth | Sydney,102,False,,,,,
Labium approximatum,,Insect,1,Melbourne,1,False,,,,,
Labium inflexum,,Insect,3,Brisbane | Melbourne | Sydney,8,False,,,,,
Labium petitorium,,Insect,2,Melbourne | Perth,3,False,,,,,
Labium pilosum,,Insect,1,Sydney,1,False,,,,,
Laccotrephes tristis,Water Scorpion,Insect,7,Adelaide | Brisbane | Canberra–Queanbeyan | Darwin | Melbourne | Perth | Sydney,79,False,,,,,
Lacera noctilio,,Insect,1,Brisbane,1,False,,,,,
Lachesilla tectorum,,Insect,1,Melbourne,1,False,,,,,
Lachnodius eucalypti,Redgum Pit Scale,Insect,2,Adelaide | Melbourne,4,False,,,,,
Lackrana carbo,,Insect,1,Adelaide,1,False,,,,,
Lactura caminaea,,Insect,1,Sydney,8,False,,,,,
Lactura dives,,Insect,1,Darwin,1,False,,,,,
Lactura erythractis,,Insect,1,Darwin,5,False,,,,,
Lactura panopsia,,Insect,1,Brisbane,10,False,,,,,
Lactura sapotearum,,Insect,1,Brisbane,2,False,,,,,
Laelia obsoleta,,Insect,2,Brisbane | Sydney,21,False,,,,,
Laemostenus complanatus,Cosmopolitan Ground Beetle,Insect,5,Adelaide | Brisbane | Melbourne | Perth | Sydney,99,False,,,,,
Laeviscolia frontalis,Parasitoid Wasp,Insect,5,Adelaide | Darwin | Melbourne | Perth | Sydney,50,False,,,,,
Lagenosoma dispar,,Insect,2,Brisbane | Sydney,19,False,,,,,
Lagria australis,,Insect,1,Darwin,1,False,,,,,
Lagria cyanea,,Insect,1,Brisbane,2,False,,,,,
Lagrioida australis,,Insect,2,Hobart | Sydney,2,False,,,,,
Lagrioida tasmaniae,,Insect,1,Hobart,1,False,,,,,
Lalage leucomela,Varied Triller,Bird,3,Brisbane | Darwin | Sydney,15529,False,,,,,
Lalage tricolor,White-winged Triller,Bird,8,Adelaide | Brisbane | Canberra–Queanbeyan | Darwin | Hobart | Melbourne | Perth | Sydney,6874,False,,,,,
Lambula obliquilinea,,Insect,2,Brisbane | Sydney,21,False,,,,,
Lambula phyllodes,,Insect,1,Sydney,2,False,,,,,
Lambula pleuroptycha,,Insect,1,Sydney,1,False,,,,,
Lambula pristina,,Insect,1,Brisbane,27,False,,,,,
Lambula transcripta,,Insect,2,Brisbane | Sydney,12,False,,,,,
Lamoria eumeces,,Insect,2,Brisbane | Sydney,18,False,,,,,
Lamoria idiolepida,,Insect,3,Brisbane | Melbourne | Sydney,16,False,,,,,
Lamoria pachylepidella,,Insect,1,Sydney,1,False,,,,,
Lampides boeticus,Long-tailed Pea-blue,Insect,8,Adelaide | Brisbane | Canberra–Queanbeyan | Darwin | Hobart | Melbourne | Perth | Sydney,617,False,,,,,
Lamprima aurata,Golden Stag Beetle,Insect,7,Adelaide | Brisbane | Canberra–Queanbeyan | Hobart | Melbourne | Perth | Sydney,1360,False,,,,,
Lamprogaster corusca,,Insect,2,Brisbane | Sydney,2,False,,,,,
Lamprogaster imperialis,Signal Fly,Insect,2,Brisbane | Sydney,10,False,,,,,
Lamprogaster laeta,Signal Fly,Insect,1,Sydney,1,False,,,,,
Lamprogaster vella,,Insect,1,Sydney,10,False,,,,,
Lamprolina aeneipennis,Pittosporum Beetle,Insect,3,Brisbane | Melbourne | Sydney,401,False,,,,,
Lamprolina binotata,,Insect,1,Brisbane,1,False,,,,,
Lamprolina impressicollis,,Insect,3,Brisbane | Melbourne | Sydney,44,False,,,,,
Lamprolina simillima,,Insect,2,Brisbane | Sydney,202,False,,,,,
Lamprolonchaea brouniana,Metallic-green Tomato Fly,Insect,6,Adelaide | Brisbane | Canberra–Queanbeyan | Melbourne | Perth | Sydney,29,False,,,,,
Lampromicra aerea,,Insect,2,Brisbane | Sydney,192,False,,,,,
Lampromicra senator,Green Jewel Bug,Insect,3,Brisbane | Darwin | Sydney,397,False,,,,,
Lampropeltis californiae,California Kingsnake,Reptile,1,Sydney,1,False,,,,,
Lamprophaia ablactalis,,Insect,2,Brisbane | Darwin,46,False,,,,,
Lamprophaia albifimbrialis,,Insect,1,Brisbane,4,False,,,,,
Lampropholis amicula,Friendly Sunskink,Reptile,1,Brisbane,3,False,,,,,
Lampropholis delicata,Dark-flecked Garden Sunskink,Reptile,6,Adelaide | Brisbane | Canberra–Queanbeyan | Hobart | Melbourne | Sydney,2439,False,,,,,
Lampropholis guichenoti,Pale-flecked Garden Sunskink,Reptile,6,Adelaide | Brisbane | Canberra–Queanbeyan | Melbourne | Perth | Sydney,2300,False,,,,,
Lancetes lanceolatus,Diving Beetle,Insect,3,Adelaide | Melbourne | Perth,7,False,,,,,
Lanciana montana,Montane Groung Katydid,Insect,1,Canberra–Queanbeyan,1,False,,,,,
Lanciana semialata,,Insect,1,Sydney,3,False,,,,,
Lantanophaga pusillidactylus,Lantana Plume Moth,Insect,4,Adelaide | Brisbane | Perth | Sydney,91,False,,,,,
Laophila icasta,Geometer Moth,Insect,1,Sydney,1,False,,,,,
Laophila sabulicolor,,Insect,1,Darwin,1,False,,,,,
Laophila sciara,,Insect,1,Brisbane,3,False,,,,,
Laophila spodina,,Insect,1,Sydney,1,False,,,,,
Laphria flavifemorata,,Insect,1,Sydney,2,False,,,,,
Laphria fulvipes,,Insect,1,Brisbane,1,False,,,,,
Laphria rufifemorata,Robber Fly,Insect,3,Brisbane | Melbourne | Sydney,27,False,,,,,
Larentia apotoma,Geometer Moth,Insect,3,Hobart | Melbourne | Perth,20,False,,,,,
Larifugagraecia cornuta,,Insect,1,Brisbane,7,False,,,,,
Larifugagraecia spuria,,Insect,2,Brisbane | Sydney,6,False,,,,,
Larinotus umbilicatus,,Insect,1,Canberra–Queanbeyan,1,False,,,,,
Larinus latus,Onopordum Seed Weevil,Insect,2,Canberra–Queanbeyan | Sydney,31,False,,,,,
Larophylla amimeta,,Insect,1,Sydney,2,False,,,,,
Larus canus,Mew Gull,Bird,1,Sydney,2,False,,,,,
Larus crassirostris,Black-tailed Gull,Bird,1,Perth,1,False,,,,,
Larus dominicanus,Kelp Gull,Bird,7,Adelaide | Brisbane | Darwin | Hobart | Melbourne | Perth | Sydney,13373,False,,,,,
Larus fuscus,Lesser Black-backed Gull,Bird,1,Darwin,3,False,,,,,
Larus pacificus,Pacific Gull,Bird,6,Adelaide | Darwin | Hobart | Melbourne | Perth | Sydney,10645,False,,,,,
Lasioderma serricorne,Cigarette Beetle,Insect,6,Adelaide | Brisbane | Darwin | Melbourne | Perth | Sydney,27,False,,,,,
Lasioglossum altichus,,Insect,1,Melbourne,1,False,,,,,
Lasioglossum bicingulatum,Sweat Bee,Insect,5,Brisbane | Canberra–Queanbeyan | Hobart | Melbourne | Sydney,156,False,,,,,
Lasioglossum brazieri,Sweat Bee,Insect,1,Canberra–Queanbeyan,2,False,,,,,
Lasioglossum brisbanense,,Insect,4,Brisbane | Canberra–Queanbeyan | Melbourne | Sydney,25,False,,,,,
Lasioglossum brunnesetum,Sweat Bee,Insect,1,Melbourne,12,False,,,,,
Lasioglossum bryotrichum,Sweat Bee,Insect,1,Sydney,4,False,,,,,
Lasioglossum callomelittinum,Sweat Bee,Insect,2,Canberra–Queanbeyan | Melbourne,12,False,,,,,
Lasioglossum calophyllae,Sweat Bee,Insect,5,Adelaide | Brisbane | Hobart | Melbourne | Sydney,32,False,,,,,
Lasioglossum caloundrense,,Insect,1,Sydney,1,False,,,,,
Lasioglossum cassiaeflore,,Insect,1,Brisbane,2,False,,,,,
Lasioglossum castor,,Insect,1,Perth,1,False,,,,,
Lasioglossum clelandi,Sweat Bee,Insect,3,Adelaide | Canberra–Queanbeyan | Melbourne,4,False,,,,,
Lasioglossum cognatum,Sweat Bee,Insect,2,Adelaide | Canberra–Queanbeyan,5,False,,,,,
Lasioglossum conspicuum,Sweat Bee,Insect,2,Adelaide | Brisbane,9,False,,,,,
Lasioglossum ctenander,,Insect,1,Canberra–Queanbeyan,1,False,,,,,
Lasioglossum dampieri,,Insect,1,Brisbane,1,False,,,,,
Lasioglossum dotatum,,Insect,6,Adelaide | Brisbane | Canberra–Queanbeyan | Melbourne | Perth | Sydney,57,False,,,,,
Lasioglossum erythrurum,Sweat Bee,Insect,2,Adelaide | Canberra–Queanbeyan,4,False,,,,,
Lasioglossum flindersi,,Insect,1,Brisbane,7,False,,,,,
Lasioglossum hemichalceum,Sweat Bee,Insect,4,Adelaide | Canberra–Queanbeyan | Melbourne | Perth,12,False,,,,,
Lasioglossum hiltacus,,Insect,4,Brisbane | Canberra–Queanbeyan | Melbourne | Sydney,11,False,,,,,
Lasioglossum laevidiscum,,Insect,1,Sydney,1,False,,,,,
Lasioglossum lanarium,Sweat Bee,Insect,7,Adelaide | Brisbane | Canberra–Queanbeyan | Hobart | Melbourne | Perth | Sydney,335,False,,,,,
Lasioglossum leichardti,,Insect,2,Brisbane | Sydney,23,False,,,,,
Lasioglossum littleri,Sweat Bee,Insect,1,Brisbane,1,False,,,,,
Lasioglossum mediopolitum,Sweat Bee,Insect,1,Adelaide,2,False,,,,,
Lasioglossum megastigmum,,Insect,2,Adelaide | Melbourne,6,False,,,,,
Lasioglossum mirandum,,Insect,1,Perth,1,False,,,,,
Lasioglossum niveifrons,,Insect,1,Sydney,2,False,,,,,
Lasioglossum orbatum,Sweat Bee,Insect,1,Melbourne,1,False,,,,,
Lasioglossum peraustrale,Sweat Bee,Insect,4,Brisbane | Canberra–Queanbeyan | Melbourne | Sydney,132,False,,,,,
Lasioglossum platycephalum,Sweat Bee,Insect,1,Melbourne,1,False,,,,,
Lasioglossum platychilum,,Insect,1,Melbourne,1,False,,,,,
Lasioglossum punctatum,,Insect,2,Canberra–Queanbeyan | Sydney,17,False,,,,,
Lasioglossum sphecodoides,,Insect,6,Adelaide | Canberra–Queanbeyan | Hobart | Melbourne | Perth | Sydney,105,False,,,,,
Lasioglossum sulthica,,Insect,1,Sydney,1,False,,,,,
Lasioglossum taluchis,,Insect,1,Sydney,1,False,,,,,
Lasioglossum tertium,Sweat Bee,Insect,1,Melbourne,9,False,,,,,
Lasioglossum urbanum,,Insect,7,Adelaide | Brisbane | Canberra–Queanbeyan | Darwin | Melbourne | Perth | Sydney,276,False,,,,,
Lasioglossum vitripenne,Sweat Bee,Insect,1,Adelaide,1,False,,,,,
Lasionemopoda hirsuta,Black Scavenger Fly,Insect,2,Brisbane | Sydney,3,False,,,,,
Lasiopsylla rotundipennis,Yellowbox Lerp,Insect,3,Adelaide | Canberra–Queanbeyan | Melbourne,15,False,,,,,
Lasiopsylla striata,,Insect,3,Adelaide | Canberra–Queanbeyan | Melbourne,7,False,,,,,
Lasiorhinus latifrons,Southern Hairy-nosed Wombat,Mammal,1,Sydney,1,False,,,,,
Lasiosticha canilinea,,Insect,3,Brisbane | Canberra–Queanbeyan | Melbourne,17,False,,,,,
Lasiosticha opimella,,Insect,1,Canberra–Queanbeyan,5,False,,,,,
Lasiosticha thermochroa,,Insect,2,Adelaide | Melbourne,2,False,,,,,
Lasius niger,,Insect,1,Adelaide,1,False,,,,,
Lathamus discolor,Swift Parrot,Bird,6,Brisbane | Canberra–Queanbeyan | Hobart | Melbourne | Perth | Sydney,3666,True,Critically Endangered,Lathamus discolor,Lathamus discolor,Swift Parrot,2016-05-05
Lathrecista asiatica,Australasian Slimwing,Insect,2,Brisbane | Darwin,172,False,,,,,
Laticlerada laticollis,Seed Bug,Insect,2,Adelaide | Sydney,21,False,,,,,
Laticlerada monteithi,,Insect,1,Brisbane,5,False,,,,,
Laticlerada tasmanica,,Insect,1,Melbourne,3,False,,,,,
Laxotela gaimarii,Stiletto Fly,Insect,1,Adelaide,1,False,,,,,
Laxotela holstoni,,Insect,1,Melbourne,5,False,,,,,
Laxta friedmani,,Insect,1,Canberra–Queanbeyan,1,False,,,,,
Laxta granicollis,Bark Cockroach,Insect,6,Adelaide | Brisbane | Canberra–Queanbeyan | Melbourne | Perth | Sydney,772,False,,,,,
Laxta granulosa,Cockroach,Insect,2,Adelaide | Melbourne,9,False,,,,,
Laxta guttata,,Insect,1,Brisbane,5,False,,,,,
Laxta jeanneae,Cockroach,Insect,1,Adelaide,9,False,,,,,
Laxta rieki,,Insect,1,Perth,5,False,,,,,
Lebia brisbanensis,,Insect,1,Brisbane,8,False,,,,,
Lebia melanonota,,Insect,2,Brisbane | Sydney,9,False,,,,,
Lecithocera alampes,,Insect,1,Melbourne,2,False,,,,,
Lecithocera concinna,,Insect,2,Brisbane | Darwin,4,False,,,,,
Lecithocera cyamitis,,Insect,1,Brisbane,2,False,,,,,
Lecithocera imprudens,,Insect,4,Brisbane | Canberra–Queanbeyan | Melbourne | Sydney,43,False,,,,,
Lecithocera micromela,Long-horned Moth,Insect,3,Brisbane | Melbourne | Sydney,133,False,,,,,
Lecithocera sobria,,Insect,2,Melbourne | Sydney,13,False,,,,,
Lecithocera terrigena,,Insect,6,Adelaide | Brisbane | Canberra–Queanbeyan | Hobart | Melbourne | Sydney,140,False,,,,,
Lecomyia cyanea,,Insect,4,Brisbane | Canberra–Queanbeyan | Melbourne | Sydney,8,False,,,,,
Lectrides varians,Caddisfly,Insect,1,Melbourne,1,False,,,,,
Ledracotis gunnensis,,Insect,2,Melbourne | Sydney,4,False,,,,,
Ledromorpha planirostris,Leafhopper,Insect,4,Brisbane | Canberra–Queanbeyan | Melbourne | Sydney,130,False,,,,,
Leichenum canaliculatum,,Insect,1,Perth,5,False,,,,,
Leiochrodes suturalis,,Insect,2,Brisbane | Sydney,28,False,,,,,
Leioproctus advena,Plasterer Bee,Insect,1,Sydney,1,False,,,,,
Leioproctus alleynae,Plasterer Bee,Insect,2,Canberra–Queanbeyan | Sydney,4,False,,,,,
Leioproctus amabilis,Plasterer Bee,Insect,6,Adelaide | Brisbane | Canberra–Queanbeyan | Hobart | Melbourne | Sydney,46,False,,,,,
Leioproctus bicristatus,,Insect,1,Brisbane,1,False,,,,,
Leioproctus carinatifrons,Plasterer Bee,Insect,1,Sydney,1,False,,,,,
Leioproctus clarki,Plasterer Bee,Insect,5,Adelaide | Brisbane | Canberra–Queanbeyan | Melbourne | Sydney,14,False,,,,,
Leioproctus conospermi,,Insect,1,Perth,4,False,,,,,
Leioproctus cristatus,Plasterer Bee,Insect,1,Sydney,1,False,,,,,
Leioproctus cyaneorufus,,Insect,1,Melbourne,1,False,,,,,
Leioproctus douglasiellus,A Short-tongued Bee,Insect,1,Perth,1,True,Critically Endangered,Leioproctus douglasiellus,Leioproctus douglasiellus,a short-tongued bee,2013-05-14
Leioproctus elegans,Plasterer Bee,Insect,1,Brisbane,2,False,,,,,
Leioproctus fimbriatinus,Plasterer Bee,Insect,1,Canberra–Queanbeyan,1,False,,,,,
Leioproctus fulvus,Plasterer Bee,Insect,1,Sydney,2,False,,,,,
Leioproctus irroratus,Plasterer Bee,Insect,3,Canberra–Queanbeyan | Melbourne | Sydney,39,False,,,,,
Leioproctus launcestonensis,Plasterer Bee,Insect,3,Hobart | Melbourne | Sydney,75,False,,,,,
Leioproctus leai,Plasterer Bee,Insect,1,Canberra–Queanbeyan,1,False,,,,,
Leioproctus megadontus,,Insect,1,Brisbane,1,False,,,,,
Leioproctus platycephalus,Plasterer Bee,Insect,2,Canberra–Queanbeyan | Sydney,3,False,,,,,
Leioproctus plumosus,Plasterer Bee,Insect,5,Adelaide | Canberra–Queanbeyan | Melbourne | Perth | Sydney,39,False,,,,,
Leioproctus recusus,,Insect,3,Canberra–Queanbeyan | Melbourne | Sydney,11,False,,,,,
Leioproctus rhodurus,,Insect,1,Perth,1,False,,,,,
Leistarcha amphigramma,,Insect,2,Brisbane | Sydney,5,False,,,,,
Leistarcha scitissimella,Concealer Moth,Insect,4,Brisbane | Canberra–Queanbeyan | Melbourne | Sydney,50,False,,,,,
Leistarcha tenuistria,Concealer Moth,Insect,4,Brisbane | Canberra–Queanbeyan | Melbourne | Sydney,23,False,,,,,
Leistarches serripes,Assassin Bug,Insect,3,Adelaide | Canberra–Queanbeyan | Melbourne,15,False,,,,,
Leistomorpha brontoscopa,Concealer Moth,Insect,5,Adelaide | Canberra–Queanbeyan | Hobart | Melbourne | Sydney,285,False,,,,,
Lema bilineata,,Insect,2,Melbourne | Sydney,25,False,,,,,
Lema daturaphila,,Insect,4,Brisbane | Canberra–Queanbeyan | Melbourne | Sydney,142,False,,,,,
Lema togata,,Insect,2,Brisbane | Sydney,13,False,,,,,
Lemidia accinctus,,Insect,5,Adelaide | Brisbane | Canberra–Queanbeyan | Melbourne | Sydney,57,False,,,,,
Lemidia basiflava,,Insect,1,Adelaide,1,False,,,,,
Lemidia bella,,Insect,2,Canberra–Queanbeyan | Melbourne,13,False,,,,,
Lemidia biaculeata,,Insect,1,Melbourne,1,False,,,,,
Lemidia cicatricosa,,Insect,1,Hobart,1,False,,,,,
Lemidia concinna,,Insect,1,Melbourne,3,False,,,,,
Lemidia hilaris,,Insect,2,Canberra–Queanbeyan | Melbourne,5,False,,,,,
Lemidia leoparda,,Insect,2,Canberra–Queanbeyan | Melbourne,3,False,,,,,
Lemidia maculicollis,,Insect,2,Melbourne | Sydney,4,False,,,,,
Lemidia malthina,,Insect,1,Melbourne,1,False,,,,,
Lemidia nitens,,Insect,3,Canberra–Queanbeyan | Hobart | Melbourne,31,False,,,,,
Lemidia obliquefasciata,,Insect,1,Perth,3,False,,,,,
Lemidia pictipes,,Insect,2,Hobart | Melbourne,2,False,,,,,
Lemidia pulchella,,Insect,1,Melbourne,1,False,,,,,
Lemidia quadricolor,,Insect,1,Melbourne,6,False,,,,,
Lemidia rufa,,Insect,2,Adelaide | Melbourne,2,False,,,,,
Lemidia simsoni,,Insect,1,Hobart,1,False,,,,,
Lemidia simulans,,Insect,2,Canberra–Queanbeyan | Melbourne,4,False,,,,,
Lemidia subaenea,,Insect,5,Brisbane | Canberra–Queanbeyan | Hobart | Melbourne | Sydney,137,False,,,,,
Lemidia tasmanica,,Insect,1,Canberra–Queanbeyan,1,False,,,,,
Lemidia variicollis,,Insect,1,Sydney,1,False,,,,,
Lemidia virgata,,Insect,1,Melbourne,2,False,,,,,
Lemidia vreversa,,Insect,1,Melbourne,1,False,,,,,
Lemodes atricollis,,Insect,1,Melbourne,29,False,,,,,
Lemodes coccinea,,Insect,5,Adelaide | Brisbane | Canberra–Queanbeyan | Melbourne | Sydney,211,False,,,,,
Lenophila achilles,Signal Fly,Insect,4,Adelaide | Brisbane | Melbourne | Sydney,5,False,,,,,
Lenophila dentipes,Signal Fly,Insect,1,Sydney,4,False,,,,,
Lenophila nila,,Insect,1,Perth,9,False,,,,,
Leolimnophila pantherina,Crane Fly,Insect,1,Melbourne,22,False,,,,,
Leperina adusta,,Insect,1,Melbourne,3,False,,,,,
Leperina decorata,,Insect,2,Hobart | Melbourne,21,False,,,,,
Leperina lacera,,Insect,2,Adelaide | Canberra–Queanbeyan,2,False,,,,,
Leperina monilata,,Insect,1,Melbourne,2,False,,,,,
Leperina seposita,,Insect,1,Perth,1,False,,,,,
Lepidiota squamulata,Canegrub,Insect,1,Brisbane,1,False,,,,,
Lepidochelys olivacea,Pacific Ridley,Reptile,3,Adelaide | Darwin | Sydney,9,True,Endangered,Lepidochelys olivacea,Lepidochelys olivacea,"Olive Ridley Turtle, Pacific Ridley Turtle",2000-07-16
Lepidodactylus lugubris,Mourning Gecko,Reptile,1,Darwin,9,False,,,,,
Lepidogryllus comparatus,,Insect,1,Adelaide,2,False,,,,,
Lepidosaphes beckii,Scale Insect,Insect,1,Sydney,1,False,,,,,
Lepidosaphes gloverii,Scale Insect,Insect,1,Perth,1,False,,,,,
Lepidosaphes pinnaeformis,,Insect,1,Melbourne,1,False,,,,,
Lepidoscia adelopis,,Insect,2,Melbourne | Sydney,11,False,,,,,
Lepidoscia annosella,Bagworm Moth,Insect,1,Sydney,4,False,,,,,
Lepidoscia arctiella,,Insect,6,Brisbane | Canberra–Queanbeyan | Darwin | Melbourne | Perth | Sydney,64,False,,,,,
Lepidoscia cataphracta,Bagworm Moth,Insect,1,Canberra–Queanbeyan,4,False,,,,,
Lepidoscia characota,Bagworm Moth,Insect,4,Adelaide | Canberra–Queanbeyan | Melbourne | Sydney,107,False,,,,,
Lepidoscia chrysura,,Insect,1,Perth,5,False,,,,,
Lepidoscia confluens,,Insect,2,Canberra–Queanbeyan | Melbourne,26,False,,,,,
Lepidoscia dicranota,,Insect,1,Melbourne,5,False,,,,,
Lepidoscia euryptera,,Insect,2,Brisbane | Canberra–Queanbeyan,16,False,,,,,
Lepidoscia glabrella,Bagworm Moth,Insect,1,Melbourne,1,False,,,,,
Lepidoscia heliochares,,Insect,6,Adelaide | Brisbane | Canberra–Queanbeyan | Hobart | Melbourne | Sydney,136,False,,,,,
Lepidoscia hyalistis,,Insect,1,Melbourne,2,False,,,,,
Lepidoscia lainodes,,Insect,2,Brisbane | Sydney,6,False,,,,,
Lepidoscia phaulodes,,Insect,1,Sydney,2,False,,,,,
Lepidoscia protorna,,Insect,5,Adelaide | Brisbane | Canberra–Queanbeyan | Melbourne | Sydney,78,False,,,,,
Lepidoscia saxosa,,Insect,4,Canberra–Queanbeyan | Hobart | Melbourne | Sydney,104,False,,,,,
Lepidoscia scotinopis,,Insect,1,Melbourne,1,False,,,,,
Lepidoscia stenomochla,,Insect,1,Sydney,5,False,,,,,
Lepidotarsa alphitella,Concealer Moth,Insect,1,Sydney,3,False,,,,,
Lepidotarsa habrodelta,Concealer Moth,Insect,3,Adelaide | Melbourne | Sydney,11,False,,,,,
Lepinotus reticulatus,,Insect,1,Sydney,1,False,,,,,
Lepionysius grossi,,Insect,1,Adelaide,1,False,,,,,
Lepisma saccharina,Silverfish,Insect,5,Adelaide | Canberra–Queanbeyan | Hobart | Melbourne | Sydney,26,False,,,,,
Lepispilus rotundicollis,,Insect,1,Melbourne,5,False,,,,,
Lepispilus stygianus,,Insect,2,Canberra–Queanbeyan | Melbourne,38,False,,,,,
Lepispilus sulcicollis,,Insect,2,Hobart | Melbourne,585,False,,,,,
Leptobatopsis indica,,Insect,1,Brisbane,41,False,,,,,
Leptobatopsis mesominiata,,Insect,3,Brisbane | Canberra–Queanbeyan | Melbourne,22,False,,,,,
Leptocneria binotata,,Insect,1,Darwin,3,False,,,,,
Leptocneria reducta,Moth,Insect,6,Adelaide | Brisbane | Canberra–Queanbeyan | Melbourne | Perth | Sydney,718,False,,,,,
Leptocoris mitellatus,Scentless Plant Bug,Insect,5,Adelaide | Brisbane | Canberra–Queanbeyan | Melbourne | Sydney,190,False,,,,,
Leptocoris rufomarginatus,,Insect,2,Brisbane | Sydney,7,False,,,,,
Leptocoris tagalicus,,Insect,3,Adelaide | Brisbane | Sydney,139,False,,,,,
Leptocorisa acuta,Paddy Bug,Insect,3,Adelaide | Brisbane | Darwin,273,False,,,,,
Leptocroca sanguinolenta,Large Winter Leptocroca Moth,Insect,4,Adelaide | Canberra–Queanbeyan | Melbourne | Sydney,111,False,,,,,
Leptocybe invasa,,Insect,8,Adelaide | Brisbane | Canberra–Queanbeyan | Darwin | Hobart | Melbourne | Perth | Sydney,87,False,,,,,
Leptodromia bimaculata,,Insect,1,Melbourne,1,False,,,,,
Leptogaster antipoda,,Insect,1,Hobart,7,False,,,,,
Leptogaster whitei,,Insect,1,Hobart,1,False,,,,,
Leptogeneia bicristata,,Insect,2,Canberra–Queanbeyan | Hobart,6,False,,,,,
Leptogenys sjostedti,,Insect,1,Brisbane,9,False,,,,,
Leptoglossus gonagra,Passionvine Bug,Insect,1,Brisbane,3,False,,,,,
Leptoglossus occidentalis,Western Conifer-seed Bug,Insect,1,Sydney,1,False,,,,,
Leptometopa mallochi,,Insect,1,Sydney,1,False,,,,,
Leptomyrmex cnemidatus,,Insect,2,Brisbane | Sydney,22,False,,,,,
Leptomyrmex erythrocephalus,Red-headed Spider Ant,Insect,3,Canberra–Queanbeyan | Melbourne | Sydney,156,False,,,,,
Leptomyrmex nigriventris,Spider Ant,Insect,1,Sydney,7,False,,,,,
Leptomyrmex rothneyi,,Insect,1,Brisbane,7,False,,,,,
Leptomyrmex rufipes,,Insect,1,Brisbane,67,False,,,,,
Leptomyrmex wiburdi,,Insect,1,Sydney,38,False,,,,,
Leptophion yampus,,Insect,1,Canberra–Queanbeyan,9,False,,,,,
Leptopius baileyi,,Insect,1,Brisbane,5,False,,,,,
Leptopius duponti,Broad-back Weevil,Insect,3,Adelaide | Melbourne | Sydney,105,False,,,,,
Leptopius maleficus,Sugarcane Butt Weevil,Insect,1,Melbourne,1,False,,,,,
Leptopius robustus,Fruit-tree Root Weevil,Insect,4,Brisbane | Canberra–Queanbeyan | Melbourne | Sydney,516,False,,,,,
Leptopius setosus,,Insect,1,Brisbane,10,False,,,,,
Leptopius spinipennis,,Insect,1,Perth,2,False,,,,,
Leptopius tetraphysodes,,Insect,1,Brisbane,2,False,,,,,
Leptopius tuberculatus,,Insect,1,Brisbane,2,False,,,,,
Leptotarsus clavatus,Crane Fly,Insect,3,Canberra–Queanbeyan | Melbourne | Sydney,107,False,,,,,
Leptotarsus costalis,Crane Fly,Insect,6,Brisbane | Canberra–Queanbeyan | Hobart | Melbourne | Perth | Sydney,611,False,,,,,
Leptotarsus ducalis,,Insect,1,Sydney,1,False,,,,,
Leptotarsus flavopygialis,,Insect,1,Melbourne,1,False,,,,,
Leptotarsus hackeri,,Insect,1,Brisbane,1,False,,,,,
Leptotarsus hilli,Crane Fly,Insect,1,Melbourne,13,False,,,,,
Leptotarsus humilis,Crane Fly,Insect,4,Adelaide | Hobart | Melbourne | Perth,78,False,,,,,
Leptotarsus igniceps,Crane Fly,Insect,1,Melbourne,4,False,,,,,
Leptotarsus imperatorius,Crane Fly,Insect,1,Melbourne,1,False,,,,,
Leptotarsus luteisubcostatus,Crane Fly,Insect,1,Melbourne,9,False,,,,,
Leptotarsus mastersi,Crane Fly,Insect,1,Melbourne,5,False,,,,,
Leptotarsus setivena,Crane Fly,Insect,2,Brisbane | Melbourne,5,False,,,,,
Leptotarsus terraereginae,,Insect,1,Brisbane,2,False,,,,,
Leptotes plinius,Plumbago Blue,Insect,2,Brisbane | Sydney,702,False,,,,,
Leptozestis crassipalpis,,Insect,1,Brisbane,3,False,,,,,
Leptozestis ecstatica,,Insect,1,Adelaide,1,False,,,,,
Leptozestis harmosta,,Insect,1,Canberra–Queanbeyan,1,False,,,,,
Leptozestis toreutica,,Insect,2,Canberra–Queanbeyan | Sydney,4,False,,,,,
Lepturidea cylindrica,,Insect,1,Adelaide,2,False,,,,,
Lepturidea deplanchei,,Insect,2,Melbourne | Sydney,32,False,,,,,
Lepturidea fastigiata,,Insect,1,Melbourne,1,False,,,,,
Lepturidea mastersi,,Insect,1,Sydney,1,False,,,,,
Lepturidea occidentalis,,Insect,1,Perth,13,False,,,,,
Lepturidea pascoei,,Insect,1,Melbourne,6,False,,,,,
Lepturidea pulchra,,Insect,1,Melbourne,3,False,,,,,
Lepturidea punctulaticollis,,Insect,2,Canberra–Queanbeyan | Melbourne,16,False,,,,,
Lepturidea viridis,,Insect,3,Brisbane | Canberra–Queanbeyan | Sydney,16,False,,,,,
Lepus capensis,Brown Hare,Mammal,6,Adelaide | Brisbane | Canberra–Queanbeyan | Hobart | Melbourne | Sydney,353,False,,,,,
Lerista bougainvillii,South-eastern Slider,Reptile,3,Adelaide | Melbourne | Sydney,101,False,,,,,
Lerista distinguenda,South-western Orange-tailed Slider,Reptile,1,Perth,3,False,,,,,
Lerista dorsalis,Southern Slider,Reptile,1,Adelaide,25,False,,,,,
Lerista elegans,Elegant Slider,Reptile,1,Perth,26,False,,,,,
Lerista lineata,Perth Slider,Reptile,1,Perth,9,False,,,,,
Lerista lineopunctulata,Dotted-line Robust Slider,Reptile,1,Perth,7,False,,,,,
Lerista praepedita,Blunt-tailed West-coast Slider,Reptile,1,Perth,10,False,,,,,
Lerista verhmens,Powerful Lerista,Reptile,1,Sydney,1,False,,,,,
Lesabes handschini,,Insect,1,Darwin,5,False,,,,,
Lestonia grossi,,Insect,1,Sydney,1,False,,,,,
Lestonia haustorifera,Bug,Insect,1,Hobart,1,False,,,,,
Lethocerus distinctifemur,,Insect,1,Darwin,1,False,,,,,
Lethocerus insulanus,,Insect,3,Brisbane | Darwin | Sydney,27,False,,,,,
Leucania abdominalis,,Insect,6,Adelaide | Brisbane | Canberra–Queanbeyan | Melbourne | Perth | Sydney,30,False,,,,,
Leucania dasycnema,,Insect,2,Brisbane | Sydney,20,False,,,,,
Leucania diatrecta,Dark-barred Wainscot,Insect,6,Adelaide | Brisbane | Canberra–Queanbeyan | Melbourne | Perth | Sydney,300,False,,,,,
Leucania leucosta,,Insect,2,Brisbane | Sydney,14,False,,,,,
Leucania linearis,,Insect,1,Brisbane,1,False,,,,,
Leucania porphyrodes,,Insect,1,Brisbane,3,False,,,,,
Leucania rhodopsara,,Insect,1,Brisbane,4,False,,,,,
Leucania stenographa,Sugarcane Armyworm,Insect,6,Adelaide | Brisbane | Canberra–Queanbeyan | Melbourne | Perth | Sydney,60,False,,,,,
Leucania uda,Owlet Moth,Insect,7,Adelaide | Brisbane | Canberra–Queanbeyan | Hobart | Melbourne | Perth | Sydney,194,False,,,,,
Leucohimatium arundinaceum,,Insect,2,Adelaide | Melbourne,3,False,,,,,
Leucophaeus atricilla,Laughing Gull,Bird,1,Darwin,4,False,,,,,
Leucophaeus pipixcan,Franklin's Gull,Bird,3,Brisbane | Perth | Sydney,61,False,,,,,
Leucophenga argentata,,Insect,1,Sydney,1,False,,,,,
Leucophenga flavohalterata,,Insect,1,Sydney,1,False,,,,,
Leucophenga regina,,Insect,1,Brisbane,1,False,,,,,
Leucophenga scutellata,,Insect,2,Brisbane | Sydney,7,False,,,,,
Leucopsina burnsi,Fly,Insect,1,Melbourne,15,False,,,,,
Leucopsina odyneroides,Fly,Insect,1,Sydney,2,False,,,,,
Leucoptera spartifoliella,English Broom Twig-mining Moth,Insect,1,Brisbane,3,False,,,,,
Leucosarcia melanoleuca,Wonga Pigeon,Bird,4,Brisbane | Canberra–Queanbeyan | Melbourne | Sydney,2935,False,,,,,
Leucospis atriceps,,Insect,1,Brisbane,6,False,,,,,
Leucospis australis,,Insect,1,Melbourne,4,False,,,,,
Leucospis histrio,,Insect,1,Brisbane,4,False,,,,,
Leucospis morawitzi,,Insect,1,Perth,4,False,,,,,
Leucotachinus novitius,,Insect,1,Melbourne,4,False,,,,,
Leuroperna sera,,Insect,5,Adelaide | Brisbane | Canberra–Queanbeyan | Melbourne | Sydney,137,False,,,,,
Levu vitiensis,,Insect,2,Brisbane | Sydney,21,False,,,,,
Lewinia pectoralis,Lewin's Rail,Bird,6,Adelaide | Brisbane | Canberra–Queanbeyan | Hobart | Melbourne | Sydney,3684,False,,,,,
Lialis burtonis,Burton's Snake-lizard,Reptile,5,Brisbane | Canberra–Queanbeyan | Darwin | Perth | Sydney,217,False,,,,,
Liasis fuscus,Water Python,Reptile,1,Darwin,41,False,,,,,
Liasis olivaceus,Olive Python,Reptile,1,Darwin,8,False,,,,,
Libnotes restricta,,Insect,2,Brisbane | Sydney,6,False,,,,,
Libnotes terraereginae,,Insect,1,Melbourne,2,False,,,,,
Lichenaula appropinquans,,Insect,2,Canberra–Queanbeyan | Sydney,17,False,,,,,
Lichenaula arisema,Concealer Moth,Insect,5,Brisbane | Canberra–Queanbeyan | Hobart | Melbourne | Sydney,62,False,,,,,
Lichenaula calligrapha,Concealer Moth,Insect,4,Brisbane | Canberra–Queanbeyan | Melbourne | Sydney,14,False,,,,,
Lichenaula choriodes,,Insect,1,Melbourne,21,False,,,,,
Lichenaula comparella,,Insect,1,Melbourne,1,False,,,,,
Lichenaula ignota,Concealer Moth,Insect,1,Sydney,5,False,,,,,
Lichenaula laniata,,Insect,2,Brisbane | Sydney,7,False,,,,,
Lichenaula lichenea,,Insect,3,Canberra–Queanbeyan | Melbourne | Sydney,21,False,,,,,
Lichenaula maculosa,Concealer Moth,Insect,2,Brisbane | Melbourne,7,False,,,,,
Lichenaula melanoleuca,,Insect,2,Melbourne | Sydney,31,False,,,,,
Lichenaula onychodes,Concealer Moth,Insect,5,Brisbane | Canberra–Queanbeyan | Melbourne | Perth | Sydney,30,False,,,,,
Lichenaula onychotypa,Concealer Moth,Insect,4,Adelaide | Brisbane | Canberra–Queanbeyan | Melbourne,14,False,,,,,
Lichenaula tholodes,,Insect,1,Sydney,1,False,,,,,
Lichenaula tuberculata,,Insect,1,Canberra–Queanbeyan,9,False,,,,,
Lichenaula undulatella,,Insect,2,Brisbane | Sydney,2,False,,,,,
Lichenostomus cratitius,Purple-gaped Honeyeater,Bird,1,Adelaide,3,False,,,,,
Lichenostomus melanops,Yellow-tufted Honeyeater,Bird,4,Brisbane | Canberra–Queanbeyan | Melbourne | Sydney,697,False,,,,,
Lichmera indistincta,Brown Honeyeater,Bird,7,Adelaide | Brisbane | Canberra–Queanbeyan | Darwin | Melbourne | Perth | Sydney,109468,False,,,,,
Ligyra cingulata,,Insect,2,Melbourne | Perth,6,False,,,,,
Ligyra punctipennis,,Insect,1,Sydney,1,False,,,,,
Ligyra satyrus,,Insect,2,Brisbane | Darwin,26,False,,,,,
Ligyra sinuatifascia,Bee Fly,Insect,3,Brisbane | Perth | Sydney,5,False,,,,,
Lilioceris bakewelli,,Insect,1,Brisbane,68,False,,,,,
Lilioceris nigripes,,Insect,2,Brisbane | Darwin,5,False,,,,,
Lilliputocoris terraereginae,,Insect,1,Brisbane,1,False,,,,,
Limnaecia callimitris,,Insect,1,Canberra–Queanbeyan,3,False,,,,,
Limnaecia camptosema,Cosmet Moth,Insect,6,Adelaide | Brisbane | Canberra–Queanbeyan | Melbourne | Perth | Sydney,100,False,,,,,
Limnaecia chionospila,,Insect,2,Canberra–Queanbeyan | Sydney,23,False,,,,,
Limnaecia cirrhosema,,Insect,5,Adelaide | Brisbane | Melbourne | Perth | Sydney,49,False,,,,,
Limnaecia cirrhozona,,Insect,4,Canberra–Queanbeyan | Melbourne | Perth | Sydney,25,False,,,,,
Limnaecia leptomeris,,Insect,4,Adelaide | Brisbane | Canberra–Queanbeyan | Melbourne,13,False,,,,,
Limnaecia polycydista,,Insect,2,Canberra–Queanbeyan | Sydney,2,False,,,,,
Limnaecia scoliosema,Cosmet Moth,Insect,2,Canberra–Queanbeyan | Melbourne,7,False,,,,,
Limnaecia tetraplanetis,,Insect,2,Brisbane | Darwin,17,False,,,,,
Limnodromus semipalmatus,Asian Dowitcher,Bird,2,Brisbane | Darwin,296,True,Vulnerable,Limnodromus semipalmatus,Limnodromus semipalmatus,Asian Dowitcher,2024-01-05
Limnogonus fossarum,Water Strider,Insect,1,Brisbane,13,False,,,,,
Limnogonus luctuosus,Water Strider,Insect,1,Brisbane,1,False,,,,,
Limnophila kershawi,Crane Fly,Insect,1,Melbourne,1,False,,,,,
Limnoxenus zealandicus,Water Scavenger Beetle,Insect,4,Brisbane | Canberra–Queanbeyan | Melbourne | Perth,18,False,,,,,
Limonia amicula,,Insect,1,Sydney,2,False,,,,,
Limosa haemastica,Hudsonian Godwit,Bird,3,Brisbane | Perth | Sydney,152,False,,,,,
Limosa lapponica,Bar-tailed Godwit,Bird,7,Adelaide | Brisbane | Darwin | Hobart | Melbourne | Perth | Sydney,10797,False,,,,,
Limosa limosa,Black-tailed Godwit,Bird,6,Adelaide | Brisbane | Darwin | Melbourne | Perth | Sydney,2253,True,Endangered,Limosa limosa,Limosa limosa,Black-tailed Godwit,2024-01-05
Limotettix incertus,Leafhopper,Insect,5,Adelaide | Canberra–Queanbeyan | Melbourne | Perth | Sydney,8,False,,,,,
Lindera tessellatella,,Insect,2,Melbourne | Sydney,49,False,,,,,
Lindingaspis rossi,Araucaria Black Scale Insect,Insect,2,Melbourne | Perth,3,False,,,,,
Lindneromyia austraquila,,Insect,1,Hobart,1,False,,,,,
Lindneromyia fergusoni,Fly,Insect,3,Hobart | Melbourne | Sydney,3,False,,,,,
Linepithema humile,Argentine Ant,Insect,7,Adelaide | Canberra–Queanbeyan | Darwin | Hobart | Melbourne | Perth | Sydney,314,False,,,,,
Lingana illita,,Insect,1,Melbourne,18,False,,,,,
Linogeraeus urbanus,,Insect,1,Melbourne,2,False,,,,,
Linosticha cyclophragma,Concealer Moth,Insect,1,Canberra–Queanbeyan,1,False,,,,,
Liometopa rectilinea,Geometer Moth,Insect,2,Melbourne | Sydney,2,False,,,,,
Liopholis modesta,Eastern Ranges Rock-skink,Reptile,1,Brisbane,1,False,,,,,
Liopholis montana,Mountain Skink,Reptile,1,Melbourne,1,True,Endangered,Liopholis montana,Liopholis montana,Mountain Skink,2022-08-10
Liopholis whitii,White's Skink,Reptile,4,Adelaide | Hobart | Melbourne | Sydney,99,False,,,,,
Lioponera clarki,,Insect,1,Brisbane,1,False,,,,,
Lioponera fervida,,Insect,1,Sydney,2,False,,,,,
Lioponera ficosa,,Insect,1,Melbourne,1,False,,,,,
Lioponera larvata,,Insect,1,Melbourne,4,False,,,,,
Lioponera longitarsus,,Insect,1,Brisbane,1,False,,,,,
Lioponera picta,,Insect,1,Brisbane,1,False,,,,,
Lioponera senescens,,Insect,1,Canberra–Queanbeyan,1,False,,,,,
Lioponera singularis,,Insect,1,Brisbane,1,False,,,,,
Lioponera turneri,,Insect,2,Brisbane | Sydney,6,False,,,,,
Liorhyssus hyalinus,,Insect,4,Adelaide | Brisbane | Melbourne | Sydney,13,False,,,,,
Liparetrus concolor,,Insect,1,Melbourne,1,False,,,,,
Liparetrus convexus,,Insect,1,Hobart,3,False,,,,,
Liparetrus discipennis,,Insect,3,Canberra–Queanbeyan | Melbourne | Sydney,10,False,,,,,
Liparetrus vestitus,,Insect,1,Melbourne,1,False,,,,,
Liphyra brassolis,Moth Butterfly,Insect,1,Darwin,2,False,,,,,
Lipogya eutheta,,Insect,4,Adelaide | Brisbane | Canberra–Queanbeyan | Sydney,45,False,,,,,
Lipogya exprimataria,Geometer Moth,Insect,1,Canberra–Queanbeyan,65,False,,,,,
Lipogya leucoprosopa,Geometer Moth,Insect,2,Adelaide | Melbourne,7,False,,,,,
Liposcelis entomophila,,Insect,1,Brisbane,1,False,,,,,
Lipotriches australica,Sweat Bee,Insect,6,Adelaide | Brisbane | Canberra–Queanbeyan | Melbourne | Perth | Sydney,568,False,,,,,
Lipotriches dentiventris,,Insect,1,Sydney,1,False,,,,,
Lipotriches ferricauda,,Insect,3,Brisbane | Canberra–Queanbeyan | Sydney,46,False,,,,,
Lipotriches flavoviridis,Sweat Bee,Insect,7,Adelaide | Brisbane | Canberra–Queanbeyan | Darwin | Melbourne | Perth | Sydney,186,False,,,,,
Lipotriches gracilipes,Sweat Bee,Insect,2,Adelaide | Brisbane,12,False,,,,,
Lipotriches grisella,,Insect,2,Brisbane | Melbourne,4,False,,,,,
Lipotriches kurandina,,Insect,1,Brisbane,1,False,,,,,
Lipotriches modesta,,Insect,1,Darwin,2,False,,,,,
Lipotriches moerens,Sweat Bee,Insect,1,Sydney,1,False,,,,,
Lipotriches muscosa,,Insect,3,Brisbane | Canberra–Queanbeyan | Sydney,61,False,,,,,
Lipotriches phanerura,,Insect,4,Brisbane | Canberra–Queanbeyan | Melbourne | Sydney,162,False,,,,,
Lipotriches submoerens,,Insect,1,Melbourne,1,False,,,,,
Liriomyza brassicae,,Insect,4,Brisbane | Melbourne | Perth | Sydney,12,False,,,,,
Liriomyza chenopodii,,Insect,1,Sydney,1,False,,,,,
Lispe albimaculata,,Insect,1,Brisbane,1,False,,,,,
Lissolepis coventryi,Eastern Mourning Skink,Reptile,1,Melbourne,37,True,Endangered,Lissolepis coventryi,Lissolepis coventryi,"Swamp Skink, Eastern Mourning Skink",2023-03-25
Lissolepis luctuosa,Western Mourning Skink,Reptile,1,Perth,14,False,,,,,
Lissonota adornata,,Insect,1,Melbourne,4,False,,,,,
Lissonota bella,,Insect,3,Brisbane | Melbourne | Sydney,6,False,,,,,
Lissonota gibboclypeata,,Insect,1,Melbourne,1,False,,,,,
Lissonota macqueeni,,Insect,2,Canberra–Queanbeyan | Melbourne,3,False,,,,,
Lissopimpla excelsa,Dusky Winged Ichneumonid (orchid Dupe Wasp),Insect,6,Adelaide | Brisbane | Canberra–Queanbeyan | Melbourne | Perth | Sydney,958,False,,,,,
Lissopimpla scutata,,Insect,1,Darwin,1,False,,,,,
Lissotes basilaris,,Insect,1,Hobart,4,False,,,,,
Lissotes cancroides,,Insect,1,Hobart,3,False,,,,,
Lissotes curvicornis,,Insect,1,Hobart,1,False,,,,,
Lissotes forcipula,,Insect,1,Hobart,1,False,,,,,
Lissotes furcicornis,,Insect,1,Melbourne,14,False,,,,,
Lissotes obtusatus,,Insect,1,Hobart,6,False,,,,,
Listroderes delaiguei,Subterranean Clover Weevil,Insect,2,Hobart | Melbourne,2,False,,,,,
Listroderes difficilis,Vegetable Weevil,Insect,2,Canberra–Queanbeyan | Melbourne,5,False,,,,,
Listroderes foveatus,,Insect,3,Adelaide | Melbourne | Perth,4,False,,,,,
Listronotus bonariensis,Argentine Stem Weevil,Insect,2,Hobart | Melbourne,5,False,,,,,
Litargops intricatus,,Insect,1,Brisbane,6,False,,,,,
Litargops multiguttatus,,Insect,2,Brisbane | Melbourne,2,False,,,,,
Litargus balteatus,,Insect,3,Adelaide | Brisbane | Melbourne,4,False,,,,,
Lithilaria ossicolor,Litter Moth,Insect,3,Brisbane | Melbourne | Sydney,5,False,,,,,
Lithilaria proestans,Moth,Insect,3,Brisbane | Melbourne | Sydney,39,False,,,,,
Lixus breweri,,Insect,1,Perth,2,False,,,,,
Lixus cardui,Thistle Stemborer Weevil,Insect,1,Canberra–Queanbeyan,9,False,,,,,
Lixus mastersii,Weed Weevil,Insect,2,Brisbane | Canberra–Queanbeyan,4,False,,,,,
Lixus tasmanicus,,Insect,2,Melbourne | Sydney,10,False,,,,,
Lobesia arescophanes,,Insect,1,Darwin,1,False,,,,,
Lobesia extrusana,,Insect,1,Sydney,5,False,,,,,
Lobesia peltophora,,Insect,1,Brisbane,14,False,,,,,
Lobesia physophora,,Insect,1,Brisbane,117,False,,,,,
Lobesia transtrifera,,Insect,2,Brisbane | Darwin,102,False,,,,,
Lobesia xylistis,,Insect,3,Brisbane | Canberra–Queanbeyan | Sydney,34,False,,,,,
Lobodon carcinophaga,Crab-eater Seal,Mammal,1,Melbourne,5,False,,,,,
Loboschiza koenigiana,,Insect,2,Brisbane | Sydney,26,False,,,,,
Locusta migratoria,Migratory Locust,Insect,5,Brisbane | Canberra–Queanbeyan | Darwin | Perth | Sydney,20,False,,,,,
Lomera boisduvalii,Bagworm Moth,Insect,1,Sydney,1,False,,,,,
Lonchoptera bifurcata,,Insect,5,Adelaide | Brisbane | Hobart | Melbourne | Sydney,26,False,,,,,
Lonchura castaneothorax,Chestnut-breasted Munia,Bird,5,Brisbane | Darwin | Melbourne | Perth | Sydney,17494,False,,,,,
Lonchura flaviprymna,Yellow-rumped Munia,Bird,1,Darwin,144,False,,,,,
Lonchura oryzivora,Java Sparrow,Bird,1,Sydney,2,False,,,,,
Lonchura punctulata,Nutmeg Munia,Bird,2,Brisbane | Sydney,716,False,,,,,
Longitarsus echii,Salvation Jane Flea Beetle,Insect,3,Adelaide | Canberra–Queanbeyan | Melbourne,12,False,,,,,
Longitarsus flavicornis,,Insect,1,Melbourne,1,False,,,,,
Longitarsus jacobaeae,Tansy Ragwort Flea Beetle,Insect,1,Canberra–Queanbeyan,1,False,,,,,
Lophixus major,,Insect,1,Melbourne,1,False,,,,,
Lophocalama neuritis,Owlet Moth,Insect,2,Brisbane | Sydney,9,False,,,,,
Lophochroa leadbeateri,Major Mitchell's Cockatoo,Bird,7,Adelaide | Brisbane | Canberra–Queanbeyan | Darwin | Melbourne | Perth | Sydney,118,False,,,,,
Lophognathus gilberti,Gilbert's Dragon,Reptile,1,Darwin,9,False,,,,,
Lophognathus horneri,Horner's Dragon,Reptile,2,Brisbane | Darwin,2,False,,,,,
Lophoictinia isura,Square-tailed Kite,Bird,7,Adelaide | Brisbane | Canberra–Queanbeyan | Darwin | Melbourne | Perth | Sydney,3472,False,,,,,
Lopholaimus antarcticus,Topknot Pigeon,Bird,3,Brisbane | Canberra–Queanbeyan | Sydney,3916,False,,,,,
Lophopepla igniferella,,Insect,1,Brisbane,18,False,,,,,
Lophoptera hemithyris,,Insect,1,Brisbane,1,False,,,,,
Lophoptera vittigera,,Insect,1,Brisbane,14,False,,,,,
Lophosaurus boydii,Boyd's Forest Dragon,Reptile,1,Adelaide,1,False,,,,,
Lophothripa vitea,,Insect,1,Darwin,2,False,,,,,
Lophotoma diagrapha,,Insect,4,Brisbane | Canberra–Queanbeyan | Melbourne | Sydney,50,False,,,,,
Lophotoma metabula,,Insect,3,Brisbane | Canberra–Queanbeyan | Sydney,10,False,,,,,
Lophyrotoma analis,Sawfly,Insect,7,Adelaide | Brisbane | Canberra–Queanbeyan | Hobart | Melbourne | Perth | Sydney,137,False,,,,,
Lophyrotoma cyanea,Sawfly,Insect,3,Brisbane | Canberra–Queanbeyan | Sydney,8,False,,,,,
Lophyrotoma interrupta,Cattlepoisoning Sawfly,Insect,6,Adelaide | Brisbane | Canberra–Queanbeyan | Hobart | Melbourne | Sydney,250,False,,,,,
Lophyrotoma leachii,,Insect,1,Brisbane,4,False,,,,,
Lophyrotoma ramosa,Sawfly,Insect,1,Melbourne,1,False,,,,,
Lophyrotoma zonalis,,Insect,3,Brisbane | Darwin | Melbourne,70,False,,,,,
Loweria platydesma,Geometer Moth,Insect,2,Adelaide | Brisbane,3,False,,,,,
Loxioda hampsoni,,Insect,1,Brisbane,23,False,,,,,
Lubentius marginellus,Shield Bug,Insect,2,Melbourne | Sydney,7,False,,,,,
Lubra spinicornis,,Insect,2,Brisbane | Sydney,25,False,,,,,
Lucasium immaculatum,Pale-striped Ground Gecko,Reptile,1,Darwin,1,False,,,,,
Lucasium microplax,Southern Sandplain Gecko,Reptile,1,Sydney,4,False,,,,,
Luceria oculalis,,Insect,4,Brisbane | Canberra–Queanbeyan | Darwin | Sydney,240,False,,,,,
Lucia limbaria,Grassland Copper,Insect,4,Adelaide | Brisbane | Canberra–Queanbeyan | Melbourne,367,False,,,,,
Lucilia cuprina,Australian Sheep Blowfly,Insect,7,Adelaide | Brisbane | Canberra–Queanbeyan | Darwin | Melbourne | Perth | Sydney,231,False,,,,,
Lucilia papuensis,,Insect,1,Brisbane,1,False,,,,,
Lucilia porphyrina,,Insect,3,Brisbane | Melbourne | Sydney,202,False,,,,,
Lucilia sericata,Green Blowfly,Insect,8,Adelaide | Brisbane | Canberra–Queanbeyan | Darwin | Hobart | Melbourne | Perth | Sydney,586,False,,,,,
Lugensa brevirostris,Kerguelen Petrel,Bird,1,Perth,1,False,,,,,
Lutzia halifaxii,,Insect,2,Brisbane | Sydney,14,False,,,,,
Luxiaria ochrophara,,Insect,2,Brisbane | Sydney,189,False,,,,,
Luzonimyia cineracea,,Insect,3,Brisbane | Canberra–Queanbeyan | Sydney,8,False,,,,,
Luzulaspis australis,Grass Coccid,Insect,1,Canberra–Queanbeyan,7,False,,,,,
Lybaeba metasternalis,,Insect,1,Canberra–Queanbeyan,2,False,,,,,
Lychnographa agaura,Geometer Moth,Insect,2,Melbourne | Sydney,4,False,,,,,
Lyctocoris campestris,Debris Bug,Insect,1,Hobart,3,False,,,,,
Lyctus brunneus,(powderpost Beetle),Insect,2,Melbourne | Sydney,4,False,,,,,
Lyctus parallelocollis,(powderpost Beetle),Insect,1,Canberra–Queanbeyan,3,False,,,,,
Lydda lumholtzi,,Insect,1,Darwin,1,False,,,,,
Lydda perkinsi,,Insect,1,Brisbane,1,False,,,,,
Lyelliana dryophila,Geometer Moth,Insect,1,Melbourne,14,False,,,,,
Lygaeoscytus cimicoides,Plant Bug,Insect,1,Melbourne,1,False,,,,,
Lygephila fallax,,Insect,5,Adelaide | Brisbane | Canberra–Queanbeyan | Melbourne | Sydney,125,False,,,,,
Lygesis mendica,,Insect,1,Melbourne,2,False,,,,,
Lygisaurus foliorum,Tree-base Litter-skink,Reptile,1,Brisbane,27,False,,,,,
Lygistorrhina insignis,,Insect,1,Sydney,1,False,,,,,
Lymantria antennata,,Insect,1,Brisbane,29,False,,,,,
Lymantria pelospila,,Insect,2,Brisbane | Darwin,3,False,,,,,
Lyramna vigil,,Insect,2,Brisbane | Sydney,7,False,,,,,
Lyramorpha rosea,Litchi Stink Bug,Insect,2,Brisbane | Sydney,1024,False,,,,,
Lyraphora obliquata,,Insect,2,Brisbane | Sydney,158,False,,,,,
Lysimelia lenis,,Insect,2,Brisbane | Sydney,31,False,,,,,
Mabra eryxalis,,Insect,1,Darwin,1,False,,,,,
Macaduma toxophora,Moth,Insect,2,Brisbane | Sydney,3,False,,,,,
Macarostola formosa,,Insect,3,Brisbane | Melbourne | Sydney,5,False,,,,,
Macarostola ida,,Insect,4,Adelaide | Brisbane | Melbourne | Sydney,8,False,,,,,
Macarostola polyplaca,,Insect,1,Perth,2,False,,,,,
Maceda mansueta,,Insect,1,Brisbane,18,False,,,,,
Machetis aphrobola,Concealer Moth,Insect,3,Hobart | Melbourne | Sydney,85,False,,,,,
Machetis diamochla,,Insect,1,Brisbane,22,False,,,,,
Machetis plagiozona,,Insect,1,Brisbane,1,False,,,,,
Machetis versatrix,Concealer Moth,Insect,1,Brisbane,3,False,,,,,
Machiloides hickmani,,Insect,1,Hobart,1,False,,,,,
Mackerrasomyia brevibarba,,Insect,1,Brisbane,1,False,,,,,
Maconellicoccus australiensis,,Insect,1,Melbourne,1,False,,,,,
Macrenches clerica,Twirler Moth,Insect,4,Adelaide | Canberra–Queanbeyan | Melbourne | Perth,14,False,,,,,
Macrobathra alternatella,,Insect,6,Adelaide | Brisbane | Canberra–Queanbeyan | Melbourne | Perth | Sydney,24,False,,,,,
Macrobathra aphristis,,Insect,1,Canberra–Queanbeyan,4,False,,,,,
Macrobathra arrectella,,Insect,3,Brisbane | Canberra–Queanbeyan | Darwin,8,False,,,,,
Macrobathra baliomitra,,Insect,1,Canberra–Queanbeyan,8,False,,,,,
Macrobathra bigerella,,Insect,6,Adelaide | Brisbane | Darwin | Melbourne | Perth | Sydney,84,False,,,,,
Macrobathra ceraunobola,Cosmet Moth,Insect,5,Canberra–Queanbeyan | Hobart | Melbourne | Perth | Sydney,22,False,,,,,
Macrobathra chrysotoxa,Cosmet Moth,Insect,4,Brisbane | Canberra–Queanbeyan | Melbourne | Sydney,124,False,,,,,
Macrobathra desmotoma,Cosmet Moth,Insect,4,Adelaide | Canberra–Queanbeyan | Melbourne | Sydney,153,False,,,,,
Macrobathra diplochrysa,,Insect,1,Brisbane,13,False,,,,,
Macrobathra embroneta,,Insect,1,Brisbane,8,False,,,,,
Macrobathra euryleuca,,Insect,3,Brisbane | Melbourne | Sydney,10,False,,,,,
Macrobathra hamaxitodes,,Insect,1,Canberra–Queanbeyan,4,False,,,,,
Macrobathra harmostis,,Insect,2,Brisbane | Canberra–Queanbeyan,2,False,,,,,
Macrobathra heminephela,Cosmet Moth,Insect,2,Canberra–Queanbeyan | Melbourne,8,False,,,,,
Macrobathra honoratella,,Insect,2,Brisbane | Melbourne,9,False,,,,,
Macrobathra leucopeda,,Insect,4,Adelaide | Brisbane | Canberra–Queanbeyan | Melbourne,10,False,,,,,
Macrobathra leucozancla,,Insect,1,Brisbane,2,False,,,,,
Macrobathra melanomitra,,Insect,2,Adelaide | Canberra–Queanbeyan,13,False,,,,,
Macrobathra myriophthalma,,Insect,4,Adelaide | Brisbane | Canberra–Queanbeyan | Melbourne,7,False,,,,,
Macrobathra nephelomorpha,Cosmet Moth,Insect,4,Brisbane | Canberra–Queanbeyan | Melbourne | Sydney,10,False,,,,,
Macrobathra philopsamma,,Insect,2,Brisbane | Melbourne,3,False,,,,,
Macrobathra platychroa,Cosmet Moth,Insect,1,Melbourne,33,False,,,,,
Macrobathra rubicundella,,Insect,1,Brisbane,34,False,,,,,
Macrobathra sarcoleuca,,Insect,2,Brisbane | Darwin,17,False,,,,,
Macrobathra trithyra,,Insect,1,Brisbane,5,False,,,,,
Macrocalymma smithianum,,Insect,1,Brisbane,1,False,,,,,
Macrocarenoides scutellatus,Shield Bug,Insect,3,Adelaide | Brisbane | Melbourne,16,False,,,,,
Macroceps moorei,Leafhopper,Insect,1,Canberra–Queanbeyan,1,False,,,,,
Macroceps tonnoiri,Leafhopper,Insect,4,Adelaide | Canberra–Queanbeyan | Hobart | Melbourne,6,False,,,,,
Macrocera decorosa,,Insect,3,Canberra–Queanbeyan | Melbourne | Sydney,8,False,,,,,
Macrocera mastersi,,Insect,3,Adelaide | Hobart | Melbourne,7,False,,,,,
Macrocyttara expressa,,Insect,2,Adelaide | Brisbane,13,False,,,,,
Macrodiplax cora,Wandering Pennant,Insect,4,Brisbane | Darwin | Perth | Sydney,88,False,,,,,
Macroglossum corythus,,Insect,1,Darwin,8,False,,,,,
Macroglossum errans,,Insect,2,Brisbane | Darwin,22,False,,,,,
Macroglossum micacea,,Insect,1,Brisbane,2,False,,,,,
Macroglossum nubilum,,Insect,1,Brisbane,1,False,,,,,
Macroglossum vacillans,,Insect,1,Darwin,1,False,,,,,
Macroglossus minimus,Northern Blossom-bat,Mammal,1,Darwin,4,False,,,,,
Macrohyliota militaris,,Insect,1,Melbourne,3,False,,,,,
Macronectes giganteus,Southern Giant-petrel,Bird,2,Melbourne | Sydney,47,True,Endangered,Macronectes giganteus,Macronectes giganteus,"Southern Giant-Petrel, Southern Giant Petrel",2001-04-04
Macronectes halli,Northern Giant-petrel,Bird,3,Melbourne | Perth | Sydney,235,True,Vulnerable,Macronectes halli,Macronectes halli,Northern Giant Petrel,2001-04-04
Macropus fuliginosus,Black-faced Kangaroo,Mammal,3,Adelaide | Melbourne | Perth,2348,False,,,,,
Macropus giganteus,Eastern Grey Kangaroo,Mammal,6,Adelaide | Brisbane | Canberra–Queanbeyan | Darwin | Melbourne | Sydney,11255,False,,,,,
Macropygia phasianella,Brown Cuckoo-dove,Bird,4,Brisbane | Canberra–Queanbeyan | Melbourne | Sydney,5825,False,,,,,
Macroscytus australis,Shield Bug,Insect,1,Hobart,2,False,,,,,
Macroscytus minimus,,Insect,1,Melbourne,2,False,,,,,
Macrosiagon rufofasciata,,Insect,1,Melbourne,1,False,,,,,
Macrosiphoniella sanborni,Chrysanthemum Aphid,Insect,1,Sydney,1,False,,,,,
Macrosiphum euphorbiae,Potato Aphid,Insect,6,Brisbane | Canberra–Queanbeyan | Hobart | Melbourne | Perth | Sydney,31,False,,,,,
Macrosiphum rosae,Rose Aphid,Insect,7,Adelaide | Brisbane | Canberra–Queanbeyan | Hobart | Melbourne | Perth | Sydney,260,False,,,,,
Macrothynnus insignis,,Insect,1,Perth,6,False,,,,,
Macrotis lagotis,Bilby,Mammal,3,Adelaide | Perth | Sydney,12,True,Vulnerable,Macrotis lagotis,Macrotis lagotis,Greater Bilby,2000-07-16
Macrotona australis,Common Macrotona,Insect,6,Adelaide | Canberra–Queanbeyan | Hobart | Melbourne | Perth | Sydney,221,False,,,,,
Macrotona mjobergi,,Insect,2,Brisbane | Sydney,5,False,,,,,
Macrotona picta,,Insect,1,Perth,1,False,,,,,
Macrotona securiformis,Inland Macrotona,Insect,5,Adelaide | Canberra–Queanbeyan | Melbourne | Perth | Sydney,84,False,,,,,
Macrotristria angularis,Cherrynose,Insect,2,Brisbane | Sydney,31,False,,,,,
Macrotristria doddi,,Insect,1,Darwin,17,False,,,,,
Macrotristria intersecta,Green Whizzer (green Form),Insect,1,Darwin,9,False,,,,,
Maechidius tridentatus,,Insect,1,Brisbane,2,False,,,,,
Maenomenus ensifer,,Insect,3,Canberra–Queanbeyan | Melbourne | Sydney,4,False,,,,,
Maevius indecorus,,Insect,1,Perth,2,False,,,,,
Magia subocellata,,Insect,2,Brisbane | Sydney,463,False,,,,,
Maiestas knighti,Leafhopper,Insect,1,Melbourne,1,False,,,,,
Maiestas veta,,Insect,4,Adelaide | Brisbane | Canberra–Queanbeyan | Melbourne,53,False,,,,,
Maira aenea,,Insect,1,Sydney,2,False,,,,,
Malacorhynchus membranaceus,Pink-eared Duck,Bird,8,Adelaide | Brisbane | Canberra–Queanbeyan | Darwin | Hobart | Melbourne | Perth | Sydney,25472,False,,,,,
Malandiola semota,Lace Bug,Insect,4,Canberra–Queanbeyan | Melbourne | Perth | Sydney,4,False,,,,,
Malandiola similis,Lace Bug,Insect,2,Canberra–Queanbeyan | Darwin,8,False,,,,,
Maleuterpes spinipes,Spine-legged Citrus Weevil,Insect,1,Canberra–Queanbeyan,1,False,,,,,
Maliattha amorpha,Owlet Moth,Insect,4,Brisbane | Canberra–Queanbeyan | Darwin | Sydney,307,False,,,,,
Maliattha ritsemae,,Insect,2,Brisbane | Darwin,37,False,,,,,
Malipo bianchii,,Insect,3,Brisbane | Canberra–Queanbeyan | Sydney,8,False,,,,,
Mallada basalis,,Insect,6,Adelaide | Brisbane | Darwin | Melbourne | Perth | Sydney,94,False,,,,,
Mallada innotatus,,Insect,1,Melbourne,1,False,,,,,
Mallada signatus,Green Lacewing,Insect,6,Adelaide | Brisbane | Canberra–Queanbeyan | Melbourne | Perth | Sydney,939,False,,,,,
Mallada traviatus,,Insect,5,Brisbane | Canberra–Queanbeyan | Darwin | Melbourne | Sydney,126,False,,,,,
Mallada tripunctatus,,Insect,7,Adelaide | Brisbane | Canberra–Queanbeyan | Hobart | Melbourne | Perth | Sydney,105,False,,,,,
Mallochinus mastersi,,Insect,1,Melbourne,2,False,,,,,
Malometasternum rufocaudatum,,Insect,4,Brisbane | Canberra–Queanbeyan | Melbourne | Sydney,25,False,,,,,
Malurus amabilis,Lovely Fairy-wren,Bird,1,Sydney,4,False,,,,,
Malurus assimilis,Purple-backed Fairy-wren,Bird,2,Brisbane | Perth,2083,False,,,,,
Malurus cyaneus,Superb Fairy-wren,Bird,6,Adelaide | Brisbane | Canberra–Queanbeyan | Hobart | Melbourne | Sydney,233768,False,,,,,
Malurus elegans,Red-winged Fairy-wren,Bird,1,Perth,340,False,,,,,
Malurus lamberti,Variegated Fairy-wren,Bird,5,Brisbane | Canberra–Queanbeyan | Melbourne | Perth | Sydney,28464,False,,,,,
Malurus leucopterus,White-winged Fairy-wren,Bird,3,Adelaide | Perth | Sydney,1048,False,,,,,
Malurus melanocephalus,Red-backed Fairy-wren,Bird,3,Brisbane | Darwin | Sydney,31514,False,,,,,
Malurus pulcherrimus,Blue-breasted Fairy-wren,Bird,1,Perth,6,False,,,,,
Malurus splendens,Splendid Fairy-wren,Bird,3,Adelaide | Perth | Sydney,10719,False,,,,,
Mampava rhodoneura,,Insect,2,Brisbane | Sydney,51,False,,,,,
Mandalotus contortus,,Insect,1,Melbourne,1,False,,,,,
Mandalotus muscivorus,,Insect,1,Hobart,1,False,,,,,
Mandalotus spurcus,,Insect,1,Canberra–Queanbeyan,1,False,,,,,
Mandalotus sterilis,,Insect,1,Adelaide,2,False,,,,,
Mandella australis,,Insect,1,Melbourne,1,False,,,,,
Manduca sexta,,Insect,1,Sydney,1,False,,,,,
Manorina flavigula,Yellow-throated Miner,Bird,4,Adelaide | Darwin | Perth | Sydney,917,False,,,,,
Manorina melanocephala,Noisy Miner,Bird,6,Adelaide | Brisbane | Canberra–Queanbeyan | Hobart | Melbourne | Sydney,490355,False,,,,,
Manorina melanophrys,Bell Miner,Bird,4,Adelaide | Brisbane | Melbourne | Sydney,31060,False,,,,,
Manorina melanotis,Black-eared Miner,Bird,1,Sydney,2,True,Endangered,Manorina melanotis,Manorina melanotis,Black-eared Miner,2000-07-16
Mansonia uniformis,Mosquito,Insect,3,Brisbane | Darwin | Sydney,42,False,,,,,
Mantis octospilota,Blackbarred Mantid,Insect,6,Adelaide | Brisbane | Canberra–Queanbeyan | Melbourne | Perth | Sydney,92,False,,,,,
Marava arachidis,"Chief Earwig, Bone-house Earwig",Insect,3,Adelaide | Brisbane | Canberra–Queanbeyan,12,False,,,,,
Marchalina hellenica,Giant Pine Scale,Insect,1,Melbourne,3,False,,,,,
Margarosticha euprepialis,,Insect,2,Brisbane | Darwin,6,False,,,,,
Margarosticha repetitalis,,Insect,1,Darwin,2,False,,,,,
Margarosticha sphenotis,,Insect,2,Brisbane | Sydney,13,False,,,,,
Maroga leptopasta,,Insect,1,Darwin,2,False,,,,,
Maroga melanostigma,Fruit Stem Borer Moth,Insect,7,Adelaide | Brisbane | Canberra–Queanbeyan | Hobart | Melbourne | Perth | Sydney,183,False,,,,,
Maruca vitrata,,Insect,3,Brisbane | Darwin | Sydney,62,False,,,,,
Maskellia globosa,,Insect,3,Adelaide | Melbourne | Perth,41,False,,,,,
Mastigaphoides haffneri,Haffner’s Broad-winged Snub-nose,Insect,1,Sydney,1,False,,,,,
Mastotermes darwiniensis,Giant Northern Termite,Insect,1,Darwin,3,False,,,,,
Mataeomera coccophaga,Owlet Moth,Insect,5,Adelaide | Brisbane | Canberra–Queanbeyan | Melbourne | Sydney,50,False,,,,,
Mataeomera dubia,Scale-eating Caterpillar,Insect,6,Adelaide | Brisbane | Canberra–Queanbeyan | Melbourne | Perth | Sydney,18,False,,,,,
Mataeomera ligata,Owlet Moth,Insect,5,Adelaide | Brisbane | Canberra–Queanbeyan | Melbourne | Perth,20,False,,,,,
Mataeomera mesotaenia,Owlet Moth,Insect,5,Adelaide | Brisbane | Canberra–Queanbeyan | Melbourne | Sydney,66,False,,,,,
Maurilia iconica,,Insect,1,Brisbane,2,False,,,,,
Mauropteron pelago,Robber Fly,Insect,1,Perth,12,False,,,,,
Maxates calaina,,Insect,2,Melbourne | Sydney,7,False,,,,,
Maxates centrophylla,Geometer Moth,Insect,4,Brisbane | Hobart | Melbourne | Sydney,33,False,,,,,
Maxates tanygona,,Insect,1,Brisbane,1,False,,,,,
Mayriella abstinens,,Insect,1,Brisbane,2,False,,,,,
Mayriella ebbei,Ant,Insect,2,Adelaide | Melbourne,2,False,,,,,
Mayriella overbecki,,Insect,1,Sydney,9,False,,,,,
Mayriella spinosior,,Insect,1,Brisbane,2,False,,,,,
Mechistocerus calidris,,Insect,1,Darwin,1,False,,,,,
Mecyclothorax punctipennis,,Insect,1,Melbourne,1,False,,,,,
Mecynodera balyi,,Insect,2,Canberra–Queanbeyan | Sydney,4,False,,,,,
Mecynodera coxalgica,,Insect,1,Sydney,8,False,,,,,
Mecynopus annulicornis,,Insect,1,Sydney,4,False,,,,,
Mecynopus cothurnatus,,Insect,3,Canberra–Queanbeyan | Hobart | Melbourne,10,False,,,,,
Mecynopus semivitreus,,Insect,1,Melbourne,1,False,,,,,
Mecynothrips hardyi,,Insect,1,Brisbane,1,False,,,,,
Mecytha fasciata,Moth,Insect,2,Brisbane | Sydney,45,False,,,,,
Mediastinia australica,,Insect,1,Brisbane,2,False,,,,,
Mediastinia delicatula,,Insect,1,Brisbane,1,False,,,,,
Megacentron erebeum,Midge,Insect,1,Melbourne,2,False,,,,,
Megaceria pagana,,Insect,1,Canberra–Queanbeyan,7,False,,,,,
Megachile abdominale,,Insect,1,Brisbane,1,False,,,,,
Megachile apicata,Bee,Insect,5,Adelaide | Brisbane | Melbourne | Perth | Sydney,24,False,,,,,
Megachile aurifrons,Bee,Insect,4,Adelaide | Brisbane | Melbourne | Perth,107,False,,,,,
Megachile callura,,Insect,2,Adelaide | Perth,2,False,,,,,
Megachile canifrons,Bee,Insect,4,Adelaide | Canberra–Queanbeyan | Melbourne | Perth,25,False,,,,,
Megachile chrysopyga,Bee,Insect,3,Canberra–Queanbeyan | Perth | Sydney,76,False,,,,,
Megachile deanii,,Insect,3,Brisbane | Perth | Sydney,38,False,,,,,
Megachile erythropyga,Bee,Insect,5,Adelaide | Canberra–Queanbeyan | Melbourne | Perth | Sydney,73,False,,,,,
Megachile eucalypti,,Insect,1,Adelaide,2,False,,,,,
Megachile fabricator,,Insect,1,Perth,5,False,,,,,
Megachile ferox,Bee,Insect,5,Adelaide | Canberra–Queanbeyan | Melbourne | Perth | Sydney,262,False,,,,,
Megachile hackeri,,Insect,1,Brisbane,1,False,,,,,
Megachile heliophila,,Insect,1,Canberra–Queanbeyan,2,False,,,,,
Megachile heriadiformis,Bee,Insect,3,Adelaide | Melbourne | Sydney,24,False,,,,,
Megachile ignescens,,Insect,1,Brisbane,24,False,,,,,
Megachile ignita,Bee,Insect,1,Perth,4,False,,,,,
Megachile kirbyana,,Insect,1,Perth,1,False,,,,,
Megachile leucopyga,,Insect,1,Sydney,8,False,,,,,
Megachile lucidiventris,Bee,Insect,4,Adelaide | Canberra–Queanbeyan | Melbourne | Sydney,147,False,,,,,
Megachile mackayensis,,Insect,1,Sydney,1,False,,,,,
Megachile maculariformis,Bee,Insect,5,Adelaide | Canberra–Queanbeyan | Hobart | Melbourne | Sydney,123,False,,,,,
Megachile macularis,Bee,Insect,6,Adelaide | Brisbane | Canberra–Queanbeyan | Melbourne | Perth | Sydney,44,False,,,,,
Megachile micrerythrura,Bee,Insect,1,Darwin,1,False,,,,,
Megachile monkmani,Bee,Insect,1,Adelaide,2,False,,,,,
Megachile monstrosa,Bee,Insect,1,Perth,10,False,,,,,
Megachile mystacea,,Insect,1,Brisbane,6,False,,,,,
Megachile mystaceana,,Insect,2,Brisbane | Sydney,69,False,,,,,
Megachile nigrovittata,,Insect,3,Adelaide | Melbourne | Sydney,33,False,,,,,
Megachile oblonga,Bee,Insect,5,Adelaide | Canberra–Queanbeyan | Melbourne | Perth | Sydney,50,False,,,,,
Megachile obtusa,Bee,Insect,2,Adelaide | Melbourne,2,False,,,,,
Megachile ordinaria,Bee,Insect,1,Hobart,1,False,,,,,
Megachile pictiventris,,Insect,1,Brisbane,6,False,,,,,
Megachile preissi,,Insect,1,Perth,7,False,,,,,
Megachile punctata,,Insect,2,Brisbane | Sydney,57,False,,,,,
Megachile remotula,,Insect,1,Perth,1,False,,,,,
Megachile resinifera,,Insect,1,Perth,1,False,,,,,
Megachile rhodura,Bee,Insect,3,Brisbane | Canberra–Queanbeyan | Sydney,16,False,,,,,
Megachile rotundata,,Insect,2,Melbourne | Sydney,2,False,,,,,
Megachile semiluctuosa,Bee,Insect,2,Adelaide | Perth,7,False,,,,,
Megachile serricauda,Bee,Insect,3,Brisbane | Canberra–Queanbeyan | Sydney,71,False,,,,,
Megachile simplex,Bee,Insect,2,Brisbane | Canberra–Queanbeyan,3,False,,,,,
Megachile speluncarum,,Insect,1,Perth,1,False,,,,,
Megachile tarltoni,,Insect,1,Perth,1,False,,,,,
Megachile tosticauda,Bee,Insect,4,Adelaide | Canberra–Queanbeyan | Melbourne | Perth,19,False,,,,,
Megachile ustulata,,Insect,2,Brisbane | Sydney,27,False,,,,,
Megacmonotus magnus,Owlfly,Insect,2,Brisbane | Perth,11,False,,,,,
Megacoelum suffusum,,Insect,1,Brisbane,2,False,,,,,
Megadrymus terraereginae,,Insect,1,Sydney,1,False,,,,,
Megalomina acuminata,,Insect,1,Brisbane,6,False,,,,,
Megalomina berothoides,,Insect,1,Melbourne,19,False,,,,,
Megalorhipida leucodactyla,,Insect,7,Adelaide | Brisbane | Canberra–Queanbeyan | Darwin | Melbourne | Perth | Sydney,127,False,,,,,
Megalyra fasciipennis,,Insect,3,Hobart | Melbourne | Sydney,7,False,,,,,
Megalyra rufipes,Wasp,Insect,2,Hobart | Melbourne,3,False,,,,,
Megalyra shuckardi,Wasp,Insect,1,Melbourne,1,False,,,,,
Megapodius reinwardt,Orange-footed Scrubfowl,Bird,1,Darwin,12158,False,,,,,
Megaptera novaeangliae,Humpback Whale,Mammal,3,Melbourne | Perth | Sydney,153,False,,,,,
Megaselia rufipes,,Insect,1,Sydney,1,False,,,,,
Megaselia scalaris,,Insect,5,Adelaide | Brisbane | Melbourne | Perth | Sydney,18,False,,,,,
Megaselia spiracularis,,Insect,1,Brisbane,2,False,,,,,
Megastigmus voltairei,,Insect,1,Brisbane,1,False,,,,,
Megazosteria patula,,Insect,1,Darwin,1,False,,,,,
Megoura crassicauda,,Insect,4,Canberra–Queanbeyan | Hobart | Melbourne | Sydney,23,False,,,,,
Megymenum affine,Cucurbit Shield Bug,Insect,1,Brisbane,6,False,,,,,
Meiosimyza appula,Acalyptrate Fly,Insect,3,Adelaide | Hobart | Melbourne,4,False,,,,,
Meiosimyza lineata,Acalyptrate Fly,Insect,1,Melbourne,1,False,,,,,
Melanacanthus margineguttatus,,Insect,6,Adelaide | Brisbane | Canberra–Queanbeyan | Melbourne | Perth | Sydney,39,False,,,,,
Melanacanthus scutellaris,Podsucking Bug,Insect,7,Adelaide | Brisbane | Canberra–Queanbeyan | Darwin | Melbourne | Perth | Sydney,210,False,,,,,
Melanerythrus biguttatus,,Insect,1,Brisbane,9,False,,,,,
Melanerythrus mactans,Bug,Insect,6,Adelaide | Brisbane | Canberra–Queanbeyan | Melbourne | Perth | Sydney,227,False,,,,,
Melanerythrus mutilatus,Bug,Insect,1,Adelaide,1,False,,,,,
Melangyna ambustus,,Insect,6,Adelaide | Canberra–Queanbeyan | Hobart | Melbourne | Perth | Sydney,25,False,,,,,
Melangyna collatus,Hover Fly,Insect,3,Canberra–Queanbeyan | Melbourne | Sydney,19,False,,,,,
Melangyna damastor,Hover Fly,Insect,4,Brisbane | Melbourne | Perth | Sydney,12,False,,,,,
Melangyna jacksoni,,Insect,1,Melbourne,16,False,,,,,
Melangyna sellenyi,,Insect,2,Brisbane | Sydney,3,False,,,,,
Melangyna viridiceps,Hover Fly,Insect,7,Adelaide | Brisbane | Canberra–Queanbeyan | Hobart | Melbourne | Perth | Sydney,2692,False,,,,,
Melanitis leda,Evening Brown,Insect,3,Brisbane | Darwin | Sydney,2228,False,,,,,
Melanococcus albizziae,Wattle Mealybug,Insect,3,Canberra–Queanbeyan | Melbourne | Sydney,34,False,,,,,
Melanodaedala scopulosana,,Insect,1,Brisbane,4,False,,,,,
Melanodes anthracitaria,Geometer Moth,Insect,6,Adelaide | Brisbane | Canberra–Queanbeyan | Hobart | Melbourne | Sydney,468,False,,,,,
Melanodryas cucullata,Hooded Robin,Bird,5,Adelaide | Canberra–Queanbeyan | Darwin | Perth | Sydney,22,False,,,,,
Melanodryas vittata,Dusky Robin,Bird,1,Hobart,450,False,,,,,
Melanostoma apicale,,Insect,2,Brisbane | Sydney,61,False,,,,,
Melanozosteria dookiensis,Cockroach,Insect,1,Canberra–Queanbeyan,14,False,,,,,
Melanozosteria obscura,Cockroach,Insect,1,Adelaide,2,False,,,,,
Melanozosteria triangulata,,Insect,1,Melbourne,1,False,,,,,
Melanterius acaciae,,Insect,1,Melbourne,1,False,,,,,
Melanterius costatus,,Insect,2,Adelaide | Hobart,2,False,,,,,
Melanterius costipennis,,Insect,2,Canberra–Queanbeyan | Melbourne,7,False,,,,,
Melanterius maculatus,Acacia Seed Weevil,Insect,4,Brisbane | Canberra–Queanbeyan | Hobart | Melbourne,20,False,,,,,
Melanterius porcatus,,Insect,1,Hobart,1,False,,,,,
Melanterius semiporcatus,,Insect,1,Adelaide,2,False,,,,,
Melanterius tasmaniensis,,Insect,1,Hobart,1,False,,,,,
Meleagris gallopavo,Wild Turkey,Bird,4,Brisbane | Hobart | Melbourne | Sydney,20,False,,,,,
Meliphaga lewinii,Lewin's Honeyeater,Bird,3,Brisbane | Melbourne | Sydney,51241,False,,,,,
Melithreptus affinis,Black-headed Honeyeater,Bird,1,Hobart,2338,False,,,,,
Melithreptus albogularis,White-throated Honeyeater,Bird,4,Brisbane | Canberra–Queanbeyan | Darwin | Melbourne,19346,False,,,,,
Melithreptus brevirostris,Brown-headed Honeyeater,Bird,6,Adelaide | Brisbane | Canberra–Queanbeyan | Melbourne | Perth | Sydney,2434,False,,,,,
Melithreptus chloropsis,Gilbert's Honeyeater,Bird,1,Perth,784,False,,,,,
Melithreptus gularis,Black-chinned Honeyeater,Bird,5,Adelaide | Brisbane | Darwin | Melbourne | Sydney,231,False,,,,,
Melithreptus lunatus,White-naped Honeyeater,Bird,6,Adelaide | Brisbane | Canberra–Queanbeyan | Melbourne | Perth | Sydney,8231,False,,,,,
Melithreptus validirostris,Strong-billed Honeyeater,Bird,2,Hobart | Sydney,400,False,,,,,
Melittobia australica,,Insect,1,Sydney,1,False,,,,,
Mellea ordinaria,,Insect,1,Brisbane,3,False,,,,,
Melloria quoyi,Black Butcherbird,Bird,2,Darwin | Sydney,3366,False,,,,,
Melobasis cuprifera,,Insect,1,Perth,3,False,,,,,
Melobasis fulgurans,,Insect,1,Melbourne,3,False,,,,,
Melobasis gloriosa,,Insect,1,Perth,2,False,,,,,
Melobasis hypocrita,,Insect,2,Hobart | Melbourne,3,False,,,,,
Melobasis ignipicta,,Insect,1,Melbourne,1,False,,,,,
Melobasis innocua,,Insect,2,Hobart | Sydney,6,False,,,,,
Melobasis lathami,,Insect,1,Perth,10,False,,,,,
Melobasis nervosa,,Insect,2,Hobart | Melbourne,3,False,,,,,
Melobasis obscurella,,Insect,3,Brisbane | Canberra–Queanbeyan | Melbourne,15,False,,,,,
Melobasis occidentalis,,Insect,1,Adelaide,1,False,,,,,
Melobasis ordinata,,Insect,1,Sydney,1,False,,,,,
Melobasis propinqua,,Insect,5,Adelaide | Canberra–Queanbeyan | Hobart | Melbourne | Sydney,44,False,,,,,
Melobasis purpurascens,,Insect,4,Brisbane | Canberra–Queanbeyan | Melbourne | Sydney,31,False,,,,,
Melobasis rectipilosa,,Insect,1,Perth,1,False,,,,,
Melobasis sexplagiata,,Insect,2,Melbourne | Perth,5,False,,,,,
Melobasis simplex,,Insect,1,Melbourne,1,False,,,,,
Melobasis sordida,,Insect,3,Adelaide | Canberra–Queanbeyan | Perth,4,False,,,,,
Melobasis splendida,,Insect,3,Adelaide | Brisbane | Canberra–Queanbeyan,5,False,,,,,
Melobasis thoracica,,Insect,1,Canberra–Queanbeyan,2,False,,,,,
Melobasis vittata,,Insect,3,Adelaide | Canberra–Queanbeyan | Perth,8,False,,,,,
Melomys burtoni,Grassland Melomys,Mammal,1,Darwin,20,False,,,,,
Melomys cervinipes,Fawn-footed Melomys,Mammal,1,Brisbane,4,False,,,,,
Melophorus aeneovirens,,Insect,1,Brisbane,4,False,,,,,
Melophorus bruneus,,Insect,1,Brisbane,1,False,,,,,
Melophorus curtus,,Insect,1,Brisbane,1,False,,,,,
Melophorus gibbosus,,Insect,1,Melbourne,1,False,,,,,
Melophorus hirsutus,,Insect,3,Brisbane | Canberra–Queanbeyan | Melbourne,19,False,,,,,
Melophorus ludius,,Insect,1,Perth,1,False,,,,,
Melophorus perthensis,,Insect,1,Canberra–Queanbeyan,1,False,,,,,
Melophorus rufoniger,,Insect,3,Brisbane | Canberra–Queanbeyan | Sydney,27,False,,,,,
Melophorus turneri,,Insect,1,Brisbane,4,False,,,,,
Melopsittacus undulatus,Budgerigar,Bird,7,Adelaide | Brisbane | Canberra–Queanbeyan | Darwin | Melbourne | Perth | Sydney,470,False,,,,,
Melyronyxa pubescens,,Insect,1,Melbourne,1,False,,,,,
Mendola puellula,,Insect,1,Brisbane,1,False,,,,,
Menechirus parryi,,Insect,2,Brisbane | Sydney,12,False,,,,,
Meneristes australis,,Insect,6,Adelaide | Brisbane | Canberra–Queanbeyan | Hobart | Melbourne | Sydney,280,False,,,,,
Menetia alanae,Top End Dwarf Skink,Reptile,1,Darwin,3,False,,,,,
Menetia greyii,Common Dwarf Skink,Reptile,4,Adelaide | Canberra–Queanbeyan | Perth | Sydney,182,False,,,,,
Menida longula,,Insect,1,Brisbane,1,False,,,,,
Menida plebeia,,Insect,3,Brisbane | Canberra–Queanbeyan | Sydney,23,False,,,,,
Menida spectabilis,,Insect,2,Brisbane | Sydney,118,False,,,,,
Menippus cynicus,,Insect,1,Brisbane,344,False,,,,,
Menippus darcyi,,Insect,1,Sydney,3,False,,,,,
Menippus yulensis,,Insect,1,Darwin,2,False,,,,,
Menura alberti,Albert's Lyrebird,Bird,1,Sydney,3,False,,,,,
Menura novaehollandiae,Superb Lyrebird,Bird,4,Canberra–Queanbeyan | Hobart | Melbourne | Sydney,4416,False,,,,,
Meomyia albiceps,Bee Fly,Insect,1,Sydney,1,False,,,,,
Meomyia fasciculata,Bee Fly,Insect,3,Melbourne | Perth | Sydney,24,False,,,,,
Meomyia sericans,,Insect,4,Adelaide | Brisbane | Perth | Sydney,9,False,,,,,
Mepleres tanei,,Insect,1,Melbourne,1,False,,,,,
Meranda holochrysa,,Insect,1,Darwin,2,False,,,,,
Meranda susialis,,Insect,4,Brisbane | Canberra–Queanbeyan | Melbourne | Sydney,161,False,,,,,
Meranoplus curvispina,,Insect,2,Melbourne | Sydney,11,False,,,,,
Meranoplus ferrugineus,,Insect,1,Perth,2,False,,,,,
Meranoplus froggatti,False Tirtle Ant,Insect,3,Adelaide | Brisbane | Sydney,27,False,,,,,
Meranoplus hirsutus,,Insect,1,Brisbane,2,False,,,,,
Meranoplus minor,Ant,Insect,1,Sydney,37,False,,,,,
Meranoplus mjobergi,,Insect,1,Brisbane,2,False,,,,,
Meranoplus oceanicus,Ant,Insect,4,Brisbane | Melbourne | Perth | Sydney,10,False,,,,,
Meranoplus pubescens,Ant,Insect,1,Adelaide,3,False,,,,,
Meranoplus puryi,Ant,Insect,2,Melbourne | Sydney,12,False,,,,,
Meranoplus rugosus,Ant,Insect,1,Perth,1,False,,,,,
Merimna atrata,Fire Beetle,Insect,4,Brisbane | Canberra–Queanbeyan | Darwin | Perth,10,False,,,,,
Merimnetes oblongus,Radiata Pine Shoot Weevil,Insect,3,Canberra–Queanbeyan | Hobart | Melbourne,25,False,,,,,
Merimnetes simplicipennis,,Insect,1,Hobart,2,False,,,,,
Meriphus guttatus,,Insect,1,Sydney,11,False,,,,,
Meriphus lateroalbus,,Insect,2,Hobart | Melbourne,5,False,,,,,
Meritastis laganodes,Leafroller Moth,Insect,5,Brisbane | Canberra–Queanbeyan | Hobart | Melbourne | Sydney,40,False,,,,,
Meritastis lythrodana,,Insect,4,Adelaide | Canberra–Queanbeyan | Melbourne | Perth,14,False,,,,,
Meritastis piperata,,Insect,1,Brisbane,3,False,,,,,
Meritastis polygraphana,,Insect,4,Brisbane | Canberra–Queanbeyan | Melbourne | Sydney,24,False,,,,,
Meritastis pyrosemana,Leafroller Moth,Insect,3,Adelaide | Canberra–Queanbeyan | Melbourne,13,False,,,,,
Meritastis ursina,,Insect,2,Canberra–Queanbeyan | Sydney,8,False,,,,,
Merocroca automima,Concealer Moth,Insect,4,Brisbane | Canberra–Queanbeyan | Melbourne | Sydney,155,False,,,,,
Merodictya marmorata,,Insect,1,Brisbane,4,False,,,,,
Meroglossa impressifrons,,Insect,2,Brisbane | Sydney,17,False,,,,,
Meroglossa itamuca,Plasterer Bee,Insect,3,Brisbane | Canberra–Queanbeyan | Sydney,17,False,,,,,
Meroglossa rubricata,,Insect,1,Perth,14,False,,,,,
Meroglossa soror,,Insect,1,Darwin,1,False,,,,,
Meroglossa sulcifrons,Plasterer Bee,Insect,1,Sydney,1,False,,,,,
Merophyas divulsana,,Insect,2,Canberra–Queanbeyan | Perth,46,False,,,,,
Merophyas therina,,Insect,1,Canberra–Queanbeyan,15,False,,,,,
Merops ornatus,Rainbow Bee-eater,Bird,7,Adelaide | Brisbane | Canberra–Queanbeyan | Darwin | Melbourne | Perth | Sydney,50010,False,,,,,
Merrinella tandanya,,Insect,1,Melbourne,1,False,,,,,
Meryx aequalis,,Insect,2,Canberra–Queanbeyan | Melbourne,22,False,,,,,
Meryx rugosa,,Insect,3,Hobart | Melbourne | Perth,26,False,,,,,
Mesaner sarpedon,Dark-winged Stick-insect,Insect,1,Brisbane,12,False,,,,,
Meschia barrowensis,,Insect,2,Brisbane | Sydney,2,False,,,,,
Mesembriomys gouldii,Black-footed Tree-rat,Mammal,1,Darwin,70,False,,,,,
Mesembrius bengalensis,,Insect,3,Brisbane | Darwin | Sydney,36,False,,,,,
Mesembrius hilaris,,Insect,1,Brisbane,1,False,,,,,
Mesodina cyanophracta,Blue Iris-skipper,Insect,1,Perth,7,False,,,,,
Mesodina halyzia,Halyzia Skipper,Insect,2,Brisbane | Sydney,57,False,,,,,
Mesohomotoma hibisci,,Insect,3,Brisbane | Darwin | Sydney,16,False,,,,,
Mesopherna palustris,,Insect,1,Melbourne,3,False,,,,,
Mesophleps crocina,Twirler Moth,Insect,2,Canberra–Queanbeyan | Sydney,3,False,,,,,
Mesophysa ilzei,Fly,Insect,1,Sydney,1,False,,,,,
Mesophysa tenaria,,Insect,1,Sydney,1,False,,,,,
Mesoplodon densirostris,Blainville's Beaked Whale,Mammal,1,Sydney,1,False,,,,,
Mesoponera australis,,Insect,2,Brisbane | Sydney,14,False,,,,,
Mesoptila compsodes,,Insect,2,Brisbane | Sydney,8,False,,,,,
Mesostruma bella,Ant,Insect,1,Canberra–Queanbeyan,1,False,,,,,
Mesostruma browni,,Insect,1,Sydney,1,False,,,,,
Mesovelia hungerfordi,Water Treader,Insect,1,Brisbane,2,False,,,,,
Metaballus frontalis,,Insect,1,Perth,26,False,,,,,
Metaballus mucronatus,,Insect,1,Perth,1,False,,,,,
Metaballus sagaeformis,Marauding Shieldbacked Katydid,Insect,1,Adelaide,13,False,,,,,
Metachrostis paurograpta,,Insect,2,Brisbane | Darwin,14,False,,,,,
Metacymia marmorea,,Insect,1,Perth,9,False,,,,,
Metadelphax propinqua,,Insect,1,Darwin,1,False,,,,,
Metahelea bifasciata,,Insect,1,Brisbane,1,False,,,,,
Metallarcha achoeusalis,Moth,Insect,1,Sydney,1,False,,,,,
Metallarcha beatalis,Grass Moth,Insect,1,Adelaide,1,False,,,,,
Metallarcha diplochrysa,Golden Metallarcha Moth,Insect,1,Adelaide,28,False,,,,,
Metallea incisuralis,Blow Fly,Insect,1,Adelaide,2,False,,,,,
Metallochlora neomela,,Insect,1,Sydney,3,False,,,,,
Metanastes vulgivagus,Black Beetle,Insect,2,Brisbane | Sydney,5,False,,,,,
Metapelma westwoodi,,Insect,1,Canberra–Queanbeyan,2,False,,,,,
Metapherna isomacra,Moth,Insect,1,Melbourne,6,False,,,,,
Metapherna salsa,,Insect,1,Sydney,4,False,,,,,
Metaphrastis acrochalca,,Insect,1,Perth,3,False,,,,,
Metaphryno bella,Horse Fly,Insect,1,Melbourne,2,False,,,,,
Metaphycus maculipennis,,Insect,1,Adelaide,1,False,,,,,
Metapone tillyardi,,Insect,1,Sydney,1,False,,,,,
Metasada polycesta,,Insect,2,Brisbane | Sydney,4,False,,,,,
Metasia acharis,,Insect,1,Darwin,3,False,,,,,
Metasia achroa,Grass Moth,Insect,1,Sydney,1,False,,,,,
Metasia capnochroa,Grass Moth,Insect,7,Adelaide | Brisbane | Canberra–Queanbeyan | Darwin | Hobart | Melbourne | Sydney,134,False,,,,,
Metasia celaenophaes,,Insect,1,Sydney,1,False,,,,,
Metasia dicealis,Grass Moth,Insect,3,Canberra–Queanbeyan | Melbourne | Sydney,28,False,,,,,
Metasia familiaris,,Insect,1,Canberra–Queanbeyan,4,False,,,,,
Metasia liophaea,,Insect,1,Canberra–Queanbeyan,4,False,,,,,
Metasia pharisalis,,Insect,4,Brisbane | Canberra–Queanbeyan | Melbourne | Sydney,17,False,,,,,
Metasia tiasalis,,Insect,1,Brisbane,137,False,,,,,
Metasia typhodes,,Insect,1,Sydney,7,False,,,,,
Metasia xenogama,,Insect,1,Adelaide,1,False,,,,,
Methana caneae,,Insect,1,Sydney,7,False,,,,,
Methana convexa,,Insect,1,Sydney,2,False,,,,,
Methana curvigera,,Insect,1,Brisbane,4,False,,,,,
Methana lunata,Cockroach,Insect,1,Melbourne,20,False,,,,,
Methana marginalis,Common Methana,Insect,3,Brisbane | Melbourne | Sydney,166,False,,,,,
Methana parva,,Insect,2,Brisbane | Sydney,4,False,,,,,
Methana soror,,Insect,1,Melbourne,57,False,,,,,
Methiolopsis geniculata,,Insect,2,Brisbane | Sydney,36,False,,,,,
Metholce nigritarsis,Black-footed Gondwanan Katydid,Insect,3,Brisbane | Canberra–Queanbeyan | Sydney,4,False,,,,,
Methypora postica,,Insect,1,Melbourne,3,False,,,,,
Metioche vittaticollis,,Insect,3,Canberra–Queanbeyan | Hobart | Sydney,8,False,,,,,
Metisolabis punctata,,Insect,1,Sydney,1,False,,,,,
Metistete gibbicollis,,Insect,1,Canberra–Queanbeyan,1,False,,,,,
Metistete pimeloides,,Insect,1,Canberra–Queanbeyan,8,False,,,,,
Metistete subsulcata,,Insect,1,Brisbane,1,False,,,,,
Metoeca foedalis,,Insect,1,Darwin,5,False,,,,,
Metoligotoma ingens,,Insect,1,Canberra–Queanbeyan,2,False,,,,,
Metoligotoma minima,,Insect,1,Melbourne,14,False,,,,,
Metoligotoma tasmanica,,Insect,1,Hobart,1,False,,,,,
Metopius michaelseni,,Insect,1,Perth,1,False,,,,,
Metopius unifenestratus,,Insect,2,Brisbane | Sydney,2,False,,,,,
Metopochetus bivittatus,Muscoid Fly,Insect,3,Hobart | Melbourne | Sydney,21,False,,,,,
Metopochetus freyi,,Insect,2,Brisbane | Sydney,6,False,,,,,
Metopocoris rubrifasciata,,Insect,1,Adelaide,1,False,,,,,
Metoxypilus lobifrons,,Insect,1,Brisbane,40,False,,,,,
Metrioglypha phyllodes,,Insect,1,Brisbane,2,False,,,,,
Metriolagria affinis,,Insect,5,Adelaide | Brisbane | Canberra–Queanbeyan | Melbourne | Sydney,45,False,,,,,
Metriolagria formicicola,,Insect,2,Canberra–Queanbeyan | Sydney,3,False,,,,,
Metriorrhynchus moerens,,Insect,1,Hobart,1,False,,,,,
Metriorrhynchus tricavicollis,,Insect,1,Brisbane,5,False,,,,,
Metriorrhynchus variipennis,,Insect,1,Sydney,4,False,,,,,
Metura elongatus,Saunder's Case Moth,Insect,4,Brisbane | Canberra–Queanbeyan | Melbourne | Sydney,1612,False,,,,,
Metura phyllosacca,,Insect,2,Brisbane | Sydney,5,False,,,,,
Meyriccia latro,Grass Moth,Insect,6,Adelaide | Brisbane | Canberra–Queanbeyan | Melbourne | Perth | Sydney,75,False,,,,,
Meyrickella ruptellus,Owlet Moth,Insect,4,Brisbane | Hobart | Melbourne | Sydney,79,False,,,,,
Meyrickella torquesauria,Owlet Moth,Insect,3,Brisbane | Canberra–Queanbeyan | Sydney,88,False,,,,,
Meyrickiella homosema,,Insect,5,Adelaide | Brisbane | Canberra–Queanbeyan | Melbourne | Sydney,24,False,,,,,
Mezium affine,,Insect,2,Melbourne | Sydney,3,False,,,,,
Micraonychus interruptus,,Insect,1,Hobart,1,False,,,,,
Micraspis frenata,Striped Ladybird,Insect,6,Adelaide | Brisbane | Canberra–Queanbeyan | Hobart | Melbourne | Sydney,757,False,,,,,
Micraspis furcifera,,Insect,2,Adelaide | Melbourne,77,False,,,,,
Micraspis lineola,,Insect,2,Brisbane | Sydney,42,False,,,,,
Micrerethista nigrapex,,Insect,1,Canberra–Queanbeyan,1,False,,,,,
Microbela epicona,,Insect,2,Adelaide | Brisbane,4,False,,,,,
Microbela monodyas,Moth,Insect,1,Melbourne,2,False,,,,,
Microcarbo melanoleucos,Little Pied Cormorant,Bird,8,Adelaide | Brisbane | Canberra–Queanbeyan | Darwin | Hobart | Melbourne | Perth | Sydney,197399,False,,,,,
Microcaria mulsanti,,Insect,1,Darwin,17,False,,,,,
Microcerotermes nervosus,,Insect,1,Darwin,3,False,,,,,
Microcerotermes turneri,,Insect,1,Brisbane,1,False,,,,,
Microchilo gelastis,,Insect,1,Canberra–Queanbeyan,2,False,,,,,
Microchrysa wrightae,,Insect,1,Brisbane,2,False,,,,,
Microdes asystata,,Insect,1,Canberra–Queanbeyan,2,False,,,,,
Microdes diplodonta,Geometer Moth,Insect,2,Canberra–Queanbeyan | Melbourne,17,False,,,,,
Microdes melanocausta,Geometer Moth,Insect,3,Canberra–Queanbeyan | Hobart | Melbourne,15,False,,,,,
Microdes oriochares,Geometer Moth,Insect,1,Sydney,1,False,,,,,
Microdes squamulata,Dark Grey Flat Moth,Insect,6,Adelaide | Canberra–Queanbeyan | Hobart | Melbourne | Perth | Sydney,122,False,,,,,
Microdes villosata,Geometer Moth,Insect,6,Adelaide | Canberra–Queanbeyan | Hobart | Melbourne | Perth | Sydney,84,False,,,,,
Microdon amabilis,,Insect,1,Perth,1,False,,,,,
Microdon nigromarginalis,,Insect,1,Melbourne,1,False,,,,,
Microdon rieki,,Insect,1,Brisbane,1,False,,,,,
Microeca fascinans,Jacky Winter,Bird,7,Adelaide | Brisbane | Canberra–Queanbeyan | Darwin | Melbourne | Perth | Sydney,253,False,,,,,
Microeca flavigaster,Lemon-bellied Flycatcher,Bird,2,Darwin | Melbourne,6962,False,,,,,
Microlestodes macleayi,,Insect,2,Adelaide | Melbourne,8,False,,,,,
Micromidia atrifrons,Forest Mosquitohawk,Insect,1,Brisbane,3,False,,,,,
Micromidia convergens,Early Mosquitohawk,Insect,1,Brisbane,1,False,,,,,
Micromus tasmaniae,Tasmanian Brown Lacewing,Insect,7,Adelaide | Brisbane | Canberra–Queanbeyan | Hobart | Melbourne | Perth | Sydney,1752,False,,,,,
Micromus timidus,,Insect,1,Brisbane,9,False,,,,,
Micronecta annae,Water Boatman,Insect,1,Brisbane,1,False,,,,,
Micronomus norfolkensis,Eastern Freetail-bat,Mammal,1,Sydney,204,False,,,,,
Micropoecila cincta,,Insect,1,Perth,2,False,,,,,
Micropolytoxus hackeri,,Insect,1,Brisbane,5,False,,,,,
Microporopterus tumulosus,,Insect,1,Adelaide,1,False,,,,,
Microsarotis sanderyi,,Insect,1,Darwin,4,False,,,,,
Microtartessus idyia,,Insect,1,Brisbane,9,False,,,,,
Microtendipes umbrosus,Midge,Insect,1,Sydney,1,False,,,,,
Microthopus castanopterus,,Insect,1,Perth,1,False,,,,,
Microthripa baeota,,Insect,2,Brisbane | Darwin,9,False,,,,,
Microtropesa flaviventris,Horse Fly,Insect,1,Melbourne,6,False,,,,,
Microtropesa intermedia,Horse Fly,Insect,1,Brisbane,5,False,,,,,
Microtropesa nigricornis,,Insect,2,Hobart | Melbourne,9,False,,,,,
Microtropesa sinuata,Horse Fly,Insect,7,Adelaide | Brisbane | Canberra–Queanbeyan | Hobart | Melbourne | Perth | Sydney,45,False,,,,,
Microtropesa violacescens,,Insect,3,Brisbane | Perth | Sydney,4,False,,,,,
Microtropesa viridescens,,Insect,1,Sydney,2,False,,,,,
Microvalgus bursuriae,,Insect,1,Hobart,2,False,,,,,
Microvalgus nigrinus,,Insect,1,Sydney,1,False,,,,,
Microvalgus vagans,,Insect,1,Brisbane,4,False,,,,,
Mictis caja,,Insect,2,Brisbane | Sydney,71,False,,,,,
Mictis profana,Crusader Bug,Insect,7,Adelaide | Brisbane | Canberra–Queanbeyan | Darwin | Melbourne | Perth | Sydney,1133,False,,,,,
Mictodoca toxeuta,Geometer Moth,Insect,3,Canberra–Queanbeyan | Melbourne | Sydney,33,False,,,,,
Middletonia suavis,Geometer Moth,Insect,1,Melbourne,9,False,,,,,
Miltinus cinctus,,Insect,1,Perth,1,False,,,,,
Miltinus maculipennis,,Insect,1,Perth,3,False,,,,,
Miltinus minutus,,Insect,1,Adelaide,2,False,,,,,
Miltinus stenogaster,,Insect,1,Perth,2,False,,,,,
Miltinus viduatus,,Insect,1,Sydney,4,False,,,,,
Milvus migrans,Black Kite,Bird,7,Adelaide | Brisbane | Canberra–Queanbeyan | Darwin | Melbourne | Perth | Sydney,13089,False,,,,,
Mimaglossa crypserythra,,Insect,2,Hobart | Melbourne,6,False,,,,,
Mimaglossa habitalis,Grass Moth,Insect,2,Brisbane | Melbourne,2,False,,,,,
Mimaglossa nauplialis,Grass Moth,Insect,7,Adelaide | Brisbane | Canberra–Queanbeyan | Hobart | Melbourne | Perth | Sydney,269,False,,,,,
Mimaglossa zophera,,Insect,2,Adelaide | Melbourne,5,False,,,,,
Mimegralla australica,,Insect,3,Brisbane | Darwin | Sydney,92,False,,,,,
Mimobrachyoma maculifera,,Insect,3,Brisbane | Melbourne | Sydney,11,False,,,,,
Mimobrachyoma pseudopis,,Insect,4,Adelaide | Hobart | Melbourne | Sydney,18,False,,,,,
Mimodoxa metallica,,Insect,1,Canberra–Queanbeyan,1,False,,,,,
Mimomyia chamberlaini,,Insect,1,Brisbane,2,False,,,,,
Mimomyia elegans,,Insect,1,Darwin,1,False,,,,,
Mimophantia stictica,,Insect,1,Brisbane,1,False,,,,,
Mimoscopa ochetaula,,Insect,1,Melbourne,2,False,,,,,
Minettia maculithorax,,Insect,4,Brisbane | Canberra–Queanbeyan | Melbourne | Sydney,66,False,,,,,
Miniargiolestes minimus,Stream Flatwing,Insect,1,Perth,10,False,,,,,
Miniopterus australis,Little Bentwing-bat,Mammal,2,Brisbane | Sydney,860,False,,,,,
Miniopterus orianae,Eastern Bent-winged Bat,Mammal,5,Brisbane | Canberra–Queanbeyan | Darwin | Melbourne | Sydney,2819,False,,,,,
Minoa euthecta,Geometer Moth,Insect,1,Brisbane,1,False,,,,,
Minyacris nana,Tiny Grasshopper,Insect,2,Hobart | Melbourne,2,False,,,,,
Miomantis caffra,African Praying Mantis,Insect,5,Adelaide | Brisbane | Melbourne | Perth | Sydney,122,False,,,,,
Mionolena euxantha,Concealer Moth,Insect,1,Melbourne,2,False,,,,,
Mirabilamorbus monteithi,,Insect,1,Darwin,1,False,,,,,
Mirafra javanica,Horsfield's Bushlark,Bird,5,Adelaide | Canberra–Queanbeyan | Darwin | Melbourne | Sydney,244,False,,,,,
Mirounga leonina,Southern Elephant Seal,Mammal,2,Hobart | Melbourne,8,True,Vulnerable,Mirounga leonina,Mirounga leonina,Southern Elephant Seal,2001-04-04
Miscera centropis,Day-flying Moth,Insect,1,Perth,1,False,,,,,
Miscera desmotoma,Day-flying Moth,Insect,1,Melbourne,2,False,,,,,
Miscera mesochrysa,Day-flying Moth,Insect,1,Perth,7,False,,,,,
Misophrice alternata,,Insect,1,Melbourne,1,False,,,,,
Misophrice amplicollis,,Insect,1,Hobart,5,False,,,,,
Misophrice hispida,,Insect,1,Hobart,2,False,,,,,
Misophrice setosa,,Insect,1,Sydney,1,False,,,,,
Misophrice setulosa,,Insect,1,Hobart,3,False,,,,,
Misophrice soror,,Insect,1,Hobart,1,False,,,,,
Misophrice squamiventris,,Insect,1,Hobart,2,False,,,,,
Misophrice variabilis,,Insect,1,Hobart,1,False,,,,,
Mitrastethus baridioides,Pine Stump Weevil,Insect,1,Brisbane,6,False,,,,,
Mixocera latilineata,,Insect,3,Adelaide | Brisbane | Sydney,39,False,,,,,
Mnesampela comarcha,Geometer Moth,Insect,4,Adelaide | Canberra–Queanbeyan | Melbourne | Sydney,6,False,,,,,
Mnesampela heliochrysa,Geometer Moth,Insect,2,Melbourne | Sydney,5,False,,,,,
Mnesampela lenaea,Geometer Moth,Insect,2,Canberra–Queanbeyan | Sydney,5,False,,,,,
Mnesampela privata,Autumn Gum Moth,Insect,7,Adelaide | Brisbane | Canberra–Queanbeyan | Hobart | Melbourne | Perth | Sydney,251,False,,,,,
Mnesiloba eupitheciata,Geometer Moth,Insect,3,Brisbane | Canberra–Queanbeyan | Sydney,148,False,,,,,
Mochlotona phasmatias,Geometer Moth,Insect,1,Sydney,1,False,,,,,
Mocis alterna,Bean Looper Moth,Insect,7,Adelaide | Brisbane | Canberra–Queanbeyan | Darwin | Melbourne | Perth | Sydney,51,False,,,,,
Mocis frugalis,,Insect,3,Brisbane | Darwin | Sydney,288,False,,,,,
Mocis trifasciata,,Insect,2,Brisbane | Darwin,264,False,,,,,
Moerarchis australasiella,Fungus Moth,Insect,5,Adelaide | Brisbane | Melbourne | Perth | Sydney,13,False,,,,,
Moerarchis clathrata,,Insect,1,Perth,53,False,,,,,
Moerarchis inconcisella,Fungus Moth,Insect,6,Adelaide | Brisbane | Canberra–Queanbeyan | Hobart | Melbourne | Sydney,296,False,,,,,
Moerarchis pyrochroa,,Insect,1,Brisbane,1,False,,,,,
Mogulones geographicus,Paterson's Curse Root Weevil,Insect,1,Canberra–Queanbeyan,4,False,,,,,
Mogulones larvatus,Paterson's Curse Crown Weevil,Insect,5,Adelaide | Canberra–Queanbeyan | Melbourne | Perth | Sydney,34,False,,,,,
Moloch horridus,Thorny Devil,Reptile,1,Melbourne,1,False,,,,,
Molophilus aphanta,Crane Fly,Insect,1,Melbourne,1,False,,,,,
Molophilus buangensis,,Insect,1,Melbourne,1,False,,,,,
Molophilus chloris,Crane Fly,Insect,1,Melbourne,1,False,,,,,
Molophilus furvus,,Insect,1,Sydney,1,False,,,,,
Molophilus gracilis,Crane Fly,Insect,1,Sydney,2,False,,,,,
Molophilus koorang,,Insect,1,Sydney,1,False,,,,,
Molophilus longicornis,Crane Fly,Insect,1,Sydney,1,False,,,,,
Molophilus parvistylus,Crane Fly,Insect,1,Melbourne,1,False,,,,,
Molophilus pulchripes,Crane Fly,Insect,1,Sydney,1,False,,,,,
Molophilus trianguliferus,,Insect,1,Sydney,2,False,,,,,
Molytria inquinata,,Insect,1,Sydney,1,False,,,,,
Monarcha melanopsis,Black-faced Monarch,Bird,4,Brisbane | Canberra–Queanbeyan | Melbourne | Sydney,3221,False,,,,,
Monilonotum rufiventre,,Insect,1,Brisbane,1,False,,,,,
Monistria concinna,Southern Pyrgomorph,Insect,2,Canberra–Queanbeyan | Hobart,4,False,,,,,
Monistria discrepans,Common Pyrgomorph,Insect,3,Adelaide | Perth | Sydney,38,False,,,,,
Monistria latevittata,,Insect,1,Perth,1,False,,,,,
Monistria maculicornis,,Insect,1,Perth,1,False,,,,,
Monistria pustulifera,Blistered Pyrgomorph,Insect,1,Perth,1,False,,,,,
Monocrepidus basalis,,Insect,7,Adelaide | Brisbane | Canberra–Queanbeyan | Hobart | Melbourne | Perth | Sydney,201,False,,,,,
Monocrepidus cordieri,,Insect,1,Hobart,6,False,,,,,
Monocrepidus erubescens,,Insect,5,Adelaide | Brisbane | Hobart | Melbourne | Sydney,103,False,,,,,
Monocrepidus eveillardi,,Insect,1,Brisbane,4,False,,,,,
Monocrepidus fabrilis,,Insect,1,Hobart,8,False,,,,,
Monocrepidus submarmoratus,,Insect,6,Adelaide | Brisbane | Canberra–Queanbeyan | Melbourne | Perth | Sydney,100,False,,,,,
Monocrepidus tabidus,,Insect,2,Hobart | Melbourne,4,False,,,,,
Monoctenia falernaria,Geometer Moth,Insect,5,Adelaide | Canberra–Queanbeyan | Hobart | Melbourne | Sydney,34,False,,,,,
Monoctenia smerintharia,Dark Leaf Moth,Insect,5,Adelaide | Canberra–Queanbeyan | Melbourne | Perth | Sydney,28,False,,,,,
Monolepta australis,,Insect,4,Brisbane | Canberra–Queanbeyan | Darwin | Sydney,320,False,,,,,
Monolepta froggatti,,Insect,5,Adelaide | Canberra–Queanbeyan | Hobart | Melbourne | Sydney,196,False,,,,,
Monolepta juno,,Insect,1,Canberra–Queanbeyan,10,False,,,,,
Monolepta medioflava,,Insect,1,Brisbane,16,False,,,,,
Monolepta megalops,,Insect,1,Perth,1,False,,,,,
Monolepta minima,,Insect,3,Canberra–Queanbeyan | Hobart | Melbourne,22,False,,,,,
Monolepta minuscula,,Insect,2,Brisbane | Sydney,13,False,,,,,
Monolepta nigricollis,,Insect,1,Hobart,2,False,,,,,
Monolepta picticollis,,Insect,3,Canberra–Queanbeyan | Melbourne | Sydney,85,False,,,,,
Monolepta rubrofasciata,,Insect,3,Brisbane | Canberra–Queanbeyan | Melbourne,6,False,,,,,
Monolepta subsuturalis,,Insect,2,Hobart | Melbourne,7,False,,,,,
Monolepta themedicola,,Insect,2,Brisbane | Melbourne,9,False,,,,,
Monolepta vittimedia,,Insect,1,Melbourne,26,False,,,,,
Monomachus antipodalis,Wasp,Insect,2,Canberra–Queanbeyan | Melbourne,23,False,,,,,
Monomorium destructor,Singapore Ant,Insect,2,Brisbane | Darwin,6,False,,,,,
Monomorium fieldi,Little Black Mono Ant,Insect,2,Perth | Sydney,2,False,,,,,
Monomorium floricola,Flower Ant,Insect,2,Brisbane | Darwin,8,False,,,,,
Monomorium pharaonis,Pharaoh Ant,Insect,3,Brisbane | Darwin | Melbourne,4,False,,,,,
Monomorium rothsteini,Smiling Mono Ant,Insect,4,Adelaide | Darwin | Melbourne | Sydney,13,False,,,,,
Monomorium sordidum,Ant,Insect,1,Perth,1,False,,,,,
Monomorium sydneyense,Sydney Mono Ant,Insect,2,Brisbane | Melbourne,19,False,,,,,
Monophlebulus pilosior,Giant Mealy Bug,Insect,1,Melbourne,1,False,,,,,
Monopis argillacea,,Insect,5,Adelaide | Canberra–Queanbeyan | Melbourne | Perth | Sydney,26,False,,,,,
Monopis chrysogramma,,Insect,2,Brisbane | Sydney,30,False,,,,,
Monopis crocicapitella,Bird Nest Moth,Insect,7,Adelaide | Brisbane | Canberra–Queanbeyan | Hobart | Melbourne | Perth | Sydney,212,False,,,,,
Monopis ethelella,Black Monopis Moth,Insect,5,Adelaide | Brisbane | Canberra–Queanbeyan | Melbourne | Sydney,71,False,,,,,
Monopis icterogastra,Wool Moth,Insect,7,Adelaide | Brisbane | Canberra–Queanbeyan | Hobart | Melbourne | Perth | Sydney,451,False,,,,,
Monopis meliorella,,Insect,7,Adelaide | Brisbane | Canberra–Queanbeyan | Darwin | Melbourne | Perth | Sydney,350,False,,,,,
Monotoma longicollis,,Insect,1,Melbourne,1,False,,,,,
Monteithiella humeralis,Shield Bug,Insect,6,Adelaide | Brisbane | Canberra–Queanbeyan | Hobart | Melbourne | Sydney,449,False,,,,,
Montrouzieriellus turneri,,Insect,1,Brisbane,5,False,,,,,
Morbora hirtula,Shield Bug,Insect,2,Hobart | Melbourne,4,False,,,,,
Mordella australis,,Insect,4,Adelaide | Canberra–Queanbeyan | Melbourne | Sydney,39,False,,,,,
Mordella brevis,,Insect,1,Adelaide,1,False,,,,,
Mordella communis,,Insect,1,Hobart,3,False,,,,,
Mordella distincta,,Insect,1,Hobart,3,False,,,,,
Mordella graphiptera,,Insect,1,Hobart,2,False,,,,,
Mordella humeralis,,Insect,1,Hobart,2,False,,,,,
Mordella inusitata,,Insect,2,Melbourne | Sydney,2,False,,,,,
Mordella limbata,,Insect,4,Brisbane | Canberra–Queanbeyan | Melbourne | Sydney,49,False,,,,,
Mordella novemmaculata,,Insect,1,Melbourne,36,False,,,,,
Mordella promiscua,,Insect,3,Hobart | Melbourne | Sydney,8,False,,,,,
Mordella pygmaea,,Insect,1,Hobart,1,False,,,,,
Mordella quadrimaculata,,Insect,3,Brisbane | Canberra–Queanbeyan | Melbourne,5,False,,,,,
Mordella ruficollis,,Insect,2,Melbourne | Sydney,6,False,,,,,
Mordella sydneyana,,Insect,4,Brisbane | Canberra–Queanbeyan | Melbourne | Sydney,143,False,,,,,
Mordella vaureum,,Insect,1,Perth,1,False,,,,,
Mordellistena austrina,,Insect,1,Hobart,8,False,,,,,
Morelia bredli,Centralian Carpet Python,Reptile,2,Brisbane | Sydney,5,False,,,,,
Morelia imbricata,,Reptile,1,Perth,4,False,,,,,
Morelia spilota,Carpet Python,Reptile,5,Brisbane | Canberra–Queanbeyan | Darwin | Melbourne | Sydney,3814,False,,,,,
Morethia adelaidensis,Saltbush Morethia Skink,Reptile,1,Adelaide,10,False,,,,,
Morethia boulengeri,Boulenger's Snake-eyed Skink,Reptile,3,Adelaide | Canberra–Queanbeyan | Sydney,89,False,,,,,
Morethia lineoocellata,West Coast Morethia Skink,Reptile,1,Perth,15,False,,,,,
Morethia obscura,Shrubland Morethia Skink,Reptile,2,Adelaide | Perth,79,False,,,,,
Morethia ruficauda,Lined Firetail Skink,Reptile,1,Darwin,1,False,,,,,
Morethia storri,Top End Firetail Skink,Reptile,1,Darwin,10,False,,,,,
Morethia taeniopleura,Fire-tailed Skink,Reptile,2,Brisbane | Sydney,2,False,,,,,
Mormoscopa phricozona,Litter Moth,Insect,2,Canberra–Queanbeyan | Sydney,59,False,,,,,
Mormoscopa sordescens,Litter Moth,Insect,2,Canberra–Queanbeyan | Melbourne,21,False,,,,,
Morna florens,Shield Bug,Insect,5,Adelaide | Brisbane | Canberra–Queanbeyan | Melbourne | Sydney,47,False,,,,,
Morophaga clonodes,,Insect,2,Brisbane | Melbourne,7,False,,,,,
Morosaphycita oculiferella,,Insect,7,Adelaide | Brisbane | Canberra–Queanbeyan | Darwin | Melbourne | Perth | Sydney,163,False,,,,,
Morosaphycita poliochyta,,Insect,1,Adelaide,2,False,,,,,
Morosaphycita tridens,,Insect,1,Brisbane,1,False,,,,,
Morpholycus monilicornis,,Insect,1,Melbourne,1,False,,,,,
Morus serrator,Australasian Gannet,Bird,7,Adelaide | Brisbane | Darwin | Hobart | Melbourne | Perth | Sydney,8455,False,,,,,
Mossega indecisa,,Insect,4,Brisbane | Canberra–Queanbeyan | Melbourne | Sydney,16,False,,,,,
Motacilla alba,White Wagtail,Bird,1,Brisbane,1,False,,,,,
Motacilla cinerea,Grey Wagtail,Bird,1,Darwin,19,False,,,,,
Motacilla tschutschensis,Eastern Yellow Wagtail,Bird,4,Brisbane | Darwin | Perth | Sydney,191,False,,,,,
Motschulskyia serratus,,Insect,1,Darwin,1,False,,,,,
Munjua erugata,Bee Fly,Insect,1,Adelaide,1,False,,,,,
Munjua paralutea,,Insect,1,Perth,1,False,,,,,
Munychryia periclyta,,Insect,1,Perth,3,False,,,,,
Munychryia senicula,Grey Anthelid,Insect,3,Brisbane | Melbourne | Sydney,18,False,,,,,
Mus musculus,House Mouse,Mammal,7,Adelaide | Brisbane | Canberra–Queanbeyan | Hobart | Melbourne | Perth | Sydney,2567,False,,,,,
Musca domestica,House Fly,Insect,8,Adelaide | Brisbane | Canberra–Queanbeyan | Darwin | Hobart | Melbourne | Perth | Sydney,224,False,,,,,
Musca terraereginae,,Insect,1,Perth,1,False,,,,,
Musca vetustissima,Bush Fly,Insect,6,Adelaide | Brisbane | Canberra–Queanbeyan | Melbourne | Perth | Sydney,110,False,,,,,
Muscina stabulans,,Insect,3,Canberra–Queanbeyan | Melbourne | Perth,40,False,,,,,
Musgraveia sulciventris,Bronze Orange Bug,Insect,5,Brisbane | Canberra–Queanbeyan | Melbourne | Perth | Sydney,1217,False,,,,,
Musothyma cyanastis,,Insect,1,Brisbane,1,False,,,,,
Musotima acrias,,Insect,1,Melbourne,2,False,,,,,
Musotima nitidalis,Grass Moth,Insect,5,Adelaide | Brisbane | Canberra–Queanbeyan | Melbourne | Sydney,45,False,,,,,
Musotima ochropteralis,Grass Moth,Insect,5,Adelaide | Brisbane | Canberra–Queanbeyan | Melbourne | Sydney,16,False,,,,,
Musotima suffusalis,,Insect,1,Brisbane,1,False,,,,,
Mustela furo,Ferret,Mammal,2,Canberra–Queanbeyan | Melbourne,3,False,,,,,
Mustela putorius,European Polecat,Mammal,1,Sydney,23,False,,,,,
Mutusca brevicornis,Broad-headed Bug,Insect,7,Adelaide | Brisbane | Canberra–Queanbeyan | Hobart | Melbourne | Perth | Sydney,772,False,,,,,
Mycalesis perseus,Dingy Bush-brown,Insect,1,Darwin,52,False,,,,,
Mycodrosophila argentifrons,,Insect,1,Sydney,1,False,,,,,
Mycodrosophila margoae,,Insect,1,Sydney,1,False,,,,,
Mycodrosophila rosemaryae,,Insect,1,Canberra–Queanbeyan,1,False,,,,,
Mycomya quadrimaculata,,Insect,2,Canberra–Queanbeyan | Melbourne,3,False,,,,,
Mycomya richmondensis,,Insect,4,Adelaide | Canberra–Queanbeyan | Melbourne | Perth,6,False,,,,,
Mycoolona atricornis,Shield Bug,Insect,4,Canberra–Queanbeyan | Hobart | Melbourne | Sydney,35,False,,,,,
Mycopsylla fici,,Insect,3,Brisbane | Melbourne | Sydney,83,False,,,,,
Mycopsylla proxima,,Insect,1,Sydney,4,False,,,,,
Myctides imberbis,,Insect,1,Brisbane,1,False,,,,,
Mygalopsis marki,,Insect,1,Perth,2,False,,,,,
Mygoodano virescens,,Insect,1,Brisbane,3,False,,,,,
Myiagra alecto,Shining Flycatcher,Bird,2,Brisbane | Darwin,3707,False,,,,,
Myiagra cyanoleuca,Satin Flycatcher,Bird,5,Brisbane | Canberra–Queanbeyan | Hobart | Melbourne | Sydney,1307,False,,,,,
Myiagra inquieta,Restless Flycatcher,Bird,7,Adelaide | Brisbane | Canberra–Queanbeyan | Darwin | Melbourne | Perth | Sydney,2822,False,,,,,
Myiagra nana,Paperbark Flycatchert,Bird,1,Darwin,2723,False,,,,,
Myiagra rubecula,Leaden Flycatcher,Bird,5,Brisbane | Canberra–Queanbeyan | Darwin | Melbourne | Sydney,17316,False,,,,,
Myiagra ruficollis,Broad-billed Flycatcher,Bird,1,Darwin,1456,False,,,,,
Myiocnema comperei,,Insect,1,Melbourne,1,False,,,,,
Myiodactylus osmyloides,,Insect,1,Sydney,1,False,,,,,
Myiodactylus pubescens,,Insect,1,Darwin,1,False,,,,,
Myiopsitta monachus,Monk Parrot,Bird,3,Adelaide | Canberra–Queanbeyan | Melbourne,3,False,,,,,
Myioscaptia nigroapicalis,,Insect,1,Brisbane,1,False,,,,,
Myllocerus bilineater,,Insect,1,Darwin,3,False,,,,,
Myllorhinus strenuus,,Insect,1,Brisbane,2,False,,,,,
Mylocera tenebrifera,Concealer Moth,Insect,1,Sydney,1,False,,,,,
Myocara acuminatum,Seed Bug,Insect,1,Melbourne,1,False,,,,,
Myocara australe,Seed Bug,Insect,6,Adelaide | Brisbane | Canberra–Queanbeyan | Melbourne | Perth | Sydney,24,False,,,,,
Myopsalta bassiana,Montane Grass Buzzer,Insect,2,Canberra–Queanbeyan | Sydney,4,False,,,,,
Myopsalta binotata,,Insect,1,Adelaide,2,False,,,,,
Myopsalta crucifera,Brown Sugarcane Cicada,Insect,1,Brisbane,1,False,,,,,
Myopsalta mackinlayi,,Insect,1,Sydney,43,False,,,,,
Myopsalta parvula,,Insect,1,Canberra–Queanbeyan,1,False,,,,,
Myopsalta waterhousei,Smoky Buzzer,Insect,3,Adelaide | Canberra–Queanbeyan | Melbourne,26,False,,,,,
Myossita cirrifera,,Insect,1,Sydney,2,False,,,,,
Myotis macropus,Southern Myotis,Mammal,4,Brisbane | Darwin | Melbourne | Sydney,344,False,,,,,
Myrabolia grouveliana,,Insect,1,Hobart,2,False,,,,,
Myrascia bracteatella,Concealer Moth,Insect,1,Melbourne,6,False,,,,,
Myrascia interlineatella,Concealer Moth,Insect,1,Perth,1,False,,,,,
Myrascia lathicentra,Concealer Moth,Insect,1,Perth,1,False,,,,,
Myriostephes haplodes,,Insect,1,Brisbane,6,False,,,,,
Myriostephes matura,,Insect,1,Canberra–Queanbeyan,6,False,,,,,
Myrmecia banksi,,Insect,1,Sydney,3,False,,,,,
Myrmecia brevinoda,Giant Bulldog Ant,Insect,2,Brisbane | Sydney,285,False,,,,,
Myrmecia chasei,,Insect,1,Perth,3,False,,,,,
Myrmecia chrysogaster,,Insect,1,Brisbane,15,False,,,,,
Myrmecia clarki,,Insect,1,Perth,8,False,,,,,
Myrmecia comata,Bull Ant,Insect,1,Brisbane,12,False,,,,,
Myrmecia croslandi,Jumping Jack Ant,Insect,2,Canberra–Queanbeyan | Melbourne,6,False,,,,,
Myrmecia cydista,Bull Ant,Insect,1,Sydney,1,False,,,,,
Myrmecia esuriens,,Insect,1,Hobart,7,False,,,,,
Myrmecia forceps,Bull Ant,Insect,1,Adelaide,4,False,,,,,
Myrmecia forficata,Inchman Bulldog Ant,Insect,4,Adelaide | Canberra–Queanbeyan | Hobart | Melbourne,532,False,,,,,
Myrmecia fulviculis,,Insect,3,Brisbane | Melbourne | Sydney,22,False,,,,,
Myrmecia fulvipes,Bull Ant,Insect,5,Brisbane | Canberra–Queanbeyan | Hobart | Melbourne | Sydney,202,False,,,,,
Myrmecia fuscipes,,Insect,1,Adelaide,4,False,,,,,
Myrmecia gilberti,Bull Ant,Insect,1,Brisbane,46,False,,,,,
Myrmecia gratiosa,,Insect,1,Perth,10,False,,,,,
Myrmecia gulosa,Giant Bull Ant,Insect,7,Adelaide | Brisbane | Canberra–Queanbeyan | Hobart | Melbourne | Perth | Sydney,743,False,,,,,
Myrmecia haskinsorum,,Insect,1,Hobart,1,False,,,,,
Myrmecia impaternata,,Insect,2,Canberra–Queanbeyan | Sydney,12,False,,,,,
Myrmecia infima,,Insect,1,Perth,3,False,,,,,
Myrmecia ludlowi,,Insect,1,Perth,2,False,,,,,
Myrmecia mandibularis,Toothless Bull Ant,Insect,6,Adelaide | Brisbane | Canberra–Queanbeyan | Melbourne | Perth | Sydney,52,False,,,,,
Myrmecia midas,Bull Ant,Insect,1,Sydney,1,False,,,,,
Myrmecia nigriceps,Bullant,Insect,5,Adelaide | Canberra–Queanbeyan | Melbourne | Perth | Sydney,138,False,,,,,
Myrmecia nigriscapa,Bull Ant,Insect,3,Adelaide | Melbourne | Perth,404,False,,,,,
Myrmecia nigrocincta,Bull Ant,Insect,3,Brisbane | Canberra–Queanbeyan | Sydney,670,False,,,,,
Myrmecia nobilis,Bull Ant,Insect,1,Melbourne,5,False,,,,,
Myrmecia picta,Bull Ant,Insect,1,Adelaide,3,False,,,,,
Myrmecia piliventris,Bull Ant,Insect,3,Canberra–Queanbeyan | Melbourne | Sydney,114,False,,,,,
Myrmecia pilosula,Jumping Jacks,Insect,7,Adelaide | Brisbane | Canberra–Queanbeyan | Hobart | Melbourne | Perth | Sydney,615,False,,,,,
Myrmecia pulchra,Bull Ant,Insect,1,Melbourne,2,False,,,,,
Myrmecia pyriformis,Bull Ant,Insect,3,Adelaide | Canberra–Queanbeyan | Melbourne,1059,False,,,,,
Myrmecia queenslandica,Bull Ant,Insect,2,Brisbane | Sydney,30,False,,,,,
Myrmecia rufinodis,Bull Ant,Insect,1,Adelaide,1,False,,,,,
Myrmecia rugosa,,Insect,1,Perth,12,False,,,,,
Myrmecia simillima,Bull Ant,Insect,3,Canberra–Queanbeyan | Melbourne | Sydney,294,False,,,,,
Myrmecia swalei,,Insect,1,Perth,19,False,,,,,
Myrmecia tarsata,Bull Ant,Insect,2,Canberra–Queanbeyan | Sydney,282,False,,,,,
Myrmecia tepperi,Bucktoothed Bull Ant,Insect,2,Melbourne | Perth,4,False,,,,,
Myrmecia testaceipes,Bull Ant,Insect,1,Adelaide,2,False,,,,,
Myrmecia urens,Baby Bull Ant,Insect,7,Adelaide | Brisbane | Canberra–Queanbeyan | Hobart | Melbourne | Perth | Sydney,251,False,,,,,
Myrmecia varians,Bull Ant,Insect,1,Adelaide,6,False,,,,,
Myrmecia vindex,Bull Ant,Insect,1,Perth,42,False,,,,,
Myrmecomimesis nigricans,,Insect,1,Brisbane,10,False,,,,,
Myrmecorhynchus carteri,Ant,Insect,1,Melbourne,2,False,,,,,
Myrmecorhynchus emeryi,Ant,Insect,3,Canberra–Queanbeyan | Melbourne | Sydney,10,False,,,,,
Myrmecorhynchus nitidus,Ant,Insect,1,Melbourne,1,False,,,,,
Myrmeleon acer,Common Antlion,Insect,7,Adelaide | Brisbane | Canberra–Queanbeyan | Hobart | Melbourne | Perth | Sydney,157,False,,,,,
Myrmeleon pictifrons,,Insect,2,Brisbane | Sydney,2,False,,,,,
Myron richardsonii,Richardson's Mangrove Snake,Reptile,1,Darwin,2,False,,,,,
Myrsellus unicolor,,Insect,1,Perth,1,False,,,,,
Myrtartona coronias,Forester Moth,Insect,4,Adelaide | Canberra–Queanbeyan | Hobart | Melbourne,53,False,,,,,
Myrtartona leucopleura,,Insect,1,Sydney,5,False,,,,,
Myrtartona rufiventris,Forester Moth,Insect,2,Adelaide | Perth,5,False,,,,,
Mystes planatus,,Insect,1,Hobart,1,False,,,,,
Mythimna consanguis,Moth,Insect,2,Brisbane | Sydney,12,False,,,,,
Mythimna convecta,Common Armyworm Moth,Insect,6,Adelaide | Brisbane | Canberra–Queanbeyan | Melbourne | Perth | Sydney,106,False,,,,,
Mythimna decisissima,,Insect,1,Brisbane,16,False,,,,,
Mythimna formosana,,Insect,1,Brisbane,1,False,,,,,
Mythimna reversa,,Insect,1,Brisbane,42,False,,,,,
Mythites granulatus,,Insect,1,Melbourne,4,False,,,,,
Myuchelys georgesi,Georges Helmeted Turtle,Reptile,1,Sydney,1,True,Critically Endangered,Wollumbinia georgesi,Myuchelys georgesi,"Georges' Snapping Turtle, Bellinger River Sawshell Turtle, Georges Helmeted Turtle",2016-12-07
Myuchelys latisternum,Saw-shelled Turtle,Reptile,2,Brisbane | Sydney,369,False,,,,,
Myzomela erythrocephala,Red-headed Honeyeater,Bird,1,Darwin,4402,False,,,,,
Myzomela obscura,Dusky Honeyeater,Bird,2,Brisbane | Darwin,3476,False,,,,,
Myzomela sanguinolenta,Scarlet Honeyeater,Bird,4,Brisbane | Canberra–Queanbeyan | Melbourne | Sydney,24065,False,,,,,
Myzus cerasi,Cherry Aphid,Insect,4,Adelaide | Canberra–Queanbeyan | Hobart | Melbourne,5,False,,,,,
Myzus persicae,Green Peach Aphid,Insect,5,Adelaide | Canberra–Queanbeyan | Hobart | Melbourne | Sydney,13,False,,,,,
Nabis biformis,Damsel Bug,Insect,2,Hobart | Melbourne,4,False,,,,,
Nabis kinbergii,Pacific Damsel Bug,Insect,7,Adelaide | Brisbane | Canberra–Queanbeyan | Hobart | Melbourne | Perth | Sydney,381,False,,,,,
Nacaduba berenice,Six Lineblue,Insect,2,Brisbane | Sydney,654,False,,,,,
Nacaduba biocellata,Two-spotted Line-blue,Insect,6,Adelaide | Brisbane | Canberra–Queanbeyan | Melbourne | Perth | Sydney,388,False,,,,,
Nacaduba kurava,White-banded Line-blue,Insect,1,Brisbane,168,False,,,,,
Nacoleia alincia,,Insect,1,Brisbane,3,False,,,,,
Nacoleia amphicedalis,,Insect,1,Brisbane,301,False,,,,,
Nacoleia glageropa,,Insect,1,Brisbane,1,False,,,,,
Nacoleia mesochlora,Grass Moth,Insect,5,Brisbane | Canberra–Queanbeyan | Melbourne | Perth | Sydney,100,False,,,,,
Nacoleia oncophragma,,Insect,1,Melbourne,2,False,,,,,
Nacoleia rhoeoalis,Grass Moth,Insect,8,Adelaide | Brisbane | Canberra–Queanbeyan | Darwin | Hobart | Melbourne | Perth | Sydney,1585,False,,,,,
Nadagara xylotrema,,Insect,1,Brisbane,3,False,,,,,
Nagia linteola,Owlet Moth,Insect,2,Brisbane | Darwin,38,False,,,,,
Nala lividipes,Black Field Earwig,Insect,7,Adelaide | Brisbane | Canberra–Queanbeyan | Darwin | Melbourne | Perth | Sydney,134,False,,,,,
Nambungia balyarta,,Insect,1,Perth,2,False,,,,,
Nanaguna clopaea,,Insect,1,Canberra–Queanbeyan,3,False,,,,,
Nanexila armeniacum,,Insect,1,Perth,2,False,,,,,
Nanexila livea,,Insect,1,Sydney,2,False,,,,,
Nanexila lutea,,Insect,1,Hobart,2,False,,,,,
Nanexila manni,Stiletto Fly,Insect,1,Sydney,1,False,,,,,
Nannodiplax rubra,Pygmy Percher,Insect,2,Brisbane | Darwin,239,False,,,,,
Nannophlebia eludens,Elusive Archtail,Insect,1,Darwin,1,False,,,,,
Nannophlebia risi,Common Archtail,Insect,2,Brisbane | Sydney,34,False,,,,,
Nannophya australis,Australian Pygmyfly,Insect,2,Brisbane | Sydney,168,False,,,,,
Nannophya dalei,Eastern Pygmyfly,Insect,2,Canberra–Queanbeyan | Melbourne,4,False,,,,,
Nanodectes harpax,Small Shieldbacked Katydid,Insect,2,Adelaide | Canberra–Queanbeyan,2,False,,,,,
Napecoetes chrysomitra,,Insect,1,Melbourne,3,False,,,,,
Nargomorphus globulus,,Insect,1,Hobart,1,False,,,,,
Narophis bimaculatus,Black-naped Snake,Reptile,1,Perth,9,False,,,,,
Nascio simillima,,Insect,1,Brisbane,6,False,,,,,
Nascio vetusta,,Insect,3,Canberra–Queanbeyan | Melbourne | Sydney,31,False,,,,,
Nascio xanthura,,Insect,1,Sydney,1,False,,,,,
Nascioides carissima,,Insect,1,Melbourne,2,False,,,,,
Nascioides olliffi,,Insect,1,Sydney,1,False,,,,,
Nascioides parryi,,Insect,3,Canberra–Queanbeyan | Hobart | Melbourne,11,False,,,,,
Nasonovia ribisnigri,Currant-lettuce Aphid,Insect,1,Hobart,1,False,,,,,
Nasuticladius ater,Midge,Insect,1,Melbourne,1,False,,,,,
Nasuticladius wilsoni,Midge,Insect,1,Melbourne,8,False,,,,,
Nasuticladius wirthi,Midge,Insect,1,Melbourne,2,False,,,,,
Nasutitermes dixoni,Termite,Insect,1,Melbourne,4,False,,,,,
Nasutitermes exitiosus,Snouted Termite,Insect,4,Adelaide | Canberra–Queanbeyan | Perth | Sydney,64,False,,,,,
Nasutitermes graveolus,,Insect,1,Darwin,6,False,,,,,
Nasutitermes longipennis,,Insect,1,Darwin,1,False,,,,,
Nasutitermes magnus,,Insect,1,Brisbane,1,False,,,,,
Nasutitermes triodiae,Spinifex Termite,Insect,1,Darwin,5,False,,,,,
Nasutitermes walkeri,,Insect,2,Brisbane | Sydney,86,False,,,,,
Natator depressus,Flatback Turtle,Reptile,2,Darwin | Sydney,32,True,Vulnerable,Natator depressus,Natator depressus,Flatback Turtle,2000-07-16
Nataxa flavescens,Yellow-headed Anthelid Moth,Insect,4,Brisbane | Canberra–Queanbeyan | Melbourne | Sydney,73,False,,,,,
Nathrius brevipennis,,Insect,1,Melbourne,1,False,,,,,
Naucoris congrex,Creeping Water Bug,Insect,3,Brisbane | Melbourne | Sydney,18,False,,,,,
Naupactus cervinus,Fuller's Rose Weevil,Insect,7,Adelaide | Brisbane | Canberra–Queanbeyan | Hobart | Melbourne | Perth | Sydney,406,False,,,,,
Naupactus leucoloma,White-fringed Weevil,Insect,7,Adelaide | Brisbane | Canberra–Queanbeyan | Hobart | Melbourne | Perth | Sydney,254,False,,,,,
Naupactus peregrinus,,Insect,2,Brisbane | Sydney,105,False,,,,,
Nauphoeta cinerea,Speckled Cockroach,Insect,6,Adelaide | Brisbane | Canberra–Queanbeyan | Melbourne | Perth | Sydney,18,False,,,,,
Naupoda regina,,Insect,1,Brisbane,2,False,,,,,
Nausibius clavicornis,,Insect,1,Brisbane,1,False,,,,,
Nausinoe geometralis,,Insect,2,Brisbane | Darwin,4,False,,,,,
Nausinoe pueritia,,Insect,1,Sydney,6,False,,,,,
Neaprix insolens,,Insect,1,Brisbane,1,False,,,,,
Nearcha aridaria,Geometer Moth,Insect,1,Canberra–Queanbeyan,9,False,,,,,
Nearcha curtaria,Geometer Moth,Insect,1,Melbourne,2,False,,,,,
Nearcha dasyzona,Geometer Moth,Insect,1,Perth,1,False,,,,,
Nearcha nullata,Geometer Moth,Insect,3,Canberra–Queanbeyan | Melbourne | Sydney,7,False,,,,,
Nearcha pseudophaes,Geometer Moth,Insect,1,Perth,1,False,,,,,
Nearcha staurotis,,Insect,1,Perth,1,False,,,,,
Nearcha tristificata,,Insect,1,Sydney,3,False,,,,,
Nearcha ursaria,Geometer Moth,Insect,2,Melbourne | Sydney,3,False,,,,,
Neargyria argyraspis,,Insect,3,Brisbane | Darwin | Sydney,62,False,,,,,
Neargyria persimilis,,Insect,1,Darwin,1,False,,,,,
Neaspis variegata,,Insect,1,Canberra–Queanbeyan,3,False,,,,,
Nebothriomyrmex majeri,,Insect,1,Perth,1,False,,,,,
Nebriscus pupus,Assassin Bug,Insect,1,Melbourne,14,False,,,,,
Nechilo macrogona,Grass Moth,Insect,2,Canberra–Queanbeyan | Melbourne,4,False,,,,,
Necrobia ruficollis,Redshouldered Ham Beetle,Insect,2,Adelaide | Melbourne,5,False,,,,,
Necrobia rufipes,Red-legged Ham Beetle,Insect,6,Adelaide | Brisbane | Canberra–Queanbeyan | Melbourne | Perth | Sydney,16,False,,,,,
Nectarinia jugularis,Olive-backed Sunbird,Bird,1,Brisbane,1,False,,,,,
Necterosoma penicillatum,Diving Beetle,Insect,2,Hobart | Melbourne,3,False,,,,,
Neelaps calonotos,Western Black-striped Snake,Reptile,1,Perth,14,False,,,,,
Negeta contrariata,,Insect,1,Brisbane,27,False,,,,,
Negrobovia australensis,Long-legged Fly,Insect,1,Melbourne,11,False,,,,,
Neissa inconspicua,,Insect,2,Hobart | Melbourne,3,False,,,,,
Nematobola isorista,,Insect,1,Perth,1,False,,,,,
Nemestra incerta,,Insect,1,Perth,15,False,,,,,
Nemophora laurella,Fairy Longhorn Moth,Insect,5,Adelaide | Canberra–Queanbeyan | Hobart | Melbourne | Sydney,53,False,,,,,
Nemophora panaeola,,Insect,1,Canberra–Queanbeyan,1,False,,,,,
Nemophora sparsella,Fairy Longhorn Moth,Insect,2,Canberra–Queanbeyan | Melbourne,10,False,,,,,
Nenenia aurulenta,,Insect,1,Melbourne,3,False,,,,,
Nenenia fasciata,,Insect,1,Hobart,4,False,,,,,
Nenenia thoracica,,Insect,1,Melbourne,10,False,,,,,
Neoaratus hercules,Robber Fly,Insect,5,Adelaide | Brisbane | Canberra–Queanbeyan | Melbourne | Sydney,395,False,,,,,
Neocecidothrips bursariae,,Insect,1,Melbourne,1,False,,,,,
Neocerdistus acutangulatus,Robber Fly,Insect,1,Canberra–Queanbeyan,1,False,,,,,
Neochetina bruchi,,Insect,1,Brisbane,3,False,,,,,
Neochmia phaeton,Crimson Finch,Bird,2,Darwin | Perth,5649,False,,,,,
Neochmia ruficauda,Western Star Finch,Bird,2,Darwin | Sydney,6,False,,,,,
Neochmia temporalis,Red-browed Finch,Bird,6,Adelaide | Brisbane | Canberra–Queanbeyan | Melbourne | Perth | Sydney,73016,False,,,,,
Neocistela ovalis,,Insect,2,Canberra–Queanbeyan | Melbourne,15,False,,,,,
Neocnecus punctata,,Insect,1,Perth,1,False,,,,,
Neocuris gracilis,,Insect,1,Sydney,1,False,,,,,
Neocuris pauperata,,Insect,1,Melbourne,1,False,,,,,
Neodialineura litura,,Insect,2,Adelaide | Melbourne,11,False,,,,,
Neodialineura nitens,,Insect,5,Adelaide | Canberra–Queanbeyan | Hobart | Melbourne | Sydney,26,False,,,,,
Neodialineura polygramma,,Insect,1,Melbourne,1,False,,,,,
Neodialineura spinosa,,Insect,1,Perth,1,False,,,,,
Neodialineura striatithorax,,Insect,3,Brisbane | Canberra–Queanbeyan | Sydney,18,False,,,,,
Neoeurys tasmanicus,,Insect,1,Hobart,1,False,,,,,
Neoeurys variabilis,Sawfly,Insect,2,Canberra–Queanbeyan | Melbourne,3,False,,,,,
Neogalea sunia,,Insect,3,Adelaide | Brisbane | Sydney,6,False,,,,,
Neohavinthus pentatoma,Assassin Bug,Insect,1,Perth,12,False,,,,,
Neohydrocoptus subfasciatus,Water Beetle,Insect,1,Darwin,2,False,,,,,
Neola semiaurata,Wattle Moth,Insect,4,Brisbane | Canberra–Queanbeyan | Melbourne | Sydney,193,False,,,,,
Neolaemosaccus ater,,Insect,4,Adelaide | Canberra–Queanbeyan | Melbourne | Sydney,6,False,,,,,
Neolaemosaccus longimanus,,Insect,1,Canberra–Queanbeyan,3,False,,,,,
Neolaemosaccus narinus,,Insect,1,Melbourne,2,False,,,,,
Neolaemosaccus notatus,,Insect,1,Brisbane,1,False,,,,,
Neolaemosaccus peccuarius,,Insect,1,Adelaide,9,False,,,,,
Neolaemosaccus subsignatus,,Insect,1,Hobart,3,False,,,,,
Neolethaeus tenebrosus,,Insect,2,Brisbane | Darwin,67,False,,,,,
Neolucia agricola,Fringed Blue,Insect,5,Adelaide | Canberra–Queanbeyan | Hobart | Perth | Sydney,81,False,,,,,
Neolucia mathewi,Broom Heath-blue,Insect,1,Sydney,7,False,,,,,
Neomantis hyalina,,Insect,1,Darwin,1,False,,,,,
Neomazium typicum,,Insect,2,Brisbane | Sydney,3,False,,,,,
Neomelanterius carinicollis,,Insect,1,Sydney,1,False,,,,,
Neomyia lauta,,Insect,1,Brisbane,2,False,,,,,
Neopasiphae simplicior,A Short-tongued Bee,Insect,1,Melbourne,1,True,Critically Endangered,Neopasiphae simplicior,Neopasiphae simplicior,A native bee,2009-01-08
Neophema chrysogaster,Orange-bellied Parrot,Bird,1,Melbourne,45,True,Critically Endangered,Neophema chrysogaster,Neophema chrysogaster,Orange-bellied Parrot,2006-09-13
Neophema chrysostoma,Blue-winged Parrot,Bird,4,Adelaide | Hobart | Melbourne | Sydney,449,True,Vulnerable,Neophema chrysostoma,Neophema chrysostoma,Blue-winged Parrot,2023-03-31
Neophema elegans,Elegant Parrot,Bird,3,Adelaide | Perth | Sydney,794,False,,,,,
Neophema petrophila,Rock Parrot,Bird,2,Adelaide | Perth,40,False,,,,,
Neophema pulchella,Turquoise Parrot,Bird,5,Adelaide | Brisbane | Canberra–Queanbeyan | Melbourne | Sydney,103,False,,,,,
Neophema splendida,Scarlet-chested Parrot,Bird,2,Melbourne | Sydney,2,False,,,,,
Neophoca cinerea,Australian Sea-lion,Mammal,3,Adelaide | Perth | Sydney,39,True,Endangered,Neophoca cinerea,Neophoca cinerea,"Australian Sea-lion, Australian Sea Lion",2020-12-23
Neophyllaphis araucariae,,Insect,1,Brisbane,1,False,,,,,
Neopsephotus bourkii,Bourke's Parrot,Bird,2,Brisbane | Sydney,4,False,,,,,
Neorhaphiomidas hardyi,,Insect,1,Perth,3,False,,,,,
Neorrhina punctatum,Punctate Flower Chafer,Insect,4,Brisbane | Canberra–Queanbeyan | Melbourne | Sydney,875,False,,,,,
Neosaropogon princeps,Robber Fly,Insect,2,Brisbane | Sydney,5,False,,,,,
Neoscleropogon nicoteles,,Insect,1,Perth,3,False,,,,,
Neoscrobiger patricius,,Insect,1,Hobart,2,False,,,,,
Neoscrobiger rauciceps,,Insect,1,Hobart,2,False,,,,,
Neosemidalis farinosa,,Insect,2,Melbourne | Sydney,2,False,,,,,
Neosericornis citreogularis,Yellow-throated Scrubwren,Bird,2,Brisbane | Sydney,185,False,,,,,
Neospades chrysopygia,,Insect,1,Brisbane,1,False,,,,,
Neostenus saundersii,,Insect,3,Canberra–Queanbeyan | Melbourne | Sydney,10,False,,,,,
Neotartessus flavipes,Leafhopper,Insect,4,Brisbane | Canberra–Queanbeyan | Hobart | Melbourne,20,False,,,,,
Neotemnopteryx australis,,Insect,1,Sydney,1,False,,,,,
Neotemnopteryx fulva,Cockroach,Insect,5,Brisbane | Canberra–Queanbeyan | Melbourne | Perth | Sydney,47,False,,,,,
Neoteristis paraphanes,Geometer Moth,Insect,1,Melbourne,1,False,,,,,
Neotermes insularis,Ringant Termite,Insect,4,Brisbane | Canberra–Queanbeyan | Melbourne | Sydney,22,False,,,,,
Neothallis bizonata,,Insect,1,Brisbane,2,False,,,,,
Neotoxoptera formosana,Onion Aphid,Insect,4,Adelaide | Melbourne | Perth | Sydney,15,False,,,,,
Neotoxura longipalpis,,Insect,2,Canberra–Queanbeyan | Melbourne,9,False,,,,,
Neoveledella aculeata,,Insect,1,Brisbane,1,False,,,,,
Neovulturnus hackeri,,Insect,4,Adelaide | Brisbane | Perth | Sydney,64,False,,,,,
Neovulturnus montanus,,Insect,4,Adelaide | Brisbane | Hobart | Sydney,16,False,,,,,
Neovulturnus punctulatus,,Insect,6,Adelaide | Brisbane | Hobart | Melbourne | Perth | Sydney,22,False,,,,,
Neovulturnus sordidus,,Insect,1,Brisbane,5,False,,,,,
Neovulturnus vanduzeei,,Insect,1,Melbourne,1,False,,,,,
Neovulturnus vultuosus,,Insect,6,Adelaide | Brisbane | Hobart | Melbourne | Perth | Sydney,107,False,,,,,
Neozeleboria carinicollis,,Insect,1,Hobart,2,False,,,,,
Neozeleboria cryptoides,,Insect,3,Canberra–Queanbeyan | Melbourne | Sydney,35,False,,,,,
Neozeleboria volatilis,,Insect,1,Hobart,1,False,,,,,
Nephele hespera,,Insect,1,Sydney,1,False,,,,,
Nephele subvaria,,Insect,2,Brisbane | Sydney,11,False,,,,,
Nephogenes graphica,Concealer Moth,Insect,2,Canberra–Queanbeyan | Sydney,2,False,,,,,
Nephopterix hemibaphes,,Insect,1,Perth,2,False,,,,,
Nephopterix melanostyla,,Insect,1,Canberra–Queanbeyan,5,False,,,,,
Nephotettix nigropictus,,Insect,2,Brisbane | Darwin,11,False,,,,,
Nephotettix virescens,,Insect,1,Brisbane,1,False,,,,,
Nephrotoma australasiae,,Insect,3,Brisbane | Perth | Sydney,812,False,,,,,
Nephrurus sheai,Northern Knob-tailed Gecko,Reptile,1,Brisbane,1,False,,,,,
Nesidiocoris tenuis,Tomato Mirid,Insect,5,Adelaide | Brisbane | Canberra–Queanbeyan | Melbourne | Sydney,15,False,,,,,
Nesidovelia peramoena,,Insect,1,Hobart,1,False,,,,,
Nesoclutha phryne,The Australian Grass Leafhopper,Insect,7,Adelaide | Brisbane | Canberra–Queanbeyan | Hobart | Melbourne | Perth | Sydney,30,False,,,,,
Nesogaster halli,,Insect,6,Adelaide | Brisbane | Hobart | Melbourne | Perth | Sydney,53,False,,,,,
Nesogaster ruficeps,Australian Red-headed Earwig,Insect,3,Canberra–Queanbeyan | Melbourne | Sydney,48,False,,,,,
Nesoptilotis flavicollis,Yellow-throated Honeyeater,Bird,1,Hobart,5784,False,,,,,
Nesoptilotis leucotis,White-eared Honeyeater,Bird,6,Adelaide | Brisbane | Canberra–Queanbeyan | Melbourne | Perth | Sydney,10469,False,,,,,
Nesoxenica leprea,Leprea Brown,Insect,1,Hobart,1,False,,,,,
Netelia producta,Orange Caterpillar Parasite Wasp,Insect,3,Adelaide | Melbourne | Sydney,7,False,,,,,
Nethersia magna,,Insect,2,Adelaide | Melbourne,6,False,,,,,
Netrocoryne repanda,Bronze Flat,Insect,3,Brisbane | Canberra–Queanbeyan | Sydney,58,False,,,,,
Nettapus coromandelianus,Cotton Pygmy-goose,Bird,2,Brisbane | Sydney,994,False,,,,,
Nettapus pulchellus,Green Pygmy-goose,Bird,3,Brisbane | Darwin | Sydney,1676,False,,,,,
Neumichtis adamantina,Owlet Moth,Insect,1,Melbourne,5,False,,,,,
Neumichtis expulsa,Owlet Moth,Insect,3,Canberra–Queanbeyan | Hobart | Melbourne,12,False,,,,,
Neumichtis mesophaea,Owlet Moth,Insect,2,Canberra–Queanbeyan | Melbourne,6,False,,,,,
Neumichtis nigerrima,Black Turnip Moth,Insect,6,Adelaide | Brisbane | Canberra–Queanbeyan | Melbourne | Perth | Sydney,168,False,,,,,
Neumichtis saliaris,Green Cutworm Moth,Insect,5,Adelaide | Canberra–Queanbeyan | Hobart | Melbourne | Sydney,133,False,,,,,
Neumichtis spumigera,Owlet Moth,Insect,3,Canberra–Queanbeyan | Hobart | Melbourne,10,False,,,,,
Neurochaeta inversa,,Insect,1,Sydney,2,False,,,,,
Neuroctenus grandis,Flat Bug,Insect,2,Melbourne | Perth,37,False,,,,,
Neuroctenus proximus,,Insect,1,Perth,1,False,,,,,
Neuroctenus woodwardi,,Insect,2,Brisbane | Hobart,2,False,,,,,
Neurothemis stigmatizans,Painted Grasshawk Dragonfly,Insect,1,Darwin,379,False,,,,,
Nezara viridula,Green Vegetable Bug,Insect,7,Adelaide | Brisbane | Canberra–Queanbeyan | Hobart | Melbourne | Perth | Sydney,534,False,,,,,
Niastama punctaticollis,Dimpling Bug,Insect,1,Hobart,1,False,,,,,
Niceteria macrocosma,Macrocosma Moth,Insect,5,Adelaide | Canberra–Queanbeyan | Hobart | Melbourne | Sydney,36,False,,,,,
Nicsara trigonalis,,Insect,1,Darwin,5,False,,,,,
Niditinea fuscella,,Insect,4,Adelaide | Brisbane | Canberra–Queanbeyan | Perth,18,False,,,,,
Nigromyia longistriata,,Insect,1,Perth,10,False,,,,,
Nigromyia tomentosa,,Insect,1,Perth,6,False,,,,,
Nilobezzia curticornis,Biting Midge,Insect,1,Melbourne,2,False,,,,,
Nimbopsocus australis,,Insect,4,Brisbane | Canberra–Queanbeyan | Melbourne | Sydney,130,False,,,,,
Ninox boobook,Southern Boobook,Bird,7,Adelaide | Brisbane | Canberra–Queanbeyan | Darwin | Melbourne | Perth | Sydney,9079,False,,,,,
Ninox connivens,Barking Owl,Bird,6,Brisbane | Canberra–Queanbeyan | Darwin | Melbourne | Perth | Sydney,1189,False,,,,,
Ninox leucopsis,Tasmanian Boobook,Bird,2,Hobart | Melbourne,393,False,,,,,
Ninox novaeseelandiae,Southern Boobook,Bird,6,Adelaide | Brisbane | Canberra–Queanbeyan | Melbourne | Perth | Sydney,787,False,,,,,
Ninox rufa,Rufous Owl,Bird,1,Darwin,1242,False,,,,,
Ninox strenua,Powerful Owl,Bird,4,Brisbane | Canberra–Queanbeyan | Melbourne | Sydney,12405,False,,,,,
Nipaecoccus aurilanatus,Golden Mealybug,Insect,2,Brisbane | Sydney,4,False,,,,,
Niphograpta albiguttalis,,Insect,1,Brisbane,1,False,,,,,
Nippoptilia cinctipedalis,,Insect,3,Brisbane | Darwin | Sydney,18,False,,,,,
Nisia australiensis,,Insect,2,Brisbane | Sydney,27,False,,,,,
Nisista galearia,Geometer Moth,Insect,1,Perth,21,False,,,,,
Nisista notodontaria,Geometer Moth,Insect,3,Adelaide | Melbourne | Perth,8,False,,,,,
Nisista serrata,Geometer Moth,Insect,4,Adelaide | Hobart | Melbourne | Perth,56,False,,,,,
Nisotra bicolorata,,Insect,3,Brisbane | Darwin | Sydney,72,False,,,,,
Nisotra breweri,,Insect,3,Brisbane | Melbourne | Sydney,8,False,,,,,
Nitela australiensis,,Insect,1,Hobart,1,False,,,,,
Nocar depressiusculus,,Insect,4,Adelaide | Canberra–Queanbeyan | Hobart | Melbourne,16,False,,,,,
Nodaria aneliopis,,Insect,2,Brisbane | Darwin,7,False,,,,,
Noeetomima decora,,Insect,1,Brisbane,2,False,,,,,
Nola albalis,Tuft Moth,Insect,2,Hobart | Melbourne,3,False,,,,,
Nola argentea,,Insect,1,Brisbane,96,False,,,,,
Nola aulacota,,Insect,1,Melbourne,1,False,,,,,
Nola biguttalis,Tuft Moth,Insect,1,Melbourne,22,False,,,,,
Nola cerraunias,,Insect,1,Canberra–Queanbeyan,1,False,,,,,
Nola crucigera,Tuft Moth,Insect,3,Canberra–Queanbeyan | Melbourne | Sydney,33,False,,,,,
Nola cycota,Tuft Moth,Insect,1,Melbourne,2,False,,,,,
Nola delograpta,Tuft Moth,Insect,1,Melbourne,6,False,,,,,
Nola desmotes,,Insect,3,Brisbane | Darwin | Sydney,346,False,,,,,
Nola elaphropasta,,Insect,1,Brisbane,180,False,,,,,
Nola epicentra,,Insect,2,Brisbane | Sydney,30,False,,,,,
Nola euraphes,,Insect,1,Sydney,12,False,,,,,
Nola eurrhyncha,Tuft Moth,Insect,2,Adelaide | Melbourne,6,False,,,,,
Nola fasciata,,Insect,1,Brisbane,43,False,,,,,
Nola hyalospila,,Insect,1,Brisbane,35,False,,,,,
Nola lechriopa,,Insect,2,Brisbane | Melbourne,2,False,,,,,
Nola leucoma,,Insect,1,Sydney,1,False,,,,,
Nola monozona,Tuft Moth,Insect,1,Melbourne,3,False,,,,,
Nola paromoea,Tuft Moth,Insect,4,Adelaide | Brisbane | Canberra–Queanbeyan | Melbourne,22,False,,,,,
Nola paroxynta,,Insect,3,Brisbane | Melbourne | Sydney,12,False,,,,,
Nola phaeogramma,Tuft Moth,Insect,3,Canberra–Queanbeyan | Melbourne | Sydney,20,False,,,,,
Nola phloeophila,,Insect,2,Adelaide | Melbourne,3,False,,,,,
Nola pleurochorda,,Insect,2,Brisbane | Sydney,37,False,,,,,
Nola pleurosema,Tuft Moth,Insect,5,Adelaide | Brisbane | Canberra–Queanbeyan | Melbourne | Sydney,61,False,,,,,
Nola poliophasma,,Insect,1,Darwin,1,False,,,,,
Nola porrigens,Tuft Moth,Insect,1,Sydney,1,False,,,,,
Nola pothina,Tuft Moth,Insect,3,Adelaide | Canberra–Queanbeyan | Sydney,11,False,,,,,
Nola pycnopasta,,Insect,3,Brisbane | Perth | Sydney,143,False,,,,,
Nola pygmaeodes,,Insect,1,Brisbane,6,False,,,,,
Nola semograpta,Tuft Moth,Insect,1,Melbourne,1,False,,,,,
Nola taeniata,,Insect,2,Brisbane | Darwin,10,False,,,,,
Nola tetralopha,,Insect,1,Canberra–Queanbeyan,25,False,,,,,
Nola tholera,,Insect,1,Melbourne,16,False,,,,,
Nola tornotis,,Insect,2,Brisbane | Canberra–Queanbeyan,28,False,,,,,
Nola vepallida,,Insect,1,Brisbane,4,False,,,,,
Nola vernalis,Tuft Moth,Insect,3,Canberra–Queanbeyan | Melbourne | Sydney,16,False,,,,,
Noliphus annulipes,,Insect,2,Brisbane | Darwin,12,False,,,,,
Noliphus erythrocephalus,,Insect,3,Brisbane | Darwin | Sydney,142,False,,,,,
Nomia aurantifer,Sweat Bee,Insect,1,Brisbane,1,False,,,,,
Nomia lyonsiae,,Insect,1,Brisbane,3,False,,,,,
Nomia rubroviridis,,Insect,2,Brisbane | Darwin,22,False,,,,,
Nomia swainsoniae,,Insect,2,Brisbane | Sydney,3,False,,,,,
Nomophila corticalis,Grass Moth,Insect,6,Adelaide | Brisbane | Canberra–Queanbeyan | Melbourne | Perth | Sydney,193,False,,,,,
Noorda blitealis,,Insect,1,Darwin,4,False,,,,,
Norfolius howensis,,Insect,3,Brisbane | Canberra–Queanbeyan | Sydney,172,False,,,,,
Northiella haematogaster,Bluebonnet,Bird,4,Adelaide | Brisbane | Canberra–Queanbeyan | Melbourne,37,False,,,,,
Nososticta fraterna,Northern Threadtail,Insect,1,Darwin,1,False,,,,,
Nososticta koolpinyah,Koolpinyah Threadtail,Insect,1,Darwin,1,False,,,,,
Nososticta solida,Orange Threadtail,Insect,5,Adelaide | Brisbane | Canberra–Queanbeyan | Melbourne | Sydney,524,False,,,,,
Nostima duoseta,,Insect,5,Adelaide | Canberra–Queanbeyan | Hobart | Melbourne | Sydney,9,False,,,,,
Notagonum submetallicum,Submetallic Ground Beetle,Insect,5,Adelaide | Brisbane | Canberra–Queanbeyan | Melbourne | Perth,31,False,,,,,
Notamacropus agilis,Agile Wallaby,Mammal,2,Brisbane | Darwin,526,False,,,,,
Notamacropus dorsalis,Black-striped Wallaby,Mammal,2,Brisbane | Sydney,12,False,,,,,
Notamacropus eugenii,Tammar Wallaby,Mammal,1,Perth,2,False,,,,,
Notamacropus irma,Western Brush Wallaby,Mammal,1,Perth,2,False,,,,,
Notamacropus parryi,Whiptail Wallaby,Mammal,1,Brisbane,3,False,,,,,
Notamacropus rufogriseus,Red-necked Wallaby,Mammal,5,Brisbane | Canberra–Queanbeyan | Hobart | Melbourne | Sydney,821,False,,,,,
Notarcha aurolinealis,,Insect,3,Brisbane | Darwin | Sydney,92,False,,,,,
Notarcha obrinusalis,,Insect,2,Brisbane | Darwin,5,False,,,,,
Notarcha polytimeta,,Insect,1,Darwin,6,False,,,,,
Notata modicus,,Insect,1,Brisbane,11,False,,,,,
Notechis scutatus,Tiger Snake,Reptile,7,Brisbane | Canberra–Queanbeyan | Darwin | Hobart | Melbourne | Perth | Sydney,791,False,,,,,
Noteolethaeus armstrongi,,Insect,1,Sydney,1,False,,,,,
Nothancyla verreauxi,,Insect,5,Canberra–Queanbeyan | Hobart | Melbourne | Perth | Sydney,78,False,,,,,
Notherobius hastatus,,Insect,3,Canberra–Queanbeyan | Hobart | Melbourne,6,False,,,,,
Notherobius nothofagi,,Insect,1,Hobart,1,False,,,,,
Nothoderodontus darlingtoni,,Insect,1,Melbourne,1,False,,,,,
Nothorhaphium aemulans,Long-legged Fly,Insect,2,Hobart | Melbourne,3,False,,,,,
Nothotrichocera cingulata,Winter Crane Fly,Insect,1,Hobart,1,False,,,,,
Nothotrichocera cranstoni,Winter Crane Fly,Insect,1,Melbourne,1,False,,,,,
Notiobia viridipennis,,Insect,1,Hobart,7,False,,,,,
Notiobiella unita,,Insect,1,Brisbane,4,False,,,,,
Notiobiella viridis,,Insect,3,Brisbane | Darwin | Sydney,20,False,,,,,
Notiphila bicornuta,Shore Fly,Insect,2,Adelaide | Melbourne,3,False,,,,,
Notiphila fuscimana,Shore Fly,Insect,3,Brisbane | Canberra–Queanbeyan | Melbourne,15,False,,,,,
Notiphila impunctata,,Insect,1,Darwin,1,False,,,,,
Notius consputus,,Insect,4,Brisbane | Canberra–Queanbeyan | Melbourne | Sydney,225,False,,,,,
Notius depressus,Shield Bug,Insect,5,Brisbane | Canberra–Queanbeyan | Hobart | Melbourne | Sydney,311,False,,,,,
Notoaeschna sagittata,Southern Rifle Darner,Insect,2,Canberra–Queanbeyan | Melbourne,7,False,,,,,
Notocerastes tricornis,,Insect,1,Hobart,1,False,,,,,
Notoceresium impressiceps,,Insect,1,Melbourne,2,False,,,,,
Notodryas aeria,Concealer Moth,Insect,1,Melbourne,1,False,,,,,
Notodryas vallata,Concealer Moth,Insect,3,Canberra–Queanbeyan | Melbourne | Sydney,5,False,,,,,
Notoligotoma hardyi,,Insect,1,Perth,2,False,,,,,
Notoligotoma nitens,,Insect,2,Brisbane | Sydney,3,False,,,,,
Notomagdalis mamillata,,Insect,1,Melbourne,1,False,,,,,
Notomagdalis subcylindrica,,Insect,1,Melbourne,1,False,,,,,
Notomys cervinus,Fawn Hopping-mouse,Mammal,1,Sydney,3,False,,,,,
Notomys mitchellii,Mitchell's Hopping-mouse,Mammal,1,Sydney,2,False,,,,,
Notoncus capitatus,,Insect,4,Brisbane | Canberra–Queanbeyan | Melbourne | Sydney,83,False,,,,,
Notoncus ectatommoides,Pronged Epaulet Ant,Insect,5,Adelaide | Brisbane | Canberra–Queanbeyan | Melbourne | Sydney,69,False,,,,,
Notoncus gilberti,Smooth Epaulet Ant,Insect,6,Adelaide | Brisbane | Canberra–Queanbeyan | Melbourne | Perth | Sydney,50,False,,,,,
Notoncus hickmani,Yellow Epaulet Ant,Insect,3,Brisbane | Canberra–Queanbeyan | Melbourne,5,False,,,,,
Notoncus spinisquamis,Giant Epaulet Ant,Insect,3,Hobart | Melbourne | Sydney,137,False,,,,,
Notonomus besti,,Insect,1,Melbourne,4,False,,,,,
Notonomus carinulatus,,Insect,1,Melbourne,4,False,,,,,
Notonomus politulus,,Insect,1,Hobart,2,False,,,,,
Notopilo confusus,,Insect,2,Adelaide | Perth,5,False,,,,,
Notopilo congruus,,Insect,2,Adelaide | Melbourne,5,False,,,,,
Notopilo variipes,,Insect,1,Melbourne,16,False,,,,,
Notoplatypus elongatus,,Insect,1,Brisbane,2,False,,,,,
Notosacantha dorsalis,,Insect,1,Brisbane,1,False,,,,,
Notosalpingus ornatus,,Insect,1,Hobart,1,False,,,,,
Notoscincus ornatus,Ornate Soil-crevice Skink,Reptile,1,Darwin,1,False,,,,,
Notoxestomyza joyceae,,Insect,1,Adelaide,1,False,,,,,
Novapus crassus,,Insect,1,Perth,5,False,,,,,
Novatilla barnardi,,Insect,1,Brisbane,3,False,,,,,
Novius bellus,,Insect,5,Adelaide | Brisbane | Canberra–Queanbeyan | Melbourne | Sydney,22,False,,,,,
Novius cardinalis,,Insect,7,Adelaide | Brisbane | Canberra–Queanbeyan | Hobart | Melbourne | Perth | Sydney,30,False,,,,,
Novius koebelei,,Insect,2,Brisbane | Sydney,5,False,,,,,
Nudaria mollis,,Insect,1,Brisbane,2,False,,,,,
Numenius arquata,Eurasian Curlew,Bird,1,Perth,1,False,,,,,
Numenius madagascariensis,Eastern Curlew,Bird,7,Adelaide | Brisbane | Darwin | Hobart | Melbourne | Perth | Sydney,10388,True,Critically Endangered,Numenius madagascariensis,Numenius madagascariensis,"Eastern Curlew, Far Eastern Curlew",2015-05-26
Numenius minutus,Little Curlew,Bird,3,Brisbane | Darwin | Sydney,421,False,,,,,
Numenius phaeopus,Whimbrel,Bird,6,Adelaide | Brisbane | Darwin | Melbourne | Perth | Sydney,10982,False,,,,,
Numida meleagris,Helmeted Guineafowl,Bird,8,Adelaide | Brisbane | Canberra–Queanbeyan | Darwin | Hobart | Melbourne | Perth | Sydney,595,False,,,,,
Nyctemera amicus,Moth,Insect,7,Adelaide | Brisbane | Canberra–Queanbeyan | Hobart | Melbourne | Perth | Sydney,1198,False,,,,,
Nyctemera baulus,,Insect,3,Brisbane | Darwin | Sydney,739,False,,,,,
Nycteola indica,,Insect,1,Brisbane,2,False,,,,,
Nycteola polycyma,Moth,Insect,3,Brisbane | Darwin | Sydney,42,False,,,,,
Nycteola symmicta,,Insect,1,Brisbane,1,False,,,,,
Nycterephes coracopa,,Insect,1,Perth,3,False,,,,,
Nyctereutica melanophorella,,Insect,1,Sydney,1,False,,,,,
Nycticorax caledonicus,Nankeen Night-heron,Bird,8,Adelaide | Brisbane | Canberra–Queanbeyan | Darwin | Hobart | Melbourne | Perth | Sydney,24906,False,,,,,
Nycticorax nycticorax,Black-crowned Night-heron,Bird,1,Perth,2,False,,,,,
Nyctophilus arnhemensis,Arnhem Long-eared Bat,Mammal,1,Darwin,5,False,,,,,
Nyctophilus bifax,Eastern Long-eared Bat,Mammal,1,Sydney,2,False,,,,,
Nyctophilus geoffroyi,Lesser Long-eared Bat,Mammal,7,Adelaide | Brisbane | Canberra–Queanbeyan | Hobart | Melbourne | Perth | Sydney,506,False,,,,,
Nyctophilus gouldi,Gould's Long-eared Bat,Mammal,4,Brisbane | Canberra–Queanbeyan | Melbourne | Sydney,69,False,,,,,
Nyctozoilus reticulatus,,Insect,1,Canberra–Queanbeyan,2,False,,,,,
Nylanderia glabrior,,Insect,2,Brisbane | Sydney,2,False,,,,,
Nylanderia obscura,,Insect,1,Melbourne,2,False,,,,,
Nylanderia rosae,Ant,Insect,1,Melbourne,1,False,,,,,
Nyllius asperatus,,Insect,1,Hobart,1,False,,,,,
Nyllius australicus,Assassin Bug,Insect,2,Hobart | Melbourne,33,False,,,,,
Nymphes aperta,,Insect,2,Brisbane | Melbourne,2,False,,,,,
Nymphes myrmeleonoides,Blue Eyes Lacewing,Insect,4,Brisbane | Canberra–Queanbeyan | Melbourne | Sydney,1254,False,,,,,
Nymphes nigrescens,,Insect,1,Perth,10,False,,,,,
Nymphicus hollandicus,Cockatiel,Bird,7,Adelaide | Brisbane | Canberra–Queanbeyan | Darwin | Melbourne | Perth | Sydney,811,False,,,,,
Nysius caledoniae,Grey Cluster Bug,Insect,6,Brisbane | Canberra–Queanbeyan | Hobart | Melbourne | Perth | Sydney,42,False,,,,,
Nysius vinitor,Rutherglen Bug,Insect,8,Adelaide | Brisbane | Canberra–Queanbeyan | Darwin | Hobart | Melbourne | Perth | Sydney,281,False,,,,,
Obrida comata,,Insect,1,Brisbane,1,False,,,,,
Obrida fascialis,,Insect,4,Brisbane | Canberra–Queanbeyan | Melbourne | Sydney,66,False,,,,,
Oceanites oceanicus,Wilson's Storm-petrel,Bird,4,Brisbane | Darwin | Perth | Sydney,42,False,,,,,
Ochetellus glaber,Black House Ant,Insect,7,Adelaide | Brisbane | Canberra–Queanbeyan | Hobart | Melbourne | Perth | Sydney,330,False,,,,,
Ochetellus punctatissimus,Ant,Insect,6,Adelaide | Brisbane | Canberra–Queanbeyan | Hobart | Melbourne | Perth,43,False,,,,,
Ochlerotatus,,Insect,1,Darwin,1,False,,,,,
Ochlerotatus cv.,,Insect,2,Brisbane | Darwin,2,False,,,,,
Ochrogaster lunifer,Processionary Caterpillar,Insect,7,Adelaide | Brisbane | Canberra–Queanbeyan | Darwin | Melbourne | Perth | Sydney,321,False,,,,,
Ochropolia micrastis,,Insect,1,Adelaide,2,False,,,,,
Ochrothripa leptochroma,,Insect,1,Brisbane,7,False,,,,,
Ochthephilum mastersii,,Insect,1,Canberra–Queanbeyan,1,False,,,,,
Ochthophora sericina,,Insect,1,Brisbane,20,False,,,,,
Ochyra coarctata,,Insect,2,Hobart | Melbourne,2,False,,,,,
Ochyrolopha praecana,,Insect,1,Brisbane,2,False,,,,,
Ocirrhoe australis,,Insect,2,Melbourne | Sydney,15,False,,,,,
Ocirrhoe inconspicua,Shield Bug,Insect,1,Perth,3,False,,,,,
Ocirrhoe lutescens,Shield Bug,Insect,2,Canberra–Queanbeyan | Hobart,4,False,,,,,
Ocirrhoe prasinata,Shield Bug,Insect,2,Adelaide | Melbourne,2,False,,,,,
Ocirrhoe unimaculata,Shield Bug,Insect,6,Adelaide | Canberra–Queanbeyan | Hobart | Melbourne | Perth | Sydney,138,False,,,,,
Ocirrhoe virescens,,Insect,1,Brisbane,1,False,,,,,
Ocirrhoe westwoodi,Shield Bug,Insect,3,Hobart | Melbourne | Sydney,63,False,,,,,
Ocirrhoe wilsoni,Shield Bug,Insect,2,Melbourne | Sydney,8,False,,,,,
Ocrasa acerasta,Grass Moth,Insect,3,Adelaide | Canberra–Queanbeyan | Sydney,11,False,,,,,
Ocrasa albidalis,,Insect,2,Brisbane | Canberra–Queanbeyan,21,False,,,,,
Octasphales eubrocha,,Insect,1,Brisbane,1,False,,,,,
Octotoma championi,,Insect,1,Sydney,3,False,,,,,
Octotoma scabripennis,,Insect,2,Brisbane | Sydney,156,False,,,,,
Ocybadistes ardea,Dark Orange Dart,Insect,1,Brisbane,49,False,,,,,
Ocybadistes flavovittatus,Narrow-brand Grass-dart,Insect,4,Brisbane | Darwin | Perth | Sydney,122,False,,,,,
Ocybadistes hypomeloma,White-margined Grass-dart,Insect,1,Brisbane,1,False,,,,,
Ocybadistes walkeri,Green Grass-dart,Insect,8,Adelaide | Brisbane | Canberra–Queanbeyan | Darwin | Hobart | Melbourne | Perth | Sydney,4952,False,,,,,
Ocyphaps lophotes,Crested Pigeon,Bird,7,Adelaide | Brisbane | Canberra–Queanbeyan | Darwin | Melbourne | Perth | Sydney,250211,False,,,,,
Ocystola crystallina,Concealer Moth,Insect,1,Adelaide,31,False,,,,,
Ocystola paulinella,Concealer Moth,Insect,2,Canberra–Queanbeyan | Melbourne,24,False,,,,,
Odontomachus cephalotes,,Insect,1,Darwin,1,False,,,,,
Odontomachus ruficeps,Trap-jaw Ant,Insect,2,Darwin | Perth,11,False,,,,,
Odontomyia decipiens,,Insect,6,Adelaide | Brisbane | Canberra–Queanbeyan | Melbourne | Perth | Sydney,258,False,,,,,
Odontomyia hunteri,,Insect,5,Adelaide | Brisbane | Canberra–Queanbeyan | Melbourne | Sydney,198,False,,,,,
Odontomyia opertanea,,Insect,3,Brisbane | Canberra–Queanbeyan | Melbourne,44,False,,,,,
Odontomyia scutellata,,Insect,1,Melbourne,1,False,,,,,
Odyneromyia illucens,Hover Fly,Insect,1,Melbourne,1,False,,,,,
Odyneromyia spadix,,Insect,1,Melbourne,3,False,,,,,
Odyneromyia transparens,,Insect,1,Melbourne,1,False,,,,,
Oebarina ceresioides,,Insect,2,Canberra–Queanbeyan | Melbourne,14,False,,,,,
Oecanthus angustus,,Insect,2,Canberra–Queanbeyan | Melbourne,3,False,,,,,
Oecanthus rufescens,,Insect,2,Adelaide | Brisbane,22,False,,,,,
Oecetis australis,Caddisfly,Insect,1,Brisbane,4,False,,,,,
Oecetis hemerobioides,,Insect,1,Darwin,1,False,,,,,
Oecetis inscripta,Caddisfly,Insect,3,Brisbane | Canberra–Queanbeyan | Melbourne,17,False,,,,,
Oecetis pechana,Caddisfly,Insect,1,Brisbane,3,False,,,,,
Oecetis uptoni,,Insect,1,Darwin,1,False,,,,,
Oechalia schellenbergii,Predatory Shield Bug,Insect,7,Adelaide | Brisbane | Canberra–Queanbeyan | Darwin | Melbourne | Perth | Sydney,532,False,,,,,
Oecophylla smaragdina,Green Tree Ant,Insect,3,Brisbane | Darwin | Hobart,258,False,,,,,
Oedaleus australis,Australian Oedaleus,Insect,4,Brisbane | Canberra–Queanbeyan | Melbourne | Sydney,145,False,,,,,
Oedaspis australis,,Insect,1,Sydney,1,False,,,,,
Oedaspis austrina,,Insect,1,Adelaide,1,False,,,,,
Oedaspis goodenia,Primitive Crane Fly,Insect,1,Melbourne,11,False,,,,,
Oedemopsis hobartensis,,Insect,4,Brisbane | Canberra–Queanbeyan | Melbourne | Sydney,38,False,,,,,
Oedosmylus tasmaniensis,,Insect,3,Canberra–Queanbeyan | Hobart | Melbourne,21,False,,,,,
Oedura marmorata,Marbled Velvet Gecko,Reptile,2,Darwin | Sydney,3,False,,,,,
Oedura tryoni,Southern Spotted Velvet Gecko,Reptile,1,Brisbane,8,False,,,,,
Oemethylus triangularis,Wild Passionfruit Weevil,Insect,2,Canberra–Queanbeyan | Sydney,11,False,,,,,
Oenochroa dinosema,Concealer Moth,Insect,2,Adelaide | Canberra–Queanbeyan,12,False,,,,,
Oenochroa lactella,,Insect,5,Adelaide | Brisbane | Canberra–Queanbeyan | Melbourne | Sydney,8,False,,,,,
Oenochroa ochrosoma,,Insect,2,Canberra–Queanbeyan | Sydney,3,False,,,,,
Oenochroma orthodesma,Geometer Moth,Insect,1,Melbourne,3,False,,,,,
Oenochroma pallida,Geometer Moth,Insect,5,Adelaide | Brisbane | Canberra–Queanbeyan | Melbourne | Perth,36,False,,,,,
Oenochroma phyllomorpha,,Insect,1,Brisbane,1,False,,,,,
Oenochroma privata,,Insect,1,Perth,1,False,,,,,
Oenochroma quardrigramma,,Insect,1,Sydney,3,False,,,,,
Oenochroma subustaria,Geometer Moth,Insect,3,Canberra–Queanbeyan | Perth | Sydney,22,False,,,,,
Oenochroma turneri,Geometer Moth,Insect,2,Brisbane | Sydney,8,False,,,,,
Oenochroma vetustaria,Geometer Moth,Insect,3,Brisbane | Canberra–Queanbeyan | Sydney,14,False,,,,,
Oenochroma vinaria,Grevillea Looper Moth,Insect,7,Adelaide | Brisbane | Canberra–Queanbeyan | Hobart | Melbourne | Perth | Sydney,583,False,,,,,
Oenogenes fugalis,Grass Moth,Insect,1,Melbourne,4,False,,,,,
Oenopus guttatus,,Insect,1,Sydney,1,False,,,,,
Oenosandra boisduvalii,Boisduval S Autumn Moth,Insect,5,Adelaide | Canberra–Queanbeyan | Hobart | Melbourne | Perth,237,False,,,,,
Ogcodes basalis,Fly,Insect,4,Adelaide | Brisbane | Canberra–Queanbeyan | Melbourne,18,False,,,,,
Ogmograptis racemosa,,Insect,1,Sydney,2,False,,,,,
Ogmograptis scribula,,Insect,1,Brisbane,2,False,,,,,
Ogyris abrota,Dark Purple Azure,Insect,3,Canberra–Queanbeyan | Melbourne | Sydney,16,False,,,,,
Ogyris amaryllis,Satin Azure,Insect,4,Adelaide | Brisbane | Perth | Sydney,139,False,,,,,
Ogyris ianthis,Golden Azure,Insect,1,Sydney,1,False,,,,,
Ogyris olane,Olane Azure,Insect,5,Adelaide | Brisbane | Canberra–Queanbeyan | Melbourne | Sydney,60,False,,,,,
Ogyris oroetes,Silky Azure,Insect,1,Brisbane,18,False,,,,,
Ogyris zosine,Northern Purple Azure,Insect,1,Brisbane,34,False,,,,,
Oides dorsosignata,,Insect,2,Brisbane | Sydney,39,False,,,,,
Oides fryi,,Insect,1,Brisbane,1,False,,,,,
Oides silphomorphoides,,Insect,1,Darwin,5,False,,,,,
Olbonoma callopistis,,Insect,1,Darwin,1,False,,,,,
Olbonoma disticta,,Insect,1,Brisbane,8,False,,,,,
Olbonoma leptospila,,Insect,1,Brisbane,1,False,,,,,
Olbonoma triptycha,Concealer Moth,Insect,4,Brisbane | Canberra–Queanbeyan | Melbourne | Sydney,544,False,,,,,
Olene mendosa,,Insect,2,Brisbane | Darwin,41,False,,,,,
Olesterus australis,,Insect,2,Canberra–Queanbeyan | Perth,7,False,,,,,
Oligaethus rostratus,,Insect,1,Darwin,2,False,,,,,
Oligeria hemicalla,Moth,Insect,2,Melbourne | Sydney,6,False,,,,,
Oligodectoides tindalei,Tindale's Shieldback Katydid,Insect,2,Adelaide | Perth,5,False,,,,,
Oligoloba severa,Concealer Moth,Insect,6,Adelaide | Brisbane | Canberra–Queanbeyan | Melbourne | Perth | Sydney,113,False,,,,,
Oligotoma nigra,,Insect,4,Adelaide | Brisbane | Melbourne | Sydney,9,False,,,,,
Olla v-nigrum,,Insect,1,Brisbane,17,False,,,,,
Omiodes diemenalis,,Insect,2,Brisbane | Darwin,209,False,,,,,
Omiodes odontosticta,,Insect,2,Brisbane | Darwin,6,False,,,,,
Ommatius coeraebus,Robber Fly,Insect,3,Brisbane | Canberra–Queanbeyan | Sydney,283,False,,,,,
Ommatius flavicaudus,,Insect,2,Brisbane | Darwin,2,False,,,,,
Ommatius mackayi,,Insect,1,Brisbane,128,False,,,,,
Ommatodema leanum,Plant Bug,Insect,1,Hobart,4,False,,,,,
Omonadus floralis,,Insect,2,Adelaide | Melbourne,2,False,,,,,
Omophaena taeniata,,Insect,2,Melbourne | Perth,9,False,,,,,
Omorgus australasiae,,Insect,1,Melbourne,4,False,,,,,
Omotes unicolor,,Insect,1,Hobart,2,False,,,,,
Omyta centrolineata,Shield Bug,Insect,4,Adelaide | Canberra–Queanbeyan | Hobart | Melbourne,119,False,,,,,
Onceropyga anelia,,Insect,1,Sydney,1,False,,,,,
Oncocoris apicalis,Shield Bug,Insect,3,Adelaide | Melbourne | Perth,21,False,,,,,
Oncocoris desertus,,Insect,2,Melbourne | Perth,2,False,,,,,
Oncocoris geniculatus,Shield Bug,Insect,6,Adelaide | Brisbane | Canberra–Queanbeyan | Hobart | Melbourne | Sydney,302,False,,,,,
Oncocoris modestus,,Insect,1,Brisbane,1,False,,,,,
Oncocoris similis,Shield Bug,Insect,2,Hobart | Melbourne,15,False,,,,,
Oncodosia ampla,,Insect,1,Perth,2,False,,,,,
Oncodosia patula,,Insect,1,Perth,7,False,,,,,
Oncopeltus sordidus,,Insect,3,Brisbane | Canberra–Queanbeyan | Sydney,34,False,,,,,
Oncopera intricata,,Insect,1,Hobart,1,False,,,,,
Oncopera intricoides,Ghost Moth,Insect,2,Canberra–Queanbeyan | Melbourne,3,False,,,,,
Oncopera rufobrunnea,Ghost Moth,Insect,4,Adelaide | Canberra–Queanbeyan | Hobart | Melbourne,17,False,,,,,
Oncophysa vesiculata,Lace Bug,Insect,3,Adelaide | Melbourne | Perth,12,False,,,,,
Oncylocotis tasmanicus,,Insect,1,Hobart,9,False,,,,,
Onesia tibialis,Blow Fly,Insect,1,Melbourne,1,False,,,,,
Onitis alexis,Bronze Dung Beetle,Insect,3,Brisbane | Canberra–Queanbeyan | Sydney,6,False,,,,,
Onitis aygulus,,Insect,2,Canberra–Queanbeyan | Perth,5,False,,,,,
Onthophagus arrilla,,Insect,1,Brisbane,1,False,,,,,
Onthophagus auritus,,Insect,3,Canberra–Queanbeyan | Melbourne | Sydney,10,False,,,,,
Onthophagus australis,Southern Dung Beetle,Insect,2,Canberra–Queanbeyan | Melbourne,4,False,,,,,
Onthophagus dandalu,,Insect,2,Brisbane | Sydney,38,False,,,,,
Onthophagus declivis,,Insect,2,Canberra–Queanbeyan | Sydney,21,False,,,,,
Onthophagus dunningi,,Insect,2,Brisbane | Sydney,4,False,,,,,
Onthophagus ferox,Western Dung Beetle,Insect,2,Melbourne | Perth,21,False,,,,,
Onthophagus fuliginosus,,Insect,1,Hobart,2,False,,,,,
Onthophagus mniszechi,Threehorned Dung Beetle,Insect,1,Melbourne,25,False,,,,,
Onthophagus neostenocerus,,Insect,1,Brisbane,10,False,,,,,
Onthophagus pexatus,,Insect,1,Melbourne,1,False,,,,,
Onthophagus posticus,,Insect,1,Hobart,1,False,,,,,
Onthophagus pronus,,Insect,1,Hobart,1,False,,,,,
Onthophagus semimetallicus,,Insect,1,Brisbane,1,False,,,,,
Onthophagus squalidus,,Insect,2,Melbourne | Sydney,3,False,,,,,
Onthophagus sydneyensis,,Insect,1,Brisbane,1,False,,,,,
Onthophagus taurus,Bullhorned Dung Beetle,Insect,6,Brisbane | Canberra–Queanbeyan | Hobart | Melbourne | Perth | Sydney,21,False,,,,,
Onthophagus tweedensis,,Insect,1,Brisbane,3,False,,,,,
Ontiscus obscurus,,Insect,1,Melbourne,5,False,,,,,
Onychohydrus scutellaris,Diving Beetle,Insect,4,Adelaide | Melbourne | Perth | Sydney,26,False,,,,,
Onychoprion anaethetus,Western Indian Ocean Bridled Tern,Bird,2,Darwin | Perth,220,False,,,,,
Onychoprion fuscatus,Sooty Tern,Bird,4,Brisbane | Darwin | Perth | Sydney,195,False,,,,,
Onycodes rubra,,Insect,1,Brisbane,30,False,,,,,
Onycodes traumataria,Geometer Moth,Insect,1,Hobart,1,False,,,,,
Onymocoris stysi,,Insect,1,Perth,1,False,,,,,
Ooceraea australis,,Insect,1,Brisbane,8,False,,,,,
Opacifrons maculifrons,,Insect,2,Melbourne | Perth,2,False,,,,,
Ophelimus maskelli,,Insect,6,Adelaide | Brisbane | Canberra–Queanbeyan | Melbourne | Perth | Sydney,141,False,,,,,
Ophelosia bifasciata,,Insect,1,Canberra–Queanbeyan,1,False,,,,,
Ophidius dracunculus,,Insect,1,Sydney,3,False,,,,,
Ophidius elegans,,Insect,1,Canberra–Queanbeyan,2,False,,,,,
Ophiomyia cornuta,,Insect,1,Melbourne,1,False,,,,,
Ophiomyia lantanae,,Insect,1,Brisbane,1,False,,,,,
Ophioscincus ophioscincus,Yolk-bellied Snake-skink,Reptile,1,Brisbane,15,False,,,,,
Ophisma gravata,,Insect,2,Brisbane | Sydney,16,False,,,,,
Ophiusa discriminans,,Insect,1,Brisbane,11,False,,,,,
Ophiusa disjungens,,Insect,3,Brisbane | Darwin | Sydney,123,False,,,,,
Ophiusa hituense,,Insect,1,Darwin,1,False,,,,,
Ophiusa parcemacula,Owlet Moth,Insect,7,Adelaide | Brisbane | Canberra–Queanbeyan | Darwin | Melbourne | Perth | Sydney,43,False,,,,,
Ophiusa tirhaca,Moth,Insect,3,Brisbane | Perth | Sydney,49,False,,,,,
Ophrythyreocis fasciculatus,,Insect,1,Melbourne,2,False,,,,,
Ophyx eurrhoa,,Insect,1,Brisbane,5,False,,,,,
Ophyx ochroptera,,Insect,2,Brisbane | Sydney,12,False,,,,,
Opisthopsis haddoni,,Insect,1,Darwin,48,False,,,,,
Opisthopsis pictus,,Insect,1,Brisbane,49,False,,,,,
Opisthopsis rufithorax,Strobe Ant,Insect,3,Adelaide | Brisbane | Melbourne,504,False,,,,,
Opisthoscelis beardsleyi,,Insect,1,Melbourne,2,False,,,,,
Opistoplatys australasiae,Assassin Bug,Insect,2,Canberra–Queanbeyan | Sydney,7,False,,,,,
Opodiphthera astrophela,,Insect,1,Brisbane,1,False,,,,,
Opodiphthera eucalypti,Emperor Gum Moth,Insect,5,Brisbane | Canberra–Queanbeyan | Darwin | Melbourne | Sydney,310,False,,,,,
Opodiphthera helena,Helena Emperor Moth,Insect,7,Adelaide | Brisbane | Canberra–Queanbeyan | Hobart | Melbourne | Perth | Sydney,101,False,,,,,
Opodiphthera loranthi,,Insect,1,Brisbane,6,False,,,,,
Opogona cleonyma,,Insect,2,Brisbane | Canberra–Queanbeyan,5,False,,,,,
Opogona comptella,,Insect,4,Canberra–Queanbeyan | Hobart | Melbourne | Sydney,69,False,,,,,
Opogona glycyphaga,,Insect,1,Brisbane,3,False,,,,,
Opogona nebularis,,Insect,1,Melbourne,2,False,,,,,
Opogona omoscopa,,Insect,7,Adelaide | Brisbane | Canberra–Queanbeyan | Hobart | Melbourne | Perth | Sydney,330,False,,,,,
Opogona papayae,,Insect,3,Brisbane | Darwin | Perth,14,False,,,,,
Opogona protodoxa,Fungus Moth,Insect,3,Brisbane | Melbourne | Sydney,30,False,,,,,
Opogona stenocraspeda,,Insect,6,Adelaide | Brisbane | Canberra–Queanbeyan | Hobart | Melbourne | Sydney,31,False,,,,,
Opogona stereodyta,Fungus Moth,Insect,6,Adelaide | Brisbane | Canberra–Queanbeyan | Hobart | Melbourne | Sydney,43,False,,,,,
Opostega orestias,,Insect,1,Canberra–Queanbeyan,1,False,,,,,
Opostega xenodoxa,,Insect,1,Brisbane,1,False,,,,,
Opostegoides gephyraea,,Insect,2,Brisbane | Sydney,7,False,,,,,
Opsirhina albigutta,Lappet Moth,Insect,1,Hobart,6,False,,,,,
Opsirhina lechriodes,Lappet Moth,Insect,3,Brisbane | Canberra–Queanbeyan | Sydney,9,False,,,,,
Opsittis atomaria,,Insect,1,Perth,1,False,,,,,
Opsitycha squalidella,Concealer Moth,Insect,2,Canberra–Queanbeyan | Melbourne,31,False,,,,,
Opsius stactogalus,Tamarix Leafhopper,Insect,5,Adelaide | Hobart | Melbourne | Perth | Sydney,14,False,,,,,
Oraesia argyrosigna,,Insect,2,Brisbane | Darwin,3,False,,,,,
Oraesia emarginata,,Insect,2,Brisbane | Darwin,2,False,,,,,
Orcaella heinsohni,Australian Snubfin Dolphin,Mammal,1,Darwin,1,True,Vulnerable,Orcaella heinsohni,Orcaella heinsohni,Australian Snubfin Dolphin,2025-03-05
Orchamoplatus citri,Whitefly,Insect,3,Adelaide | Perth | Sydney,3,False,,,,,
Orcus australasiae,,Insect,6,Adelaide | Brisbane | Canberra–Queanbeyan | Hobart | Melbourne | Perth,134,False,,,,,
Orcus bilunulatus,,Insect,4,Brisbane | Canberra–Queanbeyan | Perth | Sydney,125,False,,,,,
Orcus nummularis,,Insect,2,Brisbane | Perth,11,False,,,,,
Orectognathus clarki,Ant,Insect,3,Hobart | Melbourne | Sydney,3,False,,,,,
Orectognathus mjobergi,,Insect,1,Brisbane,7,False,,,,,
Orectognathus nigriventris,,Insect,1,Sydney,1,False,,,,,
Oreixenica kershawi,Kershaw's Brown,Insect,1,Melbourne,56,False,,,,,
Oreixenica lathoniella,Common Silver Xenica,Insect,2,Hobart | Melbourne,13,False,,,,,
Oreoica gutturalis,Crested Bellbird,Bird,2,Adelaide | Sydney,10,False,,,,,
Orescoa orites,,Insect,1,Canberra–Queanbeyan,12,False,,,,,
Organopoda olivescens,,Insect,1,Brisbane,3,False,,,,,
Orgyia anartoides,Pine Moth,Insect,6,Adelaide | Brisbane | Canberra–Queanbeyan | Hobart | Melbourne | Sydney,470,False,,,,,
Orgyia athlophora,,Insect,1,Perth,11,False,,,,,
Orgyia australis,Painted Pine Moth,Insect,4,Brisbane | Darwin | Melbourne | Sydney,393,False,,,,,
Orgyia papuana,,Insect,1,Darwin,1,False,,,,,
Orichora trivirgata,,Insect,1,Perth,2,False,,,,,
Origma solitaria,Rockwarbler,Bird,1,Sydney,285,False,,,,,
Oriodryas olbophora,,Insect,1,Brisbane,1,False,,,,,
Oriolus flavocinctus,Yellow Oriole,Bird,2,Darwin | Sydney,9321,False,,,,,
Oriolus sagittatus,Olive-backed Oriole,Bird,8,Adelaide | Brisbane | Canberra–Queanbeyan | Darwin | Hobart | Melbourne | Perth | Sydney,49961,False,,,,,
Ornebius aperta,,Insect,1,Sydney,13,False,,,,,
Ornebius immarna,,Insect,1,Sydney,1,False,,,,,
Ornithomya fuscipennis,Louse Fly,Insect,1,Brisbane,2,False,,,,,
Ornithomya nigricornis,Louse Fly,Insect,1,Hobart,5,False,,,,,
Ornithoptera richmondia,Richmond Birdwing Butterfly,Insect,2,Brisbane | Melbourne,9,False,,,,,
Ornithorhynchus anatinus,Platypus,Mammal,6,Adelaide | Brisbane | Canberra–Queanbeyan | Hobart | Melbourne | Sydney,1510,False,,,,,
Oroderes humeralis,,Insect,2,Melbourne | Sydney,7,False,,,,,
Oroderes mimulus,,Insect,3,Canberra–Queanbeyan | Melbourne | Sydney,3,False,,,,,
Oroderes uniformis,,Insect,1,Perth,2,False,,,,,
Orosius argentatus,Common Brown Leafhopper,Insect,3,Adelaide | Canberra–Queanbeyan | Melbourne,15,False,,,,,
Orosius orientalis,Common Brown Leafhopper,Insect,4,Adelaide | Canberra–Queanbeyan | Melbourne | Perth,8,False,,,,,
Orpha flavicornis,,Insect,1,Perth,5,False,,,,,
Orraya occultus,Mcilwraith Leaf-tailed Gecko,Reptile,1,Sydney,1,True,Critically Endangered,Orraya occultus,Orraya occultus,"Long-necked Northern Leaf-tailed Gecko, McIlwraith Leaf-tailed Gecko",2023-12-21
Orthaga atribasalis,,Insect,1,Brisbane,11,False,,,,,
Orthaga picta,,Insect,1,Brisbane,7,False,,,,,
Orthaga rubridiscalis,,Insect,1,Brisbane,19,False,,,,,
Orthaga seminivea,,Insect,2,Brisbane | Sydney,58,False,,,,,
Orthaga thyrisalis,Teatree Web Moth,Insect,3,Adelaide | Canberra–Queanbeyan | Melbourne,50,False,,,,,
Orthetrum boumiera,Brownwater Skimmer,Insect,1,Brisbane,1,False,,,,,
Orthetrum caledonicum,Blue Skimmer,Insect,8,Adelaide | Brisbane | Canberra–Queanbeyan | Darwin | Hobart | Melbourne | Perth | Sydney,3840,False,,,,,
Orthetrum migratum,Rosy Skimmer,Insect,1,Darwin,3,False,,,,,
Orthetrum sabina,Slender Skimmer,Insect,3,Brisbane | Darwin | Sydney,845,False,,,,,
Orthetrum serapia,Green Skimmer,Insect,2,Brisbane | Darwin,95,False,,,,,
Orthetrum villosovittatum,Fiery Skimmer,Insect,5,Brisbane | Canberra–Queanbeyan | Darwin | Perth | Sydney,2005,False,,,,,
Orthodera gracilis,,Insect,2,Brisbane | Darwin,5,False,,,,,
Orthodera marginata,,Insect,2,Adelaide | Perth,2,False,,,,,
Orthodera ministralis,Green Mantid,Insect,8,Adelaide | Brisbane | Canberra–Queanbeyan | Darwin | Hobart | Melbourne | Perth | Sydney,1949,False,,,,,
Orthogonis ornatipennis,Robber Fly,Insect,2,Melbourne | Sydney,21,False,,,,,
Ortholfersia phaneroneura,Louse Fly,Insect,1,Hobart,3,False,,,,,
Ortholomia moluccana,,Insect,1,Brisbane,2,False,,,,,
Orthonyx temminckii,Australian Logrunner,Bird,2,Brisbane | Melbourne,7,False,,,,,
Orthoporopterus elongatus,,Insect,1,Brisbane,1,False,,,,,
Orthoprosopa grisea,Hover Fly,Insect,4,Adelaide | Brisbane | Perth | Sydney,18,False,,,,,
Orthorhinus cylindrirostris,Elephant Weevil,Insect,7,Adelaide | Brisbane | Canberra–Queanbeyan | Hobart | Melbourne | Perth | Sydney,317,False,,,,,
Orthorhinus klugii,Vine Weevil,Insect,7,Adelaide | Brisbane | Canberra–Queanbeyan | Darwin | Hobart | Melbourne | Sydney,197,False,,,,,
Orthotemnus polixus,,Insect,1,Hobart,1,False,,,,,
Orthrius duplopunctatus,,Insect,1,Sydney,1,False,,,,,
Orthrius sepulcralis,,Insect,2,Brisbane | Darwin,19,False,,,,,
Orussobaius wilsoni,Parasitoid Wasp,Insect,1,Melbourne,2,False,,,,,
Oruza crocodeta,,Insect,1,Brisbane,10,False,,,,,
Oryctes rhinoceros,Rhinoceros Beetle,Insect,1,Canberra–Queanbeyan,36,False,,,,,
Oryctolagus cuniculus,Rabbit,Mammal,8,Adelaide | Brisbane | Canberra–Queanbeyan | Darwin | Hobart | Melbourne | Perth | Sydney,17487,False,,,,,
Oryzaephilus surinamensis,Sawtoothed Grain Beetle,Insect,2,Melbourne | Perth,4,False,,,,,
Osa commoni,,Insect,2,Canberra–Queanbeyan | Melbourne,5,False,,,,,
Osa sinclairae,,Insect,1,Canberra–Queanbeyan,1,False,,,,,
Osmylops armatus,,Insect,1,Sydney,1,False,,,,,
Osmylops sejunctus,,Insect,6,Adelaide | Canberra–Queanbeyan | Hobart | Melbourne | Perth | Sydney,73,False,,,,,
Osphranter robustus,Common Wallaroo,Mammal,3,Adelaide | Canberra–Queanbeyan | Sydney,457,False,,,,,
Osphranter rufus,Red Kangaroo,Mammal,4,Adelaide | Brisbane | Canberra–Queanbeyan | Sydney,17,False,,,,,
Ospidus chrysomeloides,,Insect,2,Brisbane | Sydney,76,False,,,,,
Ostrinia furnacalis,,Insect,3,Brisbane | Melbourne | Sydney,12,False,,,,,
Otiophora clavifera,,Insect,1,Darwin,1,False,,,,,
Otiorhynchus cribricollis,Apple Weevil,Insect,2,Adelaide | Melbourne,23,False,,,,,
Otiorhynchus rugosostriatus,Rough Strawberry Weevil,Insect,4,Adelaide | Canberra–Queanbeyan | Hobart | Melbourne,13,False,,,,,
Otiorhynchus sulcatus,European Strawberry Weevil,Insect,2,Adelaide | Melbourne,4,False,,,,,
Otonoma anemois,,Insect,1,Brisbane,14,False,,,,,
Oulema rufotincta,,Insect,3,Brisbane | Canberra–Queanbeyan | Melbourne,6,False,,,,,
Oxya japonica,Rice Grasshopper,Insect,2,Brisbane | Darwin,15,False,,,,,
Oxycanus antipoda,Ghost Moth,Insect,3,Canberra–Queanbeyan | Hobart | Melbourne,101,False,,,,,
Oxycanus australis,Ghost Moth,Insect,3,Canberra–Queanbeyan | Hobart | Melbourne,88,False,,,,,
Oxycanus determinata,,Insect,1,Perth,2,False,,,,,
Oxycanus dirempta,Ghost Moth,Insect,2,Canberra–Queanbeyan | Melbourne,251,False,,,,,
Oxycanus lyelli,Ghost Moth,Insect,1,Canberra–Queanbeyan,1,False,,,,,
Oxycanus occidentalis,Ghost Moth,Insect,1,Perth,2,False,,,,,
Oxycanus rufescens,Ghost Moth,Insect,2,Canberra–Queanbeyan | Hobart,30,False,,,,,
Oxycanus silvanus,Ghost Moth,Insect,2,Canberra–Queanbeyan | Melbourne,84,False,,,,,
Oxycanus sirpus,Ghost Moth,Insect,1,Melbourne,12,False,,,,,
Oxycanus subvaria,Ghost Moth,Insect,1,Sydney,4,False,,,,,
Oxycarenus arctatus,Coon Bug,Insect,4,Adelaide | Brisbane | Melbourne | Perth,30,False,,,,,
Oxycarenus luctuosus,Cottonseed Bug,Insect,7,Adelaide | Brisbane | Darwin | Hobart | Melbourne | Perth | Sydney,86,False,,,,,
Oxychirota paradoxa,,Insect,1,Brisbane,6,False,,,,,
Oxyethira columba,Caddisfly,Insect,1,Sydney,1,False,,,,,
Oxyethira incana,Caddisfly,Insect,1,Darwin,3,False,,,,,
Oxyodes scrobiculata,,Insect,1,Brisbane,6,False,,,,,
Oxyodes tricolor,,Insect,2,Brisbane | Sydney,17,False,,,,,
Oxyops fasciatus,,Insect,6,Adelaide | Brisbane | Canberra–Queanbeyan | Melbourne | Perth | Sydney,35,False,,,,,
Oxyops fasciculatus,,Insect,2,Canberra–Queanbeyan | Sydney,9,False,,,,,
Oxyops nodicollis,,Insect,1,Brisbane,1,False,,,,,
Oxyops pictipennis,,Insect,1,Perth,8,False,,,,,
Oxyops reticulatus,,Insect,1,Sydney,1,False,,,,,
Oxysarcodexia varia,Striped Dung Fly,Insect,5,Adelaide | Brisbane | Canberra–Queanbeyan | Melbourne | Sydney,76,False,,,,,
Oxysemaphora notialis,,Insect,1,Melbourne,1,False,,,,,
Oxythecta acceptella,Concealer Moth,Insect,2,Canberra–Queanbeyan | Melbourne,10,False,,,,,
Oxythecta alternella,Concealer Moth,Insect,1,Canberra–Queanbeyan,1,False,,,,,
Oxythecta hieroglyphica,Concealer Moth,Insect,6,Adelaide | Brisbane | Canberra–Queanbeyan | Hobart | Melbourne | Sydney,26,False,,,,,
Oxythecta lygrosema,Concealer Moth,Insect,3,Canberra–Queanbeyan | Melbourne | Sydney,16,False,,,,,
Oxythecta nephelonota,,Insect,1,Hobart,1,False,,,,,
Oxyura australis,Blue-billed Duck,Bird,7,Adelaide | Brisbane | Canberra–Queanbeyan | Hobart | Melbourne | Perth | Sydney,16397,False,,,,,
Ozarba chrysaspis,,Insect,2,Canberra–Queanbeyan | Sydney,4,False,,,,,
Ozarba punctigera,,Insect,2,Brisbane | Melbourne,3,False,,,,,
Ozimops cobourgianus,North-western Free-tailed Bat,Mammal,1,Darwin,1,False,,,,,
Ozimops kitcheneri,South-western Free-tailed Bat,Mammal,1,Perth,2,False,,,,,
Ozimops lumsdenae,Northern Free-tailed Bat,Mammal,1,Darwin,1,False,,,,,
Ozimops petersi,Inland Free-tailed Bat,Mammal,2,Adelaide | Sydney,4,False,,,,,
Ozimops planiceps,South-eastern Free-tailed Bat,Mammal,3,Adelaide | Melbourne | Sydney,163,False,,,,,
Ozimops ridei,Ride's Free-tailed Bat,Mammal,3,Brisbane | Melbourne | Sydney,1504,False,,,,,
Ozotomerus bipunctatus,,Insect,1,Brisbane,1,False,,,,,
Ozphyllum naskreckii,,Insect,1,Brisbane,2,False,,,,,
Pachliopta polydorus,Red-bodied Swallowtail,Insect,1,Brisbane,1,False,,,,,
Pachybela tetraspora,,Insect,1,Perth,2,False,,,,,
Pachycephala lanioides,White-breasted Whistler,Bird,1,Darwin,65,False,,,,,
Pachycephala melanura,Mangrove Golden Whistler,Bird,1,Darwin,329,False,,,,,
Pachycephala olivacea,Olive Whistler,Bird,3,Hobart | Melbourne | Sydney,552,False,,,,,
Pachycephala pectoralis,Golden Whistler,Bird,7,Adelaide | Brisbane | Canberra–Queanbeyan | Hobart | Melbourne | Perth | Sydney,16758,False,,,,,
Pachycephala rufiventris,Rufous Whistler,Bird,7,Adelaide | Brisbane | Canberra–Queanbeyan | Darwin | Melbourne | Perth | Sydney,55384,False,,,,,
Pachycephala simplex,Grey Whistler,Bird,2,Brisbane | Darwin,2686,False,,,,,
Pachycisseis bicolor,,Insect,1,Perth,1,False,,,,,
Pachycolpura manca,,Insect,2,Melbourne | Sydney,12,False,,,,,
Pachydissus boops,,Insect,1,Adelaide,1,False,,,,,
Pachydissus intermedius,,Insect,3,Canberra–Queanbeyan | Melbourne | Sydney,16,False,,,,,
Pachydissus magnus,,Insect,1,Adelaide,1,False,,,,,
Pachydissus picipennis,,Insect,1,Adelaide,2,False,,,,,
Pachydissus sericus,,Insect,5,Adelaide | Brisbane | Canberra–Queanbeyan | Melbourne | Sydney,24,False,,,,,
Pachygrontha austrina,,Insect,2,Brisbane | Darwin,10,False,,,,,
Pachygrontha robusta,,Insect,2,Brisbane | Sydney,3,False,,,,,
Pachygrontha walkeri,,Insect,1,Brisbane,2,False,,,,,
Pachymorpha springbrookensis,Springbrook Pachymorpha Stick-insect,Insect,1,Brisbane,1,False,,,,,
Pachymorpha squalida,Rough Pachymorpha Stick-insect,Insect,1,Sydney,3,False,,,,,
Pachyplocia atmocyma,,Insect,1,Brisbane,5,False,,,,,
Pachyplocia loxocyma,,Insect,1,Sydney,1,False,,,,,
Pachyporopterus satyrus,,Insect,1,Hobart,4,False,,,,,
Pachyprosopis eucalypti,,Insect,1,Sydney,1,False,,,,,
Pachyprosopis haematostoma,Plasterer Bee,Insect,5,Adelaide | Brisbane | Canberra–Queanbeyan | Melbourne | Perth,20,False,,,,,
Pachyprosopis holoxanthopus,,Insect,1,Adelaide,5,False,,,,,
Pachyprosopis kellyi,Plasterer Bee,Insect,5,Adelaide | Canberra–Queanbeyan | Hobart | Melbourne | Sydney,16,False,,,,,
Pachyprosopis mirabilis,Plasterer Bee,Insect,1,Brisbane,1,False,,,,,
Pachyprosopis purnongensis,,Insect,1,Perth,5,False,,,,,
Pachyprosopis xanthodonta,Plasterer Bee,Insect,1,Perth,2,False,,,,,
Pachyptila belcheri,Slender-billed Prion,Bird,1,Adelaide,3,False,,,,,
Pachyptila desolata,Antarctic Prion,Bird,1,Sydney,1,False,,,,,
Pachyptila salvini,Salvin's Prion,Bird,1,Melbourne,3,False,,,,,
Pachyptila turtur,Fairy Prion,Bird,4,Adelaide | Hobart | Melbourne | Sydney,98,False,,,,,
Pachyptila vittata,Broad-billed Prion,Bird,1,Perth,1,False,,,,,
Pachysaga australis,,Insect,1,Perth,25,False,,,,,
Pachytricha castanea,,Insect,1,Perth,1,False,,,,,
Pachytricha tecta,,Insect,1,Perth,5,False,,,,,
Pachyura australis,,Insect,2,Hobart | Melbourne,2,False,,,,,
Paectes cyanodes,,Insect,1,Brisbane,6,False,,,,,
Paederus cruenticollis,,Insect,5,Adelaide | Brisbane | Canberra–Queanbeyan | Melbourne | Sydney,63,False,,,,,
Paederus meyricki,,Insect,1,Perth,2,False,,,,,
Palaeorhiza cassiaefloris,,Insect,1,Brisbane,1,False,,,,,
Palaeorhiza parallela,,Insect,2,Brisbane | Melbourne,21,False,,,,,
Palaeorhiza reginarum,,Insect,1,Brisbane,1,False,,,,,
Palaeorhiza turneriana,,Insect,1,Brisbane,17,False,,,,,
Palaeosia bicosta,Moth,Insect,5,Adelaide | Canberra–Queanbeyan | Hobart | Melbourne | Sydney,182,False,,,,,
Palaeotoma styphelana,,Insect,5,Adelaide | Canberra–Queanbeyan | Hobart | Melbourne | Perth,14,False,,,,,
Palaestra foveicollis,,Insect,1,Melbourne,4,False,,,,,
Palaestra rufipennis,,Insect,2,Brisbane | Sydney,4,False,,,,,
Palaestrida assimilis,,Insect,1,Perth,1,False,,,,,
Palapsalta circumdata,,Insect,2,Brisbane | Sydney,39,False,,,,,
Paliga damastesalis,,Insect,1,Darwin,1,False,,,,,
Palimmeces habrophanes,Concealer Moth,Insect,3,Adelaide | Canberra–Queanbeyan | Hobart,31,False,,,,,
Palimmeces hemiphanes,,Insect,2,Adelaide | Melbourne,3,False,,,,,
Palimmeces leucomitra,Concealer Moth,Insect,2,Canberra–Queanbeyan | Perth,5,False,,,,,
Palimmeces leucopelta,,Insect,1,Canberra–Queanbeyan,40,False,,,,,
Palimmeces poecilella,Concealer Moth,Insect,4,Adelaide | Canberra–Queanbeyan | Hobart | Melbourne,20,False,,,,,
Palimmeces pseudomorpha,Concealer Moth,Insect,1,Canberra–Queanbeyan,8,False,,,,,
Palimmeces variegata,Concealer Moth,Insect,3,Canberra–Queanbeyan | Melbourne | Sydney,22,False,,,,,
Palirika decora,,Insect,1,Canberra–Queanbeyan,2,False,,,,,
Palleopa innotata,Geometer Moth,Insect,2,Hobart | Melbourne,30,False,,,,,
Palpita austrannulata,,Insect,1,Darwin,2,False,,,,,
Palpita austrounionalis,,Insect,4,Adelaide | Brisbane | Melbourne | Perth,63,False,,,,,
Palpita margaritacea,,Insect,5,Adelaide | Brisbane | Melbourne | Perth | Sydney,41,False,,,,,
Palpita pajnii,,Insect,1,Brisbane,1,False,,,,,
Palpita pratti,,Insect,2,Brisbane | Sydney,51,False,,,,,
Palpita uedai,,Insect,1,Brisbane,3,False,,,,,
Pamborus guerinii,,Insect,1,Sydney,2,False,,,,,
Pamerapa thoracica,Seed Bug,Insect,3,Adelaide | Brisbane | Melbourne,15,False,,,,,
Panacela lewinae,Lewin's Bag-shelter Moth,Insect,2,Brisbane | Sydney,128,False,,,,,
Panacela nyctopa,,Insect,1,Brisbane,78,False,,,,,
Panaetius lobulatus,Shield Bug,Insect,4,Brisbane | Hobart | Melbourne | Sydney,32,False,,,,,
Pandesma submurina,Owlet Moth,Insect,2,Adelaide | Brisbane,3,False,,,,,
Pandion cristatus,Eastern Osprey,Bird,6,Adelaide | Brisbane | Darwin | Melbourne | Perth | Sydney,6127,False,,,,,
Pandion haliaetus,Osprey,Bird,6,Adelaide | Brisbane | Darwin | Melbourne | Perth | Sydney,15379,False,,,,,
Panesthia australis,Cockroach,Insect,4,Brisbane | Canberra–Queanbeyan | Melbourne | Sydney,349,False,,,,,
Panesthia cribrata,Cockroach,Insect,4,Brisbane | Canberra–Queanbeyan | Melbourne | Sydney,6,False,,,,,
Panops baudini,Fly,Insect,1,Sydney,8,False,,,,,
Panops conspicuus,Fly,Insect,1,Adelaide,1,False,,,,,
Pantala flavescens,Wandering Glider,Insect,5,Brisbane | Darwin | Melbourne | Perth | Sydney,87,False,,,,,
Pantherophis guttatus,Corn Snake,Reptile,1,Sydney,45,False,,,,,
Pantoreites trilinealbus,,Insect,1,Perth,1,False,,,,,
Pantydia canescens,Owlet Moth,Insect,5,Adelaide | Brisbane | Canberra–Queanbeyan | Melbourne | Perth,15,False,,,,,
Pantydia capistrata,,Insect,4,Brisbane | Canberra–Queanbeyan | Perth | Sydney,69,False,,,,,
Pantydia diemeni,Owlet Moth,Insect,7,Adelaide | Brisbane | Canberra–Queanbeyan | Hobart | Melbourne | Perth | Sydney,87,False,,,,,
Pantydia metaspila,,Insect,2,Brisbane | Canberra–Queanbeyan,19,False,,,,,
Pantydia sparsa,Owlet Moth,Insect,6,Adelaide | Brisbane | Canberra–Queanbeyan | Melbourne | Perth | Sydney,390,False,,,,,
Paonidia anthracias,,Insect,2,Melbourne | Sydney,5,False,,,,,
Papasula abbotti,Abbott's Booby,Bird,1,Darwin,1,True,Endangered,Papasula abbotti,Papasula abbotti,Abbott's Booby,2000-07-16
Papilio aegeus,Large Citrus Butterfly,Insect,6,Adelaide | Brisbane | Canberra–Queanbeyan | Melbourne | Perth | Sydney,3224,False,,,,,
Papilio anactus,Dainty Swallowtail,Insect,5,Adelaide | Brisbane | Canberra–Queanbeyan | Melbourne | Sydney,2554,False,,,,,
Papilio demoleus,Chequered Swallowtail,Insect,7,Adelaide | Brisbane | Canberra–Queanbeyan | Darwin | Melbourne | Perth | Sydney,364,False,,,,,
Papilio fuscus,Fuscous Swallowtail,Insect,2,Brisbane | Darwin,210,False,,,,,
Papyrius nitidus,Ant,Insect,6,Adelaide | Brisbane | Canberra–Queanbeyan | Melbourne | Perth | Sydney,131,False,,,,,
Paraactinoptera prolixa,,Insect,1,Perth,1,False,,,,,
Parablax ooliekirra,,Insect,1,Hobart,1,False,,,,,
Parablax padmuri,,Insect,1,Hobart,1,False,,,,,
Paracandovia peridromes,Sydney Stick-insect,Insect,4,Adelaide | Brisbane | Melbourne | Sydney,52,False,,,,,
Paracapritermes kraepelinii,,Insect,1,Perth,1,False,,,,,
Paracardiophorus elisus,,Insect,1,Hobart,1,False,,,,,
Paracardiophorus humilis,,Insect,1,Hobart,8,False,,,,,
Paracataclysta fuscalis,,Insect,1,Darwin,1,False,,,,,
Paraclius manglar,,Insect,1,Brisbane,1,False,,,,,
Paracoccus marginatus,Papaya Mealybug,Insect,1,Brisbane,4,False,,,,,
Paracolletes crassipes,Plasterer Bee,Insect,1,Canberra–Queanbeyan,4,False,,,,,
Paracrama latimargo,,Insect,1,Brisbane,2,False,,,,,
Paracrepidomenus filiformis,,Insect,1,Melbourne,4,False,,,,,
Paracrepidomenus linearis,,Insect,1,Melbourne,10,False,,,,,
Paradestolmia nigrolinea,,Insect,2,Brisbane | Sydney,5,False,,,,,
Paradictyotus fuscus,Shield Bug,Insect,3,Canberra–Queanbeyan | Melbourne | Sydney,39,False,,,,,
Paradromulia ambigua,,Insect,1,Brisbane,2,False,,,,,
Paradrymus exilirostris,Seed Bug,Insect,3,Canberra–Queanbeyan | Hobart | Melbourne,13,False,,,,,
Paraepermenia santaliella,,Insect,1,Melbourne,2,False,,,,,
Paragia tricolor,,Insect,1,Perth,5,False,,,,,
Paragryllacris combusta,,Insect,2,Brisbane | Sydney,14,False,,,,,
Paragus politus,,Insect,1,Brisbane,3,False,,,,,
Parahyborrhynchus crassiusculus,,Insect,1,Perth,1,False,,,,,
Paralaea beggaria,Peppermint Looper,Insect,2,Hobart | Melbourne,84,False,,,,,
Paralaea jarrah,,Insect,1,Perth,10,False,,,,,
Paralaea ochrosoma,Geometer Moth,Insect,2,Adelaide | Canberra–Queanbeyan,20,False,,,,,
Paralaea porphyrinaria,Geometer Moth,Insect,6,Brisbane | Canberra–Queanbeyan | Hobart | Melbourne | Perth | Sydney,91,False,,,,,
Paralaea sarcodes,Geometer Moth,Insect,1,Melbourne,2,False,,,,,
Paralaea taggorum,,Insect,2,Hobart | Melbourne,4,False,,,,,
Paralaea toowoomba,,Insect,1,Melbourne,1,False,,,,,
Paralasonia australis,,Insect,1,Brisbane,3,False,,,,,
Paralastor emarginatus,,Insect,1,Hobart,1,False,,,,,
Paralastor laetus,,Insect,3,Melbourne | Perth | Sydney,6,False,,,,,
Paralastor parca,Wasp,Insect,3,Adelaide | Melbourne | Sydney,8,False,,,,,
Paralastor vulpinus,Wasp,Insect,1,Adelaide,1,False,,,,,
Paralucia aurifera,Bright Copper,Insect,4,Canberra–Queanbeyan | Hobart | Melbourne | Sydney,66,False,,,,,
Paralucia pyrodiscus,Eltham Copper Butterfly,Insect,3,Canberra–Queanbeyan | Melbourne | Sydney,403,False,,,,,
Paramixogaster gayi,,Insect,1,Melbourne,1,False,,,,,
Paramixogaster variegatus,Hover Fly,Insect,2,Hobart | Perth,2,False,,,,,
Paramsacta marginata,,Insect,1,Canberra–Queanbeyan,20,False,,,,,
Paramyocara iridescens,,Insect,4,Adelaide | Brisbane | Melbourne | Sydney,10,False,,,,,
Paraoxypilus armatus,,Insect,1,Darwin,4,False,,,,,
Paraoxypilus tasmaniensis,,Insect,6,Adelaide | Brisbane | Canberra–Queanbeyan | Melbourne | Perth | Sydney,188,False,,,,,
Paraoxypilus verreauxii,,Insect,1,Brisbane,37,False,,,,,
Parapalaeosepsis laffooni,,Insect,1,Brisbane,1,False,,,,,
Parapalaeosepsis plebeia,Black Scavenger Fly,Insect,7,Adelaide | Brisbane | Canberra–Queanbeyan | Hobart | Melbourne | Perth | Sydney,306,False,,,,,
Paraparatrechina minutula,Ant,Insect,2,Brisbane | Melbourne,9,False,,,,,
Paraphisis tryonensis,,Insect,2,Brisbane | Sydney,6,False,,,,,
Paraphyas callixena,,Insect,1,Melbourne,5,False,,,,,
Paraphylax anax,,Insect,3,Brisbane | Melbourne | Sydney,10,False,,,,,
Paraphylax corvax,,Insect,1,Melbourne,5,False,,,,,
Paraphylax mirax,,Insect,6,Adelaide | Brisbane | Canberra–Queanbeyan | Hobart | Melbourne | Sydney,28,False,,,,,
Parapoynx crisonalis,,Insect,1,Brisbane,116,False,,,,,
Parapoynx dentizonalis,,Insect,1,Darwin,5,False,,,,,
Parapoynx diminutalis,,Insect,3,Brisbane | Darwin | Sydney,54,False,,,,,
Parapoynx epimochla,,Insect,2,Melbourne | Sydney,2,False,,,,,
Parapoynx polydectalis,Grass Moth,Insect,4,Brisbane | Canberra–Queanbeyan | Darwin | Melbourne,26,False,,,,,
Parapoynx stagnalis,,Insect,2,Brisbane | Darwin,9,False,,,,,
Parapoynx tenebralis,,Insect,1,Brisbane,1,False,,,,,
Parapoynx villidalis,,Insect,1,Brisbane,3,False,,,,,
Parapsilocephala elegans,,Insect,1,Melbourne,3,False,,,,,
Parapylus bicinctus,,Insect,2,Hobart | Melbourne,6,False,,,,,
Pararatus ricardoae,,Insect,1,Adelaide,1,False,,,,,
Pararguda albida,,Insect,1,Sydney,1,False,,,,,
Pararguda crenulata,,Insect,2,Brisbane | Sydney,32,False,,,,,
Pararguda diamphidia,,Insect,1,Brisbane,1,False,,,,,
Pararguda nasuta,Lappet Moth,Insect,7,Adelaide | Brisbane | Canberra–Queanbeyan | Hobart | Melbourne | Perth | Sydney,173,False,,,,,
Pararguda rufescens,Lappet Moth,Insect,5,Adelaide | Canberra–Queanbeyan | Melbourne | Perth | Sydney,37,False,,,,,
Parasadoletus exsertus,,Insect,1,Brisbane,1,False,,,,,
Parasaissetia nigra,Lapa-preta,Insect,6,Adelaide | Brisbane | Hobart | Melbourne | Perth | Sydney,133,False,,,,,
Parasemus doctus,,Insect,1,Hobart,1,False,,,,,
Parasemus melas,,Insect,1,Hobart,3,False,,,,,
Parasoidea paroa,,Insect,1,Darwin,4,False,,,,,
Paraspania brunneri,,Insect,1,Brisbane,1,False,,,,,
Paraspania discors,,Insect,2,Canberra–Queanbeyan | Melbourne,5,False,,,,,
Paraspania pygmaea,,Insect,1,Sydney,2,False,,,,,
Paraspania torpeo,,Insect,1,Melbourne,3,False,,,,,
Paraspathulina apicomacula,Primitive Crane Fly,Insect,3,Adelaide | Canberra–Queanbeyan | Sydney,5,False,,,,,
Paraspathulina eremostigma,Primitive Crane Fly,Insect,1,Adelaide,2,False,,,,,
Parastethorus histrio,,Insect,1,Hobart,2,False,,,,,
Parasynthemis regina,Royal Tigertail,Insect,4,Brisbane | Canberra–Queanbeyan | Melbourne | Sydney,17,False,,,,,
Paratemnopteryx couloniana,Cockroach,Insect,2,Canberra–Queanbeyan | Sydney,8,False,,,,,
Paratettix argillaceus,,Insect,3,Canberra–Queanbeyan | Hobart | Melbourne,6,False,,,,,
Paratettix australis,,Insect,2,Canberra–Queanbeyan | Perth,9,False,,,,,
Paratettix spathulatus,,Insect,1,Sydney,3,False,,,,,
Parathyginus acuminatus,,Insect,2,Brisbane | Perth,3,False,,,,,
Parathyginus australis,,Insect,2,Brisbane | Sydney,5,False,,,,,
Parathyginus signifer,,Insect,1,Brisbane,1,False,,,,,
Paratillus carus,,Insect,4,Brisbane | Canberra–Queanbeyan | Melbourne | Sydney,8,False,,,,,
Paratranes zimmermani,,Insect,1,Perth,10,False,,,,,
Paratrechina longicornis,Black Crazy Ant,Insect,3,Brisbane | Darwin | Perth,143,False,,,,,
Pardalotus punctatus,Spotted Pardalote,Bird,7,Adelaide | Brisbane | Canberra–Queanbeyan | Hobart | Melbourne | Perth | Sydney,111015,False,,,,,
Pardalotus quadragintus,Forty-spotted Pardalote,Bird,1,Hobart,2,True,Endangered,Pardalotus quadragintus,Pardalotus quadragintus,Forty-spotted Pardalote,2000-07-16
Pardalotus rubricatus,Inland Red-browed Pardalote,Bird,2,Darwin | Sydney,8,False,,,,,
Pardalotus striatus,Striated Pardalote,Bird,8,Adelaide | Brisbane | Canberra–Queanbeyan | Darwin | Hobart | Melbourne | Perth | Sydney,105690,False,,,,,
Pardillana limbata,,Insect,4,Brisbane | Canberra–Queanbeyan | Perth | Sydney,32,False,,,,,
Paregle audacula,Fly,Insect,1,Melbourne,1,False,,,,,
Parelictis saleuta,Moth,Insect,1,Sydney,3,False,,,,,
Parena fasciata,,Insect,1,Brisbane,1,False,,,,,
Parentia dispar,Long-legged Fly,Insect,7,Adelaide | Brisbane | Canberra–Queanbeyan | Hobart | Melbourne | Perth | Sydney,185,False,,,,,
Parentia nigropilosa,Long-legged Fly,Insect,1,Melbourne,1,False,,,,,
Parentia vulgaris,,Insect,6,Adelaide | Brisbane | Canberra–Queanbeyan | Melbourne | Perth | Sydney,73,False,,,,,
Parepisparis brevidactyla,,Insect,1,Sydney,3,False,,,,,
Parepisparis excusata,Geometer Moth,Insect,2,Brisbane | Sydney,22,False,,,,,
Parepisparis lutosaria,Geometer Moth,Insect,3,Canberra–Queanbeyan | Melbourne | Sydney,25,False,,,,,
Parepisparis multicolora,,Insect,2,Brisbane | Sydney,25,False,,,,,
Parepisparis rutila,,Insect,1,Sydney,1,False,,,,,
Parepisparis virgatus,Geometer Moth,Insect,1,Sydney,5,False,,,,,
Parergophela melirrhoa,Concealer Moth,Insect,1,Canberra–Queanbeyan,5,False,,,,,
Parilyrgis concolor,,Insect,1,Brisbane,44,False,,,,,
Parisopsalis spryi,,Insect,1,Melbourne,20,False,,,,,
Parnara amalia,Orange Swift,Insect,2,Brisbane | Darwin,151,False,,,,,
Parnara bada,Grey Swift,Insect,1,Brisbane,22,False,,,,,
Parocirrhoe woodwardi,,Insect,2,Hobart | Melbourne,3,False,,,,,
Parocystola leucospora,,Insect,1,Brisbane,14,False,,,,,
Paromius gracilis,,Insect,1,Brisbane,2,False,,,,,
Paromphale caeca,,Insect,2,Canberra–Queanbeyan | Darwin,3,False,,,,,
Paronchestus cornutus,Horned Stick-insect,Insect,1,Adelaide,1,False,,,,,
Paropsides calliope,,Insect,1,Hobart,1,False,,,,,
Paropsides calypso,,Insect,5,Adelaide | Brisbane | Melbourne | Perth | Sydney,508,False,,,,,
Paropsis aegrota,Elliott's Eucalyptus Tortoise Beetle,Insect,3,Brisbane | Canberra–Queanbeyan | Melbourne,22,False,,,,,
Paropsis affinis,,Insect,1,Brisbane,2,False,,,,,
Paropsis aspera,,Insect,3,Brisbane | Canberra–Queanbeyan | Sydney,27,False,,,,,
Paropsis atomaria,Tortoise Leaf Beetle,Insect,4,Brisbane | Canberra–Queanbeyan | Melbourne | Sydney,618,False,,,,,
Paropsis bella,,Insect,1,Melbourne,2,False,,,,,
Paropsis charybdis,,Insect,4,Brisbane | Canberra–Queanbeyan | Melbourne | Sydney,30,False,,,,,
Paropsis confusa,,Insect,1,Perth,1,False,,,,,
Paropsis delittlei,Delittle's Eucalyptus Tortoise Beetle,Insect,1,Hobart,5,False,,,,,
Paropsis deserti,,Insect,2,Melbourne | Perth,3,False,,,,,
Paropsis dilatata,,Insect,1,Melbourne,4,False,,,,,
Paropsis elytrura,,Insect,1,Perth,2,False,,,,,
Paropsis geographica,,Insect,4,Brisbane | Canberra–Queanbeyan | Melbourne | Perth,8,False,,,,,
Paropsis intermedia,,Insect,3,Canberra–Queanbeyan | Melbourne | Sydney,9,False,,,,,
Paropsis latona,,Insect,1,Perth,3,False,,,,,
Paropsis lownei,,Insect,1,Perth,1,False,,,,,
Paropsis lutea,,Insect,3,Brisbane | Melbourne | Sydney,32,False,,,,,
Paropsis maculata,,Insect,2,Brisbane | Sydney,214,False,,,,,
Paropsis marmorea,,Insect,1,Melbourne,2,False,,,,,
Paropsis minor,,Insect,1,Brisbane,4,False,,,,,
Paropsis obsoleta,,Insect,3,Brisbane | Canberra–Queanbeyan | Sydney,6,False,,,,,
Paropsis omphale,,Insect,2,Brisbane | Sydney,12,False,,,,,
Paropsis ornata,,Insect,2,Brisbane | Sydney,55,False,,,,,
Paropsis parryi,,Insect,1,Sydney,1,False,,,,,
Paropsis pictipennis,,Insect,4,Brisbane | Canberra–Queanbeyan | Melbourne | Sydney,134,False,,,,,
Paropsis quadrimaculata,,Insect,2,Brisbane | Sydney,13,False,,,,,
Paropsis sospita,,Insect,1,Brisbane,14,False,,,,,
Paropsis tasmanica,,Insect,1,Hobart,3,False,,,,,
Paropsis thyone,,Insect,1,Darwin,2,False,,,,,
Paropsis variolosa,,Insect,4,Brisbane | Canberra–Queanbeyan | Melbourne | Sydney,86,False,,,,,
Paropsis wilsoni,,Insect,2,Canberra–Queanbeyan | Darwin,2,False,,,,,
Paropsisterna aequalis,,Insect,1,Brisbane,1,False,,,,,
Paropsisterna agricola,,Insect,3,Canberra–Queanbeyan | Hobart | Melbourne,17,False,,,,,
Paropsisterna amoena,,Insect,1,Perth,5,False,,,,,
Paropsisterna angustipes,,Insect,1,Canberra–Queanbeyan,1,False,,,,,
Paropsisterna annularis,,Insect,2,Canberra–Queanbeyan | Melbourne,16,False,,,,,
Paropsisterna anomala,,Insect,2,Brisbane | Sydney,8,False,,,,,
Paropsisterna atalanta,,Insect,1,Canberra–Queanbeyan,1,False,,,,,
Paropsisterna basalis,,Insect,2,Brisbane | Perth,3,False,,,,,
Paropsisterna beata,,Insect,4,Brisbane | Canberra–Queanbeyan | Melbourne | Sydney,204,False,,,,,
Paropsisterna bimaculata,Tasmanian Eucalyptus Leaf Beetle,Insect,1,Hobart,10,False,,,,,
Paropsisterna cernua,,Insect,1,Brisbane,1,False,,,,,
Paropsisterna chlorotica,,Insect,1,Brisbane,1,False,,,,,
Paropsisterna cloelia,,Insect,7,Adelaide | Brisbane | Canberra–Queanbeyan | Hobart | Melbourne | Perth | Sydney,1535,False,,,,,
Paropsisterna crocata,,Insect,5,Adelaide | Canberra–Queanbeyan | Melbourne | Perth | Sydney,157,False,,,,,
Paropsisterna debilis,,Insect,1,Perth,4,False,,,,,
Paropsisterna decolorata,,Insect,4,Canberra–Queanbeyan | Hobart | Melbourne | Perth,70,False,,,,,
Paropsisterna erudita,,Insect,3,Canberra–Queanbeyan | Melbourne | Sydney,14,False,,,,,
Paropsisterna fastidiosa,,Insect,6,Brisbane | Canberra–Queanbeyan | Hobart | Melbourne | Perth | Sydney,128,False,,,,,
Paropsisterna galatea,,Insect,1,Perth,2,False,,,,,
Paropsisterna giachinoi,,Insect,1,Brisbane,1,False,,,,,
Paropsisterna gloriosa,,Insect,4,Brisbane | Canberra–Queanbeyan | Melbourne | Sydney,12,False,,,,,
Paropsisterna hectica,,Insect,2,Canberra–Queanbeyan | Hobart,8,False,,,,,
Paropsisterna intacta,,Insect,4,Adelaide | Canberra–Queanbeyan | Hobart | Melbourne,65,False,,,,,
Paropsisterna irina,,Insect,3,Canberra–Queanbeyan | Melbourne | Sydney,7,False,,,,,
Paropsisterna laesa,,Insect,3,Canberra–Queanbeyan | Melbourne | Sydney,45,False,,,,,
Paropsisterna lignea,,Insect,1,Hobart,1,False,,,,,
Paropsisterna lineata,,Insect,2,Hobart | Melbourne,26,False,,,,,
Paropsisterna liturata,,Insect,2,Canberra–Queanbeyan | Sydney,13,False,,,,,
Paropsisterna m-fuscum,,Insect,2,Canberra–Queanbeyan | Melbourne,198,False,,,,,
Paropsisterna morio,,Insect,3,Canberra–Queanbeyan | Melbourne | Sydney,19,False,,,,,
Paropsisterna nigerrima,,Insect,6,Adelaide | Brisbane | Canberra–Queanbeyan | Melbourne | Perth | Sydney,207,False,,,,,
Paropsisterna nigrovittata,,Insect,1,Brisbane,7,False,,,,,
Paropsisterna nobilitata,Noble Eucalyptus Leaf Beetle,Insect,5,Brisbane | Canberra–Queanbeyan | Darwin | Hobart | Melbourne,30,False,,,,,
Paropsisterna obliterata,Obliterate Melaleuca Leaf Beetle,Insect,1,Melbourne,1,False,,,,,
Paropsisterna octolineata,,Insect,3,Brisbane | Melbourne | Sydney,22,False,,,,,
Paropsisterna octomaculata,,Insect,1,Brisbane,14,False,,,,,
Paropsisterna octosignata,,Insect,2,Canberra–Queanbeyan | Melbourne,127,False,,,,,
Paropsisterna philomela,,Insect,1,Hobart,1,False,,,,,
Paropsisterna pictipes,,Insect,1,Canberra–Queanbeyan,1,False,,,,,
Paropsisterna rufipes,,Insect,2,Canberra–Queanbeyan | Hobart,2,False,,,,,
Paropsisterna rufobrunnea,,Insect,2,Canberra–Queanbeyan | Melbourne,18,False,,,,,
Paropsisterna semifumata,,Insect,3,Brisbane | Canberra–Queanbeyan | Sydney,83,False,,,,,
Paropsisterna semivittata,,Insect,3,Brisbane | Melbourne | Sydney,16,False,,,,,
Paropsisterna sexpustulata,,Insect,3,Brisbane | Canberra–Queanbeyan | Sydney,269,False,,,,,
Paropsisterna simsoni,,Insect,2,Canberra–Queanbeyan | Melbourne,6,False,,,,,
Paropsisterna subcostata,,Insect,1,Hobart,1,False,,,,,
Paropsisterna tigrina,,Insect,2,Brisbane | Sydney,14,False,,,,,
Paropsisterna trimaculata,Eucalyptus Leaf Beetle,Insect,1,Canberra–Queanbeyan,3,False,,,,,
Paropsisterna variicollis,,Insect,1,Melbourne,5,False,,,,,
Parorthorhinus aethiops,,Insect,3,Canberra–Queanbeyan | Melbourne | Sydney,6,False,,,,,
Parosteodes fictiliaria,Geometer Moth,Insect,7,Adelaide | Brisbane | Canberra–Queanbeyan | Hobart | Melbourne | Perth | Sydney,193,False,,,,,
Parotis incurvata,,Insect,1,Brisbane,1,False,,,,,
Parotis marginata,,Insect,3,Brisbane | Darwin | Sydney,56,False,,,,,
Parotis marinata,,Insect,2,Brisbane | Sydney,2,False,,,,,
Parotis punctiferalis,,Insect,1,Brisbane,7,False,,,,,
Parvipsitta porphyrocephala,Purple-crowned Lorikeet,Bird,3,Adelaide | Melbourne | Perth,341,False,,,,,
Parvipsitta pusilla,Little Lorikeet,Bird,5,Adelaide | Brisbane | Canberra–Queanbeyan | Melbourne | Sydney,771,False,,,,,
Parvotettix domesticus,,Insect,1,Hobart,47,False,,,,,
Pascoepus illawarrus,Leafhopper,Insect,1,Melbourne,1,False,,,,,
Pascoepus nymphias,,Insect,2,Canberra–Queanbeyan | Melbourne,2,False,,,,,
Pasiphilodes testulata,Geometer Moth,Insect,7,Adelaide | Brisbane | Canberra–Queanbeyan | Hobart | Melbourne | Perth | Sydney,969,False,,,,,
Pasma tasmanica,Tasmanica Skipper,Insect,2,Hobart | Sydney,4,False,,,,,
Passandra marginata,,Insect,1,Sydney,1,False,,,,,
Passer domesticus,House Sparrow,Bird,8,Adelaide | Brisbane | Canberra–Queanbeyan | Darwin | Hobart | Melbourne | Perth | Sydney,73037,False,,,,,
Passer montanus,Eurasian Tree Sparrow,Bird,4,Brisbane | Darwin | Melbourne | Sydney,1916,False,,,,,
Pataeta carbo,Owlet Moth,Insect,6,Adelaide | Brisbane | Canberra–Queanbeyan | Darwin | Melbourne | Sydney,195,False,,,,,
Patagoniodes farinaria,,Insect,4,Brisbane | Canberra–Queanbeyan | Melbourne | Sydney,61,False,,,,,
Patellapis stirlingi,,Insect,1,Darwin,1,False,,,,,
Patissa pentamita,,Insect,1,Darwin,1,False,,,,,
Patissa stenopteralis,,Insect,1,Darwin,2,False,,,,,
Paurocoma molybdina,Geometer Moth,Insect,1,Adelaide,1,False,,,,,
Pauropsalta castanea,,Insect,1,Adelaide,13,False,,,,,
Pauropsalta contigua,,Insect,1,Adelaide,5,False,,,,,
Pauropsalta extensa,,Insect,1,Adelaide,6,False,,,,,
Pauropsalta melanopygia,,Insect,1,Darwin,17,False,,,,,
Pauropsalta mneme,Ticker,Insect,4,Adelaide | Canberra–Queanbeyan | Melbourne | Sydney,68,False,,,,,
Pavo cristatus,Indian Peafowl,Bird,8,Adelaide | Brisbane | Canberra–Queanbeyan | Darwin | Hobart | Melbourne | Perth | Sydney,958,False,,,,,
Peakesia hospita,,Insect,1,Canberra–Queanbeyan,12,False,,,,,
Pectinariophyes stalii,Tube Spittlebug,Insect,3,Brisbane | Canberra–Queanbeyan | Melbourne,13,False,,,,,
Pectinivalva acmenae,,Insect,1,Sydney,3,False,,,,,
Pediculus humanus,Human Head Louse,Insect,5,Adelaide | Brisbane | Hobart | Melbourne | Sydney,17,False,,,,,
Pedois cosmopoda,Moth,Insect,2,Brisbane | Sydney,2,False,,,,,
Pedois epinephela,,Insect,1,Canberra–Queanbeyan,1,False,,,,,
Pedois humerana,Moth,Insect,2,Hobart | Melbourne,4,False,,,,,
Pedois lewinella,Moth,Insect,3,Canberra–Queanbeyan | Hobart | Melbourne,9,False,,,,,
Pegala laevis,,Insect,1,Brisbane,1,False,,,,,
Pelagodes veraria,,Insect,1,Brisbane,3,False,,,,,
Pelagodroma marina,White-faced Storm-petrel,Bird,4,Adelaide | Melbourne | Perth | Sydney,103,False,,,,,
Pelecanoides urinatrix,Common Diving-petrel,Bird,1,Sydney,5,False,,,,,
Pelecanus conspicillatus,Australian Pelican,Bird,8,Adelaide | Brisbane | Canberra–Queanbeyan | Darwin | Hobart | Melbourne | Perth | Sydney,104696,False,,,,,
Pelecorhynchus flavipennis,Snipe Fly,Insect,1,Sydney,1,False,,,,,
Pelecorhynchus fulvus,Snipe Fly,Insect,1,Canberra–Queanbeyan,17,False,,,,,
Peliocis subcylindricus,,Insect,1,Perth,1,False,,,,,
Pelopidas agna,Dingy Swift,Insect,1,Brisbane,67,False,,,,,
Pelopidas lyelli,Lyell's Swift,Insect,2,Brisbane | Darwin,109,False,,,,,
Pelororhinus angustatus,,Insect,1,Melbourne,1,False,,,,,
Pelororhinus argentosus,,Insect,2,Hobart | Melbourne,4,False,,,,,
Pelororhinus carinirostris,,Insect,1,Melbourne,1,False,,,,,
Pelororhinus caudatus,,Insect,1,Sydney,1,False,,,,,
Pelororhinus crassus,Horse-nosed Weevil,Insect,1,Perth,3,False,,,,,
Pelororhinus margaritaceus,,Insect,2,Hobart | Melbourne,5,False,,,,,
Pelororhinus transversus,,Insect,3,Canberra–Queanbeyan | Hobart | Melbourne,12,False,,,,,
Peltohyas australis,Inland Dotterel,Bird,3,Canberra–Queanbeyan | Perth | Sydney,5,False,,,,,
Peltoschema delicatula,,Insect,5,Adelaide | Brisbane | Canberra–Queanbeyan | Melbourne | Sydney,163,False,,,,,
Peltoschema dryope,,Insect,1,Melbourne,9,False,,,,,
Peltoschema festiva,,Insect,3,Canberra–Queanbeyan | Melbourne | Sydney,3,False,,,,,
Peltoschema haematosticta,,Insect,1,Brisbane,7,False,,,,,
Peltoschema hamadryas,,Insect,6,Adelaide | Canberra–Queanbeyan | Hobart | Melbourne | Perth | Sydney,239,False,,,,,
Peltoschema jucunda,,Insect,1,Perth,1,False,,,,,
Peltoschema maculiventris,,Insect,1,Canberra–Queanbeyan,1,False,,,,,
Peltoschema mansueta,,Insect,3,Brisbane | Canberra–Queanbeyan | Melbourne,42,False,,,,,
Peltoschema medioflava,,Insect,1,Canberra–Queanbeyan,2,False,,,,,
Peltoschema nigroconspersa,,Insect,2,Melbourne | Perth,10,False,,,,,
Peltoschema oceanica,,Insect,3,Canberra–Queanbeyan | Melbourne | Sydney,93,False,,,,,
Peltoschema orphana,,Insect,3,Brisbane | Hobart | Melbourne,167,False,,,,,
Peltoschema perplexa,,Insect,2,Adelaide | Melbourne,69,False,,,,,
Peltoschema rubiginosa,,Insect,2,Adelaide | Melbourne,20,False,,,,,
Peltoschema scaphula,,Insect,1,Sydney,5,False,,,,,
Peltoschema subapicalis,,Insect,1,Perth,1,False,,,,,
Peltoschema substriata,,Insect,1,Perth,3,False,,,,,
Peltoschema suturalis,,Insect,1,Melbourne,2,False,,,,,
Peltoschema tetraspilota,,Insect,3,Brisbane | Canberra–Queanbeyan | Melbourne,17,False,,,,,
Peltoschema trilineata,,Insect,1,Brisbane,1,False,,,,,
Pemanoa tasmanica,,Insect,1,Hobart,3,False,,,,,
Pemphigonotus mirabilis,,Insect,2,Brisbane | Darwin,4,False,,,,,
Pempsamacra dispersa,,Insect,2,Adelaide | Melbourne,30,False,,,,,
Pempsamacra pygmaea,,Insect,2,Melbourne | Sydney,2,False,,,,,
Pempsamacra tillides,,Insect,3,Brisbane | Melbourne | Sydney,21,False,,,,,
Peneothello pulverulenta,Mangrove Robin,Bird,1,Darwin,1207,False,,,,,
Penicillaria jocosatrix,,Insect,2,Brisbane | Sydney,5,False,,,,,
Pentacladus eucalypti,,Insect,1,Canberra–Queanbeyan,2,False,,,,,
Pentacosmia cacioides,,Insect,1,Canberra–Queanbeyan,1,False,,,,,
Pentacosmia scoparia,,Insect,4,Brisbane | Canberra–Queanbeyan | Hobart | Melbourne,10,False,,,,,
Pentagonica vittipennis,,Insect,1,Melbourne,1,False,,,,,
Pentamimus australis,,Insect,1,Hobart,2,False,,,,,
Peradenia clavipes,Wasp,Insect,1,Adelaide,1,False,,,,,
Peraglyphis atimana,,Insect,1,Brisbane,1,False,,,,,
Peraglyphis chalepa,,Insect,1,Canberra–Queanbeyan,1,False,,,,,
Peraglyphis scepasta,,Insect,1,Perth,11,False,,,,,
Perala viridis,,Insect,2,Canberra–Queanbeyan | Melbourne,7,False,,,,,
Perameles gunnii,Eastern Barred Bandicoot,Mammal,1,Hobart,247,False,,,,,
Perameles nasuta,Long-nosed Bandicoot,Mammal,3,Brisbane | Melbourne | Sydney,9564,False,,,,,
Percassa rugifrons,Mountain Grasshopper,Insect,1,Melbourne,43,False,,,,,
Percosoma carenoides,,Insect,1,Hobart,1,False,,,,,
Perga affinis,Spitfire Sawfly,Insect,3,Canberra–Queanbeyan | Melbourne | Perth,9,False,,,,,
Perga brullei,Sawfly,Insect,1,Perth,3,False,,,,,
Perga christii,Sawfly,Insect,1,Perth,8,False,,,,,
Perga dahlbomii,,Insect,1,Sydney,2,False,,,,,
Perga dorsalis,Sawfly,Insect,1,Canberra–Queanbeyan,1,False,,,,,
Perga kirbii,Sawfly,Insect,1,Melbourne,1,False,,,,,
Perga schiodtei,,Insect,1,Perth,15,False,,,,,
Perga vollenhovii,,Insect,1,Brisbane,2,False,,,,,
Pergagrapta bella,Sawfly,Insect,4,Adelaide | Canberra–Queanbeyan | Hobart | Melbourne,11,False,,,,,
Pergagrapta bicolor,,Insect,4,Brisbane | Canberra–Queanbeyan | Melbourne | Sydney,13,False,,,,,
Pergagrapta castanea,Sawfly,Insect,1,Sydney,1,False,,,,,
Pergagrapta glabra,Sawfly,Insect,2,Brisbane | Perth,4,False,,,,,
Pergagrapta gravenhorstii,Sawfly,Insect,3,Brisbane | Canberra–Queanbeyan | Melbourne,17,False,,,,,
Pergagrapta latreillii,Sawfly,Insect,3,Brisbane | Canberra–Queanbeyan | Melbourne,48,False,,,,,
Pergagrapta polita,Sawfly,Insect,5,Adelaide | Brisbane | Canberra–Queanbeyan | Melbourne | Sydney,39,False,,,,,
Pergagrapta spinolae,Sawfly,Insect,1,Canberra–Queanbeyan,4,False,,,,,
Pergaphaga xanthops,,Insect,1,Canberra–Queanbeyan,2,False,,,,,
Periallactis monostropha,Concealer Moth,Insect,3,Canberra–Queanbeyan | Melbourne | Sydney,6,False,,,,,
Periclystus circuiter,,Insect,4,Brisbane | Melbourne | Perth | Sydney,26,False,,,,,
Periclystus laceratus,,Insect,1,Perth,1,False,,,,,
Pericyma cruegeri,,Insect,4,Brisbane | Darwin | Perth | Sydney,250,False,,,,,
Perigona nigriceps,,Insect,2,Brisbane | Darwin,3,False,,,,,
Perilampella acaciaediscoloris,,Insect,1,Sydney,2,False,,,,,
Perilampella hecataeus,,Insect,2,Melbourne | Sydney,18,False,,,,,
Perilampus brisbanensis,,Insect,1,Melbourne,1,False,,,,,
Perilampus mirabeaui,,Insect,1,Brisbane,1,False,,,,,
Periopta diversa,,Insect,1,Darwin,5,False,,,,,
Periphyllus californiensis,California Maple Aphid,Insect,1,Hobart,2,False,,,,,
Periphyllus testudinaceus,,Insect,1,Melbourne,2,False,,,,,
Periplaneta americana,American Cockroach,Insect,7,Adelaide | Brisbane | Darwin | Hobart | Melbourne | Perth | Sydney,490,False,,,,,
Periplaneta australasiae,Australian Cockroach,Insect,3,Adelaide | Brisbane | Sydney,34,False,,,,,
Periplaneta fuliginosa,Smokybrown Cockroach,Insect,3,Brisbane | Canberra–Queanbeyan | Perth,5,False,,,,,
Peripsocus milleri,,Insect,3,Brisbane | Melbourne | Sydney,3,False,,,,,
Periscepta polysticta,Owlet Moth,Insect,1,Canberra–Queanbeyan,3,False,,,,,
Perissomma dobrotworskyi,Fly,Insect,1,Melbourne,1,False,,,,,
Peritornenta circulatella,,Insect,2,Brisbane | Sydney,6,False,,,,,
Peritropha oligodrachma,Moth,Insect,6,Adelaide | Brisbane | Canberra–Queanbeyan | Melbourne | Perth | Sydney,55,False,,,,,
Perixera longidiscata,,Insect,2,Brisbane | Sydney,59,False,,,,,
Perixera porphyropis,,Insect,2,Brisbane | Sydney,8,False,,,,,
Perixera punctata,,Insect,1,Brisbane,1,False,,,,,
Perkinsiella saccharicida,The Australian Sugarcane Planthopper,Insect,1,Brisbane,4,False,,,,,
Perloccia evittata,,Insect,1,Adelaide,1,False,,,,,
Pernattia brevipennis,,Insect,1,Brisbane,4,False,,,,,
Pernattia pusilla,Oak Moth,Insect,7,Adelaide | Brisbane | Canberra–Queanbeyan | Hobart | Melbourne | Perth | Sydney,316,False,,,,,
Perperus innocuus,Broad-backed Vine Weevil,Insect,1,Sydney,1,False,,,,,
Perperus lateralis,Whitestriped Weevil,Insect,2,Melbourne | Sydney,2,False,,,,,
Persectania dyscrita,Inland Armyworm,Insect,3,Adelaide | Melbourne | Perth,58,False,,,,,
Persectania ewingii,Southern Armyworm,Insect,6,Adelaide | Canberra–Queanbeyan | Hobart | Melbourne | Perth | Sydney,863,False,,,,,
Persicoptera aglaopa,,Insect,1,Melbourne,2,False,,,,,
Persicoptera compsopa,,Insect,2,Brisbane | Canberra–Queanbeyan,4,False,,,,,
Persicoptera iochyta,,Insect,1,Darwin,1,False,,,,,
Perthida glyphopa,Jarrah Leaf Miner,Insect,1,Perth,3,False,,,,,
Perunga ochracea,The Perunga,Insect,1,Canberra–Queanbeyan,52,False,,,,,
Petalanthes hexastera,Concealer Moth,Insect,2,Melbourne | Sydney,20,False,,,,,
Petalanthes sphaerophora,Concealer Moth,Insect,2,Brisbane | Melbourne,6,False,,,,,
Petalaspis tescorum,Shield Bug,Insect,2,Brisbane | Perth,5,False,,,,,
Petalura gigantea,South-eastern Petaltail,Insect,1,Sydney,7,False,,,,,
Petalura litorea,Coastal Petaltail,Insect,1,Brisbane,43,False,,,,,
Petauroides volans,Southern Greater Glider,Mammal,3,Brisbane | Melbourne | Sydney,165,True,Endangered,Petauroides volans,Petauroides volans,Greater Glider (southern and central),2022-07-05
Petaurus ariel,Savanna Glider,Mammal,1,Darwin,5,False,,,,,
Petaurus australis,Yellow-bellied Glider,Mammal,3,Brisbane | Melbourne | Sydney,71,False,,,,,
Petaurus breviceps,Sugar Glider,Mammal,5,Brisbane | Canberra–Queanbeyan | Darwin | Melbourne | Sydney,1473,False,,,,,
Petaurus norfolcensis,Squirrel Glider,Mammal,2,Brisbane | Sydney,325,False,,,,,
Petaurus notatus,Krefft's Glider,Mammal,3,Canberra–Queanbeyan | Hobart | Melbourne,541,False,,,,,
Petelia medardaria,,Insect,1,Darwin,2,False,,,,,
Petrelaea tombugensis,Mauve Line-blue,Insect,1,Darwin,2,False,,,,,
Petrochelidon ariel,Fairy Martin,Bird,7,Adelaide | Brisbane | Canberra–Queanbeyan | Darwin | Melbourne | Perth | Sydney,31417,False,,,,,
Petrochelidon nigricans,Tree Martin,Bird,8,Adelaide | Brisbane | Canberra–Queanbeyan | Darwin | Hobart | Melbourne | Perth | Sydney,40339,False,,,,,
Petrogale brachyotis,Short-eared Rock-wallaby,Mammal,1,Darwin,1,False,,,,,
Petrogale penicillata,Brush-tailed Rock-wallaby,Mammal,1,Sydney,4,True,Vulnerable,Petrogale penicillata,Petrogale penicillata,Brush-tailed Rock-wallaby,2000-07-16
Petrogale wilkinsi,Eastern Short-eared Rock-wallaby,Mammal,1,Sydney,1,False,,,,,
Petrogale xanthopus,Yellow-footed Rock-wallaby,Mammal,1,Sydney,1,False,,,,,
Petroica boodang,Scarlet Robin,Bird,7,Adelaide | Brisbane | Canberra–Queanbeyan | Hobart | Melbourne | Perth | Sydney,6826,False,,,,,
Petroica goodenovii,Red-capped Robin,Bird,6,Adelaide | Brisbane | Canberra–Queanbeyan | Melbourne | Perth | Sydney,1279,False,,,,,
Petroica multicolor,Pacific Robin,Bird,1,Melbourne,1,True,Vulnerable,Petroica multicolor,Petroica multicolor,"Norfolk Island Robin, Pacific Robin",2000-07-16
Petroica phoenicea,Flame Robin,Bird,6,Adelaide | Brisbane | Canberra–Queanbeyan | Hobart | Melbourne | Sydney,4731,False,,,,,
Petroica rodinogaster,Pink Robin,Bird,3,Canberra–Queanbeyan | Hobart | Melbourne,1449,False,,,,,
Petroica rosea,Rose Robin,Bird,5,Adelaide | Brisbane | Canberra–Queanbeyan | Melbourne | Sydney,6450,False,,,,,
Petropseudes dahli,Rock Ringtail Possum,Mammal,1,Darwin,79,False,,,,,
Petyllis deprivata,Froghopper,Insect,2,Hobart | Melbourne,6,False,,,,,
Pezoporus wallicus,Eastern Ground Parrot,Bird,2,Hobart | Melbourne,3,False,,,,,
Pezothrips kellyanus,,Insect,2,Melbourne | Sydney,10,False,,,,,
Phacelococcus bursaria,Felt Scale Insect,Insect,1,Canberra–Queanbeyan,1,False,,,,,
Phacodes ferrugineus,,Insect,1,Adelaide,1,False,,,,,
Phacodes obscurum,,Insect,4,Adelaide | Canberra–Queanbeyan | Hobart | Melbourne,81,False,,,,,
Phacodes personatus,,Insect,5,Adelaide | Canberra–Queanbeyan | Hobart | Melbourne | Sydney,166,False,,,,,
Phaedyma shepherdi,Common Aeroplane,Insect,1,Brisbane,230,False,,,,,
Phaenacantha australiae,Linear Bug,Insect,1,Darwin,2,False,,,,,
Phaeophlebosia furcifera,Moth,Insect,3,Canberra–Queanbeyan | Hobart | Melbourne,77,False,,,,,
Phaethon lepturus,White-tailed Tropicbird,Bird,2,Canberra–Queanbeyan | Sydney,4,False,,,,,
Phaethon rubricauda,Red-tailed Tropicbird,Bird,3,Brisbane | Perth | Sydney,21,False,,,,,
Phalacrocorax carbo,Great Cormorant,Bird,8,Adelaide | Brisbane | Canberra–Queanbeyan | Darwin | Hobart | Melbourne | Perth | Sydney,53388,False,,,,,
Phalacrocorax fuscescens,Black-faced Cormorant,Bird,4,Adelaide | Hobart | Melbourne | Sydney,2452,False,,,,,
Phalacrocorax sulcirostris,Little Black Cormorant,Bird,8,Adelaide | Brisbane | Canberra–Queanbeyan | Darwin | Hobart | Melbourne | Perth | Sydney,149103,False,,,,,
Phalacrocorax varius,Pied Cormorant,Bird,8,Adelaide | Brisbane | Canberra–Queanbeyan | Darwin | Hobart | Melbourne | Perth | Sydney,43286,False,,,,,
Phalaenoides glycinae,Grapevine Moth,Insect,7,Adelaide | Brisbane | Canberra–Queanbeyan | Hobart | Melbourne | Perth | Sydney,1162,False,,,,,
Phalaenoides tristifica,Owlet Moth,Insect,5,Adelaide | Canberra–Queanbeyan | Hobart | Melbourne | Sydney,274,False,,,,,
Phalanta phalantha,Spotted Rustic,Insect,1,Darwin,25,False,,,,,
Phallaria ophiusaria,Brown Leaf Moth,Insect,5,Adelaide | Canberra–Queanbeyan | Melbourne | Perth | Sydney,26,False,,,,,
Phalota binocularis,,Insect,1,Canberra–Queanbeyan,5,False,,,,,
Phalota collaris,,Insect,1,Melbourne,1,False,,,,,
Phalota obscura,,Insect,2,Hobart | Melbourne,27,False,,,,,
Phalota tenella,,Insect,2,Brisbane | Sydney,4,False,,,,,
Phalota vittata,,Insect,1,Sydney,1,False,,,,,
Phanacis hypochoeridis,,Insect,2,Adelaide | Perth,4,False,,,,,
Phanechloros punctipennis,,Insect,1,Melbourne,7,False,,,,,
Phanerotoma behriae,,Insect,1,Brisbane,1,False,,,,,
Phanomorpha dapsilis,Grass Moth,Insect,1,Canberra–Queanbeyan,3,False,,,,,
Phanomorpha icelomorpha,,Insect,1,Perth,4,False,,,,,
Phaolus metallicus,,Insect,4,Brisbane | Hobart | Melbourne | Sydney,11,False,,,,,
Phaos aglaophara,Moth,Insect,1,Sydney,1,False,,,,,
Phaps chalcoptera,Common Bronzewing,Bird,7,Adelaide | Brisbane | Canberra–Queanbeyan | Hobart | Melbourne | Perth | Sydney,42268,False,,,,,
Phaps elegans,Brush Bronzewing,Bird,7,Adelaide | Brisbane | Canberra–Queanbeyan | Hobart | Melbourne | Perth | Sydney,1542,False,,,,,
Phaps histrionica,Flock Bronzewing,Bird,1,Darwin,8,False,,,,,
Pharochilus punctiger,,Insect,1,Melbourne,1,False,,,,,
Pharochilus rugiceps,,Insect,3,Canberra–Queanbeyan | Hobart | Melbourne,7,False,,,,,
Phascogale tapoatafa,Brush-tailed Phascogale,Mammal,4,Brisbane | Melbourne | Perth | Sydney,136,False,,,,,
Phascolarctos cinereus,Koala,Mammal,5,Adelaide | Brisbane | Canberra–Queanbeyan | Melbourne | Sydney,23047,False,,,,,
Phasianus colchicus,Common Pheasant,Bird,5,Adelaide | Brisbane | Canberra–Queanbeyan | Melbourne | Sydney,54,False,,,,,
Phasmodes ranatriformis,,Insect,1,Perth,36,False,,,,,
Phaulacridium crassum,,Insect,1,Perth,2,False,,,,,
Phaulacridium vittatum,Wingless Grasshopper,Insect,7,Adelaide | Brisbane | Canberra–Queanbeyan | Hobart | Melbourne | Perth | Sydney,1481,False,,,,,
Phauloplana illuta,Concealer Moth,Insect,2,Canberra–Queanbeyan | Melbourne,18,False,,,,,
Phazaca interrupta,,Insect,5,Adelaide | Brisbane | Canberra–Queanbeyan | Melbourne | Sydney,61,False,,,,,
Pheidole ampla,,Insect,1,Perth,2,False,,,,,
Pheidole anthracina,Ant,Insect,1,Brisbane,2,False,,,,,
Pheidole antipodum,,Insect,2,Adelaide | Perth,9,False,,,,,
Pheidole bos,,Insect,2,Brisbane | Sydney,3,False,,,,,
Pheidole dispar,,Insect,3,Brisbane | Perth | Sydney,5,False,,,,,
Pheidole liteae,Ant,Insect,1,Hobart,6,False,,,,,
Pheidole longiceps,,Insect,1,Brisbane,8,False,,,,,
Pheidole megacephala,African Big-headed Ant,Insect,6,Adelaide | Brisbane | Darwin | Melbourne | Perth | Sydney,423,False,,,,,
Pheidole proxima,,Insect,1,Brisbane,4,False,,,,,
Pheidole rugosula,,Insect,2,Brisbane | Sydney,24,False,,,,,
Pheidole tasmaniensis,Ant,Insect,1,Hobart,13,False,,,,,
Pheidole vigilans,Ant,Insect,4,Brisbane | Melbourne | Perth | Sydney,11,False,,,,,
Phelotis cognata,Geometer Moth,Insect,6,Adelaide | Brisbane | Canberra–Queanbeyan | Hobart | Melbourne | Sydney,862,False,,,,,
Phenacoccus parvus,Lantana Mealybug,Insect,1,Brisbane,1,False,,,,,
Phenacoccus solenopsis,,Insect,3,Brisbane | Perth | Sydney,5,False,,,,,
Phenacodes aleuropa,,Insect,2,Brisbane | Sydney,23,False,,,,,
Pheraspis spodea,,Insect,1,Brisbane,1,False,,,,,
Pheraspis symmetra,,Insect,1,Darwin,1,False,,,,,
Pherbellia javana,Marsh Fly,Insect,1,Melbourne,1,False,,,,,
Pherbellia juxtajavana,Marsh Fly,Insect,1,Melbourne,1,False,,,,,
Phereoeca praecox,,Insect,1,Sydney,1,False,,,,,
Pheropsophus verticalis,Bombardier Beetle,Insect,3,Adelaide | Canberra–Queanbeyan | Sydney,10,False,,,,,
Philagra concolor,,Insect,1,Sydney,2,False,,,,,
Philagra parva,Common Spittle Bug,Insect,5,Brisbane | Canberra–Queanbeyan | Melbourne | Perth | Sydney,164,False,,,,,
Philagra recurva,,Insect,2,Brisbane | Sydney,3,False,,,,,
Philanisus plebeius,,Insect,2,Melbourne | Sydney,50,False,,,,,
Philemon argenticeps,Silver-crowned Friarbird,Bird,1,Darwin,1067,False,,,,,
Philemon buceroides,Helmeted Friarbird,Bird,1,Darwin,4585,False,,,,,
Philemon citreogularis,Little Friarbird,Bird,7,Adelaide | Brisbane | Canberra–Queanbeyan | Darwin | Melbourne | Perth | Sydney,28498,False,,,,,
Philemon corniculatus,Noisy Friarbird,Bird,4,Brisbane | Canberra–Queanbeyan | Melbourne | Sydney,39995,False,,,,,
Philenora aspectalella,Moth,Insect,3,Brisbane | Melbourne | Sydney,321,False,,,,,
Philenora chionastis,Moth,Insect,2,Brisbane | Sydney,20,False,,,,,
Philenora elegans,Moth,Insect,3,Brisbane | Melbourne | Sydney,40,False,,,,,
Philenora irregularis,Moth,Insect,4,Brisbane | Canberra–Queanbeyan | Melbourne | Sydney,10,False,,,,,
Philiris innotata,Purple Moonbeam,Insect,1,Brisbane,31,False,,,,,
Philobota acropola,Concealer Moth,Insect,1,Melbourne,7,False,,,,,
Philobota agnesella,Concealer Moth,Insect,2,Canberra–Queanbeyan | Melbourne,5,False,,,,,
Philobota amblys,,Insect,1,Brisbane,4,False,,,,,
Philobota ancylotoxa,,Insect,2,Adelaide | Sydney,8,False,,,,,
Philobota arabella,Concealer Moth,Insect,4,Adelaide | Canberra–Queanbeyan | Melbourne | Sydney,110,False,,,,,
Philobota archepeda,Concealer Moth,Insect,1,Melbourne,6,False,,,,,
Philobota argotoxa,Concealer Moth,Insect,2,Canberra–Queanbeyan | Melbourne,6,False,,,,,
Philobota atmobola,,Insect,1,Hobart,3,False,,,,,
Philobota atmopis,,Insect,1,Brisbane,1,False,,,,,
Philobota baryptera,,Insect,2,Brisbane | Sydney,186,False,,,,,
Philobota biophora,Concealer Moth,Insect,2,Adelaide | Perth,3,False,,,,,
Philobota chionoptera,Concealer Moth,Insect,1,Canberra–Queanbeyan,8,False,,,,,
Philobota chrysopotama,Concealer Moth,Insect,2,Canberra–Queanbeyan | Melbourne,6,False,,,,,
Philobota cirrhocephala,,Insect,1,Brisbane,3,False,,,,,
Philobota cretacea,Concealer Moth,Insect,2,Canberra–Queanbeyan | Sydney,51,False,,,,,
Philobota curvilinea,,Insect,2,Brisbane | Sydney,302,False,,,,,
Philobota diaereta,,Insect,1,Canberra–Queanbeyan,1,False,,,,,
Philobota dichotoma,Concealer Moth,Insect,1,Canberra–Queanbeyan,3,False,,,,,
Philobota embologramma,,Insect,2,Brisbane | Melbourne,2,False,,,,,
Philobota erebodes,Moth,Insect,2,Melbourne | Sydney,2,False,,,,,
Philobota euchlora,,Insect,1,Brisbane,1,False,,,,,
Philobota glaucoptera,Concealer Moth,Insect,1,Sydney,1,False,,,,,
Philobota gonostropha,,Insect,1,Adelaide,2,False,,,,,
Philobota homochroa,,Insect,1,Canberra–Queanbeyan,2,False,,,,,
Philobota humerella,,Insect,2,Adelaide | Melbourne,23,False,,,,,
Philobota hydara,,Insect,1,Brisbane,5,False,,,,,
Philobota hypocausta,Concealer Moth,Insect,2,Adelaide | Canberra–Queanbeyan,4,False,,,,,
Philobota impletella,Concealer Moth,Insect,3,Adelaide | Canberra–Queanbeyan | Melbourne,29,False,,,,,
Philobota iphigenes,Concealer Moth,Insect,4,Adelaide | Canberra–Queanbeyan | Melbourne | Sydney,10,False,,,,,
Philobota latifissella,Concealer Moth,Insect,4,Adelaide | Canberra–Queanbeyan | Melbourne | Sydney,147,False,,,,,
Philobota lysizona,,Insect,2,Adelaide | Canberra–Queanbeyan,73,False,,,,,
Philobota mathematica,,Insect,1,Sydney,3,False,,,,,
Philobota melanoglypta,,Insect,1,Melbourne,2,False,,,,,
Philobota melanoxantha,,Insect,1,Perth,3,False,,,,,
Philobota moestella,Concealer Moth,Insect,1,Hobart,4,False,,,,,
Philobota mucida,,Insect,4,Adelaide | Brisbane | Canberra–Queanbeyan | Sydney,94,False,,,,,
Philobota orescoa,Concealer Moth,Insect,3,Canberra–Queanbeyan | Melbourne | Sydney,44,False,,,,,
Philobota orinoma,Concealer Moth,Insect,1,Melbourne,17,False,,,,,
Philobota partitella,Concealer Moth,Insect,3,Adelaide | Melbourne | Sydney,48,False,,,,,
Philobota pedetis,Concealer Moth,Insect,3,Canberra–Queanbeyan | Melbourne | Sydney,7,False,,,,,
Philobota perixantha,,Insect,1,Brisbane,37,False,,,,,
Philobota philostaura,,Insect,7,Adelaide | Brisbane | Canberra–Queanbeyan | Hobart | Melbourne | Perth | Sydney,541,False,,,,,
Philobota physaula,Concealer Moth,Insect,2,Canberra–Queanbeyan | Melbourne,12,False,,,,,
Philobota pilipes,Concealer Moth,Insect,4,Adelaide | Canberra–Queanbeyan | Melbourne | Sydney,27,False,,,,,
Philobota productella,Concealer Moth,Insect,7,Adelaide | Brisbane | Canberra–Queanbeyan | Hobart | Melbourne | Perth | Sydney,147,False,,,,,
Philobota protecta,,Insect,5,Adelaide | Brisbane | Canberra–Queanbeyan | Melbourne | Sydney,541,False,,,,,
Philobota scitula,,Insect,2,Brisbane | Canberra–Queanbeyan,3,False,,,,,
Philobota sordidella,,Insect,2,Brisbane | Sydney,16,False,,,,,
Philobota stella,Concealer Moth,Insect,2,Canberra–Queanbeyan | Melbourne,39,False,,,,,
Philobota strigatella,,Insect,1,Sydney,1,False,,,,,
Philobota thiocrossa,,Insect,1,Brisbane,1,False,,,,,
Philobota thiogramma,,Insect,1,Canberra–Queanbeyan,2,False,,,,,
Philobota transversella,,Insect,3,Brisbane | Melbourne | Sydney,101,False,,,,,
Philobota xanthastis,,Insect,1,Perth,23,False,,,,,
Philobota xiphostola,Concealer Moth,Insect,3,Canberra–Queanbeyan | Melbourne | Sydney,77,False,,,,,
Philogethes metableta,,Insect,3,Brisbane | Melbourne | Sydney,7,False,,,,,
Philomastix macleaii,,Insect,2,Brisbane | Sydney,4,False,,,,,
Philomastix xanthophylax,,Insect,1,Brisbane,196,False,,,,,
Philonthus discoideus,,Insect,1,Melbourne,1,False,,,,,
Philonthus subcingulatus,,Insect,1,Sydney,1,False,,,,,
Philophlaeus australis,,Insect,2,Adelaide | Melbourne,2,False,,,,,
Philophlaeus luculentus,,Insect,2,Adelaide | Melbourne,2,False,,,,,
Philophylla erebia,,Insect,1,Brisbane,1,False,,,,,
Philophylla fossata,,Insect,1,Brisbane,1,False,,,,,
Phimenes arcuatus,,Insect,2,Brisbane | Darwin,105,False,,,,,
Phloeograptis obliquata,,Insect,2,Brisbane | Canberra–Queanbeyan,5,False,,,,,
Phloeosinus cupressi,Cypress Bark Beetle,Insect,1,Melbourne,1,False,,,,,
Phloeotribus acaciae,,Insect,1,Hobart,3,False,,,,,
Phlogistus chrysurus,,Insect,4,Brisbane | Canberra–Queanbeyan | Melbourne | Sydney,6,False,,,,,
Phlogistus corallipes,,Insect,1,Canberra–Queanbeyan,1,False,,,,,
Phlogistus corporaali,,Insect,1,Brisbane,1,False,,,,,
Phlogistus cribratus,,Insect,1,Melbourne,16,False,,,,,
Phlogistus instabilis,,Insect,1,Sydney,3,False,,,,,
Phlogistus lemoides,,Insect,1,Brisbane,1,False,,,,,
Phlogistus schenklingi,,Insect,1,Melbourne,1,False,,,,,
Phlogistus sculptus,,Insect,1,Brisbane,17,False,,,,,
Phlyctaenodes pustulatus,,Insect,2,Hobart | Melbourne,4,False,,,,,
Phlyctaenodes pustulosa,,Insect,2,Hobart | Melbourne,24,False,,,,,
Phlyctinus callosus,Garden Weevil,Insect,6,Adelaide | Canberra–Queanbeyan | Hobart | Melbourne | Perth | Sydney,317,False,,,,,
Phoebetria fusca,Sooty Albatross,Bird,1,Sydney,1,True,Vulnerable,Phoebetria fusca,Phoebetria fusca,Sooty Albatross,2000-07-16
Phoebetria palpebrata,Light-mantled Sooty Albatross,Bird,1,Sydney,3,False,,,,,
Phola octodecimguttata,,Insect,3,Brisbane | Darwin | Sydney,9,False,,,,,
Pholeutis neolecta,Concealer Moth,Insect,1,Melbourne,1,False,,,,,
Pholodes sinistraria,Geometer Moth,Insect,4,Brisbane | Canberra–Queanbeyan | Melbourne | Sydney,649,False,,,,,
Phoniscus papuensis,Golden-tipped Bat,Mammal,1,Sydney,1,False,,,,,
Phoracantha acanthocera,,Insect,2,Adelaide | Perth,10,False,,,,,
Phoracantha alternata,,Insect,1,Canberra–Queanbeyan,1,False,,,,,
Phoracantha ancoralis,,Insect,2,Brisbane | Sydney,2,False,,,,,
Phoracantha elegans,,Insect,1,Perth,2,False,,,,,
Phoracantha flavopicta,,Insect,2,Adelaide | Canberra–Queanbeyan,5,False,,,,,
Phoracantha frenchi,,Insect,1,Melbourne,3,False,,,,,
Phoracantha immaculata,,Insect,1,Melbourne,1,False,,,,,
Phoracantha impavida,,Insect,1,Perth,2,False,,,,,
Phoracantha lata,,Insect,1,Hobart,2,False,,,,,
Phoracantha mastersi,,Insect,2,Hobart | Melbourne,6,False,,,,,
Phoracantha mitchelli,,Insect,1,Brisbane,2,False,,,,,
Phoracantha obscura,,Insect,5,Brisbane | Canberra–Queanbeyan | Darwin | Melbourne | Sydney,36,False,,,,,
Phoracantha punctata,,Insect,8,Adelaide | Brisbane | Canberra–Queanbeyan | Darwin | Hobart | Melbourne | Perth | Sydney,102,False,,,,,
Phoracantha recurva,,Insect,7,Adelaide | Brisbane | Canberra–Queanbeyan | Darwin | Melbourne | Perth | Sydney,73,False,,,,,
Phoracantha semipunctata,Common Eucalypt Longicorn,Insect,7,Adelaide | Brisbane | Canberra–Queanbeyan | Darwin | Melbourne | Perth | Sydney,467,False,,,,,
Phoracantha superans,,Insect,1,Hobart,2,False,,,,,
Phoracantha synonyma,Eucalypt Longicorn,Insect,5,Adelaide | Canberra–Queanbeyan | Melbourne | Perth | Sydney,50,False,,,,,
Phoracantha tricuspis,,Insect,5,Adelaide | Brisbane | Canberra–Queanbeyan | Melbourne | Sydney,52,False,,,,,
Phradonoma nobile,,Insect,1,Perth,1,False,,,,,
Phrataria bijugata,Geometer Moth,Insect,1,Canberra–Queanbeyan,20,False,,,,,
Phrataria replicataria,Geometer Moth,Insect,3,Canberra–Queanbeyan | Melbourne | Sydney,6,False,,,,,
Phrataria transcissata,Geometer Moth,Insect,3,Canberra–Queanbeyan | Melbourne | Sydney,24,False,,,,,
Phricanthes asperana,,Insect,1,Brisbane,1,False,,,,,
Phrissogonus laticostata,Geometer Moth,Insect,6,Adelaide | Brisbane | Canberra–Queanbeyan | Melbourne | Perth | Sydney,3216,False,,,,,
Phrixocomes hedrasticha,,Insect,1,Perth,2,False,,,,,
Phrixocomes ophiucha,,Insect,1,Sydney,10,False,,,,,
Phryctora phryctora,,Insect,1,Perth,1,False,,,,,
Phryganeutis cinerea,Concealer Moth,Insect,3,Adelaide | Canberra–Queanbeyan | Melbourne,40,False,,,,,
Phrynocaria astrolabiana,,Insect,2,Brisbane | Sydney,3,False,,,,,
Phrynocaria gratiosa,,Insect,2,Brisbane | Sydney,22,False,,,,,
Phthonerodes peridela,,Insect,3,Brisbane | Canberra–Queanbeyan | Sydney,12,False,,,,,
Phthorimaea operculella,Twirler Moth,Insect,2,Canberra–Queanbeyan | Sydney,4,False,,,,,
Phycitodes melanosticta,,Insect,1,Canberra–Queanbeyan,5,False,,,,,
Phycomorpha prasinochroa,,Insect,1,Sydney,2,False,,,,,
Phycosecis ammophilus,,Insect,1,Perth,2,False,,,,,
Phycosecis litoralis,,Insect,1,Adelaide,1,False,,,,,
Phylacteophaga eucalypti,Sawfly,Insect,2,Canberra–Queanbeyan | Melbourne,3,False,,,,,
Phylacteophaga froggatti,,Insect,4,Adelaide | Brisbane | Melbourne | Perth,31,False,,,,,
Phylidonyris niger,White-cheeked Honeyeater,Bird,4,Brisbane | Canberra–Queanbeyan | Perth | Sydney,11995,False,,,,,
Phylidonyris novaehollandiae,New Holland Honeyeater,Bird,7,Adelaide | Brisbane | Canberra–Queanbeyan | Hobart | Melbourne | Perth | Sydney,121415,False,,,,,
Phylidonyris pyrrhopterus,Crescent Honeyeater,Bird,5,Adelaide | Canberra–Queanbeyan | Hobart | Melbourne | Sydney,6578,False,,,,,
Phyllocharis cyanicornis,,Insect,2,Brisbane | Sydney,59,False,,,,,
Phyllocharis cyanipes,,Insect,1,Darwin,6,False,,,,,
Phyllocharis gracilis,,Insect,1,Brisbane,2,False,,,,,
Phyllochlaenia villosus,,Insect,1,Hobart,2,False,,,,,
Phyllocnistis acmias,,Insect,1,Sydney,1,False,,,,,
Phyllocnistis citrella,,Insect,6,Adelaide | Brisbane | Darwin | Melbourne | Perth | Sydney,73,False,,,,,
Phyllocnistis diaugella,,Insect,1,Sydney,42,False,,,,,
Phyllocnistis hapalodes,,Insect,1,Perth,1,False,,,,,
Phyllococerus purpurascens,,Insect,1,Perth,8,False,,,,,
Phyllolyma rufa,,Insect,1,Canberra–Queanbeyan,1,False,,,,,
Phyllonorycter messaniella,,Insect,4,Adelaide | Canberra–Queanbeyan | Melbourne | Sydney,30,False,,,,,
Phyllophanes dyseureta,,Insect,1,Brisbane,1,False,,,,,
Phyllotocus apicalis,,Insect,2,Brisbane | Canberra–Queanbeyan,2,False,,,,,
Phyllotocus australis,,Insect,1,Melbourne,7,False,,,,,
Phyllotocus bimaculatus,,Insect,4,Canberra–Queanbeyan | Hobart | Melbourne | Sydney,137,False,,,,,
Phyllotocus decipiens,,Insect,1,Melbourne,1,False,,,,,
Phyllotocus erythropterus,,Insect,1,Melbourne,4,False,,,,,
Phyllotocus kingii,,Insect,2,Canberra–Queanbeyan | Sydney,5,False,,,,,
Phyllotocus macleayi,,Insect,5,Adelaide | Brisbane | Canberra–Queanbeyan | Melbourne | Sydney,287,False,,,,,
Phyllotocus marginipennis,,Insect,2,Brisbane | Sydney,8,False,,,,,
Phyllotocus navicularis,,Insect,2,Brisbane | Canberra–Queanbeyan,75,False,,,,,
Phyllotocus ruficollis,,Insect,3,Brisbane | Melbourne | Sydney,19,False,,,,,
Phyllotocus rufipennis,,Insect,6,Adelaide | Brisbane | Canberra–Queanbeyan | Hobart | Melbourne | Sydney,144,False,,,,,
Phyllotocus scutellaris,,Insect,2,Melbourne | Sydney,50,False,,,,,
Phyllotocus ustulatus,,Insect,1,Perth,1,False,,,,,
Phyllotreta undulata,,Insect,3,Adelaide | Brisbane | Melbourne,14,False,,,,,
Phyllurus platurus,Broad-tailed Gecko,Reptile,1,Sydney,723,False,,,,,
Phylomictis idiotricha,,Insect,1,Sydney,3,False,,,,,
Phylomictis lintearia,,Insect,2,Brisbane | Sydney,30,False,,,,,
Phylomictis maligna,Concealer Moth,Insect,3,Adelaide | Canberra–Queanbeyan | Melbourne,64,False,,,,,
Phylomictis monochroma,Concealer Moth,Insect,1,Melbourne,1,False,,,,,
Phylomictis sarcinopa,,Insect,3,Canberra–Queanbeyan | Melbourne | Sydney,13,False,,,,,
Phymatothynnus nitidus,,Insect,1,Perth,1,False,,,,,
Physatocheila biseriata,,Insect,2,Brisbane | Sydney,3,False,,,,,
Physatocheila uniseriata,,Insect,2,Adelaide | Melbourne,9,False,,,,,
Physeema labyrinthica,Dune Ticker,Insect,2,Adelaide | Melbourne,29,False,,,,,
Physeema latorea,,Insect,1,Perth,1,False,,,,,
Physeema quadricincta,Tick-tock,Insect,1,Perth,123,False,,,,,
Physeter macrocephalus,Sperm Whale,Mammal,1,Sydney,4,False,,,,,
Physiphora clausa,,Insect,6,Adelaide | Brisbane | Darwin | Melbourne | Perth | Sydney,14,False,,,,,
Physocephala australiana,Kelp Fly,Insect,1,Brisbane,1,False,,,,,
Physocephala nigrotestacea,Kelp Fly,Insect,3,Brisbane | Melbourne | Sydney,3,False,,,,,
Physopelta australis,,Insect,2,Canberra–Queanbeyan | Darwin,4,False,,,,,
Physopelta gutta,Bordered Plant Bug,Insect,4,Brisbane | Canberra–Queanbeyan | Melbourne | Sydney,83,False,,,,,
Phytodietus celisissimus,,Insect,3,Adelaide | Melbourne | Sydney,34,False,,,,,
Phytoecia coerulescens,,Insect,2,Canberra–Queanbeyan | Melbourne,11,False,,,,,
Phytoliriomyza pittosporocaulis,,Insect,1,Sydney,123,False,,,,,
Phytoliriomyza pittosporophylli,,Insect,4,Adelaide | Hobart | Melbourne | Sydney,515,False,,,,,
Phytometra formosalis,,Insect,1,Brisbane,2,False,,,,,
Phytometra laevis,,Insect,2,Brisbane | Sydney,20,False,,,,,
Phytomyza plantaginis,,Insect,1,Sydney,1,False,,,,,
Phytotrypa erythrotaenia,,Insect,1,Sydney,1,False,,,,,
Phytotrypa pretiosella,Concealer Moth,Insect,1,Sydney,1,False,,,,,
Phytotrypa propriella,Concealer Moth,Insect,1,Canberra–Queanbeyan,4,False,,,,,
Picromorpha pyrrhopa,Geometer Moth,Insect,1,Sydney,20,False,,,,,
Pieris rapae,Cabbage White Butterfly,Insect,7,Adelaide | Brisbane | Canberra–Queanbeyan | Hobart | Melbourne | Perth | Sydney,5408,False,,,,,
Piesarthrius bleeserae,,Insect,1,Darwin,2,False,,,,,
Piesarthrius marginellus,,Insect,3,Brisbane | Melbourne | Sydney,19,False,,,,,
Piestoceros conjunctella,,Insect,1,Brisbane,4,False,,,,,
Piestolestes obscurus,Assassin Bug,Insect,3,Brisbane | Canberra–Queanbeyan | Sydney,65,False,,,,,
Piezodorus oceanicus,Shield Bug,Insect,5,Adelaide | Brisbane | Darwin | Perth | Sydney,24,False,,,,,
Pilacmonotus sabulosus,,Insect,1,Perth,4,False,,,,,
Piletocera macroperalis,,Insect,1,Brisbane,139,False,,,,,
Piloprepes anassa,Concealer Moth,Insect,3,Canberra–Queanbeyan | Melbourne | Sydney,43,False,,,,,
Piloprepes antidoxa,Concealer Moth,Insect,3,Adelaide | Canberra–Queanbeyan | Perth,29,False,,,,,
Piloprepes aristocratica,Concealer Moth,Insect,2,Brisbane | Sydney,11,False,,,,,
Piloprepes gelidella,,Insect,3,Brisbane | Canberra–Queanbeyan | Sydney,4,False,,,,,
Pilostibes serpta,,Insect,1,Adelaide,1,False,,,,,
Pilostibes stigmatias,,Insect,1,Brisbane,1,False,,,,,
Pimelopus nothus,,Insect,7,Adelaide | Brisbane | Canberra–Queanbeyan | Hobart | Melbourne | Perth | Sydney,14,False,,,,,
Pimelopus porcellus,,Insect,1,Adelaide,1,False,,,,,
Pinara cana,Lappet Moth,Insect,4,Canberra–Queanbeyan | Hobart | Melbourne | Sydney,14,False,,,,,
Pinara divisa,Lappet Moth,Insect,4,Brisbane | Canberra–Queanbeyan | Melbourne | Sydney,18,False,,,,,
Pinara metaphaea,Lappet Moth,Insect,2,Melbourne | Sydney,4,False,,,,,
Pinara obliqua,Lappet Moth,Insect,1,Melbourne,4,False,,,,,
Pineus boerneri,,Insect,1,Sydney,1,False,,,,,
Pingasa chlora,,Insect,2,Brisbane | Melbourne,123,False,,,,,
Pingasa cinerea,Geometer Moth,Insect,2,Brisbane | Melbourne,5,False,,,,,
Pinnaspis aspidistrae,,Insect,2,Brisbane | Melbourne,2,False,,,,,
Piophila australis,,Insect,1,Brisbane,1,False,,,,,
Piophilosoma antipodum,,Insect,1,Adelaide,1,False,,,,,
Piophilosoma palpatum,Cheese Fly,Insect,1,Adelaide,1,False,,,,,
Pipinnipons fascipennis,Stiletto Fly,Insect,2,Melbourne | Sydney,6,False,,,,,
Pipistrellus westralis,Northern Pipistrelle,Mammal,1,Darwin,1,False,,,,,
Pison peletieri,,Insect,2,Brisbane | Perth,3,False,,,,,
Pison rufipes,Wasp,Insect,1,Hobart,1,False,,,,,
Pison spinolae,Wasp,Insect,6,Adelaide | Brisbane | Canberra–Queanbeyan | Hobart | Melbourne | Sydney,64,False,,,,,
Pitta iris,Rainbow Pitta,Bird,1,Darwin,915,False,,,,,
Pitta versicolor,Noisy Pitta,Bird,2,Brisbane | Sydney,952,False,,,,,
Piyuma prosopoides,,Insect,1,Sydney,2,False,,,,,
Placocosma agaclita,,Insect,1,Sydney,1,False,,,,,
Placocosma hephaestea,,Insect,1,Canberra–Queanbeyan,3,False,,,,,
Placocosma resumptella,,Insect,1,Canberra–Queanbeyan,4,False,,,,,
Plagiodera amplipennis,,Insect,1,Brisbane,2,False,,,,,
Plagiolepis alluaudi,Alluaud's Little Yellow Ant,Insect,1,Brisbane,11,False,,,,,
Plagiolepis squamulosa,,Insect,1,Perth,1,False,,,,,
Plagiostenopterina aenea,,Insect,1,Brisbane,1,False,,,,,
Plagiozopelma flavipodex,,Insect,1,Brisbane,1,False,,,,,
Planococcus citri,Cochonilha-algodao,Insect,1,Sydney,1,False,,,,,
Planococcus ficus,Mediterranean Vine Mealybug,Insect,1,Sydney,1,False,,,,,
Planolocha autoptis,Geometer Moth,Insect,2,Melbourne | Sydney,25,False,,,,,
Planolocha hyposema,,Insect,1,Sydney,1,False,,,,,
Planolocha obliquata,,Insect,1,Melbourne,1,False,,,,,
Platagarista macleayi,Owlet Moth,Insect,1,Sydney,5,False,,,,,
Platalea flavipes,Yellow-billed Spoonbill,Bird,7,Adelaide | Brisbane | Canberra–Queanbeyan | Darwin | Melbourne | Perth | Sydney,13637,False,,,,,
Platalea regia,Royal Spoonbill,Bird,7,Adelaide | Brisbane | Canberra–Queanbeyan | Darwin | Melbourne | Perth | Sydney,49113,False,,,,,
Platensina zodiacalis,,Insect,1,Darwin,1,False,,,,,
Platisus angusticollis,,Insect,4,Adelaide | Canberra–Queanbeyan | Melbourne | Sydney,69,False,,,,,
Platisus bicolor,,Insect,1,Melbourne,2,False,,,,,
Platoloncha psamathina,Concealer Moth,Insect,1,Sydney,3,False,,,,,
Platybrachys barbata,,Insect,3,Brisbane | Canberra–Queanbeyan | Perth,6,False,,,,,
Platybrachys decemmacula,,Insect,4,Adelaide | Brisbane | Canberra–Queanbeyan | Sydney,81,False,,,,,
Platybrachys fenestrata,,Insect,1,Darwin,1,False,,,,,
Platybrachys leucostigma,,Insect,1,Brisbane,1,False,,,,,
Platybrachys lurida,,Insect,2,Adelaide | Melbourne,5,False,,,,,
Platybrachys vidua,,Insect,3,Brisbane | Canberra–Queanbeyan | Sydney,6,False,,,,,
Platycercus adscitus,Pale-headed Rosella,Bird,3,Brisbane | Canberra–Queanbeyan | Sydney,23874,False,,,,,
Platycercus caledonicus,Green Rosella,Bird,3,Brisbane | Hobart | Sydney,6686,False,,,,,
Platycercus elegans,Crimson Rosella,Bird,6,Adelaide | Brisbane | Canberra–Queanbeyan | Hobart | Melbourne | Sydney,98891,False,,,,,
Platycercus eximius,Eastern Rosella,Bird,7,Adelaide | Brisbane | Canberra–Queanbeyan | Hobart | Melbourne | Perth | Sydney,121493,False,,,,,
Platycercus icterotis,Western Rosella,Bird,1,Perth,264,False,,,,,
Platycercus venustus,Northern Rosella,Bird,1,Darwin,269,False,,,,,
Platycoris bipunctatus,Shield Bug,Insect,1,Sydney,5,False,,,,,
Platycoris rotundatus,Shield Bug,Insect,1,Canberra–Queanbeyan,25,False,,,,,
Platycoris rugosus,Shield Bug,Insect,2,Hobart | Melbourne,9,False,,,,,
Platydema aries,,Insect,1,Brisbane,1,False,,,,,
Platyeurymela semifascia,Leafhopper,Insect,2,Hobart | Melbourne,9,False,,,,,
Platyledra hirsuta,,Insect,1,Perth,1,False,,,,,
Platymela digglesi,,Insect,1,Brisbane,1,False,,,,,
Platymela sticticollis,,Insect,1,Brisbane,94,False,,,,,
Platyphanes vittatus,,Insect,1,Canberra–Queanbeyan,6,False,,,,,
Platyptilia celidotus,Plume Moth,Insect,5,Adelaide | Brisbane | Canberra–Queanbeyan | Melbourne | Sydney,96,False,,,,,
Platyptilia isodactylus,,Insect,1,Melbourne,1,False,,,,,
Platypus subgranosus,Mountain Pinhole Borer,Insect,1,Hobart,2,False,,,,,
Platythyrea parallela,,Insect,3,Brisbane | Melbourne | Sydney,18,False,,,,,
Platythyrea turneri,Ant,Insect,2,Brisbane | Melbourne,2,False,,,,,
Platyzosteria anceps,,Insect,1,Brisbane,1,False,,,,,
Platyzosteria denticulata,,Insect,1,Perth,1,False,,,,,
Platyzosteria marginalis,,Insect,1,Perth,2,False,,,,,
Platyzosteria melanaria,Cockroach,Insect,4,Brisbane | Canberra–Queanbeyan | Hobart | Melbourne,28,False,,,,,
Platyzosteria similis,Cockroach,Insect,2,Canberra–Queanbeyan | Perth,17,False,,,,,
Plautia affinis,Green Stink Bug,Insect,3,Brisbane | Melbourne | Sydney,12,False,,,,,
Plecia amplipennis,,Insect,1,Sydney,2,False,,,,,
Plecia dimidiata,Fly,Insect,5,Brisbane | Canberra–Queanbeyan | Hobart | Melbourne | Sydney,79,False,,,,,
Plectobela ecliptica,,Insect,2,Melbourne | Sydney,11,False,,,,,
Plectonycha correntina,,Insect,3,Brisbane | Perth | Sydney,23,False,,,,,
Plectophila discalis,Concealer Moth,Insect,3,Brisbane | Melbourne | Sydney,123,False,,,,,
Plectophila electella,,Insect,1,Sydney,1,False,,,,,
Plectophila eucrines,,Insect,1,Brisbane,17,False,,,,,
Plectophila micradelpha,,Insect,1,Brisbane,5,False,,,,,
Plectophila pyrgodes,,Insect,1,Brisbane,5,False,,,,,
Plectorhyncha lanceolata,Striped Honeyeater,Bird,3,Brisbane | Canberra–Queanbeyan | Sydney,9212,False,,,,,
Plectris aliena,,Insect,1,Sydney,20,False,,,,,
Plegadis falcinellus,Glossy Ibis,Bird,8,Adelaide | Brisbane | Canberra–Queanbeyan | Darwin | Hobart | Melbourne | Perth | Sydney,9596,False,,,,,
Pleistodontes froggatti,,Insect,4,Adelaide | Brisbane | Melbourne | Sydney,24,False,,,,,
Pleistodontes imperialis,,Insect,1,Melbourne,1,False,,,,,
Plerapsalta multifascia,Cicada,Insect,1,Sydney,12,False,,,,,
Plesanemma fucata,Lemon Gum Moth,Insect,6,Adelaide | Brisbane | Canberra–Queanbeyan | Melbourne | Perth | Sydney,152,False,,,,,
Plesiochrysa atalotis,,Insect,3,Brisbane | Darwin | Sydney,41,False,,,,,
Plesiochrysa ramburi,,Insect,7,Adelaide | Brisbane | Canberra–Queanbeyan | Darwin | Melbourne | Perth | Sydney,138,False,,,,,
Plesiolaea maritima,,Insect,1,Perth,5,False,,,,,
Pleuroptya balteata,,Insect,2,Brisbane | Darwin,44,False,,,,,
Plinthisus woodwardi,Seed Bug,Insect,3,Brisbane | Hobart | Melbourne,20,False,,,,,
Plodia interpunctella,Snout Moth,Insect,8,Adelaide | Brisbane | Canberra–Queanbeyan | Darwin | Hobart | Melbourne | Perth | Sydney,222,False,,,,,
Ploiaria armstrongi,,Insect,1,Brisbane,1,False,,,,,
Ploiaria guttata,,Insect,1,Brisbane,1,False,,,,,
Plotheia exacta,,Insect,1,Brisbane,12,False,,,,,
Plusiodonta arctipennis,,Insect,2,Brisbane | Sydney,8,False,,,,,
Plusiodonta coelonota,,Insect,1,Sydney,1,False,,,,,
Plutella australiana,,Insect,3,Adelaide | Melbourne | Sydney,8,False,,,,,
Plutella xylostella,Diamondback Moth,Insect,7,Adelaide | Brisbane | Canberra–Queanbeyan | Hobart | Melbourne | Perth | Sydney,937,False,,,,,
Pluvialis dominica,American Golden Plover,Bird,1,Melbourne,1,False,,,,,
Pluvialis fulva,Pacific Golden Plover,Bird,7,Adelaide | Brisbane | Canberra–Queanbeyan | Darwin | Melbourne | Perth | Sydney,6346,False,,,,,
Pluvialis squatarola,Grey Plover,Bird,6,Adelaide | Brisbane | Darwin | Melbourne | Perth | Sydney,2122,True,Vulnerable,Pluvialis squatarola,Pluvialis squatarola,Grey Plover,2024-01-05
Pnirsus cinctipes,Assassin Bug,Insect,3,Adelaide | Canberra–Queanbeyan | Perth,14,False,,,,,
Pnirsus notaticollis,,Insect,1,Perth,1,False,,,,,
Podacanthus keyi,Key’s Stick-insect,Insect,1,Perth,41,False,,,,,
Podacanthus typhon,Large Pink-winged Stick-insect,Insect,2,Melbourne | Sydney,19,False,,,,,
Podacanthus viridiroseus,Red-winged Stick-insect,Insect,2,Brisbane | Sydney,142,False,,,,,
Podacanthus wilkinsoni,Ringbarker Stick-insect,Insect,2,Brisbane | Sydney,5,False,,,,,
Podalonia tydei,Wasp,Insect,6,Adelaide | Brisbane | Canberra–Queanbeyan | Melbourne | Perth | Sydney,386,False,,,,,
Podargus ocellatus,Marbled Frogmouth,Bird,2,Brisbane | Sydney,7,False,,,,,
Podargus strigoides,Tawny Frogmouth,Bird,8,Adelaide | Brisbane | Canberra–Queanbeyan | Darwin | Hobart | Melbourne | Perth | Sydney,65549,False,,,,,
Podiceps cristatus,Great Crested Grebe,Bird,7,Adelaide | Brisbane | Canberra–Queanbeyan | Hobart | Melbourne | Perth | Sydney,11812,False,,,,,
Podomyrma adelaidae,Muscleman Ant,Insect,3,Adelaide | Canberra–Queanbeyan | Perth,66,False,,,,,
Podomyrma christae,Ant,Insect,2,Adelaide | Perth,2,False,,,,,
Podomyrma densestrigosa,,Insect,4,Brisbane | Canberra–Queanbeyan | Melbourne | Sydney,8,False,,,,,
Podomyrma elongata,Ant,Insect,4,Adelaide | Brisbane | Melbourne | Sydney,16,False,,,,,
Podomyrma ferruginea,,Insect,3,Brisbane | Canberra–Queanbeyan | Melbourne,18,False,,,,,
Podomyrma gratiosa,Ant,Insect,5,Adelaide | Brisbane | Canberra–Queanbeyan | Melbourne | Sydney,252,False,,,,,
Podomyrma micans,,Insect,1,Brisbane,46,False,,,,,
Podomyrma octodentata,,Insect,2,Brisbane | Sydney,2,False,,,,,
Podomyrma odae,,Insect,1,Brisbane,1,False,,,,,
Podomyrma rugosa,Ant,Insect,1,Melbourne,3,False,,,,,
Poecilasthena anthodes,Geometer Moth,Insect,5,Adelaide | Canberra–Queanbeyan | Hobart | Melbourne | Perth,59,False,,,,,
Poecilasthena balioloma,Geometer Moth,Insect,1,Canberra–Queanbeyan,2,False,,,,,
Poecilasthena fragilis,Geometer Moth,Insect,1,Sydney,3,False,,,,,
Poecilasthena ischnophrica,,Insect,2,Hobart | Perth,2,False,,,,,
Poecilasthena pulchraria,Geometer Moth,Insect,7,Adelaide | Brisbane | Canberra–Queanbeyan | Hobart | Melbourne | Perth | Sydney,316,False,,,,,
Poecilasthena scoliota,,Insect,2,Melbourne | Perth,45,False,,,,,
Poecilasthena thalassias,,Insect,4,Brisbane | Canberra–Queanbeyan | Melbourne | Sydney,138,False,,,,,
Poecilasthena xylocyma,Geometer Moth,Insect,2,Melbourne | Perth,2,False,,,,,
Poecilocryptus galliphagus,Ichneumon Wasp,Insect,1,Melbourne,1,False,,,,,
Poecilocryptus nigromaculatus,,Insect,1,Melbourne,6,False,,,,,
Poecilodryas cerviniventris,Buff-sided Robin,Bird,1,Darwin,86,False,,,,,
Poecilohetaerus albolineatus,Acalyptrate Fly,Insect,1,Melbourne,2,False,,,,,
Poecilohetaerus aquilus,Acalyptrate Fly,Insect,6,Adelaide | Canberra–Queanbeyan | Hobart | Melbourne | Perth | Sydney,152,False,,,,,
Poecilohetaerus castaneus,Acalyptrate Fly,Insect,1,Melbourne,1,False,,,,,
Poecilohetaerus leucopus,,Insect,1,Melbourne,2,False,,,,,
Poecilohetaerus pinnatus,Acalyptrate Fly,Insect,1,Brisbane,1,False,,,,,
Poecilohetaerus schineri,Acalyptrate Fly,Insect,5,Adelaide | Canberra–Queanbeyan | Hobart | Melbourne | Sydney,267,False,,,,,
Poecilometis alienus,Shield Bug,Insect,3,Adelaide | Brisbane | Perth,26,False,,,,,
Poecilometis apicalis,Shield Bug,Insect,6,Adelaide | Brisbane | Canberra–Queanbeyan | Melbourne | Perth | Sydney,987,False,,,,,
Poecilometis australasiae,Shield Bug,Insect,3,Brisbane | Canberra–Queanbeyan | Sydney,49,False,,,,,
Poecilometis cooki,,Insect,2,Melbourne | Sydney,29,False,,,,,
Poecilometis eximius,,Insect,1,Brisbane,10,False,,,,,
Poecilometis fuscescens,Shield Bug,Insect,1,Adelaide,21,False,,,,,
Poecilometis gravis,,Insect,2,Brisbane | Sydney,107,False,,,,,
Poecilometis histricus,,Insect,1,Brisbane,172,False,,,,,
Poecilometis lineatus,,Insect,1,Perth,119,False,,,,,
Poecilometis mimicus,,Insect,1,Darwin,1,False,,,,,
Poecilometis monteithi,,Insect,1,Brisbane,2,False,,,,,
Poecilometis parilis,Shield Bug,Insect,3,Adelaide | Brisbane | Sydney,5,False,,,,,
Poecilometis patruelis,Shield Bug,Insect,5,Adelaide | Brisbane | Canberra–Queanbeyan | Perth | Sydney,192,False,,,,,
Poecilometis punctiventris,,Insect,1,Perth,89,False,,,,,
Poecilometis strigatus,Gum Tree Shield Bug,Insect,5,Adelaide | Brisbane | Canberra–Queanbeyan | Melbourne | Sydney,1096,False,,,,,
Poecilotoma grandicornis,Shield Bug,Insect,1,Perth,1,False,,,,,
Poephila acuticauda,Long-tailed Finch,Bird,2,Adelaide | Darwin,1092,False,,,,,
Poephila personata,Western Masked Finch,Bird,2,Darwin | Sydney,1380,False,,,,,
Pogona barbata,Common Bearded Dragon,Reptile,5,Adelaide | Brisbane | Canberra–Queanbeyan | Melbourne | Sydney,1552,False,,,,,
Pogona minor,Dwarf Bearded Dragon,Reptile,2,Perth | Sydney,181,False,,,,,
Pogona vitticeps,Central Bearded Dragon,Reptile,5,Adelaide | Brisbane | Canberra–Queanbeyan | Melbourne | Sydney,136,False,,,,,
Pogonella minutus,Treehopper,Insect,3,Canberra–Queanbeyan | Melbourne | Sydney,15,False,,,,,
Pogonortalis commoni,,Insect,1,Perth,2,False,,,,,
Pogonortalis doclea,Signal Fly,Insect,7,Adelaide | Brisbane | Canberra–Queanbeyan | Hobart | Melbourne | Perth | Sydney,1135,False,,,,,
Poliaspis callitris,Scale Insect,Insect,1,Adelaide,1,False,,,,,
Polichne argentata,,Insect,1,Brisbane,11,False,,,,,
Polichne brevipes,,Insect,1,Brisbane,24,False,,,,,
Polichne longipes,,Insect,2,Brisbane | Darwin,19,False,,,,,
Polichne parvicauda,,Insect,3,Brisbane | Canberra–Queanbeyan | Sydney,6,False,,,,,
Polichne spinulosa,,Insect,6,Adelaide | Brisbane | Canberra–Queanbeyan | Melbourne | Perth | Sydney,21,False,,,,,
Polichne tenuis,,Insect,6,Adelaide | Brisbane | Canberra–Queanbeyan | Darwin | Melbourne | Sydney,13,False,,,,,
Polididus australis,,Insect,1,Brisbane,2,False,,,,,
Poliocephalus poliocephalus,Hoary-headed Grebe,Bird,7,Adelaide | Brisbane | Canberra–Queanbeyan | Hobart | Melbourne | Perth | Sydney,42687,False,,,,,
Polistes chinensis,,Insect,5,Adelaide | Brisbane | Canberra–Queanbeyan | Melbourne | Sydney,1172,False,,,,,
Polistes dominulus,,Insect,4,Adelaide | Melbourne | Perth | Sydney,331,False,,,,,
Polistes erythrinus,Wasp,Insect,2,Canberra–Queanbeyan | Sydney,3,False,,,,,
Polistes humilis,Common Paper Wasp,Insect,7,Adelaide | Brisbane | Canberra–Queanbeyan | Darwin | Melbourne | Perth | Sydney,1843,False,,,,,
Polistes schach,,Insect,1,Brisbane,1,False,,,,,
Polistes stigma,Wasp,Insect,4,Brisbane | Darwin | Perth | Sydney,64,False,,,,,
Polistes tepidus,Wasp,Insect,1,Brisbane,1,False,,,,,
Polistes variabilis,,Insect,1,Brisbane,3,False,,,,,
Pollanisus apicalis,Forester Moth,Insect,1,Canberra–Queanbeyan,2,False,,,,,
Pollanisus cupreus,,Insect,1,Perth,39,False,,,,,
Pollanisus empyrea,,Insect,1,Perth,4,False,,,,,
Pollanisus lithopastus,Forester Moth,Insect,2,Brisbane | Hobart,13,False,,,,,
Pollanisus subdolosa,Forester Moth,Insect,3,Brisbane | Melbourne | Sydney,38,False,,,,,
Pollanisus trimacula,,Insect,1,Sydney,4,False,,,,,
Pollanisus viridipulverulenta,Satin-green Forester Moth,Insect,6,Adelaide | Brisbane | Canberra–Queanbeyan | Hobart | Melbourne | Sydney,185,False,,,,,
Polyacme dissimilis,,Insect,1,Brisbane,18,False,,,,,
Polyacme subpulchra,,Insect,1,Brisbane,2,False,,,,,
Polycentrocoris turneri,,Insect,1,Brisbane,1,False,,,,,
Polychaetophyes serpulidia,,Insect,1,Darwin,1,False,,,,,
Polyclonus atratus,Sawfly,Insect,3,Canberra–Queanbeyan | Melbourne | Sydney,7,False,,,,,
Polyclysta hypogrammata,,Insect,1,Brisbane,3,False,,,,,
Polydesma boarmoides,,Insect,2,Brisbane | Darwin,8,False,,,,,
Polypedilum griseoguttatum,Midge,Insect,1,Melbourne,1,False,,,,,
Polypedilum nubifer,Non-biting Midge,Insect,7,Adelaide | Brisbane | Canberra–Queanbeyan | Darwin | Melbourne | Perth | Sydney,174,False,,,,,
Polypedilum seorsum,Midge,Insect,1,Melbourne,1,False,,,,,
Polypedilum tonnoiri,Midge,Insect,2,Brisbane | Melbourne,6,False,,,,,
Polyphrades laticollis,,Insect,1,Perth,1,False,,,,,
Polyphrades paganus,,Insect,1,Canberra–Queanbeyan,13,False,,,,,
Polyrhachis ammon,Golden-spined Ant,Insect,4,Brisbane | Canberra–Queanbeyan | Melbourne | Sydney,785,False,,,,,
Polyrhachis ammonoeides,,Insect,1,Perth,3,False,,,,,
Polyrhachis angusta,,Insect,1,Brisbane,1,False,,,,,
Polyrhachis aurea,,Insect,2,Brisbane | Sydney,394,False,,,,,
Polyrhachis australis,,Insect,3,Adelaide | Brisbane | Sydney,489,False,,,,,
Polyrhachis brisbanensis,,Insect,1,Brisbane,88,False,,,,,
Polyrhachis clio,,Insect,1,Brisbane,52,False,,,,,
Polyrhachis daemeli,,Insect,1,Brisbane,393,False,,,,,
Polyrhachis dives,Ant,Insect,1,Darwin,1,False,,,,,
Polyrhachis erato,,Insect,2,Brisbane | Sydney,86,False,,,,,
Polyrhachis euterpe,,Insect,1,Brisbane,28,False,,,,,
Polyrhachis femorata,Ant,Insect,6,Brisbane | Canberra–Queanbeyan | Hobart | Melbourne | Perth | Sydney,339,False,,,,,
Polyrhachis gab,Ant,Insect,1,Darwin,2,False,,,,,
Polyrhachis hookeri,,Insect,4,Brisbane | Canberra–Queanbeyan | Melbourne | Sydney,309,False,,,,,
Polyrhachis leae,Ant,Insect,1,Melbourne,4,False,,,,,
Polyrhachis lydiae,,Insect,1,Brisbane,13,False,,,,,
Polyrhachis machaon,,Insect,1,Brisbane,50,False,,,,,
Polyrhachis maculata,,Insect,1,Brisbane,3,False,,,,,
Polyrhachis mjobergi,,Insect,2,Brisbane | Sydney,16,False,,,,,
Polyrhachis ornata,Ant,Insect,3,Brisbane | Canberra–Queanbeyan | Sydney,212,False,,,,,
Polyrhachis patiens,Ant,Insect,2,Hobart | Melbourne,7,False,,,,,
Polyrhachis phryne,Ant,Insect,6,Adelaide | Brisbane | Canberra–Queanbeyan | Melbourne | Perth | Sydney,144,False,,,,,
Polyrhachis pilosa,,Insect,1,Brisbane,110,False,,,,,
Polyrhachis rufifemur,,Insect,1,Brisbane,479,False,,,,,
Polyrhachis schenkii,,Insect,1,Darwin,2,False,,,,,
Polyrhachis semiaurata,Ant,Insect,3,Brisbane | Canberra–Queanbeyan | Sydney,48,False,,,,,
Polyrhachis senilis,,Insect,1,Darwin,25,False,,,,,
Polyrhachis sokolova,,Insect,1,Darwin,5,False,,,,,
Polyrhachis templi,,Insect,1,Brisbane,3,False,,,,,
Polyrhachis tubifera,,Insect,1,Brisbane,60,False,,,,,
Polyrhachis vermiculosa,,Insect,2,Brisbane | Sydney,252,False,,,,,
Polyrhachis weiri,,Insect,1,Darwin,1,False,,,,,
Polysoma eumetalla,,Insect,6,Adelaide | Canberra–Queanbeyan | Hobart | Melbourne | Perth | Sydney,21,False,,,,,
Polytelis alexandrae,Princess Parrot,Bird,6,Adelaide | Brisbane | Canberra–Queanbeyan | Melbourne | Perth | Sydney,48,True,Vulnerable,Polytelis alexandrae,Polytelis alexandrae,"Princess Parrot, Alexandra's Parrot",2000-07-16
Polytelis anthopeplus,Regent Parrot,Bird,4,Adelaide | Canberra–Queanbeyan | Perth | Sydney,394,False,,,,,
Polytelis swainsonii,Superb Parrot,Bird,4,Brisbane | Canberra–Queanbeyan | Melbourne | Sydney,8743,True,Vulnerable,Polytelis swainsonii,Polytelis swainsonii,Superb Parrot,2000-07-16
Polyzosteria fulgens,,Insect,1,Perth,6,False,,,,,
Polyzosteria limbata,Botany Bay Cockroach,Insect,1,Sydney,16,False,,,,,
Pomatostomus superciliosus,White-browed Babbler,Bird,3,Adelaide | Canberra–Queanbeyan | Perth,252,False,,,,,
Pomatostomus temporalis,Grey-crowned Babbler,Bird,4,Brisbane | Canberra–Queanbeyan | Darwin | Melbourne,2401,False,,,,,
Pomponatius luridus,,Insect,2,Brisbane | Sydney,54,False,,,,,
Ponera leae,Ant,Insect,2,Melbourne | Sydney,7,False,,,,,
Poneridia australis,,Insect,2,Brisbane | Sydney,9,False,,,,,
Poneridia macdonaldi,,Insect,2,Brisbane | Melbourne,17,False,,,,,
Poneridia semipullata,Figleaf Beetle,Insect,3,Brisbane | Darwin | Sydney,260,False,,,,,
Pontania proxima,Willow Redgall Sawfly,Insect,1,Hobart,1,False,,,,,
Poodytes gramineus,Little Grassbird,Bird,7,Adelaide | Brisbane | Canberra–Queanbeyan | Hobart | Melbourne | Perth | Sydney,33277,False,,,,,
Poppiocapsidea biseratensis,,Insect,1,Brisbane,2,False,,,,,
Popplepsalta aeroides,,Insect,1,Sydney,92,False,,,,,
Popplepsalta annulata,,Insect,1,Brisbane,50,False,,,,,
Popplepsalta notialis,,Insect,3,Brisbane | Canberra–Queanbeyan | Sydney,357,False,,,,,
Popplepsalta rubristrigata,Red Scratcher,Insect,2,Adelaide | Melbourne,80,False,,,,,
Porander scudderi,Seed Bug,Insect,2,Melbourne | Sydney,4,False,,,,,
Porela albifinis,White-tailed Porela,Insect,1,Adelaide,2,False,,,,,
Porela amathodes,,Insect,1,Perth,2,False,,,,,
Porela cinerea,Lappet Moth,Insect,4,Brisbane | Canberra–Queanbeyan | Darwin | Sydney,43,False,,,,,
Porela delineata,Lappet Moth,Insect,3,Canberra–Queanbeyan | Melbourne | Sydney,97,False,,,,,
Porela subfasciata,Lappet Moth,Insect,1,Melbourne,2,False,,,,,
Porela vitulina,Lappet Moth,Insect,3,Brisbane | Canberra–Queanbeyan | Sydney,4,False,,,,,
Porismus strigatus,,Insect,5,Adelaide | Brisbane | Canberra–Queanbeyan | Melbourne | Sydney,242,False,,,,,
Poropterus bisignatus,,Insect,1,Sydney,1,False,,,,,
Poropterus conifer,,Insect,1,Melbourne,13,False,,,,,
Poropterus melancholicus,,Insect,1,Hobart,8,False,,,,,
Poropterus succisus,,Insect,1,Hobart,1,False,,,,,
Poropterus zopherus,,Insect,1,Hobart,1,False,,,,,
Porotermes adamsoni,Dampwood Termite,Insect,5,Adelaide | Canberra–Queanbeyan | Hobart | Melbourne | Sydney,69,False,,,,,
Porphyrio porphyrio,Australasian Purple Swamphen,Bird,8,Adelaide | Brisbane | Canberra–Queanbeyan | Darwin | Hobart | Melbourne | Perth | Sydney,205802,False,,,,,
Porphyrodema pictulifer,Plant Bug,Insect,1,Canberra–Queanbeyan,3,False,,,,,
Porraxia nana,,Insect,1,Perth,3,False,,,,,
Porrostoma fuscolineatum,,Insect,2,Melbourne | Sydney,7,False,,,,,
Porrostoma laterale,,Insect,3,Brisbane | Canberra–Queanbeyan | Sydney,49,False,,,,,
Porrostoma ordinarium,,Insect,1,Melbourne,10,False,,,,,
Porrostoma paradoxa,,Insect,1,Melbourne,26,False,,,,,
Porrostoma rhipidium,Long-nosed Lycid Beetle,Insect,7,Adelaide | Brisbane | Canberra–Queanbeyan | Hobart | Melbourne | Perth | Sydney,1036,False,,,,,
Porzana fluminea,Australian Spotted Crake,Bird,8,Adelaide | Brisbane | Canberra–Queanbeyan | Darwin | Hobart | Melbourne | Perth | Sydney,8630,False,,,,,
Potamarcha congener,Swampwatcher,Insect,1,Darwin,1,False,,,,,
Potorous tridactylus,Long-nosed Potoroo,Mammal,4,Brisbane | Darwin | Hobart | Sydney,14,False,,,,,
Praeacedes atomosella,,Insect,1,Brisbane,5,False,,,,,
Prasinocyma albicosta,,Insect,2,Brisbane | Darwin,27,False,,,,,
Prasinocyma iosticta,,Insect,2,Brisbane | Sydney,6,False,,,,,
Prasinocyma ocyptera,Emerald Moth,Insect,3,Adelaide | Brisbane | Perth,18,False,,,,,
Prasinocyma rhodocosma,Emerald Moth,Insect,5,Brisbane | Canberra–Queanbeyan | Darwin | Perth | Sydney,145,False,,,,,
Prasinocyma semicrocea,Geometer Moth,Insect,7,Adelaide | Brisbane | Canberra–Queanbeyan | Hobart | Melbourne | Perth | Sydney,346,False,,,,,
Praxibulus duplex,Common Praxibulus Grasshopper,Insect,1,Melbourne,3,False,,,,,
Praxibulus laminatus,,Insect,1,Sydney,1,False,,,,,
Praxis aterrima,,Insect,1,Canberra–Queanbeyan,4,False,,,,,
Praxis edwardsii,Owlet Moth,Insect,6,Adelaide | Canberra–Queanbeyan | Hobart | Melbourne | Perth | Sydney,30,False,,,,,
Praxis marmarinopa,Owlet Moth,Insect,6,Adelaide | Brisbane | Canberra–Queanbeyan | Melbourne | Perth | Sydney,41,False,,,,,
Praxis pandesma,Variable Praxis,Insect,4,Adelaide | Hobart | Melbourne | Sydney,9,False,,,,,
Praxis porphyretica,Owlet Moth,Insect,4,Canberra–Queanbeyan | Hobart | Melbourne | Sydney,32,False,,,,,
Prays autocasis,,Insect,2,Canberra–Queanbeyan | Melbourne,6,False,,,,,
Prays nephelomima,,Insect,4,Brisbane | Canberra–Queanbeyan | Melbourne | Sydney,34,False,,,,,
Prays parilis,,Insect,5,Brisbane | Canberra–Queanbeyan | Melbourne | Perth | Sydney,79,False,,,,,
Prepalla neurotenes,,Insect,1,Sydney,2,False,,,,,
Prepocosma innocens,,Insect,1,Brisbane,17,False,,,,,
Prepocosma tropica,,Insect,1,Darwin,1,False,,,,,
Priamima rubicunda,,Insect,1,Melbourne,1,False,,,,,
Primeuchroeus biroi,,Insect,1,Sydney,1,False,,,,,
Primeuchroeus relegatus,,Insect,1,Sydney,2,False,,,,,
Primeuchroeus thorpi,,Insect,1,Sydney,1,False,,,,,
Priobium multimaculatus,,Insect,3,Adelaide | Canberra–Queanbeyan | Melbourne,6,False,,,,,
Priocnemis tuberculatus,,Insect,1,Adelaide,2,False,,,,,
Prionocris acmaea,,Insect,1,Brisbane,1,False,,,,,
Prionocris charodes,,Insect,2,Brisbane | Melbourne,3,False,,,,,
Prionocris protoxantha,,Insect,6,Adelaide | Brisbane | Canberra–Queanbeyan | Hobart | Melbourne | Sydney,42,False,,,,,
Prionopterina grammatistis,,Insect,2,Brisbane | Perth,68,False,,,,,
Prionyx globosus,Wasp,Insect,3,Adelaide | Canberra–Queanbeyan | Perth,11,False,,,,,
Prionyx saevus,,Insect,2,Adelaide | Perth,12,False,,,,,
Pristaulacus flavoguttatus,,Insect,1,Hobart,2,False,,,,,
Pristaulacus formosus,,Insect,1,Melbourne,1,False,,,,,
Pristhesancus nigritus,,Insect,1,Darwin,3,False,,,,,
Pristhesancus plagipennis,Assassin Bug,Insect,6,Adelaide | Brisbane | Canberra–Queanbeyan | Melbourne | Perth | Sydney,2901,False,,,,,
Probatodes plumula,,Insect,1,Hobart,1,False,,,,,
Problepsis clemens,,Insect,1,Brisbane,1,False,,,,,
Procecidochares utilis,,Insect,1,Sydney,15,False,,,,,
Procellaria cinerea,Grey Petrel,Bird,1,Sydney,1,False,,,,,
Procellaria parkinsoni,Black Petrel,Bird,1,Sydney,3,False,,,,,
Procellaria westlandica,Westland Petrel,Bird,1,Melbourne,7,False,,,,,
Procladius paludicola,Midge,Insect,3,Adelaide | Melbourne | Sydney,19,False,,,,,
Procladius squamifer,Midge,Insect,1,Canberra–Queanbeyan,1,False,,,,,
Procladius villosimanus,Midge,Insect,2,Adelaide | Melbourne,6,False,,,,,
Procordulia affinis,Western Swamp Emerald,Insect,1,Perth,1,False,,,,,
Prodelaca achalinella,Concealer Moth,Insect,1,Adelaide,1,False,,,,,
Prodelodes samphoras,Concealer Moth,Insect,1,Canberra–Queanbeyan,1,False,,,,,
Progonia umbrifera,,Insect,3,Brisbane | Darwin | Sydney,120,False,,,,,
Progonica rhothias,,Insect,1,Melbourne,1,False,,,,,
Prohardyia carinata,,Insect,1,Melbourne,1,False,,,,,
Prolasius convexus,,Insect,1,Sydney,1,False,,,,,
Prolasius nitidissimus,Ant,Insect,1,Melbourne,1,False,,,,,
Promachus doddi,,Insect,1,Brisbane,13,False,,,,,
Promecoderus brunnicornis,,Insect,1,Hobart,1,False,,,,,
Promecoderus ovicollis,,Insect,1,Hobart,1,False,,,,,
Promethis angulata,,Insect,1,Melbourne,1,False,,,,,
Prometopus inassueta,Owlet Moth,Insect,3,Brisbane | Canberra–Queanbeyan | Sydney,18,False,,,,,
Prooedema inscisalis,,Insect,2,Brisbane | Darwin,6,False,,,,,
Prophaesia confusa,,Insect,4,Canberra–Queanbeyan | Hobart | Melbourne | Perth,8,False,,,,,
Prophanes simplex,,Insect,2,Canberra–Queanbeyan | Melbourne,7,False,,,,,
Propsednura eyrei,,Insect,1,Perth,3,False,,,,,
Propsocus pulchripennis,,Insect,2,Canberra–Queanbeyan | Melbourne,6,False,,,,,
Prorocopis euxantha,Owlet Moth,Insect,4,Brisbane | Canberra–Queanbeyan | Melbourne | Perth,15,False,,,,,
Prorodes mimica,,Insect,1,Brisbane,2,False,,,,,
Prosayleus hopei,,Insect,1,Hobart,2,False,,,,,
Prosopogmus chalybeipennis,,Insect,1,Hobart,1,False,,,,,
Prosotas dubiosa,Small Purple Line-blue,Insect,2,Brisbane | Darwin,145,False,,,,,
Prosotas felderi,Southern Line-blue,Insect,2,Brisbane | Sydney,110,False,,,,,
Prosotas nora,Long-tailed Line-blue,Insect,1,Brisbane,2,False,,,,,
Prospheres aurantiopictus,,Insect,1,Brisbane,1,False,,,,,
Prostomis cornuta,,Insect,1,Hobart,1,False,,,,,
Prosympiestus nasutus,Flat Bug,Insect,1,Hobart,1,False,,,,,
Protaetia fusca,Mottled Flower Scarab,Insect,4,Brisbane | Darwin | Perth | Sydney,281,False,,,,,
Protestrica montana,,Insect,1,Adelaide,1,False,,,,,
Protestrica stali,Shield Bug,Insect,1,Melbourne,3,False,,,,,
Protestrica subpunctata,,Insect,2,Brisbane | Sydney,8,False,,,,,
Proteuxoa adelopa,Owlet Moth,Insect,1,Melbourne,1,False,,,,,
Proteuxoa amaurodes,Owlet Moth,Insect,4,Adelaide | Canberra–Queanbeyan | Hobart | Melbourne,50,False,,,,,
Proteuxoa asbolaea,Owlet Moth,Insect,1,Adelaide,31,False,,,,,
Proteuxoa atra,Owlet Moth,Insect,2,Canberra–Queanbeyan | Melbourne,12,False,,,,,
Proteuxoa bistrigula,Owlet Moth,Insect,3,Canberra–Queanbeyan | Hobart | Melbourne,42,False,,,,,
Proteuxoa callimera,,Insect,1,Adelaide,14,False,,,,,
Proteuxoa capularis,Owlet Moth,Insect,3,Adelaide | Canberra–Queanbeyan | Melbourne,118,False,,,,,
Proteuxoa chrysospila,Owlet Moth,Insect,3,Adelaide | Canberra–Queanbeyan | Melbourne,6,False,,,,,
Proteuxoa cinereicollis,Owlet Moth,Insect,6,Adelaide | Canberra–Queanbeyan | Hobart | Melbourne | Perth | Sydney,37,False,,,,,
Proteuxoa coelenoptera,,Insect,1,Perth,1,False,,,,,
Proteuxoa confinis,,Insect,1,Brisbane,1,False,,,,,
Proteuxoa crypsicharis,Owlet Moth,Insect,1,Adelaide,1,False,,,,,
Proteuxoa cyanoloma,Owlet Moth,Insect,1,Melbourne,1,False,,,,,
Proteuxoa epiplecta,,Insect,1,Perth,24,False,,,,,
Proteuxoa florescens,Owlet Moth,Insect,3,Adelaide | Melbourne | Perth,16,False,,,,,
Proteuxoa goniographa,,Insect,1,Sydney,1,False,,,,,
Proteuxoa gypsina,Owlet Moth,Insect,1,Adelaide,14,False,,,,,
Proteuxoa heliosema,Owlet Moth,Insect,2,Adelaide | Perth,11,False,,,,,
Proteuxoa hydraecioides,Owlet Moth,Insect,4,Adelaide | Hobart | Melbourne | Perth,61,False,,,,,
Proteuxoa hypochalchis,Owlet Moth,Insect,4,Adelaide | Canberra–Queanbeyan | Melbourne | Perth,38,False,,,,,
Proteuxoa leptochroa,,Insect,4,Adelaide | Canberra–Queanbeyan | Hobart | Melbourne,10,False,,,,,
Proteuxoa leucosticta,Owlet Moth,Insect,1,Melbourne,8,False,,,,,
Proteuxoa marginalis,Owlet Moth,Insect,3,Canberra–Queanbeyan | Hobart | Melbourne,4,False,,,,,
Proteuxoa mesombra,Owlet Moth,Insect,1,Adelaide,3,False,,,,,
Proteuxoa metaneura,Owlet Moth,Insect,1,Adelaide,1,False,,,,,
Proteuxoa microspila,Owlet Moth,Insect,4,Adelaide | Canberra–Queanbeyan | Hobart | Melbourne,32,False,,,,,
Proteuxoa monochroa,Owlet Moth,Insect,1,Adelaide,2,False,,,,,
Proteuxoa nuna,Owlet Moth,Insect,2,Adelaide | Melbourne,11,False,,,,,
Proteuxoa nyctereutica,Owlet Moth,Insect,2,Canberra–Queanbeyan | Melbourne,10,False,,,,,
Proteuxoa oxygona,Owlet Moth,Insect,2,Canberra–Queanbeyan | Melbourne,7,False,,,,,
Proteuxoa paragypsa,,Insect,4,Adelaide | Canberra–Queanbeyan | Perth | Sydney,35,False,,,,,
Proteuxoa paratorna,Owlet Moth,Insect,2,Adelaide | Melbourne,11,False,,,,,
Proteuxoa passalota,Owlet Moth,Insect,1,Adelaide,1,False,,,,,
Proteuxoa poliocrossa,,Insect,1,Perth,1,False,,,,,
Proteuxoa porphyrescens,Owlet Moth,Insect,2,Canberra–Queanbeyan | Melbourne,80,False,,,,,
Proteuxoa restituta,Owlet Moth,Insect,5,Adelaide | Brisbane | Canberra–Queanbeyan | Melbourne | Sydney,39,False,,,,,
Proteuxoa rubripuncta,Owlet Moth,Insect,1,Hobart,1,False,,,,,
Proteuxoa sanguinipuncta,Owlet Moth,Insect,5,Adelaide | Canberra–Queanbeyan | Hobart | Melbourne | Sydney,54,False,,,,,
Proteuxoa sarcomorpha,Owlet Moth,Insect,1,Adelaide,4,False,,,,,
Proteuxoa senta,Owlet Moth,Insect,3,Adelaide | Hobart | Melbourne,7,False,,,,,
Proteuxoa testaceicollis,Owlet Moth,Insect,4,Brisbane | Canberra–Queanbeyan | Melbourne | Sydney,77,False,,,,,
Proteuxoa tibiata,Owlet Moth,Insect,3,Adelaide | Canberra–Queanbeyan | Perth,28,False,,,,,
Proteuxoa tortisigna,Streaked Rictonis Moth,Insect,5,Adelaide | Canberra–Queanbeyan | Hobart | Melbourne | Sydney,528,False,,,,,
Proteuxoa typhlopa,,Insect,1,Melbourne,2,False,,,,,
Protographium leosthenes,Four-barred Swordtail,Insect,1,Brisbane,6,False,,,,,
Protomiltogramma laticeps,Flesh Fly,Insect,1,Hobart,1,False,,,,,
Protonoceras eucosma,,Insect,1,Brisbane,5,False,,,,,
Protonoceras mitis,,Insect,1,Brisbane,10,False,,,,,
Protoplectron venustum,,Insect,1,Brisbane,1,False,,,,,
Protopulvinaria pyriformis,Pyriform Scale,Insect,1,Perth,2,False,,,,,
Protuliocnemis partita,,Insect,1,Brisbane,30,False,,,,,
Protyora sterculiae,,Insect,5,Adelaide | Brisbane | Canberra–Queanbeyan | Melbourne | Sydney,51,False,,,,,
Psalidostetha banksiae,Banksia Moth,Insect,3,Hobart | Perth | Sydney,9,False,,,,,
Psaltoda brachypennis,,Insect,1,Brisbane,1,False,,,,,
Psaltoda claripennis,,Insect,1,Brisbane,380,False,,,,,
Psaltoda flavescens,,Insect,1,Brisbane,1,False,,,,,
Psaltoda harrisii,Yellowbelly,Insect,2,Brisbane | Sydney,204,False,,,,,
Psaltoda moerens,Redeye,Insect,5,Adelaide | Canberra–Queanbeyan | Hobart | Melbourne | Sydney,623,False,,,,,
Psaltoda mossi,,Insect,1,Brisbane,2,False,,,,,
Psaltoda pictibasis,Black Friday,Insect,1,Brisbane,22,False,,,,,
Psaltoda plaga,Black Prince,Insect,3,Brisbane | Canberra–Queanbeyan | Sydney,1388,False,,,,,
Psapharus infaustus,,Insect,2,Melbourne | Sydney,20,False,,,,,
Psapharus mistothes,,Insect,1,Sydney,1,False,,,,,
Psaroxantha basilica,,Insect,2,Canberra–Queanbeyan | Sydney,11,False,,,,,
Psaroxantha calligenes,Concealer Moth,Insect,5,Brisbane | Canberra–Queanbeyan | Melbourne | Perth | Sydney,71,False,,,,,
Psaroxantha euryzona,,Insect,1,Brisbane,1,False,,,,,
Psectra nakaharai,Brown Lacewing,Insect,2,Hobart | Melbourne,84,False,,,,,
Psedna nana,Variable Psedna Grasshopper,Insect,1,Perth,7,False,,,,,
Psednura musgravei,Musgrave's Psednura,Insect,1,Brisbane,1,False,,,,,
Psednura pedestris,Common Psednura Grasshopper,Insect,4,Brisbane | Melbourne | Perth | Sydney,205,False,,,,,
Psephotellus dissimilis,Hooded Parrot,Bird,1,Darwin,4,False,,,,,
Psephotellus varius,Mulga Parrot,Bird,1,Sydney,2,False,,,,,
Psephotus haematonotus,Red-rumped Parrot,Bird,5,Adelaide | Brisbane | Canberra–Queanbeyan | Melbourne | Sydney,74920,False,,,,,
Pseudabispa bicolor,Wasp,Insect,4,Adelaide | Brisbane | Canberra–Queanbeyan | Sydney,97,False,,,,,
Pseudabispa confusa,,Insect,2,Brisbane | Sydney,4,False,,,,,
Pseudabispa ephippioides,,Insect,1,Brisbane,1,False,,,,,
Pseudagrion aureofrons,Gold-fronted Riverdamsel,Insect,3,Adelaide | Brisbane | Canberra–Queanbeyan,71,False,,,,,
Pseudagrion cingillum,Northern Riverdamsel,Insect,1,Brisbane,37,False,,,,,
Pseudagrion ignifer,Flame-headed Riverdamsel,Insect,1,Brisbane,57,False,,,,,
Pseudagrion jedda,Dusky Riverdamsel,Insect,1,Darwin,3,False,,,,,
Pseudagrion lucifer,Citrine-headed Riverdamsel,Insect,1,Darwin,1,False,,,,,
Pseudagrion microcephalum,Blue Riverdamsel,Insect,1,Brisbane,15,False,,,,,
Pseudalmenus chlorinda,Silky Hairstreak,Insect,2,Hobart | Melbourne,14,False,,,,,
Pseudanapaea denotata,,Insect,5,Adelaide | Brisbane | Canberra–Queanbeyan | Perth | Sydney,53,False,,,,,
Pseudanapaea dentifascia,,Insect,1,Perth,4,False,,,,,
Pseudanapaea transvestita,Cup Moth,Insect,5,Adelaide | Brisbane | Canberra–Queanbeyan | Melbourne | Sydney,99,False,,,,,
Pseudanilara piliventris,,Insect,1,Melbourne,1,False,,,,,
Pseudanilara purpureicollis,,Insect,1,Adelaide,4,False,,,,,
Pseudapines geminata,Pittosporum Bug,Insect,5,Adelaide | Brisbane | Canberra–Queanbeyan | Melbourne | Perth,245,False,,,,,
Pseudechis australis,Mulga Snake,Reptile,1,Perth,1,False,,,,,
Pseudechis guttatus,Blue-bellied Black Snake,Reptile,1,Sydney,9,False,,,,,
Pseudechis porphyriacus,Red-bellied Black Snake,Reptile,5,Adelaide | Brisbane | Canberra–Queanbeyan | Melbourne | Sydney,6924,False,,,,,
Pseudemoia entrecasteauxii,Southern Grass Skink,Reptile,4,Adelaide | Hobart | Melbourne | Sydney,23,False,,,,,
Pseudemoia pagenstecheri,Tussock Skink,Reptile,1,Melbourne,343,False,,,,,
Pseudemoia rawlinsoni,Glossy Grass Skink,Reptile,1,Melbourne,64,True,Vulnerable,Pseudemoia rawlinsoni,Pseudemoia rawlinsoni,"Glossy Grass Skink, Swampland Cool-skink, Rawlinson's Window-eyed Skink",2026-02-06
Pseudemoia spenceri,Trunk-climbing Cool-skink,Reptile,1,Melbourne,1,False,,,,,
Pseudemydura umbrina,Western Swamp Turtle,Reptile,1,Perth,3,True,Critically Endangered,Pseudemydura umbrina,Pseudemydura umbrina,Western Swamp Tortoise,2004-07-06
Pseudiglyphus grotiusi,,Insect,1,Melbourne,1,False,,,,,
Pseudoanthidium repetitum,,Insect,5,Brisbane | Canberra–Queanbeyan | Melbourne | Perth | Sydney,175,False,,,,,
Pseudobulweria rostrata,Tahiti Petrel,Bird,1,Sydney,1,False,,,,,
Pseudocephalus mirus,,Insect,1,Perth,1,False,,,,,
Pseudocheirus occidentalis,Western Ringtail Possum,Mammal,1,Perth,3,True,Critically Endangered,Pseudocheirus occidentalis,Pseudocheirus occidentalis,"Western Ringtail Possum, Ngwayir, Womp, Woder, Ngoor, Ngoolangit",2018-05-11
Pseudocheirus peregrinus,Common Ringtail Possum,Mammal,7,Adelaide | Brisbane | Canberra–Queanbeyan | Darwin | Hobart | Melbourne | Sydney,59655,False,,,,,
Pseudococcus longispinus,Long Tailed Mealybug,Insect,6,Adelaide | Brisbane | Hobart | Melbourne | Perth | Sydney,50,False,,,,,
Pseudocyclodinus strictus,,Insect,1,Melbourne,1,False,,,,,
Pseudocyclodinus unifasciatus,,Insect,1,Canberra–Queanbeyan,1,False,,,,,
Pseudoferania polylepis,Macleay's Water Snake,Reptile,1,Darwin,3,False,,,,,
Pseudofoenus iqbali,,Insect,1,Sydney,26,False,,,,,
Pseudofoenus patellatus,,Insect,1,Sydney,2,False,,,,,
Pseudofoenus spinitarsis,,Insect,2,Adelaide | Melbourne,2,False,,,,,
Pseudohalme laetabilis,,Insect,1,Melbourne,2,False,,,,,
Pseudoleria pectinata,Fly,Insect,1,Hobart,1,False,,,,,
Pseudolycus bivitticollis,,Insect,1,Melbourne,1,False,,,,,
Pseudolycus haemopterus,,Insect,2,Melbourne | Sydney,3,False,,,,,
Pseudolycus haemorrhoidalis,,Insect,2,Hobart | Melbourne,6,False,,,,,
Pseudolycus hilaris,,Insect,1,Melbourne,4,False,,,,,
Pseudolycus luctuosa,,Insect,1,Hobart,1,False,,,,,
Pseudolycus rufipennis,,Insect,2,Hobart | Melbourne,5,False,,,,,
Pseudolycus torridus,,Insect,1,Brisbane,17,False,,,,,
Pseudolynchia canariensis,,Insect,3,Brisbane | Melbourne | Sydney,5,False,,,,,
Pseudomantis albofimbriata,,Insect,5,Adelaide | Brisbane | Canberra–Queanbeyan | Melbourne | Sydney,3498,False,,,,,
Pseudomantis chlorophana,,Insect,1,Perth,2,False,,,,,
Pseudomys delicatulus,Delicate Mouse,Mammal,1,Brisbane,1,False,,,,,
Pseudomys gracilicaudatus,Eastern Chestnut Mouse,Mammal,1,Sydney,4,False,,,,,
Pseudomys hermannsburgensis,Sandy Inland Mouse,Mammal,1,Sydney,1,False,,,,,
Pseudomys novaehollandiae,New Holland Mouse,Mammal,4,Adelaide | Canberra–Queanbeyan | Melbourne | Sydney,34,True,Vulnerable,Pseudomys novaehollandiae,Pseudomys novaehollandiae,"Pookila, New Holland Mouse",2010-08-11
Pseudonaja affinis,Dugite,Reptile,1,Perth,103,False,,,,,
Pseudonaja mengdeni,Gwardar,Reptile,1,Perth,2,False,,,,,
Pseudonaja modesta,Ringed Brown Snake,Reptile,1,Sydney,2,False,,,,,
Pseudonaja nuchalis,Northern Brown Snake,Reptile,1,Darwin,13,False,,,,,
Pseudonaja textilis,Common Brown Snake,Reptile,5,Adelaide | Brisbane | Canberra–Queanbeyan | Melbourne | Sydney,2492,False,,,,,
Pseudoneoponera piliventris,,Insect,1,Adelaide,1,False,,,,,
Pseudonoorda metalloma,,Insect,1,Darwin,3,False,,,,,
Pseudonotoncus eurysikos,Ant,Insect,1,Melbourne,20,False,,,,,
Pseudonotoncus hirsutus,Ant,Insect,1,Melbourne,2,False,,,,,
Pseudopachybrachius guttus,,Insect,2,Brisbane | Darwin,6,False,,,,,
Pseudopantilius australis,Plant Bug,Insect,4,Adelaide | Canberra–Queanbeyan | Melbourne | Sydney,80,False,,,,,
Pseudopantilius ghaurii,,Insect,1,Perth,26,False,,,,,
Pseudopenthes fenestrata,Bee Fly,Insect,6,Brisbane | Canberra–Queanbeyan | Darwin | Melbourne | Perth | Sydney,17,False,,,,,
Pseudopenthes hesperis,,Insect,3,Adelaide | Melbourne | Perth,17,False,,,,,
Pseudoperga belinda,Sawfly,Insect,1,Melbourne,1,False,,,,,
Pseudoperga ferruginea,Sawfly,Insect,4,Brisbane | Canberra–Queanbeyan | Melbourne | Sydney,14,False,,,,,
Pseudoperga guerinii,Sawfly,Insect,2,Canberra–Queanbeyan | Melbourne,13,False,,,,,
Pseudoperga lewisii,Sawfly,Insect,2,Canberra–Queanbeyan | Melbourne,25,False,,,,,
Pseudoplites hamali,,Insect,1,Brisbane,1,False,,,,,
Pseudorca crassidens,False Killer Whale,Mammal,1,Sydney,2,False,,,,,
Pseudorhynchus lessonii,,Insect,4,Brisbane | Darwin | Perth | Sydney,213,False,,,,,
Pseudorhynchus mimeticus,,Insect,2,Brisbane | Sydney,10,False,,,,,
Pseudorhynchus selonis,,Insect,1,Brisbane,1,False,,,,,
Pseudoripersia turgipes,Casuarina Mealybug,Insect,1,Brisbane,9,False,,,,,
Pseudostoreus placitus,,Insect,3,Canberra–Queanbeyan | Hobart | Melbourne,9,False,,,,,
Pseudosynaleurodicus mayoi,,Insect,1,Perth,1,False,,,,,
Pseudotetracha australis,Tiger Beetle,Insect,1,Adelaide,1,False,,,,,
Pseudotheta syrtica,,Insect,1,Canberra–Queanbeyan,1,False,,,,,
Pseudotrielis congener,,Insect,1,Perth,3,False,,,,,
Pseudotrielis gilesi,,Insect,1,Perth,2,False,,,,,
Pseudozaphanera niger,Species Of Whiteflies,Insect,2,Adelaide | Melbourne,9,False,,,,,
Pseudozaphanera wariensis,Species Of Whiteflies,Insect,5,Adelaide | Brisbane | Canberra–Queanbeyan | Melbourne | Sydney,23,False,,,,,
Pseudozarba orthopetes,Owlet Moth,Insect,3,Canberra–Queanbeyan | Melbourne | Sydney,18,False,,,,,
Pseudozygomma maculipennis,,Insect,2,Melbourne | Sydney,6,False,,,,,
Psilalcis isombra,,Insect,2,Brisbane | Sydney,15,False,,,,,
Psilogramma argos,,Insect,1,Darwin,1,False,,,,,
Psilogramma maxmouldsi,,Insect,1,Brisbane,1,False,,,,,
Psilogramma menephron,,Insect,3,Brisbane | Darwin | Sydney,17,False,,,,,
Psilomorpha apicalis,,Insect,1,Melbourne,1,False,,,,,
Psilomorpha tenuipes,,Insect,2,Canberra–Queanbeyan | Melbourne,8,False,,,,,
Psilosticha absorpta,Geometer Moth,Insect,4,Canberra–Queanbeyan | Hobart | Melbourne | Sydney,276,False,,,,,
Psilosticha attacta,Geometer Moth,Insect,5,Brisbane | Canberra–Queanbeyan | Hobart | Melbourne | Sydney,25,False,,,,,
Psilosticha loxoschema,Geometer Moth,Insect,1,Adelaide,1,False,,,,,
Psilosticha pristis,Geometer Moth,Insect,5,Canberra–Queanbeyan | Hobart | Melbourne | Perth | Sydney,76,False,,,,,
Psilota auricauda,,Insect,1,Sydney,3,False,,,,,
Psilota bicolor,,Insect,1,Brisbane,1,False,,,,,
Psilota nitida,,Insect,1,Hobart,1,False,,,,,
Psilota rubra,,Insect,2,Canberra–Queanbeyan | Melbourne,8,False,,,,,
Psilota viridis,,Insect,1,Hobart,1,False,,,,,
Psittaconirmus launceloti,,Insect,1,Sydney,2,False,,,,,
Psittacula eupatria,Alexandrine Parrot,Bird,7,Adelaide | Brisbane | Canberra–Queanbeyan | Darwin | Melbourne | Perth | Sydney,204,False,,,,,
Psittacula krameri,Ring-necked Parakeet,Bird,7,Adelaide | Brisbane | Canberra–Queanbeyan | Darwin | Melbourne | Perth | Sydney,439,False,,,,,
Psitteuteles versicolor,Varied Lorikeet,Bird,1,Darwin,1384,False,,,,,
Psophodes nigrogularis,Western Whipbird,Bird,1,Sydney,2,False,,,,,
Psophodes olivaceus,Eastern Whipbird,Bird,4,Brisbane | Canberra–Queanbeyan | Melbourne | Sydney,40671,False,,,,,
Psoropempula erythrostethus,Spider Wasp,Insect,2,Adelaide | Melbourne,4,False,,,,,
Psychanisa baliodes,,Insect,1,Canberra–Queanbeyan,4,False,,,,,
Psychobiella occidentalis,,Insect,1,Adelaide,2,False,,,,,
Psychobiella sordida,,Insect,6,Adelaide | Brisbane | Canberra–Queanbeyan | Hobart | Melbourne | Sydney,50,False,,,,,
Psychoda alternata,Drain Fly,Insect,6,Adelaide | Brisbane | Canberra–Queanbeyan | Melbourne | Perth | Sydney,28,False,,,,,
Psychonotis caelius,Small Green-banded Blue,Insect,2,Brisbane | Sydney,535,False,,,,,
Psychopsis elegans,,Insect,1,Sydney,1,False,,,,,
Psychopsis insolens,,Insect,2,Brisbane | Sydney,18,False,,,,,
Psychopsis mimica,,Insect,1,Adelaide,5,False,,,,,
Psylacrida australis,,Insect,2,Melbourne | Sydney,3,False,,,,,
Psylliodes brettinghami,,Insect,1,Melbourne,1,False,,,,,
Pterapotrechus longicornis,,Insect,1,Darwin,1,False,,,,,
Pternistria bispina,,Insect,1,Brisbane,79,False,,,,,
Pterodontia davisi,,Insect,2,Hobart | Melbourne,2,False,,,,,
Pterodontia mellii,Fly,Insect,1,Canberra–Queanbeyan,10,False,,,,,
Pterodroma cervicalis,White-necked Petrel,Bird,1,Sydney,25,False,,,,,
Pterodroma cookii,Cook's Petrel,Bird,2,Melbourne | Sydney,4,False,,,,,
Pterodroma gouldi,Grey-faced Petrel,Bird,2,Brisbane | Sydney,162,False,,,,,
Pterodroma inexpectata,Mottled Petrel,Bird,1,Sydney,1,False,,,,,
Pterodroma lessonii,White-headed Petrel,Bird,1,Sydney,7,False,,,,,
Pterodroma leucoptera,Gould's Petrel,Bird,2,Brisbane | Sydney,33,True,Endangered,Pterodroma leucoptera leucoptera,Pterodroma leucoptera,"Gould's Petrel, Australian Gould's Petrel",2000-07-16
Pterodroma macroptera,Great-winged Petrel,Bird,3,Adelaide | Perth | Sydney,19,False,,,,,
Pterodroma mollis,Soft-plumaged Petrel,Bird,1,Perth,1,True,Vulnerable,Pterodroma mollis,Pterodroma mollis,Soft-plumaged Petrel,2000-07-16
Pterodroma neglecta,Kermadec Petrel,Bird,1,Sydney,2,False,,,,,
Pterodroma nigripennis,Black-winged Petrel,Bird,2,Brisbane | Sydney,20,False,,,,,
Pterodroma solandri,Providence Petrel,Bird,1,Sydney,9,False,,,,,
Pterohelaeus granulatus,Pie Dish Beetle,Insect,1,Adelaide,1,False,,,,,
Pterohelaeus granuliger,,Insect,1,Canberra–Queanbeyan,2,False,,,,,
Pterohelaeus guerini,,Insect,1,Canberra–Queanbeyan,2,False,,,,,
Pterohelaeus laticollis,,Insect,2,Brisbane | Sydney,2,False,,,,,
Pterohelaeus peltatus,,Insect,1,Hobart,4,False,,,,,
Pterohelaeus piceus,,Insect,2,Canberra–Queanbeyan | Sydney,93,False,,,,,
Pterohelaeus planus,,Insect,2,Canberra–Queanbeyan | Melbourne,18,False,,,,,
Pterohelaeus socialis,,Insect,1,Melbourne,2,False,,,,,
Pterohelaeus striatopunctatus,,Insect,3,Canberra–Queanbeyan | Melbourne | Sydney,90,False,,,,,
Pterolocera amplicornis,Lappet Moth,Insect,1,Melbourne,16,False,,,,,
Pterolocera elizabetha,Lappet Moth,Insect,1,Perth,3,False,,,,,
Pterolocera leucocera,Lappet Moth,Insect,2,Canberra–Queanbeyan | Melbourne,5,False,,,,,
Pteromalus puparum,,Insect,3,Hobart | Melbourne | Perth,4,False,,,,,
Pteronemobius arima,,Insect,1,Sydney,1,False,,,,,
Pteronemobius nundra,,Insect,1,Canberra–Queanbeyan,1,False,,,,,
Pterophorus albidus,,Insect,1,Brisbane,8,False,,,,,
Pteropus alecto,Black Flying-fox,Mammal,5,Brisbane | Canberra–Queanbeyan | Darwin | Melbourne | Sydney,1839,False,,,,,
Pteropus conspicillatus,Spectacled Flying-fox,Mammal,1,Brisbane,1,True,Endangered,Pteropus conspicillatus,Pteropus conspicillatus,Spectacled Flying-fox,2019-02-22
Pteropus poliocephalus,Grey-headed Flying-fox,Mammal,5,Adelaide | Brisbane | Canberra–Queanbeyan | Melbourne | Sydney,23929,True,Vulnerable,Pteropus poliocephalus,Pteropus poliocephalus,Grey-headed Flying-fox,2001-12-06
Pteropus scapulatus,Little Red Flying-fox,Mammal,6,Adelaide | Brisbane | Canberra–Queanbeyan | Darwin | Melbourne | Sydney,266,False,,,,,
Pteroxanium kelloggi,,Insect,1,Melbourne,1,False,,,,,
Pterygophorus cinctus,Sawfly,Insect,4,Brisbane | Canberra–Queanbeyan | Melbourne | Sydney,597,False,,,,,
Pterygophorus facielongus,Sawfly,Insect,1,Melbourne,1,False,,,,,
Pterygophorus insignis,,Insect,4,Brisbane | Canberra–Queanbeyan | Melbourne | Sydney,15,False,,,,,
Pterygophorus turneri,,Insect,1,Brisbane,1,False,,,,,
Pteryperga galla,,Insect,2,Brisbane | Sydney,42,False,,,,,
Ptilinopus magnificus,Wompoo Fruit-dove,Bird,2,Brisbane | Sydney,158,False,,,,,
Ptilinopus regina,Rose-crowned Fruit-dove,Bird,3,Brisbane | Darwin | Sydney,3355,False,,,,,
Ptilinopus superbus,Superb Fruit-dove,Bird,3,Brisbane | Darwin | Sydney,329,False,,,,,
Ptilocnemus distinctus,,Insect,1,Brisbane,1,False,,,,,
Ptilocnemus femoralis,Assassin Bug,Insect,3,Brisbane | Hobart | Melbourne,9,False,,,,,
Ptilocnemus lemur,Assassin Bug,Insect,7,Adelaide | Brisbane | Canberra–Queanbeyan | Hobart | Melbourne | Perth | Sydney,35,False,,,,,
Ptilocnemus sidnicus,Assassin Bug,Insect,4,Canberra–Queanbeyan | Hobart | Melbourne | Sydney,29,False,,,,,
Ptilogyna bicolor,Crane Fly,Insect,1,Sydney,1,False,,,,,
Ptilogyna gracilis,Crane Fly,Insect,3,Canberra–Queanbeyan | Melbourne | Sydney,9,False,,,,,
Ptilogyna olliffi,Crane Fly,Insect,1,Melbourne,3,False,,,,,
Ptilogyna ramicornis,,Insect,2,Brisbane | Sydney,110,False,,,,,
Ptilomacra senex,Moth,Insect,4,Adelaide | Brisbane | Melbourne | Sydney,24,False,,,,,
Ptilonorhynchus violaceus,Satin Bowerbird,Bird,4,Brisbane | Canberra–Queanbeyan | Melbourne | Sydney,22065,False,,,,,
Ptilophorus meyricki,,Insect,1,Melbourne,2,False,,,,,
Ptilophorus nervosa,,Insect,1,Perth,4,False,,,,,
Ptilophorus persimilis,,Insect,1,Canberra–Queanbeyan,3,False,,,,,
Ptilophorus pruinosa,,Insect,3,Canberra–Queanbeyan | Melbourne | Sydney,11,False,,,,,
Ptilophyllodromia biroi,,Insect,1,Hobart,2,False,,,,,
Ptiloris paradiseus,Paradise Riflebird,Bird,1,Brisbane,2,False,,,,,
Ptilotula flavescens,Yellow-tinted Honeyeater,Bird,1,Darwin,771,False,,,,,
Ptilotula fusca,Fuscous Honeyeater,Bird,4,Brisbane | Canberra–Queanbeyan | Melbourne | Sydney,1815,False,,,,,
Ptilotula keartlandi,Grey-headed Honeyeater,Bird,1,Darwin,31,False,,,,,
Ptilotula ornata,Yellow-plumed Honeyeater,Bird,4,Adelaide | Canberra–Queanbeyan | Perth | Sydney,175,False,,,,,
Ptilotula penicillata,White-plumed Honeyeater,Bird,5,Adelaide | Brisbane | Canberra–Queanbeyan | Melbourne | Sydney,75935,False,,,,,
Ptilotula plumula,Grey-fronted Honeyeater,Bird,1,Darwin,42,False,,,,,
Ptinus adeps,,Insect,2,Brisbane | Melbourne,2,False,,,,,
Ptinus albohumeralis,,Insect,1,Melbourne,2,False,,,,,
Ptinus exulans,Spider Beetle,Insect,1,Melbourne,4,False,,,,,
Ptinus medioglaber,,Insect,2,Hobart | Melbourne,6,False,,,,,
Ptochostola microphaeellus,,Insect,6,Adelaide | Brisbane | Canberra–Queanbeyan | Melbourne | Perth | Sydney,46,False,,,,,
Ptomaphila lacrymosa,Carrion Beetle,Insect,6,Adelaide | Canberra–Queanbeyan | Hobart | Melbourne | Perth | Sydney,200,False,,,,,
Ptomaphila perlata,Carrion Beetle,Insect,2,Brisbane | Sydney,6,False,,,,,
Ptyomaxia amaura,,Insect,1,Sydney,1,False,,,,,
Ptyomaxia trigonogramma,,Insect,2,Brisbane | Sydney,6,False,,,,,
Ptyoptila matutinella,Concealer Moth,Insect,5,Adelaide | Brisbane | Canberra–Queanbeyan | Melbourne | Sydney,357,False,,,,,
Ptyssoptera tetropa,,Insect,1,Perth,2,False,,,,,
Puffinus assimilis,Tasman Little Shearwater,Bird,2,Perth | Sydney,10,False,,,,,
Puffinus gavia,Fluttering Shearwater,Bird,3,Adelaide | Melbourne | Sydney,625,False,,,,,
Puffinus huttoni,Hutton's Shearwater,Bird,3,Brisbane | Melbourne | Sydney,487,False,,,,,
Pullimosina heteroneura,Small Dung Fly,Insect,1,Sydney,1,False,,,,,
Pulvinaria floccifera,Cottony Camellia Scale,Insect,1,Adelaide,1,False,,,,,
Pulvinaria mesembryanthemi,Iceplant Scale,Insect,6,Adelaide | Brisbane | Canberra–Queanbeyan | Melbourne | Perth | Sydney,69,False,,,,,
Purnella albifrons,White-fronted Honeyeater,Bird,4,Brisbane | Melbourne | Perth | Sydney,183,False,,,,,
Purpureicephalus spurius,Red-capped Parrot,Bird,1,Perth,6988,False,,,,,
Putoniessa aroka,,Insect,1,Canberra–Queanbeyan,1,False,,,,,
Putoniessa dorsalis,Leafhopper,Insect,1,Hobart,5,False,,,,,
Putoniessa neboissi,Leafhopper,Insect,1,Melbourne,4,False,,,,,
Pycnarmon cribrata,,Insect,2,Brisbane | Darwin,23,False,,,,,
Pycnarmon meritalis,,Insect,1,Brisbane,2,False,,,,,
Pycnobathra popularis,,Insect,1,Sydney,1,False,,,,,
Pycnobraconoides mutator,,Insect,1,Sydney,1,False,,,,,
Pycnocera hypoxantha,,Insect,2,Brisbane | Sydney,153,False,,,,,
Pycnonotus cafer,Red-vented Bulbul,Bird,1,Sydney,2,False,,,,,
Pycnonotus jocosus,Red-whiskered Bulbul,Bird,3,Canberra–Queanbeyan | Melbourne | Sydney,18179,False,,,,,
Pycnoptilus floccosus,Pilotbird,Bird,2,Melbourne | Sydney,60,True,Vulnerable,Pycnoptilus floccosus,Pycnoptilus floccosus,Pilotbird,2022-03-02
Pycnoscelus indicus,,Insect,2,Brisbane | Darwin,14,False,,,,,
Pycnoscelus surinamensis,Surinam Cockroach,Insect,5,Brisbane | Darwin | Melbourne | Perth | Sydney,109,False,,,,,
Pycnostictus seriatus,,Insect,7,Adelaide | Brisbane | Canberra–Queanbeyan | Darwin | Melbourne | Perth | Sydney,119,False,,,,,
Pycnozancla acribes,,Insect,1,Brisbane,4,False,,,,,
Pygophora apicalis,,Insect,7,Adelaide | Brisbane | Canberra–Queanbeyan | Hobart | Melbourne | Perth | Sydney,210,False,,,,,
Pygopus lepidopodus,Common Scaly-foot,Reptile,4,Adelaide | Brisbane | Perth | Sydney,68,False,,,,,
Pygospila bivittalis,,Insect,1,Darwin,3,False,,,,,
Pygospila tyres,,Insect,1,Darwin,6,False,,,,,
Pyralis farinalis,Meal Moth,Insect,6,Adelaide | Brisbane | Canberra–Queanbeyan | Melbourne | Perth | Sydney,389,False,,,,,
Pyralis manihotalis,,Insect,1,Brisbane,21,False,,,,,
Pyralis pictalis,,Insect,1,Brisbane,12,False,,,,,
Pyrausta testalis,,Insect,2,Brisbane | Darwin,7,False,,,,,
Pyrellia tasmaniae,,Insect,1,Melbourne,2,False,,,,,
Pyrgoptila serpentina,,Insect,1,Sydney,1,False,,,,,
Pyripnoa auricularia,,Insect,1,Brisbane,1,False,,,,,
Pyripnoa pyraspis,,Insect,1,Sydney,1,False,,,,,
Pyroderces falcatella,,Insect,3,Brisbane | Canberra–Queanbeyan | Sydney,21,False,,,,,
Pyroderces mesoptila,,Insect,2,Brisbane | Sydney,19,False,,,,,
Pyroderces rileyi,,Insect,1,Canberra–Queanbeyan,2,False,,,,,
Pyroderces tenuilinea,,Insect,1,Brisbane,2,False,,,,,
Pyroderces terminella,,Insect,4,Brisbane | Canberra–Queanbeyan | Melbourne | Sydney,17,False,,,,,
Pyropsalta amnica,,Insect,1,Perth,14,False,,,,,
Pyropsalta melete,Red Bandit,Insect,1,Perth,14,False,,,,,
Pyropsalta patula,,Insect,1,Perth,2,False,,,,,
Pyropsalta rhythmica,Sprinkler Cicada,Insect,1,Perth,12,False,,,,,
Pyrrholaemus sagittatus,Speckled Warbler,Bird,3,Brisbane | Canberra–Queanbeyan | Sydney,1420,False,,,,,
Pyrrhyllis laevifrons,,Insect,1,Hobart,1,False,,,,,
Pyrtaula fenestralis,Fungus Gnat,Insect,1,Melbourne,11,False,,,,,
Pytinaea group pytinaea,,Insect,1,Sydney,1,False,,,,,
Pytinaea group schistopa,,Insect,4,Brisbane | Canberra–Queanbeyan | Melbourne | Sydney,69,False,,,,,
Quasicooronga connecta,Primitive Crane Fly,Insect,1,Canberra–Queanbeyan,3,False,,,,,
Quasispermophorella neuropunctata,,Insect,1,Perth,1,False,,,,,
Quedius baldiensis,,Insect,1,Hobart,2,False,,,,,
Quedius ruficollis,,Insect,1,Melbourne,4,False,,,,,
Quedius tepperi,,Insect,1,Hobart,1,False,,,,,
Questopogon affinis,,Insect,1,Perth,1,False,,,,,
Quoyornis georgiana,White-breasted Robin,Bird,1,Perth,89,False,,,,,
Racotis maculata,,Insect,1,Brisbane,9,False,,,,,
Radjah radjah,Rajah Shelduck,Bird,5,Adelaide | Brisbane | Darwin | Perth | Sydney,3504,False,,,,,
Radumeris radula,,Insect,4,Adelaide | Brisbane | Darwin | Perth,9,False,,,,,
Radumeris tasmaniensis,Parasitoid Wasp,Insect,7,Adelaide | Brisbane | Canberra–Queanbeyan | Darwin | Melbourne | Perth | Sydney,106,False,,,,,
Ragwelellus suspectus,,Insect,3,Brisbane | Darwin | Sydney,39,False,,,,,
Ramsayornis fasciatus,Bar-breasted Honeyeater,Bird,1,Darwin,2314,False,,,,,
Ranatra dispar,Needle Bug,Insect,6,Adelaide | Brisbane | Canberra–Queanbeyan | Melbourne | Perth | Sydney,22,False,,,,,
Rankinia diemensis,Mountain Dragon,Reptile,3,Canberra–Queanbeyan | Hobart | Sydney,56,False,,,,,
Rapala varuna,Indigo Flash,Insect,1,Brisbane,109,False,,,,,
Raparna crocophara,,Insect,1,Darwin,3,False,,,,,
Rapsilla fusca,,Insect,1,Sydney,1,False,,,,,
Raractocetus kreusleri,,Insect,1,Melbourne,1,False,,,,,
Rattus fuscipes,Bush Rat,Mammal,6,Adelaide | Brisbane | Canberra–Queanbeyan | Melbourne | Perth | Sydney,10945,False,,,,,
Rattus lutreolus,Swamp Rat,Mammal,4,Brisbane | Hobart | Melbourne | Sydney,1311,False,,,,,
Rattus norvegicus,Brown Rat,Mammal,7,Adelaide | Brisbane | Canberra–Queanbeyan | Hobart | Melbourne | Perth | Sydney,697,False,,,,,
Rattus rattus,Black Rat,Mammal,8,Adelaide | Brisbane | Canberra–Queanbeyan | Darwin | Hobart | Melbourne | Perth | Sydney,5497,False,,,,,
Rayieria acaciae,Plant Bug,Insect,5,Brisbane | Canberra–Queanbeyan | Melbourne | Perth | Sydney,168,False,,,,,
Rayieria basifer,Plant Bug,Insect,5,Brisbane | Canberra–Queanbeyan | Melbourne | Perth | Sydney,120,False,,,,,
Reburrus bancrofti,,Insect,1,Brisbane,5,False,,,,,
Rectitropis exclusa,,Insect,1,Darwin,1,False,,,,,
Recurvirostra novaehollandiae,Red-necked Avocet,Bird,7,Adelaide | Brisbane | Canberra–Queanbeyan | Darwin | Melbourne | Perth | Sydney,7304,False,,,,,
Rehimena cissophora,,Insect,1,Brisbane,4,False,,,,,
Rehimena phrynealis,,Insect,1,Darwin,2,False,,,,,
Rehimena surusalis,,Insect,1,Brisbane,4,False,,,,,
Remaudiereana inornata,Seed Bug,Insect,6,Adelaide | Brisbane | Canberra–Queanbeyan | Melbourne | Perth | Sydney,191,False,,,,,
Remaudiereana nigriceps,,Insect,1,Brisbane,1,False,,,,,
Remotaspidiotus bossieae,Scale Insect,Insect,1,Melbourne,8,False,,,,,
Rentinus dilatatus,Planthopper,Insect,7,Adelaide | Brisbane | Canberra–Queanbeyan | Hobart | Melbourne | Perth | Sydney,184,False,,,,,
Repsimus aeneus,Repsimus Beetle,Insect,2,Brisbane | Sydney,42,False,,,,,
Repsimus manicatus,,Insect,3,Brisbane | Canberra–Queanbeyan | Sydney,85,False,,,,,
Requena baraya,,Insect,1,Melbourne,63,False,,,,,
Requena verticalis,,Insect,1,Perth,144,False,,,,,
Resseliella xanthorrhoeae,,Insect,1,Melbourne,1,False,,,,,
Reuplemmeles hobartensis,Leafhopper,Insect,3,Brisbane | Canberra–Queanbeyan | Sydney,8,False,,,,,
Rhabdoscelus interstitialis,,Insect,2,Brisbane | Perth,2,False,,,,,
Rhabdoscelus obscurus,Sugarcane Weevil Borer,Insect,1,Brisbane,9,False,,,,,
Rhadinoloba periculosa,,Insect,1,Sydney,1,False,,,,,
Rhadinoloba tyrianthina,,Insect,1,Brisbane,1,False,,,,,
Rhadinosomus lacordairei,Thin Strawberry Weevil,Insect,4,Brisbane | Canberra–Queanbeyan | Melbourne | Perth,9,False,,,,,
Rhadinosticta banksi,Northern Wiretail,Insect,1,Darwin,4,False,,,,,
Rhadinosticta simplex,Powdered Wiretail,Insect,4,Brisbane | Canberra–Queanbeyan | Melbourne | Sydney,93,False,,,,,
Rhagadolyra handlirschi,,Insect,2,Brisbane | Sydney,10,False,,,,,
Rhagadolyra magnicornis,Acalyptrate Fly,Insect,4,Brisbane | Canberra–Queanbeyan | Hobart | Melbourne,87,False,,,,,
Rhagadotarsus anomalus,Water Strider,Insect,1,Brisbane,6,False,,,,,
Rhagigaster ephippiger,,Insect,1,Canberra–Queanbeyan,6,False,,,,,
Rhagigaster lyelli,,Insect,1,Melbourne,28,False,,,,,
Rhagigaster scalae,,Insect,1,Hobart,1,False,,,,,
Rhamphus acaciae,,Insect,1,Hobart,1,False,,,,,
Rhantaticus congestus,Diving Beetle,Insect,1,Brisbane,1,False,,,,,
Rhantus suturalis,Diving Beetle,Insect,7,Adelaide | Brisbane | Canberra–Queanbeyan | Hobart | Melbourne | Perth | Sydney,190,False,,,,,
Rhapsa eretmophora,,Insect,1,Sydney,3,False,,,,,
Rhapsa occidentalis,,Insect,1,Perth,1,False,,,,,
Rhapsa suscitatalis,Owlet Moth,Insect,5,Adelaide | Canberra–Queanbeyan | Hobart | Melbourne | Sydney,273,False,,,,,
Rhegmoclemina batilliformia,,Insect,1,Hobart,2,False,,,,,
Rhesala imparata,,Insect,2,Brisbane | Darwin,8,False,,,,,
Rhesalides curvata,,Insect,2,Brisbane | Darwin,13,False,,,,,
Rhimphalea sceletalis,,Insect,1,Brisbane,4,False,,,,,
Rhinaria cristata,,Insect,1,Melbourne,2,False,,,,,
Rhinaria granulosa,,Insect,3,Adelaide | Hobart | Melbourne,35,False,,,,,
Rhinaria tragocephala,,Insect,3,Adelaide | Melbourne | Perth,7,False,,,,,
Rhinocyllus conicus,Thistle Seedhead Weevil,Insect,3,Adelaide | Hobart | Melbourne,82,False,,,,,
Rhinodia rostraria,Geometer Moth,Insect,5,Adelaide | Brisbane | Canberra–Queanbeyan | Melbourne | Perth,83,False,,,,,
Rhinodia undiferaria,,Insect,1,Perth,14,False,,,,,
Rhinolophus megaphyllus,Southern Horseshoe Bat,Mammal,4,Brisbane | Canberra–Queanbeyan | Melbourne | Sydney,121,False,,,,,
Rhinoncus australis,,Insect,1,Melbourne,2,False,,,,,
Rhinonicteris aurantia,Orange Leaf-nosed Bat,Mammal,1,Darwin,3,False,,,,,
Rhinophthalmus modestus,,Insect,3,Brisbane | Melbourne | Sydney,17,False,,,,,
Rhinophthalmus nasutus,,Insect,7,Adelaide | Brisbane | Canberra–Queanbeyan | Hobart | Melbourne | Perth | Sydney,72,False,,,,,
Rhinophthalmus parvus,,Insect,1,Brisbane,2,False,,,,,
Rhinotia adelaidae,,Insect,2,Canberra–Queanbeyan | Melbourne,11,False,,,,,
Rhinotia bidentata,Two-spotted Weevil,Insect,5,Canberra–Queanbeyan | Hobart | Melbourne | Perth | Sydney,34,False,,,,,
Rhinotia bimaculata,,Insect,2,Hobart | Melbourne,30,False,,,,,
Rhinotia brunnea,,Insect,6,Adelaide | Brisbane | Canberra–Queanbeyan | Melbourne | Perth | Sydney,37,False,,,,,
Rhinotia centralis,,Insect,1,Sydney,1,False,,,,,
Rhinotia cristata,,Insect,1,Melbourne,4,False,,,,,
Rhinotia filiformis,,Insect,3,Adelaide | Canberra–Queanbeyan | Melbourne,15,False,,,,,
Rhinotia haemoptera,Slender Red Weevil,Insect,5,Brisbane | Canberra–Queanbeyan | Hobart | Melbourne | Sydney,67,False,,,,,
Rhinotia hemisticta,,Insect,2,Canberra–Queanbeyan | Melbourne,3,False,,,,,
Rhinotia lineata,,Insect,4,Brisbane | Canberra–Queanbeyan | Melbourne | Sydney,158,False,,,,,
Rhinotia marginella,,Insect,1,Sydney,2,False,,,,,
Rhinotia melanocephala,,Insect,4,Adelaide | Melbourne | Perth | Sydney,24,False,,,,,
Rhinotia plagiata,,Insect,1,Brisbane,1,False,,,,,
Rhinotia povera,,Insect,4,Brisbane | Canberra–Queanbeyan | Melbourne | Sydney,28,False,,,,,
Rhinotia semipunctata,Spotted Weevil,Insect,2,Brisbane | Sydney,5,False,,,,,
Rhinotia simplicipennis,,Insect,1,Sydney,1,False,,,,,
Rhinotia sparsa,Slender Weevil,Insect,2,Canberra–Queanbeyan | Melbourne,39,False,,,,,
Rhinotia suturalis,Tailed Weevil,Insect,5,Adelaide | Canberra–Queanbeyan | Melbourne | Perth | Sydney,81,False,,,,,
Rhinotia tenuis,,Insect,2,Melbourne | Sydney,6,False,,,,,
Rhinotia venusta,,Insect,3,Brisbane | Melbourne | Sydney,12,False,,,,,
Rhinotiodes spinipennis,,Insect,1,Sydney,3,False,,,,,
Rhipicera femorata,Feather-horned Beetle,Insect,5,Canberra–Queanbeyan | Hobart | Melbourne | Perth | Sydney,114,False,,,,,
Rhipicera reichei,,Insect,2,Melbourne | Sydney,46,False,,,,,
Rhipidia pallidistigma,,Insect,2,Brisbane | Melbourne,2,False,,,,,
Rhipidura albiscapa,Grey Fantail,Bird,8,Adelaide | Brisbane | Canberra–Queanbeyan | Darwin | Hobart | Melbourne | Perth | Sydney,178470,False,,,,,
Rhipidura dryas,Arafura Fantail,Bird,1,Darwin,1341,False,,,,,
Rhipidura fuliginosa,New Zealand Fantail,Bird,2,Melbourne | Sydney,30,False,,,,,
Rhipidura leucophrys,Willie Wagtail,Bird,8,Adelaide | Brisbane | Canberra–Queanbeyan | Darwin | Hobart | Melbourne | Perth | Sydney,251337,False,,,,,
Rhipidura phasiana,Mangrove Grey Fantail,Bird,1,Darwin,39,False,,,,,
Rhipidura rufifrons,Rufous Fantail,Bird,5,Brisbane | Canberra–Queanbeyan | Darwin | Melbourne | Sydney,17850,False,,,,,
Rhipidura rufiventris,Northern Fantail,Bird,1,Darwin,5843,False,,,,,
Rhitzala modesta,Upland Heath Grasshopper,Insect,2,Melbourne | Sydney,53,False,,,,,
Rhodina falculalis,Owlet Moth,Insect,2,Melbourne | Sydney,4,False,,,,,
Rhodomantis disparilis,,Insect,1,Perth,1,False,,,,,
Rhodomantis queenslandica,,Insect,1,Darwin,2,False,,,,,
Rhodothemis lieftincki,Red Arrow,Insect,4,Brisbane | Darwin | Perth | Sydney,656,False,,,,,
Rhopaea heterodactyla,,Insect,2,Brisbane | Melbourne,2,False,,,,,
Rhopaea magnicornis,,Insect,5,Adelaide | Brisbane | Canberra–Queanbeyan | Melbourne | Sydney,268,False,,,,,
Rhopaea verreauxii,Cocksfoot Grub,Insect,1,Sydney,1,False,,,,,
Rhopalosiphum maidis,Corn Aphid,Insect,1,Melbourne,2,False,,,,,
Rhopalosiphum nymphaeae,Waterlily Aphid,Insect,4,Adelaide | Melbourne | Perth | Sydney,5,False,,,,,
Rhopalosiphum padi,Wheat Aphid,Insect,2,Melbourne | Perth,4,False,,,,,
Rhopobota hortaria,,Insect,1,Brisbane,1,False,,,,,
Rhotana ramentosa,,Insect,1,Brisbane,3,False,,,,,
Rhotana septemmaculata,,Insect,2,Brisbane | Darwin,2,False,,,,,
Rhotidoides montana,Leafhopper,Insect,1,Hobart,1,False,,,,,
Rhotidoides punctivena,,Insect,1,Canberra–Queanbeyan,4,False,,,,,
Rhotidus teliformis,Leafhopper,Insect,1,Melbourne,4,False,,,,,
Rhuma argyraspis,Webbed Grey,Insect,4,Adelaide | Canberra–Queanbeyan | Melbourne | Perth,50,False,,,,,
Rhuma subaurata,,Insect,3,Brisbane | Canberra–Queanbeyan | Sydney,27,False,,,,,
Rhynchina inornata,,Insect,1,Darwin,2,False,,,,,
Rhynchium mirabile,,Insect,1,Brisbane,1,False,,,,,
Rhynchium superbum,,Insect,4,Brisbane | Darwin | Perth | Sydney,42,False,,,,,
Rhynchocoris humeralis,,Insect,1,Melbourne,1,False,,,,,
Rhynchopsota delogramma,Geometer Moth,Insect,2,Hobart | Melbourne,6,False,,,,,
Rhynchopsota rhyncophora,Geometer Moth,Insect,2,Adelaide | Hobart,4,False,,,,,
Rhynolaccus exsertus,,Insect,1,Perth,9,False,,,,,
Rhynolaccus formicarius,,Insect,3,Brisbane | Melbourne | Sydney,111,False,,,,,
Rhyothemis braganza,Iridescent Flutterer,Insect,1,Darwin,9,False,,,,,
Rhyothemis graphiptera,Graphic Flutterer,Insect,3,Brisbane | Darwin | Sydney,698,False,,,,,
Rhyothemis phyllis,Yellow-stripped Flutterer,Insect,2,Brisbane | Darwin,56,False,,,,,
Rhyparida australis,Cotton Stalkgirdling Beetle,Insect,3,Brisbane | Melbourne | Sydney,28,False,,,,,
Rhyparida brevilineata,,Insect,2,Brisbane | Darwin,32,False,,,,,
Rhyparida didyma,,Insect,1,Darwin,1,False,,,,,
Rhytidoponera anceps,,Insect,1,Brisbane,9,False,,,,,
Rhytidoponera aspera,Rough Blue Pony Ant,Insect,3,Canberra–Queanbeyan | Melbourne | Sydney,153,False,,,,,
Rhytidoponera chalybaea,,Insect,2,Brisbane | Sydney,43,False,,,,,
Rhytidoponera confusa,Ant,Insect,2,Melbourne | Sydney,31,False,,,,,
Rhytidoponera convexa,,Insect,1,Brisbane,2,False,,,,,
Rhytidoponera enigmatica,,Insect,1,Sydney,1,False,,,,,
Rhytidoponera impressa,,Insect,3,Brisbane | Melbourne | Sydney,56,False,,,,,
Rhytidoponera inornata,,Insect,1,Perth,2,False,,,,,
Rhytidoponera levior,,Insect,1,Perth,3,False,,,,,
Rhytidoponera maniae,Ant,Insect,1,Adelaide,9,False,,,,,
Rhytidoponera mayri,Titan Pony Ant,Insect,1,Adelaide,15,False,,,,,
Rhytidoponera metallica,Metallic Pony Ants,Insect,6,Adelaide | Brisbane | Canberra–Queanbeyan | Melbourne | Perth | Sydney,1702,False,,,,,
Rhytidoponera nodifera,,Insect,1,Brisbane,22,False,,,,,
Rhytidoponera punctata,,Insect,1,Adelaide,4,False,,,,,
Rhytidoponera scabrior,,Insect,1,Brisbane,5,False,,,,,
Rhytidoponera tasmaniensis,Ant,Insect,4,Canberra–Queanbeyan | Hobart | Melbourne | Sydney,148,False,,,,,
Rhytidoponera victoriae,Ant,Insect,5,Brisbane | Canberra–Queanbeyan | Hobart | Melbourne | Sydney,339,False,,,,,
Rhytidoponera violacea,,Insect,1,Perth,30,False,,,,,
Rhytiphora bakewelli,,Insect,2,Brisbane | Sydney,18,False,,,,,
Rhytiphora bankii,,Insect,3,Brisbane | Darwin | Sydney,75,False,,,,,
Rhytiphora cinnamomea,,Insect,1,Brisbane,1,False,,,,,
Rhytiphora collaris,,Insect,3,Brisbane | Canberra–Queanbeyan | Sydney,16,False,,,,,
Rhytiphora cruciata,,Insect,1,Melbourne,1,False,,,,,
Rhytiphora decipiens,,Insect,4,Adelaide | Brisbane | Melbourne | Sydney,49,False,,,,,
Rhytiphora diva,,Insect,1,Brisbane,11,False,,,,,
Rhytiphora lateralis,,Insect,1,Canberra–Queanbeyan,2,False,,,,,
Rhytiphora neglecta,,Insect,3,Brisbane | Canberra–Queanbeyan | Sydney,11,False,,,,,
Rhytiphora nigrovirens,Beetle,Insect,3,Brisbane | Melbourne | Sydney,68,False,,,,,
Rhytiphora obliqua,,Insect,1,Adelaide,2,False,,,,,
Rhytiphora oblitus,,Insect,1,Brisbane,1,False,,,,,
Rhytiphora pardalis,,Insect,1,Brisbane,2,False,,,,,
Rhytiphora paulla,,Insect,1,Canberra–Queanbeyan,1,False,,,,,
Rhytiphora piligera,,Insect,4,Brisbane | Canberra–Queanbeyan | Melbourne | Sydney,22,False,,,,,
Rhytiphora piperitia,,Insect,1,Darwin,8,False,,,,,
Rhytiphora rubeta,,Insect,1,Sydney,2,False,,,,,
Rhytiphora vermicularia,,Insect,4,Brisbane | Melbourne | Perth | Sydney,16,False,,,,,
Rhytiphora waterhousei,,Insect,1,Adelaide,1,False,,,,,
Rhyzobius alphabeticus,,Insect,1,Hobart,2,False,,,,,
Rhyzobius fasciculatus,,Insect,1,Brisbane,3,False,,,,,
Rhyzobius forestieri,Black Ladybird,Insect,4,Adelaide | Brisbane | Canberra–Queanbeyan | Melbourne,7,False,,,,,
Rhyzobius lophanthae,,Insect,6,Adelaide | Brisbane | Canberra–Queanbeyan | Melbourne | Perth | Sydney,31,False,,,,,
Rhyzobius pulchellus,,Insect,1,Hobart,1,False,,,,,
Rhyzobius pulcher,,Insect,1,Hobart,3,False,,,,,
Rhyzobius ventralis,Black Lady Beetle,Insect,3,Canberra–Queanbeyan | Hobart | Melbourne,9,False,,,,,
Rhyzopertha dominica,Lesser Grain Borer Beetle,Insect,4,Brisbane | Hobart | Perth | Sydney,7,False,,,,,
Ricania limbata,,Insect,1,Darwin,4,False,,,,,
Riekoleon furcatus,,Insect,1,Brisbane,1,False,,,,,
Riekoleon rudda,,Insect,1,Canberra–Queanbeyan,2,False,,,,,
Riekophion emandibulator,,Insect,1,Perth,1,False,,,,,
Riptortus abdominalis,,Insect,3,Brisbane | Darwin | Sydney,44,False,,,,,
Riptortus linearis,Bean Podsucking Bug,Insect,2,Brisbane | Darwin,14,False,,,,,
Riptortus serripes,Podsucking Bug,Insect,2,Brisbane | Sydney,256,False,,,,,
Risbecoma acaciarum,,Insect,1,Melbourne,1,False,,,,,
Risoba obstructa,,Insect,2,Darwin | Perth,2,False,,,,,
Rivellia connata,,Insect,4,Adelaide | Brisbane | Melbourne | Sydney,18,False,,,,,
Rivula concinna,,Insect,2,Brisbane | Darwin,2,False,,,,,
Rivula niphodesma,,Insect,1,Darwin,1,False,,,,,
Robshelfordia circumducta,Shelford's Cockroach,Insect,5,Adelaide | Brisbane | Canberra–Queanbeyan | Melbourne | Sydney,55,False,,,,,
Robshelfordia simplex,,Insect,1,Canberra–Queanbeyan,9,False,,,,,
Rodatus boucardi,,Insect,4,Brisbane | Canberra–Queanbeyan | Melbourne | Sydney,16,False,,,,,
Ropalidia darwini,,Insect,1,Darwin,1,False,,,,,
Ropalidia gracilenta,,Insect,2,Brisbane | Sydney,10,False,,,,,
Ropalidia gregaria,,Insect,1,Brisbane,6,False,,,,,
Ropalidia impetuosa,Wasp,Insect,1,Brisbane,4,False,,,,,
Ropalidia plebeiana,Wasp,Insect,3,Brisbane | Canberra–Queanbeyan | Sydney,148,False,,,,,
Ropalidia revolutionalis,,Insect,2,Brisbane | Darwin,268,False,,,,,
Ropalidia romandi,,Insect,2,Brisbane | Darwin,162,False,,,,,
Ropalidia socialistica,,Insect,1,Brisbane,12,False,,,,,
Roscidotoga callicomae,,Insect,1,Sydney,4,False,,,,,
Rosopaella crofta,Leafhopper,Insect,2,Hobart | Sydney,3,False,,,,,
Rosopaella cuprea,,Insect,2,Canberra–Queanbeyan | Melbourne,10,False,,,,,
Rosopaella geoffroyi,Leafhopper,Insect,2,Adelaide | Melbourne,2,False,,,,,
Rosopaella kirkaldyi,Leafhopper,Insect,2,Canberra–Queanbeyan | Melbourne,3,False,,,,,
Rosopaella leurensis,Leafhopper,Insect,4,Brisbane | Canberra–Queanbeyan | Hobart | Melbourne,12,False,,,,,
Rosopaella lopada,Leafhopper,Insect,3,Adelaide | Canberra–Queanbeyan | Melbourne,20,False,,,,,
Rosopaella praeda,Leafhopper,Insect,2,Melbourne | Perth,4,False,,,,,
Rosopaella rubrofascia,Leafhopper,Insect,2,Brisbane | Sydney,3,False,,,,,
Rostratula australis,Australian Painted Snipe,Bird,4,Adelaide | Brisbane | Canberra–Queanbeyan | Sydney,331,True,Endangered,Rostratula australis,Rostratula australis,Australian Painted Snipe,2013-05-15
Rostropria simplex,,Insect,1,Canberra–Queanbeyan,1,False,,,,,
Rostropria spiniventris,,Insect,1,Canberra–Queanbeyan,8,False,,,,,
Rotundopteryx illustrata,,Insect,2,Adelaide | Melbourne,30,False,,,,,
Rubria sanguinosa,,Insect,1,Canberra–Queanbeyan,2,False,,,,,
Rugosothynnus corrugatus,,Insect,1,Melbourne,4,False,,,,,
Rupicolana celatrix,,Insect,4,Brisbane | Canberra–Queanbeyan | Melbourne | Sydney,20,False,,,,,
Rupicolana orthias,,Insect,4,Adelaide | Canberra–Queanbeyan | Melbourne | Perth,89,False,,,,,
Rupicolana rupicolana,,Insect,1,Canberra–Queanbeyan,1,False,,,,,
Rupicolana stereodes,,Insect,1,Melbourne,2,False,,,,,
Russalpia albertisi,,Insect,1,Hobart,1,False,,,,,
Rutilia agalmiodes,,Insect,1,Brisbane,1,False,,,,,
Rutilia analoga,Horse Fly,Insect,1,Melbourne,1,False,,,,,
Rutilia argentifera,,Insect,4,Brisbane | Canberra–Queanbeyan | Melbourne | Sydney,85,False,,,,,
Rutilia cingulata,,Insect,2,Melbourne | Sydney,8,False,,,,,
Rutilia formosa,Horse Fly,Insect,3,Canberra–Queanbeyan | Melbourne | Sydney,22,False,,,,,
Rutilia imperialis,Horse Fly,Insect,2,Canberra–Queanbeyan | Melbourne,2,False,,,,,
Rutilia inusta,Horse Fly,Insect,3,Brisbane | Canberra–Queanbeyan | Melbourne,4,False,,,,,
Rutilia lepida,Horse Fly,Insect,1,Brisbane,1,False,,,,,
Rutilia micropalpis,,Insect,1,Canberra–Queanbeyan,1,False,,,,,
Rutilia quadripunctata,Horse Fly,Insect,2,Brisbane | Melbourne,3,False,,,,,
Rutilia setosa,Horse Fly,Insect,2,Canberra–Queanbeyan | Sydney,6,False,,,,,
Rutilia simplex,Horse Fly,Insect,2,Brisbane | Sydney,3,False,,,,,
Rutilia splendida,Horse Fly,Insect,6,Adelaide | Brisbane | Canberra–Queanbeyan | Hobart | Melbourne | Sydney,174,False,,,,,
Rutilia vivipara,Horse Fly,Insect,4,Adelaide | Canberra–Queanbeyan | Melbourne | Sydney,31,False,,,,,
Ryssonotus nebulosus,Brown Stag Beetle,Insect,3,Brisbane | Melbourne | Sydney,150,False,,,,,
Saccharodite chrysonoe,Planthopper,Insect,5,Brisbane | Canberra–Queanbeyan | Hobart | Melbourne | Sydney,273,False,,,,,
Saccolaimus flaviventris,Yellow-bellied Sheathtail-bat,Mammal,5,Brisbane | Canberra–Queanbeyan | Darwin | Melbourne | Sydney,117,False,,,,,
Safrina jugularis,,Insect,1,Melbourne,1,False,,,,,
Sahulana scintillata,Glistening Blue,Insect,3,Brisbane | Darwin | Sydney,29,False,,,,,
Saiphos equalis,Three-toed Skink,Reptile,3,Brisbane | Perth | Sydney,302,False,,,,,
Saissetia coffeae,Coffee Root Mealybug,Insect,8,Adelaide | Brisbane | Canberra–Queanbeyan | Darwin | Hobart | Melbourne | Perth | Sydney,28,False,,,,,
Saissetia oleae,Olive Scale,Insect,5,Adelaide | Canberra–Queanbeyan | Hobart | Melbourne | Perth,16,False,,,,,
Salbia haemorrhoidalis,,Insect,1,Brisbane,7,False,,,,,
Salemina francescophila,,Insect,1,Brisbane,7,False,,,,,
Salma cholica,Grass Moth,Insect,2,Adelaide | Melbourne,10,False,,,,,
Salma cinerascens,,Insect,4,Brisbane | Canberra–Queanbeyan | Melbourne | Sydney,32,False,,,,,
Salma ebenina,,Insect,4,Brisbane | Melbourne | Perth | Sydney,20,False,,,,,
Salma mnesibrya,,Insect,1,Perth,1,False,,,,,
Salma pyrastis,Grass Moth,Insect,5,Adelaide | Brisbane | Canberra–Queanbeyan | Melbourne | Sydney,44,False,,,,,
Salona panorpaepennis,,Insect,3,Adelaide | Hobart | Perth,5,False,,,,,
Saltuarius swaini,Southern Leaf-tailed Gecko,Reptile,2,Brisbane | Sydney,96,False,,,,,
Samea multiplicalis,,Insect,1,Brisbane,166,False,,,,,
Sameodes cancellalis,,Insect,2,Brisbane | Darwin,70,False,,,,,
Sameodes iolealis,Grass Moth,Insect,2,Brisbane | Darwin,4,False,,,,,
Sandava scitisignata,Owlet Moth,Insect,7,Adelaide | Brisbane | Canberra–Queanbeyan | Hobart | Melbourne | Perth | Sydney,194,False,,,,,
Sandava xylistis,Owlet Moth,Insect,6,Adelaide | Brisbane | Canberra–Queanbeyan | Melbourne | Perth | Sydney,109,False,,,,,
Sandracottus bakewelli,Diving Beetle,Insect,1,Brisbane,1,False,,,,,
Saphezona pholidoxantha,Concealer Moth,Insect,2,Melbourne | Sydney,5,False,,,,,
Saprinus cyaneus,Round Green Hister,Insect,4,Adelaide | Hobart | Melbourne | Perth,9,False,,,,,
Saprinus laetus,,Insect,3,Adelaide | Hobart | Melbourne,17,False,,,,,
Sapromyza alboatra,Acalyptrate Fly,Insect,1,Melbourne,12,False,,,,,
Sapromyza brunneovittata,Acalyptrate Fly,Insect,6,Adelaide | Canberra–Queanbeyan | Hobart | Melbourne | Perth | Sydney,317,False,,,,,
Sapromyza griseadorsalis,,Insect,1,Melbourne,1,False,,,,,
Sapromyza immaculipes,Acalyptrate Fly,Insect,1,Melbourne,18,False,,,,,
Sapromyza mallochiana,Acalyptrate Fly,Insect,2,Canberra–Queanbeyan | Melbourne,18,False,,,,,
Sapromyza metallica,,Insect,2,Hobart | Melbourne,2,False,,,,,
Sapromyza occipitalis,,Insect,3,Brisbane | Melbourne | Sydney,11,False,,,,,
Sapromyza riparia,Acalyptrate Fly,Insect,1,Melbourne,2,False,,,,,
Sapromyza sciomyzina,,Insect,3,Brisbane | Melbourne | Sydney,138,False,,,,,
Saproscincus mustelinus,Weasel Skink,Reptile,3,Canberra–Queanbeyan | Melbourne | Sydney,1177,False,,,,,
Saproscincus rosei,Rose's Shadeskink,Reptile,1,Brisbane,1,False,,,,,
Saproscincus spectabilis,Gully Skink,Reptile,2,Brisbane | Sydney,296,False,,,,,
Saprosites mendax,,Insect,2,Hobart | Melbourne,2,False,,,,,
Saptha libanota,,Insect,1,Brisbane,2,False,,,,,
Saragus costatus,,Insect,2,Adelaide | Melbourne,5,False,,,,,
Saralba ocypteroides,,Insect,2,Brisbane | Sydney,10,False,,,,,
Sarantus nobilis,,Insect,1,Brisbane,4,False,,,,,
Sarcophaga bidentata,,Insect,1,Adelaide,1,False,,,,,
Sarcophaga bifrons,,Insect,1,Hobart,1,False,,,,,
Sarcophaga crassipalpis,Flesh Fly,Insect,1,Hobart,4,False,,,,,
Sarcophaga iota,,Insect,3,Adelaide | Brisbane | Melbourne,11,False,,,,,
Sarcophilus harrisii,Tasmanian Devil,Mammal,2,Darwin | Hobart,58,True,Endangered,Sarcophilus harrisii,Sarcophilus harrisii,Tasmanian Devil,2009-05-29
Sardia rostrata,,Insect,3,Brisbane | Canberra–Queanbeyan | Sydney,31,False,,,,,
Sarisophora leptoglypta,,Insect,1,Brisbane,31,False,,,,,
Sarisophora leucoscia,,Insect,2,Brisbane | Sydney,19,False,,,,,
Sarisophora pycnospila,,Insect,1,Brisbane,3,False,,,,,
Sarisophora tenella,,Insect,1,Brisbane,2,False,,,,,
Saropogon flavofacialis,,Insect,1,Perth,1,False,,,,,
Sarothrocrepis benefica,,Insect,2,Adelaide | Melbourne,29,False,,,,,
Sarothrocrepis civica,,Insect,5,Adelaide | Brisbane | Canberra–Queanbeyan | Hobart | Melbourne,61,False,,,,,
Sarothrocrepis distinguenda,,Insect,1,Adelaide,1,False,,,,,
Sarothrocrepis elegans,,Insect,3,Canberra–Queanbeyan | Hobart | Melbourne,12,False,,,,,
Sarothrocrepis hippocrepis,,Insect,1,Melbourne,4,False,,,,,
Sarothrocrepis integra,,Insect,1,Hobart,5,False,,,,,
Sarothrocrepis melanopyga,,Insect,1,Melbourne,1,False,,,,,
Sarothrocrepis nigricincta,,Insect,1,Adelaide,1,False,,,,,
Sarotorna epipona,,Insect,1,Sydney,3,False,,,,,
Sartallus signatus,,Insect,2,Melbourne | Sydney,2,False,,,,,
Sarucallis kahawaluokalani,,Insect,2,Adelaide | Sydney,3,False,,,,,
Sastrapada australica,Assassin Bug,Insect,4,Brisbane | Canberra–Queanbeyan | Melbourne | Sydney,39,False,,,,,
Sathon moratus,,Insect,1,Melbourne,2,False,,,,,
Sathon oreo,,Insect,1,Canberra–Queanbeyan,1,False,,,,,
Satrapia thesaurina,Concealer Moth,Insect,1,Canberra–Queanbeyan,3,False,,,,,
Saulostomus villosus,Hairy Scarab,Insect,1,Melbourne,3,False,,,,,
Sauris lichenias,Moth,Insect,2,Brisbane | Sydney,8,False,,,,,
Sauris malaca,,Insect,3,Brisbane | Darwin | Sydney,42,False,,,,,
Scaphidium alpicola,,Insect,1,Melbourne,9,False,,,,,
Scaphidium distinctum,,Insect,1,Sydney,1,False,,,,,
Scaphidriotis xylogramma,,Insect,3,Brisbane | Melbourne | Sydney,35,False,,,,,
Scaphoideus foshoi,Fosho's Leafhopper,Insect,1,Brisbane,12,False,,,,,
Scaptia abdominalis,,Insect,1,Sydney,1,False,,,,,
Scaptia auriflua,,Insect,6,Adelaide | Brisbane | Canberra–Queanbeyan | Hobart | Melbourne | Sydney,364,False,,,,,
Scaptia jacksoniensis,,Insect,1,Sydney,1,False,,,,,
Scaptia jacksonii,,Insect,1,Hobart,4,False,,,,,
Scaptia patula,,Insect,2,Canberra–Queanbeyan | Melbourne,27,False,,,,,
Scaptocoris australis,,Insect,1,Sydney,3,False,,,,,
Scaptodrosophila enigma,Fruit Fly,Insect,1,Hobart,4,False,,,,,
Scaptodrosophila fuscithorax,Fruit Fly,Insect,1,Sydney,1,False,,,,,
Scaptodrosophila hibisci,,Insect,1,Brisbane,3,False,,,,,
Scaptodrosophila obsoleta,,Insect,3,Adelaide | Hobart | Sydney,9,False,,,,,
Scaptodrosophila sydneyensis,,Insect,1,Sydney,1,False,,,,,
Scaptomyza australis,Fruit Fly,Insect,1,Sydney,1,False,,,,,
Scaptomyza elmoi,,Insect,1,Perth,1,False,,,,,
Scaraphites hirtipes,,Insect,1,Adelaide,1,False,,,,,
Scaraphites rotundipennis,,Insect,3,Hobart | Melbourne | Sydney,20,False,,,,,
Scatella nitidithorax,,Insect,2,Brisbane | Melbourne,2,False,,,,,
Scatochresis episema,Concealer Moth,Insect,4,Adelaide | Canberra–Queanbeyan | Hobart | Melbourne,51,False,,,,,
Scatochresis innumera,,Insect,1,Brisbane,171,False,,,,,
Scatochresis perigrapta,,Insect,1,Perth,1,False,,,,,
Scatopse notata,Black Scavenger Fly,Insect,4,Adelaide | Canberra–Queanbeyan | Melbourne | Sydney,8,False,,,,,
Sceleocantha carteri,,Insect,1,Melbourne,4,False,,,,,
Sceleocantha glabricollis,,Insect,1,Canberra–Queanbeyan,29,False,,,,,
Sceleocantha pilosicollis,,Insect,1,Perth,7,False,,,,,
Sceliodes cordalis,Eggfruit Caterpillar,Insect,6,Adelaide | Brisbane | Canberra–Queanbeyan | Melbourne | Perth | Sydney,257,False,,,,,
Sceliphron caementarium,,Insect,1,Brisbane,8,False,,,,,
Sceliphron formosum,,Insect,7,Adelaide | Brisbane | Canberra–Queanbeyan | Darwin | Melbourne | Perth | Sydney,448,False,,,,,
Sceliphron laetum,Common Mud Daubler,Insect,7,Adelaide | Brisbane | Canberra–Queanbeyan | Darwin | Melbourne | Perth | Sydney,198,False,,,,,
Scenedra decoratalis,Grass Moth,Insect,4,Brisbane | Canberra–Queanbeyan | Melbourne | Sydney,248,False,,,,,
Scenopinus,,Insect,1,Hobart,2,False,,,,,
Schedorhinotermes seclusus,,Insect,1,Brisbane,3,False,,,,,
Schedotrioza multitudinea,Jumping Plant Louse,Insect,1,Melbourne,1,False,,,,,
Schistophleps albida,,Insect,2,Brisbane | Darwin,398,False,,,,,
Schistophleps obducta,,Insect,1,Brisbane,2,False,,,,,
Schizobothrus flavovittatus,Disappearing Grasshopper,Insect,6,Adelaide | Canberra–Queanbeyan | Hobart | Melbourne | Perth | Sydney,149,False,,,,,
Schizocerella pilicornis,,Insect,4,Brisbane | Canberra–Queanbeyan | Melbourne | Sydney,24,False,,,,,
Schizoeupsalis promissa,,Insect,1,Darwin,1,False,,,,,
Schizognathus burmeisteri,,Insect,2,Melbourne | Sydney,8,False,,,,,
Schizorhina atropunctata,,Insect,1,Sydney,2,False,,,,,
Schrankia capnophanes,,Insect,4,Brisbane | Canberra–Queanbeyan | Melbourne | Perth,15,False,,,,,
Schrankia costaestrigalis,,Insect,1,Perth,1,False,,,,,
Sciadocera rufomaculata,Hump-backed Fly,Insect,3,Canberra–Queanbeyan | Hobart | Melbourne,12,False,,,,,
Scieropepla polyxesta,Concealer Moth,Insect,4,Adelaide | Canberra–Queanbeyan | Melbourne | Sydney,46,False,,,,,
Scieropepla reversella,,Insect,1,Canberra–Queanbeyan,5,False,,,,,
Scieropepla trinervis,Concealer Moth,Insect,4,Adelaide | Canberra–Queanbeyan | Perth | Sydney,13,False,,,,,
Scieropepla typhicola,,Insect,1,Canberra–Queanbeyan,1,False,,,,,
Scioglyptis canescaria,Geometer Moth,Insect,4,Adelaide | Brisbane | Melbourne | Perth,91,False,,,,,
Scioglyptis chionomera,Geometer Moth,Insect,6,Adelaide | Brisbane | Canberra–Queanbeyan | Hobart | Melbourne | Sydney,128,False,,,,,
Scioglyptis heterogyna,Geometer Moth,Insect,2,Adelaide | Melbourne,9,False,,,,,
Scioglyptis loxographa,Geometer Moth,Insect,4,Canberra–Queanbeyan | Hobart | Melbourne | Sydney,55,False,,,,,
Scioglyptis lyciaria,Geometer Moth,Insect,7,Adelaide | Brisbane | Canberra–Queanbeyan | Hobart | Melbourne | Perth | Sydney,476,False,,,,,
Sciophyrella australica,,Insect,1,Brisbane,9,False,,,,,
Scipinia arenacea,,Insect,1,Brisbane,65,False,,,,,
Scirpophaga imparellus,Grass Moth,Insect,2,Brisbane | Melbourne,11,False,,,,,
Scirpophaga nivella,,Insect,1,Brisbane,2,False,,,,,
Scirtes exoletus,,Insect,3,Adelaide | Brisbane | Melbourne,7,False,,,,,
Scitala sericans,Shiny Pasture Scarab,Insect,3,Canberra–Queanbeyan | Hobart | Melbourne,12,False,,,,,
Sclerocris amoebaea,,Insect,1,Perth,1,False,,,,,
Sclerocris tetragona,,Insect,1,Perth,1,False,,,,,
Sclerorinus bubalus,,Insect,1,Hobart,1,False,,,,,
Scolecobrotus variegatus,,Insect,5,Adelaide | Brisbane | Canberra–Queanbeyan | Perth | Sydney,8,False,,,,,
Scolecobrotus westwoodii,,Insect,4,Adelaide | Canberra–Queanbeyan | Melbourne | Perth,11,False,,,,,
Scolia verticalis,Parasitoid Wasp,Insect,7,Adelaide | Brisbane | Canberra–Queanbeyan | Darwin | Melbourne | Perth | Sydney,181,False,,,,,
Scoliacma bicolora,Moth,Insect,3,Adelaide | Canberra–Queanbeyan | Melbourne,15,False,,,,,
Scoliacma nana,Moth,Insect,4,Brisbane | Canberra–Queanbeyan | Melbourne | Sydney,251,False,,,,,
Scoliocheta ergatis,,Insect,1,Brisbane,99,False,,,,,
Scolioplecta molybdantha,,Insect,1,Perth,1,False,,,,,
Scolopostethus forticornis,Seed Bug,Insect,2,Brisbane | Canberra–Queanbeyan,6,False,,,,,
Scolypopa australis,Passionvine Hopper,Insect,7,Adelaide | Brisbane | Canberra–Queanbeyan | Hobart | Melbourne | Perth | Sydney,1979,False,,,,,
Scolytus multistriatus,Elm Bark Beetle,Insect,1,Melbourne,1,False,,,,,
Scoparia axiolecta,,Insect,1,Melbourne,5,False,,,,,
Scoparia charopoea,,Insect,1,Sydney,11,False,,,,,
Scoparia chiasta,,Insect,5,Brisbane | Canberra–Queanbeyan | Hobart | Melbourne | Sydney,689,False,,,,,
Scoparia contempta,,Insect,1,Melbourne,7,False,,,,,
Scoparia crocospila,Grass Moth,Insect,2,Adelaide | Melbourne,22,False,,,,,
Scoparia emmetropis,,Insect,3,Brisbane | Canberra–Queanbeyan | Melbourne,7,False,,,,,
Scoparia eumeles,,Insect,1,Sydney,2,False,,,,,
Scoparia exhibitalis,,Insect,7,Adelaide | Brisbane | Canberra–Queanbeyan | Hobart | Melbourne | Perth | Sydney,969,False,,,,,
Scoparia favilliferella,,Insect,4,Adelaide | Canberra–Queanbeyan | Hobart | Melbourne,41,False,,,,,
Scoparia gethosyna,,Insect,1,Canberra–Queanbeyan,1,False,,,,,
Scoparia gomphota,,Insect,1,Sydney,1,False,,,,,
Scoparia ithyntis,Grass Moth,Insect,1,Melbourne,20,False,,,,,
Scoparia melanoxantha,,Insect,1,Sydney,2,False,,,,,
Scoparia meyrickii,,Insect,2,Canberra–Queanbeyan | Melbourne,4,False,,,,,
Scoparia niphetodes,,Insect,1,Sydney,2,False,,,,,
Scoparia ochrophara,,Insect,2,Canberra–Queanbeyan | Melbourne,30,False,,,,,
Scoparia oxygona,,Insect,3,Adelaide | Canberra–Queanbeyan | Melbourne,28,False,,,,,
Scoparia philonephes,,Insect,1,Canberra–Queanbeyan,2,False,,,,,
Scoparia spelaea,Grass Moth,Insect,6,Adelaide | Brisbane | Canberra–Queanbeyan | Hobart | Melbourne | Sydney,144,False,,,,,
Scoparia syntaracta,Grass Moth,Insect,1,Canberra–Queanbeyan,10,False,,,,,
Scopiastes bicolor,,Insect,1,Brisbane,32,False,,,,,
Scopiastes impeditus,,Insect,1,Brisbane,1,False,,,,,
Scopodes flavipes,,Insect,1,Adelaide,1,False,,,,,
Scopodes tasmanicus,,Insect,1,Melbourne,14,False,,,,,
Scopula aleuritis,,Insect,1,Brisbane,3,False,,,,,
Scopula caesaria,,Insect,2,Brisbane | Darwin,3,False,,,,,
Scopula desita,Geometer Moth,Insect,2,Brisbane | Sydney,18,False,,,,,
Scopula despoliata,,Insect,1,Darwin,2,False,,,,,
Scopula hypochra,,Insect,4,Brisbane | Darwin | Perth | Sydney,80,False,,,,,
Scopula innocens,,Insect,1,Brisbane,1,False,,,,,
Scopula liotis,Geometer Moth,Insect,1,Canberra–Queanbeyan,1,False,,,,,
Scopula loxosema,Geometer Moth,Insect,1,Melbourne,1,False,,,,,
Scopula lydia,Geometer Moth,Insect,5,Adelaide | Brisbane | Melbourne | Perth | Sydney,30,False,,,,,
Scopula megalocentra,Geometer Moth,Insect,2,Adelaide | Melbourne,7,False,,,,,
Scopula oppilata,,Insect,3,Brisbane | Darwin | Melbourne,8,False,,,,,
Scopula optivata,Geometer Moth,Insect,7,Adelaide | Brisbane | Canberra–Queanbeyan | Hobart | Melbourne | Perth | Sydney,652,False,,,,,
Scopula perialurga,,Insect,1,Sydney,1,False,,,,,
Scopula perlata,Geometer Moth,Insect,5,Adelaide | Canberra–Queanbeyan | Hobart | Melbourne | Sydney,344,False,,,,,
Scopula rubraria,Carpet Moth,Insect,7,Adelaide | Brisbane | Canberra–Queanbeyan | Hobart | Melbourne | Perth | Sydney,2777,False,,,,,
Scopula sublinearia,,Insect,5,Brisbane | Darwin | Melbourne | Perth | Sydney,23,False,,,,,
Scoteanax rueppellii,Greater Broad-nosed Bat,Mammal,1,Sydney,170,False,,,,,
Scotinophara allanae,,Insect,1,Darwin,1,False,,,,,
Scotocyma albinotata,,Insect,1,Sydney,2,False,,,,,
Scotorepens balstoni,Inland Broad-nosed Bat,Mammal,2,Melbourne | Sydney,7,False,,,,,
Scotorepens greyii,Little Broad-nosed Bat,Mammal,3,Brisbane | Darwin | Sydney,10,False,,,,,
Scotorepens orion,Eastern Broad-nosed Bat,Mammal,3,Brisbane | Melbourne | Sydney,397,False,,,,,
Scotorepens sanborni,Northern Broad-nosed Bat,Mammal,1,Brisbane,1,False,,,,,
Scraptia australis,,Insect,1,Hobart,5,False,,,,,
Scraptia laticollis,,Insect,1,Hobart,1,False,,,,,
Scrobiger albocinctus,,Insect,1,Brisbane,1,False,,,,,
Scrobiger idoneus,,Insect,3,Canberra–Queanbeyan | Melbourne | Sydney,3,False,,,,,
Scrobiger splendidus,,Insect,6,Adelaide | Brisbane | Canberra–Queanbeyan | Melbourne | Perth | Sydney,58,False,,,,,
Scutellista caerulea,,Insect,1,Sydney,1,False,,,,,
Scutiphora pedicellata,Metallic Shield Bug,Insect,5,Brisbane | Canberra–Queanbeyan | Hobart | Melbourne | Sydney,876,False,,,,,
Scymena amphibia,,Insect,1,Adelaide,1,False,,,,,
Scymnodes difficilis,,Insect,1,Melbourne,1,False,,,,,
Scymnus blackburni,,Insect,1,Brisbane,2,False,,,,,
Scymnus duplopunctulatus,,Insect,1,Hobart,1,False,,,,,
Scythris pleonectis,,Insect,1,Melbourne,4,False,,,,,
Scythrophanes stenoptera,Moth,Insect,1,Perth,1,False,,,,,
Scythrops novaehollandiae,Channel-billed Cuckoo,Bird,6,Brisbane | Canberra–Queanbeyan | Darwin | Hobart | Melbourne | Sydney,29105,False,,,,,
Secatophus australis,,Insect,1,Adelaide,9,False,,,,,
Secretipes xanthorrhoeae,,Insect,1,Canberra–Queanbeyan,2,False,,,,,
Sedenia rupalis,Grass Moth,Insect,2,Adelaide | Canberra–Queanbeyan,5,False,,,,,
Seirotrana catenulata,,Insect,1,Sydney,3,False,,,,,
Seirotrana parallela,,Insect,2,Adelaide | Melbourne,9,False,,,,,
Seirotrana subcancellata,,Insect,1,Sydney,1,False,,,,,
Sejanus howardae,,Insect,1,Sydney,1,False,,,,,
Sejanus palumae,,Insect,1,Canberra–Queanbeyan,1,False,,,,,
Selagis aurifera,,Insect,2,Canberra–Queanbeyan | Melbourne,14,False,,,,,
Selagis caloptera,,Insect,3,Canberra–Queanbeyan | Melbourne | Sydney,15,False,,,,,
Selagis peroni,,Insect,1,Perth,2,False,,,,,
Selepa celtis,,Insect,1,Darwin,2,False,,,,,
Selitrichodes utilis,,Insect,3,Adelaide | Melbourne | Sydney,15,False,,,,,
Semanopterus solidus,,Insect,2,Adelaide | Brisbane,7,False,,,,,
Semanopterus subcostatus,,Insect,2,Canberra–Queanbeyan | Melbourne,5,False,,,,,
Senostoma longipes,Horse Fly,Insect,2,Melbourne | Sydney,4,False,,,,,
Senostoma tessellatum,Horse Fly,Insect,1,Canberra–Queanbeyan,2,False,,,,,
Sentica oppositella,,Insect,1,Sydney,1,False,,,,,
Sepedon plumbella,,Insect,2,Brisbane | Darwin,12,False,,,,,
Serangium bellum,,Insect,1,Melbourne,2,False,,,,,
Serangium maculigerum,,Insect,6,Adelaide | Brisbane | Canberra–Queanbeyan | Hobart | Melbourne | Perth,74,False,,,,,
Serangium mysticum,,Insect,1,Hobart,4,False,,,,,
Sericesthis geminata,Pruinose Scarab,Insect,6,Adelaide | Brisbane | Canberra–Queanbeyan | Melbourne | Perth | Sydney,69,False,,,,,
Sericesthis nigrolineata,Dusky Pasture Scarab,Insect,4,Adelaide | Canberra–Queanbeyan | Melbourne | Sydney,43,False,,,,,
Sericogaster fasciata,Plasterer Bee,Insect,1,Sydney,2,False,,,,,
Sericophorus metallescens,,Insect,1,Melbourne,1,False,,,,,
Sericophorus viridis,Wasp,Insect,2,Melbourne | Perth,3,False,,,,,
Sericopimpla australis,Ichneumon Wasp,Insect,2,Melbourne | Perth,3,False,,,,,
Sericopimpla crenator,Ichneumon Wasp,Insect,6,Brisbane | Canberra–Queanbeyan | Darwin | Melbourne | Perth | Sydney,18,False,,,,,
Sericornis frontalis,White-browed Scrubwren,Bird,7,Adelaide | Brisbane | Canberra–Queanbeyan | Hobart | Melbourne | Perth | Sydney,107981,False,,,,,
Sericornis humilis,Tasmanian Scrubwren,Bird,1,Hobart,1091,False,,,,,
Sericornis magnirostra,Large-billed Scrubwren,Bird,3,Brisbane | Melbourne | Sydney,1669,False,,,,,
Sericulus chrysocephalus,Regent Bowerbird,Bird,3,Brisbane | Melbourne | Sydney,98,False,,,,,
Serrodes campana,,Insect,1,Brisbane,29,False,,,,,
Serrodes mediopallens,,Insect,1,Brisbane,3,False,,,,,
Sessinia nigronotata,,Insect,2,Brisbane | Hobart,2,False,,,,,
Sessinia punctum,,Insect,3,Brisbane | Hobart | Melbourne,20,False,,,,,
Setocoris droserae,,Insect,1,Melbourne,1,False,,,,,
Setonix brachyurus,Quokka,Mammal,1,Perth,3,True,Vulnerable,Setonix brachyurus,Setonix brachyurus,Quokka,2000-07-16
Sextius virescens,Green Treehopper,Insect,7,Adelaide | Brisbane | Canberra–Queanbeyan | Darwin | Melbourne | Perth | Sydney,323,False,,,,,
Shivaphis celti,Asian Wooly Hackberry Aphid,Insect,4,Adelaide | Brisbane | Melbourne | Sydney,60,False,,,,,
Sidarena hortorum,,Insect,2,Adelaide | Perth,2,False,,,,,
Sidnia kinbergi,Crop Mirid,Insect,7,Adelaide | Brisbane | Canberra–Queanbeyan | Hobart | Melbourne | Perth | Sydney,297,False,,,,,
Sierola ellingtoni,,Insect,1,Melbourne,1,False,,,,,
Sigmatomera victoriae,Crane Fly,Insect,2,Canberra–Queanbeyan | Melbourne,2,False,,,,,
Sigmatoneura formosa,,Insect,2,Brisbane | Sydney,90,False,,,,,
Silvanoprus scuticollis,,Insect,1,Brisbane,2,False,,,,,
Silvanus castaneus,,Insect,1,Brisbane,1,False,,,,,
Silvascincus murrayi,Murray's Skink,Reptile,1,Brisbane,3,False,,,,,
Simoselaps bertholdi,Jan's Banded Snake,Reptile,1,Perth,33,False,,,,,
Simoselaps littoralis,West-coast Banded Snake,Reptile,1,Perth,2,False,,,,,
Simosyrphus grandicornis,Hoverfly,Insect,8,Adelaide | Brisbane | Canberra–Queanbeyan | Darwin | Hobart | Melbourne | Perth | Sydney,2078,False,,,,,
Simplicia armatalis,Litter Moth,Insect,4,Brisbane | Canberra–Queanbeyan | Melbourne | Sydney,206,False,,,,,
Simplicia caeneusalis,,Insect,1,Sydney,4,False,,,,,
Simplicia erebina,,Insect,1,Brisbane,1,False,,,,,
Sinpunctiptilia emissalis,Plume Moth,Insect,3,Canberra–Queanbeyan | Melbourne | Sydney,209,False,,,,,
Siphanta acuta,Green Planthopper,Insect,7,Adelaide | Brisbane | Canberra–Queanbeyan | Hobart | Melbourne | Perth | Sydney,954,False,,,,,
Siphanta hebes,Common Green Planthopper,Insect,3,Hobart | Melbourne | Sydney,7,False,,,,,
Siphanta parva,,Insect,1,Adelaide,1,False,,,,,
Siphoninus phillyreae,Ash Whitefly,Insect,4,Adelaide | Hobart | Melbourne | Sydney,13,False,,,,,
Sipyloidea larryi,Hurricane Larry Stick-insect,Insect,1,Sydney,1,False,,,,,
Sipyloidea whitei,White’s Winged Stick-insect,Insect,1,Adelaide,2,False,,,,,
Sirthenea obscura,,Insect,1,Sydney,3,False,,,,,
Sisyra rufistigma,Sponge-fly,Insect,2,Adelaide | Melbourne,6,False,,,,,
Sisyromyia aurata,Bee Fly,Insect,2,Melbourne | Sydney,3,False,,,,,
Sitarida flavicornis,,Insect,1,Sydney,1,False,,,,,
Sitona discoideus,Sitona Weevil,Insect,6,Adelaide | Canberra–Queanbeyan | Hobart | Melbourne | Perth | Sydney,89,False,,,,,
Sitophilus granarius,Granary Weevil,Insect,2,Hobart | Melbourne,2,False,,,,,
Sitophilus oryzae,Rice Weevil,Insect,4,Brisbane | Hobart | Melbourne | Sydney,27,False,,,,,
Sitophilus zeamais,Maize Weevil,Insect,1,Perth,1,False,,,,,
Sitotroga cerealella,Rice Moth,Insect,1,Adelaide,1,False,,,,,
Skeletodes tetrops,,Insect,3,Brisbane | Melbourne | Sydney,33,False,,,,,
Skusemyia allocasuarinae,,Insect,2,Adelaide | Melbourne,4,False,,,,,
Smicrocotis obscura,Leafhopper,Insect,2,Canberra–Queanbeyan | Hobart,5,False,,,,,
Smicrornis brevirostris,Weebill,Bird,7,Adelaide | Brisbane | Canberra–Queanbeyan | Darwin | Melbourne | Perth | Sydney,40748,False,,,,,
Smiliopus quadrinotatus,Assassin Bug,Insect,1,Melbourne,1,False,,,,,
Sminthopsis bindi,Kakadu Dunnart,Mammal,1,Darwin,1,False,,,,,
Sminthopsis crassicaudata,Fat-tailed Dunnart,Mammal,1,Melbourne,1,False,,,,,
Sminthopsis leucopus,White-footed Dunnart,Mammal,1,Melbourne,10,False,,,,,
Sminthopsis murina,Common Dunnart,Mammal,2,Brisbane | Melbourne,5,False,,,,,
Smyriodes aplectaria,Geometer Moth,Insect,1,Hobart,27,False,,,,,
Smyriodes trigramma,Geometer Moth,Insect,4,Adelaide | Canberra–Queanbeyan | Melbourne | Sydney,102,False,,,,,
Snellenia lineata,Concealer Moth,Insect,4,Brisbane | Canberra–Queanbeyan | Melbourne | Sydney,72,False,,,,,
Sobriana mnemosynana,,Insect,2,Hobart | Melbourne,2,False,,,,,
Sobriana ophiodesma,Moth,Insect,1,Melbourne,11,False,,,,,
Sobriana stigmatias,,Insect,1,Melbourne,5,False,,,,,
Solenopsis geminata,Fire Ant,Insect,2,Brisbane | Darwin,11,False,,,,,
Solenopsis invicta,Fire Ant,Insect,1,Brisbane,156,False,,,,,
Solenotichus circuliferus,Shield Bug,Insect,4,Brisbane | Canberra–Queanbeyan | Melbourne | Sydney,35,False,,,,,
Somatina triocellata,,Insect,1,Darwin,1,False,,,,,
Sophron inornatum,,Insect,1,Melbourne,2,False,,,,,
Sophta concavata,,Insect,2,Canberra–Queanbeyan | Sydney,45,False,,,,,
Soractellus nigrominutus,Leafhopper,Insect,1,Brisbane,1,False,,,,,
Sorama bicolor,Moth,Insect,6,Adelaide | Brisbane | Canberra–Queanbeyan | Hobart | Melbourne | Sydney,156,False,,,,,
Sosineura mimica,Fruitworm Moth,Insect,6,Adelaide | Canberra–Queanbeyan | Hobart | Melbourne | Perth | Sydney,64,False,,,,,
Sosytelus pithecius,,Insect,1,Canberra–Queanbeyan,1,False,,,,,
Sousa sahulensis,Australian Hump-backed Dolphin,Mammal,1,Darwin,8,True,Vulnerable,Sousa sahulensis,Sousa sahulensis,Australian Humpback Dolphin,2025-03-05
Spaminta minjerribae,,Insect,3,Brisbane | Canberra–Queanbeyan | Sydney,128,False,,,,,
Spaminta pavida,,Insect,2,Brisbane | Darwin,4,False,,,,,
Spathulina acroleuca,Primitive Crane Fly,Insect,6,Adelaide | Brisbane | Canberra–Queanbeyan | Hobart | Melbourne | Sydney,155,False,,,,,
Spatula clypeata,Northern Shoveler,Bird,3,Canberra–Queanbeyan | Perth | Sydney,203,False,,,,,
Spatula rhynchotis,Australasian Shoveler,Bird,7,Adelaide | Brisbane | Canberra–Queanbeyan | Hobart | Melbourne | Perth | Sydney,26695,False,,,,,
Spectrotrota fimbrialis,Grass Moth,Insect,8,Adelaide | Brisbane | Canberra–Queanbeyan | Darwin | Hobart | Melbourne | Perth | Sydney,756,False,,,,,
Speiredonia mutabilis,Owlet Moth,Insect,1,Brisbane,14,False,,,,,
Speiredonia spectans,Granny's Cloak Moth,Insect,5,Adelaide | Brisbane | Canberra–Queanbeyan | Melbourne | Sydney,456,False,,,,,
Spercheus platycephalus,,Insect,1,Brisbane,3,False,,,,,
Sphaeniscus atilius,,Insect,3,Brisbane | Canberra–Queanbeyan | Sydney,15,False,,,,,
Sphaeroderma baldiense,,Insect,1,Melbourne,41,False,,,,,
Sphaerophoria macrogaster,,Insect,5,Brisbane | Canberra–Queanbeyan | Melbourne | Perth | Sydney,133,False,,,,,
Sphaeroscelis pectoralis,,Insect,1,Perth,4,False,,,,,
Sphaerothorax pubiventris,,Insect,1,Hobart,1,False,,,,,
Sphallomorpha ruficollis,,Insect,1,Canberra–Queanbeyan,10,False,,,,,
Sphecotheres vieilloti,Australasian Figbird,Bird,5,Brisbane | Canberra–Queanbeyan | Darwin | Melbourne | Sydney,89773,False,,,,,
Sphedanocoris distinctus,Assassin Bug,Insect,1,Melbourne,1,False,,,,,
Sphedanocoris sabulosus,,Insect,1,Melbourne,7,False,,,,,
Sphenarches anisodactylus,,Insect,7,Adelaide | Brisbane | Canberra–Queanbeyan | Darwin | Melbourne | Perth | Sydney,756,False,,,,,
Sphenella ruficeps,Primitive Crane Fly,Insect,6,Adelaide | Canberra–Queanbeyan | Hobart | Melbourne | Perth | Sydney,205,False,,,,,
Sphenophorus brunnipennis,La Plata Weevil,Insect,6,Adelaide | Brisbane | Canberra–Queanbeyan | Melbourne | Perth | Sydney,38,False,,,,,
Sphex argentatissimus,,Insect,1,Darwin,2,False,,,,,
Sphex argentatus,,Insect,2,Brisbane | Darwin,3,False,,,,,
Sphex bilobatus,,Insect,3,Canberra–Queanbeyan | Melbourne | Sydney,10,False,,,,,
Sphex carbonicolor,,Insect,5,Adelaide | Brisbane | Darwin | Perth | Sydney,5,False,,,,,
Sphex cognatus,,Insect,3,Brisbane | Canberra–Queanbeyan | Sydney,29,False,,,,,
Sphex ephippium,,Insect,1,Brisbane,3,False,,,,,
Sphex ermineus,Wasp,Insect,3,Brisbane | Darwin | Perth,4,False,,,,,
Sphex formosellus,,Insect,2,Melbourne | Perth,3,False,,,,,
Sphex fumipennis,,Insect,5,Adelaide | Brisbane | Canberra–Queanbeyan | Perth | Sydney,24,False,,,,,
Sphex jucundus,,Insect,1,Perth,1,False,,,,,
Sphex luctuosus,Wasp,Insect,1,Melbourne,3,False,,,,,
Sphex modestus,,Insect,3,Adelaide | Perth | Sydney,22,False,,,,,
Sphex rugifer,,Insect,1,Perth,1,False,,,,,
Sphex vestitus,,Insect,1,Brisbane,10,False,,,,,
Sphictostethus gadali,,Insect,1,Melbourne,1,False,,,,,
Sphinctobelus cinereus,,Insect,1,Melbourne,4,False,,,,,
Sphinctobelus rufibeccus,,Insect,1,Melbourne,3,False,,,,,
Sphodropoda quinquedens,,Insect,1,Darwin,2,False,,,,,
Sphodropoda tristis,,Insect,3,Brisbane | Darwin | Perth,89,False,,,,,
Sphodrotes cygnorum,,Insect,1,Perth,1,False,,,,,
Sphyrelata amotella,,Insect,3,Canberra–Queanbeyan | Melbourne | Sydney,16,False,,,,,
Sphyrelata melanoleuca,,Insect,1,Sydney,4,False,,,,,
Spilonota constrictana,Leafroller Moth,Insect,6,Adelaide | Brisbane | Canberra–Queanbeyan | Hobart | Melbourne | Sydney,141,False,,,,,
Spilonota ruficomana,,Insect,2,Brisbane | Sydney,2,False,,,,,
Spilopelia chinensis,Spotted Turtle-dove,Bird,8,Adelaide | Brisbane | Canberra–Queanbeyan | Darwin | Hobart | Melbourne | Perth | Sydney,247746,False,,,,,
Spilopelia senegalensis,Laughing Turtle-dove,Bird,2,Melbourne | Perth,20240,False,,,,,
Spilopsyllus cuniculi,,Insect,1,Hobart,1,False,,,,,
Spiloscapha thallioides,,Insect,2,Melbourne | Sydney,18,False,,,,,
Spilostethus decoratus,,Insect,1,Brisbane,3,False,,,,,
Spilostethus hospes,Bug,Insect,3,Brisbane | Canberra–Queanbeyan | Sydney,65,False,,,,,
Spilostethus pacificus,Bug,Insect,4,Adelaide | Canberra–Queanbeyan | Melbourne | Perth,44,False,,,,,
Spiralisigna acidna,,Insect,2,Brisbane | Darwin,5,False,,,,,
Spirama recessa,,Insect,2,Brisbane | Darwin,6,False,,,,,
Spirolabia pilicornis,,Insect,1,Sydney,1,False,,,,,
Spodoptera exempta,,Insect,2,Brisbane | Sydney,18,False,,,,,
Spodoptera exigua,Lesser Armyworm Moth,Insect,4,Adelaide | Brisbane | Canberra–Queanbeyan | Melbourne,25,False,,,,,
Spodoptera frugiperda,Fall Armyworm,Insect,1,Brisbane,2,False,,,,,
Spodoptera litura,Armyworm Moth,Insect,6,Adelaide | Brisbane | Canberra–Queanbeyan | Darwin | Perth | Sydney,947,False,,,,,
Spodoptera mauritia,,Insect,5,Adelaide | Brisbane | Darwin | Perth | Sydney,1179,False,,,,,
Spodoptera picta,Lily Caterpillar,Insect,4,Brisbane | Darwin | Perth | Sydney,667,False,,,,,
Spodoptera umbraculata,,Insect,2,Brisbane | Sydney,46,False,,,,,
Spoladea recurvalis,,Insect,6,Adelaide | Brisbane | Canberra–Queanbeyan | Darwin | Perth | Sydney,645,False,,,,,
Spondyliaspis nigra,,Insect,1,Melbourne,2,False,,,,,
Spondyliaspis plicatuloides,Psyllid Bug,Insect,4,Adelaide | Canberra–Queanbeyan | Hobart | Melbourne,75,False,,,,,
Spongovostox victoriae,,Insect,2,Melbourne | Sydney,2,False,,,,,
Stagetomorphus lanigera,,Insect,2,Melbourne | Sydney,2,False,,,,,
Stagmatophora argyrostrepta,,Insect,6,Adelaide | Brisbane | Canberra–Queanbeyan | Hobart | Melbourne | Sydney,75,False,,,,,
Stagonopleura bella,Beautiful Firetail,Bird,3,Brisbane | Hobart | Sydney,195,False,,,,,
Stagonopleura guttata,Diamond Firetail,Bird,4,Adelaide | Canberra–Queanbeyan | Melbourne | Sydney,310,True,Vulnerable,Stagonopleura guttata,Stagonopleura guttata,Diamond Firetail,2023-03-31
Stagonopleura oculata,Red-eared Firetail,Bird,1,Perth,209,False,,,,,
Standishana concolorana,,Insect,1,Canberra–Queanbeyan,2,False,,,,,
Stangeia xerodes,Xerodes Plume Moth,Insect,6,Adelaide | Brisbane | Canberra–Queanbeyan | Melbourne | Perth | Sydney,334,False,,,,,
Statherotis euryphaea,,Insect,2,Brisbane | Sydney,6,False,,,,,
Statherotis pendulata,,Insect,2,Brisbane | Sydney,39,False,,,,,
Stathmopoda acontias,Concealer Moth,Insect,1,Melbourne,1,False,,,,,
Stathmopoda astrapeis,,Insect,2,Adelaide | Melbourne,5,False,,,,,
Stathmopoda callichrysa,Concealer Moth,Insect,4,Brisbane | Canberra–Queanbeyan | Darwin | Melbourne,15,False,,,,,
Stathmopoda cephalaea,,Insect,2,Melbourne | Sydney,13,False,,,,,
Stathmopoda chalcotypa,Concealer Moth,Insect,2,Melbourne | Sydney,2,False,,,,,
Stathmopoda crocophanes,Yellow Stathmopoda Moth,Insect,5,Brisbane | Canberra–Queanbeyan | Melbourne | Perth | Sydney,44,False,,,,,
Stathmopoda hyposcia,,Insect,5,Adelaide | Brisbane | Canberra–Queanbeyan | Melbourne | Sydney,26,False,,,,,
Stathmopoda lethonoa,Concealer Moth,Insect,1,Sydney,1,False,,,,,
Stathmopoda liporrhoa,,Insect,2,Brisbane | Sydney,9,False,,,,,
Stathmopoda megathyma,,Insect,4,Brisbane | Canberra–Queanbeyan | Melbourne | Sydney,99,False,,,,,
Stathmopoda melanochra,Eriococcus Caterpillar,Insect,6,Adelaide | Brisbane | Canberra–Queanbeyan | Hobart | Melbourne | Sydney,315,False,,,,,
Stathmopoda mimantha,,Insect,1,Darwin,1,False,,,,,
Stathmopoda rubripicta,,Insect,1,Brisbane,1,False,,,,,
Stathmopoda tritophaea,,Insect,1,Brisbane,22,False,,,,,
Statilia apicalis,,Insect,3,Brisbane | Darwin | Sydney,26,False,,,,,
Stauralia compuncta,Shield Bug,Insect,1,Melbourne,13,False,,,,,
Staurostichus dulcis,,Insect,1,Melbourne,1,False,,,,,
Staurostichus hilaris,,Insect,3,Brisbane | Perth | Sydney,21,False,,,,,
Staurostichus limbipennis,,Insect,2,Melbourne | Sydney,4,False,,,,,
Steganopsis melanogaster,,Insect,6,Adelaide | Brisbane | Canberra–Queanbeyan | Melbourne | Perth | Sydney,247,False,,,,,
Stegasta variana,,Insect,6,Adelaide | Brisbane | Canberra–Queanbeyan | Darwin | Melbourne | Sydney,53,False,,,,,
Stegobium paniceum,Biscuit Beetle,Insect,7,Adelaide | Brisbane | Canberra–Queanbeyan | Hobart | Melbourne | Perth | Sydney,37,False,,,,,
Stegommata sulfuratella,,Insect,3,Canberra–Queanbeyan | Melbourne | Sydney,16,False,,,,,
Stegonotus australis,Slaty-grey Snake,Reptile,1,Darwin,26,False,,,,,
Stenarella victoriae,,Insect,5,Brisbane | Canberra–Queanbeyan | Hobart | Melbourne | Sydney,41,False,,,,,
Stenella attenuata,Spotted Dolphin,Mammal,1,Sydney,2,False,,,,,
Stenella coeruleoalba,Striped Dolphin,Mammal,1,Sydney,2,False,,,,,
Stenocatantops angustifrons,,Insect,1,Darwin,58,False,,,,,
Stenocatantops keyi,,Insect,1,Darwin,3,False,,,,,
Stenocatantops vitripennis,,Insect,1,Darwin,7,False,,,,,
Stenocotis depressa,Black Flat-head Leafhopper,Insect,7,Adelaide | Brisbane | Canberra–Queanbeyan | Hobart | Melbourne | Perth | Sydney,186,False,,,,,
Stenoderus concolor,,Insect,5,Brisbane | Canberra–Queanbeyan | Hobart | Melbourne | Sydney,16,False,,,,,
Stenoderus opacicollis,,Insect,1,Brisbane,2,False,,,,,
Stenoderus ostricilla,,Insect,2,Brisbane | Canberra–Queanbeyan,16,False,,,,,
Stenoderus suturalis,,Insect,6,Adelaide | Brisbane | Hobart | Melbourne | Perth | Sydney,295,False,,,,,
Stenolemus bituberus,Assassin Bug,Insect,3,Adelaide | Melbourne | Sydney,10,False,,,,,
Stenolemus edwardsii,Assassin Bug,Insect,5,Brisbane | Canberra–Queanbeyan | Hobart | Melbourne | Sydney,19,False,,,,,
Stenolemus fraterculus,,Insect,5,Adelaide | Brisbane | Canberra–Queanbeyan | Melbourne | Sydney,96,False,,,,,
Stenolysmus extraneus,,Insect,1,Sydney,1,False,,,,,
Stenonabis nitidicollis,,Insect,1,Brisbane,7,False,,,,,
Stenopaltis lithina,,Insect,1,Brisbane,8,False,,,,,
Stenophyella macreta,Bug,Insect,6,Adelaide | Brisbane | Canberra–Queanbeyan | Melbourne | Perth | Sydney,36,False,,,,,
Stenoptena icmaea,,Insect,1,Sydney,10,False,,,,,
Stenoptilia zophodactylus,Plume Moth,Insect,6,Adelaide | Brisbane | Canberra–Queanbeyan | Hobart | Melbourne | Sydney,384,False,,,,,
Stenoptilodes taprobanes,,Insect,4,Brisbane | Canberra–Queanbeyan | Melbourne | Sydney,71,False,,,,,
Stenoscaptia venusta,Moth,Insect,2,Brisbane | Sydney,9,False,,,,,
Stenosialis australiensis,Alderfly,Insect,2,Brisbane | Melbourne,3,False,,,,,
Stenosmylus stenopterus,Brown Lacewing,Insect,3,Canberra–Queanbeyan | Melbourne | Sydney,170,False,,,,,
Stenosmylus tenuis,Brown Lacewing,Insect,5,Adelaide | Canberra–Queanbeyan | Hobart | Melbourne | Perth,187,False,,,,,
Stenotarsoides arithmeticus,,Insect,1,Melbourne,1,False,,,,,
Stenotarsoides commodus,,Insect,1,Melbourne,1,False,,,,,
Stenotarsus bimaculipennis,,Insect,2,Brisbane | Sydney,4,False,,,,,
Stenotus binotatus,,Insect,2,Hobart | Melbourne,6,False,,,,,
Stenus maculatus,,Insect,1,Sydney,1,False,,,,,
Stenus pustulifer,,Insect,2,Melbourne | Sydney,22,False,,,,,
Stephanitis pyrioides,Azalea Lace Bug,Insect,5,Adelaide | Brisbane | Canberra–Queanbeyan | Melbourne | Sydney,88,False,,,,,
Stercorarius antarcticus,Brown Skua,Bird,4,Hobart | Melbourne | Perth | Sydney,187,False,,,,,
Stercorarius longicaudus,Long-tailed Skua,Bird,2,Brisbane | Sydney,98,False,,,,,
Stercorarius maccormicki,South Polar Skua,Bird,1,Sydney,1,False,,,,,
Stercorarius parasiticus,Arctic Skua,Bird,7,Adelaide | Brisbane | Darwin | Hobart | Melbourne | Perth | Sydney,754,False,,,,,
Stercorarius pomarinus,Pomarine Jaeger,Bird,3,Brisbane | Melbourne | Sydney,344,False,,,,,
Stericta bryomima,,Insect,1,Brisbane,1,False,,,,,
Stericta carbonalis,,Insect,6,Adelaide | Canberra–Queanbeyan | Hobart | Melbourne | Perth | Sydney,55,False,,,,,
Stericta concisella,,Insect,2,Brisbane | Sydney,35,False,,,,,
Stericta orchidivora,,Insect,1,Brisbane,5,False,,,,,
Stericta phaeopteralis,,Insect,1,Brisbane,1,False,,,,,
Steriphus diversipes,Spotted Vegetable Weevil,Insect,4,Adelaide | Hobart | Melbourne | Perth,10,False,,,,,
Steriphus murinus,,Insect,2,Canberra–Queanbeyan | Melbourne,2,False,,,,,
Sterna dougallii,Roseate Tern,Bird,3,Brisbane | Darwin | Perth,94,False,,,,,
Sterna hirundo,Common Tern,Bird,6,Adelaide | Brisbane | Darwin | Melbourne | Perth | Sydney,1422,False,,,,,
Sterna paradisaea,Arctic Tern,Bird,1,Perth,75,False,,,,,
Sterna striata,White-fronted Tern,Bird,2,Melbourne | Sydney,360,False,,,,,
Sterna sumatrana,Black-naped Tern,Bird,1,Darwin,41,False,,,,,
Sternochetus mangiferae,Mango Seed Weevil,Insect,3,Brisbane | Melbourne | Sydney,4,False,,,,,
Sternula albifrons,Little Tern,Bird,7,Adelaide | Brisbane | Darwin | Hobart | Melbourne | Perth | Sydney,3697,True,Vulnerable,Sternula albifrons,Sternula albifrons,Little Tern,2025-03-05
Sternula nereis,Fairy Tern,Bird,5,Adelaide | Hobart | Melbourne | Perth | Sydney,2510,False,,,,,
Stethopachys formosa,,Insect,2,Brisbane | Sydney,146,False,,,,,
Stethorus fenestralis,,Insect,1,Brisbane,2,False,,,,,
Stibadocerodes zherikhini,,Insect,1,Melbourne,3,False,,,,,
Stibaroma melanotoxa,Grey-caped Line-moth,Insect,4,Adelaide | Canberra–Queanbeyan | Melbourne | Perth,16,False,,,,,
Sticholotis cooloola,,Insect,1,Brisbane,1,False,,,,,
Sticholotis quadrimaculata,,Insect,2,Brisbane | Sydney,7,False,,,,,
Stictochila metata,Concealer Moth,Insect,1,Melbourne,2,False,,,,,
Stictochila myriospila,Concealer Moth,Insect,3,Adelaide | Canberra–Queanbeyan | Melbourne,11,False,,,,,
Stictochila sarcoptera,Concealer Moth,Insect,2,Adelaide | Canberra–Queanbeyan,4,False,,,,,
Stictonetta naevosa,Freckled Duck,Bird,8,Adelaide | Brisbane | Canberra–Queanbeyan | Darwin | Hobart | Melbourne | Perth | Sydney,9359,False,,,,,
Stictoptera cucullioides,,Insect,1,Darwin,1,False,,,,,
Stigmacros aemula,Ant,Insect,1,Brisbane,8,False,,,,,
Stigmacros barretti,Ant,Insect,2,Hobart | Melbourne,5,False,,,,,
Stigmacros clivispina,,Insect,1,Melbourne,1,False,,,,,
Stigmacros debilis,,Insect,1,Brisbane,1,False,,,,,
Stigmacros epinotalis,,Insect,1,Brisbane,6,False,,,,,
Stigmacros marginata,Ant,Insect,2,Brisbane | Melbourne,3,False,,,,,
Stigmacros pusilla,,Insect,1,Canberra–Queanbeyan,1,False,,,,,
Stigmatium acerbum,,Insect,2,Adelaide | Melbourne,2,False,,,,,
Stigmatium confusum,,Insect,1,Melbourne,4,False,,,,,
Stigmatium linealba,,Insect,1,Brisbane,3,False,,,,,
Stigmatium quadricostatum,,Insect,2,Canberra–Queanbeyan | Melbourne,8,False,,,,,
Stigmatium victoriae,,Insect,1,Canberra–Queanbeyan,3,False,,,,,
Stigmella leucargyra,,Insect,1,Sydney,5,False,,,,,
Stigmella phyllanthina,,Insect,1,Sydney,8,False,,,,,
Stigmeurytoma eucalypti,,Insect,1,Melbourne,1,False,,,,,
Stigmodera gratiosa,,Insect,1,Perth,5,False,,,,,
Stigmodera macularia,Stigmodera Macularia,Insect,2,Melbourne | Sydney,12,False,,,,,
Stigmodera roei,,Insect,1,Perth,8,False,,,,,
Stilbopteryx costalis,,Insect,1,Sydney,2,False,,,,,
Stilbopteryx napoleo,,Insect,1,Perth,1,False,,,,,
Stilbopteryx walkeri,,Insect,2,Brisbane | Sydney,4,False,,,,,
Stilbum cyanurum,,Insect,4,Adelaide | Brisbane | Perth | Sydney,13,False,,,,,
Stilida indecora,,Insect,1,Brisbane,42,False,,,,,
Stiltia isabella,Australian Pratincole,Bird,4,Brisbane | Darwin | Melbourne | Sydney,355,False,,,,,
Stipiturus malachurus,Southern Emu-wren,Bird,3,Melbourne | Perth | Sydney,424,False,,,,,
Stirellus fatigandus,Leafhopper,Insect,1,Hobart,1,False,,,,,
Stiromesostenus rufus,,Insect,2,Brisbane | Sydney,7,False,,,,,
Stizocephalus hirsutus,Seed Bug,Insect,1,Hobart,1,False,,,,,
Stizoptera bichenovii,Double-barred Finch,Bird,5,Brisbane | Canberra–Queanbeyan | Darwin | Melbourne | Sydney,30796,False,,,,,
Stolotermes brunneicornis,,Insect,1,Hobart,1,False,,,,,
Stolotermes victoriensis,Termite,Insect,1,Melbourne,3,False,,,,,
Stomiopera unicolor,White-gaped Honeyeater,Bird,1,Darwin,18515,False,,,,,
Stomorhina discolor,,Insect,6,Adelaide | Brisbane | Canberra–Queanbeyan | Darwin | Melbourne | Sydney,107,False,,,,,
Stomorhina pollinosa,,Insect,2,Brisbane | Perth,2,False,,,,,
Stomorhina subapicalis,Blow Fly,Insect,5,Adelaide | Brisbane | Canberra–Queanbeyan | Melbourne | Perth,94,False,,,,,
Stomorhina xanthogaster,,Insect,2,Brisbane | Sydney,16,False,,,,,
Stomosis vittata,,Insect,1,Melbourne,1,False,,,,,
Stomoxys calcitrans,Stable Fly,Insect,6,Adelaide | Brisbane | Darwin | Melbourne | Perth | Sydney,55,False,,,,,
Storeus albosignatus,,Insect,4,Adelaide | Canberra–Queanbeyan | Hobart | Melbourne,16,False,,,,,
Storeus variegatus,,Insect,1,Melbourne,2,False,,,,,
Strepera fuliginosa,Black Currawong,Bird,2,Hobart | Sydney,1777,False,,,,,
Strepera graculina,Pied Currawong,Bird,5,Adelaide | Brisbane | Canberra–Queanbeyan | Melbourne | Sydney,279882,False,,,,,
Strepera versicolor,Grey Currawong,Bird,6,Adelaide | Canberra–Queanbeyan | Hobart | Melbourne | Perth | Sydney,22237,False,,,,,
Strepsicrates ejectana,Guava Bud Moth,Insect,3,Canberra–Queanbeyan | Hobart | Melbourne,3,False,,,,,
Strepsicrates infensa,Moth,Insect,4,Brisbane | Canberra–Queanbeyan | Melbourne | Sydney,40,False,,,,,
Strepsicrates macropetana,Moth,Insect,6,Adelaide | Brisbane | Canberra–Queanbeyan | Melbourne | Perth | Sydney,119,False,,,,,
Strepsicrates semicanella,,Insect,1,Canberra–Queanbeyan,1,False,,,,,
Strepsicrates sphenophora,,Insect,1,Canberra–Queanbeyan,3,False,,,,,
Strepsinoma foveata,,Insect,1,Canberra–Queanbeyan,9,False,,,,,
Streptopelia roseogrisea,African Collared Dove,Bird,5,Adelaide | Canberra–Queanbeyan | Melbourne | Perth | Sydney,436,False,,,,,
Striglina meridiana,,Insect,1,Darwin,1,False,,,,,
Striglina scitaria,,Insect,1,Darwin,1,False,,,,,
Stromatium longicorne,,Insect,1,Brisbane,1,False,,,,,
Strongylium neboissianum,,Insect,1,Melbourne,6,False,,,,,
Strongylorhinus clarki,Gregarious Gall Weevil,Insect,1,Perth,1,False,,,,,
Strongylurus ceresioides,,Insect,5,Brisbane | Canberra–Queanbeyan | Hobart | Melbourne | Sydney,40,False,,,,,
Strongylurus cretifer,Silverbirch Branchcutter,Insect,3,Adelaide | Canberra–Queanbeyan | Sydney,6,False,,,,,
Strongylurus musgravei,,Insect,1,Sydney,2,False,,,,,
Strongylurus scutellatus,,Insect,1,Melbourne,1,False,,,,,
Strongylurus thoracicus,,Insect,2,Brisbane | Sydney,15,False,,,,,
Strophurus ciliaris,Northern Spiny-tailed Gecko,Reptile,1,Darwin,1,False,,,,,
Strophurus spinigerus,South-western Spiny-tailed Gecko,Reptile,1,Perth,90,False,,,,,
Strophurus williamsi,Eastern Spiny-tailed Gecko,Reptile,1,Sydney,5,False,,,,,
Strumigenys godeffroyi,,Insect,1,Sydney,10,False,,,,,
Strumigenys perplexa,Ant,Insect,1,Melbourne,2,False,,,,,
Strumigenys zygon,,Insect,1,Brisbane,1,False,,,,,
Struthidea cinerea,Apostlebird,Bird,4,Adelaide | Brisbane | Canberra–Queanbeyan | Sydney,1001,False,,,,,
Struthio camelus,Ostrich,Bird,3,Adelaide | Canberra–Queanbeyan | Melbourne,3,False,,,,,
Sturnus vulgaris,Common Starling,Bird,6,Adelaide | Brisbane | Canberra–Queanbeyan | Hobart | Melbourne | Sydney,149382,False,,,,,
Stylogeocoris elongatus,Big-eyed Bug,Insect,2,Brisbane | Canberra–Queanbeyan,11,False,,,,,
Subfurcatana subfurcatana,,Insect,3,Hobart | Melbourne | Sydney,20,False,,,,,
Subtrinemura epigea,,Insect,1,Sydney,2,False,,,,,
Sufetula hemiophthalma,,Insect,3,Brisbane | Canberra–Queanbeyan | Darwin,76,False,,,,,
Sugomel niger,Black Honeyeater,Bird,4,Canberra–Queanbeyan | Melbourne | Perth | Sydney,29,False,,,,,
Suhpalacsa dietrichiae,,Insect,1,Brisbane,6,False,,,,,
Suhpalacsa flavipes,,Insect,3,Brisbane | Canberra–Queanbeyan | Sydney,36,False,,,,,
Suhpalacsa lyriformis,,Insect,1,Brisbane,4,False,,,,,
Suhpalacsa nigrescens,,Insect,1,Perth,1,False,,,,,
Suhpalacsa subtrahens,,Insect,3,Brisbane | Perth | Sydney,31,False,,,,,
Sula dactylatra,Masked Booby,Bird,1,Sydney,1,False,,,,,
Sula leucogaster,Brown Booby,Bird,3,Brisbane | Darwin | Sydney,233,False,,,,,
Sula sula,Red-footed Booby,Bird,3,Brisbane | Darwin | Melbourne,6,False,,,,,
Sumpigaster fasciata,,Insect,4,Brisbane | Canberra–Queanbeyan | Melbourne | Sydney,105,False,,,,,
Suniana lascivia,Dingy Grass-dart,Insect,3,Brisbane | Darwin | Sydney,4,False,,,,,
Suniana sunias,Wide-brand Grass-dart,Insect,5,Adelaide | Brisbane | Canberra–Queanbeyan | Darwin | Sydney,1344,False,,,,,
Supella longipalpa,,Insect,4,Brisbane | Darwin | Melbourne | Perth,23,False,,,,,
Sus scrofa,Pig,Mammal,6,Brisbane | Canberra–Queanbeyan | Darwin | Melbourne | Perth | Sydney,36,False,,,,,
Suta dwyeri,Dwyer's Snake,Reptile,1,Canberra–Queanbeyan,3,False,,,,,
Suta flagellum,Little Whip Snake,Reptile,3,Adelaide | Melbourne | Sydney,204,False,,,,,
Suta gouldii,Gould's Hooded Snake,Reptile,1,Perth,25,False,,,,,
Suta nigriceps,Mitchell's Short-tailed Snake,Reptile,1,Perth,1,False,,,,,
Syarbis porcata,,Insect,1,Perth,2,False,,,,,
Sybra acuta,,Insect,2,Melbourne | Sydney,3,False,,,,,
Sybra albula,,Insect,1,Brisbane,5,False,,,,,
Sybra centurio,,Insect,1,Sydney,6,False,,,,,
Sybra truncata,,Insect,1,Sydney,1,False,,,,,
Syconycteris australis,Common Blossom-bat,Mammal,1,Sydney,1,False,,,,,
Sycoscapter australis,,Insect,1,Melbourne,3,False,,,,,
Syllepte phricosticha,,Insect,1,Sydney,1,False,,,,,
Syllepte ridopalis,,Insect,1,Darwin,1,False,,,,,
Syllitosimilis aberrans,,Insect,2,Brisbane | Melbourne,7,False,,,,,
Syllitus araucariae,,Insect,1,Brisbane,1,False,,,,,
Syllitus argillaceus,,Insect,1,Adelaide,4,False,,,,,
Syllitus bipunctatus,,Insect,1,Adelaide,1,False,,,,,
Syllitus brimblecombei,,Insect,1,Brisbane,2,False,,,,,
Syllitus cassiniae,,Insect,1,Sydney,1,False,,,,,
Syllitus grammicus,Slenderlined Longicorn,Insect,5,Brisbane | Canberra–Queanbeyan | Hobart | Melbourne | Perth,38,False,,,,,
Syllitus heros,,Insect,1,Sydney,4,False,,,,,
Syllitus microps,,Insect,3,Canberra–Queanbeyan | Melbourne | Sydney,98,False,,,,,
Syllitus rectus,,Insect,7,Adelaide | Brisbane | Canberra–Queanbeyan | Hobart | Melbourne | Perth | Sydney,474,False,,,,,
Syllitus sinuaticosta,,Insect,1,Brisbane,3,False,,,,,
Syllitus tabidus,,Insect,1,Perth,4,False,,,,,
Syllitus terminatus,,Insect,1,Darwin,1,False,,,,,
Syllitus uniformis,,Insect,1,Adelaide,1,False,,,,,
Sylphoides arenaria,Sand Fairy,Insect,1,Sydney,10,False,,,,,
Sylvicola dubius,Bee Fly,Insect,7,Adelaide | Brisbane | Canberra–Queanbeyan | Hobart | Melbourne | Perth | Sydney,732,False,,,,,
Sylvicola funebris,Bee Fly,Insect,1,Melbourne,2,False,,,,,
Sylvicola neozelandicus,,Insect,1,Melbourne,17,False,,,,,
Symbolistis argyromitra,,Insect,2,Brisbane | Canberra–Queanbeyan,2,False,,,,,
Symbolistis orophota,,Insect,1,Sydney,4,False,,,,,
Symbothynus squalidus,,Insect,1,Hobart,1,False,,,,,
Symbrenthia geoffroyii,White Nymph,Insect,1,Brisbane,178,False,,,,,
Symmachis glaucescens,,Insect,1,Perth,1,False,,,,,
Symmetrischema tangolias,Tomato Stemborer,Insect,4,Adelaide | Canberra–Queanbeyan | Hobart | Melbourne,32,False,,,,,
Symmetrodes sciocosma,,Insect,2,Brisbane | Darwin,6,False,,,,,
Symmoracma minoralis,,Insect,1,Darwin,1,False,,,,,
Sympetes gagates,,Insect,1,Perth,4,False,,,,,
Symphyta nyctopis,Lappet Moth,Insect,3,Brisbane | Canberra–Queanbeyan | Sydney,19,False,,,,,
Symplecta pilipes,,Insect,6,Adelaide | Brisbane | Canberra–Queanbeyan | Melbourne | Perth | Sydney,328,False,,,,,
Symposiachrus trivirgatus,Spectacled Monarch,Bird,3,Brisbane | Melbourne | Sydney,2028,False,,,,,
Sympycnodes arachnophora,Carpenter Moth,Insect,1,Canberra–Queanbeyan,2,False,,,,,
Sympycnodes digitata,Carpenter Moth,Insect,1,Canberra–Queanbeyan,1,False,,,,,
Sympycnodes dunnorum,Carpenter Moth,Insect,2,Adelaide | Melbourne,3,False,,,,,
Sympycnodes epicycla,Carpenter Moth,Insect,3,Canberra–Queanbeyan | Melbourne | Sydney,9,False,,,,,
Sympycnodes rhaptodes,Carpenter Moth,Insect,1,Sydney,1,False,,,,,
Sympycnus anomalipennis,Long-legged Fly,Insect,2,Canberra–Queanbeyan | Melbourne,23,False,,,,,
Synanthedon tipuliformis,Currant Borer Moth,Insect,2,Canberra–Queanbeyan | Hobart,5,False,,,,,
Synchonnus clientulum,,Insect,1,Brisbane,4,False,,,,,
Synchonnus limbatum,,Insect,1,Melbourne,5,False,,,,,
Syncometes vilis,,Insect,4,Brisbane | Canberra–Queanbeyan | Melbourne | Sydney,104,False,,,,,
Syndesus cornutus,Lucanid Decay Borer,Insect,5,Adelaide | Canberra–Queanbeyan | Hobart | Melbourne | Sydney,79,False,,,,,
Syndesus macleayi,,Insect,1,Perth,1,False,,,,,
Syndipnomyia auricincta,,Insect,2,Brisbane | Sydney,2,False,,,,,
Synechocera deplana,,Insect,1,Melbourne,1,False,,,,,
Synechocera elongata,,Insect,1,Perth,4,False,,,,,
Synemon collecta,Striated Sun-moth,Insect,1,Canberra–Queanbeyan,1,False,,,,,
Synemon crocea,Orange-banded Sun-moth,Insect,1,Perth,2,False,,,,,
Synemon laeta,,Insect,1,Brisbane,1,False,,,,,
Synemon leucospila,,Insect,1,Perth,10,False,,,,,
Synemon magnifica,,Insect,1,Sydney,1,False,,,,,
Synemon obscurella,,Insect,1,Perth,1,False,,,,,
Synemon parthenoides,Mallee Sunmoth,Insect,1,Adelaide,1,False,,,,,
Synemon plana,Golden Sun Moth,Insect,3,Canberra–Queanbeyan | Melbourne | Sydney,4151,True,Vulnerable,Synemon plana,Synemon plana,Golden Sun Moth,2021-12-07
Synemon theresa,Cryptic Sun Moth,Insect,1,Adelaide,77,False,,,,,
Syneora acclinis,,Insect,1,Brisbane,19,False,,,,,
Syneora acrotypa,,Insect,2,Brisbane | Sydney,68,False,,,,,
Syneora adelphodes,,Insect,1,Brisbane,4,False,,,,,
Syneora emmelodes,,Insect,1,Sydney,6,False,,,,,
Syneora euboliaria,,Insect,1,Canberra–Queanbeyan,48,False,,,,,
Syneora excursaria,Geometer Moth,Insect,3,Adelaide | Melbourne | Perth,7,False,,,,,
Syneora fractata,Geometer Moth,Insect,2,Hobart | Melbourne,27,False,,,,,
Syneora gypsochroa,,Insect,1,Adelaide,20,False,,,,,
Syneora hemeropa,Geometer Moth,Insect,5,Brisbane | Canberra–Queanbeyan | Melbourne | Perth | Sydney,273,False,,,,,
Syneora leucanthes,,Insect,2,Adelaide | Perth,12,False,,,,,
Syneora lithina,,Insect,3,Brisbane | Perth | Sydney,72,False,,,,,
Syneora mundifera,Geometer Moth,Insect,4,Adelaide | Hobart | Melbourne | Sydney,102,False,,,,,
Syneora nigrilinea,,Insect,1,Perth,1,False,,,,,
Syneora odontosticha,,Insect,1,Brisbane,12,False,,,,,
Syneora strixata,,Insect,2,Brisbane | Sydney,2,False,,,,,
Synlestes selysi,Forest Needle,Insect,1,Sydney,1,False,,,,,
Synlestes weyersii,Bronze Needle,Insect,2,Melbourne | Sydney,18,False,,,,,
Synoicus chinensis,King Quail,Bird,4,Brisbane | Darwin | Melbourne | Sydney,143,False,,,,,
Synoicus ypsilophora,Brown Quail,Bird,8,Adelaide | Brisbane | Canberra–Queanbeyan | Darwin | Hobart | Melbourne | Perth | Sydney,17074,False,,,,,
Synthemis eustalacta,Swamp Tigertail,Insect,3,Adelaide | Canberra–Queanbeyan | Melbourne,30,False,,,,,
Syntherata escarlata,,Insect,1,Darwin,2,False,,,,,
Syntherata janetta,,Insect,2,Brisbane | Sydney,17,False,,,,,
Syntherata melvilla,,Insect,1,Darwin,11,False,,,,,
Synthesiomyia nudiseta,,Insect,4,Adelaide | Brisbane | Melbourne | Sydney,27,False,,,,,
Syntonarcha iriastis,,Insect,7,Adelaide | Brisbane | Canberra–Queanbeyan | Darwin | Melbourne | Perth | Sydney,80,False,,,,,
Syntonarcha vulnerata,,Insect,4,Brisbane | Canberra–Queanbeyan | Darwin | Sydney,7,False,,,,,
Syntozyga anconia,,Insect,2,Brisbane | Sydney,46,False,,,,,
Syntozyga sedifera,,Insect,2,Brisbane | Sydney,4,False,,,,,
Syntretus trigonaphagus,,Insect,1,Sydney,1,False,,,,,
Syntrips maculatus,,Insect,1,Brisbane,5,False,,,,,
Syringoseca mimica,Concealer Moth,Insect,5,Brisbane | Canberra–Queanbeyan | Hobart | Melbourne | Sydney,53,False,,,,,
Syringoseca rhodoxantha,Concealer Moth,Insect,5,Adelaide | Brisbane | Canberra–Queanbeyan | Melbourne | Sydney,138,False,,,,,
Syritta luteinervis,,Insect,2,Brisbane | Perth,10,False,,,,,
Syritta orientalis,,Insect,1,Brisbane,5,False,,,,,
Syrphoctonus nigreoauratilis,,Insect,3,Adelaide | Canberra–Queanbeyan | Melbourne,13,False,,,,,
Syscalma prymnaea,,Insect,1,Brisbane,9,False,,,,,
Syzeuctus insolitus,,Insect,3,Adelaide | Melbourne | Sydney,4,False,,,,,
Szepligetiella xanthotoma,,Insect,1,Brisbane,3,False,,,,,
Tabanus australicus,,Insect,3,Brisbane | Perth | Sydney,17,False,,,,,
Tabanus strangmannii,,Insect,1,Darwin,1,False,,,,,
Taburnus breviceps,,Insect,3,Canberra–Queanbeyan | Melbourne | Sydney,8,False,,,,,
Taburnus tessellatus,,Insect,2,Melbourne | Sydney,3,False,,,,,
Tachybaptus novaehollandiae,Australasian Grebe,Bird,8,Adelaide | Brisbane | Canberra–Queanbeyan | Darwin | Hobart | Melbourne | Perth | Sydney,122745,False,,,,,
Tachyglossus aculeatus,Short-beaked Echidna,Mammal,8,Adelaide | Brisbane | Canberra–Queanbeyan | Darwin | Hobart | Melbourne | Perth | Sydney,8646,False,,,,,
Tachynomyia abdominalis,,Insect,1,Hobart,8,False,,,,,
Tachynomyia uniformis,,Insect,1,Sydney,1,False,,,,,
Tachynomyia volatilis,,Insect,1,Adelaide,1,False,,,,,
Tachystola acroxantha,Concealer Moth,Insect,6,Adelaide | Brisbane | Canberra–Queanbeyan | Hobart | Melbourne | Sydney,359,False,,,,,
Tachystola anthera,,Insect,1,Sydney,16,False,,,,,
Tachystola hemisema,Hemisema Moth,Insect,6,Adelaide | Brisbane | Canberra–Queanbeyan | Melbourne | Perth | Sydney,393,False,,,,,
Tachystola oxytora,Concealer Moth,Insect,2,Brisbane | Sydney,13,False,,,,,
Tachystola ptochodes,,Insect,1,Brisbane,2,False,,,,,
Tachystola stenoptera,Concealer Moth,Insect,7,Adelaide | Brisbane | Canberra–Queanbeyan | Hobart | Melbourne | Perth | Sydney,99,False,,,,,
Tachystola thiasotis,Concealer Moth,Insect,4,Brisbane | Canberra–Queanbeyan | Melbourne | Sydney,59,False,,,,,
Tadorna tadornoides,Australian Shelduck,Bird,6,Adelaide | Canberra–Queanbeyan | Hobart | Melbourne | Perth | Sydney,22967,False,,,,,
Taeniogonalos tenebrosa,,Insect,1,Hobart,1,False,,,,,
Taeniopygia guttata,Zebra Finch,Bird,7,Adelaide | Brisbane | Canberra–Queanbeyan | Darwin | Melbourne | Perth | Sydney,564,False,,,,,
Taenogerella elizabethae,,Insect,4,Adelaide | Canberra–Queanbeyan | Melbourne | Sydney,199,False,,,,,
Taenogerella nigrapicalis,Stiletto Fly,Insect,1,Perth,2,False,,,,,
Taenogerella platina,Stiletto Fly,Insect,3,Brisbane | Melbourne | Sydney,3,False,,,,,
Tagosodes pusanus,,Insect,1,Perth,1,False,,,,,
Talanga sexpunctalis,,Insect,2,Brisbane | Sydney,3,False,,,,,
Talanga tolumnialis,,Insect,2,Brisbane | Sydney,229,False,,,,,
Talaurinus impressicollis,,Insect,1,Melbourne,9,False,,,,,
Tamasa tristigma,Brown Bunyip,Insect,2,Brisbane | Sydney,585,False,,,,,
Tamba syndesma,,Insect,1,Brisbane,1,False,,,,,
Tambinia sexmaculata,,Insect,1,Sydney,1,False,,,,,
Tambourina kelsalli,,Insect,1,Brisbane,7,False,,,,,
Tanybyrsa ampliata,,Insect,1,Brisbane,9,False,,,,,
Tanychilus dubius,,Insect,1,Melbourne,1,False,,,,,
Tanychilus striatus,,Insect,1,Melbourne,8,False,,,,,
Tanyscelis conica,,Insect,1,Melbourne,1,False,,,,,
Tanyscelis grallator,,Insect,1,Melbourne,1,False,,,,,
Tanyscelis maculata,,Insect,1,Melbourne,2,False,,,,,
Tanyscelis maskelli,,Insect,1,Sydney,3,False,,,,,
Tanyscelis villosigibba,,Insect,1,Brisbane,1,False,,,,,
Tanysiptera sylvia,Buff-breasted Paradise-kingfisher,Bird,1,Brisbane,2,False,,,,,
Tanyzancla amphitoxa,,Insect,1,Perth,1,False,,,,,
Tanyzancla argutella,Spotted Kunzea Moth,Insect,3,Adelaide | Canberra–Queanbeyan | Perth,5,False,,,,,
Tanyzancla calliophthalma,,Insect,1,Perth,6,False,,,,,
Tanyzancla melanocrossa,,Insect,1,Perth,5,False,,,,,
Tapeigaster annulata,,Insect,1,Melbourne,1,False,,,,,
Tapeigaster annulipes,Fly,Insect,5,Adelaide | Brisbane | Canberra–Queanbeyan | Melbourne | Sydney,109,False,,,,,
Tapeigaster argyrospila,Fly,Insect,4,Adelaide | Canberra–Queanbeyan | Melbourne | Perth,73,False,,,,,
Tapeigaster brunneifrons,Fly,Insect,5,Adelaide | Canberra–Queanbeyan | Hobart | Melbourne | Sydney,38,False,,,,,
Tapeigaster cinctipes,Fly,Insect,2,Melbourne | Perth,5,False,,,,,
Tapeigaster digitata,Fly,Insect,1,Melbourne,1,False,,,,,
Tapeigaster luteipennis,Fly,Insect,3,Brisbane | Melbourne | Sydney,15,False,,,,,
Tapeigaster nigricornis,Fly,Insect,6,Adelaide | Brisbane | Canberra–Queanbeyan | Melbourne | Perth | Sydney,106,False,,,,,
Tapeigaster paramonovi,Fly,Insect,2,Melbourne | Perth,11,False,,,,,
Tapeigaster pulverea,Fly,Insect,1,Sydney,2,False,,,,,
Tapeigaster subglabra,Fly,Insect,1,Melbourne,3,False,,,,,
Taphozous georgianus,Common Sheathtail-bat,Mammal,1,Darwin,1,False,,,,,
Taphozous kapalgensis,Arnhem Sheathtail-bat,Mammal,1,Darwin,1,False,,,,,
Tapinocis subapicalis,,Insect,1,Hobart,3,False,,,,,
Tapinoma melanocephalum,Ghost Ant,Insect,2,Brisbane | Darwin,18,False,,,,,
Tapinoma minutum,Dwarf Pecdicel Ant,Insect,3,Brisbane | Melbourne | Sydney,9,False,,,,,
Tarachota ceramica,,Insect,1,Brisbane,1,False,,,,,
Tarachota cnaphalodes,,Insect,1,Melbourne,1,False,,,,,
Tarachota hemicosmana,,Insect,1,Melbourne,1,False,,,,,
Tarachota mersana,,Insect,5,Adelaide | Brisbane | Canberra–Queanbeyan | Melbourne | Sydney,53,False,,,,,
Tarachota scaphosema,,Insect,1,Melbourne,2,False,,,,,
Taractrocera ina,No-brand Grass-dart,Insect,2,Brisbane | Darwin,43,False,,,,,
Targalla delatrix,,Insect,2,Brisbane | Sydney,22,False,,,,,
Targalla plumbea,Owlet Moth,Insect,2,Brisbane | Sydney,47,False,,,,,
Targalla scelerata,,Insect,1,Darwin,1,False,,,,,
Targalla subocellata,,Insect,1,Brisbane,3,False,,,,,
Tarsostenodes bullatus,,Insect,1,Brisbane,1,False,,,,,
Tarsostenodes guttulus,,Insect,1,Sydney,1,False,,,,,
Tarsostenodes simulator,,Insect,2,Melbourne | Sydney,4,False,,,,,
Tarsostenus hilaris,,Insect,1,Melbourne,2,False,,,,,
Tarsostenus univittatus,,Insect,2,Brisbane | Perth,2,False,,,,,
Tartessella rugosa,,Insect,1,Brisbane,1,False,,,,,
Tasgius ater,,Insect,2,Canberra–Queanbeyan | Melbourne,9,False,,,,,
Taslopa montana,Leafhopper,Insect,1,Canberra–Queanbeyan,1,False,,,,,
Tasmaniacris tasmaniensis,Tasmanian Grasshopper,Insect,1,Hobart,20,False,,,,,
Tasmanocoenis tillyardi,Mayfly,Insect,1,Adelaide,5,False,,,,,
Tatobotys biannulalis,,Insect,1,Darwin,16,False,,,,,
Tatobotys janapalis,,Insect,2,Brisbane | Sydney,26,False,,,,,
Taurella forresti,,Insect,1,Brisbane,36,False,,,,,
Tawhitia pentadactylus,,Insect,2,Canberra–Queanbeyan | Hobart,4,False,,,,,
Taxeotis adelpha,,Insect,1,Hobart,3,False,,,,,
Taxeotis egenata,,Insect,2,Brisbane | Sydney,7,False,,,,,
Taxeotis epigaea,,Insect,2,Brisbane | Sydney,2,False,,,,,
Taxeotis exsectaria,Geometer Moth,Insect,2,Adelaide | Canberra–Queanbeyan,8,False,,,,,
Taxeotis intermixtaria,Geometer Moth,Insect,2,Canberra–Queanbeyan | Melbourne,20,False,,,,,
Taxeotis intextata,Geometer Moth,Insect,7,Adelaide | Brisbane | Canberra–Queanbeyan | Hobart | Melbourne | Perth | Sydney,393,False,,,,,
Taxeotis mimela,Geometer Moth,Insect,1,Melbourne,1,False,,,,,
Taxeotis perlinearia,Geometer Moth,Insect,4,Adelaide | Canberra–Queanbeyan | Melbourne | Sydney,161,False,,,,,
Taxeotis stereospila,Geometer Moth,Insect,3,Canberra–Queanbeyan | Melbourne | Sydney,41,False,,,,,
Taxeotis subvelaria,,Insect,1,Canberra–Queanbeyan,5,False,,,,,
Taxeotis thegalea,,Insect,1,Perth,5,False,,,,,
Taylorilygus apicalis,Brokenbacked Bug,Insect,6,Adelaide | Brisbane | Canberra–Queanbeyan | Melbourne | Perth | Sydney,218,False,,,,,
Tebenna micalis,Small Thistle Moth,Insect,7,Adelaide | Brisbane | Canberra–Queanbeyan | Hobart | Melbourne | Perth | Sydney,335,False,,,,,
Technitis campylosticha,,Insect,1,Hobart,1,False,,,,,
Technitis cataractis,,Insect,1,Melbourne,3,False,,,,,
Technitis humerellus,,Insect,1,Melbourne,3,False,,,,,
Technomyrmex albipes,White-footed Ant,Insect,7,Adelaide | Brisbane | Canberra–Queanbeyan | Hobart | Melbourne | Perth | Sydney,386,False,,,,,
Technomyrmex antonii,,Insect,1,Brisbane,11,False,,,,,
Technomyrmex difficilis,White-footed Ant,Insect,1,Sydney,1,False,,,,,
Technomyrmex jocosus,Ant,Insect,6,Adelaide | Brisbane | Hobart | Melbourne | Perth | Sydney,40,False,,,,,
Technomyrmex sophiae,,Insect,2,Brisbane | Sydney,100,False,,,,,
Tectocoris diophthalmus,Cotton Harlequin Bug,Insect,5,Brisbane | Canberra–Queanbeyan | Darwin | Perth | Sydney,2308,False,,,,,
Tegea atropicta,,Insect,3,Brisbane | Canberra–Queanbeyan | Sydney,150,False,,,,,
Teispes insularis,,Insect,1,Darwin,1,False,,,,,
Telanepsia coprobora,Concealer Moth,Insect,1,Adelaide,19,False,,,,,
Telanepsia mobilis,,Insect,1,Melbourne,1,False,,,,,
Telanepsia nonymopis,,Insect,1,Sydney,3,False,,,,,
Telecrates basileia,,Insect,1,Sydney,1,False,,,,,
Telecrates laetiorella,Concealer Moth,Insect,5,Adelaide | Brisbane | Melbourne | Perth | Sydney,11,False,,,,,
Telecrates melanochrysa,Concealer Moth,Insect,2,Canberra–Queanbeyan | Melbourne,11,False,,,,,
Teleogryllus commodus,Black Field Cricket,Insect,8,Adelaide | Brisbane | Canberra–Queanbeyan | Darwin | Hobart | Melbourne | Perth | Sydney,911,False,,,,,
Teleogryllus oceanicus,,Insect,1,Melbourne,2,False,,,,,
Teleonemia scrupulosa,Lantana Lace Bug,Insect,1,Brisbane,1,False,,,,,
Telephlebia brevicauda,Southern Evening Darner,Insect,2,Canberra–Queanbeyan | Melbourne,24,False,,,,,
Telephlebia godeffroyi,Eastern Evening Darner,Insect,1,Sydney,100,False,,,,,
Telephlebia tryoni,Coastal Evening Darner,Insect,1,Brisbane,139,False,,,,,
Telicota ancilla,Green Darter,Insect,2,Brisbane | Sydney,30,False,,,,,
Telicota anisodesma,Southern Large Darter,Insect,1,Brisbane,1,False,,,,,
Telicota augias,Bright-orange Darter,Insect,2,Darwin | Melbourne,16,False,,,,,
Telicota colon,Pale-orange Darter,Insect,3,Brisbane | Darwin | Sydney,160,False,,,,,
Telicota eurychlora,Dingy Darter,Insect,1,Sydney,1,False,,,,,
Telmapsalta hackeri,Paperbark Cicada,Insect,2,Brisbane | Sydney,62,False,,,,,
Telocera wollastoni,,Insect,1,Sydney,1,False,,,,,
Telocharacta hemicroca,Concealer Moth,Insect,3,Canberra–Queanbeyan | Melbourne | Sydney,13,False,,,,,
Telocharacta metachroa,Concealer Moth,Insect,1,Canberra–Queanbeyan,9,False,,,,,
Telostylinus lineolatus,,Insect,3,Brisbane | Darwin | Sydney,21,False,,,,,
Telsimia subviridis,,Insect,1,Melbourne,1,False,,,,,
Telura vitticollis,,Insect,3,Canberra–Queanbeyan | Hobart | Melbourne,12,False,,,,,
Temnelytra truncata,Cockroach,Insect,1,Sydney,2,False,,,,,
Temnogyropa stenomorpha,Concealer Moth,Insect,2,Canberra–Queanbeyan | Sydney,5,False,,,,,
Temnolopha mosaica,,Insect,1,Darwin,1,False,,,,,
Temnopalpus bicolor,,Insect,1,Hobart,3,False,,,,,
Temnorrhynchus retusus,,Insect,1,Sydney,4,False,,,,,
Temnosternus planiusculus,,Insect,3,Brisbane | Melbourne | Sydney,69,False,,,,,
Temnosternus vitula,,Insect,1,Brisbane,4,False,,,,,
Temognatha affinis,,Insect,2,Canberra–Queanbeyan | Sydney,2,False,,,,,
Temognatha bruckii,,Insect,1,Perth,1,False,,,,,
Temognatha conspicillata,,Insect,1,Perth,25,False,,,,,
Temognatha duboulayi,Jewel Beetle,Insect,1,Darwin,2,False,,,,,
Temognatha excisicollis,,Insect,1,Brisbane,2,False,,,,,
Temognatha flavicollis,,Insect,1,Adelaide,3,False,,,,,
Temognatha flavomarginata,,Insect,1,Adelaide,3,False,,,,,
Temognatha goryi,,Insect,2,Canberra–Queanbeyan | Sydney,6,False,,,,,
Temognatha lessonii,,Insect,2,Adelaide | Perth,3,False,,,,,
Temognatha menalcas,,Insect,1,Melbourne,1,False,,,,,
Temognatha mitchellii,,Insect,1,Perth,3,False,,,,,
Temognatha sanguinipennis,Jewel Beetle,Insect,2,Canberra–Queanbeyan | Melbourne,5,False,,,,,
Temognatha similis,,Insect,1,Brisbane,1,False,,,,,
Temognatha suturalis,,Insect,3,Canberra–Queanbeyan | Melbourne | Sydney,18,False,,,,,
Temognatha thoracica,,Insect,2,Canberra–Queanbeyan | Sydney,3,False,,,,,
Temognatha variabilis,,Insect,2,Brisbane | Sydney,9,False,,,,,
Temognatha westwoodii,,Insect,1,Perth,1,False,,,,,
Tenagogerris euphrosyne,Water Strider,Insect,3,Brisbane | Melbourne | Sydney,117,False,,,,,
Tenebrio molitor,Yellow Mealworm,Insect,4,Brisbane | Canberra–Queanbeyan | Melbourne | Sydney,9,False,,,,,
Tenerus abbreviatus,,Insect,2,Canberra–Queanbeyan | Hobart,3,False,,,,,
Tenerus telephoroides,,Insect,1,Melbourne,1,False,,,,,
Tenodera australasiae,Purplewinged Mantid,Insect,8,Adelaide | Brisbane | Canberra–Queanbeyan | Darwin | Hobart | Melbourne | Perth | Sydney,681,False,,,,,
Tenodera blanchardi,,Insect,2,Brisbane | Darwin,64,False,,,,,
Tenuitartessus blundellensis,Leafhopper,Insect,1,Hobart,3,False,,,,,
Tepperia brachychitonis,,Insect,1,Perth,4,False,,,,,
Tepperia major,,Insect,2,Brisbane | Sydney,6,False,,,,,
Tepperia sterculiae,Kurrajong Seed Weevil,Insect,5,Adelaide | Brisbane | Canberra–Queanbeyan | Melbourne | Sydney,42,False,,,,,
Tepperotettix reliqua,,Insect,1,Brisbane,1,False,,,,,
Terastia subjectalis,,Insect,1,Brisbane,3,False,,,,,
Teratomyza undulata,Fern Fly,Insect,1,Melbourne,3,False,,,,,
Terentius convexus,Treehopper,Insect,2,Brisbane | Sydney,2,False,,,,,
Termatophylum melaleucae,,Insect,1,Brisbane,9,False,,,,,
Termessa catocalina,Moth,Insect,1,Sydney,6,False,,,,,
Termessa discrepans,Moth,Insect,1,Sydney,8,False,,,,,
Termessa gratiosa,Moth,Insect,5,Adelaide | Brisbane | Canberra–Queanbeyan | Melbourne | Sydney,200,False,,,,,
Termessa laeta,Moth,Insect,3,Adelaide | Canberra–Queanbeyan | Sydney,18,False,,,,,
Termessa nivosa,Moth,Insect,3,Canberra–Queanbeyan | Melbourne | Sydney,70,False,,,,,
Termessa shepherdi,Sheperd's Footman,Insect,1,Canberra–Queanbeyan,4,False,,,,,
Termessa xanthomelas,Moth,Insect,2,Adelaide | Canberra–Queanbeyan,4,False,,,,,
Termessa zonophanes,Moth,Insect,2,Canberra–Queanbeyan | Melbourne,46,False,,,,,
Terobiella nigriceps,Parasitoid Wasp,Insect,3,Adelaide | Canberra–Queanbeyan | Melbourne,9,False,,,,,
Terpandrus endota,,Insect,3,Brisbane | Melbourne | Sydney,4,False,,,,,
Terpandrus horridus,,Insect,1,Sydney,1,False,,,,,
Terpandrus jumbunna,,Insect,1,Sydney,3,False,,,,,
Tessaromma undatum,Velvet Eucalypt Longhorn,Insect,6,Adelaide | Brisbane | Canberra–Queanbeyan | Hobart | Melbourne | Sydney,87,False,,,,,
Tessarotis rubrata,,Insect,1,Brisbane,10,False,,,,,
Testrica haedula,,Insect,1,Perth,1,False,,,,,
Tetrachroa edwardsi,,Insect,2,Brisbane | Sydney,6,False,,,,,
Tetracnemoidea brevicornis,,Insect,1,Melbourne,1,False,,,,,
Tetracona amathealis,,Insect,2,Brisbane | Darwin,48,False,,,,,
Tetragonomenes ruficornis,,Insect,1,Hobart,1,False,,,,,
Tetragonula carbonaria,,Insect,3,Brisbane | Darwin | Sydney,635,False,,,,,
Tetragonula hockingsi,,Insect,2,Brisbane | Sydney,217,False,,,,,
Tetragonula mellipes,,Insect,1,Darwin,1,False,,,,,
Tetralophus sculpturatus,,Insect,1,Melbourne,1,False,,,,,
Tetramorium bicarinatum,Bicoloured Pennant Ant,Insect,4,Brisbane | Melbourne | Perth | Sydney,118,False,,,,,
Tetramorium confusum,,Insect,2,Brisbane | Sydney,14,False,,,,,
Tetramorium fuscipes,,Insect,1,Brisbane,8,False,,,,,
Tetramorium impressum,,Insect,1,Brisbane,19,False,,,,,
Tetramorium lanuginosum,Wooly Ant,Insect,1,Brisbane,2,False,,,,,
Tetramorium simillimum,,Insect,2,Brisbane | Perth,57,False,,,,,
Tetramorium turneri,,Insect,1,Sydney,1,False,,,,,
Tetraponera nitida,,Insect,1,Darwin,1,False,,,,,
Tetraponera punctulata,Savanna Black Tree Ant,Insect,4,Brisbane | Darwin | Perth | Sydney,68,False,,,,,
Tetraschalis arachnodes,,Insect,2,Brisbane | Sydney,6,False,,,,,
Tettigarcta crinita,Hairy Cicada,Insect,1,Melbourne,31,False,,,,,
Tettigarcta tomentosa,Tasmanian Hairy Cicada,Insect,1,Hobart,1,False,,,,,
Teuchothrips badiipennis,,Insect,1,Adelaide,6,False,,,,,
Teuchothrips disjunctus,,Insect,1,Melbourne,1,False,,,,,
Thalaina angulosa,Angled Satin Moth,Insect,2,Adelaide | Perth,81,False,,,,,
Thalaina clara,Claras Satin Moth,Insect,3,Canberra–Queanbeyan | Melbourne | Sydney,291,False,,,,,
Thalaina inscripta,Geometer Moth,Insect,1,Hobart,4,False,,,,,
Thalaina selenaea,Satin Moth,Insect,4,Canberra–Queanbeyan | Hobart | Melbourne | Sydney,131,False,,,,,
Thalamarchella alveola,,Insect,1,Perth,3,False,,,,,
Thalassarche bulleri,Buller's Albatross,Bird,1,Sydney,55,True,Vulnerable,Thalassarche bulleri,Thalassarche bulleri,"Buller's Albatross, Pacific Albatross",2000-07-16
Thalassarche carteri,Indian Yellow-nosed Albatross,Bird,2,Melbourne | Sydney,208,True,Vulnerable,Thalassarche carteri,Thalassarche carteri,Indian Yellow-nosed Albatross,2000-07-16
Thalassarche cauta,Shy Albatross,Bird,3,Brisbane | Melbourne | Sydney,556,True,Endangered,Thalassarche cauta,Thalassarche cauta,Shy Albatross,2020-07-03
Thalassarche chrysostoma,Grey-headed Albatross,Bird,1,Perth,3,True,Endangered,Thalassarche chrysostoma,Thalassarche chrysostoma,Grey-headed Albatross,2009-12-24
Thalassarche impavida,Campbell Albatross,Bird,1,Sydney,65,True,Vulnerable,Thalassarche impavida,Thalassarche impavida,"Campbell Albatross, Campbell Black-browed Albatross",2000-07-16
Thalassarche melanophris,Black-browed Albatross,Bird,2,Melbourne | Sydney,1440,True,Vulnerable,Thalassarche melanophris,Thalassarche melanophris,Black-browed Albatross,2005-06-06
Thalassarche steadi,White-capped Albatross,Bird,1,Sydney,1,True,Vulnerable,Thalassarche steadi,Thalassarche steadi,White-capped Albatross,2000-07-16
Thalasseus bengalensis,Lesser Crested Tern,Bird,2,Brisbane | Darwin,1294,False,,,,,
Thalasseus bergii,Crested Tern,Bird,7,Adelaide | Brisbane | Darwin | Hobart | Melbourne | Perth | Sydney,33267,False,,,,,
Thalassodes dorsilinea,,Insect,2,Brisbane | Darwin,8,False,,,,,
Thalassodes pilaria,,Insect,1,Brisbane,62,False,,,,,
Thalassodes rhytiphorus,,Insect,1,Darwin,3,False,,,,,
Thalatha melanophrica,Owlet Moth,Insect,1,Sydney,2,False,,,,,
Thalerotricha mylicella,Concealer Moth,Insect,1,Canberra–Queanbeyan,10,False,,,,,
Thallarcha albicollis,Moth,Insect,4,Adelaide | Canberra–Queanbeyan | Melbourne | Sydney,58,False,,,,,
Thallarcha chrysochares,Moth,Insect,4,Brisbane | Canberra–Queanbeyan | Melbourne | Sydney,19,False,,,,,
Thallarcha epigypsa,Moth,Insect,1,Adelaide,3,False,,,,,
Thallarcha epiostola,Gowned Footman,Insect,2,Canberra–Queanbeyan | Melbourne,3,False,,,,,
Thallarcha eremicola,,Insect,1,Perth,16,False,,,,,
Thallarcha isophragma,,Insect,1,Hobart,1,False,,,,,
Thallarcha jocularis,Moth,Insect,1,Melbourne,4,False,,,,,
Thallarcha lechrioleuca,Moth,Insect,2,Canberra–Queanbeyan | Perth,2,False,,,,,
Thallarcha leptographa,,Insect,2,Brisbane | Sydney,13,False,,,,,
Thallarcha levis,,Insect,1,Brisbane,2,False,,,,,
Thallarcha lochaga,,Insect,1,Sydney,4,False,,,,,
Thallarcha macilenta,,Insect,1,Sydney,10,False,,,,,
Thallarcha oblita,Moth,Insect,2,Canberra–Queanbeyan | Melbourne,10,False,,,,,
Thallarcha partita,Moth,Insect,3,Canberra–Queanbeyan | Melbourne | Sydney,297,False,,,,,
Thallarcha pellax,Moth,Insect,1,Melbourne,3,False,,,,,
Thallarcha phalarota,Moth,Insect,4,Brisbane | Canberra–Queanbeyan | Melbourne | Sydney,88,False,,,,,
Thallarcha rhaptophora,Moth,Insect,2,Canberra–Queanbeyan | Perth,7,False,,,,,
Thallarcha sparsana,Moth,Insect,4,Brisbane | Canberra–Queanbeyan | Melbourne | Sydney,32,False,,,,,
Thallarcha staurocola,Moth,Insect,3,Brisbane | Melbourne | Sydney,16,False,,,,,
Thallarcha trissomochla,Moth,Insect,3,Adelaide | Brisbane | Canberra–Queanbeyan,15,False,,,,,
Thallis bifasciata,,Insect,1,Melbourne,3,False,,,,,
Thallis compta,,Insect,6,Adelaide | Brisbane | Canberra–Queanbeyan | Hobart | Melbourne | Sydney,52,False,,,,,
Thallis dentipes,,Insect,4,Brisbane | Hobart | Melbourne | Sydney,16,False,,,,,
Thallis erichsoni,,Insect,3,Adelaide | Brisbane | Melbourne,5,False,,,,,
Thallis janthina,,Insect,1,Melbourne,1,False,,,,,
Thallis metasternalis,,Insect,1,Brisbane,1,False,,,,,
Thallis subtuberculata,,Insect,1,Melbourne,3,False,,,,,
Thallis vinula,,Insect,4,Adelaide | Canberra–Queanbeyan | Hobart | Melbourne,15,False,,,,,
Thallogama corticola,Geometer Moth,Insect,1,Melbourne,2,False,,,,,
Thallogama destinataria,,Insect,1,Sydney,1,False,,,,,
Thalycrodes australis,,Insect,1,Hobart,4,False,,,,,
Thalycrodes pulchrum,,Insect,1,Hobart,2,False,,,,,
Thamnophryne nysias,Leafhopper,Insect,3,Adelaide | Canberra–Queanbeyan | Hobart,9,False,,,,,
Thanatodictya hebe,Planthopper,Insect,1,Hobart,1,False,,,,,
Thanatodictya praeferrata,Planthopper,Insect,1,Darwin,5,False,,,,,
Thapsinotypa anthemodes,Concealer Moth,Insect,2,Hobart | Melbourne,18,False,,,,,
Thaumaglossa concavifrons,,Insect,1,Hobart,1,False,,,,,
Thaumaglossa nigricans,,Insect,1,Brisbane,3,False,,,,,
Thaumastocoris peregrinus,,Insect,5,Adelaide | Brisbane | Canberra–Queanbeyan | Melbourne | Sydney,63,False,,,,,
Thaumastocoris slateri,,Insect,1,Melbourne,1,False,,,,,
Thaumastophasis bicolor,,Insect,1,Melbourne,1,False,,,,,
Theclinesthes albocinctus,Bitter-bush Blue,Insect,1,Adelaide,3,False,,,,,
Theclinesthes miskini,Wattle Blue,Insect,6,Adelaide | Brisbane | Canberra–Queanbeyan | Darwin | Perth | Sydney,113,False,,,,,
Theclinesthes onycha,Cycad Blue (northern Subspecies),Insect,1,Brisbane,320,False,,,,,
Theclinesthes serpentatus,Salt-bush Blue,Insect,7,Adelaide | Brisbane | Canberra–Queanbeyan | Hobart | Melbourne | Perth | Sydney,692,False,,,,,
Theclinesthes sulpitius,Saltpan Blue,Insect,2,Brisbane | Sydney,94,False,,,,,
Thecophora australiana,,Insect,1,Adelaide,1,False,,,,,
Thelocoris nigricans,Assassin Bug,Insect,1,Canberra–Queanbeyan,1,False,,,,,
Thema argoptera,Concealer Moth,Insect,1,Melbourne,16,False,,,,,
Thema brevivitella,Concealer Moth,Insect,3,Brisbane | Canberra–Queanbeyan | Melbourne,27,False,,,,,
Thema chlorochyta,Concealer Moth,Insect,3,Canberra–Queanbeyan | Melbourne | Sydney,9,False,,,,,
Thema endesma,Concealer Moth,Insect,2,Melbourne | Sydney,6,False,,,,,
Thema gypsina,Concealer Moth,Insect,1,Melbourne,1,False,,,,,
Thema holoxesta,Concealer Moth,Insect,3,Brisbane | Canberra–Queanbeyan | Melbourne,17,False,,,,,
Thema macroscia,,Insect,2,Canberra–Queanbeyan | Melbourne,81,False,,,,,
Thema protogramma,Concealer Moth,Insect,3,Canberra–Queanbeyan | Melbourne | Sydney,29,False,,,,,
Thema proxima,Concealer Moth,Insect,1,Melbourne,1,False,,,,,
Thema psammoxantha,Concealer Moth,Insect,5,Brisbane | Canberra–Queanbeyan | Hobart | Melbourne | Sydney,284,False,,,,,
Thema stasiastica,Concealer Moth,Insect,1,Melbourne,26,False,,,,,
Thema xiphochrysa,Concealer Moth,Insect,4,Brisbane | Canberra–Queanbeyan | Hobart | Melbourne,6,False,,,,,
Theretra celata,,Insect,3,Brisbane | Darwin | Sydney,20,False,,,,,
Theretra indistincta,,Insect,3,Brisbane | Darwin | Sydney,13,False,,,,,
Theretra latreillii,,Insect,4,Brisbane | Darwin | Perth | Sydney,324,False,,,,,
Theretra margarita,,Insect,2,Brisbane | Darwin,4,False,,,,,
Theretra nessus,,Insect,2,Brisbane | Sydney,2,False,,,,,
Theretra oldenlandiae,,Insect,3,Brisbane | Darwin | Sydney,48,False,,,,,
Theretra queenslandi,,Insect,1,Brisbane,2,False,,,,,
Theretra radiosa,,Insect,2,Brisbane | Sydney,2,False,,,,,
Theretra silhetensis,,Insect,2,Brisbane | Darwin,52,False,,,,,
Theretra tryoni,,Insect,2,Brisbane | Sydney,100,False,,,,,
Theretra turneri,,Insect,1,Darwin,1,False,,,,,
Thereutria amaraca,Robber Fly,Insect,3,Canberra–Queanbeyan | Melbourne | Sydney,33,False,,,,,
Thereutria pulchra,,Insect,1,Brisbane,2,False,,,,,
Thereutria pulchripes,Robber Fly,Insect,1,Melbourne,1,False,,,,,
Thereutria tessellata,Robber Fly,Insect,1,Sydney,2,False,,,,,
Theristria delicatula,,Insect,3,Adelaide | Canberra–Queanbeyan | Melbourne,21,False,,,,,
Theristria discolor,,Insect,1,Brisbane,1,False,,,,,
Theristria stigma,,Insect,3,Brisbane | Melbourne | Sydney,8,False,,,,,
Thermobia domestica,Firebrat,Insect,1,Melbourne,1,False,,,,,
Theronia fraucai,,Insect,1,Sydney,1,False,,,,,
Theronia maculosa,,Insect,3,Hobart | Melbourne | Sydney,30,False,,,,,
Theronia steindachneri,,Insect,3,Brisbane | Melbourne | Sydney,5,False,,,,,
Theseus modestus,Shield Bug,Insect,5,Adelaide | Brisbane | Canberra–Queanbeyan | Perth | Sydney,251,False,,,,,
Thinempis turimetta,Dance Fly,Insect,1,Sydney,1,False,,,,,
Thinornis cucullatus,Hooded Plover,Bird,5,Adelaide | Hobart | Melbourne | Perth | Sydney,7568,False,,,,,
Thiotricha acronipha,,Insect,1,Brisbane,1,False,,,,,
Thiotricha anticentra,,Insect,2,Brisbane | Canberra–Queanbeyan,6,False,,,,,
Thiotricha atractodes,,Insect,1,Brisbane,17,False,,,,,
Thodelmus impicticornis,,Insect,2,Brisbane | Sydney,8,False,,,,,
Tholosanus proximus,Shield Bug,Insect,4,Brisbane | Melbourne | Perth | Sydney,27,False,,,,,
Tholymis tillarga,Twister,Insect,2,Brisbane | Darwin,126,False,,,,,
Thomintarra primaeva,,Insect,3,Brisbane | Melbourne | Sydney,3,False,,,,,
Thopha saccata,Double Drummer,Insect,3,Brisbane | Canberra–Queanbeyan | Sydney,92,False,,,,,
Thoracolopha flexirena,,Insect,5,Adelaide | Brisbane | Canberra–Queanbeyan | Melbourne | Sydney,83,False,,,,,
Thoracolopha melanographa,,Insect,6,Adelaide | Canberra–Queanbeyan | Hobart | Melbourne | Perth | Sydney,56,False,,,,,
Thoracolopha nycteris,,Insect,4,Adelaide | Canberra–Queanbeyan | Melbourne | Sydney,28,False,,,,,
Thoracolopha verecunda,,Insect,7,Adelaide | Brisbane | Canberra–Queanbeyan | Hobart | Melbourne | Perth | Sydney,196,False,,,,,
Thoreauana thoreauini,,Insect,1,Melbourne,1,False,,,,,
Thoris octoguttata,,Insect,2,Brisbane | Sydney,3,False,,,,,
Thoris septemguttata,,Insect,1,Sydney,5,False,,,,,
Thoris sexguttata,,Insect,1,Brisbane,3,False,,,,,
Thrasymemnon kaha,,Insect,2,Brisbane | Canberra–Queanbeyan,6,False,,,,,
Thraxan luteus,,Insect,2,Brisbane | Darwin,19,False,,,,,
Threnosia heminephes,Moth,Insect,1,Canberra–Queanbeyan,17,False,,,,,
Threnosia myochroa,Moth,Insect,2,Canberra–Queanbeyan | Melbourne,5,False,,,,,
Threskiornis moluccus,Australian White Ibis,Bird,7,Adelaide | Brisbane | Canberra–Queanbeyan | Darwin | Melbourne | Perth | Sydney,297781,False,,,,,
Threskiornis spinicollis,Straw-necked Ibis,Bird,7,Adelaide | Brisbane | Canberra–Queanbeyan | Darwin | Melbourne | Perth | Sydney,64417,False,,,,,
Thrincophora dryinodes,,Insect,2,Adelaide | Melbourne,3,False,,,,,
Thrincophora impletana,Leafroller Moth,Insect,3,Canberra–Queanbeyan | Melbourne | Sydney,51,False,,,,,
Thrincophora inconcisana,,Insect,2,Canberra–Queanbeyan | Melbourne,23,False,,,,,
Thrincophora lignigerana,Leafroller Moth,Insect,6,Adelaide | Brisbane | Canberra–Queanbeyan | Hobart | Melbourne | Sydney,136,False,,,,,
Thrincophora signigerana,,Insect,1,Canberra–Queanbeyan,1,False,,,,,
Thriocerodes bipartitus,,Insect,1,Hobart,1,False,,,,,
Thriponea melanograpta,,Insect,1,Darwin,3,False,,,,,
Thrips australis,Eucalyptus Thrips,Insect,1,Perth,4,False,,,,,
Thrips hawaiiensis,Banana Flower Thrips,Insect,1,Sydney,1,False,,,,,
Thrips imaginis,Plague Thrips,Insect,1,Sydney,2,False,,,,,
Thrips tabaci,Onion Thrips,Insect,1,Hobart,1,False,,,,,
Thrypticomyia aureipennis,,Insect,1,Sydney,1,False,,,,,
Thudaca campylota,,Insect,2,Adelaide | Perth,26,False,,,,,
Thudaca circumdatella,,Insect,1,Sydney,11,False,,,,,
Thudaca crypsidesma,,Insect,2,Melbourne | Perth,5,False,,,,,
Thudaca haplonota,,Insect,2,Melbourne | Perth,32,False,,,,,
Thudaca heterastis,,Insect,1,Perth,3,False,,,,,
Thudaca mimodora,,Insect,2,Canberra–Queanbeyan | Melbourne,6,False,,,,,
Thudaca obliquella,,Insect,4,Brisbane | Canberra–Queanbeyan | Melbourne | Sydney,32,False,,,,,
Thumatha fuscescens,,Insect,1,Brisbane,1,False,,,,,
Thunbergia augur,,Insect,1,Brisbane,22,False,,,,,
Thunbergia rufifemur,,Insect,1,Brisbane,1,False,,,,,
Thyada barbicornis,,Insect,2,Brisbane | Sydney,3,False,,,,,
Thylogale billardierii,Tasmanian Pademelon,Mammal,2,Hobart | Melbourne,312,False,,,,,
Thylogale stigmatica,Red-legged Pademelon,Mammal,1,Brisbane,6,False,,,,,
Thylogale thetis,Red-necked Pademelon,Mammal,2,Brisbane | Sydney,6,False,,,,,
Thymiatris cephalochra,,Insect,1,Brisbane,2,False,,,,,
Thynnoides mesopleuralis,,Insect,1,Hobart,2,False,,,,,
Thynnus pulchralis,,Insect,2,Adelaide | Brisbane,6,False,,,,,
Thyregis kershawi,,Insect,1,Melbourne,1,False,,,,,
Thyreocephalus chloropterus,,Insect,1,Melbourne,4,False,,,,,
Thyreocephalus cyanopterus,,Insect,1,Hobart,1,False,,,,,
Thyreocephalus orthodoxus,,Insect,2,Canberra–Queanbeyan | Sydney,3,False,,,,,
Thyreus caeruleopunctatus,Cuckoo Bee,Insect,6,Adelaide | Brisbane | Canberra–Queanbeyan | Darwin | Melbourne | Sydney,258,False,,,,,
Thyreus lugubris,Cuckoo Bee,Insect,2,Brisbane | Sydney,42,False,,,,,
Thyreus nitidulus,Neon Cuckoo Bee,Insect,3,Brisbane | Melbourne | Sydney,244,False,,,,,
Thyreus waroonensis,Cuckoo Bee,Insect,3,Adelaide | Melbourne | Perth,39,False,,,,,
Thysanoplusia orichalcea,Soybean Looper Moth,Insect,5,Adelaide | Brisbane | Canberra–Queanbeyan | Melbourne | Sydney,46,False,,,,,
Tigrioides alterna,Moth,Insect,4,Adelaide | Canberra–Queanbeyan | Melbourne | Sydney,71,False,,,,,
Tiliqua multifasciata,Centralian Blue-tongue,Reptile,1,Sydney,6,False,,,,,
Tiliqua nigrolutea,Southern Blue-tongue,Reptile,5,Canberra–Queanbeyan | Darwin | Hobart | Melbourne | Sydney,960,False,,,,,
Tiliqua occipitalis,Western Blue-tongue,Reptile,3,Canberra–Queanbeyan | Perth | Sydney,38,False,,,,,
Tiliqua rugosa,Bobtail,Reptile,6,Adelaide | Brisbane | Canberra–Queanbeyan | Melbourne | Perth | Sydney,1649,False,,,,,
Tiliqua scincoides,Eastern Blue-tongue,Reptile,6,Adelaide | Brisbane | Canberra–Queanbeyan | Darwin | Melbourne | Sydney,20903,False,,,,,
Timareta crinita,,Insect,1,Perth,2,False,,,,,
Timoconia flammeata,Bright Shield-skipper,Insect,3,Canberra–Queanbeyan | Melbourne | Sydney,68,False,,,,,
Timoconia peron,Dingy Skipper,Insect,3,Brisbane | Melbourne | Sydney,357,False,,,,,
Tinea corynephora,,Insect,1,Melbourne,1,False,,,,,
Tinea pallescentella,,Insect,4,Canberra–Queanbeyan | Hobart | Melbourne | Sydney,7,False,,,,,
Tinea pellionella,,Insect,7,Adelaide | Brisbane | Canberra–Queanbeyan | Hobart | Melbourne | Perth | Sydney,76,False,,,,,
Tineodes adactylalis,,Insect,3,Hobart | Perth | Sydney,8,False,,,,,
Tineola bisselliella,Moth,Insect,5,Adelaide | Canberra–Queanbeyan | Melbourne | Perth | Sydney,78,False,,,,,
Tinganina dimorpha,Shield Bug,Insect,1,Melbourne,2,False,,,,,
Tinginotum minutum,,Insect,7,Adelaide | Brisbane | Canberra–Queanbeyan | Hobart | Melbourne | Perth | Sydney,65,False,,,,,
Tingis drakei,,Insect,2,Hobart | Melbourne,7,False,,,,,
Tingis hackeri,,Insect,1,Melbourne,3,False,,,,,
Tingis hurdae,,Insect,2,Melbourne | Sydney,18,False,,,,,
Tingis perkensi,,Insect,1,Melbourne,1,False,,,,,
Tinocallis ulmiparvifolii,,Insect,1,Canberra–Queanbeyan,2,False,,,,,
Tinosis decemmaculata,,Insect,1,Brisbane,32,False,,,,,
Tinzeda albosignata,Whitelined Bush Katydid,Insect,1,Melbourne,13,False,,,,,
Tinzeda lobata,,Insect,1,Canberra–Queanbeyan,1,False,,,,,
Tinzeda sororoides,,Insect,1,Melbourne,1,False,,,,,
Tipanaea patulella,White Rush Moth,Insect,6,Adelaide | Brisbane | Canberra–Queanbeyan | Hobart | Melbourne | Sydney,452,False,,,,,
Tiracola plagiata,,Insect,2,Brisbane | Sydney,34,False,,,,,
Tirathaba monoleuca,,Insect,1,Melbourne,1,False,,,,,
Tirathaba rufivena,Coconut Spiked Moth,Insect,2,Brisbane | Darwin,67,False,,,,,
Tirumala hamata,Blue Tiger,Insect,4,Adelaide | Brisbane | Darwin | Sydney,859,False,,,,,
Tisiphone abeona,Swordgrass Brown,Insect,2,Melbourne | Sydney,635,False,,,,,
Tisobarica eranna,Concealer Moth,Insect,2,Brisbane | Sydney,6,False,,,,,
Tisobarica larotypa,,Insect,1,Sydney,1,False,,,,,
Tisobarica pyrrhella,,Insect,2,Brisbane | Sydney,3,False,,,,,
Tisobarica thyteria,Concealer Moth,Insect,3,Canberra–Queanbeyan | Melbourne | Sydney,29,False,,,,,
Titaena columbina,,Insect,1,Melbourne,1,False,,,,,
Titanolabis colossea,Giant Earwig,Insect,2,Melbourne | Sydney,8,False,,,,,
Titinia tenuis,,Insect,2,Canberra–Queanbeyan | Melbourne,16,False,,,,,
Titurius intonsodorsalis,,Insect,2,Brisbane | Sydney,2,False,,,,,
Todiramphus chloris,Northern Collared Kingfisher,Bird,3,Brisbane | Darwin | Sydney,8958,False,,,,,
Todiramphus macleayii,Forest Kingfisher,Bird,3,Brisbane | Darwin | Sydney,13462,False,,,,,
Todiramphus pyrrhopygius,Red-backed Kingfisher,Bird,6,Brisbane | Canberra–Queanbeyan | Darwin | Melbourne | Perth | Sydney,549,False,,,,,
Todiramphus sanctus,Sacred Kingfisher,Bird,8,Adelaide | Brisbane | Canberra–Queanbeyan | Darwin | Hobart | Melbourne | Perth | Sydney,60896,False,,,,,
Tolasella brunnea,,Insect,2,Brisbane | Melbourne,2,False,,,,,
Tolgadia bivittata,,Insect,1,Darwin,4,False,,,,,
Tolpia conscitulana,,Insect,1,Brisbane,54,False,,,,,
Tolpiodes aphanta,,Insect,1,Brisbane,1,False,,,,,
Tolpiodes oligolasia,,Insect,2,Brisbane | Sydney,123,False,,,,,
Tonica effractella,,Insect,1,Brisbane,2,False,,,,,
Toolida infrequens,,Insect,2,Brisbane | Melbourne,6,False,,,,,
Toonavora aellaea,,Insect,1,Sydney,1,False,,,,,
Toorongus jugulatus,,Insect,1,Hobart,1,False,,,,,
Torbia perficita,,Insect,4,Brisbane | Canberra–Queanbeyan | Melbourne | Sydney,117,False,,,,,
Torbia viridissima,Gum Leaf Katydid,Insect,6,Adelaide | Brisbane | Canberra–Queanbeyan | Melbourne | Perth | Sydney,379,False,,,,,
Torresita cuprifera,,Insect,2,Melbourne | Sydney,7,False,,,,,
Tortor daulias,,Insect,2,Brisbane | Sydney,16,False,,,,,
Tortor dorrigensis,,Insect,2,Brisbane | Sydney,6,False,,,,,
Tortor pulchra,,Insect,1,Brisbane,19,False,,,,,
Tortricopsis aulacois,Concealer Moth,Insect,2,Canberra–Queanbeyan | Melbourne,10,False,,,,,
Tortricopsis euryphanella,Concealer Moth,Insect,3,Canberra–Queanbeyan | Hobart | Melbourne,65,False,,,,,
Tortricopsis pyroptis,Concealer Moth,Insect,4,Brisbane | Canberra–Queanbeyan | Melbourne | Sydney,144,False,,,,,
Tortricopsis semijunctella,Concealer Moth,Insect,5,Brisbane | Canberra–Queanbeyan | Melbourne | Perth | Sydney,10,False,,,,,
Tortricopsis uncinella,Concealer Moth,Insect,5,Adelaide | Canberra–Queanbeyan | Hobart | Melbourne | Sydney,141,False,,,,,
Toxicum punctipenne,,Insect,1,Melbourne,1,False,,,,,
Toxidia andersoni,Anderson's Skipper,Insect,1,Melbourne,1,False,,,,,
Toxidia crocea,Narrow-brand Grass-skipper,Insect,2,Brisbane | Darwin,4,False,,,,,
Toxidia doubledayi,Doubleday's Skipper,Insect,2,Melbourne | Sydney,44,False,,,,,
Toxidia parvula,Banded Grass-skipper,Insect,1,Brisbane,1,False,,,,,
Toxidia rietmanni,White-brand Grass-skipper,Insect,1,Brisbane,27,False,,,,,
Toxidia xiphiphora,Xiphiphora Skipper,Insect,1,Darwin,1,False,,,,,
Toxocnemis vittata,,Insect,1,Brisbane,1,False,,,,,
Toxoptera aurantii,Aphid,Insect,5,Adelaide | Brisbane | Melbourne | Perth | Sydney,6,False,,,,,
Toxorhynchites speciosus,,Insect,3,Brisbane | Darwin | Sydney,632,False,,,,,
Trabeculus hexakon,,Insect,1,Sydney,1,False,,,,,
Trachemys scripta,Red-eared Slider,Reptile,3,Brisbane | Melbourne | Sydney,19,False,,,,,
Tracholena dialeuca,,Insect,1,Sydney,1,False,,,,,
Tracholena homopolia,,Insect,1,Canberra–Queanbeyan,3,False,,,,,
Tracholena sulfurosa,,Insect,7,Adelaide | Brisbane | Canberra–Queanbeyan | Hobart | Melbourne | Perth | Sydney,194,False,,,,,
Trachydora capnopa,Cosmet Moth,Insect,1,Canberra–Queanbeyan,7,False,,,,,
Trachydora centromela,Cosmet Moth,Insect,1,Sydney,1,False,,,,,
Trachydora droserodes,,Insect,1,Brisbane,8,False,,,,,
Trachydora musaea,,Insect,2,Canberra–Queanbeyan | Melbourne,7,False,,,,,
Trachydora peroneta,,Insect,1,Brisbane,5,False,,,,,
Trachydora pygaea,,Insect,4,Brisbane | Canberra–Queanbeyan | Melbourne | Sydney,9,False,,,,,
Trachylestes aspericollis,,Insect,2,Brisbane | Sydney,16,False,,,,,
Trachylestes turneri,Assassin Bug,Insect,3,Adelaide | Melbourne | Perth,14,False,,,,,
Trachymantis dentifrons,,Insect,1,Perth,38,False,,,,,
Trachymela acclivis,,Insect,1,Melbourne,1,False,,,,,
Trachymela alta,,Insect,1,Adelaide,1,False,,,,,
Trachymela catenata,,Insect,2,Melbourne | Sydney,6,False,,,,,
Trachymela echo,,Insect,1,Brisbane,17,False,,,,,
Trachymela ferrugata,,Insect,1,Hobart,1,False,,,,,
Trachymela graphica,,Insect,1,Sydney,2,False,,,,,
Trachymela montuosa,,Insect,1,Sydney,1,False,,,,,
Trachymela orbicularis,,Insect,1,Sydney,1,False,,,,,
Trachymela papuligera,,Insect,2,Brisbane | Sydney,3,False,,,,,
Trachymela rugosa,,Insect,3,Canberra–Queanbeyan | Hobart | Melbourne,8,False,,,,,
Trachymela sloanei,Australian Tortoise Beetle,Insect,6,Adelaide | Brisbane | Canberra–Queanbeyan | Melbourne | Perth | Sydney,45,False,,,,,
Trachymela tincticollis,,Insect,1,Perth,1,False,,,,,
Trachymela victoriae,,Insect,1,Melbourne,1,False,,,,,
Trachyops australis,Shield Bug,Insect,2,Adelaide | Canberra–Queanbeyan,2,False,,,,,
Trachyscelis ciliaris,,Insect,1,Adelaide,3,False,,,,,
Tragocerus fasciatus,,Insect,1,Sydney,8,False,,,,,
Tramea eurybia,Dune Glider,Insect,1,Brisbane,46,False,,,,,
Tramea loewii,Common Glider,Insect,5,Brisbane | Canberra–Queanbeyan | Darwin | Melbourne | Sydney,713,False,,,,,
Tramea stenoloba,Narrow-lobed Glider,Insect,2,Brisbane | Perth,37,False,,,,,
Traminda aventiaria,,Insect,2,Brisbane | Darwin,273,False,,,,,
Traminda mundissima,,Insect,1,Brisbane,1,False,,,,,
Traminda rubra,,Insect,1,Brisbane,43,False,,,,,
Tranes lyterioides,,Insect,1,Sydney,1,False,,,,,
Tranes sparsus,,Insect,1,Sydney,1,False,,,,,
Tranes vigorsii,,Insect,1,Perth,11,False,,,,,
Trapezites argenteoornatus,Silver-spotted Skipper,Insect,1,Perth,5,False,,,,,
Trapezites eliena,Eliena Skipper,Insect,3,Brisbane | Canberra–Queanbeyan | Sydney,138,False,,,,,
Trapezites heteromacula,Orange White-spot Skipper,Insect,1,Brisbane,1,False,,,,,
Trapezites iacchoides,Silver-studded Ochre,Insect,1,Sydney,7,False,,,,,
Trapezites iacchus,Brown Ochre,Insect,1,Brisbane,3,False,,,,,
Trapezites luteus,Rare White-spot Skipper,Insect,3,Canberra–Queanbeyan | Hobart | Melbourne,94,False,,,,,
Trapezites maheta,Northern Silver Ochre,Insect,1,Brisbane,99,False,,,,,
Trapezites petalia,Common White-spot Skipper,Insect,1,Brisbane,9,False,,,,,
Trapezites phigalia,Phigalia Skipper,Insect,4,Adelaide | Canberra–Queanbeyan | Melbourne | Sydney,51,False,,,,,
Trapezites phigalioides,Montane Ochre,Insect,3,Canberra–Queanbeyan | Melbourne | Sydney,43,False,,,,,
Trapezites praxedes,Southern Silver Ochre,Insect,2,Brisbane | Sydney,34,False,,,,,
Trapezites sciron,Sciron Skipper,Insect,1,Perth,2,False,,,,,
Trapezites symmomus,Splendid Ochre,Insect,3,Brisbane | Melbourne | Sydney,1343,False,,,,,
Trapezites taori,Sandstone Ochre,Insect,1,Brisbane,1,False,,,,,
Tregellasia capito,Southern Pale-yellow Robin,Bird,1,Brisbane,12,False,,,,,
Treptoplatypus crenatus,Polyphagous Pinhole Borer,Insect,1,Brisbane,4,False,,,,,
Triaenodes dibolia,,Insect,1,Darwin,1,False,,,,,
Trialeurodes vaporariorum,Whitefly,Insect,4,Adelaide | Hobart | Melbourne | Sydney,56,False,,,,,
Tribolium castaneum,Red Flour Beetle,Insect,1,Hobart,7,False,,,,,
Tribonyx mortierii,Tasmanian Native-hen,Bird,1,Hobart,7333,False,,,,,
Tribonyx ventralis,Black-tailed Native-hen,Bird,6,Adelaide | Brisbane | Canberra–Queanbeyan | Melbourne | Perth | Sydney,4055,False,,,,,
Trichalus ampliatus,,Insect,3,Brisbane | Melbourne | Sydney,129,False,,,,,
Trichalus apiciflavus,,Insect,1,Melbourne,1,False,,,,,
Trichalus serraticornis,,Insect,2,Brisbane | Darwin,5,False,,,,,
Trichananca fulgida,,Insect,1,Melbourne,2,False,,,,,
Trichananca victoriensis,,Insect,1,Hobart,1,False,,,,,
Trichaulax kirbyi,,Insect,1,Melbourne,1,False,,,,,
Trichaulax marginipennis,,Insect,1,Brisbane,2,False,,,,,
Trichaulax philipsii,Greyfurrowed Rose Chafer,Insect,3,Adelaide | Melbourne | Sydney,11,False,,,,,
Tricheops ephippiger,,Insect,2,Brisbane | Sydney,10,False,,,,,
Trichilogaster acaciaelongifoliae,Wattle Apple-gall Wasp,Insect,6,Adelaide | Brisbane | Canberra–Queanbeyan | Hobart | Melbourne | Sydney,308,False,,,,,
Trichilogaster maideni,,Insect,2,Brisbane | Melbourne,4,False,,,,,
Trichilogaster signiventris,Gall Wasp,Insect,4,Adelaide | Canberra–Queanbeyan | Melbourne | Sydney,443,False,,,,,
Trichilogaster stefani,,Insect,1,Adelaide,203,False,,,,,
Trichiocercus mesomelas,,Insect,5,Adelaide | Brisbane | Canberra–Queanbeyan | Melbourne | Sydney,26,False,,,,,
Trichiocercus sparshalli,Moth,Insect,7,Adelaide | Brisbane | Canberra–Queanbeyan | Hobart | Melbourne | Perth | Sydney,854,False,,,,,
Trichocera annulata,Winter Crane Fly,Insect,5,Adelaide | Canberra–Queanbeyan | Hobart | Melbourne | Sydney,67,False,,,,,
Trichocolletes aeratus,,Insect,2,Brisbane | Sydney,2,False,,,,,
Trichocolletes albigenae,,Insect,1,Sydney,1,False,,,,,
Trichocolletes burnsi,Plasterer Bee,Insect,1,Sydney,1,False,,,,,
Trichocolletes chrysostomus,,Insect,1,Perth,1,False,,,,,
Trichocolletes dowerinensis,,Insect,1,Perth,1,False,,,,,
Trichocolletes erythrurus,,Insect,1,Perth,4,False,,,,,
Trichocolletes fuscus,,Insect,1,Sydney,4,False,,,,,
Trichocolletes gelasinus,,Insect,1,Perth,1,False,,,,,
Trichocolletes orientalis,Plasterer Bee,Insect,1,Sydney,4,False,,,,,
Trichocolletes venustus,Plasterer Bee,Insect,4,Adelaide | Canberra–Queanbeyan | Melbourne | Sydney,13,False,,,,,
Trichoglossus chlorolepidotus,Scaly-breasted Lorikeet,Bird,5,Brisbane | Canberra–Queanbeyan | Melbourne | Perth | Sydney,48988,False,,,,,
Trichoglossus moluccanus,Rainbow Lorikeet,Bird,8,Adelaide | Brisbane | Canberra–Queanbeyan | Darwin | Hobart | Melbourne | Perth | Sydney,541249,False,,,,,
Trichoglossus rubritorquis,Red-collared Lorikeet,Bird,3,Canberra–Queanbeyan | Darwin | Perth,14026,False,,,,,
Tricholeiochiton jabirella,Caddisfly,Insect,1,Darwin,2,False,,,,,
Trichomesia newmani,,Insect,1,Sydney,4,False,,,,,
Trichomma biroi,,Insect,2,Canberra–Queanbeyan | Melbourne,3,False,,,,,
Trichomma clavipes,,Insect,1,Melbourne,1,False,,,,,
Trichophthalma bivitta,,Insect,1,Sydney,1,False,,,,,
Trichophthalma costalis,,Insect,2,Canberra–Queanbeyan | Sydney,3,False,,,,,
Trichophthalma laetilinea,,Insect,1,Canberra–Queanbeyan,1,False,,,,,
Trichophthalma nicholsoni,,Insect,1,Canberra–Queanbeyan,1,False,,,,,
Trichophthalma punctata,Tangle-veined Fly,Insect,3,Canberra–Queanbeyan | Hobart | Melbourne,33,False,,,,,
Trichophthalma rosea,,Insect,1,Sydney,1,False,,,,,
Trichophthalma scapularis,Tangle-veined Fly,Insect,1,Canberra–Queanbeyan,1,False,,,,,
Trichophysetis fulvifusalis,,Insect,1,Brisbane,2,False,,,,,
Trichophysetis neophyla,,Insect,2,Brisbane | Sydney,5,False,,,,,
Trichopsidea oestracea,,Insect,1,Canberra–Queanbeyan,2,False,,,,,
Trichopsomyia formiciphila,,Insect,1,Brisbane,1,False,,,,,
Trichoptilus ceramodes,Plume Moth,Insect,6,Adelaide | Brisbane | Canberra–Queanbeyan | Darwin | Melbourne | Perth,12,False,,,,,
Trichorhachus hyalinus,,Insect,1,Perth,2,False,,,,,
Trichorhachus nitidus,,Insect,1,Perth,10,False,,,,,
Trichosalpingus lateralis,,Insect,1,Hobart,1,False,,,,,
Trichosirocalus horridus,Thistle Rosette Weevil,Insect,1,Canberra–Queanbeyan,2,False,,,,,
Trichosurus caninus,Short-eared Brush-tailed Possum,Mammal,2,Brisbane | Sydney,75,False,,,,,
Trichosurus cunninghami,Mountain Brushtail Possum,Mammal,2,Melbourne | Sydney,29,False,,,,,
Trichosurus vulpecula,Common Brushtail Possum,Mammal,8,Adelaide | Brisbane | Canberra–Queanbeyan | Darwin | Hobart | Melbourne | Perth | Sydney,52233,False,,,,,
Tricimba carinifacies,,Insect,1,Hobart,1,False,,,,,
Tricimba selachopina,,Insect,1,Hobart,9,False,,,,,
Triclista guttata,,Insect,2,Brisbane | Sydney,2,False,,,,,
Triclista media,,Insect,1,Brisbane,2,False,,,,,
Triclista singularis,,Insect,1,Perth,3,False,,,,,
Tricoryna punctulativentris,,Insect,1,Adelaide,1,False,,,,,
Tricoryna reticulativentris,,Insect,1,Brisbane,1,False,,,,,
Tridactylus australicus,,Insect,1,Canberra–Queanbeyan,2,False,,,,,
Tridrepana lunulata,,Insect,1,Brisbane,1,False,,,,,
Triglyphus fulvicornis,,Insect,1,Hobart,1,False,,,,,
Trigonidium albovittata,,Insect,5,Brisbane | Canberra–Queanbeyan | Hobart | Melbourne | Perth,41,False,,,,,
Trigonidium australianum,,Insect,4,Brisbane | Canberra–Queanbeyan | Melbourne | Sydney,12,False,,,,,
Trigonidium canberrae,,Insect,1,Canberra–Queanbeyan,2,False,,,,,
Trigonidium meekappa,,Insect,1,Brisbane,4,False,,,,,
Trigonidium sjostedti,,Insect,1,Canberra–Queanbeyan,1,False,,,,,
Trigonistis asthenopa,Moth,Insect,5,Brisbane | Canberra–Queanbeyan | Hobart | Melbourne | Sydney,104,False,,,,,
Trigonistis demonias,Owlet Moth,Insect,2,Brisbane | Melbourne,16,False,,,,,
Trigonocyttara clandestina,Bagworm Moth,Insect,3,Canberra–Queanbeyan | Melbourne | Sydney,77,False,,,,,
Trigonodera conicollis,,Insect,1,Sydney,2,False,,,,,
Trigonodes cephise,,Insect,1,Darwin,3,False,,,,,
Trigonodes hyppasia,Chaciope Deliana Moth,Insect,3,Brisbane | Darwin | Sydney,79,False,,,,,
Trigonometopsis binotata,Acalyptrate Fly,Insect,2,Melbourne | Sydney,18,False,,,,,
Trigonomyia ananas,,Insect,1,Adelaide,37,False,,,,,
Trigonomyia cristata,,Insect,2,Adelaide | Perth,11,False,,,,,
Trigonoorda gavisalis,Grass Moth,Insect,2,Melbourne | Sydney,10,False,,,,,
Trigonopterus albidosparsus,,Insect,1,Brisbane,4,False,,,,,
Trigonopterus evanidus,,Insect,1,Brisbane,3,False,,,,,
Trigonospila brevifacies,Australian Leafroller Tachinid,Insect,4,Brisbane | Canberra–Queanbeyan | Melbourne | Sydney,62,False,,,,,
Trigonospila cingulata,Horse Fly,Insect,4,Brisbane | Canberra–Queanbeyan | Melbourne | Sydney,195,False,,,,,
Trigonotarsus calandroides,,Insect,1,Sydney,4,False,,,,,
Trigonothops pacifica,,Insect,1,Canberra–Queanbeyan,1,False,,,,,
Trilaccus nigroruber,,Insect,2,Brisbane | Sydney,24,False,,,,,
Tringa brevipes,Grey-tailed Tattler,Bird,6,Adelaide | Brisbane | Darwin | Melbourne | Perth | Sydney,6961,False,,,,,
Tringa glareola,Wood Sandpiper,Bird,6,Adelaide | Brisbane | Darwin | Melbourne | Perth | Sydney,2109,False,,,,,
Tringa incana,Wandering Tattler,Bird,2,Brisbane | Darwin,85,False,,,,,
Tringa nebularia,Common Greenshank,Bird,8,Adelaide | Brisbane | Canberra–Queanbeyan | Darwin | Hobart | Melbourne | Perth | Sydney,8601,True,Endangered,Tringa nebularia,Tringa nebularia,"Common Greenshank, Greenshank",2024-01-05
Tringa stagnatilis,Marsh Sandpiper,Bird,6,Adelaide | Brisbane | Darwin | Melbourne | Perth | Sydney,3749,False,,,,,
Trioza eugeniae,Jumping Plant Louse,Insect,2,Brisbane | Sydney,4,False,,,,,
Trioza percyae,,Insect,2,Adelaide | Hobart,23,False,,,,,
Triplectides australis,Caddisfly,Insect,1,Brisbane,1,False,,,,,
Triplectides similis,Caddisfly,Insect,2,Brisbane | Melbourne,4,False,,,,,
Tripteroides atripes,Mosquito,Insect,3,Adelaide | Brisbane | Melbourne,22,False,,,,,
Tripteroides magnesianus,,Insect,1,Darwin,2,False,,,,,
Tripteroides tasmaniensis,Mosquito,Insect,2,Hobart | Melbourne,16,False,,,,,
Trirhabda bacharidis,,Insect,1,Brisbane,1,False,,,,,
Trismelasmos donovani,,Insect,2,Brisbane | Sydney,3,False,,,,,
Trissernis ochrochlora,,Insect,1,Brisbane,1,False,,,,,
Tristaria grouvellei,,Insect,1,Adelaide,1,False,,,,,
Tritadelpha microptila,,Insect,2,Melbourne | Sydney,2,False,,,,,
Triteleia valida,,Insect,1,Melbourne,1,False,,,,,
Tritocosmia atricilla,,Insect,2,Brisbane | Sydney,21,False,,,,,
Tritopterna capyra,,Insect,2,Brisbane | Sydney,9,False,,,,,
Tritymba acrospila,,Insect,1,Brisbane,2,False,,,,,
Tritymba dianipha,,Insect,1,Canberra–Queanbeyan,1,False,,,,,
Trixagus leechi,,Insect,1,Melbourne,2,False,,,,,
Trixoleria maculata,Fly,Insect,1,Melbourne,1,False,,,,,
Trocnada dorsigera,Leafhopper,Insect,4,Adelaide | Canberra–Queanbeyan | Melbourne | Perth,11,False,,,,,
Trocnada minuta,,Insect,1,Melbourne,3,False,,,,,
Trogium pulsatorium,,Insect,3,Brisbane | Canberra–Queanbeyan | Sydney,9,False,,,,,
Trogodendron fasciculatum,,Insect,5,Adelaide | Brisbane | Canberra–Queanbeyan | Melbourne | Sydney,20,False,,,,,
Tropicagama temporalis,Swamplands Lashtail,Reptile,1,Darwin,721,False,,,,,
Tropicomyia polyphyta,,Insect,2,Brisbane | Sydney,14,False,,,,,
Tropidechis carinatus,Rough-scaled Snake,Reptile,1,Brisbane,4,False,,,,,
Tropidoderus childrenii,Children’s Stick-insect,Insect,5,Adelaide | Brisbane | Canberra–Queanbeyan | Melbourne | Sydney,188,False,,,,,
Tropidoderus gracilifemur,Sjöstedt’s Graceful Stick-insect,Insect,1,Darwin,2,False,,,,,
Tropidoderus rhodomus,Red-shouldered Stick-insect,Insect,2,Adelaide | Brisbane,11,False,,,,,
Tropidonophis mairii,Keelback,Reptile,3,Brisbane | Darwin | Sydney,467,False,,,,,
Tropidotrechus victoriae,,Insect,1,Melbourne,1,False,,,,,
Tropiphlepsia badia,,Insect,1,Melbourne,2,False,,,,,
Tropis exilis,,Insect,2,Adelaide | Melbourne,2,False,,,,,
Tropis lepturoides,,Insect,1,Canberra–Queanbeyan,1,False,,,,,
Tropis paradoxa,,Insect,2,Canberra–Queanbeyan | Melbourne,17,False,,,,,
Tropis roei,,Insect,1,Canberra–Queanbeyan,2,False,,,,,
Tropis rubea,,Insect,1,Canberra–Queanbeyan,1,False,,,,,
Tropocalymma dimidiata,,Insect,1,Brisbane,1,False,,,,,
Trullifiorinia acaciae,,Insect,3,Adelaide | Perth | Sydney,3,False,,,,,
Trupanea glauca,Primitive Crane Fly,Insect,1,Melbourne,1,False,,,,,
Trupanea prolata,Primitive Crane Fly,Insect,1,Sydney,2,False,,,,,
Tryella rubra,,Insect,1,Darwin,4,False,,,,,
Tryonocryptus nigridorsalis,Ichneumon Wasp,Insect,2,Canberra–Queanbeyan | Melbourne,4,False,,,,,
Trypetisoma digitatum,Acalyptrate Fly,Insect,3,Brisbane | Canberra–Queanbeyan | Hobart,17,False,,,,,
Tuberculatus annulatus,Oak Aphid,Insect,1,Melbourne,1,False,,,,,
Tuberolachnus salignus,Giant Willow Aphid,Insect,5,Adelaide | Canberra–Queanbeyan | Hobart | Melbourne | Sydney,66,False,,,,,
Turdus merula,Eurasian Blackbird,Bird,7,Adelaide | Brisbane | Canberra–Queanbeyan | Hobart | Melbourne | Perth | Sydney,134118,False,,,,,
Turdus philomelos,Song Thrush,Bird,2,Melbourne | Sydney,1023,False,,,,,
Turneria bidentata,Ant,Insect,1,Brisbane,29,False,,,,,
Turneria rosschinga,,Insect,1,Brisbane,2,False,,,,,
Turnerinycta phaeocosma,,Insect,1,Brisbane,1,False,,,,,
Turneriprocris dolens,Forester Moth,Insect,2,Hobart | Melbourne,12,False,,,,,
Turneromyia bassiana,Spider Wasp,Insect,2,Adelaide | Melbourne,5,False,,,,,
Turnix maculosus,Red-backed Button-quail,Bird,4,Brisbane | Canberra–Queanbeyan | Darwin | Sydney,69,False,,,,,
Turnix melanogaster,Black-breasted Button-quail,Bird,2,Brisbane | Sydney,3,True,Vulnerable,Turnix melanogaster,Turnix melanogaster,Black-breasted Button-quail,2000-07-16
Turnix pyrrhothorax,Red-chested Button-quail,Bird,6,Adelaide | Brisbane | Canberra–Queanbeyan | Darwin | Melbourne | Sydney,26,False,,,,,
Turnix varius,Painted Button-quail,Bird,7,Adelaide | Brisbane | Canberra–Queanbeyan | Hobart | Melbourne | Perth | Sydney,1476,False,,,,,
Turnix velox,Little Button-quail,Bird,6,Adelaide | Brisbane | Canberra–Queanbeyan | Melbourne | Perth | Sydney,66,False,,,,,
Turrubulana plana,,Insect,1,Perth,2,False,,,,,
Tursiops aduncus,Long-beaked Bottle-nosed Dolphin,Mammal,5,Adelaide | Darwin | Melbourne | Perth | Sydney,93,False,,,,,
Tursiops truncatus,Bottlenose Dolphin,Mammal,5,Adelaide | Brisbane | Melbourne | Perth | Sydney,43,False,,,,,
Tylochares cosmiella,,Insect,3,Brisbane | Canberra–Queanbeyan | Melbourne,7,False,,,,,
Tymbophora peltastis,Concealer Moth,Insect,6,Adelaide | Brisbane | Canberra–Queanbeyan | Melbourne | Perth | Sydney,91,False,,,,,
Tympanocryptis lineata,Canberra Grassland Earless Dragon,Reptile,1,Canberra–Queanbeyan,125,True,Critically Endangered,Tympanocryptis lineata,Tympanocryptis lineata,"Canberra Grassland Earless Dragon, Lined Earless Dragon",2023-06-01
Tympanophora andreae,,Insect,1,Perth,57,False,,,,,
Tympanophora houstoni,,Insect,1,Perth,2,False,,,,,
Tympanophora pellucida,,Insect,1,Perth,1,False,,,,,
Tympanophora pinnaroo,,Insect,1,Perth,3,False,,,,,
Tympanophora similis,,Insect,1,Perth,2,False,,,,,
Tympanophora uvarovi,,Insect,1,Sydney,2,False,,,,,
Typhaea stercorea,Hairy Fungus Beetle,Insect,3,Brisbane | Melbourne | Perth,7,False,,,,,
Tyria jacobaeae,,Insect,1,Melbourne,1,False,,,,,
Tyrtaeosus mixtus,,Insect,1,Canberra–Queanbeyan,1,False,,,,,
Tyto javanica,Eastern Barn Owl,Bird,7,Adelaide | Brisbane | Canberra–Queanbeyan | Darwin | Melbourne | Perth | Sydney,1890,False,,,,,
Tyto longimembris,Eastern Grass Owl,Bird,2,Brisbane | Sydney,118,False,,,,,
Tyto novaehollandiae,Masked Owl,Bird,7,Adelaide | Brisbane | Canberra–Queanbeyan | Hobart | Melbourne | Perth | Sydney,187,False,,,,,
Tyto tenebricosa,Sooty Owl,Bird,3,Brisbane | Melbourne | Sydney,253,False,,,,,
Tytthogryllacris minuscula,,Insect,1,Perth,7,False,,,,,
Tytthus chinensis,,Insect,1,Brisbane,1,False,,,,,
Udea hyalistis,Grass Moth,Insect,1,Hobart,2,False,,,,,
Udeocoris nigroaeneus,Seed Bug,Insect,1,Perth,3,False,,,,,
Udeocoris rolandi,Seed Bug,Insect,2,Adelaide | Perth,6,False,,,,,
Udeocoris scudderi,Seed Bug,Insect,2,Melbourne | Perth,5,False,,,,,
Ulodes verrucosus,,Insect,1,Melbourne,1,False,,,,,
Uloma sanguinipes,,Insect,2,Canberra–Queanbeyan | Melbourne,10,False,,,,,
Ulomoides tetraspilotus,,Insect,5,Adelaide | Canberra–Queanbeyan | Hobart | Melbourne | Perth,7,False,,,,,
Umbrageocoris woodwardi,,Insect,2,Brisbane | Sydney,3,False,,,,,
Unadillides distichella,,Insect,1,Adelaide,1,False,,,,,
Underwoodisaurus milii,Thick-tailed Gecko,Reptile,4,Adelaide | Brisbane | Perth | Sydney,142,False,,,,,
Unicageocoris griseus,Big-eyed Bug,Insect,1,Adelaide,1,False,,,,,
Uraba lugens,Gum-leaf Skeletoniser,Insect,7,Adelaide | Brisbane | Canberra–Queanbeyan | Hobart | Melbourne | Perth | Sydney,791,False,,,,,
Urabunana sericeivitta,,Insect,1,Brisbane,1,False,,,,,
Uracanthus acutus,,Insect,2,Melbourne | Sydney,50,False,,,,,
Uracanthus bivitta,,Insect,1,Melbourne,8,False,,,,,
Uracanthus cryptophagus,,Insect,1,Brisbane,16,False,,,,,
Uracanthus cupressianus,,Insect,1,Adelaide,13,False,,,,,
Uracanthus discicollis,,Insect,3,Adelaide | Canberra–Queanbeyan | Perth,7,False,,,,,
Uracanthus griseus,,Insect,1,Adelaide,2,False,,,,,
Uracanthus maculatus,,Insect,1,Melbourne,1,False,,,,,
Uracanthus pallens,,Insect,1,Melbourne,1,False,,,,,
Uracanthus pertenuis,,Insect,1,Perth,1,False,,,,,
Uracanthus quadristriolatus,,Insect,1,Brisbane,1,False,,,,,
Uracanthus regalis,,Insect,1,Perth,1,False,,,,,
Uracanthus strigosus,,Insect,1,Sydney,1,False,,,,,
Uracanthus triangularis,Triangular Marked Banksia Longicorn,Insect,4,Adelaide | Brisbane | Melbourne | Sydney,9,False,,,,,
Uranotaenia nivipes,,Insect,1,Brisbane,1,False,,,,,
Uranotaenia pygmaea,,Insect,1,Sydney,3,False,,,,,
Urentius sarinae,,Insect,2,Brisbane | Darwin,4,False,,,,,
Uresiphita ornithopteralis,Tree Lucerne Moth,Insect,8,Adelaide | Brisbane | Canberra–Queanbeyan | Darwin | Hobart | Melbourne | Perth | Sydney,1372,False,,,,,
Urnisa guttulosa,,Insect,3,Adelaide | Canberra–Queanbeyan | Perth,34,False,,,,,
Urnisa rugosa,,Insect,2,Adelaide | Perth,27,False,,,,,
Uroleucon sonchi,,Insect,5,Adelaide | Canberra–Queanbeyan | Melbourne | Perth | Sydney,76,False,,,,,
Urolitha bipunctifera,,Insect,2,Brisbane | Sydney,168,False,,,,,
Uromys caudimaculatus,White-tailed Uromys,Mammal,1,Brisbane,1,False,,,,,
Urophorus humeralis,,Insect,6,Adelaide | Brisbane | Canberra–Queanbeyan | Melbourne | Perth | Sydney,20,False,,,,,
Uroplata girardi,,Insect,1,Brisbane,122,False,,,,,
Urothemis aliena,Red Baron,Insect,2,Brisbane | Darwin,13,False,,,,,
Utetheisa lotrix,Moth,Insect,6,Brisbane | Canberra–Queanbeyan | Darwin | Melbourne | Perth | Sydney,144,False,,,,,
Utetheisa pulchelloides,Crimson Spotted Moth,Insect,8,Adelaide | Brisbane | Canberra–Queanbeyan | Darwin | Hobart | Melbourne | Perth | Sydney,1112,False,,,,,
Uvidicolus sphyrurus,Granite Belt Thick-tailed Gecko,Reptile,1,Sydney,13,True,Vulnerable,Uvidicolus sphyrurus,Uvidicolus sphyrurus,"Border Thick-tailed Gecko, Granite Belt Thick-tailed Gecko",2000-07-16
Vacuana vacuana,,Insect,4,Brisbane | Canberra–Queanbeyan | Melbourne | Sydney,62,False,,,,,
Valanga irregularis,Giant Grasshopper,Insect,6,Brisbane | Canberra–Queanbeyan | Darwin | Melbourne | Perth | Sydney,2604,False,,,,,
Valanga meleager,,Insect,1,Darwin,2,False,,,,,
Vandiemenella viatica,Grasshopper,Insect,2,Adelaide | Melbourne,51,False,,,,,
Vanellus miles,Masked Lapwing,Bird,8,Adelaide | Brisbane | Canberra–Queanbeyan | Darwin | Hobart | Melbourne | Perth | Sydney,217309,False,,,,,
Vanellus tricolor,Banded Lapwing,Bird,7,Adelaide | Brisbane | Canberra–Queanbeyan | Hobart | Melbourne | Perth | Sydney,254,False,,,,,
Vanessa cardui,Painted Lady,Insect,3,Canberra–Queanbeyan | Melbourne | Perth,4,False,,,,,
Vanessa itea,Yellow Admiral,Insect,7,Adelaide | Brisbane | Canberra–Queanbeyan | Hobart | Melbourne | Perth | Sydney,2750,False,,,,,
Vanessa kershawi,Australian Painted Lady,Insect,7,Adelaide | Brisbane | Canberra–Queanbeyan | Hobart | Melbourne | Perth | Sydney,5103,False,,,,,
Vanicela xenadelpha,,Insect,3,Brisbane | Darwin | Sydney,34,False,,,,,
Vanna bisepta,,Insect,1,Sydney,1,False,,,,,
Varanus gouldii,Gould's Goanna,Reptile,3,Brisbane | Perth | Sydney,160,False,,,,,
Varanus mertensi,Mertens' Water Monitor,Reptile,1,Darwin,15,True,Endangered,Varanus mertensi,Varanus mertensi,Mertens' Water Monitor,2023-12-21
Varanus mitchelli,Mitchell's Water Monitor,Reptile,1,Darwin,90,True,Critically Endangered,Varanus mitchelli,Varanus mitchelli,Mitchell's Water Monitor,2023-12-21
Varanus panoptes,Yellow-spotted Monitor,Reptile,2,Brisbane | Darwin,217,False,,,,,
Varanus primordius,Northern Ridge-tailed Monitor,Reptile,1,Darwin,1,False,,,,,
Varanus rosenbergi,Heath Monitor,Reptile,4,Adelaide | Canberra–Queanbeyan | Perth | Sydney,128,False,,,,,
Varanus scalaris,Spotted Tree Monitor,Reptile,1,Darwin,139,False,,,,,
Varanus tristis,Black-headed Monitor,Reptile,1,Perth,43,False,,,,,
Varanus varius,Lace Monitor,Reptile,4,Brisbane | Canberra–Queanbeyan | Melbourne | Sydney,1806,False,,,,,
Velarifictorus diminuens,,Insect,2,Canberra–Queanbeyan | Hobart,2,False,,,,,
Veledella raptrix,Assassin Bug,Insect,2,Adelaide | Sydney,2,False,,,,,
Vermicella annulata,Bandy-bandy,Reptile,2,Brisbane | Sydney,53,False,,,,,
Verrallina funerea,,Insect,3,Brisbane | Darwin | Sydney,27,False,,,,,
Vespadelus baverstocki,Inland Forest Bat,Mammal,1,Sydney,1,False,,,,,
Vespadelus darlingtoni,Large Forest Bat,Mammal,4,Adelaide | Canberra–Queanbeyan | Melbourne | Sydney,125,False,,,,,
Vespadelus pumilus,Eastern Forest Bat,Mammal,1,Sydney,54,False,,,,,
Vespadelus regulus,Southern Forest Bat,Mammal,4,Adelaide | Canberra–Queanbeyan | Melbourne | Sydney,89,False,,,,,
Vespadelus troughtoni,Eastern Cave Bat,Mammal,2,Brisbane | Sydney,17,False,,,,,
Vespadelus vulturnus,Little Forest Bat,Mammal,5,Adelaide | Canberra–Queanbeyan | Hobart | Melbourne | Sydney,535,False,,,,,
Vespula germanica,European Wasp,Insect,6,Adelaide | Canberra–Queanbeyan | Hobart | Melbourne | Perth | Sydney,1361,False,,,,,
Vespula vulgaris,Common Wasp,Insect,4,Adelaide | Hobart | Melbourne | Sydney,64,False,,,,,
Villa alterna,,Insect,1,Hobart,3,False,,,,,
Villa fuscicostata,Bee Fly,Insect,5,Adelaide | Hobart | Melbourne | Perth | Sydney,67,False,,,,,
Vindula arsinoe,Cruiser,Insect,1,Melbourne,1,False,,,,,
Virgulibracon endoxylaphagus,,Insect,1,Brisbane,2,False,,,,,
Visiana brujata,Geometer Moth,Insect,3,Canberra–Queanbeyan | Melbourne | Sydney,10,False,,,,,
Vitellus antemna,Lesser Horned Citrus Bug,Insect,1,Brisbane,5,False,,,,,
Vitellus mucronatus,,Insect,1,Sydney,2,False,,,,,
Vitellus rufolineus,Shield Bug,Insect,3,Canberra–Queanbeyan | Melbourne | Sydney,13,False,,,,,
Voliba scoparialis,,Insect,2,Adelaide | Melbourne,13,False,,,,,
Vombatus ursinus,Bare-nosed Wombat,Mammal,4,Canberra–Queanbeyan | Darwin | Melbourne | Sydney,2479,False,,,,,
Vosleria australia,,Insect,1,Canberra–Queanbeyan,1,False,,,,,
Vulpes vulpes,Fox,Mammal,6,Adelaide | Brisbane | Canberra–Queanbeyan | Melbourne | Perth | Sydney,21049,False,,,,,
Vulturnus vulturnus,,Insect,1,Sydney,1,False,,,,,
Wallabia bicolor,Swamp Wallaby,Mammal,5,Adelaide | Brisbane | Canberra–Queanbeyan | Melbourne | Sydney,10669,False,,,,,
Wasmannia auropunctata,Electric Ant,Insect,1,Brisbane,2,False,,,,,
Werneckiella equi,Horse Biting Louse,Insect,1,Canberra–Queanbeyan,1,False,,,,,
Westermannia gloriosa,,Insect,1,Brisbane,1,False,,,,,
Wheeleria spilodactylus,Horehound Plume Moth,Insect,4,Adelaide | Canberra–Queanbeyan | Melbourne | Sydney,39,False,,,,,
Williamsita bivittata,Wasp,Insect,2,Adelaide | Sydney,2,False,,,,,
Williamsita smithiensis,Wasp,Insect,2,Adelaide | Melbourne,4,False,,,,,
Wingia aurata,Golden Leaf Moth,Insect,7,Adelaide | Brisbane | Canberra–Queanbeyan | Hobart | Melbourne | Perth | Sydney,89,False,,,,,
Wingia eonephella,Concealer Moth,Insect,1,Canberra–Queanbeyan,1,False,,,,,
Wingia hesperidella,Concealer Moth,Insect,1,Sydney,3,False,,,,,
Wingia lambertella,Pink Leaf Moth,Insect,4,Adelaide | Brisbane | Canberra–Queanbeyan | Sydney,10,False,,,,,
Wingia psittacodes,Concealer Moth,Insect,1,Sydney,1,False,,,,,
Wingia rectiorella,,Insect,2,Brisbane | Sydney,96,False,,,,,
Winthemia queenslandica,,Insect,1,Brisbane,1,False,,,,,
Wurda norrisi,Bee Fly,Insect,1,Perth,3,False,,,,,
Wurda skevingtoni,,Insect,1,Perth,1,False,,,,,
Wurda windorah,Bee Fly,Insect,1,Perth,1,False,,,,,
Wynarka sylvestre,,Insect,1,Melbourne,4,False,,,,,
Xanterriaria mediocris,,Insect,1,Darwin,2,False,,,,,
Xanthagrion erythroneurum,Red & Blue Damsel,Insect,7,Adelaide | Brisbane | Canberra–Queanbeyan | Hobart | Melbourne | Perth | Sydney,820,False,,,,,
Xanthandrus agrolas,,Insect,2,Brisbane | Sydney,5,False,,,,,
Xanthanomis fuscifrons,,Insect,1,Darwin,6,False,,,,,
Xanthesma brachycera,,Insect,1,Perth,2,False,,,,,
Xanthesma megastigma,,Insect,1,Perth,1,False,,,,,
Xanthesma trisulca,,Insect,1,Perth,3,False,,,,,
Xantheurytoma pallidicoxa,,Insect,1,Sydney,2,False,,,,,
Xanthocryptus novazealandicus,,Insect,4,Brisbane | Canberra–Queanbeyan | Melbourne | Sydney,66,False,,,,,
Xanthodes amata,,Insect,1,Brisbane,3,False,,,,,
Xanthodes transversa,,Insect,3,Brisbane | Darwin | Sydney,101,False,,,,,
Xanthogaleruca luteola,Elm Leaf Beetle,Insect,5,Adelaide | Canberra–Queanbeyan | Hobart | Melbourne | Sydney,897,False,,,,,
Xanthopimpla australis,,Insect,1,Darwin,1,False,,,,,
Xanthopimpla fraterculus,,Insect,1,Brisbane,1,False,,,,,
Xanthopimpla hiatus,,Insect,1,Brisbane,5,False,,,,,
Xanthopimpla quadridens,Ichneumon Wasp,Insect,1,Melbourne,1,False,,,,,
Xanthopimpla rhapaloceros,,Insect,6,Adelaide | Brisbane | Hobart | Melbourne | Perth | Sydney,42,False,,,,,
Xanthopimpla summervillei,,Insect,2,Brisbane | Sydney,8,False,,,,,
Xanthorhoe anaspila,Geometer Moth,Insect,6,Adelaide | Brisbane | Canberra–Queanbeyan | Hobart | Melbourne | Sydney,22,False,,,,,
Xanthorhoe anthracinata,Geometer Moth,Insect,2,Adelaide | Hobart,2,False,,,,,
Xanthorhoe strumosata,Geometer Moth,Insect,1,Melbourne,3,False,,,,,
Xanthorhoe vacuaria,Geometer Moth,Insect,3,Adelaide | Melbourne | Perth,7,False,,,,,
Xanthorhoe xanthospila,Geometer Moth,Insect,3,Adelaide | Canberra–Queanbeyan | Melbourne,7,False,,,,,
Xanthorhoe xerodes,Geometer Moth,Insect,2,Canberra–Queanbeyan | Hobart,6,False,,,,,
Xaviera manca,,Insect,2,Brisbane | Darwin,3,False,,,,,
Xederra charactus,,Insect,1,Perth,1,False,,,,,
Xederra gwynnei,,Insect,1,Perth,8,False,,,,,
Xederra squamiger,,Insect,1,Perth,5,False,,,,,
Xenaleyrodes eucalypti,Whitefly,Insect,2,Melbourne | Perth,3,False,,,,,
Xenocylapidius bioculatus,,Insect,1,Sydney,1,False,,,,,
Xenomusa metallica,,Insect,1,Sydney,1,False,,,,,
Xenomusa monoda,Geometer Moth,Insect,1,Melbourne,33,False,,,,,
Xenus cinereus,Terek Sandpiper,Bird,5,Adelaide | Brisbane | Darwin | Perth | Sydney,2386,True,Vulnerable,Xenus cinereus,Xenus cinereus,Terek Sandpiper,2024-01-05
Xeroderus kirbyi,,Insect,1,Brisbane,4,False,,,,,
Xestocephalus australensis,,Insect,1,Brisbane,1,False,,,,,
Xestocephalus tasmaniensis,Leafhopper,Insect,1,Brisbane,1,False,,,,,
Xorides australiensis,,Insect,3,Brisbane | Canberra–Queanbeyan | Sydney,4,False,,,,,
Xya muta,,Insect,4,Brisbane | Canberra–Queanbeyan | Melbourne | Sydney,9,False,,,,,
Xyalaspis victoriensis,Parasitoid Wasp,Insect,2,Hobart | Melbourne,2,False,,,,,
Xyleborus perforans,Island Pinhole Borer,Insect,1,Brisbane,1,False,,,,,
Xylion collaris,,Insect,1,Hobart,1,False,,,,,
Xylobanus coenosus,,Insect,1,Sydney,3,False,,,,,
Xylobanus heterodoxus,,Insect,1,Melbourne,15,False,,,,,
Xylobanus simplicicornis,,Insect,1,Hobart,4,False,,,,,
Xylobosca bispinosus,,Insect,1,Melbourne,2,False,,,,,
Xylobosca canina,,Insect,3,Canberra–Queanbeyan | Hobart | Melbourne,10,False,,,,,
Xylocopa aerata,,Insect,2,Canberra–Queanbeyan | Sydney,81,False,,,,,
Xylocopa bombylans,Green Carpenter Bee Species,Insect,2,Brisbane | Sydney,118,False,,,,,
Xylodeleis obsipa,Auger Beetle,Insect,2,Brisbane | Melbourne,5,False,,,,,
Xylomimetes scholastis,,Insect,1,Sydney,1,False,,,,,
Xylonichus eucalypti,,Insect,2,Melbourne | Sydney,94,False,,,,,
Xyloperga aurulenta,,Insect,1,Brisbane,2,False,,,,,
Xyloperga halidaii,Sawfly,Insect,2,Brisbane | Melbourne,4,False,,,,,
Xyloperga lalage,Sawfly,Insect,2,Canberra–Queanbeyan | Melbourne,10,False,,,,,
Xyloperga univittata,,Insect,1,Brisbane,2,False,,,,,
Xylophion xylus,,Insect,3,Canberra–Queanbeyan | Hobart | Melbourne,8,False,,,,,
Xylopsocus gibbicollis,Common Auger Beetle,Insect,1,Canberra–Queanbeyan,1,False,,,,,
Xylorycta argentella,,Insect,2,Brisbane | Sydney,8,False,,,,,
Xylorycta assimilis,Concealer Moth,Insect,4,Brisbane | Canberra–Queanbeyan | Melbourne | Sydney,37,False,,,,,
Xylorycta haplochroa,,Insect,1,Brisbane,1,False,,,,,
Xylorycta luteotactella,Concealer Moth,Insect,4,Brisbane | Canberra–Queanbeyan | Melbourne | Sydney,16,False,,,,,
Xylorycta maeandria,,Insect,1,Sydney,2,False,,,,,
Xylorycta melaleucae,,Insect,1,Brisbane,5,False,,,,,
Xylorycta melanula,,Insect,1,Sydney,1,False,,,,,
Xylorycta parabolella,Concealer Moth,Insect,2,Canberra–Queanbeyan | Melbourne,7,False,,,,,
Xylosandrus crassiusculus,,Insect,1,Brisbane,1,False,,,,,
Xylota flavitarsis,Hover Fly,Insect,4,Canberra–Queanbeyan | Hobart | Melbourne | Sydney,47,False,,,,,
Xylothrips religiosa,,Insect,1,Brisbane,1,False,,,,,
Xylotillus lindi,Yellow Auger Beetle,Insect,1,Melbourne,1,False,,,,,
Xylotrechus australis,,Insect,1,Brisbane,1,False,,,,,
Xylotrechus reginae,,Insect,1,Brisbane,1,False,,,,,
Xylotrupes australicus,,Insect,3,Brisbane | Darwin | Sydney,509,False,,,,,
Xyroscelis crocata,,Insect,1,Perth,3,False,,,,,
Xystrocera globosa,,Insect,1,Darwin,1,False,,,,,
Xystrocera virescens,,Insect,4,Brisbane | Canberra–Queanbeyan | Melbourne | Sydney,127,False,,,,,
Yarranum crenicolle,,Insect,1,Melbourne,1,False,,,,,
Yoma sabina,Lurcher,Insect,1,Brisbane,1,False,,,,,
Yoyetta aaede,Cicada,Insect,1,Adelaide,39,False,,,,,
Yoyetta abdominalis,Tea-tree Fire-tail Cicada,Insect,3,Hobart | Melbourne | Sydney,21,False,,,,,
Yoyetta australicta,,Insect,2,Adelaide | Canberra–Queanbeyan,157,False,,,,,
Yoyetta celis,Cicada,Insect,3,Canberra–Queanbeyan | Melbourne | Sydney,1779,False,,,,,
Yoyetta cumberlandi,,Insect,1,Sydney,96,False,,,,,
Yoyetta darug,,Insect,1,Sydney,59,False,,,,,
Yoyetta delicata,,Insect,1,Sydney,1,False,,,,,
Yoyetta denisoni,Firetail,Insect,3,Canberra–Queanbeyan | Melbourne | Sydney,21,False,,,,,
Yoyetta grandis,,Insect,1,Melbourne,5,False,,,,,
Yoyetta humphreyae,,Insect,1,Sydney,61,False,,,,,
Yoyetta hunterorum,,Insect,3,Canberra–Queanbeyan | Melbourne | Sydney,14,False,,,,,
Yoyetta incepta,,Insect,1,Adelaide,23,False,,,,,
Yoyetta kershawi,,Insect,1,Melbourne,29,False,,,,,
Yoyetta landsboroughi,Cicada,Insect,2,Melbourne | Sydney,17,False,,,,,
Yoyetta loftyensis,,Insect,1,Adelaide,10,False,,,,,
Yoyetta nigrimontana,,Insect,1,Canberra–Queanbeyan,2,False,,,,,
Yoyetta regalis,,Insect,1,Sydney,13,False,,,,,
Yoyetta repetens,,Insect,1,Sydney,550,False,,,,,
Yoyetta robertsonae,,Insect,2,Canberra–Queanbeyan | Melbourne,303,False,,,,,
Yoyetta spectabilis,,Insect,1,Melbourne,2,False,,,,,
Yoyetta subalpina,,Insect,1,Melbourne,4,False,,,,,
Yoyetta timothyi,,Insect,2,Canberra–Queanbeyan | Sydney,76,False,,,,,
Yponomeuta internellus,,Insect,2,Brisbane | Sydney,8,False,,,,,
Yponomeuta paurodes,,Insect,1,Brisbane,9,False,,,,,
Yponomeuta pustulellus,,Insect,2,Brisbane | Sydney,9,False,,,,,
Ypthima arctous,Dusky Knight,Insect,2,Darwin | Sydney,9,False,,,,,
Yumbera signata,Long-legged Fly,Insect,1,Melbourne,4,False,,,,,
Zachobiella submarginata,,Insect,1,Melbourne,7,False,,,,,
Zaclava clavifemorata,,Insect,1,Melbourne,1,False,,,,,
Zaclava minima,,Insect,1,Melbourne,1,False,,,,,
Zaclotathra oligoneura,,Insect,1,Sydney,1,False,,,,,
Zacorus carus,Concealer Moth,Insect,2,Canberra–Queanbeyan | Melbourne,19,False,,,,,
Zaglyptus glabrinotus,,Insect,1,Melbourne,7,False,,,,,
Zalissa catocalina,,Insect,2,Brisbane | Sydney,9,False,,,,,
Zanda baudinii,Long-billed Black-cockatoo,Bird,1,Perth,306,True,Endangered,Calyptorhynchus baudinii,Zanda baudinii,"Baudin's Cockatoo, Long-billed Black-Cockatoo",2018-02-15
Zanda funerea,Eastern Yellow-tailed Black-cockatoo,Bird,7,Adelaide | Brisbane | Canberra–Queanbeyan | Darwin | Hobart | Melbourne | Sydney,34645,False,,,,,
Zanda latirostris,Short-billed Black-cockatoo,Bird,1,Perth,8521,True,Endangered,Calyptorhynchus latirostris,Zanda latirostris,"Carnaby's Cockatoo, Short-billed Black-Cockatoo",2000-07-16
Zanessa rubrovariegata,Plant Bug,Insect,6,Adelaide | Brisbane | Canberra–Queanbeyan | Melbourne | Perth | Sydney,64,False,,,,,
Zaphanaula hemileuca,,Insect,1,Brisbane,6,False,,,,,
Zapornia pusilla,Baillon's Crake,Bird,7,Adelaide | Brisbane | Canberra–Queanbeyan | Hobart | Melbourne | Perth | Sydney,4654,False,,,,,
Zapornia tabuensis,Spotless Crake,Bird,7,Adelaide | Brisbane | Canberra–Queanbeyan | Hobart | Melbourne | Perth | Sydney,12362,False,,,,,
Zaprochilus australis,Twig-mimicking Katydid,Insect,6,Adelaide | Brisbane | Canberra–Queanbeyan | Hobart | Melbourne | Sydney,159,False,,,,,
Zasphinctus froggatti,,Insect,1,Sydney,2,False,,,,,
Zaspilothynnus scolioides,,Insect,1,Darwin,1,False,,,,,
Zatypota dandiensis,,Insect,1,Melbourne,2,False,,,,,
Zauclophora procellosa,,Insect,1,Brisbane,1,False,,,,,
Zebromyia ornata,,Insect,2,Canberra–Queanbeyan | Melbourne,7,False,,,,,
Zelleria cyanoleuca,Ermine Moth,Insect,1,Sydney,1,False,,,,,
Zelleria cynetica,,Insect,5,Brisbane | Canberra–Queanbeyan | Hobart | Melbourne | Sydney,82,False,,,,,
Zelleria memorella,,Insect,1,Brisbane,1,False,,,,,
Zenarge turneri,,Insect,1,Canberra–Queanbeyan,1,False,,,,,
Zenithicola crassa,,Insect,1,Canberra–Queanbeyan,2,False,,,,,
Zenithicola funesta,,Insect,1,Canberra–Queanbeyan,1,False,,,,,
Zermizinga sinuata,Lucerne Looper Moth,Insect,5,Adelaide | Brisbane | Canberra–Queanbeyan | Melbourne | Sydney,147,False,,,,,
Zeuctophlebia squalidata,Geometer Moth,Insect,1,Melbourne,6,False,,,,,
Zeugodacus cucumis,Cucumber Fruit Fly,Insect,1,Brisbane,14,False,,,,,
Zimmermanianthus frater,,Insect,2,Canberra–Queanbeyan | Melbourne,4,False,,,,,
Zizeeria karsandra,Dark Grass-blue,Insect,2,Brisbane | Darwin,11,False,,,,,
Zizina otis,Grass Blue,Insect,8,Adelaide | Brisbane | Canberra–Queanbeyan | Darwin | Hobart | Melbourne | Perth | Sydney,5297,False,,,,,
Zizula hylax,Tiny Grass-blue,Insect,2,Brisbane | Darwin,437,False,,,,,
Zoedia divisa,,Insect,2,Canberra–Queanbeyan | Hobart,3,False,,,,,
Zoedia gracilipes,,Insect,1,Sydney,1,False,,,,,
Zoedia longipes,,Insect,1,Sydney,2,False,,,,,
Zoedia tenuis,,Insect,1,Melbourne,4,False,,,,,
Zoedia triangularis,,Insect,1,Melbourne,1,False,,,,,
Zomariana doxasticana,,Insect,2,Brisbane | Perth,91,False,,,,,
Zonopetala clerota,Concealer Moth,Insect,4,Brisbane | Melbourne | Perth | Sydney,113,False,,,,,
Zonopetala correcta,,Insect,1,Sydney,2,False,,,,,
Zonopetala decisana,Concealer Moth,Insect,4,Brisbane | Canberra–Queanbeyan | Melbourne | Sydney,71,False,,,,,
Zonopetala divisella,,Insect,2,Brisbane | Sydney,32,False,,,,,
Zonopetala glauconephela,,Insect,2,Brisbane | Sydney,13,False,,,,,
Zonopetala melanoma,,Insect,1,Sydney,17,False,,,,,
Zonopetala quadripustulella,Concealer Moth,Insect,3,Brisbane | Melbourne | Sydney,81,False,,,,,
Zonopetala synarthra,Concealer Moth,Insect,1,Adelaide,3,False,,,,,
Zoothera heinei,Russet-tailed Thrush,Bird,1,Brisbane,174,False,,,,,
Zoothera lunulata,Bassian Thrush,Bird,6,Adelaide | Brisbane | Canberra–Queanbeyan | Hobart | Melbourne | Sydney,1452,False,,,,,
Zoraida essingtonii,,Insect,1,Brisbane,2,False,,,,,
Zosteria fulvipubescens,,Insect,3,Brisbane | Canberra–Queanbeyan | Sydney,136,False,,,,,
Zosteria lineata,,Insect,1,Brisbane,4,False,,,,,
Zosteria rosevillensis,Robber Fly,Insect,3,Brisbane | Canberra–Queanbeyan | Sydney,100,False,,,,,
Zosteria sydneensis,Robber Fly,Insect,1,Sydney,24,False,,,,,
Zosterops lateralis,Silvereye,Bird,7,Adelaide | Brisbane | Canberra–Queanbeyan | Hobart | Melbourne | Perth | Sydney,151814,False,,,,,
Zosterops luteus,Northern Australian Yellow White-eye,Bird,2,Darwin | Sydney,1483,False,,,,,
Zyganisus caliginosus,Australian Goat Moth,Insect,1,Hobart,2,False,,,,,
Zyganisus fulvicollis,Carpenter Moth,Insect,2,Melbourne | Sydney,4,False,,,,,
Zyganisus propedia,Carpenter Moth,Insect,1,Melbourne,34,False,,,,,
Zygina evansi,Leafhopper,Insect,4,Brisbane | Canberra–Queanbeyan | Hobart | Melbourne,9,False,,,,,
Zygina ipoloa,Leafhopper,Insect,1,Brisbane,3,False,,,,,
Zygocera pruinosa,,Insect,4,Brisbane | Canberra–Queanbeyan | Melbourne | Sydney,9,False,,,,,
Zygogramma bicolorata,,Insect,1,Brisbane,2,False,,,,,
Zymaus angustus,,Insect,1,Brisbane,9,False,,,,,
Zyxomma elgneri,Short-tailed Duskdarter,Insect,3,Brisbane | Darwin | Sydney,184,False,,,,,
