CITY,scientificName,vernacularName,animal_group,status,h3_cell,latitude,longitude,record_count
Adelaide,Calidris ferruginea,Curlew Sandpiper,Bird,Critically Endangered,87b914514ffffff,-35.312144,138.442042,10
Adelaide,Calidris ferruginea,Curlew Sandpiper,Bird,Critically Endangered,87b916819ffffff,-34.832671,138.577081,7
Adelaide,Calidris ferruginea,Curlew Sandpiper,Bird,Critically Endangered,87b9168eaffffff,-34.778861,138.47369,2
Adelaide,Numenius madagascariensis,"Eastern Curlew, Far Eastern Curlew",Bird,Critically Endangered,87b9168eaffffff,-34.778861,138.47369,3
Brisbane,Anthochaera phrygia,Regent Honeyeater,Bird,Critically Endangered,87be8d856ffffff,-27.703887,153.00609,1
Brisbane,Anthochaera phrygia,Regent Honeyeater,Bird,Critically Endangered,87be8d8c0ffffff,-27.600925,152.99272,1
Brisbane,Anthochaera phrygia,Regent Honeyeater,Bird,Critically Endangered,87be8d8c9ffffff,-27.59987,152.895333,169
Brisbane,Anthochaera phrygia,Regent Honeyeater,Bird,Critically Endangered,87be8db9cffffff,-27.598748,152.797955,2
Brisbane,Calidris ferruginea,Curlew Sandpiper,Bird,Critically Endangered,87be8d0b5ffffff,-27.19053,153.036493,20
Brisbane,Calidris ferruginea,Curlew Sandpiper,Bird,Critically Endangered,87be8d112ffffff,-27.367936,153.097297,1
Brisbane,Calidris ferruginea,Curlew Sandpiper,Bird,Critically Endangered,87be8d114ffffff,-27.407981,153.107925,2
Brisbane,Calidris ferruginea,Curlew Sandpiper,Bird,Critically Endangered,87be8d115ffffff,-27.413433,153.081675,46
Brisbane,Calidris ferruginea,Curlew Sandpiper,Bird,Critically Endangered,87be8d118ffffff,-27.384268,153.018571,1
Brisbane,Calidris ferruginea,Curlew Sandpiper,Bird,Critically Endangered,87be8d12affffff,-27.46982,153.0135,2
Brisbane,Calidris ferruginea,Curlew Sandpiper,Bird,Critically Endangered,87be8d136ffffff,-27.442573,153.144822,51
Brisbane,Calidris ferruginea,Curlew Sandpiper,Bird,Critically Endangered,87be8d181ffffff,-27.287864,153.076068,18
Brisbane,Calidris ferruginea,Curlew Sandpiper,Bird,Critically Endangered,87be8d188ffffff,-27.276012,153.03145,23
Brisbane,Calidris ferruginea,Curlew Sandpiper,Bird,Critically Endangered,87be8d18cffffff,-27.293308,153.049852,11
Brisbane,Calidris ferruginea,Curlew Sandpiper,Bird,Critically Endangered,87be8d18dffffff,-27.298747,153.023633,212
Brisbane,Calidris ferruginea,Curlew Sandpiper,Bird,Critically Endangered,87be8d18effffff,-27.270572,153.057662,15
Brisbane,Calidris ferruginea,Curlew Sandpiper,Bird,Critically Endangered,87be8d191ffffff,-27.236942,153.117871,3
Brisbane,Calidris ferruginea,Curlew Sandpiper,Bird,Critically Endangered,87be8d198ffffff,-27.225106,153.073271,38
Brisbane,Calidris ferruginea,Curlew Sandpiper,Bird,Critically Endangered,87be8d199ffffff,-27.230548,153.047073,51
Brisbane,Calidris ferruginea,Curlew Sandpiper,Bird,Critically Endangered,87be8d19affffff,-27.202375,153.08107,14
Brisbane,Calidris ferruginea,Curlew Sandpiper,Bird,Critically Endangered,87be8d19bffffff,-27.207818,153.054878,5
Brisbane,Calidris ferruginea,Curlew Sandpiper,Bird,Critically Endangered,87be8d19dffffff,-27.247838,153.065469,22
Brisbane,Calidris ferruginea,Curlew Sandpiper,Bird,Critically Endangered,87be8d1a1ffffff,-27.34519,153.105102,271
Brisbane,Calidris ferruginea,Curlew Sandpiper,Bird,Critically Endangered,87be8d1a8ffffff,-27.333343,153.06045,2
Brisbane,Calidris ferruginea,Curlew Sandpiper,Bird,Critically Endangered,87be8d1aaffffff,-27.310603,153.068261,49
Brisbane,Calidris ferruginea,Curlew Sandpiper,Bird,Critically Endangered,87be8d1abffffff,-27.316045,153.042038,1
Brisbane,Calidris ferruginea,Curlew Sandpiper,Bird,Critically Endangered,87be8d1acffffff,-27.35064,153.07887,19
Brisbane,Calidris ferruginea,Curlew Sandpiper,Bird,Critically Endangered,87be8d1aeffffff,-27.327897,153.086678,68
Brisbane,Calidris ferruginea,Curlew Sandpiper,Bird,Critically Endangered,87be8d56dffffff,-27.196927,153.107258,16
Brisbane,Calidris ferruginea,Curlew Sandpiper,Bird,Critically Endangered,87be8d892ffffff,-27.488979,153.22649,6
Brisbane,Calidris ferruginea,Curlew Sandpiper,Bird,Critically Endangered,87be8d894ffffff,-27.529036,153.237191,2
Brisbane,Calidris ferruginea,Curlew Sandpiper,Bird,Critically Endangered,87be8d89effffff,-27.499925,153.17395,1
Brisbane,Calidris ferruginea,Curlew Sandpiper,Bird,Critically Endangered,87be8d8b6ffffff,-27.563614,153.27419,2
Brisbane,Calidris ferruginea,Curlew Sandpiper,Bird,Critically Endangered,87be8db96ffffff,-27.58253,152.8769,1
Brisbane,Calidris ferruginea,Curlew Sandpiper,Bird,Critically Endangered,87be8dc48ffffff,-27.397063,153.160417,69
Brisbane,Calidris ferruginea,Curlew Sandpiper,Bird,Critically Endangered,87be8dc4affffff,-27.374311,153.168208,8
Brisbane,Calidris ferruginea,Curlew Sandpiper,Bird,Critically Endangered,87be8dc4bffffff,-27.379773,153.141971,31
Brisbane,Calidris ferruginea,Curlew Sandpiper,Bird,Critically Endangered,87be8dc4cffffff,-27.414352,153.17887,394
Brisbane,Calidris ferruginea,Curlew Sandpiper,Bird,Critically Endangered,87be8dc4dffffff,-27.419817,153.152621,1
Brisbane,Calidris ferruginea,Curlew Sandpiper,Bird,Critically Endangered,87be8dc4effffff,-27.391597,153.186658,3
Brisbane,Calidris ferruginea,Curlew Sandpiper,Bird,Critically Endangered,87be8dc58ffffff,-27.346092,153.202224,7
Brisbane,Calidris ferruginea,Curlew Sandpiper,Bird,Critically Endangered,87be8dc59ffffff,-27.35156,153.175996,8
Brisbane,Calidris ferruginea,Curlew Sandpiper,Bird,Critically Endangered,87be8dc5dffffff,-27.368843,153.194443,606
Brisbane,Calidris ferruginea,Curlew Sandpiper,Bird,Critically Endangered,87be8dc61ffffff,-27.466213,153.234273,100
Brisbane,Calidris ferruginea,Curlew Sandpiper,Bird,Critically Endangered,87be8dc65ffffff,-27.483498,153.252755,407
Brisbane,Calidris ferruginea,Curlew Sandpiper,Bird,Critically Endangered,87be8dc68ffffff,-27.4544,153.189541,461
Brisbane,Calidris ferruginea,Curlew Sandpiper,Bird,Critically Endangered,87be8dc6bffffff,-27.437109,153.171077,61
Brisbane,Calidris ferruginea,Curlew Sandpiper,Bird,Critically Endangered,87be8dc6cffffff,-27.47169,153.208011,388
Brisbane,Calidris ferruginea,Curlew Sandpiper,Bird,Critically Endangered,87be8dc6dffffff,-27.477162,153.181747,3
Brisbane,Calidris ferruginea,Curlew Sandpiper,Bird,Critically Endangered,87be8dd48ffffff,-27.518065,153.289741,1
Brisbane,Calidris ferruginea,Curlew Sandpiper,Bird,Critically Endangered,87be8dd4dffffff,-27.540839,153.281967,1
Brisbane,Cryptoblepharus egeriae,"Christmas Island Blue-tailed Skink, Blue-tailed Snake-eyed Skink",Reptile,Critically Endangered,87be8d175ffffff,-27.508859,152.926813,1
Brisbane,Elseya albagula,"Southern Snapping Turtle, White-throated Snapping Turtle",Reptile,Critically Endangered,87be8d022ffffff,-27.35508,152.955511,1
Brisbane,Lathamus discolor,Swift Parrot,Bird,Critically Endangered,87be8d174ffffff,-27.503435,152.953099,2
Brisbane,Lathamus discolor,Swift Parrot,Bird,Critically Endangered,87be8d893ffffff,-27.494454,153.200221,1
Brisbane,Lathamus discolor,Swift Parrot,Bird,Critically Endangered,87be8d8e9ffffff,-27.657309,152.924349,23
Brisbane,Lathamus discolor,Swift Parrot,Bird,Critically Endangered,87be8db92ffffff,-27.56519,152.858473,62
Brisbane,Numenius madagascariensis,"Eastern Curlew, Far Eastern Curlew",Bird,Critically Endangered,87be8d004ffffff,-27.337767,152.937115,1
Brisbane,Numenius madagascariensis,"Eastern Curlew, Far Eastern Curlew",Bird,Critically Endangered,87be8d035ffffff,-27.349653,152.98175,1
Brisbane,Numenius madagascariensis,"Eastern Curlew, Far Eastern Curlew",Bird,Critically Endangered,87be8d098ffffff,-27.104074,152.944675,1
Brisbane,Numenius madagascariensis,"Eastern Curlew, Far Eastern Curlew",Bird,Critically Endangered,87be8d0a1ffffff,-27.224119,152.976288,1
Brisbane,Numenius madagascariensis,"Eastern Curlew, Far Eastern Curlew",Bird,Critically Endangered,87be8d0b1ffffff,-27.173241,153.018115,1
Brisbane,Numenius madagascariensis,"Eastern Curlew, Far Eastern Curlew",Bird,Critically Endangered,87be8d0b5ffffff,-27.19053,153.036493,104
Brisbane,Numenius madagascariensis,"Eastern Curlew, Far Eastern Curlew",Bird,Critically Endangered,87be8d112ffffff,-27.367936,153.097297,1
Brisbane,Numenius madagascariensis,"Eastern Curlew, Far Eastern Curlew",Bird,Critically Endangered,87be8d114ffffff,-27.407981,153.107925,1
Brisbane,Numenius madagascariensis,"Eastern Curlew, Far Eastern Curlew",Bird,Critically Endangered,87be8d115ffffff,-27.413433,153.081675,1
Brisbane,Numenius madagascariensis,"Eastern Curlew, Far Eastern Curlew",Bird,Critically Endangered,87be8d116ffffff,-27.385231,153.115731,2
Brisbane,Numenius madagascariensis,"Eastern Curlew, Far Eastern Curlew",Bird,Critically Endangered,87be8d122ffffff,-27.476242,153.084484,1
Brisbane,Numenius madagascariensis,"Eastern Curlew, Far Eastern Curlew",Bird,Critically Endangered,87be8d128ffffff,-27.492573,153.005661,1
Brisbane,Numenius madagascariensis,"Eastern Curlew, Far Eastern Curlew",Bird,Critically Endangered,87be8d12affffff,-27.46982,153.0135,2
Brisbane,Numenius madagascariensis,"Eastern Curlew, Far Eastern Curlew",Bird,Critically Endangered,87be8d12effffff,-27.487134,153.031938,1
Brisbane,Numenius madagascariensis,"Eastern Curlew, Far Eastern Curlew",Bird,Critically Endangered,87be8d131ffffff,-27.453487,153.092302,12
Brisbane,Numenius madagascariensis,"Eastern Curlew, Far Eastern Curlew",Bird,Critically Endangered,87be8d134ffffff,-27.465331,153.137018,1
Brisbane,Numenius madagascariensis,"Eastern Curlew, Far Eastern Curlew",Bird,Critically Endangered,87be8d174ffffff,-27.503435,152.953099,1
Brisbane,Numenius madagascariensis,"Eastern Curlew, Far Eastern Curlew",Bird,Critically Endangered,87be8d181ffffff,-27.287864,153.076068,75
Brisbane,Numenius madagascariensis,"Eastern Curlew, Far Eastern Curlew",Bird,Critically Endangered,87be8d182ffffff,-27.259678,153.110078,4
Brisbane,Numenius madagascariensis,"Eastern Curlew, Far Eastern Curlew",Bird,Critically Endangered,87be8d183ffffff,-27.265127,153.083872,9
Brisbane,Numenius madagascariensis,"Eastern Curlew, Far Eastern Curlew",Bird,Critically Endangered,87be8d188ffffff,-27.276012,153.03145,307
Brisbane,Numenius madagascariensis,"Eastern Curlew, Far Eastern Curlew",Bird,Critically Endangered,87be8d18bffffff,-27.258715,153.013055,1
Brisbane,Numenius madagascariensis,"Eastern Curlew, Far Eastern Curlew",Bird,Critically Endangered,87be8d18cffffff,-27.293308,153.049852,86
Brisbane,Numenius madagascariensis,"Eastern Curlew, Far Eastern Curlew",Bird,Critically Endangered,87be8d18dffffff,-27.298747,153.023633,789
Brisbane,Numenius madagascariensis,"Eastern Curlew, Far Eastern Curlew",Bird,Critically Endangered,87be8d18effffff,-27.270572,153.057662,35
Brisbane,Numenius madagascariensis,"Eastern Curlew, Far Eastern Curlew",Bird,Critically Endangered,87be8d191ffffff,-27.236942,153.117871,1
Brisbane,Numenius madagascariensis,"Eastern Curlew, Far Eastern Curlew",Bird,Critically Endangered,87be8d198ffffff,-27.225106,153.073271,2
Brisbane,Numenius madagascariensis,"Eastern Curlew, Far Eastern Curlew",Bird,Critically Endangered,87be8d199ffffff,-27.230548,153.047073,152
Brisbane,Numenius madagascariensis,"Eastern Curlew, Far Eastern Curlew",Bird,Critically Endangered,87be8d19affffff,-27.202375,153.08107,25
Brisbane,Numenius madagascariensis,"Eastern Curlew, Far Eastern Curlew",Bird,Critically Endangered,87be8d19bffffff,-27.207818,153.054878,8
Brisbane,Numenius madagascariensis,"Eastern Curlew, Far Eastern Curlew",Bird,Critically Endangered,87be8d19cffffff,-27.242392,153.091671,2
Brisbane,Numenius madagascariensis,"Eastern Curlew, Far Eastern Curlew",Bird,Critically Endangered,87be8d19dffffff,-27.247838,153.065469,78
Brisbane,Numenius madagascariensis,"Eastern Curlew, Far Eastern Curlew",Bird,Critically Endangered,87be8d1a1ffffff,-27.34519,153.105102,520
Brisbane,Numenius madagascariensis,"Eastern Curlew, Far Eastern Curlew",Bird,Critically Endangered,87be8d1a5ffffff,-27.362482,153.123533,1
Brisbane,Numenius madagascariensis,"Eastern Curlew, Far Eastern Curlew",Bird,Critically Endangered,87be8d1aaffffff,-27.310603,153.068261,92
Brisbane,Numenius madagascariensis,"Eastern Curlew, Far Eastern Curlew",Bird,Critically Endangered,87be8d1abffffff,-27.316045,153.042038,1
Brisbane,Numenius madagascariensis,"Eastern Curlew, Far Eastern Curlew",Bird,Critically Endangered,87be8d1acffffff,-27.35064,153.07887,27
Brisbane,Numenius madagascariensis,"Eastern Curlew, Far Eastern Curlew",Bird,Critically Endangered,87be8d1aeffffff,-27.327897,153.086678,149
Brisbane,Numenius madagascariensis,"Eastern Curlew, Far Eastern Curlew",Bird,Critically Endangered,87be8d56dffffff,-27.196927,153.107258,192
Brisbane,Numenius madagascariensis,"Eastern Curlew, Far Eastern Curlew",Bird,Critically Endangered,87be8d889ffffff,-27.561832,153.079471,1
Brisbane,Numenius madagascariensis,"Eastern Curlew, Far Eastern Curlew",Bird,Critically Endangered,87be8d892ffffff,-27.488979,153.22649,29
Brisbane,Numenius madagascariensis,"Eastern Curlew, Far Eastern Curlew",Bird,Critically Endangered,87be8d893ffffff,-27.494454,153.200221,2
Brisbane,Numenius madagascariensis,"Eastern Curlew, Far Eastern Curlew",Bird,Critically Endangered,87be8d8b6ffffff,-27.563614,153.27419,12
Brisbane,Numenius madagascariensis,"Eastern Curlew, Far Eastern Curlew",Bird,Critically Endangered,87be8d99affffff,-27.603681,153.284922,3
Brisbane,Numenius madagascariensis,"Eastern Curlew, Far Eastern Curlew",Bird,Critically Endangered,87be8d99cffffff,-27.643754,153.295664,3
Brisbane,Numenius madagascariensis,"Eastern Curlew, Far Eastern Curlew",Bird,Critically Endangered,87be8d99effffff,-27.62097,153.303443,14
Brisbane,Numenius madagascariensis,"Eastern Curlew, Far Eastern Curlew",Bird,Critically Endangered,87be8dc48ffffff,-27.397063,153.160417,63
Brisbane,Numenius madagascariensis,"Eastern Curlew, Far Eastern Curlew",Bird,Critically Endangered,87be8dc4affffff,-27.374311,153.168208,25
Brisbane,Numenius madagascariensis,"Eastern Curlew, Far Eastern Curlew",Bird,Critically Endangered,87be8dc4bffffff,-27.379773,153.141971,65
Brisbane,Numenius madagascariensis,"Eastern Curlew, Far Eastern Curlew",Bird,Critically Endangered,87be8dc4cffffff,-27.414352,153.17887,668
Brisbane,Numenius madagascariensis,"Eastern Curlew, Far Eastern Curlew",Bird,Critically Endangered,87be8dc4dffffff,-27.419817,153.152621,7
Brisbane,Numenius madagascariensis,"Eastern Curlew, Far Eastern Curlew",Bird,Critically Endangered,87be8dc4effffff,-27.391597,153.186658,11
Brisbane,Numenius madagascariensis,"Eastern Curlew, Far Eastern Curlew",Bird,Critically Endangered,87be8dc58ffffff,-27.346092,153.202224,6
Brisbane,Numenius madagascariensis,"Eastern Curlew, Far Eastern Curlew",Bird,Critically Endangered,87be8dc59ffffff,-27.35156,153.175996,2
Brisbane,Numenius madagascariensis,"Eastern Curlew, Far Eastern Curlew",Bird,Critically Endangered,87be8dc5dffffff,-27.368843,153.194443,868
Brisbane,Numenius madagascariensis,"Eastern Curlew, Far Eastern Curlew",Bird,Critically Endangered,87be8dc61ffffff,-27.466213,153.234273,337
Brisbane,Numenius madagascariensis,"Eastern Curlew, Far Eastern Curlew",Bird,Critically Endangered,87be8dc65ffffff,-27.483498,153.252755,605
Brisbane,Numenius madagascariensis,"Eastern Curlew, Far Eastern Curlew",Bird,Critically Endangered,87be8dc68ffffff,-27.4544,153.189541,608
Brisbane,Numenius madagascariensis,"Eastern Curlew, Far Eastern Curlew",Bird,Critically Endangered,87be8dc6bffffff,-27.437109,153.171077,508
Brisbane,Numenius madagascariensis,"Eastern Curlew, Far Eastern Curlew",Bird,Critically Endangered,87be8dc6cffffff,-27.47169,153.208011,417
Brisbane,Numenius madagascariensis,"Eastern Curlew, Far Eastern Curlew",Bird,Critically Endangered,87be8dc6dffffff,-27.477162,153.181747,40
Brisbane,Numenius madagascariensis,"Eastern Curlew, Far Eastern Curlew",Bird,Critically Endangered,87be8dd48ffffff,-27.518065,153.289741,140
Brisbane,Numenius madagascariensis,"Eastern Curlew, Far Eastern Curlew",Bird,Critically Endangered,87be8dd49ffffff,-27.523553,153.263468,5
Brisbane,Numenius madagascariensis,"Eastern Curlew, Far Eastern Curlew",Bird,Critically Endangered,87be8dd4bffffff,-27.500782,153.271244,2
Brisbane,Numenius madagascariensis,"Eastern Curlew, Far Eastern Curlew",Bird,Critically Endangered,87be8dd4dffffff,-27.540839,153.281967,137
Brisbane,Numenius madagascariensis,"Eastern Curlew, Far Eastern Curlew",Bird,Critically Endangered,87be8dd68ffffff,-27.575407,153.318989,27
Brisbane,Numenius madagascariensis,"Eastern Curlew, Far Eastern Curlew",Bird,Critically Endangered,87be8dd69ffffff,-27.580901,153.2927,1
Brisbane,Numenius madagascariensis,"Eastern Curlew, Far Eastern Curlew",Bird,Critically Endangered,87be8dd6bffffff,-27.558123,153.300475,48
Brisbane,Numenius madagascariensis,"Eastern Curlew, Far Eastern Curlew",Bird,Critically Endangered,87be8dd6dffffff,-27.598188,153.311218,63
Canberra–Queanbeyan,Anthochaera phrygia,Regent Honeyeater,Bird,Critically Endangered,87be72535ffffff,-35.19378,149.100381,1
Canberra–Queanbeyan,Anthochaera phrygia,Regent Honeyeater,Bird,Critically Endangered,87be72c1cffffff,-35.407357,149.090757,1
Canberra–Queanbeyan,Anthochaera phrygia,Regent Honeyeater,Bird,Critically Endangered,87be72c84ffffff,-35.307433,149.186976,72
Canberra–Queanbeyan,Anthochaera phrygia,Regent Honeyeater,Bird,Critically Endangered,87be72d8bffffff,-35.389239,149.206329,2
Canberra–Queanbeyan,Calidris ferruginea,Curlew Sandpiper,Bird,Critically Endangered,87be72c85ffffff,-35.311971,149.158114,2
Canberra–Queanbeyan,Lathamus discolor,Swift Parrot,Bird,Critically Endangered,87be72535ffffff,-35.19378,149.100381,10
Canberra–Queanbeyan,Lathamus discolor,Swift Parrot,Bird,Critically Endangered,87be72c1cffffff,-35.407357,149.090757,34
Canberra–Queanbeyan,Lathamus discolor,Swift Parrot,Bird,Critically Endangered,87be72c84ffffff,-35.307433,149.186976,281
Canberra–Queanbeyan,Lathamus discolor,Swift Parrot,Bird,Critically Endangered,87be72c8cffffff,-35.298311,149.110004,101
Canberra–Queanbeyan,Lathamus discolor,Swift Parrot,Bird,Critically Endangered,87be72ca5ffffff,-35.371059,149.187046,1
Canberra–Queanbeyan,Lathamus discolor,Swift Parrot,Bird,Critically Endangered,87be72d8bffffff,-35.389239,149.206329,185
Canberra–Queanbeyan,Tympanocryptis lineata,"Canberra Grassland Earless Dragon, Lined Earless Dragon",Reptile,Critically Endangered,87be72c1cffffff,-35.407357,149.090757,1
Canberra–Queanbeyan,Tympanocryptis lineata,"Canberra Grassland Earless Dragon, Lined Earless Dragon",Reptile,Critically Endangered,87be72c8cffffff,-35.298311,149.110004,2
Canberra–Queanbeyan,Tympanocryptis lineata,"Canberra Grassland Earless Dragon, Lined Earless Dragon",Reptile,Critically Endangered,87be72ca5ffffff,-35.371059,149.187046,100
Canberra–Queanbeyan,Tympanocryptis lineata,"Canberra Grassland Earless Dragon, Lined Earless Dragon",Reptile,Critically Endangered,87be72d8bffffff,-35.389239,149.206329,22
Darwin,Calidris ferruginea,Curlew Sandpiper,Bird,Critically Endangered,879450a48ffffff,-12.378562,130.836616,52
Darwin,Calidris ferruginea,Curlew Sandpiper,Bird,Critically Endangered,879450a4affffff,-12.398836,130.828618,4
Darwin,Calidris ferruginea,Curlew Sandpiper,Bird,Critically Endangered,879450a59ffffff,-12.419105,130.82062,1
Darwin,Calidris ferruginea,Curlew Sandpiper,Bird,Critically Endangered,879450a5dffffff,-12.401776,130.80571,11
Darwin,Calidris ferruginea,Curlew Sandpiper,Bird,Critically Endangered,879451d1affffff,-12.421708,130.950103,22
Darwin,Calidris ferruginea,Curlew Sandpiper,Bird,Critically Endangered,879451d30ffffff,-12.335047,130.875529,1
Darwin,Calidris ferruginea,Curlew Sandpiper,Bird,Critically Endangered,879451d31ffffff,-12.332095,130.898447,34
Darwin,Calidris ferruginea,Curlew Sandpiper,Bird,Critically Endangered,879451d81ffffff,-12.485453,130.903175,7
Darwin,Calidris ferruginea,Curlew Sandpiper,Bird,Critically Endangered,879451da6ffffff,-12.436431,130.83553,1
Darwin,Calidris ferruginea,Curlew Sandpiper,Bird,Critically Endangered,879451da9ffffff,-12.441981,130.942098,6
Darwin,Calidris ferruginea,Curlew Sandpiper,Bird,Critically Endangered,879451dadffffff,-12.424657,130.927184,8
Darwin,Calidris ferruginea,Curlew Sandpiper,Bird,Critically Endangered,879451db5ffffff,-12.456692,130.827533,1
Darwin,Numenius madagascariensis,"Eastern Curlew, Far Eastern Curlew",Bird,Critically Endangered,879450a48ffffff,-12.378562,130.836616,121
Darwin,Numenius madagascariensis,"Eastern Curlew, Far Eastern Curlew",Bird,Critically Endangered,879450a49ffffff,-12.375617,130.859528,24
Darwin,Numenius madagascariensis,"Eastern Curlew, Far Eastern Curlew",Bird,Critically Endangered,879450a4affffff,-12.398836,130.828618,68
Darwin,Numenius madagascariensis,"Eastern Curlew, Far Eastern Curlew",Bird,Critically Endangered,879450a4bffffff,-12.395894,130.851528,14
Darwin,Numenius madagascariensis,"Eastern Curlew, Far Eastern Curlew",Bird,Critically Endangered,879450a59ffffff,-12.419105,130.82062,75
Darwin,Numenius madagascariensis,"Eastern Curlew, Far Eastern Curlew",Bird,Critically Endangered,879450a5dffffff,-12.401776,130.80571,91
Darwin,Numenius madagascariensis,"Eastern Curlew, Far Eastern Curlew",Bird,Critically Endangered,879451d14ffffff,-12.372669,130.882442,1
Darwin,Numenius madagascariensis,"Eastern Curlew, Far Eastern Curlew",Bird,Critically Endangered,879451d15ffffff,-12.36972,130.905358,2
Darwin,Numenius madagascariensis,"Eastern Curlew, Far Eastern Curlew",Bird,Critically Endangered,879451d1affffff,-12.421708,130.950103,1
Darwin,Numenius madagascariensis,"Eastern Curlew, Far Eastern Curlew",Bird,Critically Endangered,879451d30ffffff,-12.335047,130.875529,33
Darwin,Numenius madagascariensis,"Eastern Curlew, Far Eastern Curlew",Bird,Critically Endangered,879451d31ffffff,-12.332095,130.898447,752
Darwin,Numenius madagascariensis,"Eastern Curlew, Far Eastern Curlew",Bird,Critically Endangered,879451d32ffffff,-12.355334,130.867528,120
Darwin,Numenius madagascariensis,"Eastern Curlew, Far Eastern Curlew",Bird,Critically Endangered,879451d33ffffff,-12.352385,130.890444,23
Darwin,Numenius madagascariensis,"Eastern Curlew, Far Eastern Curlew",Bird,Critically Endangered,879451d80ffffff,-12.488393,130.880263,6
Darwin,Numenius madagascariensis,"Eastern Curlew, Far Eastern Curlew",Bird,Critically Endangered,879451d81ffffff,-12.485453,130.903175,25
Darwin,Numenius madagascariensis,"Eastern Curlew, Far Eastern Curlew",Bird,Critically Endangered,879451d85ffffff,-12.468135,130.888263,13
Darwin,Numenius madagascariensis,"Eastern Curlew, Far Eastern Curlew",Bird,Critically Endangered,879451d88ffffff,-12.499825,130.941003,21
Darwin,Numenius madagascariensis,"Eastern Curlew, Far Eastern Curlew",Bird,Critically Endangered,879451d8bffffff,-12.517137,130.955917,1
Darwin,Numenius madagascariensis,"Eastern Curlew, Far Eastern Curlew",Bird,Critically Endangered,879451d8cffffff,-12.482511,130.92609,6
Darwin,Numenius madagascariensis,"Eastern Curlew, Far Eastern Curlew",Bird,Critically Endangered,879451da0ffffff,-12.433491,130.85844,1
Darwin,Numenius madagascariensis,"Eastern Curlew, Far Eastern Curlew",Bird,Critically Endangered,879451da2ffffff,-12.453755,130.850441,23
Darwin,Numenius madagascariensis,"Eastern Curlew, Far Eastern Curlew",Bird,Critically Endangered,879451da3ffffff,-12.450815,130.873352,8
Darwin,Numenius madagascariensis,"Eastern Curlew, Far Eastern Curlew",Bird,Critically Endangered,879451da4ffffff,-12.416165,130.843529,187
Darwin,Numenius madagascariensis,"Eastern Curlew, Far Eastern Curlew",Bird,Critically Endangered,879451da5ffffff,-12.413223,130.86644,2
Darwin,Numenius madagascariensis,"Eastern Curlew, Far Eastern Curlew",Bird,Critically Endangered,879451da6ffffff,-12.436431,130.83553,17
Darwin,Numenius madagascariensis,"Eastern Curlew, Far Eastern Curlew",Bird,Critically Endangered,879451daaffffff,-12.465193,130.911177,2
Darwin,Numenius madagascariensis,"Eastern Curlew, Far Eastern Curlew",Bird,Critically Endangered,879451db1ffffff,-12.474013,130.842443,13
Darwin,Numenius madagascariensis,"Eastern Curlew, Far Eastern Curlew",Bird,Critically Endangered,879451db5ffffff,-12.456692,130.827533,15
Darwin,Varanus mitchelli,Mitchell's Water Monitor,Reptile,Critically Endangered,879450a48ffffff,-12.378562,130.836616,20
Darwin,Varanus mitchelli,Mitchell's Water Monitor,Reptile,Critically Endangered,879450a49ffffff,-12.375617,130.859528,58
Darwin,Varanus mitchelli,Mitchell's Water Monitor,Reptile,Critically Endangered,879451d16ffffff,-12.392949,130.87444,2
Darwin,Varanus mitchelli,Mitchell's Water Monitor,Reptile,Critically Endangered,879451d32ffffff,-12.355334,130.867528,1
Darwin,Varanus mitchelli,Mitchell's Water Monitor,Reptile,Critically Endangered,879451da4ffffff,-12.416165,130.843529,8
Darwin,Varanus mitchelli,Mitchell's Water Monitor,Reptile,Critically Endangered,879451db5ffffff,-12.456692,130.827533,1
Hobart,Lathamus discolor,Swift Parrot,Bird,Critically Endangered,87bf4c34dffffff,-42.755509,147.231251,16
Hobart,Lathamus discolor,Swift Parrot,Bird,Critically Endangered,87bf4c368ffffff,-42.792041,147.272507,1
Hobart,Lathamus discolor,Swift Parrot,Bird,Critically Endangered,87bf4ca4affffff,-42.993018,147.320379,10
Hobart,Lathamus discolor,Swift Parrot,Bird,Critically Endangered,87bf4ca4bffffff,-42.996707,147.288559,1
Hobart,Lathamus discolor,Swift Parrot,Bird,Critically Endangered,87bf4ca59ffffff,-42.971082,147.331485,19
Hobart,Lathamus discolor,Swift Parrot,Bird,Critically Endangered,87bf4ca5bffffff,-42.949141,147.342585,6
Hobart,Lathamus discolor,Swift Parrot,Bird,Critically Endangered,87bf4cac0ffffff,-42.872108,147.471163,1
Hobart,Lathamus discolor,Swift Parrot,Bird,Critically Endangered,87bf4cac4ffffff,-42.890331,147.491891,4
Hobart,Lathamus discolor,Swift Parrot,Bird,Critically Endangered,87bf4cac8ffffff,-42.861338,147.38692,1
Hobart,Lathamus discolor,Swift Parrot,Bird,Critically Endangered,87bf4cac9ffffff,-42.865053,147.355155,1
Hobart,Lathamus discolor,Swift Parrot,Bird,Critically Endangered,87bf4cad0ffffff,-42.824407,147.525003,1
Hobart,Lathamus discolor,Swift Parrot,Bird,Critically Endangered,87bf4cad5ffffff,-42.846385,147.513972,1
Hobart,Lathamus discolor,Swift Parrot,Bird,Critically Endangered,87bf4caddffffff,-42.835648,147.429742,1
Hobart,Lathamus discolor,Swift Parrot,Bird,Critically Endangered,87bf4cae2ffffff,-42.908549,147.512629,1
Hobart,Lathamus discolor,Swift Parrot,Bird,Critically Endangered,87bf4caeaffffff,-42.897808,147.428329,2
Hobart,Lathamus discolor,Swift Parrot,Bird,Critically Endangered,87bf4dd84ffffff,-42.91634,147.269414,15
Hobart,Lathamus discolor,Swift Parrot,Bird,Critically Endangered,87bf4dd86ffffff,-42.8944,147.280522,3
Hobart,Lathamus discolor,Swift Parrot,Bird,Critically Endangered,87bf4dd90ffffff,-42.850508,147.302719,9
Hobart,Lathamus discolor,Swift Parrot,Bird,Critically Endangered,87bf4dd94ffffff,-42.868759,147.32339,11
Hobart,Lathamus discolor,Swift Parrot,Bird,Critically Endangered,87bf4dd95ffffff,-42.872456,147.291624,1
Hobart,Lathamus discolor,Swift Parrot,Bird,Critically Endangered,87bf4dd96ffffff,-42.846807,147.334476,1
Hobart,Lathamus discolor,Swift Parrot,Bird,Critically Endangered,87bf4dda4ffffff,-42.974775,147.299675,1
Hobart,Lathamus discolor,Swift Parrot,Bird,Critically Endangered,87bf4ddb0ffffff,-42.908954,147.332982,55
Hobart,Lathamus discolor,Swift Parrot,Bird,Critically Endangered,87bf4ddb1ffffff,-42.912652,147.301198,5
Hobart,Lathamus discolor,Swift Parrot,Bird,Critically Endangered,87bf4ddb2ffffff,-42.887006,147.344072,1
Hobart,Lathamus discolor,Swift Parrot,Bird,Critically Endangered,87bf4ddb3ffffff,-42.890708,147.312297,4
Hobart,Lathamus discolor,Swift Parrot,Bird,Critically Endangered,87bf4ddb4ffffff,-42.927197,147.353678,8
Hobart,Lathamus discolor,Swift Parrot,Bird,Critically Endangered,87bf4ddb5ffffff,-42.930899,147.321886,263
Hobart,Numenius madagascariensis,"Eastern Curlew, Far Eastern Curlew",Bird,Critically Endangered,87bf4cad3ffffff,-42.806184,147.504284,2
Hobart,Numenius madagascariensis,"Eastern Curlew, Far Eastern Curlew",Bird,Critically Endangered,87bf4cae3ffffff,-42.912297,147.480841,1
Melbourne,Anthochaera phrygia,Regent Honeyeater,Bird,Critically Endangered,87be6351cffffff,-37.711238,145.155643,1
Melbourne,Anthochaera phrygia,Regent Honeyeater,Bird,Critically Endangered,87be63ce6ffffff,-37.963294,145.143168,5
Melbourne,Calidris ferruginea,Curlew Sandpiper,Bird,Critically Endangered,87be63010ffffff,-37.906417,144.723512,2
Melbourne,Calidris ferruginea,Curlew Sandpiper,Bird,Critically Endangered,87be6301dffffff,-37.916287,144.634608,2
Melbourne,Calidris ferruginea,Curlew Sandpiper,Bird,Critically Endangered,87be630a4ffffff,-37.877706,144.793799,493
Melbourne,Calidris ferruginea,Curlew Sandpiper,Bird,Critically Endangered,87be630a6ffffff,-37.855611,144.804806,27
Melbourne,Calidris ferruginea,Curlew Sandpiper,Bird,Critically Endangered,87be630b5ffffff,-37.833514,144.815807,3
Melbourne,Calidris ferruginea,Curlew Sandpiper,Bird,Critically Endangered,87be6318affffff,-37.896476,144.812424,3
Melbourne,Calidris ferruginea,Curlew Sandpiper,Bird,Critically Endangered,87be6318bffffff,-37.899797,144.782786,138
Melbourne,Calidris ferruginea,Curlew Sandpiper,Bird,Critically Endangered,87be63193ffffff,-37.864356,144.912326,3
Melbourne,Calidris ferruginea,Curlew Sandpiper,Bird,Critically Endangered,87be63198ffffff,-37.871047,144.853061,27
Melbourne,Calidris ferruginea,Curlew Sandpiper,Bird,Critically Endangered,87be63199ffffff,-37.87438,144.823429,61
Melbourne,Calidris ferruginea,Curlew Sandpiper,Bird,Critically Endangered,87be6319affffff,-37.848944,144.864053,26
Melbourne,Calidris ferruginea,Curlew Sandpiper,Bird,Critically Endangered,87be6319bffffff,-37.852281,144.834429,4
Melbourne,Calidris ferruginea,Curlew Sandpiper,Bird,Critically Endangered,87be6319effffff,-37.867705,144.882693,79
Melbourne,Calidris ferruginea,Curlew Sandpiper,Bird,Critically Endangered,87be6350bffffff,-37.721477,145.066869,1
Melbourne,Calidris ferruginea,Curlew Sandpiper,Bird,Critically Endangered,87be63563ffffff,-37.816766,144.963893,1
Melbourne,Calidris ferruginea,Curlew Sandpiper,Bird,Critically Endangered,87be6356dffffff,-37.845598,144.893677,3
Melbourne,Calidris ferruginea,Curlew Sandpiper,Bird,Critically Endangered,87be6380bffffff,-38.340254,144.758796,1
Melbourne,Calidris ferruginea,Curlew Sandpiper,Bird,Critically Endangered,87be63c09ffffff,-38.029684,145.110328,6
Melbourne,Calidris ferruginea,Curlew Sandpiper,Bird,Critically Endangered,87be63c0bffffff,-38.007557,145.121281,1
Melbourne,Calidris ferruginea,Curlew Sandpiper,Bird,Critically Endangered,87be63c0cffffff,-38.045013,145.158804,1
Melbourne,Calidris ferruginea,Curlew Sandpiper,Bird,Critically Endangered,87be63c0dffffff,-38.048415,145.129087,5
Melbourne,Calidris ferruginea,Curlew Sandpiper,Bird,Critically Endangered,87be63c28ffffff,-38.085869,145.166634,30
Melbourne,Calidris ferruginea,Curlew Sandpiper,Bird,Critically Endangered,87be63c29ffffff,-38.08927,145.136901,28
Melbourne,Calidris ferruginea,Curlew Sandpiper,Bird,Critically Endangered,87be63c2affffff,-38.063738,145.17758,34
Melbourne,Calidris ferruginea,Curlew Sandpiper,Bird,Critically Endangered,87be63c53ffffff,-37.995598,145.043151,24
Melbourne,Lathamus discolor,Swift Parrot,Bird,Critically Endangered,87be62245ffffff,-37.750133,145.359854,1
Melbourne,Lathamus discolor,Swift Parrot,Bird,Critically Endangered,87be62269ffffff,-37.779233,145.289742,1
Melbourne,Lathamus discolor,Swift Parrot,Bird,Critically Endangered,87be6226bffffff,-37.757067,145.300616,1
Melbourne,Lathamus discolor,Swift Parrot,Bird,Critically Endangered,87be62a59ffffff,-38.088795,145.501744,1
Melbourne,Lathamus discolor,Swift Parrot,Bird,Critically Endangered,87be63010ffffff,-37.906417,144.723512,2
Melbourne,Lathamus discolor,Swift Parrot,Bird,Critically Endangered,87be63013ffffff,-37.887636,144.704912,1
Melbourne,Lathamus discolor,Swift Parrot,Bird,Critically Endangered,87be63018ffffff,-37.894216,144.645658,4
Melbourne,Lathamus discolor,Swift Parrot,Bird,Critically Endangered,87be63019ffffff,-37.897495,144.616032,1
Melbourne,Lathamus discolor,Swift Parrot,Bird,Critically Endangered,87be63094ffffff,-37.770543,144.819184,1
Melbourne,Lathamus discolor,Swift Parrot,Bird,Critically Endangered,87be63096ffffff,-37.748438,144.830169,1
Melbourne,Lathamus discolor,Swift Parrot,Bird,Critically Endangered,87be630a0ffffff,-37.858933,144.775183,5
Melbourne,Lathamus discolor,Swift Parrot,Bird,Critically Endangered,87be630a4ffffff,-37.877706,144.793799,50
Melbourne,Lathamus discolor,Swift Parrot,Bird,Critically Endangered,87be630a6ffffff,-37.855611,144.804806,2
Melbourne,Lathamus discolor,Swift Parrot,Bird,Critically Endangered,87be630abffffff,-37.827987,144.678774,3
Melbourne,Lathamus discolor,Swift Parrot,Bird,Critically Endangered,87be630adffffff,-37.868852,144.686321,7
Melbourne,Lathamus discolor,Swift Parrot,Bird,Critically Endangered,87be630b4ffffff,-37.83018,144.845422,2
Melbourne,Lathamus discolor,Swift Parrot,Bird,Critically Endangered,87be630b6ffffff,-37.808075,144.85641,2
Melbourne,Lathamus discolor,Swift Parrot,Bird,Critically Endangered,87be6319affffff,-37.848944,144.864053,31
Melbourne,Lathamus discolor,Swift Parrot,Bird,Critically Endangered,87be6319bffffff,-37.852281,144.834429,9
Melbourne,Lathamus discolor,Swift Parrot,Bird,Critically Endangered,87be63401ffffff,-37.624371,145.003208,1
Melbourne,Lathamus discolor,Swift Parrot,Bird,Critically Endangered,87be6340dffffff,-37.631138,144.94411,1
Melbourne,Lathamus discolor,Swift Parrot,Bird,Critically Endangered,87be63420ffffff,-37.680599,145.059129,48
Melbourne,Lathamus discolor,Swift Parrot,Bird,Critically Endangered,87be63424ffffff,-37.699336,145.077789,2
Melbourne,Lathamus discolor,Swift Parrot,Bird,Critically Endangered,87be63425ffffff,-37.702738,145.048207,20
Melbourne,Lathamus discolor,Swift Parrot,Bird,Critically Endangered,87be63426ffffff,-37.677193,145.088704,16
Melbourne,Lathamus discolor,Swift Parrot,Bird,Critically Endangered,87be6342bffffff,-37.64989,144.962724,1
Melbourne,Lathamus discolor,Swift Parrot,Bird,Critically Endangered,87be63430ffffff,-37.632898,145.110516,4
Melbourne,Lathamus discolor,Swift Parrot,Bird,Critically Endangered,87be63431ffffff,-37.636312,145.080956,12
Melbourne,Lathamus discolor,Swift Parrot,Bird,Critically Endangered,87be63432ffffff,-37.610746,145.121414,1
Melbourne,Lathamus discolor,Swift Parrot,Bird,Critically Endangered,87be63435ffffff,-37.655047,145.099613,2
Melbourne,Lathamus discolor,Swift Parrot,Bird,Critically Endangered,87be63440ffffff,-37.644577,144.825921,1
Melbourne,Lathamus discolor,Swift Parrot,Bird,Critically Endangered,87be63460ffffff,-37.70422,144.852124,1
Melbourne,Lathamus discolor,Swift Parrot,Bird,Critically Endangered,87be63500ffffff,-37.752116,145.163438,12
Melbourne,Lathamus discolor,Swift Parrot,Bird,Critically Endangered,87be63502ffffff,-37.729964,145.17434,27
Melbourne,Lathamus discolor,Swift Parrot,Bird,Critically Endangered,87be63503ffffff,-37.733388,145.14474,10
Melbourne,Lathamus discolor,Swift Parrot,Bird,Critically Endangered,87be63508ffffff,-37.740214,145.085542,1
Melbourne,Lathamus discolor,Swift Parrot,Bird,Critically Endangered,87be6350affffff,-37.718072,145.09646,7
Melbourne,Lathamus discolor,Swift Parrot,Bird,Critically Endangered,87be6350bffffff,-37.721477,145.066869,62
Melbourne,Lathamus discolor,Swift Parrot,Bird,Critically Endangered,87be6350dffffff,-37.762353,145.074618,1
Melbourne,Lathamus discolor,Swift Parrot,Bird,Critically Endangered,87be6350effffff,-37.736805,145.11514,2
Melbourne,Lathamus discolor,Swift Parrot,Bird,Critically Endangered,87be63511ffffff,-37.70781,145.185235,1
Melbourne,Lathamus discolor,Swift Parrot,Bird,Critically Endangered,87be63519ffffff,-37.695927,145.107372,46
Melbourne,Lathamus discolor,Swift Parrot,Bird,Critically Endangered,87be6351affffff,-37.670358,145.147856,1
Melbourne,Lathamus discolor,Swift Parrot,Bird,Critically Endangered,87be6351bffffff,-37.67378,145.118279,86
Melbourne,Lathamus discolor,Swift Parrot,Bird,Critically Endangered,87be6351cffffff,-37.711238,145.155643,4
Melbourne,Lathamus discolor,Swift Parrot,Bird,Critically Endangered,87be6351dffffff,-37.714659,145.126051,52
Melbourne,Lathamus discolor,Swift Parrot,Bird,Critically Endangered,87be6351effffff,-37.689085,145.16654,1
Melbourne,Lathamus discolor,Swift Parrot,Bird,Critically Endangered,87be63521ffffff,-37.815138,145.160332,2
Melbourne,Lathamus discolor,Swift Parrot,Bird,Critically Endangered,87be63526ffffff,-37.808283,145.219595,1
Melbourne,Lathamus discolor,Swift Parrot,Bird,Critically Endangered,87be63540ffffff,-37.775894,144.956199,34
Melbourne,Lathamus discolor,Swift Parrot,Bird,Critically Endangered,87be63541ffffff,-37.77926,144.926596,3
Melbourne,Lathamus discolor,Swift Parrot,Bird,Critically Endangered,87be63542ffffff,-37.753771,144.967153,1
Melbourne,Lathamus discolor,Swift Parrot,Bird,Critically Endangered,87be63544ffffff,-37.794644,144.97485,1
Melbourne,Lathamus discolor,Swift Parrot,Bird,Critically Endangered,87be63545ffffff,-37.798014,144.945239,212
Melbourne,Lathamus discolor,Swift Parrot,Bird,Critically Endangered,87be63546ffffff,-37.77252,144.985803,11
Melbourne,Lathamus discolor,Swift Parrot,Bird,Critically Endangered,87be63548ffffff,-37.763858,144.878369,1
Melbourne,Lathamus discolor,Swift Parrot,Bird,Critically Endangered,87be63549ffffff,-37.767204,144.848776,1
Melbourne,Lathamus discolor,Swift Parrot,Bird,Critically Endangered,87be6354bffffff,-37.745095,144.859754,1
Melbourne,Lathamus discolor,Swift Parrot,Bird,Critically Endangered,87be6354cffffff,-37.782618,144.896994,1
Melbourne,Lathamus discolor,Swift Parrot,Bird,Critically Endangered,87be63551ffffff,-37.731646,144.978101,2
Melbourne,Lathamus discolor,Swift Parrot,Bird,Critically Endangered,87be63553ffffff,-37.709518,144.989044,2
Melbourne,Lathamus discolor,Swift Parrot,Bird,Critically Endangered,87be63554ffffff,-37.747008,145.026346,1
Melbourne,Lathamus discolor,Swift Parrot,Bird,Critically Endangered,87be63556ffffff,-37.724874,145.037279,131
Melbourne,Lathamus discolor,Swift Parrot,Bird,Critically Endangered,87be63558ffffff,-37.716266,144.929884,5
Melbourne,Lathamus discolor,Swift Parrot,Bird,Critically Endangered,87be6355affffff,-37.694143,144.940836,2
Melbourne,Lathamus discolor,Swift Parrot,Bird,Critically Endangered,87be6355dffffff,-37.738386,144.918926,1
Melbourne,Lathamus discolor,Swift Parrot,Bird,Critically Endangered,87be6355effffff,-37.712896,144.959464,64
Melbourne,Lathamus discolor,Swift Parrot,Bird,Critically Endangered,87be63560ffffff,-37.835515,144.982556,1
Melbourne,Lathamus discolor,Swift Parrot,Bird,Critically Endangered,87be63563ffffff,-37.816766,144.963893,2
Melbourne,Lathamus discolor,Swift Parrot,Bird,Critically Endangered,87be63565ffffff,-37.857635,144.971594,2
Melbourne,Lathamus discolor,Swift Parrot,Bird,Critically Endangered,87be63569ffffff,-37.826838,144.875039,4
Melbourne,Lathamus discolor,Swift Parrot,Bird,Critically Endangered,87be6356bffffff,-37.804729,144.886019,1
Melbourne,Lathamus discolor,Swift Parrot,Bird,Critically Endangered,87be6356cffffff,-37.842245,144.923303,3
Melbourne,Lathamus discolor,Swift Parrot,Bird,Critically Endangered,87be6356dffffff,-37.845598,144.893677,5
Melbourne,Lathamus discolor,Swift Parrot,Bird,Critically Endangered,87be63570ffffff,-37.787882,145.034075,1
Melbourne,Lathamus discolor,Swift Parrot,Bird,Critically Endangered,87be63571ffffff,-37.791267,145.004462,1
Melbourne,Lathamus discolor,Swift Parrot,Bird,Critically Endangered,87be63572ffffff,-37.76575,145.045012,6
Melbourne,Lathamus discolor,Swift Parrot,Bird,Critically Endangered,87be63573ffffff,-37.769139,145.015407,10
Melbourne,Lathamus discolor,Swift Parrot,Bird,Critically Endangered,87be63575ffffff,-37.810012,145.023132,2
Melbourne,Lathamus discolor,Swift Parrot,Bird,Critically Endangered,87be63576ffffff,-37.78449,145.063688,1
Melbourne,Lathamus discolor,Swift Parrot,Bird,Critically Endangered,87be63589ffffff,-37.588592,145.132306,4
Melbourne,Lathamus discolor,Swift Parrot,Bird,Critically Endangered,87be635a8ffffff,-37.644771,145.188319,27
Melbourne,Lathamus discolor,Swift Parrot,Bird,Critically Endangered,87be635aaffffff,-37.62261,145.199199,1
Melbourne,Lathamus discolor,Swift Parrot,Bird,Critically Endangered,87be63730ffffff,-37.679986,144.696743,1
Melbourne,Lathamus discolor,Swift Parrot,Bird,Critically Endangered,87be6399bffffff,-38.26954,145.019269,1
Melbourne,Lathamus discolor,Swift Parrot,Bird,Critically Endangered,87be63c02ffffff,-38.016046,145.229167,1
Melbourne,Lathamus discolor,Swift Parrot,Bird,Critically Endangered,87be63c06ffffff,-38.034762,145.247958,1
Melbourne,Lathamus discolor,Swift Parrot,Bird,Critically Endangered,87be63c0cffffff,-38.045013,145.158804,1
Melbourne,Lathamus discolor,Swift Parrot,Bird,Critically Endangered,87be63c1bffffff,-37.959883,145.172854,1
Melbourne,Lathamus discolor,Swift Parrot,Bird,Critically Endangered,87be63c25ffffff,-38.119897,145.233971,2
Melbourne,Lathamus discolor,Swift Parrot,Bird,Critically Endangered,87be63c29ffffff,-38.08927,145.136901,1
Melbourne,Lathamus discolor,Swift Parrot,Bird,Critically Endangered,87be63c33ffffff,-38.031329,145.277677,2
Melbourne,Lathamus discolor,Swift Parrot,Bird,Critically Endangered,87be63c53ffffff,-37.995598,145.043151,5
Melbourne,Lathamus discolor,Swift Parrot,Bird,Critically Endangered,87be63c81ffffff,-37.886586,145.264948,1
Melbourne,Lathamus discolor,Swift Parrot,Bird,Critically Endangered,87be63c85ffffff,-37.905298,145.283719,1
Melbourne,Lathamus discolor,Swift Parrot,Bird,Critically Endangered,87be63c89ffffff,-37.874733,145.186875,16
Melbourne,Lathamus discolor,Swift Parrot,Bird,Critically Endangered,87be63c8dffffff,-37.893455,145.20562,19
Melbourne,Lathamus discolor,Swift Parrot,Bird,Critically Endangered,87be63c8effffff,-37.867872,145.246186,6
Melbourne,Lathamus discolor,Swift Parrot,Bird,Critically Endangered,87be63c91ffffff,-37.838815,145.316382,2
Melbourne,Lathamus discolor,Swift Parrot,Bird,Critically Endangered,87be63c92ffffff,-37.813183,145.356901,1
Melbourne,Lathamus discolor,Swift Parrot,Bird,Critically Endangered,87be63c9affffff,-37.801397,145.278861,3
Melbourne,Lathamus discolor,Swift Parrot,Bird,Critically Endangered,87be63caaffffff,-37.90874,145.254047,2
Melbourne,Lathamus discolor,Swift Parrot,Bird,Critically Endangered,87be63cadffffff,-37.953039,145.232227,2
Melbourne,Lathamus discolor,Swift Parrot,Bird,Critically Endangered,87be63caeffffff,-37.927453,145.27282,3
Melbourne,Lathamus discolor,Swift Parrot,Bird,Critically Endangered,87be63cb1ffffff,-37.89839,145.343065,1
Melbourne,Lathamus discolor,Swift Parrot,Bird,Critically Endangered,87be63cc4ffffff,-37.925832,145.105693,4
Melbourne,Lathamus discolor,Swift Parrot,Bird,Critically Endangered,87be63cc6ffffff,-37.903699,145.116632,4
Melbourne,Lathamus discolor,Swift Parrot,Bird,Critically Endangered,87be63ccbffffff,-37.876383,144.99027,1
Melbourne,Lathamus discolor,Swift Parrot,Bird,Critically Endangered,87be63cd0ffffff,-37.859424,145.138493,1
Melbourne,Lathamus discolor,Swift Parrot,Bird,Critically Endangered,87be63cd2ffffff,-37.837283,145.149415,1
Melbourne,Lathamus discolor,Swift Parrot,Bird,Critically Endangered,87be63cd6ffffff,-37.856009,145.16814,1
Melbourne,Lathamus discolor,Swift Parrot,Bird,Critically Endangered,87be63cddffffff,-37.869623,145.049557,1
Melbourne,Lathamus discolor,Swift Parrot,Bird,Critically Endangered,87be63ce8ffffff,-37.954737,145.035397,1
Melbourne,Lathamus discolor,Swift Parrot,Bird,Critically Endangered,87be63cecffffff,-37.973477,145.054114,34
Melbourne,Lathamus discolor,Swift Parrot,Bird,Critically Endangered,87be63cedffffff,-37.976856,145.024431,15
Melbourne,Lathamus discolor,Swift Parrot,Bird,Critically Endangered,87be63cf1ffffff,-37.92243,145.135363,6
Melbourne,Lathamus discolor,Swift Parrot,Bird,Critically Endangered,87be63cf2ffffff,-37.896877,145.175957,2
Melbourne,Lathamus discolor,Swift Parrot,Bird,Critically Endangered,87be63cf3ffffff,-37.900292,145.146294,3
Melbourne,Lathamus discolor,Swift Parrot,Bird,Critically Endangered,87be63cf4ffffff,-37.937743,145.183782,18
Melbourne,Lathamus discolor,Swift Parrot,Bird,Critically Endangered,87be63cf6ffffff,-37.9156,145.194703,2
Melbourne,Lathamus discolor,Swift Parrot,Bird,Critically Endangered,87be63d0affffff,-38.135184,145.282547,2
Melbourne,Lathamus discolor,Swift Parrot,Bird,Critically Endangered,87be63d4effffff,-38.177749,145.093027,1
Melbourne,Lathamus discolor,Swift Parrot,Bird,Critically Endangered,87be63d51ffffff,-38.148848,145.163516,1
Melbourne,Lathamus discolor,Swift Parrot,Bird,Critically Endangered,87be63d60ffffff,-38.252663,145.168242,3
Melbourne,Lathamus discolor,Swift Parrot,Bird,Critically Endangered,87be63dabffffff,-38.043141,145.355943,5
Melbourne,Neopasiphae simplicior,A native bee,Insect,Critically Endangered,87be63424ffffff,-37.699336,145.077789,1
Melbourne,Neophema chrysogaster,Orange-bellied Parrot,Bird,Critically Endangered,87be6301cffffff,-37.913005,144.664242,37
Melbourne,Neophema chrysogaster,Orange-bellied Parrot,Bird,Critically Endangered,87be630e4ffffff,-37.900766,144.586408,1
Melbourne,Neophema chrysogaster,Orange-bellied Parrot,Bird,Critically Endangered,87be6318bffffff,-37.899797,144.782786,1
Melbourne,Neophema chrysogaster,Orange-bellied Parrot,Bird,Critically Endangered,87be63d70ffffff,-38.205012,145.219955,6
Melbourne,Numenius madagascariensis,"Eastern Curlew, Far Eastern Curlew",Bird,Critically Endangered,87be6065affffff,-38.397288,145.180848,1
Melbourne,Numenius madagascariensis,"Eastern Curlew, Far Eastern Curlew",Bird,Critically Endangered,87be606c8ffffff,-38.312225,145.194939,1
Melbourne,Numenius madagascariensis,"Eastern Curlew, Far Eastern Curlew",Bird,Critically Endangered,87be606ccffffff,-38.330943,145.21379,1
Melbourne,Numenius madagascariensis,"Eastern Curlew, Far Eastern Curlew",Bird,Critically Endangered,87be606e8ffffff,-38.371778,145.221679,2
Melbourne,Numenius madagascariensis,"Eastern Curlew, Far Eastern Curlew",Bird,Critically Endangered,87be606e9ffffff,-38.375176,145.191835,1
Melbourne,Numenius madagascariensis,"Eastern Curlew, Far Eastern Curlew",Bird,Critically Endangered,87be630a4ffffff,-37.877706,144.793799,3
Melbourne,Numenius madagascariensis,"Eastern Curlew, Far Eastern Curlew",Bird,Critically Endangered,87be6318bffffff,-37.899797,144.782786,1
Melbourne,Numenius madagascariensis,"Eastern Curlew, Far Eastern Curlew",Bird,Critically Endangered,87be63198ffffff,-37.871047,144.853061,18
Melbourne,Numenius madagascariensis,"Eastern Curlew, Far Eastern Curlew",Bird,Critically Endangered,87be63199ffffff,-37.87438,144.823429,1
Melbourne,Numenius madagascariensis,"Eastern Curlew, Far Eastern Curlew",Bird,Critically Endangered,87be6319affffff,-37.848944,144.864053,16
Melbourne,Numenius madagascariensis,"Eastern Curlew, Far Eastern Curlew",Bird,Critically Endangered,87be6319effffff,-37.867705,144.882693,17
Melbourne,Numenius madagascariensis,"Eastern Curlew, Far Eastern Curlew",Bird,Critically Endangered,87be63800ffffff,-38.371199,144.855894,1
Melbourne,Numenius madagascariensis,"Eastern Curlew, Far Eastern Curlew",Bird,Critically Endangered,87be63815ffffff,-38.345814,144.896768,2
Melbourne,Numenius madagascariensis,"Eastern Curlew, Far Eastern Curlew",Bird,Critically Endangered,87be63852ffffff,-38.324755,144.710289,1
Melbourne,Numenius madagascariensis,"Eastern Curlew, Far Eastern Curlew",Bird,Critically Endangered,87be63c2affffff,-38.063738,145.17758,2
Melbourne,Numenius madagascariensis,"Eastern Curlew, Far Eastern Curlew",Bird,Critically Endangered,87be63c53ffffff,-37.995598,145.043151,9
Perth,Calidris ferruginea,Curlew Sandpiper,Bird,Critically Endangered,87a726c08ffffff,-31.999264,115.81216,46
Perth,Calidris ferruginea,Curlew Sandpiper,Bird,Critically Endangered,87a726cc1ffffff,-31.897341,115.797353,1
Perth,Calidris ferruginea,Curlew Sandpiper,Bird,Critically Endangered,87a726cd6ffffff,-31.890297,115.902901,1
Perth,Calidris ferruginea,Curlew Sandpiper,Bird,Critically Endangered,87a726d19ffffff,-32.100707,115.891917,4
Perth,Calidris ferruginea,Curlew Sandpiper,Bird,Critically Endangered,87a726d50ffffff,-32.095598,115.803249,2
Perth,Calidris ferruginea,Curlew Sandpiper,Bird,Critically Endangered,87a726daeffffff,-32.093516,115.997856,18
Perth,Calidris ferruginea,Curlew Sandpiper,Bird,Critically Endangered,87c9934acffffff,-32.294613,115.809193,11
Perth,Lathamus discolor,Swift Parrot,Bird,Critically Endangered,87a726d09ffffff,-32.119383,115.833478,1
Perth,Leioproctus douglasiellus,a short-tongued bee,Insect,Critically Endangered,87a726daeffffff,-32.093516,115.997856,1
Perth,Numenius madagascariensis,"Eastern Curlew, Far Eastern Curlew",Bird,Critically Endangered,87a726571ffffff,-31.80138,115.80624,1
Perth,Numenius madagascariensis,"Eastern Curlew, Far Eastern Curlew",Bird,Critically Endangered,87a726c08ffffff,-31.999264,115.81216,4
Perth,Numenius madagascariensis,"Eastern Curlew, Far Eastern Curlew",Bird,Critically Endangered,87a726d50ffffff,-32.095598,115.803249,3
Perth,Pseudemydura umbrina,Western Swamp Tortoise,Reptile,Critically Endangered,87a726571ffffff,-31.80138,115.80624,1
Perth,Pseudemydura umbrina,Western Swamp Tortoise,Reptile,Critically Endangered,87a726cd6ffffff,-31.890297,115.902901,1
Perth,Pseudemydura umbrina,Western Swamp Tortoise,Reptile,Critically Endangered,87a726d50ffffff,-32.095598,115.803249,1
Perth,Pseudocheirus occidentalis,"Western Ringtail Possum, Ngwayir, Womp, Woder, Ngoor, Ngoolangit",Mammal,Critically Endangered,87a726c08ffffff,-31.999264,115.81216,1
Perth,Pseudocheirus occidentalis,"Western Ringtail Possum, Ngwayir, Womp, Woder, Ngoor, Ngoolangit",Mammal,Critically Endangered,87a726ca6ffffff,-31.997208,116.006375,1
Perth,Pseudocheirus occidentalis,"Western Ringtail Possum, Ngwayir, Womp, Woder, Ngoor, Ngoolangit",Mammal,Critically Endangered,87a726cd6ffffff,-31.890297,115.902901,1
Sydney,Anthochaera phrygia,Regent Honeyeater,Bird,Critically Endangered,87be08431ffffff,-33.698974,150.801711,2
Sydney,Anthochaera phrygia,Regent Honeyeater,Bird,Critically Endangered,87be08455ffffff,-33.692732,150.593375,102
Sydney,Anthochaera phrygia,Regent Honeyeater,Bird,Critically Endangered,87be08508ffffff,-33.803503,150.813309,1
Sydney,Anthochaera phrygia,Regent Honeyeater,Bird,Critically Endangered,87be08c4affffff,-34.101039,150.695761,1
Sydney,Anthochaera phrygia,Regent Honeyeater,Bird,Critically Endangered,87be0e211ffffff,-33.695201,151.30352,2
Sydney,Anthochaera phrygia,Regent Honeyeater,Bird,Critically Endangered,87be0e229ffffff,-33.797063,151.211355,2
Sydney,Anthochaera phrygia,Regent Honeyeater,Bird,Critically Endangered,87be0e244ffffff,-33.794322,151.106981,1
Sydney,Calidris ferruginea,Curlew Sandpiper,Bird,Critically Endangered,87be08432ffffff,-33.671112,150.839,4
Sydney,Calidris ferruginea,Curlew Sandpiper,Bird,Critically Endangered,87be08c8cffffff,-33.946844,150.968169,1
Sydney,Calidris ferruginea,Curlew Sandpiper,Bird,Critically Endangered,87be08c92ffffff,-33.863073,151.080159,1
Sydney,Calidris ferruginea,Curlew Sandpiper,Bird,Critically Endangered,87be08d91ffffff,-34.01622,151.178849,2
Sydney,Calidris ferruginea,Curlew Sandpiper,Bird,Critically Endangered,87be08d95ffffff,-34.034097,151.198312,14
Sydney,Calidris ferruginea,Curlew Sandpiper,Bird,Critically Endangered,87be08d98ffffff,-34.003379,151.131002,1
Sydney,Calidris ferruginea,Curlew Sandpiper,Bird,Critically Endangered,87be08d9dffffff,-34.026299,151.12205,4
Sydney,Calidris ferruginea,Curlew Sandpiper,Bird,Critically Endangered,87be0e204ffffff,-33.758926,151.305192,1
Sydney,Calidris ferruginea,Curlew Sandpiper,Bird,Critically Endangered,87be0e206ffffff,-33.73599,151.314067,15
Sydney,Calidris ferruginea,Curlew Sandpiper,Bird,Critically Endangered,87be0e261ffffff,-33.840157,151.089105,11
Sydney,Calidris ferruginea,Curlew Sandpiper,Bird,Critically Endangered,87be0e263ffffff,-33.81724,151.098045,1
Sydney,Calidris ferruginea,Curlew Sandpiper,Bird,Critically Endangered,87be0e26cffffff,-33.845182,151.060764,1
Sydney,Calidris ferruginea,Curlew Sandpiper,Bird,Critically Endangered,87be0e36bffffff,-33.934614,151.157829,1
Sydney,Calidris ferruginea,Curlew Sandpiper,Bird,Critically Endangered,87be0e36effffff,-33.947442,151.205643,1
Sydney,Carinascincus palfreymani,"Pedra Branca Skink, Pedra Branca Cool-skink, Red-throated Skink",Reptile,Critically Endangered,87be0e20effffff,-33.728278,151.238053,1
Sydney,Elusor macrurus,"Mary River Turtle, Mary River Tortoise",Reptile,Critically Endangered,87be0e340ffffff,-33.901586,151.223481,1
Sydney,Lathamus discolor,Swift Parrot,Bird,Critically Endangered,87be081a2ffffff,-34.042255,150.666131,2
Sydney,Lathamus discolor,Swift Parrot,Bird,Critically Endangered,87be081a4ffffff,-34.083088,150.676403,1
Sydney,Lathamus discolor,Swift Parrot,Bird,Critically Endangered,87be081a6ffffff,-34.060207,150.685477,2
Sydney,Lathamus discolor,Swift Parrot,Bird,Critically Endangered,87be081b0ffffff,-34.014443,150.703611,3
Sydney,Lathamus discolor,Swift Parrot,Bird,Critically Endangered,87be081b4ffffff,-34.032389,150.72296,3
Sydney,Lathamus discolor,Swift Parrot,Bird,Critically Endangered,87be08410ffffff,-33.635266,150.800421,2
Sydney,Lathamus discolor,Swift Parrot,Bird,Critically Endangered,87be0841cffffff,-33.645183,150.743863,1
Sydney,Lathamus discolor,Swift Parrot,Bird,Critically Endangered,87be0841effffff,-33.622297,150.752872,3
Sydney,Lathamus discolor,Swift Parrot,Bird,Critically Endangered,87be08420ffffff,-33.744754,150.783696,1
Sydney,Lathamus discolor,Swift Parrot,Bird,Critically Endangered,87be0842cffffff,-33.75466,150.727063,2
Sydney,Lathamus discolor,Swift Parrot,Bird,Critically Endangered,87be0842dffffff,-33.759602,150.698743,1
Sydney,Lathamus discolor,Swift Parrot,Bird,Critically Endangered,87be08436ffffff,-33.689032,150.858303,1
Sydney,Lathamus discolor,Swift Parrot,Bird,Critically Endangered,87be08476ffffff,-33.723712,150.660191,1
Sydney,Lathamus discolor,Swift Parrot,Bird,Critically Endangered,87be084a5ffffff,-33.607404,150.837683,2
Sydney,Lathamus discolor,Swift Parrot,Bird,Critically Endangered,87be08502ffffff,-33.788578,150.898299,4
Sydney,Lathamus discolor,Swift Parrot,Bird,Critically Endangered,87be08511ffffff,-33.765677,150.907284,2
Sydney,Lathamus discolor,Swift Parrot,Bird,Critically Endangered,87be08513ffffff,-33.742776,150.916264,3
Sydney,Lathamus discolor,Swift Parrot,Bird,Critically Endangered,87be08514ffffff,-33.778594,150.954948,2
Sydney,Lathamus discolor,Swift Parrot,Bird,Critically Endangered,87be08515ffffff,-33.783589,150.926624,7
Sydney,Lathamus discolor,Swift Parrot,Bird,Critically Endangered,87be08518ffffff,-33.752743,150.859637,19
Sydney,Lathamus discolor,Swift Parrot,Bird,Critically Endangered,87be0851affffff,-33.729847,150.868628,1
Sydney,Lathamus discolor,Swift Parrot,Bird,Critically Endangered,87be0851cffffff,-33.770662,150.878964,1
Sydney,Lathamus discolor,Swift Parrot,Bird,Critically Endangered,87be08520ffffff,-33.870208,150.919024,1
Sydney,Lathamus discolor,Swift Parrot,Bird,Critically Endangered,87be08523ffffff,-33.852293,150.899665,3
Sydney,Lathamus discolor,Swift Parrot,Bird,Critically Endangered,87be08531ffffff,-33.824403,150.936995,1
Sydney,Lathamus discolor,Swift Parrot,Bird,Critically Endangered,87be08534ffffff,-33.83731,150.984699,1
Sydney,Lathamus discolor,Swift Parrot,Bird,Critically Endangered,87be08536ffffff,-33.814402,150.993666,1
Sydney,Lathamus discolor,Swift Parrot,Bird,Critically Endangered,87be08558ffffff,-33.787418,150.661375,1
Sydney,Lathamus discolor,Swift Parrot,Bird,Critically Endangered,87be0855affffff,-33.764538,150.670421,1
Sydney,Lathamus discolor,Swift Parrot,Bird,Critically Endangered,87be0855bffffff,-33.769468,150.642098,2
Sydney,Lathamus discolor,Swift Parrot,Bird,Critically Endangered,87be08581ffffff,-33.656162,150.923856,25
Sydney,Lathamus discolor,Swift Parrot,Bird,Critically Endangered,87be08585ffffff,-33.674069,150.943175,3
Sydney,Lathamus discolor,Swift Parrot,Bird,Critically Endangered,87be085a0ffffff,-33.709876,150.98184,2
Sydney,Lathamus discolor,Swift Parrot,Bird,Critically Endangered,87be085a5ffffff,-33.732783,150.972881,1
Sydney,Lathamus discolor,Swift Parrot,Bird,Critically Endangered,87be085a8ffffff,-33.701964,150.905913,2
Sydney,Lathamus discolor,Swift Parrot,Bird,Critically Endangered,87be085aaffffff,-33.679063,150.914887,42
Sydney,Lathamus discolor,Swift Parrot,Bird,Critically Endangered,87be085adffffff,-33.724864,150.896935,4
Sydney,Lathamus discolor,Swift Parrot,Bird,Critically Endangered,87be08c33ffffff,-34.087191,151.018868,3
Sydney,Lathamus discolor,Swift Parrot,Bird,Critically Endangered,87be08c50ffffff,-34.081256,150.809488,2
Sydney,Lathamus discolor,Swift Parrot,Bird,Critically Endangered,87be08c51ffffff,-34.086212,150.78106,1
Sydney,Lathamus discolor,Swift Parrot,Bird,Critically Endangered,87be08c53ffffff,-34.063322,150.790107,13
Sydney,Lathamus discolor,Swift Parrot,Bird,Critically Endangered,87be08c54ffffff,-34.099188,150.828878,1
Sydney,Lathamus discolor,Swift Parrot,Bird,Critically Endangered,87be08c59ffffff,-34.078156,150.704832,2
Sydney,Lathamus discolor,Swift Parrot,Bird,Critically Endangered,87be08c5affffff,-34.050332,150.742318,1
Sydney,Lathamus discolor,Swift Parrot,Bird,Critically Endangered,87be08c5cffffff,-34.091161,150.752629,1
Sydney,Lathamus discolor,Swift Parrot,Bird,Critically Endangered,87be08c5effffff,-34.068273,150.761684,936
Sydney,Lathamus discolor,Swift Parrot,Bird,Critically Endangered,87be08c82ffffff,-33.913922,151.033889,1
Sydney,Lathamus discolor,Swift Parrot,Bird,Critically Endangered,87be08c8cffffff,-33.946844,150.968169,3
Sydney,Lathamus discolor,Swift Parrot,Bird,Critically Endangered,87be08c8effffff,-33.923937,150.977152,6
Sydney,Lathamus discolor,Swift Parrot,Bird,Critically Endangered,87be08c93ffffff,-33.868096,151.05181,2
Sydney,Lathamus discolor,Swift Parrot,Bird,Critically Endangered,87be08c99ffffff,-33.883124,150.966749,1
Sydney,Lathamus discolor,Swift Parrot,Bird,Critically Endangered,87be08ca0ffffff,-33.995542,151.05478,3
Sydney,Lathamus discolor,Swift Parrot,Bird,Critically Endangered,87be08ca3ffffff,-33.977644,151.03536,3
Sydney,Lathamus discolor,Swift Parrot,Bird,Critically Endangered,87be08cc5ffffff,-33.994647,150.81722,5
Sydney,Lathamus discolor,Swift Parrot,Bird,Critically Endangered,87be08cc6ffffff,-33.966785,150.854636,1
Sydney,Lathamus discolor,Swift Parrot,Bird,Critically Endangered,87be08ce1ffffff,-34.03547,150.827562,3
Sydney,Lathamus discolor,Swift Parrot,Bird,Critically Endangered,87be08cedffffff,-34.045385,150.770735,5
Sydney,Lathamus discolor,Swift Parrot,Bird,Critically Endangered,87be08ceeffffff,-34.017539,150.808187,3
Sydney,Lathamus discolor,Swift Parrot,Bird,Critically Endangered,87be08d8effffff,-34.049219,151.113093,1
Sydney,Lathamus discolor,Swift Parrot,Bird,Critically Endangered,87be08d94ffffff,-34.029043,151.226714,25
Sydney,Lathamus discolor,Swift Parrot,Bird,Critically Endangered,87be0e200ffffff,-33.741069,151.285767,1
Sydney,Lathamus discolor,Swift Parrot,Bird,Critically Endangered,87be0e201ffffff,-33.746141,151.257464,2
Sydney,Lathamus discolor,Swift Parrot,Bird,Critically Endangered,87be0e203ffffff,-33.72321,151.266351,2
Sydney,Lathamus discolor,Swift Parrot,Bird,Critically Endangered,87be0e211ffffff,-33.695201,151.30352,10
Sydney,Lathamus discolor,Swift Parrot,Bird,Critically Endangered,87be0e213ffffff,-33.672266,151.312389,2
Sydney,Lathamus discolor,Swift Parrot,Bird,Critically Endangered,87be0e219ffffff,-33.687484,151.227544,9
Sydney,Lathamus discolor,Swift Parrot,Bird,Critically Endangered,87be0e21affffff,-33.659487,151.264709,2
Sydney,Lathamus discolor,Swift Parrot,Bird,Critically Endangered,87be0e21cffffff,-33.700278,151.275233,3
Sydney,Lathamus discolor,Swift Parrot,Bird,Critically Endangered,87be0e21dffffff,-33.705348,151.246943,4
Sydney,Lathamus discolor,Swift Parrot,Bird,Critically Endangered,87be0e21effffff,-33.677345,151.28411,2
Sydney,Lathamus discolor,Swift Parrot,Bird,Critically Endangered,87be0e22effffff,-33.786935,151.267995,2
Sydney,Lathamus discolor,Swift Parrot,Bird,Critically Endangered,87be0e240ffffff,-33.776436,151.087595,9
Sydney,Lathamus discolor,Swift Parrot,Bird,Critically Endangered,87be0e251ffffff,-33.730602,151.105459,2
Sydney,Lathamus discolor,Swift Parrot,Bird,Critically Endangered,87be0e252ffffff,-33.702644,151.142678,1
Sydney,Lathamus discolor,Swift Parrot,Bird,Critically Endangered,87be0e253ffffff,-33.707683,151.114384,1
Sydney,Lathamus discolor,Swift Parrot,Bird,Critically Endangered,87be0e25effffff,-33.712717,151.086088,1
Sydney,Lathamus discolor,Swift Parrot,Bird,Critically Endangered,87be0e261ffffff,-33.840157,151.089105,2
Sydney,Lathamus discolor,Swift Parrot,Bird,Critically Endangered,87be0e263ffffff,-33.81724,151.098045,1
Sydney,Lathamus discolor,Swift Parrot,Bird,Critically Endangered,87be0e265ffffff,-33.858044,151.108506,1
Sydney,Lathamus discolor,Swift Parrot,Bird,Critically Endangered,87be0e26bffffff,-33.809392,151.021999,3
Sydney,Lathamus discolor,Swift Parrot,Bird,Critically Endangered,87be0e26cffffff,-33.845182,151.060764,1
Sydney,Lathamus discolor,Swift Parrot,Bird,Critically Endangered,87be0e26effffff,-33.822267,151.069712,2
Sydney,Lathamus discolor,Swift Parrot,Bird,Critically Endangered,87be0e2c0ffffff,-33.616004,151.150036,2
Sydney,Lathamus discolor,Swift Parrot,Bird,Critically Endangered,87be0e2e5ffffff,-33.697597,151.170969,1
Sydney,Lathamus discolor,Swift Parrot,Bird,Critically Endangered,87be0e340ffffff,-33.901586,151.223481,1
Sydney,Lathamus discolor,Swift Parrot,Bird,Critically Endangered,87be0e359ffffff,-33.847965,151.165192,2
Sydney,Lathamus discolor,Swift Parrot,Bird,Critically Endangered,87be0e35cffffff,-33.860788,151.212958,1
Sydney,Lathamus discolor,Swift Parrot,Bird,Critically Endangered,87be0e35effffff,-33.83786,151.221869,1
Sydney,Myuchelys georgesi,"Georges' Snapping Turtle, Bellinger River Sawshell Turtle, Georges Helmeted Turtle",Reptile,Critically Endangered,87be0e229ffffff,-33.797063,151.211355,1
Sydney,Numenius madagascariensis,"Eastern Curlew, Far Eastern Curlew",Bird,Critically Endangered,87be08c16ffffff,-34.041368,151.036834,2
Sydney,Numenius madagascariensis,"Eastern Curlew, Far Eastern Curlew",Bird,Critically Endangered,87be08c9dffffff,-33.90103,150.986131,1
Sydney,Numenius madagascariensis,"Eastern Curlew, Far Eastern Curlew",Bird,Critically Endangered,87be08ca0ffffff,-33.995542,151.05478,5
Sydney,Numenius madagascariensis,"Eastern Curlew, Far Eastern Curlew",Bird,Critically Endangered,87be08ca2ffffff,-33.972627,151.063747,144
Sydney,Numenius madagascariensis,"Eastern Curlew, Far Eastern Curlew",Bird,Critically Endangered,87be08ca6ffffff,-33.99052,151.083172,4
Sydney,Numenius madagascariensis,"Eastern Curlew, Far Eastern Curlew",Bird,Critically Endangered,87be08ce8ffffff,-34.022496,150.77978,1
Sydney,Numenius madagascariensis,"Eastern Curlew, Far Eastern Curlew",Bird,Critically Endangered,87be08d80ffffff,-34.062068,151.160963,1
Sydney,Numenius madagascariensis,"Eastern Curlew, Far Eastern Curlew",Bird,Critically Endangered,87be08d81ffffff,-34.067106,151.132549,1
Sydney,Numenius madagascariensis,"Eastern Curlew, Far Eastern Curlew",Bird,Critically Endangered,87be08d82ffffff,-34.039144,151.169909,8
Sydney,Numenius madagascariensis,"Eastern Curlew, Far Eastern Curlew",Bird,Critically Endangered,87be08d83ffffff,-34.044185,151.141502,2
Sydney,Numenius madagascariensis,"Eastern Curlew, Far Eastern Curlew",Bird,Critically Endangered,87be08d8bffffff,-34.036352,151.065242,1
Sydney,Numenius madagascariensis,"Eastern Curlew, Far Eastern Curlew",Bird,Critically Endangered,87be08d91ffffff,-34.01622,151.178849,286
Sydney,Numenius madagascariensis,"Eastern Curlew, Far Eastern Curlew",Bird,Critically Endangered,87be08d95ffffff,-34.034097,151.198312,2
Sydney,Numenius madagascariensis,"Eastern Curlew, Far Eastern Curlew",Bird,Critically Endangered,87be08d96ffffff,-34.006113,151.235639,1
Sydney,Numenius madagascariensis,"Eastern Curlew, Far Eastern Curlew",Bird,Critically Endangered,87be08d98ffffff,-34.003379,151.131002,62
Sydney,Numenius madagascariensis,"Eastern Curlew, Far Eastern Curlew",Bird,Critically Endangered,87be08d99ffffff,-34.008411,151.102607,4
Sydney,Numenius madagascariensis,"Eastern Curlew, Far Eastern Curlew",Bird,Critically Endangered,87be08d9bffffff,-33.985492,151.111562,36
Sydney,Numenius madagascariensis,"Eastern Curlew, Far Eastern Curlew",Bird,Critically Endangered,87be08d9cffffff,-34.021263,151.150451,2
Sydney,Numenius madagascariensis,"Eastern Curlew, Far Eastern Curlew",Bird,Critically Endangered,87be08d9dffffff,-34.026299,151.12205,582
Sydney,Numenius madagascariensis,"Eastern Curlew, Far Eastern Curlew",Bird,Critically Endangered,87be08d9effffff,-33.99834,151.159395,3
Sydney,Numenius madagascariensis,"Eastern Curlew, Far Eastern Curlew",Bird,Critically Endangered,87be08db3ffffff,-34.051971,151.217784,1
Sydney,Numenius madagascariensis,"Eastern Curlew, Far Eastern Curlew",Bird,Critically Endangered,87be0e206ffffff,-33.73599,151.314067,19
Sydney,Numenius madagascariensis,"Eastern Curlew, Far Eastern Curlew",Bird,Critically Endangered,87be0e211ffffff,-33.695201,151.30352,1
Sydney,Numenius madagascariensis,"Eastern Curlew, Far Eastern Curlew",Bird,Critically Endangered,87be0e220ffffff,-33.799716,151.315748,2
Sydney,Numenius madagascariensis,"Eastern Curlew, Far Eastern Curlew",Bird,Critically Endangered,87be0e221ffffff,-33.804795,151.287426,2
Sydney,Numenius madagascariensis,"Eastern Curlew, Far Eastern Curlew",Bird,Critically Endangered,87be0e223ffffff,-33.78186,151.296311,1
Sydney,Numenius madagascariensis,"Eastern Curlew, Far Eastern Curlew",Bird,Critically Endangered,87be0e261ffffff,-33.840157,151.089105,1
Sydney,Numenius madagascariensis,"Eastern Curlew, Far Eastern Curlew",Bird,Critically Endangered,87be0e26effffff,-33.822267,151.069712,19
Sydney,Numenius madagascariensis,"Eastern Curlew, Far Eastern Curlew",Bird,Critically Endangered,87be0e2adffffff,-33.654412,151.292983,1
Sydney,Numenius madagascariensis,"Eastern Curlew, Far Eastern Curlew",Bird,Critically Endangered,87be0e2aeffffff,-33.626394,151.330114,1
Sydney,Numenius madagascariensis,"Eastern Curlew, Far Eastern Curlew",Bird,Critically Endangered,87be0e356ffffff,-33.845587,151.297979,1
Sydney,Numenius madagascariensis,"Eastern Curlew, Far Eastern Curlew",Bird,Critically Endangered,87be0e360ffffff,-33.960252,151.253474,7
Sydney,Numenius madagascariensis,"Eastern Curlew, Far Eastern Curlew",Bird,Critically Endangered,87be0e362ffffff,-33.937321,151.262385,17
Sydney,Numenius madagascariensis,"Eastern Curlew, Far Eastern Curlew",Bird,Critically Endangered,87be0e365ffffff,-33.983183,151.244559,1
Sydney,Numenius madagascariensis,"Eastern Curlew, Far Eastern Curlew",Bird,Critically Endangered,87be0e36affffff,-33.929567,151.186198,1
Sydney,Numenius madagascariensis,"Eastern Curlew, Far Eastern Curlew",Bird,Critically Endangered,87be0e36bffffff,-33.934614,151.157829,1
Sydney,Numenius madagascariensis,"Eastern Curlew, Far Eastern Curlew",Bird,Critically Endangered,87be0eacbffffff,-34.00105,151.26403,2
Sydney,Orraya occultus,"Long-necked Northern Leaf-tailed Gecko, McIlwraith Leaf-tailed Gecko",Reptile,Critically Endangered,87be0e205ffffff,-33.764002,151.276883,1
Adelaide,Botaurus poiciloptilus,Australasian Bittern,Bird,Endangered,87b914595ffffff,-35.165246,138.497872,1
Adelaide,Botaurus poiciloptilus,Australasian Bittern,Bird,Endangered,87b916819ffffff,-34.832671,138.577081,2
Adelaide,Botaurus poiciloptilus,Australasian Bittern,Bird,Endangered,87b916881ffffff,-34.743368,138.680226,1
Adelaide,Botaurus poiciloptilus,Australasian Bittern,Bird,Endangered,87b9168f4ffffff,-34.790072,138.60085,2
Adelaide,Botaurus poiciloptilus,Australasian Bittern,Bird,Endangered,87b91695cffffff,-34.998983,138.537553,3
Adelaide,Eubalaena australis,Southern Right Whale,Mammal,Endangered,87b91459cffffff,-35.147913,138.453972,2
Adelaide,Eubalaena australis,Southern Right Whale,Mammal,Endangered,87b91459effffff,-35.126645,138.465928,1
Adelaide,Eubalaena australis,Southern Right Whale,Mammal,Endangered,87b91696cffffff,-35.103398,138.505791,1
Adelaide,Lepidochelys olivacea,"Olive Ridley Turtle, Pacific Ridley Turtle",Reptile,Endangered,87b914532ffffff,-35.331456,138.458038,2
Adelaide,Lepidochelys olivacea,"Olive Ridley Turtle, Pacific Ridley Turtle",Reptile,Endangered,87b914580ffffff,-35.188482,138.457978,1
Adelaide,Limosa limosa,Black-tailed Godwit,Bird,Endangered,87b916819ffffff,-34.832671,138.577081,5
Adelaide,Limosa limosa,Black-tailed Godwit,Bird,Endangered,87b9168eaffffff,-34.778861,138.47369,1
Adelaide,Neophoca cinerea,"Australian Sea-lion, Australian Sea Lion",Mammal,Endangered,87b916821ffffff,-34.952381,138.617138,1
Adelaide,Neophoca cinerea,"Australian Sea-lion, Australian Sea Lion",Mammal,Endangered,87b91682effffff,-34.933101,138.601162,1
Adelaide,Neophoca cinerea,"Australian Sea-lion, Australian Sea Lion",Mammal,Endangered,87b9168eeffffff,-34.798141,138.489591,2
Adelaide,Neophoca cinerea,"Australian Sea-lion, Australian Sea Lion",Mammal,Endangered,87b91695bffffff,-34.960407,138.505647,8
Adelaide,Rostratula australis,Australian Painted Snipe,Bird,Endangered,87b9168f4ffffff,-34.790072,138.60085,35
Adelaide,Tringa nebularia,"Common Greenshank, Greenshank",Bird,Endangered,87b914514ffffff,-35.312144,138.442042,3
Adelaide,Tringa nebularia,"Common Greenshank, Greenshank",Bird,Endangered,87b914582ffffff,-35.167215,138.469939,23
Adelaide,Tringa nebularia,"Common Greenshank, Greenshank",Bird,Endangered,87b914591ffffff,-35.145946,138.481895,18
Adelaide,Tringa nebularia,"Common Greenshank, Greenshank",Bird,Endangered,87b914595ffffff,-35.165246,138.497872,24
Adelaide,Tringa nebularia,"Common Greenshank, Greenshank",Bird,Endangered,87b916819ffffff,-34.832671,138.577081,152
Adelaide,Tringa nebularia,"Common Greenshank, Greenshank",Bird,Endangered,87b91681bffffff,-34.811373,138.588968,2
Adelaide,Tringa nebularia,"Common Greenshank, Greenshank",Bird,Endangered,87b916874ffffff,-34.939124,138.517566,3
Adelaide,Tringa nebularia,"Common Greenshank, Greenshank",Bird,Endangered,87b9168c0ffffff,-34.755568,138.513382,2
Adelaide,Tringa nebularia,"Common Greenshank, Greenshank",Bird,Endangered,87b9168c4ffffff,-34.774844,138.529293,1
Adelaide,Tringa nebularia,"Common Greenshank, Greenshank",Bird,Endangered,87b9168c5ffffff,-34.776856,138.50149,48
Adelaide,Tringa nebularia,"Common Greenshank, Greenshank",Bird,Endangered,87b9168e0ffffff,-34.815411,138.533321,2
Adelaide,Tringa nebularia,"Common Greenshank, Greenshank",Bird,Endangered,87b9168e5ffffff,-34.836701,138.521423,151
Adelaide,Tringa nebularia,"Common Greenshank, Greenshank",Bird,Endangered,87b9168f0ffffff,-34.7708,138.584911,1
Adelaide,Tringa nebularia,"Common Greenshank, Greenshank",Bird,Endangered,87b9168f1ffffff,-34.772825,138.5571,5
Adelaide,Tringa nebularia,"Common Greenshank, Greenshank",Bird,Endangered,87b9168f4ffffff,-34.790072,138.60085,3
Adelaide,Tringa nebularia,"Common Greenshank, Greenshank",Bird,Endangered,87b9168f5ffffff,-34.792099,138.57303,2
Adelaide,Tringa nebularia,"Common Greenshank, Greenshank",Bird,Endangered,87b91695cffffff,-34.998983,138.537553,5
Brisbane,Botaurus poiciloptilus,Australasian Bittern,Bird,Endangered,87be8d136ffffff,-27.442573,153.144822,147
Brisbane,Botaurus poiciloptilus,Australasian Bittern,Bird,Endangered,87be8d18affffff,-27.253279,153.039263,2
Brisbane,Botaurus poiciloptilus,Australasian Bittern,Bird,Endangered,87be8dd6dffffff,-27.598188,153.311218,1
Brisbane,Caretta caretta,Loggerhead Turtle,Reptile,Endangered,87be8d123ffffff,-27.48169,153.058213,1
Brisbane,Caretta caretta,Loggerhead Turtle,Reptile,Endangered,87be8dc6bffffff,-27.437109,153.171077,1
Brisbane,Casuarius casuarius,"Southern Cassowary, Australian Cassowary, Double-wattled Cassowary",Bird,Endangered,87be8d128ffffff,-27.492573,153.005661,1
Brisbane,Charadrius mongolus,"Lesser Sand Plover, Mongolian Plover",Bird,Endangered,87be8d0b5ffffff,-27.19053,153.036493,1
Brisbane,Charadrius mongolus,"Lesser Sand Plover, Mongolian Plover",Bird,Endangered,87be8d181ffffff,-27.287864,153.076068,13
Brisbane,Charadrius mongolus,"Lesser Sand Plover, Mongolian Plover",Bird,Endangered,87be8d188ffffff,-27.276012,153.03145,4
Brisbane,Charadrius mongolus,"Lesser Sand Plover, Mongolian Plover",Bird,Endangered,87be8d18cffffff,-27.293308,153.049852,4
Brisbane,Charadrius mongolus,"Lesser Sand Plover, Mongolian Plover",Bird,Endangered,87be8d18dffffff,-27.298747,153.023633,32
Brisbane,Charadrius mongolus,"Lesser Sand Plover, Mongolian Plover",Bird,Endangered,87be8d18effffff,-27.270572,153.057662,2
Brisbane,Charadrius mongolus,"Lesser Sand Plover, Mongolian Plover",Bird,Endangered,87be8d199ffffff,-27.230548,153.047073,11
Brisbane,Charadrius mongolus,"Lesser Sand Plover, Mongolian Plover",Bird,Endangered,87be8d19dffffff,-27.247838,153.065469,18
Brisbane,Charadrius mongolus,"Lesser Sand Plover, Mongolian Plover",Bird,Endangered,87be8d1a1ffffff,-27.34519,153.105102,211
Brisbane,Charadrius mongolus,"Lesser Sand Plover, Mongolian Plover",Bird,Endangered,87be8d1a5ffffff,-27.362482,153.123533,1
Brisbane,Charadrius mongolus,"Lesser Sand Plover, Mongolian Plover",Bird,Endangered,87be8d1aaffffff,-27.310603,153.068261,23
Brisbane,Charadrius mongolus,"Lesser Sand Plover, Mongolian Plover",Bird,Endangered,87be8d1acffffff,-27.35064,153.07887,9
Brisbane,Charadrius mongolus,"Lesser Sand Plover, Mongolian Plover",Bird,Endangered,87be8d1aeffffff,-27.327897,153.086678,32
Brisbane,Charadrius mongolus,"Lesser Sand Plover, Mongolian Plover",Bird,Endangered,87be8d56dffffff,-27.196927,153.107258,46
Brisbane,Charadrius mongolus,"Lesser Sand Plover, Mongolian Plover",Bird,Endangered,87be8d892ffffff,-27.488979,153.22649,2
Brisbane,Charadrius mongolus,"Lesser Sand Plover, Mongolian Plover",Bird,Endangered,87be8d894ffffff,-27.529036,153.237191,1
Brisbane,Charadrius mongolus,"Lesser Sand Plover, Mongolian Plover",Bird,Endangered,87be8d8b6ffffff,-27.563614,153.27419,1
Brisbane,Charadrius mongolus,"Lesser Sand Plover, Mongolian Plover",Bird,Endangered,87be8d8c9ffffff,-27.59987,152.895333,1
Brisbane,Charadrius mongolus,"Lesser Sand Plover, Mongolian Plover",Bird,Endangered,87be8d8deffffff,-27.538082,152.989972,1
Brisbane,Charadrius mongolus,"Lesser Sand Plover, Mongolian Plover",Bird,Endangered,87be8dc48ffffff,-27.397063,153.160417,4
Brisbane,Charadrius mongolus,"Lesser Sand Plover, Mongolian Plover",Bird,Endangered,87be8dc4affffff,-27.374311,153.168208,2
Brisbane,Charadrius mongolus,"Lesser Sand Plover, Mongolian Plover",Bird,Endangered,87be8dc4bffffff,-27.379773,153.141971,7
Brisbane,Charadrius mongolus,"Lesser Sand Plover, Mongolian Plover",Bird,Endangered,87be8dc4cffffff,-27.414352,153.17887,26
Brisbane,Charadrius mongolus,"Lesser Sand Plover, Mongolian Plover",Bird,Endangered,87be8dc58ffffff,-27.346092,153.202224,8
Brisbane,Charadrius mongolus,"Lesser Sand Plover, Mongolian Plover",Bird,Endangered,87be8dc59ffffff,-27.35156,153.175996,7
Brisbane,Charadrius mongolus,"Lesser Sand Plover, Mongolian Plover",Bird,Endangered,87be8dc5dffffff,-27.368843,153.194443,37
Brisbane,Charadrius mongolus,"Lesser Sand Plover, Mongolian Plover",Bird,Endangered,87be8dc61ffffff,-27.466213,153.234273,286
Brisbane,Charadrius mongolus,"Lesser Sand Plover, Mongolian Plover",Bird,Endangered,87be8dc65ffffff,-27.483498,153.252755,384
Brisbane,Charadrius mongolus,"Lesser Sand Plover, Mongolian Plover",Bird,Endangered,87be8dc68ffffff,-27.4544,153.189541,353
Brisbane,Charadrius mongolus,"Lesser Sand Plover, Mongolian Plover",Bird,Endangered,87be8dc6bffffff,-27.437109,153.171077,29
Brisbane,Charadrius mongolus,"Lesser Sand Plover, Mongolian Plover",Bird,Endangered,87be8dc6cffffff,-27.47169,153.208011,171
Brisbane,Charadrius mongolus,"Lesser Sand Plover, Mongolian Plover",Bird,Endangered,87be8dc6dffffff,-27.477162,153.181747,1
Brisbane,Charadrius mongolus,"Lesser Sand Plover, Mongolian Plover",Bird,Endangered,87be8dd48ffffff,-27.518065,153.289741,1
Brisbane,Charadrius mongolus,"Lesser Sand Plover, Mongolian Plover",Bird,Endangered,87be8dd6bffffff,-27.558123,153.300475,1
Brisbane,Limosa limosa,Black-tailed Godwit,Bird,Endangered,87be8d032ffffff,-27.304181,152.99741,1
Brisbane,Limosa limosa,Black-tailed Godwit,Bird,Endangered,87be8d0b5ffffff,-27.19053,153.036493,26
Brisbane,Limosa limosa,Black-tailed Godwit,Bird,Endangered,87be8d114ffffff,-27.407981,153.107925,1
Brisbane,Limosa limosa,Black-tailed Godwit,Bird,Endangered,87be8d115ffffff,-27.413433,153.081675,5
Brisbane,Limosa limosa,Black-tailed Godwit,Bird,Endangered,87be8d183ffffff,-27.265127,153.083872,5
Brisbane,Limosa limosa,Black-tailed Godwit,Bird,Endangered,87be8d188ffffff,-27.276012,153.03145,280
Brisbane,Limosa limosa,Black-tailed Godwit,Bird,Endangered,87be8d18cffffff,-27.293308,153.049852,18
Brisbane,Limosa limosa,Black-tailed Godwit,Bird,Endangered,87be8d18dffffff,-27.298747,153.023633,214
Brisbane,Limosa limosa,Black-tailed Godwit,Bird,Endangered,87be8d18effffff,-27.270572,153.057662,2
Brisbane,Limosa limosa,Black-tailed Godwit,Bird,Endangered,87be8d198ffffff,-27.225106,153.073271,4
Brisbane,Limosa limosa,Black-tailed Godwit,Bird,Endangered,87be8d199ffffff,-27.230548,153.047073,36
Brisbane,Limosa limosa,Black-tailed Godwit,Bird,Endangered,87be8d19affffff,-27.202375,153.08107,30
Brisbane,Limosa limosa,Black-tailed Godwit,Bird,Endangered,87be8d19bffffff,-27.207818,153.054878,9
Brisbane,Limosa limosa,Black-tailed Godwit,Bird,Endangered,87be8d19dffffff,-27.247838,153.065469,25
Brisbane,Limosa limosa,Black-tailed Godwit,Bird,Endangered,87be8d1a1ffffff,-27.34519,153.105102,33
Brisbane,Limosa limosa,Black-tailed Godwit,Bird,Endangered,87be8d1aaffffff,-27.310603,153.068261,13
Brisbane,Limosa limosa,Black-tailed Godwit,Bird,Endangered,87be8d1aeffffff,-27.327897,153.086678,6
Brisbane,Limosa limosa,Black-tailed Godwit,Bird,Endangered,87be8d56dffffff,-27.196927,153.107258,7
Brisbane,Limosa limosa,Black-tailed Godwit,Bird,Endangered,87be8d8deffffff,-27.538082,152.989972,2
Brisbane,Limosa limosa,Black-tailed Godwit,Bird,Endangered,87be8dc48ffffff,-27.397063,153.160417,8
Brisbane,Limosa limosa,Black-tailed Godwit,Bird,Endangered,87be8dc4affffff,-27.374311,153.168208,4
Brisbane,Limosa limosa,Black-tailed Godwit,Bird,Endangered,87be8dc4bffffff,-27.379773,153.141971,18
Brisbane,Limosa limosa,Black-tailed Godwit,Bird,Endangered,87be8dc4cffffff,-27.414352,153.17887,250
Brisbane,Limosa limosa,Black-tailed Godwit,Bird,Endangered,87be8dc5dffffff,-27.368843,153.194443,151
Brisbane,Limosa limosa,Black-tailed Godwit,Bird,Endangered,87be8dc61ffffff,-27.466213,153.234273,9
Brisbane,Limosa limosa,Black-tailed Godwit,Bird,Endangered,87be8dc65ffffff,-27.483498,153.252755,8
Brisbane,Limosa limosa,Black-tailed Godwit,Bird,Endangered,87be8dc68ffffff,-27.4544,153.189541,197
Brisbane,Limosa limosa,Black-tailed Godwit,Bird,Endangered,87be8dc6bffffff,-27.437109,153.171077,32
Brisbane,Limosa limosa,Black-tailed Godwit,Bird,Endangered,87be8dc6cffffff,-27.47169,153.208011,14
Brisbane,Limosa limosa,Black-tailed Godwit,Bird,Endangered,87be8dc6dffffff,-27.477162,153.181747,3
Brisbane,Limosa limosa,Black-tailed Godwit,Bird,Endangered,87be8dd48ffffff,-27.518065,153.289741,1
Brisbane,Limosa limosa,Black-tailed Godwit,Bird,Endangered,87be8dd4dffffff,-27.540839,153.281967,3
Brisbane,Petauroides volans,Greater Glider (southern and central),Mammal,Endangered,87be8d000ffffff,-27.320453,152.918727,1
Brisbane,Petauroides volans,Greater Glider (southern and central),Mammal,Endangered,87be8d085ffffff,-27.184097,152.965741,1
Brisbane,Petauroides volans,Greater Glider (southern and central),Mammal,Endangered,87be8d099ffffff,-27.10949,152.918506,1
Brisbane,Petauroides volans,Greater Glider (southern and central),Mammal,Endangered,87be8d09cffffff,-27.121367,152.963024,2
Brisbane,Petauroides volans,Greater Glider (southern and central),Mammal,Endangered,87be8d0a3ffffff,-27.201394,152.98411,1
Brisbane,Petauroides volans,Greater Glider (southern and central),Mammal,Endangered,87be8d104ffffff,-27.458936,153.066037,1
Brisbane,Petauroides volans,Greater Glider (southern and central),Mammal,Endangered,87be8d10dffffff,-27.457937,152.968801,1
Brisbane,Petauroides volans,Greater Glider (southern and central),Mammal,Endangered,87be8d122ffffff,-27.476242,153.084484,1
Brisbane,Petauroides volans,Greater Glider (southern and central),Mammal,Endangered,87be8d128ffffff,-27.492573,153.005661,1
Brisbane,Petauroides volans,Greater Glider (southern and central),Mammal,Endangered,87be8d12effffff,-27.487134,153.031938,1
Brisbane,Petauroides volans,Greater Glider (southern and central),Mammal,Endangered,87be8d130ffffff,-27.448032,153.118563,1
Brisbane,Petauroides volans,Greater Glider (southern and central),Mammal,Endangered,87be8d133ffffff,-27.430733,153.100115,1
Brisbane,Petauroides volans,Greater Glider (southern and central),Mammal,Endangered,87be8d161ffffff,-27.54244,152.866356,1
Brisbane,Petauroides volans,Greater Glider (southern and central),Mammal,Endangered,87be8d171ffffff,-27.49153,152.908392,2
Brisbane,Petauroides volans,Greater Glider (southern and central),Mammal,Endangered,87be8d46bffffff,-27.035948,152.968123,1
Brisbane,Petauroides volans,Greater Glider (southern and central),Mammal,Endangered,87be8d724ffffff,-27.114901,152.892335,1
Brisbane,Petauroides volans,Greater Glider (southern and central),Mammal,Endangered,87be8d731ffffff,-27.052191,152.889671,1
Brisbane,Petauroides volans,Greater Glider (southern and central),Mammal,Endangered,87be8d732ffffff,-27.024078,152.923647,1
Brisbane,Petauroides volans,Greater Glider (southern and central),Mammal,Endangered,87be8d800ffffff,-27.722187,153.122102,1
Brisbane,Petauroides volans,Greater Glider (southern and central),Mammal,Endangered,87be8d801ffffff,-27.727646,153.09576,1
Brisbane,Petauroides volans,Greater Glider (southern and central),Mammal,Endangered,87be8d802ffffff,-27.699406,153.129932,2
Brisbane,Petauroides volans,Greater Glider (southern and central),Mammal,Endangered,87be8d804ffffff,-27.739506,153.140615,1
Brisbane,Petauroides volans,Greater Glider (southern and central),Mammal,Endangered,87be8d806ffffff,-27.716722,153.148442,1
Brisbane,Petauroides volans,Greater Glider (southern and central),Mammal,Endangered,87be8d808ffffff,-27.715773,153.050919,4
Brisbane,Petauroides volans,Greater Glider (southern and central),Mammal,Endangered,87be8d809ffffff,-27.721219,153.024575,2
Brisbane,Petauroides volans,Greater Glider (southern and central),Mammal,Endangered,87be8d80bffffff,-27.698445,153.032429,3
Brisbane,Petauroides volans,Greater Glider (southern and central),Mammal,Endangered,87be8d80cffffff,-27.733101,153.069415,34
Brisbane,Petauroides volans,Greater Glider (southern and central),Mammal,Endangered,87be8d80dffffff,-27.73855,153.043068,3
Brisbane,Petauroides volans,Greater Glider (southern and central),Mammal,Endangered,87be8d811ffffff,-27.676627,153.137758,1
Brisbane,Petauroides volans,Greater Glider (southern and central),Mammal,Endangered,87be8d812ffffff,-27.648382,153.171897,2
Brisbane,Petauroides volans,Greater Glider (southern and central),Mammal,Endangered,87be8d813ffffff,-27.65385,153.14558,1
Brisbane,Petauroides volans,Greater Glider (southern and central),Mammal,Endangered,87be8d814ffffff,-27.68847,153.182593,1
Brisbane,Petauroides volans,Greater Glider (southern and central),Mammal,Endangered,87be8d815ffffff,-27.693941,153.156264,1
Brisbane,Petauroides volans,Greater Glider (southern and central),Mammal,Endangered,87be8d818ffffff,-27.664771,153.092935,2
Brisbane,Petauroides volans,Greater Glider (southern and central),Mammal,Endangered,87be8d819ffffff,-27.670224,153.066609,2
Brisbane,Petauroides volans,Greater Glider (southern and central),Mammal,Endangered,87be8d81affffff,-27.641997,153.100767,1
Brisbane,Petauroides volans,Greater Glider (southern and central),Mammal,Endangered,87be8d81bffffff,-27.647451,153.074448,1
Brisbane,Petauroides volans,Greater Glider (southern and central),Mammal,Endangered,87be8d81cffffff,-27.682089,153.11143,3
Brisbane,Petauroides volans,Greater Glider (southern and central),Mammal,Endangered,87be8d81dffffff,-27.687546,153.085099,1
Brisbane,Petauroides volans,Greater Glider (southern and central),Mammal,Endangered,87be8d81effffff,-27.659313,153.119259,2
Brisbane,Petauroides volans,Greater Glider (southern and central),Mammal,Endangered,87be8d822ffffff,-27.756824,153.159135,1
Brisbane,Petauroides volans,Greater Glider (southern and central),Mammal,Endangered,87be8d831ffffff,-27.734038,153.166958,2
Brisbane,Petauroides volans,Greater Glider (southern and central),Mammal,Endangered,87be8d835ffffff,-27.751352,153.185482,1
Brisbane,Petauroides volans,Greater Glider (southern and central),Mammal,Endangered,87be8d850ffffff,-27.709324,152.979748,3
Brisbane,Petauroides volans,Greater Glider (southern and central),Mammal,Endangered,87be8d853ffffff,-27.691986,152.961274,1
Brisbane,Petauroides volans,Greater Glider (southern and central),Mammal,Endangered,87be8d855ffffff,-27.732096,152.971879,1
Brisbane,Petauroides volans,Greater Glider (southern and central),Mammal,Endangered,87be8d856ffffff,-27.703887,153.00609,1
Brisbane,Petauroides volans,Greater Glider (southern and central),Mammal,Endangered,87be8d872ffffff,-27.743995,153.016717,2
Brisbane,Petauroides volans,Greater Glider (southern and central),Mammal,Endangered,87be8d895ffffff,-27.534514,153.210912,3
Brisbane,Petauroides volans,Greater Glider (southern and central),Mammal,Endangered,87be8d8a3ffffff,-27.60283,153.187515,2
Brisbane,Petauroides volans,Greater Glider (southern and central),Mammal,Endangered,87be8d8a8ffffff,-27.613765,153.134905,2
Brisbane,Petauroides volans,Greater Glider (southern and central),Mammal,Endangered,87be8d8a9ffffff,-27.619225,153.108595,1
Brisbane,Petauroides volans,Greater Glider (southern and central),Mammal,Endangered,87be8d8acffffff,-27.631074,153.153397,1
Brisbane,Petauroides volans,Greater Glider (southern and central),Mammal,Endangered,87be8d8adffffff,-27.636538,153.127084,1
Brisbane,Petauroides volans,Greater Glider (southern and central),Mammal,Endangered,87be8d8c0ffffff,-27.600925,152.99272,1
Brisbane,Petauroides volans,Greater Glider (southern and central),Mammal,Endangered,87be8d8c4ffffff,-27.618251,153.011181,2
Brisbane,Petauroides volans,Greater Glider (southern and central),Mammal,Endangered,87be8d8d8ffffff,-27.543513,152.963678,1
Brisbane,Petauroides volans,Greater Glider (southern and central),Mammal,Endangered,87be8d8e0ffffff,-27.658345,153.0218,1
Brisbane,Petauroides volans,Greater Glider (southern and central),Mammal,Endangered,87be8d8e2ffffff,-27.635576,153.02965,2
Brisbane,Petauroides volans,Greater Glider (southern and central),Mammal,Endangered,87be8d8e3ffffff,-27.641017,153.003329,2
Brisbane,Petauroides volans,Greater Glider (southern and central),Mammal,Endangered,87be8d8e4ffffff,-27.675672,153.040279,2
Brisbane,Petauroides volans,Greater Glider (southern and central),Mammal,Endangered,87be8d8e6ffffff,-27.6529,153.048126,1
Brisbane,Petauroides volans,Greater Glider (southern and central),Mammal,Endangered,87be8d8e8ffffff,-27.651883,152.950678,1
Brisbane,Petauroides volans,Greater Glider (southern and central),Mammal,Endangered,87be8d8f0ffffff,-27.607363,153.063806,3
Brisbane,Petauroides volans,Greater Glider (southern and central),Mammal,Endangered,87be8d8f4ffffff,-27.624681,153.082283,1
Brisbane,Petauroides volans,Greater Glider (southern and central),Mammal,Endangered,87be8d8f5ffffff,-27.630131,153.055968,1
Brisbane,Petauroides volans,Greater Glider (southern and central),Mammal,Endangered,87be8db93ffffff,-27.570597,152.832165,1
Brisbane,Petauroides volans,Greater Glider (southern and central),Mammal,Endangered,87be8db9affffff,-27.558649,152.787444,1
Brisbane,Petauroides volans,Greater Glider (southern and central),Mammal,Endangered,87be8dbb4ffffff,-27.662729,152.898017,1
Brisbane,Petauroides volans,Greater Glider (southern and central),Mammal,Endangered,87be8dc6dffffff,-27.477162,153.181747,1
Brisbane,Pterodroma leucoptera,"Gould's Petrel, Australian Gould's Petrel",Bird,Endangered,87be8d181ffffff,-27.287864,153.076068,11
Brisbane,Pterodroma leucoptera,"Gould's Petrel, Australian Gould's Petrel",Bird,Endangered,87be8d1aaffffff,-27.310603,153.068261,12
Brisbane,Pteropus conspicillatus,Spectacled Flying-fox,Mammal,Endangered,87be8d8ceffffff,-27.589026,152.947958,1
Brisbane,Rostratula australis,Australian Painted Snipe,Bird,Endangered,87be8d114ffffff,-27.407981,153.107925,2
Brisbane,Rostratula australis,Australian Painted Snipe,Bird,Endangered,87be8d136ffffff,-27.442573,153.144822,165
Brisbane,Rostratula australis,Australian Painted Snipe,Bird,Endangered,87be8d1aaffffff,-27.310603,153.068261,55
Brisbane,Rostratula australis,Australian Painted Snipe,Bird,Endangered,87be8d850ffffff,-27.709324,152.979748,1
Brisbane,Rostratula australis,Australian Painted Snipe,Bird,Endangered,87be8d989ffffff,-27.682995,153.20892,4
Brisbane,Thalassarche cauta,Shy Albatross,Bird,Endangered,87be8d181ffffff,-27.287864,153.076068,1
Brisbane,Thalassarche cauta,Shy Albatross,Bird,Endangered,87be8d1aaffffff,-27.310603,153.068261,22
Brisbane,Tringa nebularia,"Common Greenshank, Greenshank",Bird,Endangered,87be8d032ffffff,-27.304181,152.99741,1
Brisbane,Tringa nebularia,"Common Greenshank, Greenshank",Bird,Endangered,87be8d0b5ffffff,-27.19053,153.036493,62
Brisbane,Tringa nebularia,"Common Greenshank, Greenshank",Bird,Endangered,87be8d115ffffff,-27.413433,153.081675,7
Brisbane,Tringa nebularia,"Common Greenshank, Greenshank",Bird,Endangered,87be8d136ffffff,-27.442573,153.144822,17
Brisbane,Tringa nebularia,"Common Greenshank, Greenshank",Bird,Endangered,87be8d182ffffff,-27.259678,153.110078,2
Brisbane,Tringa nebularia,"Common Greenshank, Greenshank",Bird,Endangered,87be8d183ffffff,-27.265127,153.083872,3
Brisbane,Tringa nebularia,"Common Greenshank, Greenshank",Bird,Endangered,87be8d188ffffff,-27.276012,153.03145,216
Brisbane,Tringa nebularia,"Common Greenshank, Greenshank",Bird,Endangered,87be8d18cffffff,-27.293308,153.049852,21
Brisbane,Tringa nebularia,"Common Greenshank, Greenshank",Bird,Endangered,87be8d18dffffff,-27.298747,153.023633,171
Brisbane,Tringa nebularia,"Common Greenshank, Greenshank",Bird,Endangered,87be8d198ffffff,-27.225106,153.073271,12
Brisbane,Tringa nebularia,"Common Greenshank, Greenshank",Bird,Endangered,87be8d199ffffff,-27.230548,153.047073,26
Brisbane,Tringa nebularia,"Common Greenshank, Greenshank",Bird,Endangered,87be8d19affffff,-27.202375,153.08107,16
Brisbane,Tringa nebularia,"Common Greenshank, Greenshank",Bird,Endangered,87be8d19bffffff,-27.207818,153.054878,31
Brisbane,Tringa nebularia,"Common Greenshank, Greenshank",Bird,Endangered,87be8d19dffffff,-27.247838,153.065469,31
Brisbane,Tringa nebularia,"Common Greenshank, Greenshank",Bird,Endangered,87be8d1a1ffffff,-27.34519,153.105102,9
Brisbane,Tringa nebularia,"Common Greenshank, Greenshank",Bird,Endangered,87be8d1aaffffff,-27.310603,153.068261,2
Brisbane,Tringa nebularia,"Common Greenshank, Greenshank",Bird,Endangered,87be8d1acffffff,-27.35064,153.07887,1
Brisbane,Tringa nebularia,"Common Greenshank, Greenshank",Bird,Endangered,87be8d56dffffff,-27.196927,153.107258,45
Brisbane,Tringa nebularia,"Common Greenshank, Greenshank",Bird,Endangered,87be8d892ffffff,-27.488979,153.22649,7
Brisbane,Tringa nebularia,"Common Greenshank, Greenshank",Bird,Endangered,87be8d8b6ffffff,-27.563614,153.27419,1
Brisbane,Tringa nebularia,"Common Greenshank, Greenshank",Bird,Endangered,87be8dc48ffffff,-27.397063,153.160417,4
Brisbane,Tringa nebularia,"Common Greenshank, Greenshank",Bird,Endangered,87be8dc4affffff,-27.374311,153.168208,6
Brisbane,Tringa nebularia,"Common Greenshank, Greenshank",Bird,Endangered,87be8dc4bffffff,-27.379773,153.141971,16
Brisbane,Tringa nebularia,"Common Greenshank, Greenshank",Bird,Endangered,87be8dc4cffffff,-27.414352,153.17887,467
Brisbane,Tringa nebularia,"Common Greenshank, Greenshank",Bird,Endangered,87be8dc4dffffff,-27.419817,153.152621,5
Brisbane,Tringa nebularia,"Common Greenshank, Greenshank",Bird,Endangered,87be8dc4effffff,-27.391597,153.186658,1
Brisbane,Tringa nebularia,"Common Greenshank, Greenshank",Bird,Endangered,87be8dc58ffffff,-27.346092,153.202224,4
Brisbane,Tringa nebularia,"Common Greenshank, Greenshank",Bird,Endangered,87be8dc5dffffff,-27.368843,153.194443,415
Brisbane,Tringa nebularia,"Common Greenshank, Greenshank",Bird,Endangered,87be8dc61ffffff,-27.466213,153.234273,47
Brisbane,Tringa nebularia,"Common Greenshank, Greenshank",Bird,Endangered,87be8dc65ffffff,-27.483498,153.252755,232
Brisbane,Tringa nebularia,"Common Greenshank, Greenshank",Bird,Endangered,87be8dc68ffffff,-27.4544,153.189541,282
Brisbane,Tringa nebularia,"Common Greenshank, Greenshank",Bird,Endangered,87be8dc6bffffff,-27.437109,153.171077,110
Brisbane,Tringa nebularia,"Common Greenshank, Greenshank",Bird,Endangered,87be8dc6cffffff,-27.47169,153.208011,310
Brisbane,Tringa nebularia,"Common Greenshank, Greenshank",Bird,Endangered,87be8dc6dffffff,-27.477162,153.181747,6
Brisbane,Tringa nebularia,"Common Greenshank, Greenshank",Bird,Endangered,87be8dd48ffffff,-27.518065,153.289741,4
Brisbane,Tringa nebularia,"Common Greenshank, Greenshank",Bird,Endangered,87be8dd4dffffff,-27.540839,153.281967,2
Brisbane,Tringa nebularia,"Common Greenshank, Greenshank",Bird,Endangered,87be8dd68ffffff,-27.575407,153.318989,1
Canberra–Queanbeyan,Aprasia aurita,"Eared Worm-lizard, Mallee Worm-lizard",Reptile,Endangered,87be72d8affffff,-35.384692,149.235218,1
Canberra–Queanbeyan,Botaurus poiciloptilus,Australasian Bittern,Bird,Endangered,87be72c84ffffff,-35.307433,149.186976,1
Canberra–Queanbeyan,Botaurus poiciloptilus,Australasian Bittern,Bird,Endangered,87be72ca3ffffff,-35.330155,149.177376,1
Canberra–Queanbeyan,Botaurus poiciloptilus,Australasian Bittern,Bird,Endangered,87be72cacffffff,-35.357407,149.138893,1
Canberra–Queanbeyan,Callocephalon fimbriatum,Gang-gang Cockatoo,Bird,Endangered,87be0d269ffffff,-35.184717,149.15802,1
Canberra–Queanbeyan,Callocephalon fimbriatum,Gang-gang Cockatoo,Bird,Endangered,87be0d26dffffff,-35.2029,149.177253,2
Canberra–Queanbeyan,Callocephalon fimbriatum,Gang-gang Cockatoo,Bird,Endangered,87be72520ffffff,-35.221013,149.061942,67
Canberra–Queanbeyan,Callocephalon fimbriatum,Gang-gang Cockatoo,Bird,Endangered,87be72521ffffff,-35.225524,149.033111,8
Canberra–Queanbeyan,Callocephalon fimbriatum,Gang-gang Cockatoo,Bird,Endangered,87be72522ffffff,-35.198301,149.071559,2
Canberra–Queanbeyan,Callocephalon fimbriatum,Gang-gang Cockatoo,Bird,Endangered,87be72523ffffff,-35.202814,149.042735,14
Canberra–Queanbeyan,Callocephalon fimbriatum,Gang-gang Cockatoo,Bird,Endangered,87be72524ffffff,-35.23921,149.081158,184
Canberra–Queanbeyan,Callocephalon fimbriatum,Gang-gang Cockatoo,Bird,Endangered,87be72525ffffff,-35.243724,149.05232,162
Canberra–Queanbeyan,Callocephalon fimbriatum,Gang-gang Cockatoo,Bird,Endangered,87be72526ffffff,-35.216496,149.090772,19
Canberra–Queanbeyan,Callocephalon fimbriatum,Gang-gang Cockatoo,Bird,Endangered,87be7252cffffff,-35.230027,149.004278,11
Canberra–Queanbeyan,Callocephalon fimbriatum,Gang-gang Cockatoo,Bird,Endangered,87be7252dffffff,-35.234524,148.975444,37
Canberra–Queanbeyan,Callocephalon fimbriatum,Gang-gang Cockatoo,Bird,Endangered,87be7252effffff,-35.207321,149.01391,10
Canberra–Queanbeyan,Callocephalon fimbriatum,Gang-gang Cockatoo,Bird,Endangered,87be72530ffffff,-35.171063,149.109984,1
Canberra–Queanbeyan,Callocephalon fimbriatum,Gang-gang Cockatoo,Bird,Endangered,87be72533ffffff,-35.152871,149.090777,1
Canberra–Queanbeyan,Callocephalon fimbriatum,Gang-gang Cockatoo,Bird,Endangered,87be72534ffffff,-35.189252,149.129201,4
Canberra–Queanbeyan,Callocephalon fimbriatum,Gang-gang Cockatoo,Bird,Endangered,87be72535ffffff,-35.19378,149.100381,18
Canberra–Queanbeyan,Callocephalon fimbriatum,Gang-gang Cockatoo,Bird,Endangered,87be72536ffffff,-35.166532,149.138797,5
Canberra–Queanbeyan,Callocephalon fimbriatum,Gang-gang Cockatoo,Bird,Endangered,87be72c00ffffff,-35.448263,149.100391,17
Canberra–Queanbeyan,Callocephalon fimbriatum,Gang-gang Cockatoo,Bird,Endangered,87be72c03ffffff,-35.430067,149.081121,12
Canberra–Queanbeyan,Callocephalon fimbriatum,Gang-gang Cockatoo,Bird,Endangered,87be72c04ffffff,-35.466456,149.11967,10
Canberra–Queanbeyan,Callocephalon fimbriatum,Gang-gang Cockatoo,Bird,Endangered,87be72c10ffffff,-35.398312,149.148546,11
Canberra–Queanbeyan,Callocephalon fimbriatum,Gang-gang Cockatoo,Bird,Endangered,87be72c11ffffff,-35.402838,149.119652,45
Canberra–Queanbeyan,Callocephalon fimbriatum,Gang-gang Cockatoo,Bird,Endangered,87be72c12ffffff,-35.375595,149.158161,10
Canberra–Queanbeyan,Callocephalon fimbriatum,Gang-gang Cockatoo,Bird,Endangered,87be72c13ffffff,-35.380124,149.129275,40
Canberra–Queanbeyan,Callocephalon fimbriatum,Gang-gang Cockatoo,Bird,Endangered,87be72c16ffffff,-35.393779,149.177438,1
Canberra–Queanbeyan,Callocephalon fimbriatum,Gang-gang Cockatoo,Bird,Endangered,87be72c18ffffff,-35.38916,149.0715,16
Canberra–Queanbeyan,Callocephalon fimbriatum,Gang-gang Cockatoo,Bird,Endangered,87be72c19ffffff,-35.393667,149.04261,30
Canberra–Queanbeyan,Callocephalon fimbriatum,Gang-gang Cockatoo,Bird,Endangered,87be72c1affffff,-35.36645,149.081133,276
Canberra–Queanbeyan,Callocephalon fimbriatum,Gang-gang Cockatoo,Bird,Endangered,87be72c1bffffff,-35.37096,149.052251,60
Canberra–Queanbeyan,Callocephalon fimbriatum,Gang-gang Cockatoo,Bird,Endangered,87be72c1cffffff,-35.407357,149.090757,9
Canberra–Queanbeyan,Callocephalon fimbriatum,Gang-gang Cockatoo,Bird,Endangered,87be72c1dffffff,-35.411868,149.061861,11
Canberra–Queanbeyan,Callocephalon fimbriatum,Gang-gang Cockatoo,Bird,Endangered,87be72c1effffff,-35.384645,149.100388,94
Canberra–Queanbeyan,Callocephalon fimbriatum,Gang-gang Cockatoo,Bird,Endangered,87be72c80ffffff,-35.28925,149.167717,118
Canberra–Queanbeyan,Callocephalon fimbriatum,Gang-gang Cockatoo,Bird,Endangered,87be72c81ffffff,-35.293784,149.138861,368
Canberra–Queanbeyan,Callocephalon fimbriatum,Gang-gang Cockatoo,Bird,Endangered,87be72c83ffffff,-35.271065,149.148467,839
Canberra–Queanbeyan,Callocephalon fimbriatum,Gang-gang Cockatoo,Bird,Endangered,87be72c84ffffff,-35.307433,149.186976,19
Canberra–Queanbeyan,Callocephalon fimbriatum,Gang-gang Cockatoo,Bird,Endangered,87be72c85ffffff,-35.311971,149.158114,158
Canberra–Queanbeyan,Callocephalon fimbriatum,Gang-gang Cockatoo,Bird,Endangered,87be72c86ffffff,-35.284709,149.196571,4
Canberra–Queanbeyan,Callocephalon fimbriatum,Gang-gang Cockatoo,Bird,Endangered,87be72c88ffffff,-35.280118,149.090767,44
Canberra–Queanbeyan,Callocephalon fimbriatum,Gang-gang Cockatoo,Bird,Endangered,87be72c8affffff,-35.257404,149.100383,426
Canberra–Queanbeyan,Callocephalon fimbriatum,Gang-gang Cockatoo,Bird,Endangered,87be72c8bffffff,-35.261922,149.071539,1626
Canberra–Queanbeyan,Callocephalon fimbriatum,Gang-gang Cockatoo,Bird,Endangered,87be72c8cffffff,-35.298311,149.110004,360
Canberra–Queanbeyan,Callocephalon fimbriatum,Gang-gang Cockatoo,Bird,Endangered,87be72c8dffffff,-35.302831,149.081146,63
Canberra–Queanbeyan,Callocephalon fimbriatum,Gang-gang Cockatoo,Bird,Endangered,87be72c8effffff,-35.275595,149.119618,446
Canberra–Queanbeyan,Callocephalon fimbriatum,Gang-gang Cockatoo,Bird,Endangered,87be72c98ffffff,-35.230159,149.138829,23
Canberra–Queanbeyan,Callocephalon fimbriatum,Gang-gang Cockatoo,Bird,Endangered,87be72c99ffffff,-35.234688,149.109994,152
Canberra–Queanbeyan,Callocephalon fimbriatum,Gang-gang Cockatoo,Bird,Endangered,87be72c9affffff,-35.207439,149.148427,10
Canberra–Queanbeyan,Callocephalon fimbriatum,Gang-gang Cockatoo,Bird,Endangered,87be72c9bffffff,-35.211971,149.1196,117
Canberra–Queanbeyan,Callocephalon fimbriatum,Gang-gang Cockatoo,Bird,Endangered,87be72c9cffffff,-35.248345,149.158067,716
Canberra–Queanbeyan,Callocephalon fimbriatum,Gang-gang Cockatoo,Bird,Endangered,87be72c9dffffff,-35.252878,149.129226,248
Canberra–Queanbeyan,Callocephalon fimbriatum,Gang-gang Cockatoo,Bird,Endangered,87be72c9effffff,-35.225623,149.167662,232
Canberra–Queanbeyan,Callocephalon fimbriatum,Gang-gang Cockatoo,Bird,Endangered,87be72ca0ffffff,-35.348336,149.196648,8
Canberra–Queanbeyan,Callocephalon fimbriatum,Gang-gang Cockatoo,Bird,Endangered,87be72ca1ffffff,-35.352876,149.167771,16
Canberra–Queanbeyan,Callocephalon fimbriatum,Gang-gang Cockatoo,Bird,Endangered,87be72ca3ffffff,-35.330155,149.177376,236
Canberra–Queanbeyan,Callocephalon fimbriatum,Gang-gang Cockatoo,Bird,Endangered,87be72ca4ffffff,-35.366516,149.215928,15
Canberra–Queanbeyan,Callocephalon fimbriatum,Gang-gang Cockatoo,Bird,Endangered,87be72ca5ffffff,-35.371059,149.187046,22
Canberra–Queanbeyan,Callocephalon fimbriatum,Gang-gang Cockatoo,Bird,Endangered,87be72ca6ffffff,-35.34379,149.225523,9
Canberra–Queanbeyan,Callocephalon fimbriatum,Gang-gang Cockatoo,Bird,Endangered,87be72ca8ffffff,-35.339218,149.119635,1046
Canberra–Queanbeyan,Callocephalon fimbriatum,Gang-gang Cockatoo,Bird,Endangered,87be72ca9ffffff,-35.343738,149.090762,2545
Canberra–Queanbeyan,Callocephalon fimbriatum,Gang-gang Cockatoo,Bird,Endangered,87be72caaffffff,-35.316502,149.129251,165
Canberra–Queanbeyan,Callocephalon fimbriatum,Gang-gang Cockatoo,Bird,Endangered,87be72cabffffff,-35.321026,149.100386,384
Canberra–Queanbeyan,Callocephalon fimbriatum,Gang-gang Cockatoo,Bird,Endangered,87be72cacffffff,-35.357407,149.138893,295
Canberra–Queanbeyan,Callocephalon fimbriatum,Gang-gang Cockatoo,Bird,Endangered,87be72cadffffff,-35.361932,149.110014,238
Canberra–Queanbeyan,Callocephalon fimbriatum,Gang-gang Cockatoo,Bird,Endangered,87be72caeffffff,-35.33469,149.148506,119
Canberra–Queanbeyan,Callocephalon fimbriatum,Gang-gang Cockatoo,Bird,Endangered,87be72cd2ffffff,-35.248232,149.023481,4
Canberra–Queanbeyan,Callocephalon fimbriatum,Gang-gang Cockatoo,Bird,Endangered,87be72cd4ffffff,-35.289142,149.033061,4
Canberra–Queanbeyan,Callocephalon fimbriatum,Gang-gang Cockatoo,Bird,Endangered,87be72cd5ffffff,-35.293643,149.004207,16
Canberra–Queanbeyan,Callocephalon fimbriatum,Gang-gang Cockatoo,Bird,Endangered,87be72cd6ffffff,-35.266434,149.042693,7
Canberra–Queanbeyan,Callocephalon fimbriatum,Gang-gang Cockatoo,Bird,Endangered,87be72cf0ffffff,-35.330052,149.042651,69
Canberra–Queanbeyan,Callocephalon fimbriatum,Gang-gang Cockatoo,Bird,Endangered,87be72cf2ffffff,-35.307343,149.052286,5
Canberra–Queanbeyan,Callocephalon fimbriatum,Gang-gang Cockatoo,Bird,Endangered,87be72cf3ffffff,-35.311849,149.023424,7
Canberra–Queanbeyan,Callocephalon fimbriatum,Gang-gang Cockatoo,Bird,Endangered,87be72cf4ffffff,-35.348252,149.061888,860
Canberra–Queanbeyan,Callocephalon fimbriatum,Gang-gang Cockatoo,Bird,Endangered,87be72cf5ffffff,-35.352758,149.033012,249
Canberra–Queanbeyan,Callocephalon fimbriatum,Gang-gang Cockatoo,Bird,Endangered,87be72cf6ffffff,-35.325542,149.071519,423
Canberra–Queanbeyan,Callocephalon fimbriatum,Gang-gang Cockatoo,Bird,Endangered,87be72d8bffffff,-35.389239,149.206329,20
Canberra–Queanbeyan,Callocephalon fimbriatum,Gang-gang Cockatoo,Bird,Endangered,87be72d99ffffff,-35.361965,149.24481,40
Canberra–Queanbeyan,Callocephalon fimbriatum,Gang-gang Cockatoo,Bird,Endangered,87be72d9bffffff,-35.339237,149.254396,22
Canberra–Queanbeyan,Chloebia gouldiae,Gouldian Finch,Bird,Endangered,87be72c1dffffff,-35.411868,149.061861,1
Canberra–Queanbeyan,Keyacris scurra,Key's Matchstick Grasshopper,Insect,Endangered,87be72c04ffffff,-35.466456,149.11967,1
Canberra–Queanbeyan,Keyacris scurra,Key's Matchstick Grasshopper,Insect,Endangered,87be72c80ffffff,-35.28925,149.167717,1
Canberra–Queanbeyan,Keyacris scurra,Key's Matchstick Grasshopper,Insect,Endangered,87be72ca5ffffff,-35.371059,149.187046,1
Canberra–Queanbeyan,Rostratula australis,Australian Painted Snipe,Bird,Endangered,87be72c85ffffff,-35.311971,149.158114,66
Canberra–Queanbeyan,Rostratula australis,Australian Painted Snipe,Bird,Endangered,87be72cabffffff,-35.321026,149.100386,1
Canberra–Queanbeyan,Tringa nebularia,"Common Greenshank, Greenshank",Bird,Endangered,87be72c85ffffff,-35.311971,149.158114,5
Darwin,Charadrius mongolus,"Lesser Sand Plover, Mongolian Plover",Bird,Endangered,879450a48ffffff,-12.378562,130.836616,450
Darwin,Charadrius mongolus,"Lesser Sand Plover, Mongolian Plover",Bird,Endangered,879450a49ffffff,-12.375617,130.859528,38
Darwin,Charadrius mongolus,"Lesser Sand Plover, Mongolian Plover",Bird,Endangered,879450a4affffff,-12.398836,130.828618,84
Darwin,Charadrius mongolus,"Lesser Sand Plover, Mongolian Plover",Bird,Endangered,879450a59ffffff,-12.419105,130.82062,163
Darwin,Charadrius mongolus,"Lesser Sand Plover, Mongolian Plover",Bird,Endangered,879450a5dffffff,-12.401776,130.80571,350
Darwin,Charadrius mongolus,"Lesser Sand Plover, Mongolian Plover",Bird,Endangered,879451d1affffff,-12.421708,130.950103,1
Darwin,Charadrius mongolus,"Lesser Sand Plover, Mongolian Plover",Bird,Endangered,879451d31ffffff,-12.332095,130.898447,382
Darwin,Charadrius mongolus,"Lesser Sand Plover, Mongolian Plover",Bird,Endangered,879451d32ffffff,-12.355334,130.867528,54
Darwin,Charadrius mongolus,"Lesser Sand Plover, Mongolian Plover",Bird,Endangered,879451d33ffffff,-12.352385,130.890444,3
Darwin,Charadrius mongolus,"Lesser Sand Plover, Mongolian Plover",Bird,Endangered,879451d81ffffff,-12.485453,130.903175,6
Darwin,Charadrius mongolus,"Lesser Sand Plover, Mongolian Plover",Bird,Endangered,879451d88ffffff,-12.499825,130.941003,4
Darwin,Charadrius mongolus,"Lesser Sand Plover, Mongolian Plover",Bird,Endangered,879451da4ffffff,-12.416165,130.843529,4
Darwin,Charadrius mongolus,"Lesser Sand Plover, Mongolian Plover",Bird,Endangered,879451da6ffffff,-12.436431,130.83553,6
Darwin,Charadrius mongolus,"Lesser Sand Plover, Mongolian Plover",Bird,Endangered,879451da8ffffff,-12.444928,130.91918,1
Darwin,Charadrius mongolus,"Lesser Sand Plover, Mongolian Plover",Bird,Endangered,879451dadffffff,-12.424657,130.927184,5
Darwin,Chloebia gouldiae,Gouldian Finch,Bird,Endangered,879450a48ffffff,-12.378562,130.836616,1
Darwin,Chloebia gouldiae,Gouldian Finch,Bird,Endangered,879450a49ffffff,-12.375617,130.859528,17
Darwin,Chloebia gouldiae,Gouldian Finch,Bird,Endangered,879450a5dffffff,-12.401776,130.80571,1
Darwin,Chloebia gouldiae,Gouldian Finch,Bird,Endangered,879451c30ffffff,-12.456352,130.979934,1
Darwin,Chloebia gouldiae,Gouldian Finch,Bird,Endangered,879451c35ffffff,-12.43608,130.987942,1
Darwin,Chloebia gouldiae,Gouldian Finch,Bird,Endangered,879451d06ffffff,-12.349433,130.913362,2
Darwin,Chloebia gouldiae,Gouldian Finch,Bird,Endangered,879451d13ffffff,-12.407331,130.91227,1
Darwin,Chloebia gouldiae,Gouldian Finch,Bird,Endangered,879451d31ffffff,-12.332095,130.898447,17
Darwin,Chloebia gouldiae,Gouldian Finch,Bird,Endangered,879451d32ffffff,-12.355334,130.867528,90
Darwin,Chloebia gouldiae,Gouldian Finch,Bird,Endangered,879451d33ffffff,-12.352385,130.890444,438
Darwin,Chloebia gouldiae,Gouldian Finch,Bird,Endangered,879451d88ffffff,-12.499825,130.941003,3
Darwin,Chloebia gouldiae,Gouldian Finch,Bird,Endangered,879451da1ffffff,-12.430549,130.881352,1
Darwin,Chloebia gouldiae,Gouldian Finch,Bird,Endangered,879451da5ffffff,-12.413223,130.86644,2
Darwin,Chloebia gouldiae,Gouldian Finch,Bird,Endangered,879451db1ffffff,-12.474013,130.842443,6
Darwin,Dasyurus hallucatus,"Northern Quoll, Digul [Gogo-Yimidir], Wijingadda [Dambimangari], Wiminji [Martu]",Mammal,Endangered,879450a49ffffff,-12.375617,130.859528,2
Darwin,Dasyurus hallucatus,"Northern Quoll, Digul [Gogo-Yimidir], Wijingadda [Dambimangari], Wiminji [Martu]",Mammal,Endangered,879451d16ffffff,-12.392949,130.87444,1
Darwin,Dasyurus viverrinus,"Eastern Quoll, Luaner",Mammal,Endangered,879451d10ffffff,-12.390002,130.897356,1
Darwin,Erythrotriorchis radiatus,Red Goshawk,Bird,Endangered,879451da4ffffff,-12.416165,130.843529,1
Darwin,Fregata andrewsi,"Christmas Island Frigatebird, Andrew's Frigatebird",Bird,Endangered,879450a49ffffff,-12.375617,130.859528,1
Darwin,Lepidochelys olivacea,"Olive Ridley Turtle, Pacific Ridley Turtle",Reptile,Endangered,879451d32ffffff,-12.355334,130.867528,1
Darwin,Lepidochelys olivacea,"Olive Ridley Turtle, Pacific Ridley Turtle",Reptile,Endangered,879451d33ffffff,-12.352385,130.890444,2
Darwin,Limosa limosa,Black-tailed Godwit,Bird,Endangered,879450a48ffffff,-12.378562,130.836616,28
Darwin,Limosa limosa,Black-tailed Godwit,Bird,Endangered,879450a49ffffff,-12.375617,130.859528,1
Darwin,Limosa limosa,Black-tailed Godwit,Bird,Endangered,879450a4affffff,-12.398836,130.828618,7
Darwin,Limosa limosa,Black-tailed Godwit,Bird,Endangered,879450a59ffffff,-12.419105,130.82062,15
Darwin,Limosa limosa,Black-tailed Godwit,Bird,Endangered,879450a5dffffff,-12.401776,130.80571,26
Darwin,Limosa limosa,Black-tailed Godwit,Bird,Endangered,879451d15ffffff,-12.36972,130.905358,1
Darwin,Limosa limosa,Black-tailed Godwit,Bird,Endangered,879451d1affffff,-12.421708,130.950103,23
Darwin,Limosa limosa,Black-tailed Godwit,Bird,Endangered,879451d30ffffff,-12.335047,130.875529,1
Darwin,Limosa limosa,Black-tailed Godwit,Bird,Endangered,879451d31ffffff,-12.332095,130.898447,167
Darwin,Limosa limosa,Black-tailed Godwit,Bird,Endangered,879451d32ffffff,-12.355334,130.867528,2
Darwin,Limosa limosa,Black-tailed Godwit,Bird,Endangered,879451d33ffffff,-12.352385,130.890444,2
Darwin,Limosa limosa,Black-tailed Godwit,Bird,Endangered,879451d88ffffff,-12.499825,130.941003,1
Darwin,Limosa limosa,Black-tailed Godwit,Bird,Endangered,879451da4ffffff,-12.416165,130.843529,27
Darwin,Limosa limosa,Black-tailed Godwit,Bird,Endangered,879451da6ffffff,-12.436431,130.83553,1
Darwin,Limosa limosa,Black-tailed Godwit,Bird,Endangered,879451da9ffffff,-12.441981,130.942098,1
Darwin,Limosa limosa,Black-tailed Godwit,Bird,Endangered,879451dadffffff,-12.424657,130.927184,81
Darwin,Papasula abbotti,Abbott's Booby,Bird,Endangered,879451d13ffffff,-12.407331,130.91227,1
Darwin,Sarcophilus harrisii,Tasmanian Devil,Mammal,Endangered,879451d10ffffff,-12.390002,130.897356,1
Darwin,Tringa nebularia,"Common Greenshank, Greenshank",Bird,Endangered,879450a48ffffff,-12.378562,130.836616,152
Darwin,Tringa nebularia,"Common Greenshank, Greenshank",Bird,Endangered,879450a49ffffff,-12.375617,130.859528,21
Darwin,Tringa nebularia,"Common Greenshank, Greenshank",Bird,Endangered,879450a4affffff,-12.398836,130.828618,93
Darwin,Tringa nebularia,"Common Greenshank, Greenshank",Bird,Endangered,879450a4bffffff,-12.395894,130.851528,5
Darwin,Tringa nebularia,"Common Greenshank, Greenshank",Bird,Endangered,879450a59ffffff,-12.419105,130.82062,116
Darwin,Tringa nebularia,"Common Greenshank, Greenshank",Bird,Endangered,879450a5dffffff,-12.401776,130.80571,29
Darwin,Tringa nebularia,"Common Greenshank, Greenshank",Bird,Endangered,879451c32ffffff,-12.476619,130.971928,4
Darwin,Tringa nebularia,"Common Greenshank, Greenshank",Bird,Endangered,879451d12ffffff,-12.410278,130.889353,1
Darwin,Tringa nebularia,"Common Greenshank, Greenshank",Bird,Endangered,879451d15ffffff,-12.36972,130.905358,1
Darwin,Tringa nebularia,"Common Greenshank, Greenshank",Bird,Endangered,879451d16ffffff,-12.392949,130.87444,2
Darwin,Tringa nebularia,"Common Greenshank, Greenshank",Bird,Endangered,879451d1affffff,-12.421708,130.950103,80
Darwin,Tringa nebularia,"Common Greenshank, Greenshank",Bird,Endangered,879451d31ffffff,-12.332095,130.898447,110
Darwin,Tringa nebularia,"Common Greenshank, Greenshank",Bird,Endangered,879451d32ffffff,-12.355334,130.867528,3
Darwin,Tringa nebularia,"Common Greenshank, Greenshank",Bird,Endangered,879451d33ffffff,-12.352385,130.890444,22
Darwin,Tringa nebularia,"Common Greenshank, Greenshank",Bird,Endangered,879451d81ffffff,-12.485453,130.903175,22
Darwin,Tringa nebularia,"Common Greenshank, Greenshank",Bird,Endangered,879451d85ffffff,-12.468135,130.888263,2
Darwin,Tringa nebularia,"Common Greenshank, Greenshank",Bird,Endangered,879451d88ffffff,-12.499825,130.941003,21
Darwin,Tringa nebularia,"Common Greenshank, Greenshank",Bird,Endangered,879451d89ffffff,-12.496881,130.963922,1
Darwin,Tringa nebularia,"Common Greenshank, Greenshank",Bird,Endangered,879451d8bffffff,-12.517137,130.955917,1
Darwin,Tringa nebularia,"Common Greenshank, Greenshank",Bird,Endangered,879451da0ffffff,-12.433491,130.85844,1
Darwin,Tringa nebularia,"Common Greenshank, Greenshank",Bird,Endangered,879451da2ffffff,-12.453755,130.850441,4
Darwin,Tringa nebularia,"Common Greenshank, Greenshank",Bird,Endangered,879451da3ffffff,-12.450815,130.873352,1
Darwin,Tringa nebularia,"Common Greenshank, Greenshank",Bird,Endangered,879451da4ffffff,-12.416165,130.843529,110
Darwin,Tringa nebularia,"Common Greenshank, Greenshank",Bird,Endangered,879451da5ffffff,-12.413223,130.86644,2
Darwin,Tringa nebularia,"Common Greenshank, Greenshank",Bird,Endangered,879451da6ffffff,-12.436431,130.83553,19
Darwin,Tringa nebularia,"Common Greenshank, Greenshank",Bird,Endangered,879451da9ffffff,-12.441981,130.942098,26
Darwin,Tringa nebularia,"Common Greenshank, Greenshank",Bird,Endangered,879451daaffffff,-12.465193,130.911177,1
Darwin,Tringa nebularia,"Common Greenshank, Greenshank",Bird,Endangered,879451dabffffff,-12.462248,130.934094,1
Darwin,Tringa nebularia,"Common Greenshank, Greenshank",Bird,Endangered,879451dadffffff,-12.424657,130.927184,65
Darwin,Tringa nebularia,"Common Greenshank, Greenshank",Bird,Endangered,879451daeffffff,-12.447872,130.896265,1
Darwin,Tringa nebularia,"Common Greenshank, Greenshank",Bird,Endangered,879451db5ffffff,-12.456692,130.827533,16
Darwin,Varanus mertensi,Mertens' Water Monitor,Reptile,Endangered,879451c02ffffff,-12.488034,131.032692,3
Darwin,Varanus mertensi,Mertens' Water Monitor,Reptile,Endangered,879451c05ffffff,-12.447491,131.048714,2
Darwin,Varanus mertensi,Mertens' Water Monitor,Reptile,Endangered,879451c14ffffff,-12.493934,130.986843,3
Darwin,Varanus mertensi,Mertens' Water Monitor,Reptile,Endangered,879451c15ffffff,-12.490985,131.009766,1
Darwin,Varanus mertensi,Mertens' Water Monitor,Reptile,Endangered,879451c22ffffff,-12.433126,131.010868,4
Darwin,Varanus mertensi,Mertens' Water Monitor,Reptile,Endangered,879451c31ffffff,-12.453401,131.002859,2
Hobart,Botaurus poiciloptilus,Australasian Bittern,Bird,Endangered,87bf4c265ffffff,-42.697005,147.201141,1
Hobart,Botaurus poiciloptilus,Australasian Bittern,Bird,Endangered,87bf4c34dffffff,-42.755509,147.231251,1
Hobart,Dasyurus viverrinus,"Eastern Quoll, Luaner",Mammal,Endangered,87bf4ca5bffffff,-42.949141,147.342585,1
Hobart,Dasyurus viverrinus,"Eastern Quoll, Luaner",Mammal,Endangered,87bf4dd86ffffff,-42.8944,147.280522,1
Hobart,Dasyurus viverrinus,"Eastern Quoll, Luaner",Mammal,Endangered,87bf4dd95ffffff,-42.872456,147.291624,1
Hobart,Pardalotus quadragintus,Forty-spotted Pardalote,Bird,Endangered,87bf4ddb1ffffff,-42.912652,147.301198,1
Hobart,Pardalotus quadragintus,Forty-spotted Pardalote,Bird,Endangered,87bf4ddb4ffffff,-42.927197,147.353678,1
Hobart,Sarcophilus harrisii,Tasmanian Devil,Mammal,Endangered,87bf4ca59ffffff,-42.971082,147.331485,3
Hobart,Sarcophilus harrisii,Tasmanian Devil,Mammal,Endangered,87bf4ca5bffffff,-42.949141,147.342585,11
Hobart,Sarcophilus harrisii,Tasmanian Devil,Mammal,Endangered,87bf4cad1ffffff,-42.828163,147.49325,1
Hobart,Sarcophilus harrisii,Tasmanian Devil,Mammal,Endangered,87bf4dd84ffffff,-42.91634,147.269414,3
Hobart,Sarcophilus harrisii,Tasmanian Devil,Mammal,Endangered,87bf4dd86ffffff,-42.8944,147.280522,1
Hobart,Sarcophilus harrisii,Tasmanian Devil,Mammal,Endangered,87bf4dda4ffffff,-42.974775,147.299675,13
Hobart,Sarcophilus harrisii,Tasmanian Devil,Mammal,Endangered,87bf4ddb3ffffff,-42.890708,147.312297,24
Hobart,Sarcophilus harrisii,Tasmanian Devil,Mammal,Endangered,87bf4ddb4ffffff,-42.927197,147.353678,1
Hobart,Tringa nebularia,"Common Greenshank, Greenshank",Bird,Endangered,87bf4cae3ffffff,-42.912297,147.480841,1
Melbourne,Arctocephalus tropicalis,Subantarctic Fur-seal,Mammal,Endangered,87be6319effffff,-37.867705,144.882693,1
Melbourne,Arctocephalus tropicalis,Subantarctic Fur-seal,Mammal,Endangered,87be63809ffffff,-38.362311,144.747711,1
Melbourne,Arctocephalus tropicalis,Subantarctic Fur-seal,Mammal,Endangered,87be63814ffffff,-38.342491,144.926582,1
Melbourne,Arctocephalus tropicalis,Subantarctic Fur-seal,Mammal,Endangered,87be63c53ffffff,-37.995598,145.043151,1
Melbourne,Botaurus poiciloptilus,Australasian Bittern,Bird,Endangered,87be62a59ffffff,-38.088795,145.501744,2
Melbourne,Botaurus poiciloptilus,Australasian Bittern,Bird,Endangered,87be6301effffff,-37.89093,144.675284,2
Melbourne,Botaurus poiciloptilus,Australasian Bittern,Bird,Endangered,87be630a0ffffff,-37.858933,144.775183,1
Melbourne,Botaurus poiciloptilus,Australasian Bittern,Bird,Endangered,87be630a1ffffff,-37.862247,144.745562,3
Melbourne,Botaurus poiciloptilus,Australasian Bittern,Bird,Endangered,87be630a4ffffff,-37.877706,144.793799,9
Melbourne,Botaurus poiciloptilus,Australasian Bittern,Bird,Endangered,87be630b4ffffff,-37.83018,144.845422,2
Melbourne,Botaurus poiciloptilus,Australasian Bittern,Bird,Endangered,87be6318bffffff,-37.899797,144.782786,2
Melbourne,Botaurus poiciloptilus,Australasian Bittern,Bird,Endangered,87be63414ffffff,-37.592014,145.102761,1
Melbourne,Botaurus poiciloptilus,Australasian Bittern,Bird,Endangered,87be63428ffffff,-37.668639,144.981347,1
Melbourne,Botaurus poiciloptilus,Australasian Bittern,Bird,Endangered,87be63800ffffff,-38.371199,144.855894,1
Melbourne,Botaurus poiciloptilus,Australasian Bittern,Bird,Endangered,87be6398affffff,-38.31373,144.997237,1
Melbourne,Botaurus poiciloptilus,Australasian Bittern,Bird,Endangered,87be63c02ffffff,-38.016046,145.229167,1
Melbourne,Botaurus poiciloptilus,Australasian Bittern,Bird,Endangered,87be63c09ffffff,-38.029684,145.110328,19
Melbourne,Botaurus poiciloptilus,Australasian Bittern,Bird,Endangered,87be63c0bffffff,-38.007557,145.121281,38
Melbourne,Botaurus poiciloptilus,Australasian Bittern,Bird,Endangered,87be63c0cffffff,-38.045013,145.158804,1
Melbourne,Botaurus poiciloptilus,Australasian Bittern,Bird,Endangered,87be63c0dffffff,-38.048415,145.129087,3
Melbourne,Botaurus poiciloptilus,Australasian Bittern,Bird,Endangered,87be63c15ffffff,-38.012616,145.258878,2
Melbourne,Botaurus poiciloptilus,Australasian Bittern,Bird,Endangered,87be63c1cffffff,-37.997327,145.210386,10
Melbourne,Botaurus poiciloptilus,Australasian Bittern,Bird,Endangered,87be63c1effffff,-37.975185,145.221309,3
Melbourne,Botaurus poiciloptilus,Australasian Bittern,Bird,Endangered,87be63c21ffffff,-38.10118,145.215164,20
Melbourne,Botaurus poiciloptilus,Australasian Bittern,Bird,Endangered,87be63c28ffffff,-38.085869,145.166634,35
Melbourne,Botaurus poiciloptilus,Australasian Bittern,Bird,Endangered,87be63c2affffff,-38.063738,145.17758,9
Melbourne,Botaurus poiciloptilus,Australasian Bittern,Bird,Endangered,87be63c2bffffff,-38.067143,145.147855,2
Melbourne,Botaurus poiciloptilus,Australasian Bittern,Bird,Endangered,87be63c33ffffff,-38.031329,145.277677,4
Melbourne,Botaurus poiciloptilus,Australasian Bittern,Bird,Endangered,87be63c8dffffff,-37.893455,145.20562,1
Melbourne,Botaurus poiciloptilus,Australasian Bittern,Bird,Endangered,87be63cadffffff,-37.953039,145.232227,1
Melbourne,Botaurus poiciloptilus,Australasian Bittern,Bird,Endangered,87be63ce4ffffff,-37.985427,145.132227,61
Melbourne,Botaurus poiciloptilus,Australasian Bittern,Bird,Endangered,87be63ce5ffffff,-37.988825,145.102534,3
Melbourne,Botaurus poiciloptilus,Australasian Bittern,Bird,Endangered,87be63cf6ffffff,-37.9156,145.194703,12
Melbourne,Botaurus poiciloptilus,Australasian Bittern,Bird,Endangered,87be63d1bffffff,-38.090895,145.304393,9
Melbourne,Botaurus poiciloptilus,Australasian Bittern,Bird,Endangered,87be63d53ffffff,-38.126722,145.174472,1
Melbourne,Botaurus poiciloptilus,Australasian Bittern,Bird,Endangered,87be63d5dffffff,-38.155633,145.104004,1
Melbourne,Callocephalon fimbriatum,Gang-gang Cockatoo,Bird,Endangered,87be62240ffffff,-37.727955,145.370708,30
Melbourne,Callocephalon fimbriatum,Gang-gang Cockatoo,Bird,Endangered,87be62241ffffff,-37.73143,145.341096,2
Melbourne,Callocephalon fimbriatum,Gang-gang Cockatoo,Bird,Endangered,87be62244ffffff,-37.746654,145.389474,1
Melbourne,Callocephalon fimbriatum,Gang-gang Cockatoo,Bird,Endangered,87be62245ffffff,-37.750133,145.359854,57
Melbourne,Callocephalon fimbriatum,Gang-gang Cockatoo,Bird,Endangered,87be62260ffffff,-37.787531,145.3974,24
Melbourne,Callocephalon fimbriatum,Gang-gang Cockatoo,Bird,Endangered,87be62261ffffff,-37.791009,145.367764,10
Melbourne,Callocephalon fimbriatum,Gang-gang Cockatoo,Bird,Endangered,87be62262ffffff,-37.765351,145.408249,1
Melbourne,Callocephalon fimbriatum,Gang-gang Cockatoo,Bird,Endangered,87be62263ffffff,-37.768833,145.378622,41
Melbourne,Callocephalon fimbriatum,Gang-gang Cockatoo,Bird,Endangered,87be62264ffffff,-37.806227,145.416187,1
Melbourne,Callocephalon fimbriatum,Gang-gang Cockatoo,Bird,Endangered,87be62265ffffff,-37.809709,145.386544,5
Melbourne,Callocephalon fimbriatum,Gang-gang Cockatoo,Bird,Endangered,87be62266ffffff,-37.784045,145.427035,5
Melbourne,Callocephalon fimbriatum,Gang-gang Cockatoo,Bird,Endangered,87be62268ffffff,-37.775774,145.319368,6
Melbourne,Callocephalon fimbriatum,Gang-gang Cockatoo,Bird,Endangered,87be62269ffffff,-37.779233,145.289742,13
Melbourne,Callocephalon fimbriatum,Gang-gang Cockatoo,Bird,Endangered,87be6226affffff,-37.753604,145.330235,5
Melbourne,Callocephalon fimbriatum,Gang-gang Cockatoo,Bird,Endangered,87be6226bffffff,-37.757067,145.300616,6
Melbourne,Callocephalon fimbriatum,Gang-gang Cockatoo,Bird,Endangered,87be6226cffffff,-37.79448,145.338129,1
Melbourne,Callocephalon fimbriatum,Gang-gang Cockatoo,Bird,Endangered,87be6226dffffff,-37.797942,145.308495,9
Melbourne,Callocephalon fimbriatum,Gang-gang Cockatoo,Bird,Endangered,87be6226effffff,-37.772308,145.348994,56
Melbourne,Callocephalon fimbriatum,Gang-gang Cockatoo,Bird,Endangered,87be62361ffffff,-37.921853,145.499435,5
Melbourne,Callocephalon fimbriatum,Gang-gang Cockatoo,Bird,Endangered,87be62368ffffff,-37.906661,145.450911,24
Melbourne,Callocephalon fimbriatum,Gang-gang Cockatoo,Bird,Endangered,87be62369ffffff,-37.910146,145.421228,5
Melbourne,Callocephalon fimbriatum,Gang-gang Cockatoo,Bird,Endangered,87be6236affffff,-37.884481,145.461764,15
Melbourne,Callocephalon fimbriatum,Gang-gang Cockatoo,Bird,Endangered,87be6236cffffff,-37.925349,145.469743,9
Melbourne,Callocephalon fimbriatum,Gang-gang Cockatoo,Bird,Endangered,87be6236dffffff,-37.928838,145.440052,7
Melbourne,Callocephalon fimbriatum,Gang-gang Cockatoo,Bird,Endangered,87be62a4bffffff,-38.11445,145.46111,1
Melbourne,Callocephalon fimbriatum,Gang-gang Cockatoo,Bird,Endangered,87be62a59ffffff,-38.088795,145.501744,2
Melbourne,Callocephalon fimbriatum,Gang-gang Cockatoo,Bird,Endangered,87be630b3ffffff,-37.792645,144.808192,1
Melbourne,Callocephalon fimbriatum,Gang-gang Cockatoo,Bird,Endangered,87be6319affffff,-37.848944,144.864053,2
Melbourne,Callocephalon fimbriatum,Gang-gang Cockatoo,Bird,Endangered,87be63400ffffff,-37.620977,145.032759,4
Melbourne,Callocephalon fimbriatum,Gang-gang Cockatoo,Bird,Endangered,87be63402ffffff,-37.598835,145.043673,1
Melbourne,Callocephalon fimbriatum,Gang-gang Cockatoo,Bird,Endangered,87be63403ffffff,-37.602233,145.01413,2
Melbourne,Callocephalon fimbriatum,Gang-gang Cockatoo,Bird,Endangered,87be63404ffffff,-37.639718,145.051397,6
Melbourne,Callocephalon fimbriatum,Gang-gang Cockatoo,Bird,Endangered,87be63405ffffff,-37.643116,145.021838,8
Melbourne,Callocephalon fimbriatum,Gang-gang Cockatoo,Bird,Endangered,87be63406ffffff,-37.617574,145.06231,7
Melbourne,Callocephalon fimbriatum,Gang-gang Cockatoo,Bird,Endangered,87be6340effffff,-37.605625,144.984588,2
Melbourne,Callocephalon fimbriatum,Gang-gang Cockatoo,Bird,Endangered,87be63414ffffff,-37.592014,145.102761,1
Melbourne,Callocephalon fimbriatum,Gang-gang Cockatoo,Bird,Endangered,87be63415ffffff,-37.595428,145.073217,1
Melbourne,Callocephalon fimbriatum,Gang-gang Cockatoo,Bird,Endangered,87be63420ffffff,-37.680599,145.059129,6
Melbourne,Callocephalon fimbriatum,Gang-gang Cockatoo,Bird,Endangered,87be63421ffffff,-37.683996,145.029555,6
Melbourne,Callocephalon fimbriatum,Gang-gang Cockatoo,Bird,Endangered,87be63422ffffff,-37.658456,145.070045,6
Melbourne,Callocephalon fimbriatum,Gang-gang Cockatoo,Bird,Endangered,87be63423ffffff,-37.661858,145.040479,1
Melbourne,Callocephalon fimbriatum,Gang-gang Cockatoo,Bird,Endangered,87be63424ffffff,-37.699336,145.077789,10
Melbourne,Callocephalon fimbriatum,Gang-gang Cockatoo,Bird,Endangered,87be63425ffffff,-37.702738,145.048207,160
Melbourne,Callocephalon fimbriatum,Gang-gang Cockatoo,Bird,Endangered,87be63426ffffff,-37.677193,145.088704,196
Melbourne,Callocephalon fimbriatum,Gang-gang Cockatoo,Bird,Endangered,87be6342affffff,-37.646507,144.992281,1
Melbourne,Callocephalon fimbriatum,Gang-gang Cockatoo,Bird,Endangered,87be6342cffffff,-37.687387,144.999981,2
Melbourne,Callocephalon fimbriatum,Gang-gang Cockatoo,Bird,Endangered,87be6342effffff,-37.665253,145.010913,7
Melbourne,Callocephalon fimbriatum,Gang-gang Cockatoo,Bird,Endangered,87be63430ffffff,-37.632898,145.110516,109
Melbourne,Callocephalon fimbriatum,Gang-gang Cockatoo,Bird,Endangered,87be63431ffffff,-37.636312,145.080956,5
Melbourne,Callocephalon fimbriatum,Gang-gang Cockatoo,Bird,Endangered,87be63432ffffff,-37.610746,145.121414,16
Melbourne,Callocephalon fimbriatum,Gang-gang Cockatoo,Bird,Endangered,87be63433ffffff,-37.614164,145.091861,38
Melbourne,Callocephalon fimbriatum,Gang-gang Cockatoo,Bird,Endangered,87be63434ffffff,-37.651629,145.129181,3
Melbourne,Callocephalon fimbriatum,Gang-gang Cockatoo,Bird,Endangered,87be63435ffffff,-37.655047,145.099613,2
Melbourne,Callocephalon fimbriatum,Gang-gang Cockatoo,Bird,Endangered,87be63436ffffff,-37.629476,145.140076,2
Melbourne,Callocephalon fimbriatum,Gang-gang Cockatoo,Bird,Endangered,87be63455ffffff,-37.619111,144.866427,1
Melbourne,Callocephalon fimbriatum,Gang-gang Cockatoo,Bird,Endangered,87be63462ffffff,-37.682107,144.863093,2
Melbourne,Callocephalon fimbriatum,Gang-gang Cockatoo,Bird,Endangered,87be63463ffffff,-37.685455,144.833532,1
Melbourne,Callocephalon fimbriatum,Gang-gang Cockatoo,Bird,Endangered,87be63465ffffff,-37.726331,144.84115,1
Melbourne,Callocephalon fimbriatum,Gang-gang Cockatoo,Bird,Endangered,87be63466ffffff,-37.700869,144.881694,1
Melbourne,Callocephalon fimbriatum,Gang-gang Cockatoo,Bird,Endangered,87be63470ffffff,-37.656632,144.903611,1
Melbourne,Callocephalon fimbriatum,Gang-gang Cockatoo,Bird,Endangered,87be63471ffffff,-37.659991,144.874056,2
Melbourne,Callocephalon fimbriatum,Gang-gang Cockatoo,Bird,Endangered,87be63473ffffff,-37.637873,144.885014,1
Melbourne,Callocephalon fimbriatum,Gang-gang Cockatoo,Bird,Endangered,87be63474ffffff,-37.675389,144.922219,1
Melbourne,Callocephalon fimbriatum,Gang-gang Cockatoo,Bird,Endangered,87be63475ffffff,-37.678752,144.892656,2
Melbourne,Callocephalon fimbriatum,Gang-gang Cockatoo,Bird,Endangered,87be63500ffffff,-37.752116,145.163438,8
Melbourne,Callocephalon fimbriatum,Gang-gang Cockatoo,Bird,Endangered,87be63501ffffff,-37.755536,145.133831,76
Melbourne,Callocephalon fimbriatum,Gang-gang Cockatoo,Bird,Endangered,87be63502ffffff,-37.729964,145.17434,47
Melbourne,Callocephalon fimbriatum,Gang-gang Cockatoo,Bird,Endangered,87be63503ffffff,-37.733388,145.14474,142
Melbourne,Callocephalon fimbriatum,Gang-gang Cockatoo,Bird,Endangered,87be63504ffffff,-37.77084,145.182147,41
Melbourne,Callocephalon fimbriatum,Gang-gang Cockatoo,Bird,Endangered,87be63505ffffff,-37.774264,145.152532,53
Melbourne,Callocephalon fimbriatum,Gang-gang Cockatoo,Bird,Endangered,87be63506ffffff,-37.748688,145.193047,39
Melbourne,Callocephalon fimbriatum,Gang-gang Cockatoo,Bird,Endangered,87be63508ffffff,-37.740214,145.085542,216
Melbourne,Callocephalon fimbriatum,Gang-gang Cockatoo,Bird,Endangered,87be63509ffffff,-37.743615,145.055943,55
Melbourne,Callocephalon fimbriatum,Gang-gang Cockatoo,Bird,Endangered,87be6350affffff,-37.718072,145.09646,75
Melbourne,Callocephalon fimbriatum,Gang-gang Cockatoo,Bird,Endangered,87be6350bffffff,-37.721477,145.066869,448
Melbourne,Callocephalon fimbriatum,Gang-gang Cockatoo,Bird,Endangered,87be6350cffffff,-37.758948,145.104224,33
Melbourne,Callocephalon fimbriatum,Gang-gang Cockatoo,Bird,Endangered,87be6350dffffff,-37.762353,145.074618,25
Melbourne,Callocephalon fimbriatum,Gang-gang Cockatoo,Bird,Endangered,87be6350effffff,-37.736805,145.11514,25
Melbourne,Callocephalon fimbriatum,Gang-gang Cockatoo,Bird,Endangered,87be63511ffffff,-37.70781,145.185235,14
Melbourne,Callocephalon fimbriatum,Gang-gang Cockatoo,Bird,Endangered,87be63513ffffff,-37.685653,145.196125,1
Melbourne,Callocephalon fimbriatum,Gang-gang Cockatoo,Bird,Endangered,87be63514ffffff,-37.723092,145.233542,18
Melbourne,Callocephalon fimbriatum,Gang-gang Cockatoo,Bird,Endangered,87be63515ffffff,-37.726532,145.20394,10
Melbourne,Callocephalon fimbriatum,Gang-gang Cockatoo,Bird,Endangered,87be63518ffffff,-37.69251,145.136956,54
Melbourne,Callocephalon fimbriatum,Gang-gang Cockatoo,Bird,Endangered,87be63519ffffff,-37.695927,145.107372,184
Melbourne,Callocephalon fimbriatum,Gang-gang Cockatoo,Bird,Endangered,87be6351affffff,-37.670358,145.147856,50
Melbourne,Callocephalon fimbriatum,Gang-gang Cockatoo,Bird,Endangered,87be6351bffffff,-37.67378,145.118279,42
Melbourne,Callocephalon fimbriatum,Gang-gang Cockatoo,Bird,Endangered,87be6351cffffff,-37.711238,145.155643,116
Melbourne,Callocephalon fimbriatum,Gang-gang Cockatoo,Bird,Endangered,87be6351dffffff,-37.714659,145.126051,159
Melbourne,Callocephalon fimbriatum,Gang-gang Cockatoo,Bird,Endangered,87be6351effffff,-37.689085,145.16654,40
Melbourne,Callocephalon fimbriatum,Gang-gang Cockatoo,Bird,Endangered,87be63520ffffff,-37.811714,145.189963,47
Melbourne,Callocephalon fimbriatum,Gang-gang Cockatoo,Bird,Endangered,87be63521ffffff,-37.815138,145.160332,34
Melbourne,Callocephalon fimbriatum,Gang-gang Cockatoo,Bird,Endangered,87be63522ffffff,-37.789563,145.200866,14
Melbourne,Callocephalon fimbriatum,Gang-gang Cockatoo,Bird,Endangered,87be63523ffffff,-37.792991,145.171242,33
Melbourne,Callocephalon fimbriatum,Gang-gang Cockatoo,Bird,Endangered,87be63524ffffff,-37.830436,145.208694,57
Melbourne,Callocephalon fimbriatum,Gang-gang Cockatoo,Bird,Endangered,87be63525ffffff,-37.833863,145.179054,47
Melbourne,Callocephalon fimbriatum,Gang-gang Cockatoo,Bird,Endangered,87be63526ffffff,-37.808283,145.219595,60
Melbourne,Callocephalon fimbriatum,Gang-gang Cockatoo,Bird,Endangered,87be63528ffffff,-37.799823,145.111996,55
Melbourne,Callocephalon fimbriatum,Gang-gang Cockatoo,Bird,Endangered,87be63529ffffff,-37.803227,145.082374,70
Melbourne,Callocephalon fimbriatum,Gang-gang Cockatoo,Bird,Endangered,87be6352affffff,-37.777681,145.122916,43
Melbourne,Callocephalon fimbriatum,Gang-gang Cockatoo,Bird,Endangered,87be6352bffffff,-37.781089,145.093302,67
Melbourne,Callocephalon fimbriatum,Gang-gang Cockatoo,Bird,Endangered,87be6352cffffff,-37.818554,145.130701,22
Melbourne,Callocephalon fimbriatum,Gang-gang Cockatoo,Bird,Endangered,87be6352dffffff,-37.821962,145.10107,31
Melbourne,Callocephalon fimbriatum,Gang-gang Cockatoo,Bird,Endangered,87be6352effffff,-37.79641,145.141619,20
Melbourne,Callocephalon fimbriatum,Gang-gang Cockatoo,Bird,Endangered,87be63530ffffff,-37.763969,145.241381,13
Melbourne,Callocephalon fimbriatum,Gang-gang Cockatoo,Bird,Endangered,87be63531ffffff,-37.767409,145.211764,2
Melbourne,Callocephalon fimbriatum,Gang-gang Cockatoo,Bird,Endangered,87be63532ffffff,-37.741808,145.252265,11
Melbourne,Callocephalon fimbriatum,Gang-gang Cockatoo,Bird,Endangered,87be63533ffffff,-37.745252,145.222655,27
Melbourne,Callocephalon fimbriatum,Gang-gang Cockatoo,Bird,Endangered,87be63534ffffff,-37.782684,145.260116,44
Melbourne,Callocephalon fimbriatum,Gang-gang Cockatoo,Bird,Endangered,87be63535ffffff,-37.786128,145.230491,4
Melbourne,Callocephalon fimbriatum,Gang-gang Cockatoo,Bird,Endangered,87be63536ffffff,-37.760522,145.270998,6
Melbourne,Callocephalon fimbriatum,Gang-gang Cockatoo,Bird,Endangered,87be63540ffffff,-37.775894,144.956199,50
Melbourne,Callocephalon fimbriatum,Gang-gang Cockatoo,Bird,Endangered,87be63541ffffff,-37.77926,144.926596,2
Melbourne,Callocephalon fimbriatum,Gang-gang Cockatoo,Bird,Endangered,87be63542ffffff,-37.753771,144.967153,2
Melbourne,Callocephalon fimbriatum,Gang-gang Cockatoo,Bird,Endangered,87be63543ffffff,-37.757141,144.937558,1
Melbourne,Callocephalon fimbriatum,Gang-gang Cockatoo,Bird,Endangered,87be63544ffffff,-37.794644,144.97485,9
Melbourne,Callocephalon fimbriatum,Gang-gang Cockatoo,Bird,Endangered,87be63545ffffff,-37.798014,144.945239,91
Melbourne,Callocephalon fimbriatum,Gang-gang Cockatoo,Bird,Endangered,87be63546ffffff,-37.77252,144.985803,4
Melbourne,Callocephalon fimbriatum,Gang-gang Cockatoo,Bird,Endangered,87be63550ffffff,-37.728264,145.00769,6
Melbourne,Callocephalon fimbriatum,Gang-gang Cockatoo,Bird,Endangered,87be63551ffffff,-37.731646,144.978101,6
Melbourne,Callocephalon fimbriatum,Gang-gang Cockatoo,Bird,Endangered,87be63552ffffff,-37.706132,145.018625,7
Melbourne,Callocephalon fimbriatum,Gang-gang Cockatoo,Bird,Endangered,87be63553ffffff,-37.709518,144.989044,4
Melbourne,Callocephalon fimbriatum,Gang-gang Cockatoo,Bird,Endangered,87be63554ffffff,-37.747008,145.026346,5
Melbourne,Callocephalon fimbriatum,Gang-gang Cockatoo,Bird,Endangered,87be63555ffffff,-37.750394,144.996749,3
Melbourne,Callocephalon fimbriatum,Gang-gang Cockatoo,Bird,Endangered,87be63556ffffff,-37.724874,145.037279,182
Melbourne,Callocephalon fimbriatum,Gang-gang Cockatoo,Bird,Endangered,87be63558ffffff,-37.716266,144.929884,17
Melbourne,Callocephalon fimbriatum,Gang-gang Cockatoo,Bird,Endangered,87be63559ffffff,-37.719629,144.900305,1
Melbourne,Callocephalon fimbriatum,Gang-gang Cockatoo,Bird,Endangered,87be6355bffffff,-37.69751,144.911265,2
Melbourne,Callocephalon fimbriatum,Gang-gang Cockatoo,Bird,Endangered,87be6355dffffff,-37.738386,144.918926,2
Melbourne,Callocephalon fimbriatum,Gang-gang Cockatoo,Bird,Endangered,87be6355effffff,-37.712896,144.959464,2
Melbourne,Callocephalon fimbriatum,Gang-gang Cockatoo,Bird,Endangered,87be63560ffffff,-37.835515,144.982556,7
Melbourne,Callocephalon fimbriatum,Gang-gang Cockatoo,Bird,Endangered,87be63561ffffff,-37.838884,144.952929,1
Melbourne,Callocephalon fimbriatum,Gang-gang Cockatoo,Bird,Endangered,87be63562ffffff,-37.813393,144.993512,4
Melbourne,Callocephalon fimbriatum,Gang-gang Cockatoo,Bird,Endangered,87be63563ffffff,-37.816766,144.963893,2
Melbourne,Callocephalon fimbriatum,Gang-gang Cockatoo,Bird,Endangered,87be63564ffffff,-37.854262,145.001229,8
Melbourne,Callocephalon fimbriatum,Gang-gang Cockatoo,Bird,Endangered,87be63565ffffff,-37.857635,144.971594,1
Melbourne,Callocephalon fimbriatum,Gang-gang Cockatoo,Bird,Endangered,87be63566ffffff,-37.832138,145.012184,37
Melbourne,Callocephalon fimbriatum,Gang-gang Cockatoo,Bird,Endangered,87be6356bffffff,-37.804729,144.886019,1
Melbourne,Callocephalon fimbriatum,Gang-gang Cockatoo,Bird,Endangered,87be63570ffffff,-37.787882,145.034075,85
Melbourne,Callocephalon fimbriatum,Gang-gang Cockatoo,Bird,Endangered,87be63571ffffff,-37.791267,145.004462,55
Melbourne,Callocephalon fimbriatum,Gang-gang Cockatoo,Bird,Endangered,87be63572ffffff,-37.76575,145.045012,26
Melbourne,Callocephalon fimbriatum,Gang-gang Cockatoo,Bird,Endangered,87be63573ffffff,-37.769139,145.015407,50
Melbourne,Callocephalon fimbriatum,Gang-gang Cockatoo,Bird,Endangered,87be63574ffffff,-37.806623,145.052753,13
Melbourne,Callocephalon fimbriatum,Gang-gang Cockatoo,Bird,Endangered,87be63575ffffff,-37.810012,145.023132,12
Melbourne,Callocephalon fimbriatum,Gang-gang Cockatoo,Bird,Endangered,87be63576ffffff,-37.78449,145.063688,18
Melbourne,Callocephalon fimbriatum,Gang-gang Cockatoo,Bird,Endangered,87be63589ffffff,-37.588592,145.132306,21
Melbourne,Callocephalon fimbriatum,Gang-gang Cockatoo,Bird,Endangered,87be6358bffffff,-37.566434,145.143192,1
Melbourne,Callocephalon fimbriatum,Gang-gang Cockatoo,Bird,Endangered,87be635a8ffffff,-37.644771,145.188319,38
Melbourne,Callocephalon fimbriatum,Gang-gang Cockatoo,Bird,Endangered,87be635adffffff,-37.666929,145.177432,40
Melbourne,Callocephalon fimbriatum,Gang-gang Cockatoo,Bird,Endangered,87be63c01ffffff,-38.041604,145.188521,1
Melbourne,Callocephalon fimbriatum,Gang-gang Cockatoo,Bird,Endangered,87be63c04ffffff,-38.056904,145.237032,1
Melbourne,Callocephalon fimbriatum,Gang-gang Cockatoo,Bird,Endangered,87be63c0affffff,-38.004155,145.150982,1
Melbourne,Callocephalon fimbriatum,Gang-gang Cockatoo,Bird,Endangered,87be63c0bffffff,-38.007557,145.121281,4
Melbourne,Callocephalon fimbriatum,Gang-gang Cockatoo,Bird,Endangered,87be63c10ffffff,-37.990468,145.269792,2
Melbourne,Callocephalon fimbriatum,Gang-gang Cockatoo,Bird,Endangered,87be63c11ffffff,-37.993902,145.240089,4
Melbourne,Callocephalon fimbriatum,Gang-gang Cockatoo,Bird,Endangered,87be63c12ffffff,-37.968318,145.2807,4
Melbourne,Callocephalon fimbriatum,Gang-gang Cockatoo,Bird,Endangered,87be63c13ffffff,-37.971755,145.251005,3
Melbourne,Callocephalon fimbriatum,Gang-gang Cockatoo,Bird,Endangered,87be63c14ffffff,-38.009179,145.288589,1
Melbourne,Callocephalon fimbriatum,Gang-gang Cockatoo,Bird,Endangered,87be63c15ffffff,-38.012616,145.258878,1
Melbourne,Callocephalon fimbriatum,Gang-gang Cockatoo,Bird,Endangered,87be63c16ffffff,-37.987027,145.299496,3
Melbourne,Callocephalon fimbriatum,Gang-gang Cockatoo,Bird,Endangered,87be63c18ffffff,-37.978606,145.191615,8
Melbourne,Callocephalon fimbriatum,Gang-gang Cockatoo,Bird,Endangered,87be63c19ffffff,-37.98202,145.161921,9
Melbourne,Callocephalon fimbriatum,Gang-gang Cockatoo,Bird,Endangered,87be63c1affffff,-37.956465,145.20254,8
Melbourne,Callocephalon fimbriatum,Gang-gang Cockatoo,Bird,Endangered,87be63c1bffffff,-37.959883,145.172854,28
Melbourne,Callocephalon fimbriatum,Gang-gang Cockatoo,Bird,Endangered,87be63c1dffffff,-38.000745,145.180683,5
Melbourne,Callocephalon fimbriatum,Gang-gang Cockatoo,Bird,Endangered,87be63c1effffff,-37.975185,145.221309,5
Melbourne,Callocephalon fimbriatum,Gang-gang Cockatoo,Bird,Endangered,87be63c25ffffff,-38.119897,145.233971,3
Melbourne,Callocephalon fimbriatum,Gang-gang Cockatoo,Bird,Endangered,87be63c26ffffff,-38.094331,145.274649,1
Melbourne,Callocephalon fimbriatum,Gang-gang Cockatoo,Bird,Endangered,87be63c28ffffff,-38.085869,145.166634,1
Melbourne,Callocephalon fimbriatum,Gang-gang Cockatoo,Bird,Endangered,87be63c2bffffff,-38.067143,145.147855,3
Melbourne,Callocephalon fimbriatum,Gang-gang Cockatoo,Bird,Endangered,87be63c32ffffff,-38.027888,145.307397,1
Melbourne,Callocephalon fimbriatum,Gang-gang Cockatoo,Bird,Endangered,87be63c33ffffff,-38.031329,145.277677,1
Melbourne,Callocephalon fimbriatum,Gang-gang Cockatoo,Bird,Endangered,87be63c36ffffff,-38.046594,145.326215,1
Melbourne,Callocephalon fimbriatum,Gang-gang Cockatoo,Bird,Endangered,87be63c52ffffff,-37.992215,145.072842,1
Melbourne,Callocephalon fimbriatum,Gang-gang Cockatoo,Bird,Endangered,87be63c53ffffff,-37.995598,145.043151,6
Melbourne,Callocephalon fimbriatum,Gang-gang Cockatoo,Bird,Endangered,87be63c80ffffff,-37.88314,145.294612,4
Melbourne,Callocephalon fimbriatum,Gang-gang Cockatoo,Bird,Endangered,87be63c81ffffff,-37.886586,145.264948,5
Melbourne,Callocephalon fimbriatum,Gang-gang Cockatoo,Bird,Endangered,87be63c82ffffff,-37.860979,145.3055,9
Melbourne,Callocephalon fimbriatum,Gang-gang Cockatoo,Bird,Endangered,87be63c83ffffff,-37.864429,145.275843,6
Melbourne,Callocephalon fimbriatum,Gang-gang Cockatoo,Bird,Endangered,87be63c84ffffff,-37.901848,145.313392,13
Melbourne,Callocephalon fimbriatum,Gang-gang Cockatoo,Bird,Endangered,87be63c86ffffff,-37.879686,145.324278,19
Melbourne,Callocephalon fimbriatum,Gang-gang Cockatoo,Bird,Endangered,87be63c88ffffff,-37.871306,145.21653,3
Melbourne,Callocephalon fimbriatum,Gang-gang Cockatoo,Bird,Endangered,87be63c89ffffff,-37.874733,145.186875,70
Melbourne,Callocephalon fimbriatum,Gang-gang Cockatoo,Bird,Endangered,87be63c8affffff,-37.849155,145.227435,34
Melbourne,Callocephalon fimbriatum,Gang-gang Cockatoo,Bird,Endangered,87be63c8bffffff,-37.852586,145.197787,38
Melbourne,Callocephalon fimbriatum,Gang-gang Cockatoo,Bird,Endangered,87be63c8cffffff,-37.890024,145.235283,2
Melbourne,Callocephalon fimbriatum,Gang-gang Cockatoo,Bird,Endangered,87be63c8dffffff,-37.893455,145.20562,105
Melbourne,Callocephalon fimbriatum,Gang-gang Cockatoo,Bird,Endangered,87be63c8effffff,-37.867872,145.246186,8
Melbourne,Callocephalon fimbriatum,Gang-gang Cockatoo,Bird,Endangered,87be63c90ffffff,-37.835353,145.346032,1
Melbourne,Callocephalon fimbriatum,Gang-gang Cockatoo,Bird,Endangered,87be63c91ffffff,-37.838815,145.316382,14
Melbourne,Callocephalon fimbriatum,Gang-gang Cockatoo,Bird,Endangered,87be63c92ffffff,-37.813183,145.356901,6
Melbourne,Callocephalon fimbriatum,Gang-gang Cockatoo,Bird,Endangered,87be63c93ffffff,-37.816649,145.327259,3
Melbourne,Callocephalon fimbriatum,Gang-gang Cockatoo,Bird,Endangered,87be63c94ffffff,-37.854055,145.364816,12
Melbourne,Callocephalon fimbriatum,Gang-gang Cockatoo,Bird,Endangered,87be63c95ffffff,-37.857521,145.335158,10
Melbourne,Callocephalon fimbriatum,Gang-gang Cockatoo,Bird,Endangered,87be63c96ffffff,-37.831883,145.375683,6
Melbourne,Callocephalon fimbriatum,Gang-gang Cockatoo,Bird,Endangered,87be63c98ffffff,-37.823558,145.267975,5
Melbourne,Callocephalon fimbriatum,Gang-gang Cockatoo,Bird,Endangered,87be63c99ffffff,-37.827001,145.238334,80
Melbourne,Callocephalon fimbriatum,Gang-gang Cockatoo,Bird,Endangered,87be63c9affffff,-37.801397,145.278861,24
Melbourne,Callocephalon fimbriatum,Gang-gang Cockatoo,Bird,Endangered,87be63c9bffffff,-37.804844,145.249228,14
Melbourne,Callocephalon fimbriatum,Gang-gang Cockatoo,Bird,Endangered,87be63c9cffffff,-37.84227,145.286733,3
Melbourne,Callocephalon fimbriatum,Gang-gang Cockatoo,Bird,Endangered,87be63c9dffffff,-37.845716,145.257084,10
Melbourne,Callocephalon fimbriatum,Gang-gang Cockatoo,Bird,Endangered,87be63c9effffff,-37.820107,145.297617,8
Melbourne,Callocephalon fimbriatum,Gang-gang Cockatoo,Bird,Endangered,87be63ca2ffffff,-37.920554,145.332182,1
Melbourne,Callocephalon fimbriatum,Gang-gang Cockatoo,Bird,Endangered,87be63ca3ffffff,-37.924007,145.3025,1
Melbourne,Callocephalon fimbriatum,Gang-gang Cockatoo,Bird,Endangered,87be63ca4ffffff,-37.961419,145.340094,2
Melbourne,Callocephalon fimbriatum,Gang-gang Cockatoo,Bird,Endangered,87be63ca6ffffff,-37.939257,145.350981,7
Melbourne,Callocephalon fimbriatum,Gang-gang Cockatoo,Bird,Endangered,87be63ca9ffffff,-37.934321,145.21346,6
Melbourne,Callocephalon fimbriatum,Gang-gang Cockatoo,Bird,Endangered,87be63caaffffff,-37.90874,145.254047,3
Melbourne,Callocephalon fimbriatum,Gang-gang Cockatoo,Bird,Endangered,87be63cabffffff,-37.912174,145.224375,7
Melbourne,Callocephalon fimbriatum,Gang-gang Cockatoo,Bird,Endangered,87be63cacffffff,-37.949606,145.261915,5
Melbourne,Callocephalon fimbriatum,Gang-gang Cockatoo,Bird,Endangered,87be63cadffffff,-37.953039,145.232227,7
Melbourne,Callocephalon fimbriatum,Gang-gang Cockatoo,Bird,Endangered,87be63caeffffff,-37.927453,145.27282,6
Melbourne,Callocephalon fimbriatum,Gang-gang Cockatoo,Bird,Endangered,87be63cb0ffffff,-37.894925,145.372739,9
Melbourne,Callocephalon fimbriatum,Gang-gang Cockatoo,Bird,Endangered,87be63cb1ffffff,-37.89839,145.343065,4
Melbourne,Callocephalon fimbriatum,Gang-gang Cockatoo,Bird,Endangered,87be63cb2ffffff,-37.872754,145.38361,10
Melbourne,Callocephalon fimbriatum,Gang-gang Cockatoo,Bird,Endangered,87be63cb3ffffff,-37.876224,145.353943,19
Melbourne,Callocephalon fimbriatum,Gang-gang Cockatoo,Bird,Endangered,87be63cb4ffffff,-37.913623,145.391545,5
Melbourne,Callocephalon fimbriatum,Gang-gang Cockatoo,Bird,Endangered,87be63cb5ffffff,-37.917092,145.361863,1
Melbourne,Callocephalon fimbriatum,Gang-gang Cockatoo,Bird,Endangered,87be63cb6ffffff,-37.891451,145.402414,14
Melbourne,Callocephalon fimbriatum,Gang-gang Cockatoo,Bird,Endangered,87be63cc0ffffff,-37.907098,145.086971,27
Melbourne,Callocephalon fimbriatum,Gang-gang Cockatoo,Bird,Endangered,87be63cc1ffffff,-37.91049,145.057311,14
Melbourne,Callocephalon fimbriatum,Gang-gang Cockatoo,Bird,Endangered,87be63cc2ffffff,-37.884966,145.097912,10
Melbourne,Callocephalon fimbriatum,Gang-gang Cockatoo,Bird,Endangered,87be63cc3ffffff,-37.888362,145.068259,8
Melbourne,Callocephalon fimbriatum,Gang-gang Cockatoo,Bird,Endangered,87be63cc4ffffff,-37.925832,145.105693,12
Melbourne,Callocephalon fimbriatum,Gang-gang Cockatoo,Bird,Endangered,87be63cc5ffffff,-37.929228,145.076024,11
Melbourne,Callocephalon fimbriatum,Gang-gang Cockatoo,Bird,Endangered,87be63cc6ffffff,-37.903699,145.116632,32
Melbourne,Callocephalon fimbriatum,Gang-gang Cockatoo,Bird,Endangered,87be63cc8ffffff,-37.895129,145.008955,15
Melbourne,Callocephalon fimbriatum,Gang-gang Cockatoo,Bird,Endangered,87be63cc9ffffff,-37.898501,144.979304,2
Melbourne,Callocephalon fimbriatum,Gang-gang Cockatoo,Bird,Endangered,87be63ccaffffff,-37.873007,145.019913,15
Melbourne,Callocephalon fimbriatum,Gang-gang Cockatoo,Bird,Endangered,87be63ccbffffff,-37.876383,144.99027,84
Melbourne,Callocephalon fimbriatum,Gang-gang Cockatoo,Bird,Endangered,87be63cccffffff,-37.913873,145.027651,10
Melbourne,Callocephalon fimbriatum,Gang-gang Cockatoo,Bird,Endangered,87be63ccdffffff,-37.917249,144.997991,7
Melbourne,Callocephalon fimbriatum,Gang-gang Cockatoo,Bird,Endangered,87be63cceffffff,-37.89175,145.038607,13
Melbourne,Callocephalon fimbriatum,Gang-gang Cockatoo,Bird,Endangered,87be63cd0ffffff,-37.859424,145.138493,93
Melbourne,Callocephalon fimbriatum,Gang-gang Cockatoo,Bird,Endangered,87be63cd1ffffff,-37.862832,145.108847,32
Melbourne,Callocephalon fimbriatum,Gang-gang Cockatoo,Bird,Endangered,87be63cd2ffffff,-37.837283,145.149415,606
Melbourne,Callocephalon fimbriatum,Gang-gang Cockatoo,Bird,Endangered,87be63cd3ffffff,-37.840694,145.119777,134
Melbourne,Callocephalon fimbriatum,Gang-gang Cockatoo,Bird,Endangered,87be63cd4ffffff,-37.878152,145.15722,78
Melbourne,Callocephalon fimbriatum,Gang-gang Cockatoo,Bird,Endangered,87be63cd5ffffff,-37.881563,145.127566,41
Melbourne,Callocephalon fimbriatum,Gang-gang Cockatoo,Bird,Endangered,87be63cd6ffffff,-37.856009,145.16814,45
Melbourne,Callocephalon fimbriatum,Gang-gang Cockatoo,Bird,Endangered,87be63cd8ffffff,-37.847494,145.060502,36
Melbourne,Callocephalon fimbriatum,Gang-gang Cockatoo,Bird,Endangered,87be63cd9ffffff,-37.850882,145.030865,16
Melbourne,Callocephalon fimbriatum,Gang-gang Cockatoo,Bird,Endangered,87be63cdaffffff,-37.825362,145.071441,46
Melbourne,Callocephalon fimbriatum,Gang-gang Cockatoo,Bird,Endangered,87be63cdbffffff,-37.828754,145.041812,16
Melbourne,Callocephalon fimbriatum,Gang-gang Cockatoo,Bird,Endangered,87be63cdcffffff,-37.866231,145.079202,57
Melbourne,Callocephalon fimbriatum,Gang-gang Cockatoo,Bird,Endangered,87be63cddffffff,-37.869623,145.049557,17
Melbourne,Callocephalon fimbriatum,Gang-gang Cockatoo,Bird,Endangered,87be63cdeffffff,-37.844098,145.090139,198
Melbourne,Callocephalon fimbriatum,Gang-gang Cockatoo,Bird,Endangered,87be63ce0ffffff,-37.966696,145.113483,8
Melbourne,Callocephalon fimbriatum,Gang-gang Cockatoo,Bird,Endangered,87be63ce1ffffff,-37.97009,145.083798,14
Melbourne,Callocephalon fimbriatum,Gang-gang Cockatoo,Bird,Endangered,87be63ce2ffffff,-37.944564,145.124426,12
Melbourne,Callocephalon fimbriatum,Gang-gang Cockatoo,Bird,Endangered,87be63ce3ffffff,-37.947963,145.094749,20
Melbourne,Callocephalon fimbriatum,Gang-gang Cockatoo,Bird,Endangered,87be63ce4ffffff,-37.985427,145.132227,11
Melbourne,Callocephalon fimbriatum,Gang-gang Cockatoo,Bird,Endangered,87be63ce5ffffff,-37.988825,145.102534,7
Melbourne,Callocephalon fimbriatum,Gang-gang Cockatoo,Bird,Endangered,87be63ce6ffffff,-37.963294,145.143168,6
Melbourne,Callocephalon fimbriatum,Gang-gang Cockatoo,Bird,Endangered,87be63ce8ffffff,-37.954737,145.035397,9
Melbourne,Callocephalon fimbriatum,Gang-gang Cockatoo,Bird,Endangered,87be63ce9ffffff,-37.958112,145.005721,5
Melbourne,Callocephalon fimbriatum,Gang-gang Cockatoo,Bird,Endangered,87be63ceaffffff,-37.932615,145.046356,5
Melbourne,Callocephalon fimbriatum,Gang-gang Cockatoo,Bird,Endangered,87be63cebffffff,-37.935994,145.016689,10
Melbourne,Callocephalon fimbriatum,Gang-gang Cockatoo,Bird,Endangered,87be63cecffffff,-37.973477,145.054114,11
Melbourne,Callocephalon fimbriatum,Gang-gang Cockatoo,Bird,Endangered,87be63cedffffff,-37.976856,145.024431,6
Melbourne,Callocephalon fimbriatum,Gang-gang Cockatoo,Bird,Endangered,87be63ceeffffff,-37.951354,145.065072,16
Melbourne,Callocephalon fimbriatum,Gang-gang Cockatoo,Bird,Endangered,87be63cf0ffffff,-37.919019,145.165033,12
Melbourne,Callocephalon fimbriatum,Gang-gang Cockatoo,Bird,Endangered,87be63cf1ffffff,-37.92243,145.135363,4
Melbourne,Callocephalon fimbriatum,Gang-gang Cockatoo,Bird,Endangered,87be63cf2ffffff,-37.896877,145.175957,76
Melbourne,Callocephalon fimbriatum,Gang-gang Cockatoo,Bird,Endangered,87be63cf3ffffff,-37.900292,145.146294,26
Melbourne,Callocephalon fimbriatum,Gang-gang Cockatoo,Bird,Endangered,87be63cf4ffffff,-37.937743,145.183782,9
Melbourne,Callocephalon fimbriatum,Gang-gang Cockatoo,Bird,Endangered,87be63cf5ffffff,-37.941158,145.154103,15
Melbourne,Callocephalon fimbriatum,Gang-gang Cockatoo,Bird,Endangered,87be63cf6ffffff,-37.9156,145.194703,30
Melbourne,Callocephalon fimbriatum,Gang-gang Cockatoo,Bird,Endangered,87be63d0affffff,-38.135184,145.282547,2
Melbourne,Callocephalon fimbriatum,Gang-gang Cockatoo,Bird,Endangered,87be63d0bffffff,-38.138612,145.252789,1
Melbourne,Callocephalon fimbriatum,Gang-gang Cockatoo,Bird,Endangered,87be63d10ffffff,-38.121393,145.401587,2
Melbourne,Callocephalon fimbriatum,Gang-gang Cockatoo,Bird,Endangered,87be63d11ffffff,-38.124853,145.371827,3
Melbourne,Callocephalon fimbriatum,Gang-gang Cockatoo,Bird,Endangered,87be63d12ffffff,-38.099233,145.412482,1
Melbourne,Callocephalon fimbriatum,Gang-gang Cockatoo,Bird,Endangered,87be63d14ffffff,-38.140087,145.420456,1
Melbourne,Callocephalon fimbriatum,Gang-gang Cockatoo,Bird,Endangered,87be63d19ffffff,-38.113041,145.293473,2
Melbourne,Callocephalon fimbriatum,Gang-gang Cockatoo,Bird,Endangered,87be63d1bffffff,-38.090895,145.304393,2
Melbourne,Callocephalon fimbriatum,Gang-gang Cockatoo,Bird,Endangered,87be63d1dffffff,-38.131748,145.312307,2
Melbourne,Callocephalon fimbriatum,Gang-gang Cockatoo,Bird,Endangered,87be63d33ffffff,-38.162245,145.409558,1
Melbourne,Callocephalon fimbriatum,Gang-gang Cockatoo,Bird,Endangered,87be63d5dffffff,-38.155633,145.104004,2
Melbourne,Callocephalon fimbriatum,Gang-gang Cockatoo,Bird,Endangered,87be63d89ffffff,-38.005734,145.318302,1
Melbourne,Callocephalon fimbriatum,Gang-gang Cockatoo,Bird,Endangered,87be63d8bffffff,-37.983578,145.329201,2
Melbourne,Callocephalon fimbriatum,Gang-gang Cockatoo,Bird,Endangered,87be63d8cffffff,-38.020983,145.366838,2
Melbourne,Callocephalon fimbriatum,Gang-gang Cockatoo,Bird,Endangered,87be63d8dffffff,-38.024439,145.337117,11
Melbourne,Callocephalon fimbriatum,Gang-gang Cockatoo,Bird,Endangered,87be63d93ffffff,-37.947528,145.458886,2
Melbourne,Callocephalon fimbriatum,Gang-gang Cockatoo,Bird,Endangered,87be63d9affffff,-37.932319,145.410361,1
Melbourne,Callocephalon fimbriatum,Gang-gang Cockatoo,Bird,Endangered,87be63d9bffffff,-37.935792,145.380671,2
Melbourne,Callocephalon fimbriatum,Gang-gang Cockatoo,Bird,Endangered,87be63da0ffffff,-38.073595,145.453117,99
Melbourne,Callocephalon fimbriatum,Gang-gang Cockatoo,Bird,Endangered,87be63da1ffffff,-38.077071,145.423371,1
Melbourne,Callocephalon fimbriatum,Gang-gang Cockatoo,Bird,Endangered,87be63da2ffffff,-38.051425,145.463993,2
Melbourne,Callocephalon fimbriatum,Gang-gang Cockatoo,Bird,Endangered,87be63da3ffffff,-38.054905,145.434254,6
Melbourne,Callocephalon fimbriatum,Gang-gang Cockatoo,Bird,Endangered,87be63da4ffffff,-38.092282,145.47199,4
Melbourne,Callocephalon fimbriatum,Gang-gang Cockatoo,Bird,Endangered,87be63da5ffffff,-38.095762,145.442236,3
Melbourne,Callocephalon fimbriatum,Gang-gang Cockatoo,Bird,Endangered,87be63da6ffffff,-38.070111,145.482863,6
Melbourne,Callocephalon fimbriatum,Gang-gang Cockatoo,Bird,Endangered,87be63dabffffff,-38.043141,145.355943,58
Melbourne,Caretta caretta,Loggerhead Turtle,Reptile,Endangered,87be60653ffffff,-38.41261,145.229576,1
Melbourne,Dasyurus viverrinus,"Eastern Quoll, Luaner",Mammal,Endangered,87be63d46ffffff,-38.189697,145.171359,1
Melbourne,Limosa limosa,Black-tailed Godwit,Bird,Endangered,87be6301dffffff,-37.916287,144.634608,1
Melbourne,Limosa limosa,Black-tailed Godwit,Bird,Endangered,87be630a4ffffff,-37.877706,144.793799,150
Melbourne,Limosa limosa,Black-tailed Godwit,Bird,Endangered,87be6318bffffff,-37.899797,144.782786,5
Melbourne,Limosa limosa,Black-tailed Godwit,Bird,Endangered,87be63198ffffff,-37.871047,144.853061,20
Melbourne,Limosa limosa,Black-tailed Godwit,Bird,Endangered,87be63199ffffff,-37.87438,144.823429,34
Melbourne,Limosa limosa,Black-tailed Godwit,Bird,Endangered,87be6319affffff,-37.848944,144.864053,5
Melbourne,Limosa limosa,Black-tailed Godwit,Bird,Endangered,87be6319bffffff,-37.852281,144.834429,3
Melbourne,Limosa limosa,Black-tailed Godwit,Bird,Endangered,87be6319effffff,-37.867705,144.882693,2
Melbourne,Limosa limosa,Black-tailed Godwit,Bird,Endangered,87be63c28ffffff,-38.085869,145.166634,11
Melbourne,Limosa limosa,Black-tailed Godwit,Bird,Endangered,87be63c2affffff,-38.063738,145.17758,1
Melbourne,Liopholis montana,Mountain Skink,Reptile,Endangered,87be63c95ffffff,-37.857521,145.335158,1
Melbourne,Lissolepis coventryi,"Swamp Skink, Eastern Mourning Skink",Reptile,Endangered,87be6065affffff,-38.397288,145.180848,1
Melbourne,Lissolepis coventryi,"Swamp Skink, Eastern Mourning Skink",Reptile,Endangered,87be606c8ffffff,-38.312225,145.194939,4
Melbourne,Lissolepis coventryi,"Swamp Skink, Eastern Mourning Skink",Reptile,Endangered,87be606e9ffffff,-38.375176,145.191835,3
Melbourne,Lissolepis coventryi,"Swamp Skink, Eastern Mourning Skink",Reptile,Endangered,87be606ebffffff,-38.353061,145.202815,1
Melbourne,Lissolepis coventryi,"Swamp Skink, Eastern Mourning Skink",Reptile,Endangered,87be606edffffff,-38.393895,145.2107,1
Melbourne,Lissolepis coventryi,"Swamp Skink, Eastern Mourning Skink",Reptile,Endangered,87be62261ffffff,-37.791009,145.367764,1
Melbourne,Lissolepis coventryi,"Swamp Skink, Eastern Mourning Skink",Reptile,Endangered,87be62264ffffff,-37.806227,145.416187,1
Melbourne,Lissolepis coventryi,"Swamp Skink, Eastern Mourning Skink",Reptile,Endangered,87be6226cffffff,-37.79448,145.338129,1
Melbourne,Lissolepis coventryi,"Swamp Skink, Eastern Mourning Skink",Reptile,Endangered,87be6382affffff,-38.396566,144.815,1
Melbourne,Lissolepis coventryi,"Swamp Skink, Eastern Mourning Skink",Reptile,Endangered,87be63833ffffff,-38.364569,144.915537,1
Melbourne,Lissolepis coventryi,"Swamp Skink, Eastern Mourning Skink",Reptile,Endangered,87be6398affffff,-38.31373,144.997237,2
Melbourne,Lissolepis coventryi,"Swamp Skink, Eastern Mourning Skink",Reptile,Endangered,87be63999ffffff,-38.291637,145.008256,2
Melbourne,Lissolepis coventryi,"Swamp Skink, Eastern Mourning Skink",Reptile,Endangered,87be639b0ffffff,-38.359842,145.143144,1
Melbourne,Lissolepis coventryi,"Swamp Skink, Eastern Mourning Skink",Reptile,Endangered,87be63c30ffffff,-38.050038,145.296487,1
Melbourne,Lissolepis coventryi,"Swamp Skink, Eastern Mourning Skink",Reptile,Endangered,87be63c92ffffff,-37.813183,145.356901,1
Melbourne,Lissolepis coventryi,"Swamp Skink, Eastern Mourning Skink",Reptile,Endangered,87be63ca0ffffff,-37.942714,145.321292,1
Melbourne,Lissolepis coventryi,"Swamp Skink, Eastern Mourning Skink",Reptile,Endangered,87be63d53ffffff,-38.126722,145.174472,4
Melbourne,Lissolepis coventryi,"Swamp Skink, Eastern Mourning Skink",Reptile,Endangered,87be63d62ffffff,-38.230542,145.179211,2
Melbourne,Lissolepis coventryi,"Swamp Skink, Eastern Mourning Skink",Reptile,Endangered,87be63d64ffffff,-38.271385,145.187071,2
Melbourne,Lissolepis coventryi,"Swamp Skink, Eastern Mourning Skink",Reptile,Endangered,87be63d68ffffff,-38.240705,145.089848,1
Melbourne,Lissolepis coventryi,"Swamp Skink, Eastern Mourning Skink",Reptile,Endangered,87be63d69ffffff,-38.244077,145.060062,1
Melbourne,Lissolepis coventryi,"Swamp Skink, Eastern Mourning Skink",Reptile,Endangered,87be63d6affffff,-38.218595,145.100835,1
Melbourne,Lissolepis coventryi,"Swamp Skink, Eastern Mourning Skink",Reptile,Endangered,87be63d71ffffff,-38.208419,145.190174,1
Melbourne,Lissolepis coventryi,"Swamp Skink, Eastern Mourning Skink",Reptile,Endangered,87be63d8dffffff,-38.024439,145.337117,1
Melbourne,Lissolepis coventryi,"Swamp Skink, Eastern Mourning Skink",Reptile,Endangered,87be63daaffffff,-38.039681,145.385672,1
Melbourne,Macronectes giganteus,"Southern Giant-Petrel, Southern Giant Petrel",Bird,Endangered,87be6355cffffff,-37.73502,144.948514,1
Melbourne,Petauroides volans,Greater Glider (southern and central),Mammal,Endangered,87be62260ffffff,-37.787531,145.3974,1
Melbourne,Petauroides volans,Greater Glider (southern and central),Mammal,Endangered,87be62266ffffff,-37.784045,145.427035,1
Melbourne,Petauroides volans,Greater Glider (southern and central),Mammal,Endangered,87be63515ffffff,-37.726532,145.20394,11
Melbourne,Petauroides volans,Greater Glider (southern and central),Mammal,Endangered,87be63c13ffffff,-37.971755,145.251005,1
Melbourne,Petauroides volans,Greater Glider (southern and central),Mammal,Endangered,87be63c86ffffff,-37.879686,145.324278,1
Melbourne,Petauroides volans,Greater Glider (southern and central),Mammal,Endangered,87be63c94ffffff,-37.854055,145.364816,1
Melbourne,Petauroides volans,Greater Glider (southern and central),Mammal,Endangered,87be63c95ffffff,-37.857521,145.335158,12
Melbourne,Petauroides volans,Greater Glider (southern and central),Mammal,Endangered,87be63c9dffffff,-37.845716,145.257084,1
Melbourne,Petauroides volans,Greater Glider (southern and central),Mammal,Endangered,87be63da8ffffff,-38.061841,145.374779,1
Melbourne,Thalassarche cauta,Shy Albatross,Bird,Endangered,87be6065bffffff,-38.400674,145.150997,2
Melbourne,Thalassarche cauta,Shy Albatross,Bird,Endangered,87be63809ffffff,-38.362311,144.747711,38
Melbourne,Thalassarche cauta,Shy Albatross,Bird,Endangered,87be6380bffffff,-38.340254,144.758796,1
Melbourne,Thalassarche cauta,Shy Albatross,Bird,Endangered,87be63821ffffff,-38.434094,144.852521,1
Melbourne,Thalassarche cauta,Shy Albatross,Bird,Endangered,87be63828ffffff,-38.418626,144.80392,1
Melbourne,Thalassarche cauta,Shy Albatross,Bird,Endangered,87be6382bffffff,-38.399857,144.785173,3
Melbourne,Thalassarche cauta,Shy Albatross,Bird,Endangered,87be6382effffff,-38.415331,144.833755,6
Melbourne,Thalassarche cauta,Shy Albatross,Bird,Endangered,87be63852ffffff,-38.324755,144.710289,2
Melbourne,Thalassarche cauta,Shy Albatross,Bird,Endangered,87be63853ffffff,-38.328023,144.680497,1
Melbourne,Thalassarche cauta,Shy Albatross,Bird,Endangered,87be63856ffffff,-38.343534,144.728995,4
Melbourne,Thalassarche cauta,Shy Albatross,Bird,Endangered,87be638b4ffffff,-38.247441,145.030277,1
Melbourne,Thalassarche cauta,Shy Albatross,Bird,Endangered,87be638ecffffff,-38.305973,144.691594,1
Melbourne,Thalassarche cauta,Shy Albatross,Bird,Endangered,87be638edffffff,-38.309238,144.66181,11
Melbourne,Tringa nebularia,"Common Greenshank, Greenshank",Bird,Endangered,87be606e9ffffff,-38.375176,145.191835,2
Melbourne,Tringa nebularia,"Common Greenshank, Greenshank",Bird,Endangered,87be62a59ffffff,-38.088795,145.501744,1
Melbourne,Tringa nebularia,"Common Greenshank, Greenshank",Bird,Endangered,87be63016ffffff,-37.903111,144.753149,1
Melbourne,Tringa nebularia,"Common Greenshank, Greenshank",Bird,Endangered,87be6301dffffff,-37.916287,144.634608,1
Melbourne,Tringa nebularia,"Common Greenshank, Greenshank",Bird,Endangered,87be630a4ffffff,-37.877706,144.793799,857
Melbourne,Tringa nebularia,"Common Greenshank, Greenshank",Bird,Endangered,87be630a5ffffff,-37.881023,144.764169,2
Melbourne,Tringa nebularia,"Common Greenshank, Greenshank",Bird,Endangered,87be630a6ffffff,-37.855611,144.804806,59
Melbourne,Tringa nebularia,"Common Greenshank, Greenshank",Bird,Endangered,87be630b5ffffff,-37.833514,144.815807,3
Melbourne,Tringa nebularia,"Common Greenshank, Greenshank",Bird,Endangered,87be630b6ffffff,-37.808075,144.85641,2
Melbourne,Tringa nebularia,"Common Greenshank, Greenshank",Bird,Endangered,87be6318affffff,-37.896476,144.812424,3
Melbourne,Tringa nebularia,"Common Greenshank, Greenshank",Bird,Endangered,87be6318bffffff,-37.899797,144.782786,290
Melbourne,Tringa nebularia,"Common Greenshank, Greenshank",Bird,Endangered,87be63198ffffff,-37.871047,144.853061,91
Melbourne,Tringa nebularia,"Common Greenshank, Greenshank",Bird,Endangered,87be63199ffffff,-37.87438,144.823429,167
Melbourne,Tringa nebularia,"Common Greenshank, Greenshank",Bird,Endangered,87be6319affffff,-37.848944,144.864053,435
Melbourne,Tringa nebularia,"Common Greenshank, Greenshank",Bird,Endangered,87be6319bffffff,-37.852281,144.834429,5
Melbourne,Tringa nebularia,"Common Greenshank, Greenshank",Bird,Endangered,87be6319effffff,-37.867705,144.882693,373
Melbourne,Tringa nebularia,"Common Greenshank, Greenshank",Bird,Endangered,87be63431ffffff,-37.636312,145.080956,2
Melbourne,Tringa nebularia,"Common Greenshank, Greenshank",Bird,Endangered,87be63568ffffff,-37.823488,144.904656,2
Melbourne,Tringa nebularia,"Common Greenshank, Greenshank",Bird,Endangered,87be6356dffffff,-37.845598,144.893677,2
Melbourne,Tringa nebularia,"Common Greenshank, Greenshank",Bird,Endangered,87be63c09ffffff,-38.029684,145.110328,1
Melbourne,Tringa nebularia,"Common Greenshank, Greenshank",Bird,Endangered,87be63c0cffffff,-38.045013,145.158804,1
Melbourne,Tringa nebularia,"Common Greenshank, Greenshank",Bird,Endangered,87be63c15ffffff,-38.012616,145.258878,1
Melbourne,Tringa nebularia,"Common Greenshank, Greenshank",Bird,Endangered,87be63c28ffffff,-38.085869,145.166634,7
Melbourne,Tringa nebularia,"Common Greenshank, Greenshank",Bird,Endangered,87be63c29ffffff,-38.08927,145.136901,22
Melbourne,Tringa nebularia,"Common Greenshank, Greenshank",Bird,Endangered,87be63c2affffff,-38.063738,145.17758,23
Melbourne,Tringa nebularia,"Common Greenshank, Greenshank",Bird,Endangered,87be63c2bffffff,-38.067143,145.147855,1
Melbourne,Tringa nebularia,"Common Greenshank, Greenshank",Bird,Endangered,87be63d11ffffff,-38.124853,145.371827,2
Melbourne,Tringa nebularia,"Common Greenshank, Greenshank",Bird,Endangered,87be63d1cffffff,-38.128304,145.342066,8
Melbourne,Tringa nebularia,"Common Greenshank, Greenshank",Bird,Endangered,87be63d5affffff,-38.111394,145.125941,2
Perth,Caretta caretta,Loggerhead Turtle,Reptile,Endangered,87a726c08ffffff,-31.999264,115.81216,1
Perth,Charadrius mongolus,"Lesser Sand Plover, Mongolian Plover",Bird,Endangered,87a726c08ffffff,-31.999264,115.81216,1
Perth,Charadrius mongolus,"Lesser Sand Plover, Mongolian Plover",Bird,Endangered,87a726c0cffffff,-32.017232,115.818591,1
Perth,Charadrius mongolus,"Lesser Sand Plover, Mongolian Plover",Bird,Endangered,87a726d44ffffff,-32.132247,115.751184,1
Perth,Eubalaena australis,Southern Right Whale,Mammal,Endangered,87a726c08ffffff,-31.999264,115.81216,2
Perth,Eubalaena australis,Southern Right Whale,Mammal,Endangered,87a726c11ffffff,-32.004373,115.90065,1
Perth,Eubalaena australis,Southern Right Whale,Mammal,Endangered,87a726d50ffffff,-32.095598,115.803249,2
Perth,Limosa limosa,Black-tailed Godwit,Bird,Endangered,87a726571ffffff,-31.80138,115.80624,2
Perth,Limosa limosa,Black-tailed Godwit,Bird,Endangered,87a726c08ffffff,-31.999264,115.81216,109
Perth,Limosa limosa,Black-tailed Godwit,Bird,Endangered,87a726c11ffffff,-32.004373,115.90065,1
Perth,Limosa limosa,Black-tailed Godwit,Bird,Endangered,87a726ca6ffffff,-31.997208,116.006375,1
Perth,Limosa limosa,Black-tailed Godwit,Bird,Endangered,87a726cc1ffffff,-31.897341,115.797353,4
Perth,Limosa limosa,Black-tailed Godwit,Bird,Endangered,87a726cd6ffffff,-31.890297,115.902901,2
Perth,Limosa limosa,Black-tailed Godwit,Bird,Endangered,87a726d19ffffff,-32.100707,115.891917,65
Perth,Limosa limosa,Black-tailed Godwit,Bird,Endangered,87a726d50ffffff,-32.095598,115.803249,28
Perth,Limosa limosa,Black-tailed Godwit,Bird,Endangered,87a726daeffffff,-32.093516,115.997856,1
Perth,Neophoca cinerea,"Australian Sea-lion, Australian Sea Lion",Mammal,Endangered,87a726571ffffff,-31.80138,115.80624,1
Perth,Neophoca cinerea,"Australian Sea-lion, Australian Sea Lion",Mammal,Endangered,87a726cc1ffffff,-31.897341,115.797353,3
Perth,Neophoca cinerea,"Australian Sea-lion, Australian Sea Lion",Mammal,Endangered,87a726cd6ffffff,-31.890297,115.902901,2
Perth,Neophoca cinerea,"Australian Sea-lion, Australian Sea Lion",Mammal,Endangered,87a726d50ffffff,-32.095598,115.803249,5
Perth,Neophoca cinerea,"Australian Sea-lion, Australian Sea Lion",Mammal,Endangered,87c993490ffffff,-32.192115,115.794302,2
Perth,Neophoca cinerea,"Australian Sea-lion, Australian Sea Lion",Mammal,Endangered,87c9934acffffff,-32.294613,115.809193,5
Perth,Thalassarche chrysostoma,Grey-headed Albatross,Bird,Endangered,87a726d50ffffff,-32.095598,115.803249,1
Perth,Thalassarche chrysostoma,Grey-headed Albatross,Bird,Endangered,87c9934acffffff,-32.294613,115.809193,2
Perth,Tringa nebularia,"Common Greenshank, Greenshank",Bird,Endangered,87a726459ffffff,-31.599049,115.712581,1
Perth,Tringa nebularia,"Common Greenshank, Greenshank",Bird,Endangered,87a726571ffffff,-31.80138,115.80624,44
Perth,Tringa nebularia,"Common Greenshank, Greenshank",Bird,Endangered,87a726c08ffffff,-31.999264,115.81216,779
Perth,Tringa nebularia,"Common Greenshank, Greenshank",Bird,Endangered,87a726c11ffffff,-32.004373,115.90065,361
Perth,Tringa nebularia,"Common Greenshank, Greenshank",Bird,Endangered,87a726c98ffffff,-31.89535,115.991172,11
Perth,Tringa nebularia,"Common Greenshank, Greenshank",Bird,Endangered,87a726ca6ffffff,-31.997208,116.006375,3
Perth,Tringa nebularia,"Common Greenshank, Greenshank",Bird,Endangered,87a726cc1ffffff,-31.897341,115.797353,51
Perth,Tringa nebularia,"Common Greenshank, Greenshank",Bird,Endangered,87a726cd6ffffff,-31.890297,115.902901,23
Perth,Tringa nebularia,"Common Greenshank, Greenshank",Bird,Endangered,87a726d19ffffff,-32.100707,115.891917,386
Perth,Tringa nebularia,"Common Greenshank, Greenshank",Bird,Endangered,87a726d50ffffff,-32.095598,115.803249,233
Perth,Tringa nebularia,"Common Greenshank, Greenshank",Bird,Endangered,87a726daeffffff,-32.093516,115.997856,26
Perth,Tringa nebularia,"Common Greenshank, Greenshank",Bird,Endangered,87c9922cbffffff,-32.208024,115.995821,4
Perth,Tringa nebularia,"Common Greenshank, Greenshank",Bird,Endangered,87c9934acffffff,-32.294613,115.809193,208
Perth,Zanda baudinii,"Baudin's Cockatoo, Long-billed Black-Cockatoo",Bird,Endangered,87a726571ffffff,-31.80138,115.80624,2
Perth,Zanda baudinii,"Baudin's Cockatoo, Long-billed Black-Cockatoo",Bird,Endangered,87a726c11ffffff,-32.004373,115.90065,1
Perth,Zanda baudinii,"Baudin's Cockatoo, Long-billed Black-Cockatoo",Bird,Endangered,87a726c98ffffff,-31.89535,115.991172,54
Perth,Zanda baudinii,"Baudin's Cockatoo, Long-billed Black-Cockatoo",Bird,Endangered,87a726ca6ffffff,-31.997208,116.006375,78
Perth,Zanda baudinii,"Baudin's Cockatoo, Long-billed Black-Cockatoo",Bird,Endangered,87a726cc1ffffff,-31.897341,115.797353,2
Perth,Zanda baudinii,"Baudin's Cockatoo, Long-billed Black-Cockatoo",Bird,Endangered,87a726cd6ffffff,-31.890297,115.902901,3
Perth,Zanda baudinii,"Baudin's Cockatoo, Long-billed Black-Cockatoo",Bird,Endangered,87a726d19ffffff,-32.100707,115.891917,8
Perth,Zanda baudinii,"Baudin's Cockatoo, Long-billed Black-Cockatoo",Bird,Endangered,87a726d50ffffff,-32.095598,115.803249,1
Perth,Zanda baudinii,"Baudin's Cockatoo, Long-billed Black-Cockatoo",Bird,Endangered,87a726daeffffff,-32.093516,115.997856,19
Perth,Zanda baudinii,"Baudin's Cockatoo, Long-billed Black-Cockatoo",Bird,Endangered,87c9922cbffffff,-32.208024,115.995821,34
Perth,Zanda baudinii,"Baudin's Cockatoo, Long-billed Black-Cockatoo",Bird,Endangered,87c99260affffff,-31.89876,116.20852,103
Perth,Zanda baudinii,"Baudin's Cockatoo, Long-billed Black-Cockatoo",Bird,Endangered,87c9934acffffff,-32.294613,115.809193,1
Perth,Zanda latirostris,"Carnaby's Cockatoo, Short-billed Black-Cockatoo",Bird,Endangered,87a726459ffffff,-31.599049,115.712581,903
Perth,Zanda latirostris,"Carnaby's Cockatoo, Short-billed Black-Cockatoo",Bird,Endangered,87a726474ffffff,-31.699842,115.791505,55
Perth,Zanda latirostris,"Carnaby's Cockatoo, Short-billed Black-Cockatoo",Bird,Endangered,87a726571ffffff,-31.80138,115.80624,668
Perth,Zanda latirostris,"Carnaby's Cockatoo, Short-billed Black-Cockatoo",Bird,Endangered,87a726c08ffffff,-31.999264,115.81216,413
Perth,Zanda latirostris,"Carnaby's Cockatoo, Short-billed Black-Cockatoo",Bird,Endangered,87a726c11ffffff,-32.004373,115.90065,728
Perth,Zanda latirostris,"Carnaby's Cockatoo, Short-billed Black-Cockatoo",Bird,Endangered,87a726c98ffffff,-31.89535,115.991172,793
Perth,Zanda latirostris,"Carnaby's Cockatoo, Short-billed Black-Cockatoo",Bird,Endangered,87a726ca6ffffff,-31.997208,116.006375,551
Perth,Zanda latirostris,"Carnaby's Cockatoo, Short-billed Black-Cockatoo",Bird,Endangered,87a726cc1ffffff,-31.897341,115.797353,2056
Perth,Zanda latirostris,"Carnaby's Cockatoo, Short-billed Black-Cockatoo",Bird,Endangered,87a726cd6ffffff,-31.890297,115.902901,924
Perth,Zanda latirostris,"Carnaby's Cockatoo, Short-billed Black-Cockatoo",Bird,Endangered,87a726d19ffffff,-32.100707,115.891917,467
Perth,Zanda latirostris,"Carnaby's Cockatoo, Short-billed Black-Cockatoo",Bird,Endangered,87a726d50ffffff,-32.095598,115.803249,430
Perth,Zanda latirostris,"Carnaby's Cockatoo, Short-billed Black-Cockatoo",Bird,Endangered,87a726daeffffff,-32.093516,115.997856,89
Perth,Zanda latirostris,"Carnaby's Cockatoo, Short-billed Black-Cockatoo",Bird,Endangered,87c9922cbffffff,-32.208024,115.995821,98
Perth,Zanda latirostris,"Carnaby's Cockatoo, Short-billed Black-Cockatoo",Bird,Endangered,87c99260affffff,-31.89876,116.20852,196
Perth,Zanda latirostris,"Carnaby's Cockatoo, Short-billed Black-Cockatoo",Bird,Endangered,87c993490ffffff,-32.192115,115.794302,52
Perth,Zanda latirostris,"Carnaby's Cockatoo, Short-billed Black-Cockatoo",Bird,Endangered,87c9934acffffff,-32.294613,115.809193,98
Sydney,Aprasia aurita,"Eared Worm-lizard, Mallee Worm-lizard",Reptile,Endangered,87be08cb3ffffff,-33.926796,151.081665,1
Sydney,Aprasia aurita,"Eared Worm-lizard, Mallee Worm-lizard",Reptile,Endangered,87be0e260ffffff,-33.835125,151.117444,1
Sydney,Arctocephalus tropicalis,Subantarctic Fur-seal,Mammal,Endangered,87be08d80ffffff,-34.062068,151.160963,1
Sydney,Arctocephalus tropicalis,Subantarctic Fur-seal,Mammal,Endangered,87be0e204ffffff,-33.758926,151.305192,2
Sydney,Arctocephalus tropicalis,Subantarctic Fur-seal,Mammal,Endangered,87be0e371ffffff,-33.914389,151.27129,1
Sydney,Arctocephalus tropicalis,Subantarctic Fur-seal,Mammal,Endangered,87be0e373ffffff,-33.891455,151.280191,1
Sydney,Balaenoptera musculus,Blue Whale,Mammal,Endangered,87be0e2acffffff,-33.64933,151.321254,1
Sydney,Balaenoptera musculus,Blue Whale,Mammal,Endangered,87be0e353ffffff,-33.832797,151.250204,1
Sydney,Balaenoptera musculus,Blue Whale,Mammal,Endangered,87be0e354ffffff,-33.868522,151.289088,1
Sydney,Balaenoptera musculus,Blue Whale,Mammal,Endangered,87be0e362ffffff,-33.937321,151.262385,2
Sydney,Balaenoptera musculus,Blue Whale,Mammal,Endangered,87be0e371ffffff,-33.914389,151.27129,1
Sydney,Botaurus poiciloptilus,Australasian Bittern,Bird,Endangered,87be084a5ffffff,-33.607404,150.837683,2
Sydney,Botaurus poiciloptilus,Australasian Bittern,Bird,Endangered,87be08532ffffff,-33.7965,150.974303,1
Sydney,Botaurus poiciloptilus,Australasian Bittern,Bird,Endangered,87be08d94ffffff,-34.029043,151.226714,2
Sydney,Botaurus poiciloptilus,Australasian Bittern,Bird,Endangered,87be0e348ffffff,-33.893811,151.147335,1
Sydney,Callocephalon fimbriatum,Gang-gang Cockatoo,Bird,Endangered,87be081a6ffffff,-34.060207,150.685477,7
Sydney,Callocephalon fimbriatum,Gang-gang Cockatoo,Bird,Endangered,87be081b1ffffff,-34.019375,150.675203,1
Sydney,Callocephalon fimbriatum,Gang-gang Cockatoo,Bird,Endangered,87be081b2ffffff,-33.99156,150.71267,1
Sydney,Callocephalon fimbriatum,Gang-gang Cockatoo,Bird,Endangered,87be08442ffffff,-33.697645,150.565074,34
Sydney,Callocephalon fimbriatum,Gang-gang Cockatoo,Bird,Endangered,87be08450ffffff,-33.669859,150.602428,40
Sydney,Callocephalon fimbriatum,Gang-gang Cockatoo,Bird,Endangered,87be08453ffffff,-33.651904,150.583192,1
Sydney,Callocephalon fimbriatum,Gang-gang Cockatoo,Bird,Endangered,87be08454ffffff,-33.687812,150.621674,6
Sydney,Callocephalon fimbriatum,Gang-gang Cockatoo,Bird,Endangered,87be08455ffffff,-33.692732,150.593375,5
Sydney,Callocephalon fimbriatum,Gang-gang Cockatoo,Bird,Endangered,87be08456ffffff,-33.664937,150.630719,11
Sydney,Callocephalon fimbriatum,Gang-gang Cockatoo,Bird,Endangered,87be0845cffffff,-33.679683,150.54584,16
Sydney,Callocephalon fimbriatum,Gang-gang Cockatoo,Bird,Endangered,87be08462ffffff,-33.756434,150.594508,1
Sydney,Callocephalon fimbriatum,Gang-gang Cockatoo,Bird,Endangered,87be08466ffffff,-33.77439,150.613772,1
Sydney,Callocephalon fimbriatum,Gang-gang Cockatoo,Bird,Endangered,87be08470ffffff,-33.72864,150.631881,3
Sydney,Callocephalon fimbriatum,Gang-gang Cockatoo,Bird,Endangered,87be08471ffffff,-33.733561,150.603568,2
Sydney,Callocephalon fimbriatum,Gang-gang Cockatoo,Bird,Endangered,87be08473ffffff,-33.710687,150.612623,2
Sydney,Callocephalon fimbriatum,Gang-gang Cockatoo,Bird,Endangered,87be08474ffffff,-33.74659,150.651147,2
Sydney,Callocephalon fimbriatum,Gang-gang Cockatoo,Bird,Endangered,87be08475ffffff,-33.751515,150.622828,4
Sydney,Callocephalon fimbriatum,Gang-gang Cockatoo,Bird,Endangered,87be084adffffff,-33.59941,150.761877,1
Sydney,Callocephalon fimbriatum,Gang-gang Cockatoo,Bird,Endangered,87be08511ffffff,-33.765677,150.907284,1
Sydney,Callocephalon fimbriatum,Gang-gang Cockatoo,Bird,Endangered,87be08512ffffff,-33.737783,150.944573,1
Sydney,Callocephalon fimbriatum,Gang-gang Cockatoo,Bird,Endangered,87be08513ffffff,-33.742776,150.916264,1
Sydney,Callocephalon fimbriatum,Gang-gang Cockatoo,Bird,Endangered,87be08524ffffff,-33.88812,150.938391,1
Sydney,Callocephalon fimbriatum,Gang-gang Cockatoo,Bird,Endangered,87be0855affffff,-33.764538,150.670421,3
Sydney,Callocephalon fimbriatum,Gang-gang Cockatoo,Bird,Endangered,87be0855bffffff,-33.769468,150.642098,4
Sydney,Callocephalon fimbriatum,Gang-gang Cockatoo,Bird,Endangered,87be085a3ffffff,-33.691974,150.962504,1
Sydney,Callocephalon fimbriatum,Gang-gang Cockatoo,Bird,Endangered,87be08c18ffffff,-34.038463,150.932187,1
Sydney,Callocephalon fimbriatum,Gang-gang Cockatoo,Bird,Endangered,87be08c1affffff,-34.01556,150.941189,5
Sydney,Callocephalon fimbriatum,Gang-gang Cockatoo,Bird,Endangered,87be08c1bffffff,-34.020547,150.912786,2
Sydney,Callocephalon fimbriatum,Gang-gang Cockatoo,Bird,Endangered,87be08c50ffffff,-34.081256,150.809488,14
Sydney,Callocephalon fimbriatum,Gang-gang Cockatoo,Bird,Endangered,87be08c52ffffff,-34.058364,150.818527,7
Sydney,Callocephalon fimbriatum,Gang-gang Cockatoo,Bird,Endangered,87be08c53ffffff,-34.063322,150.790107,5
Sydney,Callocephalon fimbriatum,Gang-gang Cockatoo,Bird,Endangered,87be08c54ffffff,-34.099188,150.828878,64
Sydney,Callocephalon fimbriatum,Gang-gang Cockatoo,Bird,Endangered,87be08c55ffffff,-34.104148,150.800444,3
Sydney,Callocephalon fimbriatum,Gang-gang Cockatoo,Bird,Endangered,87be08c56ffffff,-34.076294,150.837914,75
Sydney,Callocephalon fimbriatum,Gang-gang Cockatoo,Bird,Endangered,87be08c59ffffff,-34.078156,150.704832,4
Sydney,Callocephalon fimbriatum,Gang-gang Cockatoo,Bird,Endangered,87be08c5bffffff,-34.055273,150.713899,4
Sydney,Callocephalon fimbriatum,Gang-gang Cockatoo,Bird,Endangered,87be08c5effffff,-34.068273,150.761684,1
Sydney,Callocephalon fimbriatum,Gang-gang Cockatoo,Bird,Endangered,87be08ca8ffffff,-33.987658,150.978581,1
Sydney,Callocephalon fimbriatum,Gang-gang Cockatoo,Bird,Endangered,87be08cadffffff,-34.010565,150.969591,1
Sydney,Callocephalon fimbriatum,Gang-gang Cockatoo,Bird,Endangered,87be08cc4ffffff,-33.989681,150.845616,1
Sydney,Callocephalon fimbriatum,Gang-gang Cockatoo,Bird,Endangered,87be08cd6ffffff,-33.91601,150.901033,2
Sydney,Callocephalon fimbriatum,Gang-gang Cockatoo,Bird,Endangered,87be08ce0ffffff,-34.030503,150.855972,1
Sydney,Callocephalon fimbriatum,Gang-gang Cockatoo,Bird,Endangered,87be08ce1ffffff,-34.03547,150.827562,3
Sydney,Callocephalon fimbriatum,Gang-gang Cockatoo,Bird,Endangered,87be08ce2ffffff,-34.007606,150.864994,7
Sydney,Callocephalon fimbriatum,Gang-gang Cockatoo,Bird,Endangered,87be08ce3ffffff,-34.012576,150.836591,2
Sydney,Callocephalon fimbriatum,Gang-gang Cockatoo,Bird,Endangered,87be08ce5ffffff,-34.053399,150.846946,9
Sydney,Callocephalon fimbriatum,Gang-gang Cockatoo,Bird,Endangered,87be08ce6ffffff,-34.025528,150.88438,1
Sydney,Callocephalon fimbriatum,Gang-gang Cockatoo,Bird,Endangered,87be08ce9ffffff,-34.027446,150.751371,1
Sydney,Callocephalon fimbriatum,Gang-gang Cockatoo,Bird,Endangered,87be08cecffffff,-34.040431,150.799149,4
Sydney,Callocephalon fimbriatum,Gang-gang Cockatoo,Bird,Endangered,87be08ceeffffff,-34.017539,150.808187,3
Sydney,Callocephalon fimbriatum,Gang-gang Cockatoo,Bird,Endangered,87be08cf2ffffff,-33.956828,150.911407,1
Sydney,Callocephalon fimbriatum,Gang-gang Cockatoo,Bird,Endangered,87be08cf5ffffff,-34.002629,150.893394,1
Sydney,Callocephalon fimbriatum,Gang-gang Cockatoo,Bird,Endangered,87be08d9affffff,-33.980458,151.139949,1
Sydney,Callocephalon fimbriatum,Gang-gang Cockatoo,Bird,Endangered,87be0e200ffffff,-33.741069,151.285767,1
Sydney,Callocephalon fimbriatum,Gang-gang Cockatoo,Bird,Endangered,87be0e20effffff,-33.728278,151.238053,1
Sydney,Callocephalon fimbriatum,Gang-gang Cockatoo,Bird,Endangered,87be0e211ffffff,-33.695201,151.30352,2
Sydney,Callocephalon fimbriatum,Gang-gang Cockatoo,Bird,Endangered,87be0e21cffffff,-33.700278,151.275233,1
Sydney,Callocephalon fimbriatum,Gang-gang Cockatoo,Bird,Endangered,87be0e242ffffff,-33.753519,151.09653,1
Sydney,Callocephalon fimbriatum,Gang-gang Cockatoo,Bird,Endangered,87be0e248ffffff,-33.768584,151.011587,1
Sydney,Callocephalon fimbriatum,Gang-gang Cockatoo,Bird,Endangered,87be0e24cffffff,-33.786481,151.030954,1
Sydney,Callocephalon fimbriatum,Gang-gang Cockatoo,Bird,Endangered,87be0e25cffffff,-33.735632,151.077155,1
Sydney,Callocephalon fimbriatum,Gang-gang Cockatoo,Bird,Endangered,87be0e25dffffff,-33.740656,151.048849,1
Sydney,Callocephalon fimbriatum,Gang-gang Cockatoo,Bird,Endangered,87be0e2acffffff,-33.64933,151.321254,1
Sydney,Callocephalon fimbriatum,Gang-gang Cockatoo,Bird,Endangered,87be0e2c0ffffff,-33.616004,151.150036,1
Sydney,Callocephalon fimbriatum,Gang-gang Cockatoo,Bird,Endangered,87be0e2ecffffff,-33.684765,151.123304,1
Sydney,Callocephalon fimbriatum,Gang-gang Cockatoo,Bird,Endangered,87be0e342ffffff,-33.878657,151.232394,1
Sydney,Callocephalon fimbriatum,Gang-gang Cockatoo,Bird,Endangered,87be0e34dffffff,-33.916732,151.138399,1
Sydney,Caretta caretta,Loggerhead Turtle,Reptile,Endangered,87be08410ffffff,-33.635266,150.800421,1
Sydney,Caretta caretta,Loggerhead Turtle,Reptile,Endangered,87be0841affffff,-33.604363,150.73361,1
Sydney,Caretta caretta,Loggerhead Turtle,Reptile,Endangered,87be0842cffffff,-33.75466,150.727063,1
Sydney,Caretta caretta,Loggerhead Turtle,Reptile,Endangered,87be0850affffff,-33.78061,150.822317,1
Sydney,Caretta caretta,Loggerhead Turtle,Reptile,Endangered,87be08511ffffff,-33.765677,150.907284,1
Sydney,Caretta caretta,Loggerhead Turtle,Reptile,Endangered,87be08521ffffff,-33.875193,150.890669,1
Sydney,Caretta caretta,Loggerhead Turtle,Reptile,Endangered,87be08524ffffff,-33.88812,150.938391,1
Sydney,Caretta caretta,Loggerhead Turtle,Reptile,Endangered,87be0852cffffff,-33.880172,150.862311,2
Sydney,Caretta caretta,Loggerhead Turtle,Reptile,Endangered,87be08531ffffff,-33.824403,150.936995,1
Sydney,Caretta caretta,Loggerhead Turtle,Reptile,Endangered,87be0858dffffff,-33.666135,150.867288,1
Sydney,Caretta caretta,Loggerhead Turtle,Reptile,Endangered,87be0858effffff,-33.638252,150.904545,1
Sydney,Caretta caretta,Loggerhead Turtle,Reptile,Endangered,87be08c10ffffff,-34.046378,151.008423,2
Sydney,Caretta caretta,Loggerhead Turtle,Reptile,Endangered,87be08c50ffffff,-34.081256,150.809488,2
Sydney,Caretta caretta,Loggerhead Turtle,Reptile,Endangered,87be08c85ffffff,-33.959744,151.015949,1
Sydney,Caretta caretta,Loggerhead Turtle,Reptile,Endangered,87be08cc2ffffff,-33.948859,150.835271,1
Sydney,Caretta caretta,Loggerhead Turtle,Reptile,Endangered,87be08cd5ffffff,-33.943888,150.863652,1
Sydney,Caretta caretta,Loggerhead Turtle,Reptile,Endangered,87be08cdcffffff,-33.930931,150.815914,1
Sydney,Caretta caretta,Loggerhead Turtle,Reptile,Endangered,87be08d8affffff,-34.031329,151.093647,1
Sydney,Caretta caretta,Loggerhead Turtle,Reptile,Endangered,87be08d90ffffff,-34.01117,151.207245,2
Sydney,Caretta caretta,Loggerhead Turtle,Reptile,Endangered,87be08d9affffff,-33.980458,151.139949,3
Sydney,Caretta caretta,Loggerhead Turtle,Reptile,Endangered,87be08d9effffff,-33.99834,151.159395,1
Sydney,Caretta caretta,Loggerhead Turtle,Reptile,Endangered,87be0e200ffffff,-33.741069,151.285767,1
Sydney,Caretta caretta,Loggerhead Turtle,Reptile,Endangered,87be0e202ffffff,-33.718135,151.294646,1
Sydney,Caretta caretta,Loggerhead Turtle,Reptile,Endangered,87be0e204ffffff,-33.758926,151.305192,1
Sydney,Caretta caretta,Loggerhead Turtle,Reptile,Endangered,87be0e205ffffff,-33.764002,151.276883,1
Sydney,Caretta caretta,Loggerhead Turtle,Reptile,Endangered,87be0e206ffffff,-33.73599,151.314067,3
Sydney,Caretta caretta,Loggerhead Turtle,Reptile,Endangered,87be0e20cffffff,-33.751207,151.229158,2
Sydney,Caretta caretta,Loggerhead Turtle,Reptile,Endangered,87be0e211ffffff,-33.695201,151.30352,4
Sydney,Caretta caretta,Loggerhead Turtle,Reptile,Endangered,87be0e21cffffff,-33.700278,151.275233,1
Sydney,Caretta caretta,Loggerhead Turtle,Reptile,Endangered,87be0e221ffffff,-33.804795,151.287426,1
Sydney,Caretta caretta,Loggerhead Turtle,Reptile,Endangered,87be0e228ffffff,-33.792002,151.239676,1
Sydney,Caretta caretta,Loggerhead Turtle,Reptile,Endangered,87be0e22bffffff,-33.774135,151.220259,1
Sydney,Caretta caretta,Loggerhead Turtle,Reptile,Endangered,87be0e22effffff,-33.786935,151.267995,1
Sydney,Caretta caretta,Loggerhead Turtle,Reptile,Endangered,87be0e266ffffff,-33.830087,151.14578,1
Sydney,Caretta caretta,Loggerhead Turtle,Reptile,Endangered,87be0e26effffff,-33.822267,151.069712,3
Sydney,Caretta caretta,Loggerhead Turtle,Reptile,Endangered,87be0e275ffffff,-33.807165,151.154705,1
Sydney,Caretta caretta,Loggerhead Turtle,Reptile,Endangered,87be0e281ffffff,-33.585608,151.319572,1
Sydney,Caretta caretta,Loggerhead Turtle,Reptile,Endangered,87be0e2acffffff,-33.64933,151.321254,1
Sydney,Caretta caretta,Loggerhead Turtle,Reptile,Endangered,87be0e344ffffff,-33.919455,151.242929,2
Sydney,Caretta caretta,Loggerhead Turtle,Reptile,Endangered,87be0e346ffffff,-33.896524,151.251838,2
Sydney,Caretta caretta,Loggerhead Turtle,Reptile,Endangered,87be0e34bffffff,-33.875929,151.127916,1
Sydney,Caretta caretta,Loggerhead Turtle,Reptile,Endangered,87be0e351ffffff,-33.855728,151.241301,1
Sydney,Caretta caretta,Loggerhead Turtle,Reptile,Endangered,87be0e353ffffff,-33.832797,151.250204,2
Sydney,Caretta caretta,Loggerhead Turtle,Reptile,Endangered,87be0e359ffffff,-33.847965,151.165192,2
Sydney,Caretta caretta,Loggerhead Turtle,Reptile,Endangered,87be0e35dffffff,-33.865841,151.184613,2
Sydney,Caretta caretta,Loggerhead Turtle,Reptile,Endangered,87be0e360ffffff,-33.960252,151.253474,1
Sydney,Caretta caretta,Loggerhead Turtle,Reptile,Endangered,87be0e361ffffff,-33.965314,151.225097,1
Sydney,Caretta caretta,Loggerhead Turtle,Reptile,Endangered,87be0e362ffffff,-33.937321,151.262385,1
Sydney,Caretta caretta,Loggerhead Turtle,Reptile,Endangered,87be0e36effffff,-33.947442,151.205643,2
Sydney,Caretta caretta,Loggerhead Turtle,Reptile,Endangered,87be0e373ffffff,-33.891455,151.280191,6
Sydney,Chalinolobus dwyeri,"Large-eared Pied Bat, Large Pied Bat",Mammal,Endangered,87be081b5ffffff,-34.037325,150.694546,1
Sydney,Chalinolobus dwyeri,"Large-eared Pied Bat, Large Pied Bat",Mammal,Endangered,87be08422ffffff,-33.721864,150.792706,1
Sydney,Chalinolobus dwyeri,"Large-eared Pied Bat, Large Pied Bat",Mammal,Endangered,87be08442ffffff,-33.697645,150.565074,2
Sydney,Chalinolobus dwyeri,"Large-eared Pied Bat, Large Pied Bat",Mammal,Endangered,87be08443ffffff,-33.702551,150.536771,1
Sydney,Chalinolobus dwyeri,"Large-eared Pied Bat, Large Pied Bat",Mammal,Endangered,87be08474ffffff,-33.74659,150.651147,1
Sydney,Chalinolobus dwyeri,"Large-eared Pied Bat, Large Pied Bat",Mammal,Endangered,87be08475ffffff,-33.751515,150.622828,1
Sydney,Chalinolobus dwyeri,"Large-eared Pied Bat, Large Pied Bat",Mammal,Endangered,87be08476ffffff,-33.723712,150.660191,6
Sydney,Chalinolobus dwyeri,"Large-eared Pied Bat, Large Pied Bat",Mammal,Endangered,87be0852cffffff,-33.880172,150.862311,2
Sydney,Chalinolobus dwyeri,"Large-eared Pied Bat, Large Pied Bat",Mammal,Endangered,87be08558ffffff,-33.787418,150.661375,1
Sydney,Chalinolobus dwyeri,"Large-eared Pied Bat, Large Pied Bat",Mammal,Endangered,87be0855affffff,-33.764538,150.670421,1
Sydney,Chalinolobus dwyeri,"Large-eared Pied Bat, Large Pied Bat",Mammal,Endangered,87be08585ffffff,-33.674069,150.943175,1
Sydney,Chalinolobus dwyeri,"Large-eared Pied Bat, Large Pied Bat",Mammal,Endangered,87be08c5bffffff,-34.055273,150.713899,1
Sydney,Chalinolobus dwyeri,"Large-eared Pied Bat, Large Pied Bat",Mammal,Endangered,87be08c84ffffff,-33.954732,151.04433,2
Sydney,Chalinolobus dwyeri,"Large-eared Pied Bat, Large Pied Bat",Mammal,Endangered,87be08c8cffffff,-33.946844,150.968169,2
Sydney,Chalinolobus dwyeri,"Large-eared Pied Bat, Large Pied Bat",Mammal,Endangered,87be08caaffffff,-33.964751,150.987566,1
Sydney,Chalinolobus dwyeri,"Large-eared Pied Bat, Large Pied Bat",Mammal,Endangered,87be08cf4ffffff,-33.997645,150.921792,1
Sydney,Chalinolobus dwyeri,"Large-eared Pied Bat, Large Pied Bat",Mammal,Endangered,87be0e208ffffff,-33.73334,151.209753,1
Sydney,Chalinolobus dwyeri,"Large-eared Pied Bat, Large Pied Bat",Mammal,Endangered,87be0e209ffffff,-33.738394,151.181451,1
Sydney,Chalinolobus dwyeri,"Large-eared Pied Bat, Large Pied Bat",Mammal,Endangered,87be0e20bffffff,-33.71547,151.190357,2
Sydney,Chalinolobus dwyeri,"Large-eared Pied Bat, Large Pied Bat",Mammal,Endangered,87be0e20cffffff,-33.751207,151.229158,1
Sydney,Chalinolobus dwyeri,"Large-eared Pied Bat, Large Pied Bat",Mammal,Endangered,87be0e211ffffff,-33.695201,151.30352,2
Sydney,Chalinolobus dwyeri,"Large-eared Pied Bat, Large Pied Bat",Mammal,Endangered,87be0e218ffffff,-33.682418,151.255828,2
Sydney,Chalinolobus dwyeri,"Large-eared Pied Bat, Large Pied Bat",Mammal,Endangered,87be0e219ffffff,-33.687484,151.227544,1
Sydney,Chalinolobus dwyeri,"Large-eared Pied Bat, Large Pied Bat",Mammal,Endangered,87be0e21effffff,-33.677345,151.28411,4
Sydney,Chalinolobus dwyeri,"Large-eared Pied Bat, Large Pied Bat",Mammal,Endangered,87be0e220ffffff,-33.799716,151.315748,1
Sydney,Chalinolobus dwyeri,"Large-eared Pied Bat, Large Pied Bat",Mammal,Endangered,87be0e221ffffff,-33.804795,151.287426,313
Sydney,Chalinolobus dwyeri,"Large-eared Pied Bat, Large Pied Bat",Mammal,Endangered,87be0e225ffffff,-33.822652,151.306866,244
Sydney,Chalinolobus dwyeri,"Large-eared Pied Bat, Large Pied Bat",Mammal,Endangered,87be0e22affffff,-33.769072,151.248572,4
Sydney,Chalinolobus dwyeri,"Large-eared Pied Bat, Large Pied Bat",Mammal,Endangered,87be0e22effffff,-33.786935,151.267995,1
Sydney,Chalinolobus dwyeri,"Large-eared Pied Bat, Large Pied Bat",Mammal,Endangered,87be0e241ffffff,-33.781462,151.059276,1
Sydney,Chalinolobus dwyeri,"Large-eared Pied Bat, Large Pied Bat",Mammal,Endangered,87be0e244ffffff,-33.794322,151.106981,1
Sydney,Chalinolobus dwyeri,"Large-eared Pied Bat, Large Pied Bat",Mammal,Endangered,87be0e249ffffff,-33.773593,150.983269,1
Sydney,Chalinolobus dwyeri,"Large-eared Pied Bat, Large Pied Bat",Mammal,Endangered,87be0e24affffff,-33.745674,151.020541,1
Sydney,Chalinolobus dwyeri,"Large-eared Pied Bat, Large Pied Bat",Mammal,Endangered,87be0e24effffff,-33.763569,151.039904,1
Sydney,Chalinolobus dwyeri,"Large-eared Pied Bat, Large Pied Bat",Mammal,Endangered,87be0e250ffffff,-33.725564,151.133761,1
Sydney,Chalinolobus dwyeri,"Large-eared Pied Bat, Large Pied Bat",Mammal,Endangered,87be0e252ffffff,-33.702644,151.142678,2
Sydney,Chalinolobus dwyeri,"Large-eared Pied Bat, Large Pied Bat",Mammal,Endangered,87be0e253ffffff,-33.707683,151.114384,1
Sydney,Chalinolobus dwyeri,"Large-eared Pied Bat, Large Pied Bat",Mammal,Endangered,87be0e254ffffff,-33.743443,151.153146,1
Sydney,Chalinolobus dwyeri,"Large-eared Pied Bat, Large Pied Bat",Mammal,Endangered,87be0e256ffffff,-33.72052,151.16206,2
Sydney,Chalinolobus dwyeri,"Large-eared Pied Bat, Large Pied Bat",Mammal,Endangered,87be0e26cffffff,-33.845182,151.060764,3
Sydney,Chalinolobus dwyeri,"Large-eared Pied Bat, Large Pied Bat",Mammal,Endangered,87be0e2aeffffff,-33.626394,151.330114,8
Sydney,Chalinolobus dwyeri,"Large-eared Pied Bat, Large Pied Bat",Mammal,Endangered,87be0e2e5ffffff,-33.697597,151.170969,1
Sydney,Chalinolobus dwyeri,"Large-eared Pied Bat, Large Pied Bat",Mammal,Endangered,87be0e340ffffff,-33.901586,151.223481,1
Sydney,Chalinolobus dwyeri,"Large-eared Pied Bat, Large Pied Bat",Mammal,Endangered,87be0e342ffffff,-33.878657,151.232394,1
Sydney,Chalinolobus dwyeri,"Large-eared Pied Bat, Large Pied Bat",Mammal,Endangered,87be0e346ffffff,-33.896524,151.251838,1
Sydney,Chalinolobus dwyeri,"Large-eared Pied Bat, Large Pied Bat",Mammal,Endangered,87be0e34affffff,-33.870888,151.156266,1
Sydney,Chalinolobus dwyeri,"Large-eared Pied Bat, Large Pied Bat",Mammal,Endangered,87be0e34effffff,-33.888766,151.17569,3
Sydney,Chalinolobus dwyeri,"Large-eared Pied Bat, Large Pied Bat",Mammal,Endangered,87be0e350ffffff,-33.850661,151.269641,3
Sydney,Chalinolobus dwyeri,"Large-eared Pied Bat, Large Pied Bat",Mammal,Endangered,87be0e352ffffff,-33.827728,151.278536,2
Sydney,Chalinolobus dwyeri,"Large-eared Pied Bat, Large Pied Bat",Mammal,Endangered,87be0e355ffffff,-33.873593,151.260742,6
Sydney,Chalinolobus dwyeri,"Large-eared Pied Bat, Large Pied Bat",Mammal,Endangered,87be0e356ffffff,-33.845587,151.297979,3
Sydney,Chalinolobus dwyeri,"Large-eared Pied Bat, Large Pied Bat",Mammal,Endangered,87be0e35dffffff,-33.865841,151.184613,1
Sydney,Charadrius mongolus,"Lesser Sand Plover, Mongolian Plover",Bird,Endangered,87be08d95ffffff,-34.034097,151.198312,10
Sydney,Charadrius mongolus,"Lesser Sand Plover, Mongolian Plover",Bird,Endangered,87be0e206ffffff,-33.73599,151.314067,66
Sydney,Dermochelys coriacea,"Leatherback Turtle, Leathery Turtle, Luth",Reptile,Endangered,87be0e202ffffff,-33.718135,151.294646,1
Sydney,Dermochelys coriacea,"Leatherback Turtle, Leathery Turtle, Luth",Reptile,Endangered,87be0e204ffffff,-33.758926,151.305192,2
Sydney,Dermochelys coriacea,"Leatherback Turtle, Leathery Turtle, Luth",Reptile,Endangered,87be0e211ffffff,-33.695201,151.30352,1
Sydney,Dermochelys coriacea,"Leatherback Turtle, Leathery Turtle, Luth",Reptile,Endangered,87be0e213ffffff,-33.672266,151.312389,1
Sydney,Dermochelys coriacea,"Leatherback Turtle, Leathery Turtle, Luth",Reptile,Endangered,87be0e221ffffff,-33.804795,151.287426,1
Sydney,Dermochelys coriacea,"Leatherback Turtle, Leathery Turtle, Luth",Reptile,Endangered,87be0e285ffffff,-33.603457,151.338969,2
Sydney,Dermochelys coriacea,"Leatherback Turtle, Leathery Turtle, Luth",Reptile,Endangered,87be0e2acffffff,-33.64933,151.321254,1
Sydney,Dermochelys coriacea,"Leatherback Turtle, Leathery Turtle, Luth",Reptile,Endangered,87be0e35bffffff,-33.825042,151.174114,1
Sydney,Eubalaena australis,Southern Right Whale,Mammal,Endangered,87be08d92ffffff,-33.988242,151.216173,1
Sydney,Eubalaena australis,Southern Right Whale,Mammal,Endangered,87be08d96ffffff,-34.006113,151.235639,2
Sydney,Eubalaena australis,Southern Right Whale,Mammal,Endangered,87be0e202ffffff,-33.718135,151.294646,1
Sydney,Eubalaena australis,Southern Right Whale,Mammal,Endangered,87be0e206ffffff,-33.73599,151.314067,2
Sydney,Eubalaena australis,Southern Right Whale,Mammal,Endangered,87be0e211ffffff,-33.695201,151.30352,2
Sydney,Eubalaena australis,Southern Right Whale,Mammal,Endangered,87be0e2acffffff,-33.64933,151.321254,1
Sydney,Eubalaena australis,Southern Right Whale,Mammal,Endangered,87be0e2aeffffff,-33.626394,151.330114,1
Sydney,Eubalaena australis,Southern Right Whale,Mammal,Endangered,87be0e362ffffff,-33.937321,151.262385,1
Sydney,Eubalaena australis,Southern Right Whale,Mammal,Endangered,87be0e371ffffff,-33.914389,151.27129,3
Sydney,Hemiaspis damelii,Grey Snake,Reptile,Endangered,87be081b6ffffff,-34.009504,150.732016,1
Sydney,Hemiaspis damelii,Grey Snake,Reptile,Endangered,87be0852effffff,-33.857274,150.871315,1
Sydney,Hemiaspis damelii,Grey Snake,Reptile,Endangered,87be085aeffffff,-33.696972,150.934209,1
Sydney,Hemiaspis damelii,Grey Snake,Reptile,Endangered,87be08c89ffffff,-33.933926,150.920407,1
Sydney,Hemiaspis damelii,Grey Snake,Reptile,Endangered,87be08c9cffffff,-33.896023,151.014493,2
Sydney,Hemiaspis damelii,Grey Snake,Reptile,Endangered,87be0e20affffff,-33.710412,151.218651,1
Sydney,Hemiaspis damelii,Grey Snake,Reptile,Endangered,87be0e24cffffff,-33.786481,151.030954,1
Sydney,Hemiaspis damelii,Grey Snake,Reptile,Endangered,87be0e252ffffff,-33.702644,151.142678,2
Sydney,Hemiaspis damelii,Grey Snake,Reptile,Endangered,87be0e2acffffff,-33.64933,151.321254,1
Sydney,Hemibelideus lemuroides,Lemuroid Ringtail Possum,Mammal,Endangered,87be0e355ffffff,-33.873593,151.260742,1
Sydney,Hemibelideus lemuroides,Lemuroid Ringtail Possum,Mammal,Endangered,87be0e35bffffff,-33.825042,151.174114,1
Sydney,Hoplocephalus bungaroides,Broad-headed Snake,Reptile,Endangered,87be08455ffffff,-33.692732,150.593375,11
Sydney,Hoplocephalus bungaroides,Broad-headed Snake,Reptile,Endangered,87be08c55ffffff,-34.104148,150.800444,2
Sydney,Hoplocephalus bungaroides,Broad-headed Snake,Reptile,Endangered,87be08ceaffffff,-33.999606,150.788821,1
Sydney,Hoplocephalus bungaroides,Broad-headed Snake,Reptile,Endangered,87be08cf5ffffff,-34.002629,150.893394,3
Sydney,Lepidochelys olivacea,"Olive Ridley Turtle, Pacific Ridley Turtle",Reptile,Endangered,87be08d82ffffff,-34.039144,151.169909,3
Sydney,Limosa limosa,Black-tailed Godwit,Bird,Endangered,87be08c84ffffff,-33.954732,151.04433,1
Sydney,Limosa limosa,Black-tailed Godwit,Bird,Endangered,87be0e261ffffff,-33.840157,151.089105,2
Sydney,Macronectes giganteus,"Southern Giant-Petrel, Southern Giant Petrel",Bird,Endangered,87be08d96ffffff,-34.006113,151.235639,2
Sydney,Macronectes giganteus,"Southern Giant-Petrel, Southern Giant Petrel",Bird,Endangered,87be08db3ffffff,-34.051971,151.217784,1
Sydney,Macronectes giganteus,"Southern Giant-Petrel, Southern Giant Petrel",Bird,Endangered,87be0e204ffffff,-33.758926,151.305192,1
Sydney,Macronectes giganteus,"Southern Giant-Petrel, Southern Giant Petrel",Bird,Endangered,87be0e206ffffff,-33.73599,151.314067,2
Sydney,Macronectes giganteus,"Southern Giant-Petrel, Southern Giant Petrel",Bird,Endangered,87be0e220ffffff,-33.799716,151.315748,6
Sydney,Macronectes giganteus,"Southern Giant-Petrel, Southern Giant Petrel",Bird,Endangered,87be0e221ffffff,-33.804795,151.287426,8
Sydney,Macronectes giganteus,"Southern Giant-Petrel, Southern Giant Petrel",Bird,Endangered,87be0e225ffffff,-33.822652,151.306866,3
Sydney,Macronectes giganteus,"Southern Giant-Petrel, Southern Giant Petrel",Bird,Endangered,87be0e2aeffffff,-33.626394,151.330114,1
Sydney,Macronectes giganteus,"Southern Giant-Petrel, Southern Giant Petrel",Bird,Endangered,87be0e360ffffff,-33.960252,151.253474,7
Sydney,Macronectes giganteus,"Southern Giant-Petrel, Southern Giant Petrel",Bird,Endangered,87be0e362ffffff,-33.937321,151.262385,9
Sydney,Macronectes giganteus,"Southern Giant-Petrel, Southern Giant Petrel",Bird,Endangered,87be0e371ffffff,-33.914389,151.27129,2
Sydney,Macronectes giganteus,"Southern Giant-Petrel, Southern Giant Petrel",Bird,Endangered,87be0eacbffffff,-34.00105,151.26403,4
Sydney,Manorina melanotis,Black-eared Miner,Bird,Endangered,87be0e348ffffff,-33.893811,151.147335,2
Sydney,Neophoca cinerea,"Australian Sea-lion, Australian Sea Lion",Mammal,Endangered,87be08d92ffffff,-33.988242,151.216173,1
Sydney,Neophoca cinerea,"Australian Sea-lion, Australian Sea Lion",Mammal,Endangered,87be0e200ffffff,-33.741069,151.285767,1
Sydney,Neophoca cinerea,"Australian Sea-lion, Australian Sea Lion",Mammal,Endangered,87be0e206ffffff,-33.73599,151.314067,1
Sydney,Neophoca cinerea,"Australian Sea-lion, Australian Sea Lion",Mammal,Endangered,87be0e342ffffff,-33.878657,151.232394,2
Sydney,Neophoca cinerea,"Australian Sea-lion, Australian Sea Lion",Mammal,Endangered,87be0e350ffffff,-33.850661,151.269641,1
Sydney,Neophoca cinerea,"Australian Sea-lion, Australian Sea Lion",Mammal,Endangered,87be0e355ffffff,-33.873593,151.260742,1
Sydney,Neophoca cinerea,"Australian Sea-lion, Australian Sea Lion",Mammal,Endangered,87be0e358ffffff,-33.842916,151.193532,1
Sydney,Neophoca cinerea,"Australian Sea-lion, Australian Sea Lion",Mammal,Endangered,87be0e35cffffff,-33.860788,151.212958,1
Sydney,Petauroides volans,Greater Glider (southern and central),Mammal,Endangered,87be08450ffffff,-33.669859,150.602428,1
Sydney,Pterodroma leucoptera,"Gould's Petrel, Australian Gould's Petrel",Bird,Endangered,87be0e206ffffff,-33.73599,151.314067,1
Sydney,Pterodroma leucoptera,"Gould's Petrel, Australian Gould's Petrel",Bird,Endangered,87be0e220ffffff,-33.799716,151.315748,1
Sydney,Pterodroma leucoptera,"Gould's Petrel, Australian Gould's Petrel",Bird,Endangered,87be0e221ffffff,-33.804795,151.287426,3
Sydney,Pterodroma leucoptera,"Gould's Petrel, Australian Gould's Petrel",Bird,Endangered,87be0e343ffffff,-33.883715,151.204043,1
Sydney,Pterodroma leucoptera,"Gould's Petrel, Australian Gould's Petrel",Bird,Endangered,87be0e35cffffff,-33.860788,151.212958,2
Sydney,Pterodroma leucoptera,"Gould's Petrel, Australian Gould's Petrel",Bird,Endangered,87be0e35effffff,-33.83786,151.221869,1
Sydney,Pterodroma leucoptera,"Gould's Petrel, Australian Gould's Petrel",Bird,Endangered,87be0e362ffffff,-33.937321,151.262385,1
Sydney,Rostratula australis,Australian Painted Snipe,Bird,Endangered,87be08c92ffffff,-33.863073,151.080159,1
Sydney,Rostratula australis,Australian Painted Snipe,Bird,Endangered,87be0e261ffffff,-33.840157,151.089105,1
Sydney,Thalassarche cauta,Shy Albatross,Bird,Endangered,87be08d94ffffff,-34.029043,151.226714,6
Sydney,Thalassarche cauta,Shy Albatross,Bird,Endangered,87be08d95ffffff,-34.034097,151.198312,4
Sydney,Thalassarche cauta,Shy Albatross,Bird,Endangered,87be08d96ffffff,-34.006113,151.235639,14
Sydney,Thalassarche cauta,Shy Albatross,Bird,Endangered,87be08db3ffffff,-34.051971,151.217784,6
Sydney,Thalassarche cauta,Shy Albatross,Bird,Endangered,87be0e204ffffff,-33.758926,151.305192,1
Sydney,Thalassarche cauta,Shy Albatross,Bird,Endangered,87be0e206ffffff,-33.73599,151.314067,78
Sydney,Thalassarche cauta,Shy Albatross,Bird,Endangered,87be0e211ffffff,-33.695201,151.30352,3
Sydney,Thalassarche cauta,Shy Albatross,Bird,Endangered,87be0e213ffffff,-33.672266,151.312389,2
Sydney,Thalassarche cauta,Shy Albatross,Bird,Endangered,87be0e220ffffff,-33.799716,151.315748,100
Sydney,Thalassarche cauta,Shy Albatross,Bird,Endangered,87be0e221ffffff,-33.804795,151.287426,33
Sydney,Thalassarche cauta,Shy Albatross,Bird,Endangered,87be0e223ffffff,-33.78186,151.296311,3
Sydney,Thalassarche cauta,Shy Albatross,Bird,Endangered,87be0e225ffffff,-33.822652,151.306866,20
Sydney,Thalassarche cauta,Shy Albatross,Bird,Endangered,87be0e2acffffff,-33.64933,151.321254,2
Sydney,Thalassarche cauta,Shy Albatross,Bird,Endangered,87be0e2aeffffff,-33.626394,151.330114,9
Sydney,Thalassarche cauta,Shy Albatross,Bird,Endangered,87be0e343ffffff,-33.883715,151.204043,1
Sydney,Thalassarche cauta,Shy Albatross,Bird,Endangered,87be0e34dffffff,-33.916732,151.138399,1
Sydney,Thalassarche cauta,Shy Albatross,Bird,Endangered,87be0e352ffffff,-33.827728,151.278536,1
Sydney,Thalassarche cauta,Shy Albatross,Bird,Endangered,87be0e353ffffff,-33.832797,151.250204,1
Sydney,Thalassarche cauta,Shy Albatross,Bird,Endangered,87be0e354ffffff,-33.868522,151.289088,3
Sydney,Thalassarche cauta,Shy Albatross,Bird,Endangered,87be0e356ffffff,-33.845587,151.297979,4
Sydney,Thalassarche cauta,Shy Albatross,Bird,Endangered,87be0e360ffffff,-33.960252,151.253474,29
Sydney,Thalassarche cauta,Shy Albatross,Bird,Endangered,87be0e362ffffff,-33.937321,151.262385,122
Sydney,Thalassarche cauta,Shy Albatross,Bird,Endangered,87be0e371ffffff,-33.914389,151.27129,3
Sydney,Thalassarche cauta,Shy Albatross,Bird,Endangered,87be0e373ffffff,-33.891455,151.280191,1
Sydney,Thalassarche cauta,Shy Albatross,Bird,Endangered,87be0eacbffffff,-34.00105,151.26403,14
Sydney,Tringa nebularia,"Common Greenshank, Greenshank",Bird,Endangered,87be08ccdffffff,-33.986618,150.741068,1
Sydney,Tringa nebularia,"Common Greenshank, Greenshank",Bird,Endangered,87be08d82ffffff,-34.039144,151.169909,116
Sydney,Tringa nebularia,"Common Greenshank, Greenshank",Bird,Endangered,87be08d95ffffff,-34.034097,151.198312,1
Sydney,Tringa nebularia,"Common Greenshank, Greenshank",Bird,Endangered,87be08d9cffffff,-34.021263,151.150451,1
Sydney,Tringa nebularia,"Common Greenshank, Greenshank",Bird,Endangered,87be0e206ffffff,-33.73599,151.314067,1
Sydney,Tringa nebularia,"Common Greenshank, Greenshank",Bird,Endangered,87be0e261ffffff,-33.840157,151.089105,2
Sydney,Tringa nebularia,"Common Greenshank, Greenshank",Bird,Endangered,87be0e340ffffff,-33.901586,151.223481,1
Sydney,Tringa nebularia,"Common Greenshank, Greenshank",Bird,Endangered,87be0e36bffffff,-33.934614,151.157829,2
Sydney,Tringa nebularia,"Common Greenshank, Greenshank",Bird,Endangered,87be0e36effffff,-33.947442,151.205643,3
Adelaide,Aphelocephala leucopsis,Southern Whiteface,Bird,Vulnerable,87b914516ffffff,-35.290885,138.454025,1
Adelaide,Aphelocephala leucopsis,Southern Whiteface,Bird,Vulnerable,87b916819ffffff,-34.832671,138.577081,1
Adelaide,Aprasia pseudopulchella,Flinders Ranges Worm-lizard,Reptile,Vulnerable,87b916881ffffff,-34.743368,138.680226,15
Adelaide,Aprasia pseudopulchella,Flinders Ranges Worm-lizard,Reptile,Vulnerable,87b916883ffffff,-34.72205,138.692081,1
Adelaide,Aprasia pseudopulchella,Flinders Ranges Worm-lizard,Reptile,Vulnerable,87b916885ffffff,-34.762632,138.696192,2
Adelaide,Aprasia pseudopulchella,Flinders Ranges Worm-lizard,Reptile,Vulnerable,87b9168aeffffff,-34.78395,138.684332,3
Adelaide,Ardenna grisea,Sooty Shearwater,Bird,Vulnerable,87b914512ffffff,-35.271575,138.438038,1
Adelaide,Ardenna grisea,Sooty Shearwater,Bird,Vulnerable,87b91688dffffff,-34.747461,138.624597,4
Adelaide,Ardenna grisea,Sooty Shearwater,Bird,Vulnerable,87b9168eaffffff,-34.778861,138.47369,1
Adelaide,Arenaria interpres,Ruddy Turnstone,Bird,Vulnerable,87b914512ffffff,-35.271575,138.438038,5
Adelaide,Arenaria interpres,Ruddy Turnstone,Bird,Vulnerable,87b916819ffffff,-34.832671,138.577081,1
Adelaide,Arenaria interpres,Ruddy Turnstone,Bird,Vulnerable,87b916875ffffff,-34.941119,138.489708,1
Adelaide,Calidris acuminata,Sharp-tailed Sandpiper,Bird,Vulnerable,87b914512ffffff,-35.271575,138.438038,2
Adelaide,Calidris acuminata,Sharp-tailed Sandpiper,Bird,Vulnerable,87b914514ffffff,-35.312144,138.442042,122
Adelaide,Calidris acuminata,Sharp-tailed Sandpiper,Bird,Vulnerable,87b914516ffffff,-35.290885,138.454025,2
Adelaide,Calidris acuminata,Sharp-tailed Sandpiper,Bird,Vulnerable,87b916819ffffff,-34.832671,138.577081,387
Adelaide,Calidris acuminata,Sharp-tailed Sandpiper,Bird,Vulnerable,87b91681bffffff,-34.811373,138.588968,12
Adelaide,Calidris acuminata,Sharp-tailed Sandpiper,Bird,Vulnerable,87b916874ffffff,-34.939124,138.517566,3
Adelaide,Calidris acuminata,Sharp-tailed Sandpiper,Bird,Vulnerable,87b9168c5ffffff,-34.776856,138.50149,66
Adelaide,Calidris acuminata,Sharp-tailed Sandpiper,Bird,Vulnerable,87b9168c6ffffff,-34.753551,138.541181,2
Adelaide,Calidris acuminata,Sharp-tailed Sandpiper,Bird,Vulnerable,87b9168e0ffffff,-34.815411,138.533321,2
Adelaide,Calidris acuminata,Sharp-tailed Sandpiper,Bird,Vulnerable,87b9168e1ffffff,-34.817421,138.505502,1
Adelaide,Calidris acuminata,Sharp-tailed Sandpiper,Bird,Vulnerable,87b9168e2ffffff,-34.79412,138.545213,1
Adelaide,Calidris acuminata,Sharp-tailed Sandpiper,Bird,Vulnerable,87b9168e3ffffff,-34.796134,138.5174,1
Adelaide,Calidris acuminata,Sharp-tailed Sandpiper,Bird,Vulnerable,87b9168e5ffffff,-34.836701,138.521423,194
Adelaide,Calidris acuminata,Sharp-tailed Sandpiper,Bird,Vulnerable,87b9168eaffffff,-34.778861,138.47369,3
Adelaide,Calidris acuminata,Sharp-tailed Sandpiper,Bird,Vulnerable,87b9168f1ffffff,-34.772825,138.5571,4
Adelaide,Calidris acuminata,Sharp-tailed Sandpiper,Bird,Vulnerable,87b9168f4ffffff,-34.790072,138.60085,1
Adelaide,Charadrius leschenaultii,"Greater Sand Plover, Large Sand Plover",Bird,Vulnerable,87b916819ffffff,-34.832671,138.577081,1
Adelaide,Diomedea antipodensis,Antipodean Albatross,Bird,Vulnerable,87b9145a1ffffff,-35.250315,138.450016,1
Adelaide,Diomedea exulans,Wandering Albatross,Bird,Vulnerable,87b9145a1ffffff,-35.250315,138.450016,2
Adelaide,Gallinago hardwickii,"Latham's Snipe, Japanese Snipe",Bird,Vulnerable,87b914514ffffff,-35.312144,138.442042,2
Adelaide,Gallinago hardwickii,"Latham's Snipe, Japanese Snipe",Bird,Vulnerable,87b914516ffffff,-35.290885,138.454025,4
Adelaide,Gallinago hardwickii,"Latham's Snipe, Japanese Snipe",Bird,Vulnerable,87b914582ffffff,-35.167215,138.469939,2
Adelaide,Gallinago hardwickii,"Latham's Snipe, Japanese Snipe",Bird,Vulnerable,87b914586ffffff,-35.186517,138.485916,1
Adelaide,Gallinago hardwickii,"Latham's Snipe, Japanese Snipe",Bird,Vulnerable,87b914591ffffff,-35.145946,138.481895,1
Adelaide,Gallinago hardwickii,"Latham's Snipe, Japanese Snipe",Bird,Vulnerable,87b914595ffffff,-35.165246,138.497872,17
Adelaide,Gallinago hardwickii,"Latham's Snipe, Japanese Snipe",Bird,Vulnerable,87b916819ffffff,-34.832671,138.577081,15
Adelaide,Gallinago hardwickii,"Latham's Snipe, Japanese Snipe",Bird,Vulnerable,87b91681affffff,-34.809344,138.616797,1
Adelaide,Gallinago hardwickii,"Latham's Snipe, Japanese Snipe",Bird,Vulnerable,87b9168e5ffffff,-34.836701,138.521423,3
Adelaide,Gallinago hardwickii,"Latham's Snipe, Japanese Snipe",Bird,Vulnerable,87b9168f2ffffff,-34.749498,138.596788,15
Adelaide,Gallinago hardwickii,"Latham's Snipe, Japanese Snipe",Bird,Vulnerable,87b9168f4ffffff,-34.790072,138.60085,6
Adelaide,Gallinago hardwickii,"Latham's Snipe, Japanese Snipe",Bird,Vulnerable,87b916960ffffff,-35.099425,138.561628,2
Adelaide,Hirundapus caudacutus,White-throated Needletail,Bird,Vulnerable,87b914516ffffff,-35.290885,138.454025,1
Adelaide,Macrotis lagotis,Greater Bilby,Mammal,Vulnerable,87b916805ffffff,-34.911802,138.613059,2
Adelaide,Neophema chrysostoma,Blue-winged Parrot,Bird,Vulnerable,87b914516ffffff,-35.290885,138.454025,1
Adelaide,Neophema chrysostoma,Blue-winged Parrot,Bird,Vulnerable,87b914595ffffff,-35.165246,138.497872,1
Adelaide,Neophema chrysostoma,Blue-winged Parrot,Bird,Vulnerable,87b916819ffffff,-34.832671,138.577081,1
Adelaide,Neophema chrysostoma,Blue-winged Parrot,Bird,Vulnerable,87b916955ffffff,-35.016269,138.581414,2
Adelaide,Pluvialis squatarola,Grey Plover,Bird,Vulnerable,87b9168eaffffff,-34.778861,138.47369,1
Adelaide,Polytelis alexandrae,"Princess Parrot, Alexandra's Parrot",Bird,Vulnerable,87b916801ffffff,-34.892523,138.597093,1
Adelaide,Polytelis alexandrae,"Princess Parrot, Alexandra's Parrot",Bird,Vulnerable,87b916872ffffff,-34.898555,138.51354,3
Adelaide,Pseudomys novaehollandiae,"Pookila, New Holland Mouse",Mammal,Vulnerable,87b91682bffffff,-34.915833,138.557336,1
Adelaide,Pteropus poliocephalus,Grey-headed Flying-fox,Mammal,Vulnerable,87b914516ffffff,-35.290885,138.454025,4
Adelaide,Pteropus poliocephalus,Grey-headed Flying-fox,Mammal,Vulnerable,87b914532ffffff,-35.331456,138.458038,2
Adelaide,Pteropus poliocephalus,Grey-headed Flying-fox,Mammal,Vulnerable,87b914582ffffff,-35.167215,138.469939,4
Adelaide,Pteropus poliocephalus,Grey-headed Flying-fox,Mammal,Vulnerable,87b914586ffffff,-35.186517,138.485916,6
Adelaide,Pteropus poliocephalus,Grey-headed Flying-fox,Mammal,Vulnerable,87b914590ffffff,-35.143972,138.509823,2
Adelaide,Pteropus poliocephalus,Grey-headed Flying-fox,Mammal,Vulnerable,87b914591ffffff,-35.145946,138.481895,5
Adelaide,Pteropus poliocephalus,Grey-headed Flying-fox,Mammal,Vulnerable,87b914592ffffff,-35.122695,138.521768,2
Adelaide,Pteropus poliocephalus,Grey-headed Flying-fox,Mammal,Vulnerable,87b914595ffffff,-35.165246,138.497872,1
Adelaide,Pteropus poliocephalus,Grey-headed Flying-fox,Mammal,Vulnerable,87b914596ffffff,-35.141991,138.537754,3
Adelaide,Pteropus poliocephalus,Grey-headed Flying-fox,Mammal,Vulnerable,87b91459effffff,-35.126645,138.465928,2
Adelaide,Pteropus poliocephalus,Grey-headed Flying-fox,Mammal,Vulnerable,87b9145a0ffffff,-35.248358,138.477974,2
Adelaide,Pteropus poliocephalus,Grey-headed Flying-fox,Mammal,Vulnerable,87b9145a3ffffff,-35.229052,138.461988,1
Adelaide,Pteropus poliocephalus,Grey-headed Flying-fox,Mammal,Vulnerable,87b9145a4ffffff,-35.267664,138.49397,1
Adelaide,Pteropus poliocephalus,Grey-headed Flying-fox,Mammal,Vulnerable,87b9145a5ffffff,-35.269623,138.466002,1
Adelaide,Pteropus poliocephalus,Grey-headed Flying-fox,Mammal,Vulnerable,87b9145b3ffffff,-35.184546,138.513858,1
Adelaide,Pteropus poliocephalus,Grey-headed Flying-fox,Mammal,Vulnerable,87b916800ffffff,-34.8905,138.624951,224
Adelaide,Pteropus poliocephalus,Grey-headed Flying-fox,Mammal,Vulnerable,87b916801ffffff,-34.892523,138.597093,276
Adelaide,Pteropus poliocephalus,Grey-headed Flying-fox,Mammal,Vulnerable,87b916802ffffff,-34.869195,138.636838,12
Adelaide,Pteropus poliocephalus,Grey-headed Flying-fox,Mammal,Vulnerable,87b916803ffffff,-34.871223,138.608985,12
Adelaide,Pteropus poliocephalus,Grey-headed Flying-fox,Mammal,Vulnerable,87b916804ffffff,-34.909776,138.640927,53
Adelaide,Pteropus poliocephalus,Grey-headed Flying-fox,Mammal,Vulnerable,87b916805ffffff,-34.911802,138.613059,6422
Adelaide,Pteropus poliocephalus,Grey-headed Flying-fox,Mammal,Vulnerable,87b916806ffffff,-34.888469,138.652813,215
Adelaide,Pteropus poliocephalus,Grey-headed Flying-fox,Mammal,Vulnerable,87b916809ffffff,-34.877269,138.525449,150
Adelaide,Pteropus poliocephalus,Grey-headed Flying-fox,Mammal,Vulnerable,87b91680bffffff,-34.855981,138.537352,4
Adelaide,Pteropus poliocephalus,Grey-headed Flying-fox,Mammal,Vulnerable,87b91680cffffff,-34.894541,138.569239,50
Adelaide,Pteropus poliocephalus,Grey-headed Flying-fox,Mammal,Vulnerable,87b91680dffffff,-34.896551,138.541388,22
Adelaide,Pteropus poliocephalus,Grey-headed Flying-fox,Mammal,Vulnerable,87b91680effffff,-34.873245,138.581136,7
Adelaide,Pteropus poliocephalus,Grey-headed Flying-fox,Mammal,Vulnerable,87b916810ffffff,-34.845847,138.67657,26
Adelaide,Pteropus poliocephalus,Grey-headed Flying-fox,Mammal,Vulnerable,87b916811ffffff,-34.847887,138.648719,1
Adelaide,Pteropus poliocephalus,Grey-headed Flying-fox,Mammal,Vulnerable,87b916812ffffff,-34.824533,138.688441,1
Adelaide,Pteropus poliocephalus,Grey-headed Flying-fox,Mammal,Vulnerable,87b916814ffffff,-34.865117,138.692554,57
Adelaide,Pteropus poliocephalus,Grey-headed Flying-fox,Mammal,Vulnerable,87b916815ffffff,-34.867159,138.664694,128
Adelaide,Pteropus poliocephalus,Grey-headed Flying-fox,Mammal,Vulnerable,87b916816ffffff,-34.843801,138.704425,134
Adelaide,Pteropus poliocephalus,Grey-headed Flying-fox,Mammal,Vulnerable,87b916819ffffff,-34.832671,138.577081,1
Adelaide,Pteropus poliocephalus,Grey-headed Flying-fox,Mammal,Vulnerable,87b91681affffff,-34.809344,138.616797,2
Adelaide,Pteropus poliocephalus,Grey-headed Flying-fox,Mammal,Vulnerable,87b91681cffffff,-34.849921,138.620872,4
Adelaide,Pteropus poliocephalus,Grey-headed Flying-fox,Mammal,Vulnerable,87b91681effffff,-34.828616,138.632754,2
Adelaide,Pteropus poliocephalus,Grey-headed Flying-fox,Mammal,Vulnerable,87b916820ffffff,-34.950358,138.64502,44
Adelaide,Pteropus poliocephalus,Grey-headed Flying-fox,Mammal,Vulnerable,87b916821ffffff,-34.952381,138.617138,28
Adelaide,Pteropus poliocephalus,Grey-headed Flying-fox,Mammal,Vulnerable,87b916822ffffff,-34.929052,138.656911,742
Adelaide,Pteropus poliocephalus,Grey-headed Flying-fox,Mammal,Vulnerable,87b916823ffffff,-34.93108,138.629035,133
Adelaide,Pteropus poliocephalus,Grey-headed Flying-fox,Mammal,Vulnerable,87b916824ffffff,-34.969636,138.661014,4
Adelaide,Pteropus poliocephalus,Grey-headed Flying-fox,Mammal,Vulnerable,87b916825ffffff,-34.971661,138.633123,17
Adelaide,Pteropus poliocephalus,Grey-headed Flying-fox,Mammal,Vulnerable,87b916826ffffff,-34.948328,138.672905,92
Adelaide,Pteropus poliocephalus,Grey-headed Flying-fox,Mammal,Vulnerable,87b916828ffffff,-34.935115,138.573293,4
Adelaide,Pteropus poliocephalus,Grey-headed Flying-fox,Mammal,Vulnerable,87b916829ffffff,-34.937123,138.545427,2
Adelaide,Pteropus poliocephalus,Grey-headed Flying-fox,Mammal,Vulnerable,87b91682affffff,-34.913821,138.585196,195
Adelaide,Pteropus poliocephalus,Grey-headed Flying-fox,Mammal,Vulnerable,87b91682bffffff,-34.915833,138.557336,6
Adelaide,Pteropus poliocephalus,Grey-headed Flying-fox,Mammal,Vulnerable,87b91682cffffff,-34.954398,138.589259,36
Adelaide,Pteropus poliocephalus,Grey-headed Flying-fox,Mammal,Vulnerable,87b91682dffffff,-34.956407,138.561385,2
Adelaide,Pteropus poliocephalus,Grey-headed Flying-fox,Mammal,Vulnerable,87b91682effffff,-34.933101,138.601162,46
Adelaide,Pteropus poliocephalus,Grey-headed Flying-fox,Mammal,Vulnerable,87b916830ffffff,-34.905704,138.696672,12
Adelaide,Pteropus poliocephalus,Grey-headed Flying-fox,Mammal,Vulnerable,87b916831ffffff,-34.907743,138.668798,30
Adelaide,Pteropus poliocephalus,Grey-headed Flying-fox,Mammal,Vulnerable,87b916832ffffff,-34.884387,138.708548,10
Adelaide,Pteropus poliocephalus,Grey-headed Flying-fox,Mammal,Vulnerable,87b916833ffffff,-34.886432,138.680679,61
Adelaide,Pteropus poliocephalus,Grey-headed Flying-fox,Mammal,Vulnerable,87b916834ffffff,-34.924976,138.712675,10
Adelaide,Pteropus poliocephalus,Grey-headed Flying-fox,Mammal,Vulnerable,87b916835ffffff,-34.927017,138.684791,303
Adelaide,Pteropus poliocephalus,Grey-headed Flying-fox,Mammal,Vulnerable,87b916850ffffff,-34.859987,138.48169,2
Adelaide,Pteropus poliocephalus,Grey-headed Flying-fox,Mammal,Vulnerable,87b916854ffffff,-34.879271,138.497611,220
Adelaide,Pteropus poliocephalus,Grey-headed Flying-fox,Mammal,Vulnerable,87b916856ffffff,-34.857987,138.509519,3
Adelaide,Pteropus poliocephalus,Grey-headed Flying-fox,Mammal,Vulnerable,87b916870ffffff,-34.919838,138.501627,2
Adelaide,Pteropus poliocephalus,Grey-headed Flying-fox,Mammal,Vulnerable,87b916872ffffff,-34.898555,138.51354,1
Adelaide,Pteropus poliocephalus,Grey-headed Flying-fox,Mammal,Vulnerable,87b916874ffffff,-34.939124,138.517566,1
Adelaide,Pteropus poliocephalus,Grey-headed Flying-fox,Mammal,Vulnerable,87b916875ffffff,-34.941119,138.489708,1
Adelaide,Pteropus poliocephalus,Grey-headed Flying-fox,Mammal,Vulnerable,87b916876ffffff,-34.917839,138.529479,10
Adelaide,Pteropus poliocephalus,Grey-headed Flying-fox,Mammal,Vulnerable,87b916881ffffff,-34.743368,138.680226,1
Adelaide,Pteropus poliocephalus,Grey-headed Flying-fox,Mammal,Vulnerable,87b916883ffffff,-34.72205,138.692081,2
Adelaide,Pteropus poliocephalus,Grey-headed Flying-fox,Mammal,Vulnerable,87b916884ffffff,-34.760573,138.724021,1
Adelaide,Pteropus poliocephalus,Grey-headed Flying-fox,Mammal,Vulnerable,87b916885ffffff,-34.762632,138.696192,2
Adelaide,Pteropus poliocephalus,Grey-headed Flying-fox,Mammal,Vulnerable,87b91688effffff,-34.724104,138.66427,2
Adelaide,Pteropus poliocephalus,Grey-headed Flying-fox,Mammal,Vulnerable,87b916898ffffff,-34.681469,138.687975,2
Adelaide,Pteropus poliocephalus,Grey-headed Flying-fox,Mammal,Vulnerable,87b91689affffff,-34.660147,138.69982,1
Adelaide,Pteropus poliocephalus,Grey-headed Flying-fox,Mammal,Vulnerable,87b91689dffffff,-34.702788,138.676125,2
Adelaide,Pteropus poliocephalus,Grey-headed Flying-fox,Mammal,Vulnerable,87b9168a0ffffff,-34.801159,138.72815,4
Adelaide,Pteropus poliocephalus,Grey-headed Flying-fox,Mammal,Vulnerable,87b9168a1ffffff,-34.803215,138.700306,5
Adelaide,Pteropus poliocephalus,Grey-headed Flying-fox,Mammal,Vulnerable,87b9168a2ffffff,-34.779835,138.740004,2
Adelaide,Pteropus poliocephalus,Grey-headed Flying-fox,Mammal,Vulnerable,87b9168a3ffffff,-34.781895,138.712166,1
Adelaide,Pteropus poliocephalus,Grey-headed Flying-fox,Mammal,Vulnerable,87b9168a4ffffff,-34.820423,138.744143,5
Adelaide,Pteropus poliocephalus,Grey-headed Flying-fox,Mammal,Vulnerable,87b9168a5ffffff,-34.822481,138.71629,183
Adelaide,Pteropus poliocephalus,Grey-headed Flying-fox,Mammal,Vulnerable,87b9168a6ffffff,-34.799096,138.755997,1
Adelaide,Pteropus poliocephalus,Grey-headed Flying-fox,Mammal,Vulnerable,87b9168abffffff,-34.766729,138.640544,7
Adelaide,Pteropus poliocephalus,Grey-headed Flying-fox,Mammal,Vulnerable,87b9168acffffff,-34.805265,138.672466,3
Adelaide,Pteropus poliocephalus,Grey-headed Flying-fox,Mammal,Vulnerable,87b9168adffffff,-34.807308,138.64463,3
Adelaide,Pteropus poliocephalus,Grey-headed Flying-fox,Mammal,Vulnerable,87b9168aeffffff,-34.78395,138.684332,2
Adelaide,Pteropus poliocephalus,Grey-headed Flying-fox,Mammal,Vulnerable,87b9168c6ffffff,-34.753551,138.541181,1
Adelaide,Pteropus poliocephalus,Grey-headed Flying-fox,Mammal,Vulnerable,87b9168e0ffffff,-34.815411,138.533321,8
Adelaide,Pteropus poliocephalus,Grey-headed Flying-fox,Mammal,Vulnerable,87b9168e3ffffff,-34.796134,138.5174,1
Adelaide,Pteropus poliocephalus,Grey-headed Flying-fox,Mammal,Vulnerable,87b9168f0ffffff,-34.7708,138.584911,2
Adelaide,Pteropus poliocephalus,Grey-headed Flying-fox,Mammal,Vulnerable,87b9168f2ffffff,-34.749498,138.596788,1
Adelaide,Pteropus poliocephalus,Grey-headed Flying-fox,Mammal,Vulnerable,87b9168f4ffffff,-34.790072,138.60085,2
Adelaide,Pteropus poliocephalus,Grey-headed Flying-fox,Mammal,Vulnerable,87b9168f5ffffff,-34.792099,138.57303,2
Adelaide,Pteropus poliocephalus,Grey-headed Flying-fox,Mammal,Vulnerable,87b9168f6ffffff,-34.768768,138.612726,2
Adelaide,Pteropus poliocephalus,Grey-headed Flying-fox,Mammal,Vulnerable,87b916909ffffff,-35.012244,138.637214,14
Adelaide,Pteropus poliocephalus,Grey-headed Flying-fox,Mammal,Vulnerable,87b91690bffffff,-34.990941,138.649117,1
Adelaide,Pteropus poliocephalus,Grey-headed Flying-fox,Mammal,Vulnerable,87b916919ffffff,-34.967604,138.688908,28
Adelaide,Pteropus poliocephalus,Grey-headed Flying-fox,Mammal,Vulnerable,87b91691bffffff,-34.946291,138.700794,2
Adelaide,Pteropus poliocephalus,Grey-headed Flying-fox,Mammal,Vulnerable,87b916940ffffff,-35.039557,138.541595,1
Adelaide,Pteropus poliocephalus,Grey-headed Flying-fox,Mammal,Vulnerable,87b916941ffffff,-35.041548,138.513699,1
Adelaide,Pteropus poliocephalus,Grey-headed Flying-fox,Mammal,Vulnerable,87b916942ffffff,-35.018271,138.553519,5
Adelaide,Pteropus poliocephalus,Grey-headed Flying-fox,Mammal,Vulnerable,87b916943ffffff,-35.020267,138.525628,407
Adelaide,Pteropus poliocephalus,Grey-headed Flying-fox,Mammal,Vulnerable,87b916944ffffff,-35.058848,138.557572,1
Adelaide,Pteropus poliocephalus,Grey-headed Flying-fox,Mammal,Vulnerable,87b916945ffffff,-35.06084,138.529666,1
Adelaide,Pteropus poliocephalus,Grey-headed Flying-fox,Mammal,Vulnerable,87b916946ffffff,-35.03756,138.569496,2
Adelaide,Pteropus poliocephalus,Grey-headed Flying-fox,Mammal,Vulnerable,87b916950ffffff,-34.994976,138.593327,2
Adelaide,Pteropus poliocephalus,Grey-headed Flying-fox,Mammal,Vulnerable,87b916951ffffff,-34.996983,138.565438,16
Adelaide,Pteropus poliocephalus,Grey-headed Flying-fox,Mammal,Vulnerable,87b916952ffffff,-34.97368,138.605235,13
Adelaide,Pteropus poliocephalus,Grey-headed Flying-fox,Mammal,Vulnerable,87b916953ffffff,-34.975692,138.577351,17
Adelaide,Pteropus poliocephalus,Grey-headed Flying-fox,Mammal,Vulnerable,87b916954ffffff,-35.01426,138.609312,8
Adelaide,Pteropus poliocephalus,Grey-headed Flying-fox,Mammal,Vulnerable,87b916955ffffff,-35.016269,138.581414,1
Adelaide,Pteropus poliocephalus,Grey-headed Flying-fox,Mammal,Vulnerable,87b916956ffffff,-34.992962,138.62122,16
Adelaide,Pteropus poliocephalus,Grey-headed Flying-fox,Mammal,Vulnerable,87b91695cffffff,-34.998983,138.537553,463
Adelaide,Pteropus poliocephalus,Grey-headed Flying-fox,Mammal,Vulnerable,87b91695dffffff,-35.000977,138.509671,3
Adelaide,Pteropus poliocephalus,Grey-headed Flying-fox,Mammal,Vulnerable,87b91695effffff,-34.977697,138.549471,4
Adelaide,Pteropus poliocephalus,Grey-headed Flying-fox,Mammal,Vulnerable,87b916960ffffff,-35.099425,138.561628,3
Adelaide,Pteropus poliocephalus,Grey-headed Flying-fox,Mammal,Vulnerable,87b916961ffffff,-35.101415,138.533708,1
Adelaide,Pteropus poliocephalus,Grey-headed Flying-fox,Mammal,Vulnerable,87b916962ffffff,-35.078138,138.573557,2
Adelaide,Pteropus poliocephalus,Grey-headed Flying-fox,Mammal,Vulnerable,87b916963ffffff,-35.080133,138.545642,1
Adelaide,Pteropus poliocephalus,Grey-headed Flying-fox,Mammal,Vulnerable,87b91696affffff,-35.062827,138.501764,2
Adelaide,Pteropus poliocephalus,Grey-headed Flying-fox,Mammal,Vulnerable,87b91696cffffff,-35.103398,138.505791,2
Adelaide,Pteropus poliocephalus,Grey-headed Flying-fox,Mammal,Vulnerable,87b91696dffffff,-35.105375,138.477879,2
Adelaide,Pteropus poliocephalus,Grey-headed Flying-fox,Mammal,Vulnerable,87b91696effffff,-35.082121,138.517731,1
Adelaide,Pteropus poliocephalus,Grey-headed Flying-fox,Mammal,Vulnerable,87b916970ffffff,-35.054842,138.613394,25
Adelaide,Pteropus poliocephalus,Grey-headed Flying-fox,Mammal,Vulnerable,87b916971ffffff,-35.056848,138.585481,2
Adelaide,Pteropus poliocephalus,Grey-headed Flying-fox,Mammal,Vulnerable,87b916972ffffff,-35.033544,138.625307,49
Adelaide,Pteropus poliocephalus,Grey-headed Flying-fox,Mammal,Vulnerable,87b916973ffffff,-35.035555,138.597399,3
Adelaide,Pteropus poliocephalus,Grey-headed Flying-fox,Mammal,Vulnerable,87b916975ffffff,-35.076136,138.601476,1
Adelaide,Pteropus poliocephalus,Grey-headed Flying-fox,Mammal,Vulnerable,87b916989ffffff,-34.863069,138.720418,13
Adelaide,Pteropus poliocephalus,Grey-headed Flying-fox,Mammal,Vulnerable,87b91698bffffff,-34.841747,138.732283,3
Adelaide,Pteropus poliocephalus,Grey-headed Flying-fox,Mammal,Vulnerable,87be49249ffffff,-35.310195,138.470021,1
Adelaide,Pteropus poliocephalus,Grey-headed Flying-fox,Mammal,Vulnerable,87be4924bffffff,-35.288931,138.481998,2
Adelaide,Pteropus poliocephalus,Grey-headed Flying-fox,Mammal,Vulnerable,87be492dbffffff,-35.095424,138.61748,1
Adelaide,Stagonopleura guttata,Diamond Firetail,Bird,Vulnerable,87b914516ffffff,-35.290885,138.454025,1
Adelaide,Stagonopleura guttata,Diamond Firetail,Bird,Vulnerable,87b914595ffffff,-35.165246,138.497872,1
Adelaide,Stagonopleura guttata,Diamond Firetail,Bird,Vulnerable,87b916884ffffff,-34.760573,138.724021,1
Adelaide,Stagonopleura guttata,Diamond Firetail,Bird,Vulnerable,87b9168aeffffff,-34.78395,138.684332,1
Adelaide,Stagonopleura guttata,Diamond Firetail,Bird,Vulnerable,87b916960ffffff,-35.099425,138.561628,1
Adelaide,Sternula albifrons,Little Tern,Bird,Vulnerable,87b914512ffffff,-35.271575,138.438038,1
Adelaide,Sternula albifrons,Little Tern,Bird,Vulnerable,87b914514ffffff,-35.312144,138.442042,1
Adelaide,Sternula albifrons,Little Tern,Bird,Vulnerable,87b9168c5ffffff,-34.776856,138.50149,1
Adelaide,Xenus cinereus,Terek Sandpiper,Bird,Vulnerable,87b9168c5ffffff,-34.776856,138.50149,3
Adelaide,Xenus cinereus,Terek Sandpiper,Bird,Vulnerable,87b9168e5ffffff,-34.836701,138.521423,10
Brisbane,Arenaria interpres,Ruddy Turnstone,Bird,Vulnerable,87be8d115ffffff,-27.413433,153.081675,1
Brisbane,Arenaria interpres,Ruddy Turnstone,Bird,Vulnerable,87be8d181ffffff,-27.287864,153.076068,10
Brisbane,Arenaria interpres,Ruddy Turnstone,Bird,Vulnerable,87be8d182ffffff,-27.259678,153.110078,43
Brisbane,Arenaria interpres,Ruddy Turnstone,Bird,Vulnerable,87be8d18dffffff,-27.298747,153.023633,3
Brisbane,Arenaria interpres,Ruddy Turnstone,Bird,Vulnerable,87be8d191ffffff,-27.236942,153.117871,1
Brisbane,Arenaria interpres,Ruddy Turnstone,Bird,Vulnerable,87be8d193ffffff,-27.214207,153.125659,1
Brisbane,Arenaria interpres,Ruddy Turnstone,Bird,Vulnerable,87be8d19effffff,-27.219659,153.099466,1
Brisbane,Arenaria interpres,Ruddy Turnstone,Bird,Vulnerable,87be8d1a1ffffff,-27.34519,153.105102,3
Brisbane,Arenaria interpres,Ruddy Turnstone,Bird,Vulnerable,87be8d1aaffffff,-27.310603,153.068261,7
Brisbane,Arenaria interpres,Ruddy Turnstone,Bird,Vulnerable,87be8d1aeffffff,-27.327897,153.086678,4
Brisbane,Arenaria interpres,Ruddy Turnstone,Bird,Vulnerable,87be8d56dffffff,-27.196927,153.107258,304
Brisbane,Arenaria interpres,Ruddy Turnstone,Bird,Vulnerable,87be8d893ffffff,-27.494454,153.200221,1
Brisbane,Arenaria interpres,Ruddy Turnstone,Bird,Vulnerable,87be8d8b3ffffff,-27.551808,153.229403,1
Brisbane,Arenaria interpres,Ruddy Turnstone,Bird,Vulnerable,87be8d8b6ffffff,-27.563614,153.27419,2
Brisbane,Arenaria interpres,Ruddy Turnstone,Bird,Vulnerable,87be8d8dbffffff,-27.526186,152.945242,1
Brisbane,Arenaria interpres,Ruddy Turnstone,Bird,Vulnerable,87be8d99affffff,-27.603681,153.284922,1
Brisbane,Arenaria interpres,Ruddy Turnstone,Bird,Vulnerable,87be8dc48ffffff,-27.397063,153.160417,1
Brisbane,Arenaria interpres,Ruddy Turnstone,Bird,Vulnerable,87be8dc4affffff,-27.374311,153.168208,3
Brisbane,Arenaria interpres,Ruddy Turnstone,Bird,Vulnerable,87be8dc4cffffff,-27.414352,153.17887,7
Brisbane,Arenaria interpres,Ruddy Turnstone,Bird,Vulnerable,87be8dc58ffffff,-27.346092,153.202224,3
Brisbane,Arenaria interpres,Ruddy Turnstone,Bird,Vulnerable,87be8dc59ffffff,-27.35156,153.175996,8
Brisbane,Arenaria interpres,Ruddy Turnstone,Bird,Vulnerable,87be8dc5dffffff,-27.368843,153.194443,15
Brisbane,Arenaria interpres,Ruddy Turnstone,Bird,Vulnerable,87be8dc61ffffff,-27.466213,153.234273,253
Brisbane,Arenaria interpres,Ruddy Turnstone,Bird,Vulnerable,87be8dc65ffffff,-27.483498,153.252755,383
Brisbane,Arenaria interpres,Ruddy Turnstone,Bird,Vulnerable,87be8dc68ffffff,-27.4544,153.189541,390
Brisbane,Arenaria interpres,Ruddy Turnstone,Bird,Vulnerable,87be8dc6bffffff,-27.437109,153.171077,6
Brisbane,Arenaria interpres,Ruddy Turnstone,Bird,Vulnerable,87be8dc6cffffff,-27.47169,153.208011,12
Brisbane,Arenaria interpres,Ruddy Turnstone,Bird,Vulnerable,87be8dd48ffffff,-27.518065,153.289741,10
Brisbane,Arenaria interpres,Ruddy Turnstone,Bird,Vulnerable,87be8dd4dffffff,-27.540839,153.281967,1
Brisbane,Calidris acuminata,Sharp-tailed Sandpiper,Bird,Vulnerable,87be8d011ffffff,-27.274994,152.934414,2
Brisbane,Calidris acuminata,Sharp-tailed Sandpiper,Bird,Vulnerable,87be8d032ffffff,-27.304181,152.99741,1
Brisbane,Calidris acuminata,Sharp-tailed Sandpiper,Bird,Vulnerable,87be8d0a1ffffff,-27.224119,152.976288,1
Brisbane,Calidris acuminata,Sharp-tailed Sandpiper,Bird,Vulnerable,87be8d0a4ffffff,-27.235985,153.020872,1
Brisbane,Calidris acuminata,Sharp-tailed Sandpiper,Bird,Vulnerable,87be8d0aeffffff,-27.206819,152.957915,1
Brisbane,Calidris acuminata,Sharp-tailed Sandpiper,Bird,Vulnerable,87be8d0b3ffffff,-27.150519,153.025923,4
Brisbane,Calidris acuminata,Sharp-tailed Sandpiper,Bird,Vulnerable,87be8d0b5ffffff,-27.19053,153.036493,17
Brisbane,Calidris acuminata,Sharp-tailed Sandpiper,Bird,Vulnerable,87be8d110ffffff,-27.390683,153.089488,13
Brisbane,Calidris acuminata,Sharp-tailed Sandpiper,Bird,Vulnerable,87be8d112ffffff,-27.367936,153.097297,18
Brisbane,Calidris acuminata,Sharp-tailed Sandpiper,Bird,Vulnerable,87be8d114ffffff,-27.407981,153.107925,78
Brisbane,Calidris acuminata,Sharp-tailed Sandpiper,Bird,Vulnerable,87be8d115ffffff,-27.413433,153.081675,752
Brisbane,Calidris acuminata,Sharp-tailed Sandpiper,Bird,Vulnerable,87be8d116ffffff,-27.385231,153.115731,3
Brisbane,Calidris acuminata,Sharp-tailed Sandpiper,Bird,Vulnerable,87be8d11cffffff,-27.401574,153.036993,1
Brisbane,Calidris acuminata,Sharp-tailed Sandpiper,Bird,Vulnerable,87be8d12affffff,-27.46982,153.0135,3
Brisbane,Calidris acuminata,Sharp-tailed Sandpiper,Bird,Vulnerable,87be8d130ffffff,-27.448032,153.118563,2
Brisbane,Calidris acuminata,Sharp-tailed Sandpiper,Bird,Vulnerable,87be8d136ffffff,-27.442573,153.144822,589
Brisbane,Calidris acuminata,Sharp-tailed Sandpiper,Bird,Vulnerable,87be8d181ffffff,-27.287864,153.076068,11
Brisbane,Calidris acuminata,Sharp-tailed Sandpiper,Bird,Vulnerable,87be8d182ffffff,-27.259678,153.110078,2
Brisbane,Calidris acuminata,Sharp-tailed Sandpiper,Bird,Vulnerable,87be8d183ffffff,-27.265127,153.083872,1
Brisbane,Calidris acuminata,Sharp-tailed Sandpiper,Bird,Vulnerable,87be8d188ffffff,-27.276012,153.03145,338
Brisbane,Calidris acuminata,Sharp-tailed Sandpiper,Bird,Vulnerable,87be8d18bffffff,-27.258715,153.013055,2
Brisbane,Calidris acuminata,Sharp-tailed Sandpiper,Bird,Vulnerable,87be8d18cffffff,-27.293308,153.049852,59
Brisbane,Calidris acuminata,Sharp-tailed Sandpiper,Bird,Vulnerable,87be8d18dffffff,-27.298747,153.023633,522
Brisbane,Calidris acuminata,Sharp-tailed Sandpiper,Bird,Vulnerable,87be8d18effffff,-27.270572,153.057662,46
Brisbane,Calidris acuminata,Sharp-tailed Sandpiper,Bird,Vulnerable,87be8d198ffffff,-27.225106,153.073271,245
Brisbane,Calidris acuminata,Sharp-tailed Sandpiper,Bird,Vulnerable,87be8d199ffffff,-27.230548,153.047073,102
Brisbane,Calidris acuminata,Sharp-tailed Sandpiper,Bird,Vulnerable,87be8d19affffff,-27.202375,153.08107,161
Brisbane,Calidris acuminata,Sharp-tailed Sandpiper,Bird,Vulnerable,87be8d19bffffff,-27.207818,153.054878,34
Brisbane,Calidris acuminata,Sharp-tailed Sandpiper,Bird,Vulnerable,87be8d19cffffff,-27.242392,153.091671,1
Brisbane,Calidris acuminata,Sharp-tailed Sandpiper,Bird,Vulnerable,87be8d19dffffff,-27.247838,153.065469,65
Brisbane,Calidris acuminata,Sharp-tailed Sandpiper,Bird,Vulnerable,87be8d19effffff,-27.219659,153.099466,1
Brisbane,Calidris acuminata,Sharp-tailed Sandpiper,Bird,Vulnerable,87be8d1a1ffffff,-27.34519,153.105102,189
Brisbane,Calidris acuminata,Sharp-tailed Sandpiper,Bird,Vulnerable,87be8d1a8ffffff,-27.333343,153.06045,5
Brisbane,Calidris acuminata,Sharp-tailed Sandpiper,Bird,Vulnerable,87be8d1aaffffff,-27.310603,153.068261,253
Brisbane,Calidris acuminata,Sharp-tailed Sandpiper,Bird,Vulnerable,87be8d1acffffff,-27.35064,153.07887,49
Brisbane,Calidris acuminata,Sharp-tailed Sandpiper,Bird,Vulnerable,87be8d1aeffffff,-27.327897,153.086678,20
Brisbane,Calidris acuminata,Sharp-tailed Sandpiper,Bird,Vulnerable,87be8d56dffffff,-27.196927,153.107258,14
Brisbane,Calidris acuminata,Sharp-tailed Sandpiper,Bird,Vulnerable,87be8d892ffffff,-27.488979,153.22649,3
Brisbane,Calidris acuminata,Sharp-tailed Sandpiper,Bird,Vulnerable,87be8d893ffffff,-27.494454,153.200221,4
Brisbane,Calidris acuminata,Sharp-tailed Sandpiper,Bird,Vulnerable,87be8d8b6ffffff,-27.563614,153.27419,5
Brisbane,Calidris acuminata,Sharp-tailed Sandpiper,Bird,Vulnerable,87be8d8c9ffffff,-27.59987,152.895333,5
Brisbane,Calidris acuminata,Sharp-tailed Sandpiper,Bird,Vulnerable,87be8d8deffffff,-27.538082,152.989972,1
Brisbane,Calidris acuminata,Sharp-tailed Sandpiper,Bird,Vulnerable,87be8d988ffffff,-27.677515,153.235243,2
Brisbane,Calidris acuminata,Sharp-tailed Sandpiper,Bird,Vulnerable,87be8d989ffffff,-27.682995,153.20892,28
Brisbane,Calidris acuminata,Sharp-tailed Sandpiper,Bird,Vulnerable,87be8d98dffffff,-27.7003,153.227442,36
Brisbane,Calidris acuminata,Sharp-tailed Sandpiper,Bird,Vulnerable,87be8dba1ffffff,-27.701721,152.811097,1
Brisbane,Calidris acuminata,Sharp-tailed Sandpiper,Bird,Vulnerable,87be8dc48ffffff,-27.397063,153.160417,87
Brisbane,Calidris acuminata,Sharp-tailed Sandpiper,Bird,Vulnerable,87be8dc4affffff,-27.374311,153.168208,15
Brisbane,Calidris acuminata,Sharp-tailed Sandpiper,Bird,Vulnerable,87be8dc4bffffff,-27.379773,153.141971,37
Brisbane,Calidris acuminata,Sharp-tailed Sandpiper,Bird,Vulnerable,87be8dc4cffffff,-27.414352,153.17887,508
Brisbane,Calidris acuminata,Sharp-tailed Sandpiper,Bird,Vulnerable,87be8dc4dffffff,-27.419817,153.152621,2
Brisbane,Calidris acuminata,Sharp-tailed Sandpiper,Bird,Vulnerable,87be8dc4effffff,-27.391597,153.186658,6
Brisbane,Calidris acuminata,Sharp-tailed Sandpiper,Bird,Vulnerable,87be8dc58ffffff,-27.346092,153.202224,6
Brisbane,Calidris acuminata,Sharp-tailed Sandpiper,Bird,Vulnerable,87be8dc59ffffff,-27.35156,153.175996,8
Brisbane,Calidris acuminata,Sharp-tailed Sandpiper,Bird,Vulnerable,87be8dc5dffffff,-27.368843,153.194443,889
Brisbane,Calidris acuminata,Sharp-tailed Sandpiper,Bird,Vulnerable,87be8dc61ffffff,-27.466213,153.234273,93
Brisbane,Calidris acuminata,Sharp-tailed Sandpiper,Bird,Vulnerable,87be8dc65ffffff,-27.483498,153.252755,545
Brisbane,Calidris acuminata,Sharp-tailed Sandpiper,Bird,Vulnerable,87be8dc68ffffff,-27.4544,153.189541,447
Brisbane,Calidris acuminata,Sharp-tailed Sandpiper,Bird,Vulnerable,87be8dc6bffffff,-27.437109,153.171077,180
Brisbane,Calidris acuminata,Sharp-tailed Sandpiper,Bird,Vulnerable,87be8dc6cffffff,-27.47169,153.208011,169
Brisbane,Calidris acuminata,Sharp-tailed Sandpiper,Bird,Vulnerable,87be8dc6dffffff,-27.477162,153.181747,2
Brisbane,Calidris acuminata,Sharp-tailed Sandpiper,Bird,Vulnerable,87be8dd48ffffff,-27.518065,153.289741,2
Brisbane,Calidris acuminata,Sharp-tailed Sandpiper,Bird,Vulnerable,87be8dd4dffffff,-27.540839,153.281967,4
Brisbane,Calidris acuminata,Sharp-tailed Sandpiper,Bird,Vulnerable,87be8dd6bffffff,-27.558123,153.300475,45
Brisbane,Calidris acuminata,Sharp-tailed Sandpiper,Bird,Vulnerable,87be8dd6dffffff,-27.598188,153.311218,3
Brisbane,Calidris canutus,"Red Knot, Knot",Bird,Vulnerable,87be8d0b5ffffff,-27.19053,153.036493,7
Brisbane,Calidris canutus,"Red Knot, Knot",Bird,Vulnerable,87be8d115ffffff,-27.413433,153.081675,3
Brisbane,Calidris canutus,"Red Knot, Knot",Bird,Vulnerable,87be8d181ffffff,-27.287864,153.076068,5
Brisbane,Calidris canutus,"Red Knot, Knot",Bird,Vulnerable,87be8d188ffffff,-27.276012,153.03145,26
Brisbane,Calidris canutus,"Red Knot, Knot",Bird,Vulnerable,87be8d18cffffff,-27.293308,153.049852,10
Brisbane,Calidris canutus,"Red Knot, Knot",Bird,Vulnerable,87be8d18dffffff,-27.298747,153.023633,90
Brisbane,Calidris canutus,"Red Knot, Knot",Bird,Vulnerable,87be8d18effffff,-27.270572,153.057662,2
Brisbane,Calidris canutus,"Red Knot, Knot",Bird,Vulnerable,87be8d198ffffff,-27.225106,153.073271,2
Brisbane,Calidris canutus,"Red Knot, Knot",Bird,Vulnerable,87be8d199ffffff,-27.230548,153.047073,18
Brisbane,Calidris canutus,"Red Knot, Knot",Bird,Vulnerable,87be8d19affffff,-27.202375,153.08107,1
Brisbane,Calidris canutus,"Red Knot, Knot",Bird,Vulnerable,87be8d19dffffff,-27.247838,153.065469,6
Brisbane,Calidris canutus,"Red Knot, Knot",Bird,Vulnerable,87be8d1a1ffffff,-27.34519,153.105102,23
Brisbane,Calidris canutus,"Red Knot, Knot",Bird,Vulnerable,87be8d1aaffffff,-27.310603,153.068261,2
Brisbane,Calidris canutus,"Red Knot, Knot",Bird,Vulnerable,87be8d1acffffff,-27.35064,153.07887,1
Brisbane,Calidris canutus,"Red Knot, Knot",Bird,Vulnerable,87be8d1aeffffff,-27.327897,153.086678,15
Brisbane,Calidris canutus,"Red Knot, Knot",Bird,Vulnerable,87be8dc48ffffff,-27.397063,153.160417,7
Brisbane,Calidris canutus,"Red Knot, Knot",Bird,Vulnerable,87be8dc4affffff,-27.374311,153.168208,2
Brisbane,Calidris canutus,"Red Knot, Knot",Bird,Vulnerable,87be8dc4bffffff,-27.379773,153.141971,6
Brisbane,Calidris canutus,"Red Knot, Knot",Bird,Vulnerable,87be8dc4cffffff,-27.414352,153.17887,207
Brisbane,Calidris canutus,"Red Knot, Knot",Bird,Vulnerable,87be8dc4dffffff,-27.419817,153.152621,2
Brisbane,Calidris canutus,"Red Knot, Knot",Bird,Vulnerable,87be8dc4effffff,-27.391597,153.186658,2
Brisbane,Calidris canutus,"Red Knot, Knot",Bird,Vulnerable,87be8dc58ffffff,-27.346092,153.202224,1
Brisbane,Calidris canutus,"Red Knot, Knot",Bird,Vulnerable,87be8dc5dffffff,-27.368843,153.194443,68
Brisbane,Calidris canutus,"Red Knot, Knot",Bird,Vulnerable,87be8dc61ffffff,-27.466213,153.234273,17
Brisbane,Calidris canutus,"Red Knot, Knot",Bird,Vulnerable,87be8dc65ffffff,-27.483498,153.252755,72
Brisbane,Calidris canutus,"Red Knot, Knot",Bird,Vulnerable,87be8dc68ffffff,-27.4544,153.189541,206
Brisbane,Calidris canutus,"Red Knot, Knot",Bird,Vulnerable,87be8dc6bffffff,-27.437109,153.171077,18
Brisbane,Calidris canutus,"Red Knot, Knot",Bird,Vulnerable,87be8dc6cffffff,-27.47169,153.208011,214
Brisbane,Calidris canutus,"Red Knot, Knot",Bird,Vulnerable,87be8dd4dffffff,-27.540839,153.281967,2
Brisbane,Calidris tenuirostris,Great Knot,Bird,Vulnerable,87be8d0b5ffffff,-27.19053,153.036493,25
Brisbane,Calidris tenuirostris,Great Knot,Bird,Vulnerable,87be8d112ffffff,-27.367936,153.097297,1
Brisbane,Calidris tenuirostris,Great Knot,Bird,Vulnerable,87be8d136ffffff,-27.442573,153.144822,1
Brisbane,Calidris tenuirostris,Great Knot,Bird,Vulnerable,87be8d181ffffff,-27.287864,153.076068,24
Brisbane,Calidris tenuirostris,Great Knot,Bird,Vulnerable,87be8d183ffffff,-27.265127,153.083872,4
Brisbane,Calidris tenuirostris,Great Knot,Bird,Vulnerable,87be8d188ffffff,-27.276012,153.03145,33
Brisbane,Calidris tenuirostris,Great Knot,Bird,Vulnerable,87be8d189ffffff,-27.281447,153.005235,1
Brisbane,Calidris tenuirostris,Great Knot,Bird,Vulnerable,87be8d18cffffff,-27.293308,153.049852,22
Brisbane,Calidris tenuirostris,Great Knot,Bird,Vulnerable,87be8d18dffffff,-27.298747,153.023633,152
Brisbane,Calidris tenuirostris,Great Knot,Bird,Vulnerable,87be8d18effffff,-27.270572,153.057662,5
Brisbane,Calidris tenuirostris,Great Knot,Bird,Vulnerable,87be8d199ffffff,-27.230548,153.047073,48
Brisbane,Calidris tenuirostris,Great Knot,Bird,Vulnerable,87be8d19bffffff,-27.207818,153.054878,1
Brisbane,Calidris tenuirostris,Great Knot,Bird,Vulnerable,87be8d19dffffff,-27.247838,153.065469,9
Brisbane,Calidris tenuirostris,Great Knot,Bird,Vulnerable,87be8d1a1ffffff,-27.34519,153.105102,198
Brisbane,Calidris tenuirostris,Great Knot,Bird,Vulnerable,87be8d1a8ffffff,-27.333343,153.06045,1
Brisbane,Calidris tenuirostris,Great Knot,Bird,Vulnerable,87be8d1aaffffff,-27.310603,153.068261,29
Brisbane,Calidris tenuirostris,Great Knot,Bird,Vulnerable,87be8d1acffffff,-27.35064,153.07887,17
Brisbane,Calidris tenuirostris,Great Knot,Bird,Vulnerable,87be8d1aeffffff,-27.327897,153.086678,51
Brisbane,Calidris tenuirostris,Great Knot,Bird,Vulnerable,87be8d56dffffff,-27.196927,153.107258,32
Brisbane,Calidris tenuirostris,Great Knot,Bird,Vulnerable,87be8d892ffffff,-27.488979,153.22649,4
Brisbane,Calidris tenuirostris,Great Knot,Bird,Vulnerable,87be8d893ffffff,-27.494454,153.200221,1
Brisbane,Calidris tenuirostris,Great Knot,Bird,Vulnerable,87be8dc48ffffff,-27.397063,153.160417,15
Brisbane,Calidris tenuirostris,Great Knot,Bird,Vulnerable,87be8dc4affffff,-27.374311,153.168208,3
Brisbane,Calidris tenuirostris,Great Knot,Bird,Vulnerable,87be8dc4bffffff,-27.379773,153.141971,9
Brisbane,Calidris tenuirostris,Great Knot,Bird,Vulnerable,87be8dc4cffffff,-27.414352,153.17887,290
Brisbane,Calidris tenuirostris,Great Knot,Bird,Vulnerable,87be8dc4dffffff,-27.419817,153.152621,1
Brisbane,Calidris tenuirostris,Great Knot,Bird,Vulnerable,87be8dc4effffff,-27.391597,153.186658,2
Brisbane,Calidris tenuirostris,Great Knot,Bird,Vulnerable,87be8dc58ffffff,-27.346092,153.202224,5
Brisbane,Calidris tenuirostris,Great Knot,Bird,Vulnerable,87be8dc59ffffff,-27.35156,153.175996,3
Brisbane,Calidris tenuirostris,Great Knot,Bird,Vulnerable,87be8dc5dffffff,-27.368843,153.194443,177
Brisbane,Calidris tenuirostris,Great Knot,Bird,Vulnerable,87be8dc61ffffff,-27.466213,153.234273,59
Brisbane,Calidris tenuirostris,Great Knot,Bird,Vulnerable,87be8dc65ffffff,-27.483498,153.252755,189
Brisbane,Calidris tenuirostris,Great Knot,Bird,Vulnerable,87be8dc68ffffff,-27.4544,153.189541,458
Brisbane,Calidris tenuirostris,Great Knot,Bird,Vulnerable,87be8dc6bffffff,-27.437109,153.171077,93
Brisbane,Calidris tenuirostris,Great Knot,Bird,Vulnerable,87be8dc6cffffff,-27.47169,153.208011,515
Brisbane,Calidris tenuirostris,Great Knot,Bird,Vulnerable,87be8dc6dffffff,-27.477162,153.181747,1
Brisbane,Calidris tenuirostris,Great Knot,Bird,Vulnerable,87be8dd4dffffff,-27.540839,153.281967,5
Brisbane,Calidris tenuirostris,Great Knot,Bird,Vulnerable,87be8dd6bffffff,-27.558123,153.300475,1
Brisbane,Charadrius leschenaultii,"Greater Sand Plover, Large Sand Plover",Bird,Vulnerable,87be8d136ffffff,-27.442573,153.144822,1
Brisbane,Charadrius leschenaultii,"Greater Sand Plover, Large Sand Plover",Bird,Vulnerable,87be8d19dffffff,-27.247838,153.065469,2
Brisbane,Charadrius leschenaultii,"Greater Sand Plover, Large Sand Plover",Bird,Vulnerable,87be8d1a1ffffff,-27.34519,153.105102,60
Brisbane,Charadrius leschenaultii,"Greater Sand Plover, Large Sand Plover",Bird,Vulnerable,87be8d1aaffffff,-27.310603,153.068261,4
Brisbane,Charadrius leschenaultii,"Greater Sand Plover, Large Sand Plover",Bird,Vulnerable,87be8d1acffffff,-27.35064,153.07887,1
Brisbane,Charadrius leschenaultii,"Greater Sand Plover, Large Sand Plover",Bird,Vulnerable,87be8d1aeffffff,-27.327897,153.086678,4
Brisbane,Charadrius leschenaultii,"Greater Sand Plover, Large Sand Plover",Bird,Vulnerable,87be8d56dffffff,-27.196927,153.107258,1
Brisbane,Charadrius leschenaultii,"Greater Sand Plover, Large Sand Plover",Bird,Vulnerable,87be8dc48ffffff,-27.397063,153.160417,1
Brisbane,Charadrius leschenaultii,"Greater Sand Plover, Large Sand Plover",Bird,Vulnerable,87be8dc4affffff,-27.374311,153.168208,1
Brisbane,Charadrius leschenaultii,"Greater Sand Plover, Large Sand Plover",Bird,Vulnerable,87be8dc4cffffff,-27.414352,153.17887,6
Brisbane,Charadrius leschenaultii,"Greater Sand Plover, Large Sand Plover",Bird,Vulnerable,87be8dc58ffffff,-27.346092,153.202224,4
Brisbane,Charadrius leschenaultii,"Greater Sand Plover, Large Sand Plover",Bird,Vulnerable,87be8dc59ffffff,-27.35156,153.175996,2
Brisbane,Charadrius leschenaultii,"Greater Sand Plover, Large Sand Plover",Bird,Vulnerable,87be8dc5dffffff,-27.368843,153.194443,6
Brisbane,Charadrius leschenaultii,"Greater Sand Plover, Large Sand Plover",Bird,Vulnerable,87be8dc61ffffff,-27.466213,153.234273,127
Brisbane,Charadrius leschenaultii,"Greater Sand Plover, Large Sand Plover",Bird,Vulnerable,87be8dc65ffffff,-27.483498,153.252755,31
Brisbane,Charadrius leschenaultii,"Greater Sand Plover, Large Sand Plover",Bird,Vulnerable,87be8dc68ffffff,-27.4544,153.189541,170
Brisbane,Charadrius leschenaultii,"Greater Sand Plover, Large Sand Plover",Bird,Vulnerable,87be8dc6bffffff,-27.437109,153.171077,3
Brisbane,Charadrius leschenaultii,"Greater Sand Plover, Large Sand Plover",Bird,Vulnerable,87be8dc6cffffff,-27.47169,153.208011,181
Brisbane,Charadrius leschenaultii,"Greater Sand Plover, Large Sand Plover",Bird,Vulnerable,87be8dc6dffffff,-27.477162,153.181747,3
Brisbane,Chelonia mydas,Green Turtle,Reptile,Vulnerable,87be8d0b5ffffff,-27.19053,153.036493,1
Brisbane,Chelonia mydas,Green Turtle,Reptile,Vulnerable,87be8d188ffffff,-27.276012,153.03145,1
Brisbane,Chelonia mydas,Green Turtle,Reptile,Vulnerable,87be8d18dffffff,-27.298747,153.023633,2
Brisbane,Chelonia mydas,Green Turtle,Reptile,Vulnerable,87be8d46effffff,-27.047804,153.012612,1
Brisbane,Chelonia mydas,Green Turtle,Reptile,Vulnerable,87be8d56dffffff,-27.196927,153.107258,2
Brisbane,Chelonia mydas,Green Turtle,Reptile,Vulnerable,87be8d8b4ffffff,-27.586391,153.266408,3
Brisbane,Chelonia mydas,Green Turtle,Reptile,Vulnerable,87be8dc4cffffff,-27.414352,153.17887,1
Brisbane,Chelonia mydas,Green Turtle,Reptile,Vulnerable,87be8dc61ffffff,-27.466213,153.234273,4
Brisbane,Chelonia mydas,Green Turtle,Reptile,Vulnerable,87be8dc68ffffff,-27.4544,153.189541,1
Brisbane,Chelonia mydas,Green Turtle,Reptile,Vulnerable,87be8dc6bffffff,-27.437109,153.171077,3
Brisbane,Chelonia mydas,Green Turtle,Reptile,Vulnerable,87be8dc6cffffff,-27.47169,153.208011,1
Brisbane,Chelonia mydas,Green Turtle,Reptile,Vulnerable,87be8dd48ffffff,-27.518065,153.289741,1
Brisbane,Chelonia mydas,Green Turtle,Reptile,Vulnerable,87be8dd49ffffff,-27.523553,153.263468,1
Brisbane,Delma torquata,"Adorned Delma, Collared Delma",Reptile,Vulnerable,87be8d166ffffff,-27.531609,152.918949,1
Brisbane,Delma torquata,"Adorned Delma, Collared Delma",Reptile,Vulnerable,87be8d8d9ffffff,-27.54894,152.937381,1
Brisbane,Egernia rugosa,Yakka Skink,Reptile,Vulnerable,87be8d128ffffff,-27.492573,153.005661,1
Brisbane,Gallinago hardwickii,"Latham's Snipe, Japanese Snipe",Bird,Vulnerable,87be8d004ffffff,-27.337767,152.937115,2
Brisbane,Gallinago hardwickii,"Latham's Snipe, Japanese Snipe",Bird,Vulnerable,87be8d006ffffff,-27.315034,152.944958,11
Brisbane,Gallinago hardwickii,"Latham's Snipe, Japanese Snipe",Bird,Vulnerable,87be8d011ffffff,-27.274994,152.934414,3
Brisbane,Gallinago hardwickii,"Latham's Snipe, Japanese Snipe",Bird,Vulnerable,87be8d012ffffff,-27.246845,152.968461,2
Brisbane,Gallinago hardwickii,"Latham's Snipe, Japanese Snipe",Bird,Vulnerable,87be8d013ffffff,-27.252268,152.942252,2
Brisbane,Gallinago hardwickii,"Latham's Snipe, Japanese Snipe",Bird,Vulnerable,87be8d030ffffff,-27.326916,152.989582,4
Brisbane,Gallinago hardwickii,"Latham's Snipe, Japanese Snipe",Bird,Vulnerable,87be8d031ffffff,-27.332344,152.96335,2
Brisbane,Gallinago hardwickii,"Latham's Snipe, Japanese Snipe",Bird,Vulnerable,87be8d032ffffff,-27.304181,152.99741,19
Brisbane,Gallinago hardwickii,"Latham's Snipe, Japanese Snipe",Bird,Vulnerable,87be8d034ffffff,-27.344221,153.007986,1
Brisbane,Gallinago hardwickii,"Latham's Snipe, Japanese Snipe",Bird,Vulnerable,87be8d035ffffff,-27.349653,152.98175,1
Brisbane,Gallinago hardwickii,"Latham's Snipe, Japanese Snipe",Bird,Vulnerable,87be8d086ffffff,-27.15595,152.999744,5
Brisbane,Gallinago hardwickii,"Latham's Snipe, Japanese Snipe",Bird,Vulnerable,87be8d0a0ffffff,-27.21869,153.002487,2
Brisbane,Gallinago hardwickii,"Latham's Snipe, Japanese Snipe",Bird,Vulnerable,87be8d0a1ffffff,-27.224119,152.976288,7
Brisbane,Gallinago hardwickii,"Latham's Snipe, Japanese Snipe",Bird,Vulnerable,87be8d0a4ffffff,-27.235985,153.020872,19
Brisbane,Gallinago hardwickii,"Latham's Snipe, Japanese Snipe",Bird,Vulnerable,87be8d0a6ffffff,-27.213257,153.028684,5
Brisbane,Gallinago hardwickii,"Latham's Snipe, Japanese Snipe",Bird,Vulnerable,87be8d0aeffffff,-27.206819,152.957915,1
Brisbane,Gallinago hardwickii,"Latham's Snipe, Japanese Snipe",Bird,Vulnerable,87be8d0b1ffffff,-27.173241,153.018115,2
Brisbane,Gallinago hardwickii,"Latham's Snipe, Japanese Snipe",Bird,Vulnerable,87be8d0b3ffffff,-27.150519,153.025923,13
Brisbane,Gallinago hardwickii,"Latham's Snipe, Japanese Snipe",Bird,Vulnerable,87be8d110ffffff,-27.390683,153.089488,2
Brisbane,Gallinago hardwickii,"Latham's Snipe, Japanese Snipe",Bird,Vulnerable,87be8d112ffffff,-27.367936,153.097297,9
Brisbane,Gallinago hardwickii,"Latham's Snipe, Japanese Snipe",Bird,Vulnerable,87be8d114ffffff,-27.407981,153.107925,91
Brisbane,Gallinago hardwickii,"Latham's Snipe, Japanese Snipe",Bird,Vulnerable,87be8d115ffffff,-27.413433,153.081675,142
Brisbane,Gallinago hardwickii,"Latham's Snipe, Japanese Snipe",Bird,Vulnerable,87be8d116ffffff,-27.385231,153.115731,2
Brisbane,Gallinago hardwickii,"Latham's Snipe, Japanese Snipe",Bird,Vulnerable,87be8d11effffff,-27.378829,153.044816,3
Brisbane,Gallinago hardwickii,"Latham's Snipe, Japanese Snipe",Bird,Vulnerable,87be8d124ffffff,-27.516307,153.09512,5
Brisbane,Gallinago hardwickii,"Latham's Snipe, Japanese Snipe",Bird,Vulnerable,87be8d126ffffff,-27.493547,153.102938,2
Brisbane,Gallinago hardwickii,"Latham's Snipe, Japanese Snipe",Bird,Vulnerable,87be8d128ffffff,-27.492573,153.005661,2
Brisbane,Gallinago hardwickii,"Latham's Snipe, Japanese Snipe",Bird,Vulnerable,87be8d12cffffff,-27.509889,153.024103,1
Brisbane,Gallinago hardwickii,"Latham's Snipe, Japanese Snipe",Bird,Vulnerable,87be8d12dffffff,-27.515326,152.997819,2
Brisbane,Gallinago hardwickii,"Latham's Snipe, Japanese Snipe",Bird,Vulnerable,87be8d130ffffff,-27.448032,153.118563,2
Brisbane,Gallinago hardwickii,"Latham's Snipe, Japanese Snipe",Bird,Vulnerable,87be8d131ffffff,-27.453487,153.092302,27
Brisbane,Gallinago hardwickii,"Latham's Snipe, Japanese Snipe",Bird,Vulnerable,87be8d134ffffff,-27.465331,153.137018,1
Brisbane,Gallinago hardwickii,"Latham's Snipe, Japanese Snipe",Bird,Vulnerable,87be8d135ffffff,-27.470789,153.110753,273
Brisbane,Gallinago hardwickii,"Latham's Snipe, Japanese Snipe",Bird,Vulnerable,87be8d136ffffff,-27.442573,153.144822,369
Brisbane,Gallinago hardwickii,"Latham's Snipe, Japanese Snipe",Bird,Vulnerable,87be8d188ffffff,-27.276012,153.03145,179
Brisbane,Gallinago hardwickii,"Latham's Snipe, Japanese Snipe",Bird,Vulnerable,87be8d18affffff,-27.253279,153.039263,12
Brisbane,Gallinago hardwickii,"Latham's Snipe, Japanese Snipe",Bird,Vulnerable,87be8d18bffffff,-27.258715,153.013055,13
Brisbane,Gallinago hardwickii,"Latham's Snipe, Japanese Snipe",Bird,Vulnerable,87be8d18cffffff,-27.293308,153.049852,2
Brisbane,Gallinago hardwickii,"Latham's Snipe, Japanese Snipe",Bird,Vulnerable,87be8d18dffffff,-27.298747,153.023633,79
Brisbane,Gallinago hardwickii,"Latham's Snipe, Japanese Snipe",Bird,Vulnerable,87be8d18effffff,-27.270572,153.057662,2
Brisbane,Gallinago hardwickii,"Latham's Snipe, Japanese Snipe",Bird,Vulnerable,87be8d198ffffff,-27.225106,153.073271,232
Brisbane,Gallinago hardwickii,"Latham's Snipe, Japanese Snipe",Bird,Vulnerable,87be8d199ffffff,-27.230548,153.047073,3
Brisbane,Gallinago hardwickii,"Latham's Snipe, Japanese Snipe",Bird,Vulnerable,87be8d19affffff,-27.202375,153.08107,8
Brisbane,Gallinago hardwickii,"Latham's Snipe, Japanese Snipe",Bird,Vulnerable,87be8d19bffffff,-27.207818,153.054878,10
Brisbane,Gallinago hardwickii,"Latham's Snipe, Japanese Snipe",Bird,Vulnerable,87be8d19dffffff,-27.247838,153.065469,2
Brisbane,Gallinago hardwickii,"Latham's Snipe, Japanese Snipe",Bird,Vulnerable,87be8d1a1ffffff,-27.34519,153.105102,2
Brisbane,Gallinago hardwickii,"Latham's Snipe, Japanese Snipe",Bird,Vulnerable,87be8d1aaffffff,-27.310603,153.068261,842
Brisbane,Gallinago hardwickii,"Latham's Snipe, Japanese Snipe",Bird,Vulnerable,87be8d1abffffff,-27.316045,153.042038,8
Brisbane,Gallinago hardwickii,"Latham's Snipe, Japanese Snipe",Bird,Vulnerable,87be8d1acffffff,-27.35064,153.07887,1
Brisbane,Gallinago hardwickii,"Latham's Snipe, Japanese Snipe",Bird,Vulnerable,87be8d46bffffff,-27.035948,152.968123,1
Brisbane,Gallinago hardwickii,"Latham's Snipe, Japanese Snipe",Bird,Vulnerable,87be8d800ffffff,-27.722187,153.122102,2
Brisbane,Gallinago hardwickii,"Latham's Snipe, Japanese Snipe",Bird,Vulnerable,87be8d802ffffff,-27.699406,153.129932,26
Brisbane,Gallinago hardwickii,"Latham's Snipe, Japanese Snipe",Bird,Vulnerable,87be8d803ffffff,-27.704867,153.103597,2
Brisbane,Gallinago hardwickii,"Latham's Snipe, Japanese Snipe",Bird,Vulnerable,87be8d810ffffff,-27.671161,153.164083,3
Brisbane,Gallinago hardwickii,"Latham's Snipe, Japanese Snipe",Bird,Vulnerable,87be8d811ffffff,-27.676627,153.137758,2
Brisbane,Gallinago hardwickii,"Latham's Snipe, Japanese Snipe",Bird,Vulnerable,87be8d813ffffff,-27.65385,153.14558,1
Brisbane,Gallinago hardwickii,"Latham's Snipe, Japanese Snipe",Bird,Vulnerable,87be8d818ffffff,-27.664771,153.092935,1
Brisbane,Gallinago hardwickii,"Latham's Snipe, Japanese Snipe",Bird,Vulnerable,87be8d832ffffff,-27.705779,153.201111,14
Brisbane,Gallinago hardwickii,"Latham's Snipe, Japanese Snipe",Bird,Vulnerable,87be8d843ffffff,-27.742953,152.919172,26
Brisbane,Gallinago hardwickii,"Latham's Snipe, Japanese Snipe",Bird,Vulnerable,87be8d85affffff,-27.680073,152.916471,1
Brisbane,Gallinago hardwickii,"Latham's Snipe, Japanese Snipe",Bird,Vulnerable,87be8d873ffffff,-27.749435,152.990363,1
Brisbane,Gallinago hardwickii,"Latham's Snipe, Japanese Snipe",Bird,Vulnerable,87be8d88bffffff,-27.539068,153.087297,1
Brisbane,Gallinago hardwickii,"Latham's Snipe, Japanese Snipe",Bird,Vulnerable,87be8d890ffffff,-27.511746,153.218703,1
Brisbane,Gallinago hardwickii,"Latham's Snipe, Japanese Snipe",Bird,Vulnerable,87be8d892ffffff,-27.488979,153.22649,1
Brisbane,Gallinago hardwickii,"Latham's Snipe, Japanese Snipe",Bird,Vulnerable,87be8d894ffffff,-27.529036,153.237191,1
Brisbane,Gallinago hardwickii,"Latham's Snipe, Japanese Snipe",Bird,Vulnerable,87be8d895ffffff,-27.534514,153.210912,1
Brisbane,Gallinago hardwickii,"Latham's Snipe, Japanese Snipe",Bird,Vulnerable,87be8d89bffffff,-27.48809,153.129211,19
Brisbane,Gallinago hardwickii,"Latham's Snipe, Japanese Snipe",Bird,Vulnerable,87be8d8acffffff,-27.631074,153.153397,2
Brisbane,Gallinago hardwickii,"Latham's Snipe, Japanese Snipe",Bird,Vulnerable,87be8d8c2ffffff,-27.578163,153.000572,2
Brisbane,Gallinago hardwickii,"Latham's Snipe, Japanese Snipe",Bird,Vulnerable,87be8d8c9ffffff,-27.59987,152.895333,26
Brisbane,Gallinago hardwickii,"Latham's Snipe, Japanese Snipe",Bird,Vulnerable,87be8d8d8ffffff,-27.543513,152.963678,3
Brisbane,Gallinago hardwickii,"Latham's Snipe, Japanese Snipe",Bird,Vulnerable,87be8d8daffffff,-27.520759,152.971532,13
Brisbane,Gallinago hardwickii,"Latham's Snipe, Japanese Snipe",Bird,Vulnerable,87be8d8dcffffff,-27.560839,152.982121,3
Brisbane,Gallinago hardwickii,"Latham's Snipe, Japanese Snipe",Bird,Vulnerable,87be8d8deffffff,-27.538082,152.989972,338
Brisbane,Gallinago hardwickii,"Latham's Snipe, Japanese Snipe",Bird,Vulnerable,87be8d8e1ffffff,-27.663784,152.995472,1
Brisbane,Gallinago hardwickii,"Latham's Snipe, Japanese Snipe",Bird,Vulnerable,87be8d988ffffff,-27.677515,153.235243,13
Brisbane,Gallinago hardwickii,"Latham's Snipe, Japanese Snipe",Bird,Vulnerable,87be8d989ffffff,-27.682995,153.20892,41
Brisbane,Gallinago hardwickii,"Latham's Snipe, Japanese Snipe",Bird,Vulnerable,87be8d98dffffff,-27.7003,153.227442,40
Brisbane,Gallinago hardwickii,"Latham's Snipe, Japanese Snipe",Bird,Vulnerable,87be8d99effffff,-27.62097,153.303443,1
Brisbane,Gallinago hardwickii,"Latham's Snipe, Japanese Snipe",Bird,Vulnerable,87be8db83ffffff,-27.621498,152.79005,2
Brisbane,Gallinago hardwickii,"Latham's Snipe, Japanese Snipe",Bird,Vulnerable,87be8db85ffffff,-27.661607,152.800569,1
Brisbane,Gallinago hardwickii,"Latham's Snipe, Japanese Snipe",Bird,Vulnerable,87be8db86ffffff,-27.633448,152.834803,3
Brisbane,Gallinago hardwickii,"Latham's Snipe, Japanese Snipe",Bird,Vulnerable,87be8db90ffffff,-27.587941,152.850587,18
Brisbane,Gallinago hardwickii,"Latham's Snipe, Japanese Snipe",Bird,Vulnerable,87be8db96ffffff,-27.58253,152.8769,2
Brisbane,Gallinago hardwickii,"Latham's Snipe, Japanese Snipe",Bird,Vulnerable,87be8dba1ffffff,-27.701721,152.811097,43
Brisbane,Gallinago hardwickii,"Latham's Snipe, Japanese Snipe",Bird,Vulnerable,87be8dc4bffffff,-27.379773,153.141971,1
Brisbane,Gallinago hardwickii,"Latham's Snipe, Japanese Snipe",Bird,Vulnerable,87be8dc5dffffff,-27.368843,153.194443,8
Brisbane,Gallinago hardwickii,"Latham's Snipe, Japanese Snipe",Bird,Vulnerable,87be8dc65ffffff,-27.483498,153.252755,7
Brisbane,Gallinago hardwickii,"Latham's Snipe, Japanese Snipe",Bird,Vulnerable,87be8dc6dffffff,-27.477162,153.181747,5
Brisbane,Gallinago hardwickii,"Latham's Snipe, Japanese Snipe",Bird,Vulnerable,87be8dd69ffffff,-27.580901,153.2927,1
Brisbane,Grantiella picta,Painted Honeyeater,Bird,Vulnerable,87be8d136ffffff,-27.442573,153.144822,3
Brisbane,Grantiella picta,Painted Honeyeater,Bird,Vulnerable,87be8d188ffffff,-27.276012,153.03145,1
Brisbane,Hirundapus caudacutus,White-throated Needletail,Bird,Vulnerable,87be8d000ffffff,-27.320453,152.918727,56
Brisbane,Hirundapus caudacutus,White-throated Needletail,Bird,Vulnerable,87be8d002ffffff,-27.297723,152.926573,8
Brisbane,Hirundapus caudacutus,White-throated Needletail,Bird,Vulnerable,87be8d004ffffff,-27.337767,152.937115,290
Brisbane,Hirundapus caudacutus,White-throated Needletail,Bird,Vulnerable,87be8d005ffffff,-27.343185,152.910878,2
Brisbane,Hirundapus caudacutus,White-throated Needletail,Bird,Vulnerable,87be8d006ffffff,-27.315034,152.944958,11
Brisbane,Hirundapus caudacutus,White-throated Needletail,Bird,Vulnerable,87be8d010ffffff,-27.269573,152.960631,19
Brisbane,Hirundapus caudacutus,White-throated Needletail,Bird,Vulnerable,87be8d011ffffff,-27.274994,152.934414,7
Brisbane,Hirundapus caudacutus,White-throated Needletail,Bird,Vulnerable,87be8d012ffffff,-27.246845,152.968461,4
Brisbane,Hirundapus caudacutus,White-throated Needletail,Bird,Vulnerable,87be8d013ffffff,-27.252268,152.942252,2
Brisbane,Hirundapus caudacutus,White-throated Needletail,Bird,Vulnerable,87be8d014ffffff,-27.286877,152.979017,2
Brisbane,Hirundapus caudacutus,White-throated Needletail,Bird,Vulnerable,87be8d015ffffff,-27.292302,152.952796,1
Brisbane,Hirundapus caudacutus,White-throated Needletail,Bird,Vulnerable,87be8d016ffffff,-27.264146,152.986844,2
Brisbane,Hirundapus caudacutus,White-throated Needletail,Bird,Vulnerable,87be8d020ffffff,-27.377817,152.947668,13
Brisbane,Hirundapus caudacutus,White-throated Needletail,Bird,Vulnerable,87be8d022ffffff,-27.35508,152.955511,27
Brisbane,Hirundapus caudacutus,White-throated Needletail,Bird,Vulnerable,87be8d023ffffff,-27.360502,152.929269,6
Brisbane,Hirundapus caudacutus,White-throated Needletail,Bird,Vulnerable,87be8d024ffffff,-27.395132,152.966073,4
Brisbane,Hirundapus caudacutus,White-throated Needletail,Bird,Vulnerable,87be8d025ffffff,-27.400557,152.93982,7
Brisbane,Hirundapus caudacutus,White-throated Needletail,Bird,Vulnerable,87be8d026ffffff,-27.372392,152.973914,7
Brisbane,Hirundapus caudacutus,White-throated Needletail,Bird,Vulnerable,87be8d030ffffff,-27.326916,152.989582,2
Brisbane,Hirundapus caudacutus,White-throated Needletail,Bird,Vulnerable,87be8d031ffffff,-27.332344,152.96335,8
Brisbane,Hirundapus caudacutus,White-throated Needletail,Bird,Vulnerable,87be8d032ffffff,-27.304181,152.99741,11
Brisbane,Hirundapus caudacutus,White-throated Needletail,Bird,Vulnerable,87be8d033ffffff,-27.30961,152.971185,4
Brisbane,Hirundapus caudacutus,White-throated Needletail,Bird,Vulnerable,87be8d034ffffff,-27.344221,153.007986,2
Brisbane,Hirundapus caudacutus,White-throated Needletail,Bird,Vulnerable,87be8d035ffffff,-27.349653,152.98175,4
Brisbane,Hirundapus caudacutus,White-throated Needletail,Bird,Vulnerable,87be8d080ffffff,-27.161377,152.973562,5
Brisbane,Hirundapus caudacutus,White-throated Needletail,Bird,Vulnerable,87be8d081ffffff,-27.1668,152.947378,6
Brisbane,Hirundapus caudacutus,White-throated Needletail,Bird,Vulnerable,87be8d082ffffff,-27.138659,152.98138,1
Brisbane,Hirundapus caudacutus,White-throated Needletail,Bird,Vulnerable,87be8d084ffffff,-27.178671,152.991929,7
Brisbane,Hirundapus caudacutus,White-throated Needletail,Bird,Vulnerable,87be8d085ffffff,-27.184097,152.965741,1
Brisbane,Hirundapus caudacutus,White-throated Needletail,Bird,Vulnerable,87be8d086ffffff,-27.15595,152.999744,3
Brisbane,Hirundapus caudacutus,White-throated Needletail,Bird,Vulnerable,87be8d091ffffff,-27.115943,152.989194,1
Brisbane,Hirundapus caudacutus,White-throated Needletail,Bird,Vulnerable,87be8d098ffffff,-27.104074,152.944675,1
Brisbane,Hirundapus caudacutus,White-throated Needletail,Bird,Vulnerable,87be8d099ffffff,-27.10949,152.918506,1
Brisbane,Hirundapus caudacutus,White-throated Needletail,Bird,Vulnerable,87be8d09affffff,-27.081364,152.952495,2
Brisbane,Hirundapus caudacutus,White-throated Needletail,Bird,Vulnerable,87be8d09bffffff,-27.086781,152.926333,2
Brisbane,Hirundapus caudacutus,White-throated Needletail,Bird,Vulnerable,87be8d09dffffff,-27.126787,152.936851,1
Brisbane,Hirundapus caudacutus,White-throated Needletail,Bird,Vulnerable,87be8d0a0ffffff,-27.21869,153.002487,1
Brisbane,Hirundapus caudacutus,White-throated Needletail,Bird,Vulnerable,87be8d0a1ffffff,-27.224119,152.976288,30
Brisbane,Hirundapus caudacutus,White-throated Needletail,Bird,Vulnerable,87be8d0a3ffffff,-27.201394,152.98411,4
Brisbane,Hirundapus caudacutus,White-throated Needletail,Bird,Vulnerable,87be8d0a4ffffff,-27.235985,153.020872,11
Brisbane,Hirundapus caudacutus,White-throated Needletail,Bird,Vulnerable,87be8d0a5ffffff,-27.241417,152.994668,3
Brisbane,Hirundapus caudacutus,White-throated Needletail,Bird,Vulnerable,87be8d0a6ffffff,-27.213257,153.028684,10
Brisbane,Hirundapus caudacutus,White-throated Needletail,Bird,Vulnerable,87be8d0aaffffff,-27.189518,152.939549,1
Brisbane,Hirundapus caudacutus,White-throated Needletail,Bird,Vulnerable,87be8d0b3ffffff,-27.150519,153.025923,6
Brisbane,Hirundapus caudacutus,White-throated Needletail,Bird,Vulnerable,87be8d0b5ffffff,-27.19053,153.036493,6
Brisbane,Hirundapus caudacutus,White-throated Needletail,Bird,Vulnerable,87be8d101ffffff,-27.44707,153.021335,4
Brisbane,Hirundapus caudacutus,White-throated Needletail,Bird,Vulnerable,87be8d102ffffff,-27.418879,153.055422,16
Brisbane,Hirundapus caudacutus,White-throated Needletail,Bird,Vulnerable,87be8d103ffffff,-27.424321,153.029166,3
Brisbane,Hirundapus caudacutus,White-throated Needletail,Bird,Vulnerable,87be8d105ffffff,-27.464381,153.03977,3
Brisbane,Hirundapus caudacutus,White-throated Needletail,Bird,Vulnerable,87be8d108ffffff,-27.43519,152.976646,1
Brisbane,Hirundapus caudacutus,White-throated Needletail,Bird,Vulnerable,87be8d109ffffff,-27.440618,152.950381,1
Brisbane,Hirundapus caudacutus,White-throated Needletail,Bird,Vulnerable,87be8d10affffff,-27.412446,152.984487,1
Brisbane,Hirundapus caudacutus,White-throated Needletail,Bird,Vulnerable,87be8d10effffff,-27.429758,153.002907,68
Brisbane,Hirundapus caudacutus,White-throated Needletail,Bird,Vulnerable,87be8d110ffffff,-27.390683,153.089488,3
Brisbane,Hirundapus caudacutus,White-throated Needletail,Bird,Vulnerable,87be8d111ffffff,-27.396131,153.063242,1
Brisbane,Hirundapus caudacutus,White-throated Needletail,Bird,Vulnerable,87be8d112ffffff,-27.367936,153.097297,9
Brisbane,Hirundapus caudacutus,White-throated Needletail,Bird,Vulnerable,87be8d113ffffff,-27.373385,153.071058,1
Brisbane,Hirundapus caudacutus,White-throated Needletail,Bird,Vulnerable,87be8d114ffffff,-27.407981,153.107925,3
Brisbane,Hirundapus caudacutus,White-throated Needletail,Bird,Vulnerable,87be8d115ffffff,-27.413433,153.081675,46
Brisbane,Hirundapus caudacutus,White-throated Needletail,Bird,Vulnerable,87be8d116ffffff,-27.385231,153.115731,5
Brisbane,Hirundapus caudacutus,White-throated Needletail,Bird,Vulnerable,87be8d118ffffff,-27.384268,153.018571,8
Brisbane,Hirundapus caudacutus,White-throated Needletail,Bird,Vulnerable,87be8d119ffffff,-27.389702,152.992324,9
Brisbane,Hirundapus caudacutus,White-throated Needletail,Bird,Vulnerable,87be8d11affffff,-27.361525,153.026397,10
Brisbane,Hirundapus caudacutus,White-throated Needletail,Bird,Vulnerable,87be8d11bffffff,-27.366961,153.000157,76
Brisbane,Hirundapus caudacutus,White-throated Needletail,Bird,Vulnerable,87be8d11cffffff,-27.401574,153.036993,23
Brisbane,Hirundapus caudacutus,White-throated Needletail,Bird,Vulnerable,87be8d11dffffff,-27.407012,153.010741,4
Brisbane,Hirundapus caudacutus,White-throated Needletail,Bird,Vulnerable,87be8d11effffff,-27.378829,153.044816,8
Brisbane,Hirundapus caudacutus,White-throated Needletail,Bird,Vulnerable,87be8d120ffffff,-27.498999,153.076662,25
Brisbane,Hirundapus caudacutus,White-throated Needletail,Bird,Vulnerable,87be8d121ffffff,-27.504446,153.050384,17
Brisbane,Hirundapus caudacutus,White-throated Needletail,Bird,Vulnerable,87be8d122ffffff,-27.476242,153.084484,8
Brisbane,Hirundapus caudacutus,White-throated Needletail,Bird,Vulnerable,87be8d123ffffff,-27.48169,153.058213,2
Brisbane,Hirundapus caudacutus,White-throated Needletail,Bird,Vulnerable,87be8d124ffffff,-27.516307,153.09512,79
Brisbane,Hirundapus caudacutus,White-throated Needletail,Bird,Vulnerable,87be8d125ffffff,-27.521758,153.068837,9
Brisbane,Hirundapus caudacutus,White-throated Needletail,Bird,Vulnerable,87be8d126ffffff,-27.493547,153.102938,7
Brisbane,Hirundapus caudacutus,White-throated Needletail,Bird,Vulnerable,87be8d128ffffff,-27.492573,153.005661,38
Brisbane,Hirundapus caudacutus,White-throated Needletail,Bird,Vulnerable,87be8d129ffffff,-27.498006,152.979381,4
Brisbane,Hirundapus caudacutus,White-throated Needletail,Bird,Vulnerable,87be8d12affffff,-27.46982,153.0135,1
Brisbane,Hirundapus caudacutus,White-throated Needletail,Bird,Vulnerable,87be8d12bffffff,-27.475255,152.987227,5
Brisbane,Hirundapus caudacutus,White-throated Needletail,Bird,Vulnerable,87be8d12cffffff,-27.509889,153.024103,29
Brisbane,Hirundapus caudacutus,White-throated Needletail,Bird,Vulnerable,87be8d12dffffff,-27.515326,152.997819,16
Brisbane,Hirundapus caudacutus,White-throated Needletail,Bird,Vulnerable,87be8d12effffff,-27.487134,153.031938,7
Brisbane,Hirundapus caudacutus,White-throated Needletail,Bird,Vulnerable,87be8d131ffffff,-27.453487,153.092302,7
Brisbane,Hirundapus caudacutus,White-throated Needletail,Bird,Vulnerable,87be8d133ffffff,-27.430733,153.100115,1
Brisbane,Hirundapus caudacutus,White-throated Needletail,Bird,Vulnerable,87be8d134ffffff,-27.465331,153.137018,3
Brisbane,Hirundapus caudacutus,White-throated Needletail,Bird,Vulnerable,87be8d135ffffff,-27.470789,153.110753,80
Brisbane,Hirundapus caudacutus,White-throated Needletail,Bird,Vulnerable,87be8d136ffffff,-27.442573,153.144822,76
Brisbane,Hirundapus caudacutus,White-throated Needletail,Bird,Vulnerable,87be8d152ffffff,-27.405976,152.913564,5
Brisbane,Hirundapus caudacutus,White-throated Needletail,Bird,Vulnerable,87be8d154ffffff,-27.44604,152.924114,6
Brisbane,Hirundapus caudacutus,White-throated Needletail,Bird,Vulnerable,87be8d160ffffff,-27.537027,152.892654,1
Brisbane,Hirundapus caudacutus,White-throated Needletail,Bird,Vulnerable,87be8d161ffffff,-27.54244,152.866356,2
Brisbane,Hirundapus caudacutus,White-throated Needletail,Bird,Vulnerable,87be8d162ffffff,-27.514278,152.900525,13
Brisbane,Hirundapus caudacutus,White-throated Needletail,Bird,Vulnerable,87be8d164ffffff,-27.554361,152.911081,14
Brisbane,Hirundapus caudacutus,White-throated Needletail,Bird,Vulnerable,87be8d165ffffff,-27.559778,152.884779,21
Brisbane,Hirundapus caudacutus,White-throated Needletail,Bird,Vulnerable,87be8d166ffffff,-27.531609,152.918949,1
Brisbane,Hirundapus caudacutus,White-throated Needletail,Bird,Vulnerable,87be8d168ffffff,-27.530506,152.821643,24
Brisbane,Hirundapus caudacutus,White-throated Needletail,Bird,Vulnerable,87be8d169ffffff,-27.535905,152.795344,6
Brisbane,Hirundapus caudacutus,White-throated Needletail,Bird,Vulnerable,87be8d16cffffff,-27.547848,152.840055,5
Brisbane,Hirundapus caudacutus,White-throated Needletail,Bird,Vulnerable,87be8d16dffffff,-27.553251,152.813751,10
Brisbane,Hirundapus caudacutus,White-throated Needletail,Bird,Vulnerable,87be8d16effffff,-27.525101,152.84794,1
Brisbane,Hirundapus caudacutus,White-throated Needletail,Bird,Vulnerable,87be8d171ffffff,-27.49153,152.908392,4
Brisbane,Hirundapus caudacutus,White-throated Needletail,Bird,Vulnerable,87be8d172ffffff,-27.463363,152.942529,14
Brisbane,Hirundapus caudacutus,White-throated Needletail,Bird,Vulnerable,87be8d174ffffff,-27.503435,152.953099,32
Brisbane,Hirundapus caudacutus,White-throated Needletail,Bird,Vulnerable,87be8d175ffffff,-27.508859,152.926813,27
Brisbane,Hirundapus caudacutus,White-throated Needletail,Bird,Vulnerable,87be8d182ffffff,-27.259678,153.110078,3
Brisbane,Hirundapus caudacutus,White-throated Needletail,Bird,Vulnerable,87be8d183ffffff,-27.265127,153.083872,1
Brisbane,Hirundapus caudacutus,White-throated Needletail,Bird,Vulnerable,87be8d188ffffff,-27.276012,153.03145,20
Brisbane,Hirundapus caudacutus,White-throated Needletail,Bird,Vulnerable,87be8d189ffffff,-27.281447,153.005235,1
Brisbane,Hirundapus caudacutus,White-throated Needletail,Bird,Vulnerable,87be8d18affffff,-27.253279,153.039263,16
Brisbane,Hirundapus caudacutus,White-throated Needletail,Bird,Vulnerable,87be8d18bffffff,-27.258715,153.013055,22
Brisbane,Hirundapus caudacutus,White-throated Needletail,Bird,Vulnerable,87be8d18cffffff,-27.293308,153.049852,11
Brisbane,Hirundapus caudacutus,White-throated Needletail,Bird,Vulnerable,87be8d18dffffff,-27.298747,153.023633,179
Brisbane,Hirundapus caudacutus,White-throated Needletail,Bird,Vulnerable,87be8d18effffff,-27.270572,153.057662,8
Brisbane,Hirundapus caudacutus,White-throated Needletail,Bird,Vulnerable,87be8d198ffffff,-27.225106,153.073271,78
Brisbane,Hirundapus caudacutus,White-throated Needletail,Bird,Vulnerable,87be8d199ffffff,-27.230548,153.047073,2
Brisbane,Hirundapus caudacutus,White-throated Needletail,Bird,Vulnerable,87be8d19affffff,-27.202375,153.08107,2
Brisbane,Hirundapus caudacutus,White-throated Needletail,Bird,Vulnerable,87be8d19bffffff,-27.207818,153.054878,2
Brisbane,Hirundapus caudacutus,White-throated Needletail,Bird,Vulnerable,87be8d19cffffff,-27.242392,153.091671,1
Brisbane,Hirundapus caudacutus,White-throated Needletail,Bird,Vulnerable,87be8d19dffffff,-27.247838,153.065469,42
Brisbane,Hirundapus caudacutus,White-throated Needletail,Bird,Vulnerable,87be8d19effffff,-27.219659,153.099466,1
Brisbane,Hirundapus caudacutus,White-throated Needletail,Bird,Vulnerable,87be8d1a1ffffff,-27.34519,153.105102,37
Brisbane,Hirundapus caudacutus,White-throated Needletail,Bird,Vulnerable,87be8d1a8ffffff,-27.333343,153.06045,2
Brisbane,Hirundapus caudacutus,White-throated Needletail,Bird,Vulnerable,87be8d1a9ffffff,-27.338785,153.034219,53
Brisbane,Hirundapus caudacutus,White-throated Needletail,Bird,Vulnerable,87be8d1aaffffff,-27.310603,153.068261,198
Brisbane,Hirundapus caudacutus,White-throated Needletail,Bird,Vulnerable,87be8d1abffffff,-27.316045,153.042038,63
Brisbane,Hirundapus caudacutus,White-throated Needletail,Bird,Vulnerable,87be8d1acffffff,-27.35064,153.07887,42
Brisbane,Hirundapus caudacutus,White-throated Needletail,Bird,Vulnerable,87be8d1adffffff,-27.356085,153.052635,2
Brisbane,Hirundapus caudacutus,White-throated Needletail,Bird,Vulnerable,87be8d1aeffffff,-27.327897,153.086678,26
Brisbane,Hirundapus caudacutus,White-throated Needletail,Bird,Vulnerable,87be8d468ffffff,-27.053232,152.986463,1
Brisbane,Hirundapus caudacutus,White-throated Needletail,Bird,Vulnerable,87be8d469ffffff,-27.058655,152.960311,1
Brisbane,Hirundapus caudacutus,White-throated Needletail,Bird,Vulnerable,87be8d46bffffff,-27.035948,152.968123,7
Brisbane,Hirundapus caudacutus,White-throated Needletail,Bird,Vulnerable,87be8d46dffffff,-27.075942,152.978654,4
Brisbane,Hirundapus caudacutus,White-throated Needletail,Bird,Vulnerable,87be8d56dffffff,-27.196927,153.107258,6
Brisbane,Hirundapus caudacutus,White-throated Needletail,Bird,Vulnerable,87be8d706ffffff,-27.034894,152.871351,1
Brisbane,Hirundapus caudacutus,White-throated Needletail,Bird,Vulnerable,87be8d724ffffff,-27.114901,152.892335,16
Brisbane,Hirundapus caudacutus,White-throated Needletail,Bird,Vulnerable,87be8d730ffffff,-27.046781,152.915825,1
Brisbane,Hirundapus caudacutus,White-throated Needletail,Bird,Vulnerable,87be8d801ffffff,-27.727646,153.09576,1
Brisbane,Hirundapus caudacutus,White-throated Needletail,Bird,Vulnerable,87be8d802ffffff,-27.699406,153.129932,5
Brisbane,Hirundapus caudacutus,White-throated Needletail,Bird,Vulnerable,87be8d803ffffff,-27.704867,153.103597,2
Brisbane,Hirundapus caudacutus,White-throated Needletail,Bird,Vulnerable,87be8d804ffffff,-27.739506,153.140615,3
Brisbane,Hirundapus caudacutus,White-throated Needletail,Bird,Vulnerable,87be8d80affffff,-27.692998,153.058766,2
Brisbane,Hirundapus caudacutus,White-throated Needletail,Bird,Vulnerable,87be8d80bffffff,-27.698445,153.032429,5
Brisbane,Hirundapus caudacutus,White-throated Needletail,Bird,Vulnerable,87be8d810ffffff,-27.671161,153.164083,1
Brisbane,Hirundapus caudacutus,White-throated Needletail,Bird,Vulnerable,87be8d812ffffff,-27.648382,153.171897,2
Brisbane,Hirundapus caudacutus,White-throated Needletail,Bird,Vulnerable,87be8d813ffffff,-27.65385,153.14558,4
Brisbane,Hirundapus caudacutus,White-throated Needletail,Bird,Vulnerable,87be8d814ffffff,-27.68847,153.182593,1
Brisbane,Hirundapus caudacutus,White-throated Needletail,Bird,Vulnerable,87be8d818ffffff,-27.664771,153.092935,3
Brisbane,Hirundapus caudacutus,White-throated Needletail,Bird,Vulnerable,87be8d819ffffff,-27.670224,153.066609,8
Brisbane,Hirundapus caudacutus,White-throated Needletail,Bird,Vulnerable,87be8d81affffff,-27.641997,153.100767,2
Brisbane,Hirundapus caudacutus,White-throated Needletail,Bird,Vulnerable,87be8d81bffffff,-27.647451,153.074448,3
Brisbane,Hirundapus caudacutus,White-throated Needletail,Bird,Vulnerable,87be8d81cffffff,-27.682089,153.11143,4
Brisbane,Hirundapus caudacutus,White-throated Needletail,Bird,Vulnerable,87be8d81effffff,-27.659313,153.119259,1
Brisbane,Hirundapus caudacutus,White-throated Needletail,Bird,Vulnerable,87be8d832ffffff,-27.705779,153.201111,2
Brisbane,Hirundapus caudacutus,White-throated Needletail,Bird,Vulnerable,87be8d840ffffff,-27.760299,152.937648,27
Brisbane,Hirundapus caudacutus,White-throated Needletail,Bird,Vulnerable,87be8d842ffffff,-27.737527,152.945527,2
Brisbane,Hirundapus caudacutus,White-throated Needletail,Bird,Vulnerable,87be8d843ffffff,-27.742953,152.919172,16
Brisbane,Hirundapus caudacutus,White-throated Needletail,Bird,Vulnerable,87be8d853ffffff,-27.691986,152.961274,2
Brisbane,Hirundapus caudacutus,White-throated Needletail,Bird,Vulnerable,87be8d855ffffff,-27.732096,152.971879,1
Brisbane,Hirundapus caudacutus,White-throated Needletail,Bird,Vulnerable,87be8d85affffff,-27.680073,152.916471,4
Brisbane,Hirundapus caudacutus,White-throated Needletail,Bird,Vulnerable,87be8d85effffff,-27.697415,152.934933,1
Brisbane,Hirundapus caudacutus,White-throated Needletail,Bird,Vulnerable,87be8d872ffffff,-27.743995,153.016717,6
Brisbane,Hirundapus caudacutus,White-throated Needletail,Bird,Vulnerable,87be8d880ffffff,-27.562757,153.176827,5
Brisbane,Hirundapus caudacutus,White-throated Needletail,Bird,Vulnerable,87be8d882ffffff,-27.539988,153.184629,4
Brisbane,Hirundapus caudacutus,White-throated Needletail,Bird,Vulnerable,87be8d885ffffff,-27.585528,153.169021,5
Brisbane,Hirundapus caudacutus,White-throated Needletail,Bird,Vulnerable,87be8d886ffffff,-27.557285,153.203117,15
Brisbane,Hirundapus caudacutus,White-throated Needletail,Bird,Vulnerable,87be8d888ffffff,-27.556378,153.105765,2
Brisbane,Hirundapus caudacutus,White-throated Needletail,Bird,Vulnerable,87be8d889ffffff,-27.561832,153.079471,2
Brisbane,Hirundapus caudacutus,White-throated Needletail,Bird,Vulnerable,87be8d88affffff,-27.533614,153.113584,39
Brisbane,Hirundapus caudacutus,White-throated Needletail,Bird,Vulnerable,87be8d88bffffff,-27.539068,153.087297,1
Brisbane,Hirundapus caudacutus,White-throated Needletail,Bird,Vulnerable,87be8d88dffffff,-27.579144,153.097941,1
Brisbane,Hirundapus caudacutus,White-throated Needletail,Bird,Vulnerable,87be8d890ffffff,-27.511746,153.218703,7
Brisbane,Hirundapus caudacutus,White-throated Needletail,Bird,Vulnerable,87be8d891ffffff,-27.51722,153.192427,3
Brisbane,Hirundapus caudacutus,White-throated Needletail,Bird,Vulnerable,87be8d892ffffff,-27.488979,153.22649,19
Brisbane,Hirundapus caudacutus,White-throated Needletail,Bird,Vulnerable,87be8d893ffffff,-27.494454,153.200221,5
Brisbane,Hirundapus caudacutus,White-throated Needletail,Bird,Vulnerable,87be8d894ffffff,-27.529036,153.237191,16
Brisbane,Hirundapus caudacutus,White-throated Needletail,Bird,Vulnerable,87be8d895ffffff,-27.534514,153.210912,2
Brisbane,Hirundapus caudacutus,White-throated Needletail,Bird,Vulnerable,87be8d896ffffff,-27.506266,153.244975,17
Brisbane,Hirundapus caudacutus,White-throated Needletail,Bird,Vulnerable,87be8d898ffffff,-27.50539,153.147676,2
Brisbane,Hirundapus caudacutus,White-throated Needletail,Bird,Vulnerable,87be8d899ffffff,-27.510851,153.121399,10
Brisbane,Hirundapus caudacutus,White-throated Needletail,Bird,Vulnerable,87be8d89affffff,-27.482628,153.155481,7
Brisbane,Hirundapus caudacutus,White-throated Needletail,Bird,Vulnerable,87be8d89bffffff,-27.48809,153.129211,21
Brisbane,Hirundapus caudacutus,White-throated Needletail,Bird,Vulnerable,87be8d89effffff,-27.499925,153.17395,12
Brisbane,Hirundapus caudacutus,White-throated Needletail,Bird,Vulnerable,87be8d8a8ffffff,-27.613765,153.134905,2
Brisbane,Hirundapus caudacutus,White-throated Needletail,Bird,Vulnerable,87be8d8a9ffffff,-27.619225,153.108595,1
Brisbane,Hirundapus caudacutus,White-throated Needletail,Bird,Vulnerable,87be8d8aaffffff,-27.590994,153.142722,3
Brisbane,Hirundapus caudacutus,White-throated Needletail,Bird,Vulnerable,87be8d8acffffff,-27.631074,153.153397,17
Brisbane,Hirundapus caudacutus,White-throated Needletail,Bird,Vulnerable,87be8d8b1ffffff,-27.574581,153.221611,2
Brisbane,Hirundapus caudacutus,White-throated Needletail,Bird,Vulnerable,87be8d8b2ffffff,-27.546326,153.255687,1
Brisbane,Hirundapus caudacutus,White-throated Needletail,Bird,Vulnerable,87be8d8b3ffffff,-27.551808,153.229403,6
Brisbane,Hirundapus caudacutus,White-throated Needletail,Bird,Vulnerable,87be8d8b6ffffff,-27.563614,153.27419,19
Brisbane,Hirundapus caudacutus,White-throated Needletail,Bird,Vulnerable,87be8d8c0ffffff,-27.600925,152.99272,1
Brisbane,Hirundapus caudacutus,White-throated Needletail,Bird,Vulnerable,87be8d8c2ffffff,-27.578163,153.000572,5
Brisbane,Hirundapus caudacutus,White-throated Needletail,Bird,Vulnerable,87be8d8c3ffffff,-27.583597,152.974266,1
Brisbane,Hirundapus caudacutus,White-throated Needletail,Bird,Vulnerable,87be8d8c5ffffff,-27.623688,152.984865,7
Brisbane,Hirundapus caudacutus,White-throated Needletail,Bird,Vulnerable,87be8d8c8ffffff,-27.594451,152.921647,2
Brisbane,Hirundapus caudacutus,White-throated Needletail,Bird,Vulnerable,87be8d8c9ffffff,-27.59987,152.895333,44
Brisbane,Hirundapus caudacutus,White-throated Needletail,Bird,Vulnerable,87be8d8caffffff,-27.571694,152.929516,7
Brisbane,Hirundapus caudacutus,White-throated Needletail,Bird,Vulnerable,87be8d8cbffffff,-27.577115,152.903209,3
Brisbane,Hirundapus caudacutus,White-throated Needletail,Bird,Vulnerable,87be8d8cdffffff,-27.617209,152.913774,8
Brisbane,Hirundapus caudacutus,White-throated Needletail,Bird,Vulnerable,87be8d8d0ffffff,-27.549963,153.034715,7
Brisbane,Hirundapus caudacutus,White-throated Needletail,Bird,Vulnerable,87be8d8d1ffffff,-27.555403,153.008419,8
Brisbane,Hirundapus caudacutus,White-throated Needletail,Bird,Vulnerable,87be8d8d2ffffff,-27.527204,153.042551,67
Brisbane,Hirundapus caudacutus,White-throated Needletail,Bird,Vulnerable,87be8d8d3ffffff,-27.532645,153.016263,5
Brisbane,Hirundapus caudacutus,White-throated Needletail,Bird,Vulnerable,87be8d8d4ffffff,-27.56728,153.053174,3
Brisbane,Hirundapus caudacutus,White-throated Needletail,Bird,Vulnerable,87be8d8d6ffffff,-27.544518,153.061007,17
Brisbane,Hirundapus caudacutus,White-throated Needletail,Bird,Vulnerable,87be8d8d8ffffff,-27.543513,152.963678,29
Brisbane,Hirundapus caudacutus,White-throated Needletail,Bird,Vulnerable,87be8d8d9ffffff,-27.54894,152.937381,7
Brisbane,Hirundapus caudacutus,White-throated Needletail,Bird,Vulnerable,87be8d8daffffff,-27.520759,152.971532,65
Brisbane,Hirundapus caudacutus,White-throated Needletail,Bird,Vulnerable,87be8d8dbffffff,-27.526186,152.945242,11
Brisbane,Hirundapus caudacutus,White-throated Needletail,Bird,Vulnerable,87be8d8dcffffff,-27.560839,152.982121,34
Brisbane,Hirundapus caudacutus,White-throated Needletail,Bird,Vulnerable,87be8d8ddffffff,-27.566269,152.95582,3
Brisbane,Hirundapus caudacutus,White-throated Needletail,Bird,Vulnerable,87be8d8deffffff,-27.538082,152.989972,266
Brisbane,Hirundapus caudacutus,White-throated Needletail,Bird,Vulnerable,87be8d8e1ffffff,-27.663784,152.995472,10
Brisbane,Hirundapus caudacutus,White-throated Needletail,Bird,Vulnerable,87be8d8e2ffffff,-27.635576,153.02965,2
Brisbane,Hirundapus caudacutus,White-throated Needletail,Bird,Vulnerable,87be8d8e3ffffff,-27.641017,153.003329,9
Brisbane,Hirundapus caudacutus,White-throated Needletail,Bird,Vulnerable,87be8d8e4ffffff,-27.675672,153.040279,2
Brisbane,Hirundapus caudacutus,White-throated Needletail,Bird,Vulnerable,87be8d8e9ffffff,-27.657309,152.924349,4
Brisbane,Hirundapus caudacutus,White-throated Needletail,Bird,Vulnerable,87be8d8eaffffff,-27.629119,152.958545,3
Brisbane,Hirundapus caudacutus,White-throated Needletail,Bird,Vulnerable,87be8d8f1ffffff,-27.612809,153.037495,1
Brisbane,Hirundapus caudacutus,White-throated Needletail,Bird,Vulnerable,87be8d8f2ffffff,-27.584596,153.07164,4
Brisbane,Hirundapus caudacutus,White-throated Needletail,Bird,Vulnerable,87be8d8f4ffffff,-27.624681,153.082283,5
Brisbane,Hirundapus caudacutus,White-throated Needletail,Bird,Vulnerable,87be8d8f6ffffff,-27.601911,153.090114,2
Brisbane,Hirundapus caudacutus,White-throated Needletail,Bird,Vulnerable,87be8d91bffffff,-27.768664,153.204014,1
Brisbane,Hirundapus caudacutus,White-throated Needletail,Bird,Vulnerable,87be8d988ffffff,-27.677515,153.235243,2
Brisbane,Hirundapus caudacutus,White-throated Needletail,Bird,Vulnerable,87be8d989ffffff,-27.682995,153.20892,2
Brisbane,Hirundapus caudacutus,White-throated Needletail,Bird,Vulnerable,87be8d98cffffff,-27.694816,153.253769,1
Brisbane,Hirundapus caudacutus,White-throated Needletail,Bird,Vulnerable,87be8d98dffffff,-27.7003,153.227442,68
Brisbane,Hirundapus caudacutus,White-throated Needletail,Bird,Vulnerable,87be8d99affffff,-27.603681,153.284922,1
Brisbane,Hirundapus caudacutus,White-throated Needletail,Bird,Vulnerable,87be8d99effffff,-27.62097,153.303443,20
Brisbane,Hirundapus caudacutus,White-throated Needletail,Bird,Vulnerable,87be8daa0ffffff,-27.574815,152.708508,1
Brisbane,Hirundapus caudacutus,White-throated Needletail,Bird,Vulnerable,87be8daa4ffffff,-27.592175,152.726906,4
Brisbane,Hirundapus caudacutus,White-throated Needletail,Bird,Vulnerable,87be8db83ffffff,-27.621498,152.79005,2
Brisbane,Hirundapus caudacutus,White-throated Needletail,Bird,Vulnerable,87be8db86ffffff,-27.633448,152.834803,1
Brisbane,Hirundapus caudacutus,White-throated Needletail,Bird,Vulnerable,87be8db8affffff,-27.609534,152.745311,1
Brisbane,Hirundapus caudacutus,White-throated Needletail,Bird,Vulnerable,87be8db90ffffff,-27.587941,152.850587,10
Brisbane,Hirundapus caudacutus,White-throated Needletail,Bird,Vulnerable,87be8db91ffffff,-27.593347,152.824272,1
Brisbane,Hirundapus caudacutus,White-throated Needletail,Bird,Vulnerable,87be8db92ffffff,-27.56519,152.858473,1
Brisbane,Hirundapus caudacutus,White-throated Needletail,Bird,Vulnerable,87be8db96ffffff,-27.58253,152.8769,5
Brisbane,Hirundapus caudacutus,White-throated Needletail,Bird,Vulnerable,87be8db99ffffff,-27.586788,152.753225,3
Brisbane,Hirundapus caudacutus,White-throated Needletail,Bird,Vulnerable,87be8db9affffff,-27.558649,152.787444,3
Brisbane,Hirundapus caudacutus,White-throated Needletail,Bird,Vulnerable,87be8db9cffffff,-27.598748,152.797955,4
Brisbane,Hirundapus caudacutus,White-throated Needletail,Bird,Vulnerable,87be8dba1ffffff,-27.701721,152.811097,1
Brisbane,Hirundapus caudacutus,White-throated Needletail,Bird,Vulnerable,87be8dbabffffff,-27.672396,152.747888,1
Brisbane,Hirundapus caudacutus,White-throated Needletail,Bird,Vulnerable,87be8dbb4ffffff,-27.662729,152.898017,1
Brisbane,Hirundapus caudacutus,White-throated Needletail,Bird,Vulnerable,87be8dbb5ffffff,-27.668145,152.871682,1
Brisbane,Hirundapus caudacutus,White-throated Needletail,Bird,Vulnerable,87be8dbb6ffffff,-27.639968,152.905898,3
Brisbane,Hirundapus caudacutus,White-throated Needletail,Bird,Vulnerable,87be8dc4affffff,-27.374311,153.168208,1
Brisbane,Hirundapus caudacutus,White-throated Needletail,Bird,Vulnerable,87be8dc4bffffff,-27.379773,153.141971,1
Brisbane,Hirundapus caudacutus,White-throated Needletail,Bird,Vulnerable,87be8dc4cffffff,-27.414352,153.17887,3
Brisbane,Hirundapus caudacutus,White-throated Needletail,Bird,Vulnerable,87be8dc4effffff,-27.391597,153.186658,1
Brisbane,Hirundapus caudacutus,White-throated Needletail,Bird,Vulnerable,87be8dc61ffffff,-27.466213,153.234273,4
Brisbane,Hirundapus caudacutus,White-throated Needletail,Bird,Vulnerable,87be8dc65ffffff,-27.483498,153.252755,39
Brisbane,Hirundapus caudacutus,White-throated Needletail,Bird,Vulnerable,87be8dc68ffffff,-27.4544,153.189541,1
Brisbane,Hirundapus caudacutus,White-throated Needletail,Bird,Vulnerable,87be8dc6bffffff,-27.437109,153.171077,1
Brisbane,Hirundapus caudacutus,White-throated Needletail,Bird,Vulnerable,87be8dc6cffffff,-27.47169,153.208011,17
Brisbane,Hirundapus caudacutus,White-throated Needletail,Bird,Vulnerable,87be8dc6dffffff,-27.477162,153.181747,57
Brisbane,Hirundapus caudacutus,White-throated Needletail,Bird,Vulnerable,87be8dd48ffffff,-27.518065,153.289741,6
Brisbane,Hirundapus caudacutus,White-throated Needletail,Bird,Vulnerable,87be8dd49ffffff,-27.523553,153.263468,10
Brisbane,Hirundapus caudacutus,White-throated Needletail,Bird,Vulnerable,87be8dd4dffffff,-27.540839,153.281967,12
Brisbane,Hirundapus caudacutus,White-throated Needletail,Bird,Vulnerable,87be8dd69ffffff,-27.580901,153.2927,58
Brisbane,Hirundapus caudacutus,White-throated Needletail,Bird,Vulnerable,87be8dd6bffffff,-27.558123,153.300475,9
Brisbane,Hirundapus caudacutus,White-throated Needletail,Bird,Vulnerable,87be8dd6dffffff,-27.598188,153.311218,1
Brisbane,Limnodromus semipalmatus,Asian Dowitcher,Bird,Vulnerable,87be8d188ffffff,-27.276012,153.03145,6
Brisbane,Limnodromus semipalmatus,Asian Dowitcher,Bird,Vulnerable,87be8d18dffffff,-27.298747,153.023633,10
Brisbane,Limnodromus semipalmatus,Asian Dowitcher,Bird,Vulnerable,87be8d199ffffff,-27.230548,153.047073,1
Brisbane,Limnodromus semipalmatus,Asian Dowitcher,Bird,Vulnerable,87be8dc4affffff,-27.374311,153.168208,2
Brisbane,Limnodromus semipalmatus,Asian Dowitcher,Bird,Vulnerable,87be8dc4cffffff,-27.414352,153.17887,39
Brisbane,Limnodromus semipalmatus,Asian Dowitcher,Bird,Vulnerable,87be8dc4effffff,-27.391597,153.186658,3
Brisbane,Limnodromus semipalmatus,Asian Dowitcher,Bird,Vulnerable,87be8dc5dffffff,-27.368843,153.194443,115
Brisbane,Limnodromus semipalmatus,Asian Dowitcher,Bird,Vulnerable,87be8dc65ffffff,-27.483498,153.252755,3
Brisbane,Limnodromus semipalmatus,Asian Dowitcher,Bird,Vulnerable,87be8dc68ffffff,-27.4544,153.189541,11
Brisbane,Pluvialis squatarola,Grey Plover,Bird,Vulnerable,87be8d025ffffff,-27.400557,152.93982,1
Brisbane,Pluvialis squatarola,Grey Plover,Bird,Vulnerable,87be8d0b5ffffff,-27.19053,153.036493,1
Brisbane,Pluvialis squatarola,Grey Plover,Bird,Vulnerable,87be8d106ffffff,-27.436184,153.073858,1
Brisbane,Pluvialis squatarola,Grey Plover,Bird,Vulnerable,87be8d118ffffff,-27.384268,153.018571,1
Brisbane,Pluvialis squatarola,Grey Plover,Bird,Vulnerable,87be8d12effffff,-27.487134,153.031938,1
Brisbane,Pluvialis squatarola,Grey Plover,Bird,Vulnerable,87be8d188ffffff,-27.276012,153.03145,1
Brisbane,Pluvialis squatarola,Grey Plover,Bird,Vulnerable,87be8d18dffffff,-27.298747,153.023633,18
Brisbane,Pluvialis squatarola,Grey Plover,Bird,Vulnerable,87be8d199ffffff,-27.230548,153.047073,5
Brisbane,Pluvialis squatarola,Grey Plover,Bird,Vulnerable,87be8d19dffffff,-27.247838,153.065469,1
Brisbane,Pluvialis squatarola,Grey Plover,Bird,Vulnerable,87be8d1a1ffffff,-27.34519,153.105102,3
Brisbane,Pluvialis squatarola,Grey Plover,Bird,Vulnerable,87be8d8b6ffffff,-27.563614,153.27419,1
Brisbane,Pluvialis squatarola,Grey Plover,Bird,Vulnerable,87be8dc48ffffff,-27.397063,153.160417,1
Brisbane,Pluvialis squatarola,Grey Plover,Bird,Vulnerable,87be8dc4affffff,-27.374311,153.168208,6
Brisbane,Pluvialis squatarola,Grey Plover,Bird,Vulnerable,87be8dc58ffffff,-27.346092,153.202224,7
Brisbane,Pluvialis squatarola,Grey Plover,Bird,Vulnerable,87be8dc59ffffff,-27.35156,153.175996,2
Brisbane,Pluvialis squatarola,Grey Plover,Bird,Vulnerable,87be8dc5dffffff,-27.368843,153.194443,7
Brisbane,Pluvialis squatarola,Grey Plover,Bird,Vulnerable,87be8dc61ffffff,-27.466213,153.234273,33
Brisbane,Pluvialis squatarola,Grey Plover,Bird,Vulnerable,87be8dc65ffffff,-27.483498,153.252755,4
Brisbane,Pluvialis squatarola,Grey Plover,Bird,Vulnerable,87be8dc68ffffff,-27.4544,153.189541,37
Brisbane,Pluvialis squatarola,Grey Plover,Bird,Vulnerable,87be8dc6cffffff,-27.47169,153.208011,1
Brisbane,Pluvialis squatarola,Grey Plover,Bird,Vulnerable,87be8dd4dffffff,-27.540839,153.281967,1
Brisbane,Polytelis alexandrae,"Princess Parrot, Alexandra's Parrot",Bird,Vulnerable,87be8d1aeffffff,-27.327897,153.086678,2
Brisbane,Polytelis swainsonii,Superb Parrot,Bird,Vulnerable,87be8d119ffffff,-27.389702,152.992324,1
Brisbane,Polytelis swainsonii,Superb Parrot,Bird,Vulnerable,87be8d124ffffff,-27.516307,153.09512,2
Brisbane,Polytelis swainsonii,Superb Parrot,Bird,Vulnerable,87be8d125ffffff,-27.521758,153.068837,1
Brisbane,Polytelis swainsonii,Superb Parrot,Bird,Vulnerable,87be8d168ffffff,-27.530506,152.821643,2
Brisbane,Polytelis swainsonii,Superb Parrot,Bird,Vulnerable,87be8d1aaffffff,-27.310603,153.068261,1
Brisbane,Pteropus poliocephalus,Grey-headed Flying-fox,Mammal,Vulnerable,87be8d000ffffff,-27.320453,152.918727,1
Brisbane,Pteropus poliocephalus,Grey-headed Flying-fox,Mammal,Vulnerable,87be8d002ffffff,-27.297723,152.926573,1
Brisbane,Pteropus poliocephalus,Grey-headed Flying-fox,Mammal,Vulnerable,87be8d004ffffff,-27.337767,152.937115,1
Brisbane,Pteropus poliocephalus,Grey-headed Flying-fox,Mammal,Vulnerable,87be8d006ffffff,-27.315034,152.944958,1
Brisbane,Pteropus poliocephalus,Grey-headed Flying-fox,Mammal,Vulnerable,87be8d010ffffff,-27.269573,152.960631,14
Brisbane,Pteropus poliocephalus,Grey-headed Flying-fox,Mammal,Vulnerable,87be8d016ffffff,-27.264146,152.986844,2
Brisbane,Pteropus poliocephalus,Grey-headed Flying-fox,Mammal,Vulnerable,87be8d022ffffff,-27.35508,152.955511,10
Brisbane,Pteropus poliocephalus,Grey-headed Flying-fox,Mammal,Vulnerable,87be8d023ffffff,-27.360502,152.929269,1
Brisbane,Pteropus poliocephalus,Grey-headed Flying-fox,Mammal,Vulnerable,87be8d025ffffff,-27.400557,152.93982,3
Brisbane,Pteropus poliocephalus,Grey-headed Flying-fox,Mammal,Vulnerable,87be8d030ffffff,-27.326916,152.989582,1
Brisbane,Pteropus poliocephalus,Grey-headed Flying-fox,Mammal,Vulnerable,87be8d031ffffff,-27.332344,152.96335,1
Brisbane,Pteropus poliocephalus,Grey-headed Flying-fox,Mammal,Vulnerable,87be8d081ffffff,-27.1668,152.947378,8
Brisbane,Pteropus poliocephalus,Grey-headed Flying-fox,Mammal,Vulnerable,87be8d08affffff,-27.132202,152.910675,1
Brisbane,Pteropus poliocephalus,Grey-headed Flying-fox,Mammal,Vulnerable,87be8d09bffffff,-27.086781,152.926333,20
Brisbane,Pteropus poliocephalus,Grey-headed Flying-fox,Mammal,Vulnerable,87be8d0a5ffffff,-27.241417,152.994668,3
Brisbane,Pteropus poliocephalus,Grey-headed Flying-fox,Mammal,Vulnerable,87be8d0aaffffff,-27.189518,152.939549,4
Brisbane,Pteropus poliocephalus,Grey-headed Flying-fox,Mammal,Vulnerable,87be8d0b1ffffff,-27.173241,153.018115,1
Brisbane,Pteropus poliocephalus,Grey-headed Flying-fox,Mammal,Vulnerable,87be8d100ffffff,-27.441629,153.047598,1
Brisbane,Pteropus poliocephalus,Grey-headed Flying-fox,Mammal,Vulnerable,87be8d101ffffff,-27.44707,153.021335,27
Brisbane,Pteropus poliocephalus,Grey-headed Flying-fox,Mammal,Vulnerable,87be8d102ffffff,-27.418879,153.055422,7
Brisbane,Pteropus poliocephalus,Grey-headed Flying-fox,Mammal,Vulnerable,87be8d103ffffff,-27.424321,153.029166,1
Brisbane,Pteropus poliocephalus,Grey-headed Flying-fox,Mammal,Vulnerable,87be8d104ffffff,-27.458936,153.066037,1
Brisbane,Pteropus poliocephalus,Grey-headed Flying-fox,Mammal,Vulnerable,87be8d105ffffff,-27.464381,153.03977,2
Brisbane,Pteropus poliocephalus,Grey-headed Flying-fox,Mammal,Vulnerable,87be8d108ffffff,-27.43519,152.976646,2
Brisbane,Pteropus poliocephalus,Grey-headed Flying-fox,Mammal,Vulnerable,87be8d109ffffff,-27.440618,152.950381,18
Brisbane,Pteropus poliocephalus,Grey-headed Flying-fox,Mammal,Vulnerable,87be8d10cffffff,-27.452506,152.995069,1
Brisbane,Pteropus poliocephalus,Grey-headed Flying-fox,Mammal,Vulnerable,87be8d10effffff,-27.429758,153.002907,3
Brisbane,Pteropus poliocephalus,Grey-headed Flying-fox,Mammal,Vulnerable,87be8d111ffffff,-27.396131,153.063242,3
Brisbane,Pteropus poliocephalus,Grey-headed Flying-fox,Mammal,Vulnerable,87be8d115ffffff,-27.413433,153.081675,1
Brisbane,Pteropus poliocephalus,Grey-headed Flying-fox,Mammal,Vulnerable,87be8d118ffffff,-27.384268,153.018571,27
Brisbane,Pteropus poliocephalus,Grey-headed Flying-fox,Mammal,Vulnerable,87be8d119ffffff,-27.389702,152.992324,1
Brisbane,Pteropus poliocephalus,Grey-headed Flying-fox,Mammal,Vulnerable,87be8d11dffffff,-27.407012,153.010741,1
Brisbane,Pteropus poliocephalus,Grey-headed Flying-fox,Mammal,Vulnerable,87be8d11effffff,-27.378829,153.044816,8
Brisbane,Pteropus poliocephalus,Grey-headed Flying-fox,Mammal,Vulnerable,87be8d120ffffff,-27.498999,153.076662,4
Brisbane,Pteropus poliocephalus,Grey-headed Flying-fox,Mammal,Vulnerable,87be8d121ffffff,-27.504446,153.050384,2
Brisbane,Pteropus poliocephalus,Grey-headed Flying-fox,Mammal,Vulnerable,87be8d123ffffff,-27.48169,153.058213,18
Brisbane,Pteropus poliocephalus,Grey-headed Flying-fox,Mammal,Vulnerable,87be8d124ffffff,-27.516307,153.09512,1
Brisbane,Pteropus poliocephalus,Grey-headed Flying-fox,Mammal,Vulnerable,87be8d125ffffff,-27.521758,153.068837,1
Brisbane,Pteropus poliocephalus,Grey-headed Flying-fox,Mammal,Vulnerable,87be8d126ffffff,-27.493547,153.102938,1
Brisbane,Pteropus poliocephalus,Grey-headed Flying-fox,Mammal,Vulnerable,87be8d128ffffff,-27.492573,153.005661,64
Brisbane,Pteropus poliocephalus,Grey-headed Flying-fox,Mammal,Vulnerable,87be8d129ffffff,-27.498006,152.979381,2
Brisbane,Pteropus poliocephalus,Grey-headed Flying-fox,Mammal,Vulnerable,87be8d12affffff,-27.46982,153.0135,14
Brisbane,Pteropus poliocephalus,Grey-headed Flying-fox,Mammal,Vulnerable,87be8d12bffffff,-27.475255,152.987227,2
Brisbane,Pteropus poliocephalus,Grey-headed Flying-fox,Mammal,Vulnerable,87be8d12cffffff,-27.509889,153.024103,1
Brisbane,Pteropus poliocephalus,Grey-headed Flying-fox,Mammal,Vulnerable,87be8d12dffffff,-27.515326,152.997819,4
Brisbane,Pteropus poliocephalus,Grey-headed Flying-fox,Mammal,Vulnerable,87be8d12effffff,-27.487134,153.031938,5
Brisbane,Pteropus poliocephalus,Grey-headed Flying-fox,Mammal,Vulnerable,87be8d130ffffff,-27.448032,153.118563,1
Brisbane,Pteropus poliocephalus,Grey-headed Flying-fox,Mammal,Vulnerable,87be8d136ffffff,-27.442573,153.144822,3
Brisbane,Pteropus poliocephalus,Grey-headed Flying-fox,Mammal,Vulnerable,87be8d164ffffff,-27.554361,152.911081,3
Brisbane,Pteropus poliocephalus,Grey-headed Flying-fox,Mammal,Vulnerable,87be8d166ffffff,-27.531609,152.918949,3
Brisbane,Pteropus poliocephalus,Grey-headed Flying-fox,Mammal,Vulnerable,87be8d168ffffff,-27.530506,152.821643,12
Brisbane,Pteropus poliocephalus,Grey-headed Flying-fox,Mammal,Vulnerable,87be8d16effffff,-27.525101,152.84794,1
Brisbane,Pteropus poliocephalus,Grey-headed Flying-fox,Mammal,Vulnerable,87be8d170ffffff,-27.48611,152.934673,2
Brisbane,Pteropus poliocephalus,Grey-headed Flying-fox,Mammal,Vulnerable,87be8d174ffffff,-27.503435,152.953099,4
Brisbane,Pteropus poliocephalus,Grey-headed Flying-fox,Mammal,Vulnerable,87be8d18cffffff,-27.293308,153.049852,1
Brisbane,Pteropus poliocephalus,Grey-headed Flying-fox,Mammal,Vulnerable,87be8d19effffff,-27.219659,153.099466,16
Brisbane,Pteropus poliocephalus,Grey-headed Flying-fox,Mammal,Vulnerable,87be8d1a8ffffff,-27.333343,153.06045,2
Brisbane,Pteropus poliocephalus,Grey-headed Flying-fox,Mammal,Vulnerable,87be8d1aaffffff,-27.310603,153.068261,4
Brisbane,Pteropus poliocephalus,Grey-headed Flying-fox,Mammal,Vulnerable,87be8d44dffffff,-27.018662,152.949791,1
Brisbane,Pteropus poliocephalus,Grey-headed Flying-fox,Mammal,Vulnerable,87be8d80bffffff,-27.698445,153.032429,5
Brisbane,Pteropus poliocephalus,Grey-headed Flying-fox,Mammal,Vulnerable,87be8d813ffffff,-27.65385,153.14558,1
Brisbane,Pteropus poliocephalus,Grey-headed Flying-fox,Mammal,Vulnerable,87be8d815ffffff,-27.693941,153.156264,1
Brisbane,Pteropus poliocephalus,Grey-headed Flying-fox,Mammal,Vulnerable,87be8d816ffffff,-27.665689,153.190405,14
Brisbane,Pteropus poliocephalus,Grey-headed Flying-fox,Mammal,Vulnerable,87be8d81bffffff,-27.647451,153.074448,1
Brisbane,Pteropus poliocephalus,Grey-headed Flying-fox,Mammal,Vulnerable,87be8d81dffffff,-27.687546,153.085099,1
Brisbane,Pteropus poliocephalus,Grey-headed Flying-fox,Mammal,Vulnerable,87be8d830ffffff,-27.728564,153.193299,12
Brisbane,Pteropus poliocephalus,Grey-headed Flying-fox,Mammal,Vulnerable,87be8d832ffffff,-27.705779,153.201111,14
Brisbane,Pteropus poliocephalus,Grey-headed Flying-fox,Mammal,Vulnerable,87be8d836ffffff,-27.723086,153.219636,1
Brisbane,Pteropus poliocephalus,Grey-headed Flying-fox,Mammal,Vulnerable,87be8d846ffffff,-27.75487,152.964007,1
Brisbane,Pteropus poliocephalus,Grey-headed Flying-fox,Mammal,Vulnerable,87be8d856ffffff,-27.703887,153.00609,1
Brisbane,Pteropus poliocephalus,Grey-headed Flying-fox,Mammal,Vulnerable,87be8d85bffffff,-27.685492,152.890132,1
Brisbane,Pteropus poliocephalus,Grey-headed Flying-fox,Mammal,Vulnerable,87be8d888ffffff,-27.556378,153.105765,1
Brisbane,Pteropus poliocephalus,Grey-headed Flying-fox,Mammal,Vulnerable,87be8d889ffffff,-27.561832,153.079471,6
Brisbane,Pteropus poliocephalus,Grey-headed Flying-fox,Mammal,Vulnerable,87be8d88affffff,-27.533614,153.113584,3
Brisbane,Pteropus poliocephalus,Grey-headed Flying-fox,Mammal,Vulnerable,87be8d88bffffff,-27.539068,153.087297,5
Brisbane,Pteropus poliocephalus,Grey-headed Flying-fox,Mammal,Vulnerable,87be8d890ffffff,-27.511746,153.218703,9
Brisbane,Pteropus poliocephalus,Grey-headed Flying-fox,Mammal,Vulnerable,87be8d893ffffff,-27.494454,153.200221,1
Brisbane,Pteropus poliocephalus,Grey-headed Flying-fox,Mammal,Vulnerable,87be8d899ffffff,-27.510851,153.121399,7
Brisbane,Pteropus poliocephalus,Grey-headed Flying-fox,Mammal,Vulnerable,87be8d89bffffff,-27.48809,153.129211,4
Brisbane,Pteropus poliocephalus,Grey-headed Flying-fox,Mammal,Vulnerable,87be8d8a9ffffff,-27.619225,153.108595,1
Brisbane,Pteropus poliocephalus,Grey-headed Flying-fox,Mammal,Vulnerable,87be8d8b6ffffff,-27.563614,153.27419,1
Brisbane,Pteropus poliocephalus,Grey-headed Flying-fox,Mammal,Vulnerable,87be8d8c0ffffff,-27.600925,152.99272,1
Brisbane,Pteropus poliocephalus,Grey-headed Flying-fox,Mammal,Vulnerable,87be8d8c3ffffff,-27.583597,152.974266,1
Brisbane,Pteropus poliocephalus,Grey-headed Flying-fox,Mammal,Vulnerable,87be8d8c9ffffff,-27.59987,152.895333,2
Brisbane,Pteropus poliocephalus,Grey-headed Flying-fox,Mammal,Vulnerable,87be8d8ccffffff,-27.611786,152.940092,1
Brisbane,Pteropus poliocephalus,Grey-headed Flying-fox,Mammal,Vulnerable,87be8d8cdffffff,-27.617209,152.913774,2
Brisbane,Pteropus poliocephalus,Grey-headed Flying-fox,Mammal,Vulnerable,87be8d8d0ffffff,-27.549963,153.034715,23
Brisbane,Pteropus poliocephalus,Grey-headed Flying-fox,Mammal,Vulnerable,87be8d8d2ffffff,-27.527204,153.042551,22
Brisbane,Pteropus poliocephalus,Grey-headed Flying-fox,Mammal,Vulnerable,87be8d8d3ffffff,-27.532645,153.016263,3
Brisbane,Pteropus poliocephalus,Grey-headed Flying-fox,Mammal,Vulnerable,87be8d8d4ffffff,-27.56728,153.053174,5
Brisbane,Pteropus poliocephalus,Grey-headed Flying-fox,Mammal,Vulnerable,87be8d8d6ffffff,-27.544518,153.061007,18
Brisbane,Pteropus poliocephalus,Grey-headed Flying-fox,Mammal,Vulnerable,87be8d8d8ffffff,-27.543513,152.963678,9
Brisbane,Pteropus poliocephalus,Grey-headed Flying-fox,Mammal,Vulnerable,87be8d8d9ffffff,-27.54894,152.937381,17
Brisbane,Pteropus poliocephalus,Grey-headed Flying-fox,Mammal,Vulnerable,87be8d8daffffff,-27.520759,152.971532,4
Brisbane,Pteropus poliocephalus,Grey-headed Flying-fox,Mammal,Vulnerable,87be8d8dbffffff,-27.526186,152.945242,1
Brisbane,Pteropus poliocephalus,Grey-headed Flying-fox,Mammal,Vulnerable,87be8d8dcffffff,-27.560839,152.982121,4
Brisbane,Pteropus poliocephalus,Grey-headed Flying-fox,Mammal,Vulnerable,87be8d8ddffffff,-27.566269,152.95582,2
Brisbane,Pteropus poliocephalus,Grey-headed Flying-fox,Mammal,Vulnerable,87be8d8deffffff,-27.538082,152.989972,4
Brisbane,Pteropus poliocephalus,Grey-headed Flying-fox,Mammal,Vulnerable,87be8d8e0ffffff,-27.658345,153.0218,3
Brisbane,Pteropus poliocephalus,Grey-headed Flying-fox,Mammal,Vulnerable,87be8d8e2ffffff,-27.635576,153.02965,7
Brisbane,Pteropus poliocephalus,Grey-headed Flying-fox,Mammal,Vulnerable,87be8d8e4ffffff,-27.675672,153.040279,4
Brisbane,Pteropus poliocephalus,Grey-headed Flying-fox,Mammal,Vulnerable,87be8d8ebffffff,-27.634546,152.932223,16
Brisbane,Pteropus poliocephalus,Grey-headed Flying-fox,Mammal,Vulnerable,87be8d8f1ffffff,-27.612809,153.037495,2
Brisbane,Pteropus poliocephalus,Grey-headed Flying-fox,Mammal,Vulnerable,87be8d8f2ffffff,-27.584596,153.07164,1
Brisbane,Pteropus poliocephalus,Grey-headed Flying-fox,Mammal,Vulnerable,87be8d8f3ffffff,-27.590044,153.045337,9
Brisbane,Pteropus poliocephalus,Grey-headed Flying-fox,Mammal,Vulnerable,87be8d8f4ffffff,-27.624681,153.082283,1
Brisbane,Pteropus poliocephalus,Grey-headed Flying-fox,Mammal,Vulnerable,87be8d8f5ffffff,-27.630131,153.055968,4
Brisbane,Pteropus poliocephalus,Grey-headed Flying-fox,Mammal,Vulnerable,87be8d99cffffff,-27.643754,153.295664,1
Brisbane,Pteropus poliocephalus,Grey-headed Flying-fox,Mammal,Vulnerable,87be8db82ffffff,-27.616098,152.816375,16
Brisbane,Pteropus poliocephalus,Grey-headed Flying-fox,Mammal,Vulnerable,87be8db8affffff,-27.609534,152.745311,4
Brisbane,Pteropus poliocephalus,Grey-headed Flying-fox,Mammal,Vulnerable,87be8db8cffffff,-27.649644,152.755808,9
Brisbane,Pteropus poliocephalus,Grey-headed Flying-fox,Mammal,Vulnerable,87be8db8effffff,-27.626893,152.763723,36
Brisbane,Pteropus poliocephalus,Grey-headed Flying-fox,Mammal,Vulnerable,87be8db94ffffff,-27.605284,152.869017,4
Brisbane,Pteropus poliocephalus,Grey-headed Flying-fox,Mammal,Vulnerable,87be8db96ffffff,-27.58253,152.8769,1
Brisbane,Pteropus poliocephalus,Grey-headed Flying-fox,Mammal,Vulnerable,87be8db99ffffff,-27.586788,152.753225,1
Brisbane,Pteropus poliocephalus,Grey-headed Flying-fox,Mammal,Vulnerable,87be8db9cffffff,-27.598748,152.797955,62
Brisbane,Pteropus poliocephalus,Grey-headed Flying-fox,Mammal,Vulnerable,87be8dc49ffffff,-27.402524,153.134172,1
Brisbane,Pteropus poliocephalus,Grey-headed Flying-fox,Mammal,Vulnerable,87be8dc4dffffff,-27.419817,153.152621,2
Brisbane,Pteropus poliocephalus,Grey-headed Flying-fox,Mammal,Vulnerable,87be8dc68ffffff,-27.4544,153.189541,1
Brisbane,Pteropus poliocephalus,Grey-headed Flying-fox,Mammal,Vulnerable,87be8dc6bffffff,-27.437109,153.171077,1
Brisbane,Pteropus poliocephalus,Grey-headed Flying-fox,Mammal,Vulnerable,87be8dc6dffffff,-27.477162,153.181747,1
Brisbane,Pteropus poliocephalus,Grey-headed Flying-fox,Mammal,Vulnerable,87be8dd49ffffff,-27.523553,153.263468,8
Brisbane,Pteropus poliocephalus,Grey-headed Flying-fox,Mammal,Vulnerable,87be8dd4dffffff,-27.540839,153.281967,7
Brisbane,Sternula albifrons,Little Tern,Bird,Vulnerable,87be8d014ffffff,-27.286877,152.979017,1
Brisbane,Sternula albifrons,Little Tern,Bird,Vulnerable,87be8d0b5ffffff,-27.19053,153.036493,13
Brisbane,Sternula albifrons,Little Tern,Bird,Vulnerable,87be8d106ffffff,-27.436184,153.073858,1
Brisbane,Sternula albifrons,Little Tern,Bird,Vulnerable,87be8d116ffffff,-27.385231,153.115731,1
Brisbane,Sternula albifrons,Little Tern,Bird,Vulnerable,87be8d123ffffff,-27.48169,153.058213,2
Brisbane,Sternula albifrons,Little Tern,Bird,Vulnerable,87be8d12cffffff,-27.509889,153.024103,2
Brisbane,Sternula albifrons,Little Tern,Bird,Vulnerable,87be8d132ffffff,-27.425278,153.12637,1
Brisbane,Sternula albifrons,Little Tern,Bird,Vulnerable,87be8d181ffffff,-27.287864,153.076068,100
Brisbane,Sternula albifrons,Little Tern,Bird,Vulnerable,87be8d182ffffff,-27.259678,153.110078,9
Brisbane,Sternula albifrons,Little Tern,Bird,Vulnerable,87be8d183ffffff,-27.265127,153.083872,6
Brisbane,Sternula albifrons,Little Tern,Bird,Vulnerable,87be8d188ffffff,-27.276012,153.03145,63
Brisbane,Sternula albifrons,Little Tern,Bird,Vulnerable,87be8d18cffffff,-27.293308,153.049852,5
Brisbane,Sternula albifrons,Little Tern,Bird,Vulnerable,87be8d18dffffff,-27.298747,153.023633,44
Brisbane,Sternula albifrons,Little Tern,Bird,Vulnerable,87be8d18effffff,-27.270572,153.057662,4
Brisbane,Sternula albifrons,Little Tern,Bird,Vulnerable,87be8d191ffffff,-27.236942,153.117871,1
Brisbane,Sternula albifrons,Little Tern,Bird,Vulnerable,87be8d193ffffff,-27.214207,153.125659,1
Brisbane,Sternula albifrons,Little Tern,Bird,Vulnerable,87be8d19dffffff,-27.247838,153.065469,13
Brisbane,Sternula albifrons,Little Tern,Bird,Vulnerable,87be8d1a1ffffff,-27.34519,153.105102,247
Brisbane,Sternula albifrons,Little Tern,Bird,Vulnerable,87be8d1aaffffff,-27.310603,153.068261,43
Brisbane,Sternula albifrons,Little Tern,Bird,Vulnerable,87be8d1acffffff,-27.35064,153.07887,15
Brisbane,Sternula albifrons,Little Tern,Bird,Vulnerable,87be8d1aeffffff,-27.327897,153.086678,126
Brisbane,Sternula albifrons,Little Tern,Bird,Vulnerable,87be8d56dffffff,-27.196927,153.107258,203
Brisbane,Sternula albifrons,Little Tern,Bird,Vulnerable,87be8d892ffffff,-27.488979,153.22649,4
Brisbane,Sternula albifrons,Little Tern,Bird,Vulnerable,87be8d893ffffff,-27.494454,153.200221,1
Brisbane,Sternula albifrons,Little Tern,Bird,Vulnerable,87be8d89effffff,-27.499925,153.17395,1
Brisbane,Sternula albifrons,Little Tern,Bird,Vulnerable,87be8d99effffff,-27.62097,153.303443,1
Brisbane,Sternula albifrons,Little Tern,Bird,Vulnerable,87be8dc48ffffff,-27.397063,153.160417,12
Brisbane,Sternula albifrons,Little Tern,Bird,Vulnerable,87be8dc4affffff,-27.374311,153.168208,7
Brisbane,Sternula albifrons,Little Tern,Bird,Vulnerable,87be8dc4bffffff,-27.379773,153.141971,9
Brisbane,Sternula albifrons,Little Tern,Bird,Vulnerable,87be8dc4cffffff,-27.414352,153.17887,36
Brisbane,Sternula albifrons,Little Tern,Bird,Vulnerable,87be8dc4effffff,-27.391597,153.186658,1
Brisbane,Sternula albifrons,Little Tern,Bird,Vulnerable,87be8dc58ffffff,-27.346092,153.202224,11
Brisbane,Sternula albifrons,Little Tern,Bird,Vulnerable,87be8dc59ffffff,-27.35156,153.175996,8
Brisbane,Sternula albifrons,Little Tern,Bird,Vulnerable,87be8dc5dffffff,-27.368843,153.194443,328
Brisbane,Sternula albifrons,Little Tern,Bird,Vulnerable,87be8dc61ffffff,-27.466213,153.234273,196
Brisbane,Sternula albifrons,Little Tern,Bird,Vulnerable,87be8dc65ffffff,-27.483498,153.252755,3
Brisbane,Sternula albifrons,Little Tern,Bird,Vulnerable,87be8dc68ffffff,-27.4544,153.189541,279
Brisbane,Sternula albifrons,Little Tern,Bird,Vulnerable,87be8dc6bffffff,-27.437109,153.171077,38
Brisbane,Sternula albifrons,Little Tern,Bird,Vulnerable,87be8dc6cffffff,-27.47169,153.208011,176
Brisbane,Sternula albifrons,Little Tern,Bird,Vulnerable,87be8dc6dffffff,-27.477162,153.181747,6
Brisbane,Sternula albifrons,Little Tern,Bird,Vulnerable,87be8dd48ffffff,-27.518065,153.289741,16
Brisbane,Sternula albifrons,Little Tern,Bird,Vulnerable,87be8dd49ffffff,-27.523553,153.263468,3
Brisbane,Sternula albifrons,Little Tern,Bird,Vulnerable,87be8dd4dffffff,-27.540839,153.281967,5
Brisbane,Sternula albifrons,Little Tern,Bird,Vulnerable,87be8dd68ffffff,-27.575407,153.318989,3
Brisbane,Sternula albifrons,Little Tern,Bird,Vulnerable,87be8dd6bffffff,-27.558123,153.300475,1
Brisbane,Sternula albifrons,Little Tern,Bird,Vulnerable,87be8dd6dffffff,-27.598188,153.311218,3
Brisbane,Turnix melanogaster,Black-breasted Button-quail,Bird,Vulnerable,87be8db98ffffff,-27.581396,152.779541,1
Brisbane,Xenus cinereus,Terek Sandpiper,Bird,Vulnerable,87be8d0b5ffffff,-27.19053,153.036493,21
Brisbane,Xenus cinereus,Terek Sandpiper,Bird,Vulnerable,87be8d188ffffff,-27.276012,153.03145,17
Brisbane,Xenus cinereus,Terek Sandpiper,Bird,Vulnerable,87be8d18dffffff,-27.298747,153.023633,1
Brisbane,Xenus cinereus,Terek Sandpiper,Bird,Vulnerable,87be8d191ffffff,-27.236942,153.117871,1
Brisbane,Xenus cinereus,Terek Sandpiper,Bird,Vulnerable,87be8d199ffffff,-27.230548,153.047073,3
Brisbane,Xenus cinereus,Terek Sandpiper,Bird,Vulnerable,87be8d19dffffff,-27.247838,153.065469,1
Brisbane,Xenus cinereus,Terek Sandpiper,Bird,Vulnerable,87be8d1a1ffffff,-27.34519,153.105102,4
Brisbane,Xenus cinereus,Terek Sandpiper,Bird,Vulnerable,87be8d1aeffffff,-27.327897,153.086678,1
Brisbane,Xenus cinereus,Terek Sandpiper,Bird,Vulnerable,87be8d56dffffff,-27.196927,153.107258,3
Brisbane,Xenus cinereus,Terek Sandpiper,Bird,Vulnerable,87be8d892ffffff,-27.488979,153.22649,5
Brisbane,Xenus cinereus,Terek Sandpiper,Bird,Vulnerable,87be8d893ffffff,-27.494454,153.200221,1
Brisbane,Xenus cinereus,Terek Sandpiper,Bird,Vulnerable,87be8d8b3ffffff,-27.551808,153.229403,1
Brisbane,Xenus cinereus,Terek Sandpiper,Bird,Vulnerable,87be8dc48ffffff,-27.397063,153.160417,1
Brisbane,Xenus cinereus,Terek Sandpiper,Bird,Vulnerable,87be8dc4cffffff,-27.414352,153.17887,25
Brisbane,Xenus cinereus,Terek Sandpiper,Bird,Vulnerable,87be8dc5dffffff,-27.368843,153.194443,39
Brisbane,Xenus cinereus,Terek Sandpiper,Bird,Vulnerable,87be8dc61ffffff,-27.466213,153.234273,13
Brisbane,Xenus cinereus,Terek Sandpiper,Bird,Vulnerable,87be8dc65ffffff,-27.483498,153.252755,5
Brisbane,Xenus cinereus,Terek Sandpiper,Bird,Vulnerable,87be8dc68ffffff,-27.4544,153.189541,420
Brisbane,Xenus cinereus,Terek Sandpiper,Bird,Vulnerable,87be8dc6bffffff,-27.437109,153.171077,15
Brisbane,Xenus cinereus,Terek Sandpiper,Bird,Vulnerable,87be8dc6cffffff,-27.47169,153.208011,370
Brisbane,Xenus cinereus,Terek Sandpiper,Bird,Vulnerable,87be8dc6dffffff,-27.477162,153.181747,11
Brisbane,Xenus cinereus,Terek Sandpiper,Bird,Vulnerable,87be8dd48ffffff,-27.518065,153.289741,15
Brisbane,Xenus cinereus,Terek Sandpiper,Bird,Vulnerable,87be8dd49ffffff,-27.523553,153.263468,1
Brisbane,Xenus cinereus,Terek Sandpiper,Bird,Vulnerable,87be8dd4dffffff,-27.540839,153.281967,9
Brisbane,Xenus cinereus,Terek Sandpiper,Bird,Vulnerable,87be8dd6bffffff,-27.558123,153.300475,1
Brisbane,Xenus cinereus,Terek Sandpiper,Bird,Vulnerable,87be8dd6dffffff,-27.598188,153.311218,1
Canberra–Queanbeyan,Aphelocephala leucopsis,Southern Whiteface,Bird,Vulnerable,87be0d269ffffff,-35.184717,149.15802,1
Canberra–Queanbeyan,Aphelocephala leucopsis,Southern Whiteface,Bird,Vulnerable,87be7252dffffff,-35.234524,148.975444,1
Canberra–Queanbeyan,Aphelocephala leucopsis,Southern Whiteface,Bird,Vulnerable,87be72531ffffff,-35.175587,149.08117,3
Canberra–Queanbeyan,Aphelocephala leucopsis,Southern Whiteface,Bird,Vulnerable,87be72534ffffff,-35.189252,149.129201,3
Canberra–Queanbeyan,Aphelocephala leucopsis,Southern Whiteface,Bird,Vulnerable,87be72c10ffffff,-35.398312,149.148546,43
Canberra–Queanbeyan,Aphelocephala leucopsis,Southern Whiteface,Bird,Vulnerable,87be72c12ffffff,-35.375595,149.158161,20
Canberra–Queanbeyan,Aphelocephala leucopsis,Southern Whiteface,Bird,Vulnerable,87be72c15ffffff,-35.421029,149.138926,2
Canberra–Queanbeyan,Aphelocephala leucopsis,Southern Whiteface,Bird,Vulnerable,87be72c19ffffff,-35.393667,149.04261,2
Canberra–Queanbeyan,Aphelocephala leucopsis,Southern Whiteface,Bird,Vulnerable,87be72c9bffffff,-35.211971,149.1196,2
Canberra–Queanbeyan,Aphelocephala leucopsis,Southern Whiteface,Bird,Vulnerable,87be72c9effffff,-35.225623,149.167662,9
Canberra–Queanbeyan,Aphelocephala leucopsis,Southern Whiteface,Bird,Vulnerable,87be72ca0ffffff,-35.348336,149.196648,1
Canberra–Queanbeyan,Aphelocephala leucopsis,Southern Whiteface,Bird,Vulnerable,87be72ca1ffffff,-35.352876,149.167771,2
Canberra–Queanbeyan,Aphelocephala leucopsis,Southern Whiteface,Bird,Vulnerable,87be72ca2ffffff,-35.325613,149.206245,6
Canberra–Queanbeyan,Aphelocephala leucopsis,Southern Whiteface,Bird,Vulnerable,87be72ca3ffffff,-35.330155,149.177376,1
Canberra–Queanbeyan,Aphelocephala leucopsis,Southern Whiteface,Bird,Vulnerable,87be72ca4ffffff,-35.366516,149.215928,1
Canberra–Queanbeyan,Aphelocephala leucopsis,Southern Whiteface,Bird,Vulnerable,87be72ca5ffffff,-35.371059,149.187046,14
Canberra–Queanbeyan,Aphelocephala leucopsis,Southern Whiteface,Bird,Vulnerable,87be72cacffffff,-35.357407,149.138893,29
Canberra–Queanbeyan,Aphelocephala leucopsis,Southern Whiteface,Bird,Vulnerable,87be72cd4ffffff,-35.289142,149.033061,5
Canberra–Queanbeyan,Aphelocephala leucopsis,Southern Whiteface,Bird,Vulnerable,87be72cf3ffffff,-35.311849,149.023424,1
Canberra–Queanbeyan,Aphelocephala leucopsis,Southern Whiteface,Bird,Vulnerable,87be72d89ffffff,-35.411962,149.196725,2
Canberra–Queanbeyan,Aprasia parapulchella,"Pink-tailed Worm-lizard, Pink-tailed Legless Lizard",Reptile,Vulnerable,87be7252dffffff,-35.234524,148.975444,19
Canberra–Queanbeyan,Aprasia parapulchella,"Pink-tailed Worm-lizard, Pink-tailed Legless Lizard",Reptile,Vulnerable,87be7252effffff,-35.207321,149.01391,1
Canberra–Queanbeyan,Aprasia parapulchella,"Pink-tailed Worm-lizard, Pink-tailed Legless Lizard",Reptile,Vulnerable,87be72c16ffffff,-35.393779,149.177438,1
Canberra–Queanbeyan,Aprasia parapulchella,"Pink-tailed Worm-lizard, Pink-tailed Legless Lizard",Reptile,Vulnerable,87be72c1affffff,-35.36645,149.081133,1
Canberra–Queanbeyan,Aprasia parapulchella,"Pink-tailed Worm-lizard, Pink-tailed Legless Lizard",Reptile,Vulnerable,87be72cabffffff,-35.321026,149.100386,1
Canberra–Queanbeyan,Aprasia parapulchella,"Pink-tailed Worm-lizard, Pink-tailed Legless Lizard",Reptile,Vulnerable,87be72cd4ffffff,-35.289142,149.033061,3
Canberra–Queanbeyan,Aprasia parapulchella,"Pink-tailed Worm-lizard, Pink-tailed Legless Lizard",Reptile,Vulnerable,87be72cf3ffffff,-35.311849,149.023424,2
Canberra–Queanbeyan,Calidris acuminata,Sharp-tailed Sandpiper,Bird,Vulnerable,87be0d269ffffff,-35.184717,149.15802,1
Canberra–Queanbeyan,Calidris acuminata,Sharp-tailed Sandpiper,Bird,Vulnerable,87be7252effffff,-35.207321,149.01391,1
Canberra–Queanbeyan,Calidris acuminata,Sharp-tailed Sandpiper,Bird,Vulnerable,87be72c85ffffff,-35.311971,149.158114,280
Canberra–Queanbeyan,Delma impar,"Striped Legless Lizard, Striped Snake-lizard",Reptile,Vulnerable,87be72c13ffffff,-35.380124,149.129275,1
Canberra–Queanbeyan,Delma impar,"Striped Legless Lizard, Striped Snake-lizard",Reptile,Vulnerable,87be72c98ffffff,-35.230159,149.138829,6
Canberra–Queanbeyan,Delma impar,"Striped Legless Lizard, Striped Snake-lizard",Reptile,Vulnerable,87be72c9affffff,-35.207439,149.148427,9
Canberra–Queanbeyan,Delma impar,"Striped Legless Lizard, Striped Snake-lizard",Reptile,Vulnerable,87be72c9bffffff,-35.211971,149.1196,42
Canberra–Queanbeyan,Delma impar,"Striped Legless Lizard, Striped Snake-lizard",Reptile,Vulnerable,87be72c9effffff,-35.225623,149.167662,3
Canberra–Queanbeyan,Delma impar,"Striped Legless Lizard, Striped Snake-lizard",Reptile,Vulnerable,87be72ca0ffffff,-35.348336,149.196648,3
Canberra–Queanbeyan,Gallinago hardwickii,"Latham's Snipe, Japanese Snipe",Bird,Vulnerable,87be0d24dffffff,-35.143811,149.148388,1
Canberra–Queanbeyan,Gallinago hardwickii,"Latham's Snipe, Japanese Snipe",Bird,Vulnerable,87be0d269ffffff,-35.184717,149.15802,195
Canberra–Queanbeyan,Gallinago hardwickii,"Latham's Snipe, Japanese Snipe",Bird,Vulnerable,87be0d26dffffff,-35.2029,149.177253,1
Canberra–Queanbeyan,Gallinago hardwickii,"Latham's Snipe, Japanese Snipe",Bird,Vulnerable,87be72505ffffff,-35.184613,149.023538,2
Canberra–Queanbeyan,Gallinago hardwickii,"Latham's Snipe, Japanese Snipe",Bird,Vulnerable,87be72520ffffff,-35.221013,149.061942,3
Canberra–Queanbeyan,Gallinago hardwickii,"Latham's Snipe, Japanese Snipe",Bird,Vulnerable,87be72521ffffff,-35.225524,149.033111,1
Canberra–Queanbeyan,Gallinago hardwickii,"Latham's Snipe, Japanese Snipe",Bird,Vulnerable,87be72524ffffff,-35.23921,149.081158,4
Canberra–Queanbeyan,Gallinago hardwickii,"Latham's Snipe, Japanese Snipe",Bird,Vulnerable,87be72526ffffff,-35.216496,149.090772,132
Canberra–Queanbeyan,Gallinago hardwickii,"Latham's Snipe, Japanese Snipe",Bird,Vulnerable,87be72528ffffff,-35.21182,148.985084,1
Canberra–Queanbeyan,Gallinago hardwickii,"Latham's Snipe, Japanese Snipe",Bird,Vulnerable,87be7252effffff,-35.207321,149.01391,5
Canberra–Queanbeyan,Gallinago hardwickii,"Latham's Snipe, Japanese Snipe",Bird,Vulnerable,87be72530ffffff,-35.171063,149.109984,2
Canberra–Queanbeyan,Gallinago hardwickii,"Latham's Snipe, Japanese Snipe",Bird,Vulnerable,87be72532ffffff,-35.148345,149.119583,3
Canberra–Queanbeyan,Gallinago hardwickii,"Latham's Snipe, Japanese Snipe",Bird,Vulnerable,87be72534ffffff,-35.189252,149.129201,46
Canberra–Queanbeyan,Gallinago hardwickii,"Latham's Snipe, Japanese Snipe",Bird,Vulnerable,87be72535ffffff,-35.19378,149.100381,15
Canberra–Queanbeyan,Gallinago hardwickii,"Latham's Snipe, Japanese Snipe",Bird,Vulnerable,87be72536ffffff,-35.166532,149.138797,139
Canberra–Queanbeyan,Gallinago hardwickii,"Latham's Snipe, Japanese Snipe",Bird,Vulnerable,87be72c01ffffff,-35.452775,149.07148,1
Canberra–Queanbeyan,Gallinago hardwickii,"Latham's Snipe, Japanese Snipe",Bird,Vulnerable,87be72c03ffffff,-35.430067,149.081121,79
Canberra–Queanbeyan,Gallinago hardwickii,"Latham's Snipe, Japanese Snipe",Bird,Vulnerable,87be72c12ffffff,-35.375595,149.158161,1
Canberra–Queanbeyan,Gallinago hardwickii,"Latham's Snipe, Japanese Snipe",Bird,Vulnerable,87be72c18ffffff,-35.38916,149.0715,1
Canberra–Queanbeyan,Gallinago hardwickii,"Latham's Snipe, Japanese Snipe",Bird,Vulnerable,87be72c81ffffff,-35.293784,149.138861,21
Canberra–Queanbeyan,Gallinago hardwickii,"Latham's Snipe, Japanese Snipe",Bird,Vulnerable,87be72c85ffffff,-35.311971,149.158114,4343
Canberra–Queanbeyan,Gallinago hardwickii,"Latham's Snipe, Japanese Snipe",Bird,Vulnerable,87be72c88ffffff,-35.280118,149.090767,3
Canberra–Queanbeyan,Gallinago hardwickii,"Latham's Snipe, Japanese Snipe",Bird,Vulnerable,87be72c8cffffff,-35.298311,149.110004,7
Canberra–Queanbeyan,Gallinago hardwickii,"Latham's Snipe, Japanese Snipe",Bird,Vulnerable,87be72c8dffffff,-35.302831,149.081146,3
Canberra–Queanbeyan,Gallinago hardwickii,"Latham's Snipe, Japanese Snipe",Bird,Vulnerable,87be72c98ffffff,-35.230159,149.138829,13
Canberra–Queanbeyan,Gallinago hardwickii,"Latham's Snipe, Japanese Snipe",Bird,Vulnerable,87be72c99ffffff,-35.234688,149.109994,10
Canberra–Queanbeyan,Gallinago hardwickii,"Latham's Snipe, Japanese Snipe",Bird,Vulnerable,87be72c9affffff,-35.207439,149.148427,24
Canberra–Queanbeyan,Gallinago hardwickii,"Latham's Snipe, Japanese Snipe",Bird,Vulnerable,87be72c9bffffff,-35.211971,149.1196,1
Canberra–Queanbeyan,Gallinago hardwickii,"Latham's Snipe, Japanese Snipe",Bird,Vulnerable,87be72c9dffffff,-35.252878,149.129226,1
Canberra–Queanbeyan,Gallinago hardwickii,"Latham's Snipe, Japanese Snipe",Bird,Vulnerable,87be72c9effffff,-35.225623,149.167662,2
Canberra–Queanbeyan,Gallinago hardwickii,"Latham's Snipe, Japanese Snipe",Bird,Vulnerable,87be72ca5ffffff,-35.371059,149.187046,1
Canberra–Queanbeyan,Gallinago hardwickii,"Latham's Snipe, Japanese Snipe",Bird,Vulnerable,87be72cabffffff,-35.321026,149.100386,1
Canberra–Queanbeyan,Gallinago hardwickii,"Latham's Snipe, Japanese Snipe",Bird,Vulnerable,87be72cd2ffffff,-35.248232,149.023481,1
Canberra–Queanbeyan,Gallinago hardwickii,"Latham's Snipe, Japanese Snipe",Bird,Vulnerable,87be72cf0ffffff,-35.330052,149.042651,5
Canberra–Queanbeyan,Gallinago hardwickii,"Latham's Snipe, Japanese Snipe",Bird,Vulnerable,87be72d8bffffff,-35.389239,149.206329,1
Canberra–Queanbeyan,Grantiella picta,Painted Honeyeater,Bird,Vulnerable,87be72c9effffff,-35.225623,149.167662,1
Canberra–Queanbeyan,Hirundapus caudacutus,White-throated Needletail,Bird,Vulnerable,87be72521ffffff,-35.225524,149.033111,1
Canberra–Queanbeyan,Hirundapus caudacutus,White-throated Needletail,Bird,Vulnerable,87be72523ffffff,-35.202814,149.042735,1
Canberra–Queanbeyan,Hirundapus caudacutus,White-throated Needletail,Bird,Vulnerable,87be72524ffffff,-35.23921,149.081158,1
Canberra–Queanbeyan,Hirundapus caudacutus,White-throated Needletail,Bird,Vulnerable,87be72525ffffff,-35.243724,149.05232,5
Canberra–Queanbeyan,Hirundapus caudacutus,White-throated Needletail,Bird,Vulnerable,87be72526ffffff,-35.216496,149.090772,1
Canberra–Queanbeyan,Hirundapus caudacutus,White-throated Needletail,Bird,Vulnerable,87be7252cffffff,-35.230027,149.004278,3
Canberra–Queanbeyan,Hirundapus caudacutus,White-throated Needletail,Bird,Vulnerable,87be7252effffff,-35.207321,149.01391,1
Canberra–Queanbeyan,Hirundapus caudacutus,White-throated Needletail,Bird,Vulnerable,87be72530ffffff,-35.171063,149.109984,6
Canberra–Queanbeyan,Hirundapus caudacutus,White-throated Needletail,Bird,Vulnerable,87be72534ffffff,-35.189252,149.129201,2
Canberra–Queanbeyan,Hirundapus caudacutus,White-throated Needletail,Bird,Vulnerable,87be72536ffffff,-35.166532,149.138797,1
Canberra–Queanbeyan,Hirundapus caudacutus,White-throated Needletail,Bird,Vulnerable,87be72c00ffffff,-35.448263,149.100391,1
Canberra–Queanbeyan,Hirundapus caudacutus,White-throated Needletail,Bird,Vulnerable,87be72c10ffffff,-35.398312,149.148546,1
Canberra–Queanbeyan,Hirundapus caudacutus,White-throated Needletail,Bird,Vulnerable,87be72c11ffffff,-35.402838,149.119652,19
Canberra–Queanbeyan,Hirundapus caudacutus,White-throated Needletail,Bird,Vulnerable,87be72c13ffffff,-35.380124,149.129275,1
Canberra–Queanbeyan,Hirundapus caudacutus,White-throated Needletail,Bird,Vulnerable,87be72c19ffffff,-35.393667,149.04261,6
Canberra–Queanbeyan,Hirundapus caudacutus,White-throated Needletail,Bird,Vulnerable,87be72c1affffff,-35.36645,149.081133,2
Canberra–Queanbeyan,Hirundapus caudacutus,White-throated Needletail,Bird,Vulnerable,87be72c1dffffff,-35.411868,149.061861,1
Canberra–Queanbeyan,Hirundapus caudacutus,White-throated Needletail,Bird,Vulnerable,87be72c80ffffff,-35.28925,149.167717,1
Canberra–Queanbeyan,Hirundapus caudacutus,White-throated Needletail,Bird,Vulnerable,87be72c81ffffff,-35.293784,149.138861,1
Canberra–Queanbeyan,Hirundapus caudacutus,White-throated Needletail,Bird,Vulnerable,87be72c83ffffff,-35.271065,149.148467,12
Canberra–Queanbeyan,Hirundapus caudacutus,White-throated Needletail,Bird,Vulnerable,87be72c85ffffff,-35.311971,149.158114,17
Canberra–Queanbeyan,Hirundapus caudacutus,White-throated Needletail,Bird,Vulnerable,87be72c8affffff,-35.257404,149.100383,3
Canberra–Queanbeyan,Hirundapus caudacutus,White-throated Needletail,Bird,Vulnerable,87be72c8bffffff,-35.261922,149.071539,14
Canberra–Queanbeyan,Hirundapus caudacutus,White-throated Needletail,Bird,Vulnerable,87be72c8dffffff,-35.302831,149.081146,1
Canberra–Queanbeyan,Hirundapus caudacutus,White-throated Needletail,Bird,Vulnerable,87be72c8effffff,-35.275595,149.119618,3
Canberra–Queanbeyan,Hirundapus caudacutus,White-throated Needletail,Bird,Vulnerable,87be72c93ffffff,-35.22108,149.196494,2
Canberra–Queanbeyan,Hirundapus caudacutus,White-throated Needletail,Bird,Vulnerable,87be72c99ffffff,-35.234688,149.109994,2
Canberra–Queanbeyan,Hirundapus caudacutus,White-throated Needletail,Bird,Vulnerable,87be72c9bffffff,-35.211971,149.1196,2
Canberra–Queanbeyan,Hirundapus caudacutus,White-throated Needletail,Bird,Vulnerable,87be72c9cffffff,-35.248345,149.158067,3
Canberra–Queanbeyan,Hirundapus caudacutus,White-throated Needletail,Bird,Vulnerable,87be72c9dffffff,-35.252878,149.129226,2
Canberra–Queanbeyan,Hirundapus caudacutus,White-throated Needletail,Bird,Vulnerable,87be72c9effffff,-35.225623,149.167662,2
Canberra–Queanbeyan,Hirundapus caudacutus,White-throated Needletail,Bird,Vulnerable,87be72ca1ffffff,-35.352876,149.167771,3
Canberra–Queanbeyan,Hirundapus caudacutus,White-throated Needletail,Bird,Vulnerable,87be72ca3ffffff,-35.330155,149.177376,1
Canberra–Queanbeyan,Hirundapus caudacutus,White-throated Needletail,Bird,Vulnerable,87be72ca8ffffff,-35.339218,149.119635,21
Canberra–Queanbeyan,Hirundapus caudacutus,White-throated Needletail,Bird,Vulnerable,87be72ca9ffffff,-35.343738,149.090762,4
Canberra–Queanbeyan,Hirundapus caudacutus,White-throated Needletail,Bird,Vulnerable,87be72cabffffff,-35.321026,149.100386,3
Canberra–Queanbeyan,Hirundapus caudacutus,White-throated Needletail,Bird,Vulnerable,87be72cacffffff,-35.357407,149.138893,1
Canberra–Queanbeyan,Hirundapus caudacutus,White-throated Needletail,Bird,Vulnerable,87be72caeffffff,-35.33469,149.148506,3
Canberra–Queanbeyan,Hirundapus caudacutus,White-throated Needletail,Bird,Vulnerable,87be72cd2ffffff,-35.248232,149.023481,2
Canberra–Queanbeyan,Hirundapus caudacutus,White-throated Needletail,Bird,Vulnerable,87be72cd4ffffff,-35.289142,149.033061,2
Canberra–Queanbeyan,Hirundapus caudacutus,White-throated Needletail,Bird,Vulnerable,87be72cf0ffffff,-35.330052,149.042651,1
Canberra–Queanbeyan,Hirundapus caudacutus,White-throated Needletail,Bird,Vulnerable,87be72cf3ffffff,-35.311849,149.023424,1
Canberra–Queanbeyan,Hirundapus caudacutus,White-throated Needletail,Bird,Vulnerable,87be72cf4ffffff,-35.348252,149.061888,7
Canberra–Queanbeyan,Hirundapus caudacutus,White-throated Needletail,Bird,Vulnerable,87be72cf5ffffff,-35.352758,149.033012,4
Canberra–Queanbeyan,Hirundapus caudacutus,White-throated Needletail,Bird,Vulnerable,87be72cf6ffffff,-35.325542,149.071519,19
Canberra–Queanbeyan,Polytelis alexandrae,"Princess Parrot, Alexandra's Parrot",Bird,Vulnerable,87be72523ffffff,-35.202814,149.042735,1
Canberra–Queanbeyan,Polytelis swainsonii,Superb Parrot,Bird,Vulnerable,87be0d24dffffff,-35.143811,149.148388,2
Canberra–Queanbeyan,Polytelis swainsonii,Superb Parrot,Bird,Vulnerable,87be0d269ffffff,-35.184717,149.15802,19
Canberra–Queanbeyan,Polytelis swainsonii,Superb Parrot,Bird,Vulnerable,87be72505ffffff,-35.184613,149.023538,1
Canberra–Queanbeyan,Polytelis swainsonii,Superb Parrot,Bird,Vulnerable,87be72520ffffff,-35.221013,149.061942,188
Canberra–Queanbeyan,Polytelis swainsonii,Superb Parrot,Bird,Vulnerable,87be72521ffffff,-35.225524,149.033111,152
Canberra–Queanbeyan,Polytelis swainsonii,Superb Parrot,Bird,Vulnerable,87be72522ffffff,-35.198301,149.071559,6
Canberra–Queanbeyan,Polytelis swainsonii,Superb Parrot,Bird,Vulnerable,87be72523ffffff,-35.202814,149.042735,62
Canberra–Queanbeyan,Polytelis swainsonii,Superb Parrot,Bird,Vulnerable,87be72524ffffff,-35.23921,149.081158,431
Canberra–Queanbeyan,Polytelis swainsonii,Superb Parrot,Bird,Vulnerable,87be72525ffffff,-35.243724,149.05232,375
Canberra–Queanbeyan,Polytelis swainsonii,Superb Parrot,Bird,Vulnerable,87be72526ffffff,-35.216496,149.090772,47
Canberra–Queanbeyan,Polytelis swainsonii,Superb Parrot,Bird,Vulnerable,87be7252cffffff,-35.230027,149.004278,134
Canberra–Queanbeyan,Polytelis swainsonii,Superb Parrot,Bird,Vulnerable,87be7252dffffff,-35.234524,148.975444,16
Canberra–Queanbeyan,Polytelis swainsonii,Superb Parrot,Bird,Vulnerable,87be7252effffff,-35.207321,149.01391,23
Canberra–Queanbeyan,Polytelis swainsonii,Superb Parrot,Bird,Vulnerable,87be72530ffffff,-35.171063,149.109984,8
Canberra–Queanbeyan,Polytelis swainsonii,Superb Parrot,Bird,Vulnerable,87be72531ffffff,-35.175587,149.08117,1
Canberra–Queanbeyan,Polytelis swainsonii,Superb Parrot,Bird,Vulnerable,87be72532ffffff,-35.148345,149.119583,1
Canberra–Queanbeyan,Polytelis swainsonii,Superb Parrot,Bird,Vulnerable,87be72533ffffff,-35.152871,149.090777,1
Canberra–Queanbeyan,Polytelis swainsonii,Superb Parrot,Bird,Vulnerable,87be72534ffffff,-35.189252,149.129201,338
Canberra–Queanbeyan,Polytelis swainsonii,Superb Parrot,Bird,Vulnerable,87be72535ffffff,-35.19378,149.100381,99
Canberra–Queanbeyan,Polytelis swainsonii,Superb Parrot,Bird,Vulnerable,87be72536ffffff,-35.166532,149.138797,623
Canberra–Queanbeyan,Polytelis swainsonii,Superb Parrot,Bird,Vulnerable,87be72c00ffffff,-35.448263,149.100391,1
Canberra–Queanbeyan,Polytelis swainsonii,Superb Parrot,Bird,Vulnerable,87be72c02ffffff,-35.425551,149.110024,3
Canberra–Queanbeyan,Polytelis swainsonii,Superb Parrot,Bird,Vulnerable,87be72c03ffffff,-35.430067,149.081121,18
Canberra–Queanbeyan,Polytelis swainsonii,Superb Parrot,Bird,Vulnerable,87be72c04ffffff,-35.466456,149.11967,1
Canberra–Queanbeyan,Polytelis swainsonii,Superb Parrot,Bird,Vulnerable,87be72c06ffffff,-35.443743,149.1293,1
Canberra–Queanbeyan,Polytelis swainsonii,Superb Parrot,Bird,Vulnerable,87be72c10ffffff,-35.398312,149.148546,3
Canberra–Queanbeyan,Polytelis swainsonii,Superb Parrot,Bird,Vulnerable,87be72c11ffffff,-35.402838,149.119652,32
Canberra–Queanbeyan,Polytelis swainsonii,Superb Parrot,Bird,Vulnerable,87be72c12ffffff,-35.375595,149.158161,5
Canberra–Queanbeyan,Polytelis swainsonii,Superb Parrot,Bird,Vulnerable,87be72c13ffffff,-35.380124,149.129275,8
Canberra–Queanbeyan,Polytelis swainsonii,Superb Parrot,Bird,Vulnerable,87be72c15ffffff,-35.421029,149.138926,1
Canberra–Queanbeyan,Polytelis swainsonii,Superb Parrot,Bird,Vulnerable,87be72c16ffffff,-35.393779,149.177438,2
Canberra–Queanbeyan,Polytelis swainsonii,Superb Parrot,Bird,Vulnerable,87be72c18ffffff,-35.38916,149.0715,209
Canberra–Queanbeyan,Polytelis swainsonii,Superb Parrot,Bird,Vulnerable,87be72c19ffffff,-35.393667,149.04261,11
Canberra–Queanbeyan,Polytelis swainsonii,Superb Parrot,Bird,Vulnerable,87be72c1affffff,-35.36645,149.081133,24
Canberra–Queanbeyan,Polytelis swainsonii,Superb Parrot,Bird,Vulnerable,87be72c1bffffff,-35.37096,149.052251,9
Canberra–Queanbeyan,Polytelis swainsonii,Superb Parrot,Bird,Vulnerable,87be72c1cffffff,-35.407357,149.090757,185
Canberra–Queanbeyan,Polytelis swainsonii,Superb Parrot,Bird,Vulnerable,87be72c1dffffff,-35.411868,149.061861,119
Canberra–Queanbeyan,Polytelis swainsonii,Superb Parrot,Bird,Vulnerable,87be72c1effffff,-35.384645,149.100388,159
Canberra–Queanbeyan,Polytelis swainsonii,Superb Parrot,Bird,Vulnerable,87be72c80ffffff,-35.28925,149.167717,26
Canberra–Queanbeyan,Polytelis swainsonii,Superb Parrot,Bird,Vulnerable,87be72c81ffffff,-35.293784,149.138861,299
Canberra–Queanbeyan,Polytelis swainsonii,Superb Parrot,Bird,Vulnerable,87be72c83ffffff,-35.271065,149.148467,474
Canberra–Queanbeyan,Polytelis swainsonii,Superb Parrot,Bird,Vulnerable,87be72c84ffffff,-35.307433,149.186976,9
Canberra–Queanbeyan,Polytelis swainsonii,Superb Parrot,Bird,Vulnerable,87be72c85ffffff,-35.311971,149.158114,21
Canberra–Queanbeyan,Polytelis swainsonii,Superb Parrot,Bird,Vulnerable,87be72c86ffffff,-35.284709,149.196571,4
Canberra–Queanbeyan,Polytelis swainsonii,Superb Parrot,Bird,Vulnerable,87be72c88ffffff,-35.280118,149.090767,2
Canberra–Queanbeyan,Polytelis swainsonii,Superb Parrot,Bird,Vulnerable,87be72c8affffff,-35.257404,149.100383,360
Canberra–Queanbeyan,Polytelis swainsonii,Superb Parrot,Bird,Vulnerable,87be72c8bffffff,-35.261922,149.071539,650
Canberra–Queanbeyan,Polytelis swainsonii,Superb Parrot,Bird,Vulnerable,87be72c8cffffff,-35.298311,149.110004,59
Canberra–Queanbeyan,Polytelis swainsonii,Superb Parrot,Bird,Vulnerable,87be72c8dffffff,-35.302831,149.081146,7
Canberra–Queanbeyan,Polytelis swainsonii,Superb Parrot,Bird,Vulnerable,87be72c8effffff,-35.275595,149.119618,172
Canberra–Queanbeyan,Polytelis swainsonii,Superb Parrot,Bird,Vulnerable,87be72c98ffffff,-35.230159,149.138829,46
Canberra–Queanbeyan,Polytelis swainsonii,Superb Parrot,Bird,Vulnerable,87be72c99ffffff,-35.234688,149.109994,133
Canberra–Queanbeyan,Polytelis swainsonii,Superb Parrot,Bird,Vulnerable,87be72c9affffff,-35.207439,149.148427,102
Canberra–Queanbeyan,Polytelis swainsonii,Superb Parrot,Bird,Vulnerable,87be72c9bffffff,-35.211971,149.1196,102
Canberra–Queanbeyan,Polytelis swainsonii,Superb Parrot,Bird,Vulnerable,87be72c9cffffff,-35.248345,149.158067,699
Canberra–Queanbeyan,Polytelis swainsonii,Superb Parrot,Bird,Vulnerable,87be72c9dffffff,-35.252878,149.129226,193
Canberra–Queanbeyan,Polytelis swainsonii,Superb Parrot,Bird,Vulnerable,87be72c9effffff,-35.225623,149.167662,425
Canberra–Queanbeyan,Polytelis swainsonii,Superb Parrot,Bird,Vulnerable,87be72ca0ffffff,-35.348336,149.196648,7
Canberra–Queanbeyan,Polytelis swainsonii,Superb Parrot,Bird,Vulnerable,87be72ca1ffffff,-35.352876,149.167771,2
Canberra–Queanbeyan,Polytelis swainsonii,Superb Parrot,Bird,Vulnerable,87be72ca2ffffff,-35.325613,149.206245,1
Canberra–Queanbeyan,Polytelis swainsonii,Superb Parrot,Bird,Vulnerable,87be72ca3ffffff,-35.330155,149.177376,54
Canberra–Queanbeyan,Polytelis swainsonii,Superb Parrot,Bird,Vulnerable,87be72ca5ffffff,-35.371059,149.187046,4
Canberra–Queanbeyan,Polytelis swainsonii,Superb Parrot,Bird,Vulnerable,87be72ca6ffffff,-35.34379,149.225523,1
Canberra–Queanbeyan,Polytelis swainsonii,Superb Parrot,Bird,Vulnerable,87be72ca8ffffff,-35.339218,149.119635,144
Canberra–Queanbeyan,Polytelis swainsonii,Superb Parrot,Bird,Vulnerable,87be72ca9ffffff,-35.343738,149.090762,746
Canberra–Queanbeyan,Polytelis swainsonii,Superb Parrot,Bird,Vulnerable,87be72caaffffff,-35.316502,149.129251,15
Canberra–Queanbeyan,Polytelis swainsonii,Superb Parrot,Bird,Vulnerable,87be72cabffffff,-35.321026,149.100386,120
Canberra–Queanbeyan,Polytelis swainsonii,Superb Parrot,Bird,Vulnerable,87be72cacffffff,-35.357407,149.138893,17
Canberra–Queanbeyan,Polytelis swainsonii,Superb Parrot,Bird,Vulnerable,87be72cadffffff,-35.361932,149.110014,75
Canberra–Queanbeyan,Polytelis swainsonii,Superb Parrot,Bird,Vulnerable,87be72caeffffff,-35.33469,149.148506,6
Canberra–Queanbeyan,Polytelis swainsonii,Superb Parrot,Bird,Vulnerable,87be72cd2ffffff,-35.248232,149.023481,90
Canberra–Queanbeyan,Polytelis swainsonii,Superb Parrot,Bird,Vulnerable,87be72cd4ffffff,-35.289142,149.033061,17
Canberra–Queanbeyan,Polytelis swainsonii,Superb Parrot,Bird,Vulnerable,87be72cd5ffffff,-35.293643,149.004207,6
Canberra–Queanbeyan,Polytelis swainsonii,Superb Parrot,Bird,Vulnerable,87be72cd6ffffff,-35.266434,149.042693,1
Canberra–Queanbeyan,Polytelis swainsonii,Superb Parrot,Bird,Vulnerable,87be72cf0ffffff,-35.330052,149.042651,45
Canberra–Queanbeyan,Polytelis swainsonii,Superb Parrot,Bird,Vulnerable,87be72cf2ffffff,-35.307343,149.052286,4
Canberra–Queanbeyan,Polytelis swainsonii,Superb Parrot,Bird,Vulnerable,87be72cf3ffffff,-35.311849,149.023424,16
Canberra–Queanbeyan,Polytelis swainsonii,Superb Parrot,Bird,Vulnerable,87be72cf4ffffff,-35.348252,149.061888,107
Canberra–Queanbeyan,Polytelis swainsonii,Superb Parrot,Bird,Vulnerable,87be72cf5ffffff,-35.352758,149.033012,14
Canberra–Queanbeyan,Polytelis swainsonii,Superb Parrot,Bird,Vulnerable,87be72cf6ffffff,-35.325542,149.071519,94
Canberra–Queanbeyan,Polytelis swainsonii,Superb Parrot,Bird,Vulnerable,87be72d8bffffff,-35.389239,149.206329,1
Canberra–Queanbeyan,Polytelis swainsonii,Superb Parrot,Bird,Vulnerable,87be72d99ffffff,-35.361965,149.24481,2
Canberra–Queanbeyan,Pseudomys novaehollandiae,"Pookila, New Holland Mouse",Mammal,Vulnerable,87be0d269ffffff,-35.184717,149.15802,1
Canberra–Queanbeyan,Pteropus poliocephalus,Grey-headed Flying-fox,Mammal,Vulnerable,87be72504ffffff,-35.180103,149.052355,1
Canberra–Queanbeyan,Pteropus poliocephalus,Grey-headed Flying-fox,Mammal,Vulnerable,87be72505ffffff,-35.184613,149.023538,2
Canberra–Queanbeyan,Pteropus poliocephalus,Grey-headed Flying-fox,Mammal,Vulnerable,87be72520ffffff,-35.221013,149.061942,2
Canberra–Queanbeyan,Pteropus poliocephalus,Grey-headed Flying-fox,Mammal,Vulnerable,87be72521ffffff,-35.225524,149.033111,6
Canberra–Queanbeyan,Pteropus poliocephalus,Grey-headed Flying-fox,Mammal,Vulnerable,87be72522ffffff,-35.198301,149.071559,1
Canberra–Queanbeyan,Pteropus poliocephalus,Grey-headed Flying-fox,Mammal,Vulnerable,87be72523ffffff,-35.202814,149.042735,5
Canberra–Queanbeyan,Pteropus poliocephalus,Grey-headed Flying-fox,Mammal,Vulnerable,87be7252cffffff,-35.230027,149.004278,2
Canberra–Queanbeyan,Pteropus poliocephalus,Grey-headed Flying-fox,Mammal,Vulnerable,87be72531ffffff,-35.175587,149.08117,1
Canberra–Queanbeyan,Pteropus poliocephalus,Grey-headed Flying-fox,Mammal,Vulnerable,87be72536ffffff,-35.166532,149.138797,1
Canberra–Queanbeyan,Pteropus poliocephalus,Grey-headed Flying-fox,Mammal,Vulnerable,87be72c01ffffff,-35.452775,149.07148,1
Canberra–Queanbeyan,Pteropus poliocephalus,Grey-headed Flying-fox,Mammal,Vulnerable,87be72c03ffffff,-35.430067,149.081121,2
Canberra–Queanbeyan,Pteropus poliocephalus,Grey-headed Flying-fox,Mammal,Vulnerable,87be72c04ffffff,-35.466456,149.11967,1
Canberra–Queanbeyan,Pteropus poliocephalus,Grey-headed Flying-fox,Mammal,Vulnerable,87be72c05ffffff,-35.470973,149.090752,6
Canberra–Queanbeyan,Pteropus poliocephalus,Grey-headed Flying-fox,Mammal,Vulnerable,87be72c11ffffff,-35.402838,149.119652,3
Canberra–Queanbeyan,Pteropus poliocephalus,Grey-headed Flying-fox,Mammal,Vulnerable,87be72c15ffffff,-35.421029,149.138926,1
Canberra–Queanbeyan,Pteropus poliocephalus,Grey-headed Flying-fox,Mammal,Vulnerable,87be72c19ffffff,-35.393667,149.04261,2
Canberra–Queanbeyan,Pteropus poliocephalus,Grey-headed Flying-fox,Mammal,Vulnerable,87be72c1bffffff,-35.37096,149.052251,6
Canberra–Queanbeyan,Pteropus poliocephalus,Grey-headed Flying-fox,Mammal,Vulnerable,87be72c1cffffff,-35.407357,149.090757,3
Canberra–Queanbeyan,Pteropus poliocephalus,Grey-headed Flying-fox,Mammal,Vulnerable,87be72c1dffffff,-35.411868,149.061861,1
Canberra–Queanbeyan,Pteropus poliocephalus,Grey-headed Flying-fox,Mammal,Vulnerable,87be72c1effffff,-35.384645,149.100388,1
Canberra–Queanbeyan,Pteropus poliocephalus,Grey-headed Flying-fox,Mammal,Vulnerable,87be72c80ffffff,-35.28925,149.167717,1
Canberra–Queanbeyan,Pteropus poliocephalus,Grey-headed Flying-fox,Mammal,Vulnerable,87be72c81ffffff,-35.293784,149.138861,77
Canberra–Queanbeyan,Pteropus poliocephalus,Grey-headed Flying-fox,Mammal,Vulnerable,87be72c83ffffff,-35.271065,149.148467,1
Canberra–Queanbeyan,Pteropus poliocephalus,Grey-headed Flying-fox,Mammal,Vulnerable,87be72c84ffffff,-35.307433,149.186976,2
Canberra–Queanbeyan,Pteropus poliocephalus,Grey-headed Flying-fox,Mammal,Vulnerable,87be72c85ffffff,-35.311971,149.158114,2
Canberra–Queanbeyan,Pteropus poliocephalus,Grey-headed Flying-fox,Mammal,Vulnerable,87be72c8affffff,-35.257404,149.100383,1
Canberra–Queanbeyan,Pteropus poliocephalus,Grey-headed Flying-fox,Mammal,Vulnerable,87be72c8bffffff,-35.261922,149.071539,3
Canberra–Queanbeyan,Pteropus poliocephalus,Grey-headed Flying-fox,Mammal,Vulnerable,87be72c8cffffff,-35.298311,149.110004,3
Canberra–Queanbeyan,Pteropus poliocephalus,Grey-headed Flying-fox,Mammal,Vulnerable,87be72c8dffffff,-35.302831,149.081146,1
Canberra–Queanbeyan,Pteropus poliocephalus,Grey-headed Flying-fox,Mammal,Vulnerable,87be72c8effffff,-35.275595,149.119618,7
Canberra–Queanbeyan,Pteropus poliocephalus,Grey-headed Flying-fox,Mammal,Vulnerable,87be72c9bffffff,-35.211971,149.1196,1
Canberra–Queanbeyan,Pteropus poliocephalus,Grey-headed Flying-fox,Mammal,Vulnerable,87be72c9cffffff,-35.248345,149.158067,7
Canberra–Queanbeyan,Pteropus poliocephalus,Grey-headed Flying-fox,Mammal,Vulnerable,87be72c9effffff,-35.225623,149.167662,2
Canberra–Queanbeyan,Pteropus poliocephalus,Grey-headed Flying-fox,Mammal,Vulnerable,87be72ca0ffffff,-35.348336,149.196648,5
Canberra–Queanbeyan,Pteropus poliocephalus,Grey-headed Flying-fox,Mammal,Vulnerable,87be72ca4ffffff,-35.366516,149.215928,7
Canberra–Queanbeyan,Pteropus poliocephalus,Grey-headed Flying-fox,Mammal,Vulnerable,87be72ca5ffffff,-35.371059,149.187046,1
Canberra–Queanbeyan,Pteropus poliocephalus,Grey-headed Flying-fox,Mammal,Vulnerable,87be72ca6ffffff,-35.34379,149.225523,55
Canberra–Queanbeyan,Pteropus poliocephalus,Grey-headed Flying-fox,Mammal,Vulnerable,87be72ca9ffffff,-35.343738,149.090762,4
Canberra–Queanbeyan,Pteropus poliocephalus,Grey-headed Flying-fox,Mammal,Vulnerable,87be72cabffffff,-35.321026,149.100386,3
Canberra–Queanbeyan,Pteropus poliocephalus,Grey-headed Flying-fox,Mammal,Vulnerable,87be72cacffffff,-35.357407,149.138893,3
Canberra–Queanbeyan,Pteropus poliocephalus,Grey-headed Flying-fox,Mammal,Vulnerable,87be72caeffffff,-35.33469,149.148506,1
Canberra–Queanbeyan,Pteropus poliocephalus,Grey-headed Flying-fox,Mammal,Vulnerable,87be72cf4ffffff,-35.348252,149.061888,1
Canberra–Queanbeyan,Pteropus poliocephalus,Grey-headed Flying-fox,Mammal,Vulnerable,87be72cf6ffffff,-35.325542,149.071519,2
Canberra–Queanbeyan,Pteropus poliocephalus,Grey-headed Flying-fox,Mammal,Vulnerable,87be72d89ffffff,-35.411962,149.196725,1
Canberra–Queanbeyan,Pteropus poliocephalus,Grey-headed Flying-fox,Mammal,Vulnerable,87be72d8affffff,-35.384692,149.235218,5
Canberra–Queanbeyan,Pteropus poliocephalus,Grey-headed Flying-fox,Mammal,Vulnerable,87be72d8bffffff,-35.389239,149.206329,9
Canberra–Queanbeyan,Pteropus poliocephalus,Grey-headed Flying-fox,Mammal,Vulnerable,87be72d99ffffff,-35.361965,149.24481,11
Canberra–Queanbeyan,Pteropus poliocephalus,Grey-headed Flying-fox,Mammal,Vulnerable,87be72d9bffffff,-35.339237,149.254396,1
Canberra–Queanbeyan,Stagonopleura guttata,Diamond Firetail,Bird,Vulnerable,87be72520ffffff,-35.221013,149.061942,1
Canberra–Queanbeyan,Stagonopleura guttata,Diamond Firetail,Bird,Vulnerable,87be72524ffffff,-35.23921,149.081158,1
Canberra–Queanbeyan,Stagonopleura guttata,Diamond Firetail,Bird,Vulnerable,87be7252cffffff,-35.230027,149.004278,2
Canberra–Queanbeyan,Stagonopleura guttata,Diamond Firetail,Bird,Vulnerable,87be7252effffff,-35.207321,149.01391,3
Canberra–Queanbeyan,Stagonopleura guttata,Diamond Firetail,Bird,Vulnerable,87be72535ffffff,-35.19378,149.100381,51
Canberra–Queanbeyan,Stagonopleura guttata,Diamond Firetail,Bird,Vulnerable,87be72c00ffffff,-35.448263,149.100391,1
Canberra–Queanbeyan,Stagonopleura guttata,Diamond Firetail,Bird,Vulnerable,87be72c10ffffff,-35.398312,149.148546,119
Canberra–Queanbeyan,Stagonopleura guttata,Diamond Firetail,Bird,Vulnerable,87be72c12ffffff,-35.375595,149.158161,5
Canberra–Queanbeyan,Stagonopleura guttata,Diamond Firetail,Bird,Vulnerable,87be72c19ffffff,-35.393667,149.04261,1
Canberra–Queanbeyan,Stagonopleura guttata,Diamond Firetail,Bird,Vulnerable,87be72c1bffffff,-35.37096,149.052251,10
Canberra–Queanbeyan,Stagonopleura guttata,Diamond Firetail,Bird,Vulnerable,87be72c85ffffff,-35.311971,149.158114,32
Canberra–Queanbeyan,Stagonopleura guttata,Diamond Firetail,Bird,Vulnerable,87be72c8affffff,-35.257404,149.100383,1
Canberra–Queanbeyan,Stagonopleura guttata,Diamond Firetail,Bird,Vulnerable,87be72c8bffffff,-35.261922,149.071539,1
Canberra–Queanbeyan,Stagonopleura guttata,Diamond Firetail,Bird,Vulnerable,87be72c8cffffff,-35.298311,149.110004,1
Canberra–Queanbeyan,Stagonopleura guttata,Diamond Firetail,Bird,Vulnerable,87be72c8dffffff,-35.302831,149.081146,1
Canberra–Queanbeyan,Stagonopleura guttata,Diamond Firetail,Bird,Vulnerable,87be72c99ffffff,-35.234688,149.109994,1
Canberra–Queanbeyan,Stagonopleura guttata,Diamond Firetail,Bird,Vulnerable,87be72c9affffff,-35.207439,149.148427,2
Canberra–Queanbeyan,Stagonopleura guttata,Diamond Firetail,Bird,Vulnerable,87be72c9bffffff,-35.211971,149.1196,5
Canberra–Queanbeyan,Stagonopleura guttata,Diamond Firetail,Bird,Vulnerable,87be72c9cffffff,-35.248345,149.158067,1
Canberra–Queanbeyan,Stagonopleura guttata,Diamond Firetail,Bird,Vulnerable,87be72c9effffff,-35.225623,149.167662,3
Canberra–Queanbeyan,Stagonopleura guttata,Diamond Firetail,Bird,Vulnerable,87be72ca1ffffff,-35.352876,149.167771,2
Canberra–Queanbeyan,Stagonopleura guttata,Diamond Firetail,Bird,Vulnerable,87be72ca2ffffff,-35.325613,149.206245,1
Canberra–Queanbeyan,Stagonopleura guttata,Diamond Firetail,Bird,Vulnerable,87be72ca5ffffff,-35.371059,149.187046,1
Canberra–Queanbeyan,Stagonopleura guttata,Diamond Firetail,Bird,Vulnerable,87be72caaffffff,-35.316502,149.129251,2
Canberra–Queanbeyan,Stagonopleura guttata,Diamond Firetail,Bird,Vulnerable,87be72cacffffff,-35.357407,149.138893,20
Canberra–Queanbeyan,Stagonopleura guttata,Diamond Firetail,Bird,Vulnerable,87be72cd4ffffff,-35.289142,149.033061,1
Canberra–Queanbeyan,Stagonopleura guttata,Diamond Firetail,Bird,Vulnerable,87be72ce6ffffff,-35.375464,149.023368,10
Canberra–Queanbeyan,Stagonopleura guttata,Diamond Firetail,Bird,Vulnerable,87be72cf5ffffff,-35.352758,149.033012,2
Canberra–Queanbeyan,Stagonopleura guttata,Diamond Firetail,Bird,Vulnerable,87be72cf6ffffff,-35.325542,149.071519,5
Canberra–Queanbeyan,Stagonopleura guttata,Diamond Firetail,Bird,Vulnerable,87be72d89ffffff,-35.411962,149.196725,1
Canberra–Queanbeyan,Synemon plana,Golden Sun Moth,Insect,Vulnerable,87be0d24dffffff,-35.143811,149.148388,1
Canberra–Queanbeyan,Synemon plana,Golden Sun Moth,Insect,Vulnerable,87be0d269ffffff,-35.184717,149.15802,3
Canberra–Queanbeyan,Synemon plana,Golden Sun Moth,Insect,Vulnerable,87be0d26dffffff,-35.2029,149.177253,1
Canberra–Queanbeyan,Synemon plana,Golden Sun Moth,Insect,Vulnerable,87be72520ffffff,-35.221013,149.061942,4
Canberra–Queanbeyan,Synemon plana,Golden Sun Moth,Insect,Vulnerable,87be72521ffffff,-35.225524,149.033111,1
Canberra–Queanbeyan,Synemon plana,Golden Sun Moth,Insect,Vulnerable,87be72523ffffff,-35.202814,149.042735,3
Canberra–Queanbeyan,Synemon plana,Golden Sun Moth,Insect,Vulnerable,87be72524ffffff,-35.23921,149.081158,1
Canberra–Queanbeyan,Synemon plana,Golden Sun Moth,Insect,Vulnerable,87be72526ffffff,-35.216496,149.090772,2
Canberra–Queanbeyan,Synemon plana,Golden Sun Moth,Insect,Vulnerable,87be7252effffff,-35.207321,149.01391,17
Canberra–Queanbeyan,Synemon plana,Golden Sun Moth,Insect,Vulnerable,87be72532ffffff,-35.148345,149.119583,1
Canberra–Queanbeyan,Synemon plana,Golden Sun Moth,Insect,Vulnerable,87be72533ffffff,-35.152871,149.090777,1
Canberra–Queanbeyan,Synemon plana,Golden Sun Moth,Insect,Vulnerable,87be72534ffffff,-35.189252,149.129201,2
Canberra–Queanbeyan,Synemon plana,Golden Sun Moth,Insect,Vulnerable,87be72c12ffffff,-35.375595,149.158161,1
Canberra–Queanbeyan,Synemon plana,Golden Sun Moth,Insect,Vulnerable,87be72c16ffffff,-35.393779,149.177438,5
Canberra–Queanbeyan,Synemon plana,Golden Sun Moth,Insect,Vulnerable,87be72c80ffffff,-35.28925,149.167717,1
Canberra–Queanbeyan,Synemon plana,Golden Sun Moth,Insect,Vulnerable,87be72c81ffffff,-35.293784,149.138861,2
Canberra–Queanbeyan,Synemon plana,Golden Sun Moth,Insect,Vulnerable,87be72c83ffffff,-35.271065,149.148467,10
Canberra–Queanbeyan,Synemon plana,Golden Sun Moth,Insect,Vulnerable,87be72c85ffffff,-35.311971,149.158114,1
Canberra–Queanbeyan,Synemon plana,Golden Sun Moth,Insect,Vulnerable,87be72c8affffff,-35.257404,149.100383,1
Canberra–Queanbeyan,Synemon plana,Golden Sun Moth,Insect,Vulnerable,87be72c8cffffff,-35.298311,149.110004,24
Canberra–Queanbeyan,Synemon plana,Golden Sun Moth,Insect,Vulnerable,87be72c8dffffff,-35.302831,149.081146,57
Canberra–Queanbeyan,Synemon plana,Golden Sun Moth,Insect,Vulnerable,87be72c8effffff,-35.275595,149.119618,1
Canberra–Queanbeyan,Synemon plana,Golden Sun Moth,Insect,Vulnerable,87be72c98ffffff,-35.230159,149.138829,2
Canberra–Queanbeyan,Synemon plana,Golden Sun Moth,Insect,Vulnerable,87be72c99ffffff,-35.234688,149.109994,1
Canberra–Queanbeyan,Synemon plana,Golden Sun Moth,Insect,Vulnerable,87be72c9affffff,-35.207439,149.148427,6
Canberra–Queanbeyan,Synemon plana,Golden Sun Moth,Insect,Vulnerable,87be72c9bffffff,-35.211971,149.1196,35
Canberra–Queanbeyan,Synemon plana,Golden Sun Moth,Insect,Vulnerable,87be72c9dffffff,-35.252878,149.129226,3
Canberra–Queanbeyan,Synemon plana,Golden Sun Moth,Insect,Vulnerable,87be72c9effffff,-35.225623,149.167662,42
Canberra–Queanbeyan,Synemon plana,Golden Sun Moth,Insect,Vulnerable,87be72ca0ffffff,-35.348336,149.196648,7
Canberra–Queanbeyan,Synemon plana,Golden Sun Moth,Insect,Vulnerable,87be72ca1ffffff,-35.352876,149.167771,27
Canberra–Queanbeyan,Synemon plana,Golden Sun Moth,Insect,Vulnerable,87be72ca3ffffff,-35.330155,149.177376,1
Canberra–Queanbeyan,Synemon plana,Golden Sun Moth,Insect,Vulnerable,87be72ca5ffffff,-35.371059,149.187046,18
Canberra–Queanbeyan,Synemon plana,Golden Sun Moth,Insect,Vulnerable,87be72ca9ffffff,-35.343738,149.090762,1
Canberra–Queanbeyan,Synemon plana,Golden Sun Moth,Insect,Vulnerable,87be72caaffffff,-35.316502,149.129251,146
Canberra–Queanbeyan,Synemon plana,Golden Sun Moth,Insect,Vulnerable,87be72cabffffff,-35.321026,149.100386,46
Canberra–Queanbeyan,Synemon plana,Golden Sun Moth,Insect,Vulnerable,87be72cacffffff,-35.357407,149.138893,1
Canberra–Queanbeyan,Synemon plana,Golden Sun Moth,Insect,Vulnerable,87be72caeffffff,-35.33469,149.148506,7
Canberra–Queanbeyan,Synemon plana,Golden Sun Moth,Insect,Vulnerable,87be72cf5ffffff,-35.352758,149.033012,1
Canberra–Queanbeyan,Synemon plana,Golden Sun Moth,Insect,Vulnerable,87be72d8bffffff,-35.389239,149.206329,19
Darwin,Arenaria interpres,Ruddy Turnstone,Bird,Vulnerable,879450a48ffffff,-12.378562,130.836616,547
Darwin,Arenaria interpres,Ruddy Turnstone,Bird,Vulnerable,879450a49ffffff,-12.375617,130.859528,35
Darwin,Arenaria interpres,Ruddy Turnstone,Bird,Vulnerable,879450a4affffff,-12.398836,130.828618,88
Darwin,Arenaria interpres,Ruddy Turnstone,Bird,Vulnerable,879450a4bffffff,-12.395894,130.851528,2
Darwin,Arenaria interpres,Ruddy Turnstone,Bird,Vulnerable,879450a59ffffff,-12.419105,130.82062,154
Darwin,Arenaria interpres,Ruddy Turnstone,Bird,Vulnerable,879450a5dffffff,-12.401776,130.80571,370
Darwin,Arenaria interpres,Ruddy Turnstone,Bird,Vulnerable,879451d12ffffff,-12.410278,130.889353,1
Darwin,Arenaria interpres,Ruddy Turnstone,Bird,Vulnerable,879451d13ffffff,-12.407331,130.91227,1
Darwin,Arenaria interpres,Ruddy Turnstone,Bird,Vulnerable,879451d31ffffff,-12.332095,130.898447,417
Darwin,Arenaria interpres,Ruddy Turnstone,Bird,Vulnerable,879451d32ffffff,-12.355334,130.867528,7
Darwin,Arenaria interpres,Ruddy Turnstone,Bird,Vulnerable,879451d33ffffff,-12.352385,130.890444,4
Darwin,Arenaria interpres,Ruddy Turnstone,Bird,Vulnerable,879451d81ffffff,-12.485453,130.903175,1
Darwin,Arenaria interpres,Ruddy Turnstone,Bird,Vulnerable,879451da2ffffff,-12.453755,130.850441,2
Darwin,Arenaria interpres,Ruddy Turnstone,Bird,Vulnerable,879451da4ffffff,-12.416165,130.843529,2
Darwin,Arenaria interpres,Ruddy Turnstone,Bird,Vulnerable,879451db1ffffff,-12.474013,130.842443,72
Darwin,Arenaria interpres,Ruddy Turnstone,Bird,Vulnerable,879451db5ffffff,-12.456692,130.827533,1
Darwin,Calidris acuminata,Sharp-tailed Sandpiper,Bird,Vulnerable,879450a48ffffff,-12.378562,130.836616,27
Darwin,Calidris acuminata,Sharp-tailed Sandpiper,Bird,Vulnerable,879450a49ffffff,-12.375617,130.859528,1
Darwin,Calidris acuminata,Sharp-tailed Sandpiper,Bird,Vulnerable,879450a4affffff,-12.398836,130.828618,4
Darwin,Calidris acuminata,Sharp-tailed Sandpiper,Bird,Vulnerable,879450a59ffffff,-12.419105,130.82062,17
Darwin,Calidris acuminata,Sharp-tailed Sandpiper,Bird,Vulnerable,879450a5dffffff,-12.401776,130.80571,16
Darwin,Calidris acuminata,Sharp-tailed Sandpiper,Bird,Vulnerable,879451d15ffffff,-12.36972,130.905358,3
Darwin,Calidris acuminata,Sharp-tailed Sandpiper,Bird,Vulnerable,879451d1affffff,-12.421708,130.950103,295
Darwin,Calidris acuminata,Sharp-tailed Sandpiper,Bird,Vulnerable,879451d31ffffff,-12.332095,130.898447,51
Darwin,Calidris acuminata,Sharp-tailed Sandpiper,Bird,Vulnerable,879451d33ffffff,-12.352385,130.890444,1
Darwin,Calidris acuminata,Sharp-tailed Sandpiper,Bird,Vulnerable,879451d81ffffff,-12.485453,130.903175,5
Darwin,Calidris acuminata,Sharp-tailed Sandpiper,Bird,Vulnerable,879451d88ffffff,-12.499825,130.941003,19
Darwin,Calidris acuminata,Sharp-tailed Sandpiper,Bird,Vulnerable,879451da4ffffff,-12.416165,130.843529,2
Darwin,Calidris acuminata,Sharp-tailed Sandpiper,Bird,Vulnerable,879451da5ffffff,-12.413223,130.86644,1
Darwin,Calidris acuminata,Sharp-tailed Sandpiper,Bird,Vulnerable,879451da9ffffff,-12.441981,130.942098,55
Darwin,Calidris acuminata,Sharp-tailed Sandpiper,Bird,Vulnerable,879451dadffffff,-12.424657,130.927184,164
Darwin,Calidris canutus,"Red Knot, Knot",Bird,Vulnerable,879450a48ffffff,-12.378562,130.836616,73
Darwin,Calidris canutus,"Red Knot, Knot",Bird,Vulnerable,879450a49ffffff,-12.375617,130.859528,9
Darwin,Calidris canutus,"Red Knot, Knot",Bird,Vulnerable,879450a4affffff,-12.398836,130.828618,3
Darwin,Calidris canutus,"Red Knot, Knot",Bird,Vulnerable,879450a59ffffff,-12.419105,130.82062,9
Darwin,Calidris canutus,"Red Knot, Knot",Bird,Vulnerable,879450a5dffffff,-12.401776,130.80571,42
Darwin,Calidris canutus,"Red Knot, Knot",Bird,Vulnerable,879451d30ffffff,-12.335047,130.875529,21
Darwin,Calidris canutus,"Red Knot, Knot",Bird,Vulnerable,879451d31ffffff,-12.332095,130.898447,364
Darwin,Calidris canutus,"Red Knot, Knot",Bird,Vulnerable,879451d32ffffff,-12.355334,130.867528,2
Darwin,Calidris canutus,"Red Knot, Knot",Bird,Vulnerable,879451d33ffffff,-12.352385,130.890444,5
Darwin,Calidris canutus,"Red Knot, Knot",Bird,Vulnerable,879451d81ffffff,-12.485453,130.903175,1
Darwin,Calidris canutus,"Red Knot, Knot",Bird,Vulnerable,879451da4ffffff,-12.416165,130.843529,11
Darwin,Calidris tenuirostris,Great Knot,Bird,Vulnerable,879450a48ffffff,-12.378562,130.836616,410
Darwin,Calidris tenuirostris,Great Knot,Bird,Vulnerable,879450a49ffffff,-12.375617,130.859528,21
Darwin,Calidris tenuirostris,Great Knot,Bird,Vulnerable,879450a4affffff,-12.398836,130.828618,70
Darwin,Calidris tenuirostris,Great Knot,Bird,Vulnerable,879450a4bffffff,-12.395894,130.851528,9
Darwin,Calidris tenuirostris,Great Knot,Bird,Vulnerable,879450a59ffffff,-12.419105,130.82062,100
Darwin,Calidris tenuirostris,Great Knot,Bird,Vulnerable,879450a5dffffff,-12.401776,130.80571,239
Darwin,Calidris tenuirostris,Great Knot,Bird,Vulnerable,879451d13ffffff,-12.407331,130.91227,1
Darwin,Calidris tenuirostris,Great Knot,Bird,Vulnerable,879451d14ffffff,-12.372669,130.882442,1
Darwin,Calidris tenuirostris,Great Knot,Bird,Vulnerable,879451d1affffff,-12.421708,130.950103,1
Darwin,Calidris tenuirostris,Great Knot,Bird,Vulnerable,879451d30ffffff,-12.335047,130.875529,46
Darwin,Calidris tenuirostris,Great Knot,Bird,Vulnerable,879451d31ffffff,-12.332095,130.898447,606
Darwin,Calidris tenuirostris,Great Knot,Bird,Vulnerable,879451d32ffffff,-12.355334,130.867528,20
Darwin,Calidris tenuirostris,Great Knot,Bird,Vulnerable,879451d33ffffff,-12.352385,130.890444,12
Darwin,Calidris tenuirostris,Great Knot,Bird,Vulnerable,879451d81ffffff,-12.485453,130.903175,15
Darwin,Calidris tenuirostris,Great Knot,Bird,Vulnerable,879451d85ffffff,-12.468135,130.888263,2
Darwin,Calidris tenuirostris,Great Knot,Bird,Vulnerable,879451da4ffffff,-12.416165,130.843529,68
Darwin,Calidris tenuirostris,Great Knot,Bird,Vulnerable,879451da5ffffff,-12.413223,130.86644,3
Darwin,Calidris tenuirostris,Great Knot,Bird,Vulnerable,879451da6ffffff,-12.436431,130.83553,5
Darwin,Calidris tenuirostris,Great Knot,Bird,Vulnerable,879451db5ffffff,-12.456692,130.827533,1
Darwin,Charadrius leschenaultii,"Greater Sand Plover, Large Sand Plover",Bird,Vulnerable,879450a48ffffff,-12.378562,130.836616,552
Darwin,Charadrius leschenaultii,"Greater Sand Plover, Large Sand Plover",Bird,Vulnerable,879450a49ffffff,-12.375617,130.859528,65
Darwin,Charadrius leschenaultii,"Greater Sand Plover, Large Sand Plover",Bird,Vulnerable,879450a4affffff,-12.398836,130.828618,134
Darwin,Charadrius leschenaultii,"Greater Sand Plover, Large Sand Plover",Bird,Vulnerable,879450a4bffffff,-12.395894,130.851528,7
Darwin,Charadrius leschenaultii,"Greater Sand Plover, Large Sand Plover",Bird,Vulnerable,879450a59ffffff,-12.419105,130.82062,177
Darwin,Charadrius leschenaultii,"Greater Sand Plover, Large Sand Plover",Bird,Vulnerable,879450a5dffffff,-12.401776,130.80571,379
Darwin,Charadrius leschenaultii,"Greater Sand Plover, Large Sand Plover",Bird,Vulnerable,879451c33ffffff,-12.47367,130.99485,1
Darwin,Charadrius leschenaultii,"Greater Sand Plover, Large Sand Plover",Bird,Vulnerable,879451d13ffffff,-12.407331,130.91227,1
Darwin,Charadrius leschenaultii,"Greater Sand Plover, Large Sand Plover",Bird,Vulnerable,879451d1affffff,-12.421708,130.950103,4
Darwin,Charadrius leschenaultii,"Greater Sand Plover, Large Sand Plover",Bird,Vulnerable,879451d30ffffff,-12.335047,130.875529,21
Darwin,Charadrius leschenaultii,"Greater Sand Plover, Large Sand Plover",Bird,Vulnerable,879451d31ffffff,-12.332095,130.898447,597
Darwin,Charadrius leschenaultii,"Greater Sand Plover, Large Sand Plover",Bird,Vulnerable,879451d32ffffff,-12.355334,130.867528,64
Darwin,Charadrius leschenaultii,"Greater Sand Plover, Large Sand Plover",Bird,Vulnerable,879451d33ffffff,-12.352385,130.890444,15
Darwin,Charadrius leschenaultii,"Greater Sand Plover, Large Sand Plover",Bird,Vulnerable,879451d81ffffff,-12.485453,130.903175,14
Darwin,Charadrius leschenaultii,"Greater Sand Plover, Large Sand Plover",Bird,Vulnerable,879451d85ffffff,-12.468135,130.888263,1
Darwin,Charadrius leschenaultii,"Greater Sand Plover, Large Sand Plover",Bird,Vulnerable,879451d88ffffff,-12.499825,130.941003,5
Darwin,Charadrius leschenaultii,"Greater Sand Plover, Large Sand Plover",Bird,Vulnerable,879451da4ffffff,-12.416165,130.843529,22
Darwin,Charadrius leschenaultii,"Greater Sand Plover, Large Sand Plover",Bird,Vulnerable,879451da6ffffff,-12.436431,130.83553,8
Darwin,Charadrius leschenaultii,"Greater Sand Plover, Large Sand Plover",Bird,Vulnerable,879451dadffffff,-12.424657,130.927184,2
Darwin,Charadrius leschenaultii,"Greater Sand Plover, Large Sand Plover",Bird,Vulnerable,879451db5ffffff,-12.456692,130.827533,3
Darwin,Chelonia mydas,Green Turtle,Reptile,Vulnerable,879451d10ffffff,-12.390002,130.897356,1
Darwin,Chelonia mydas,Green Turtle,Reptile,Vulnerable,879451d13ffffff,-12.407331,130.91227,1
Darwin,Chelonia mydas,Green Turtle,Reptile,Vulnerable,879451d15ffffff,-12.36972,130.905358,1
Darwin,Chelonia mydas,Green Turtle,Reptile,Vulnerable,879451d31ffffff,-12.332095,130.898447,1
Darwin,Chelonia mydas,Green Turtle,Reptile,Vulnerable,879451da6ffffff,-12.436431,130.83553,1
Darwin,Chelonia mydas,Green Turtle,Reptile,Vulnerable,879451daaffffff,-12.465193,130.911177,1
Darwin,Eretmochelys imbricata,Hawksbill Turtle,Reptile,Vulnerable,879451da6ffffff,-12.436431,130.83553,1
Darwin,Eretmochelys imbricata,Hawksbill Turtle,Reptile,Vulnerable,879451db1ffffff,-12.474013,130.842443,1
Darwin,Hirundapus caudacutus,White-throated Needletail,Bird,Vulnerable,879450a48ffffff,-12.378562,130.836616,4
Darwin,Limnodromus semipalmatus,Asian Dowitcher,Bird,Vulnerable,879451d1affffff,-12.421708,130.950103,35
Darwin,Limnodromus semipalmatus,Asian Dowitcher,Bird,Vulnerable,879451d31ffffff,-12.332095,130.898447,2
Darwin,Limnodromus semipalmatus,Asian Dowitcher,Bird,Vulnerable,879451da9ffffff,-12.441981,130.942098,1
Darwin,Limnodromus semipalmatus,Asian Dowitcher,Bird,Vulnerable,879451dadffffff,-12.424657,130.927184,68
Darwin,Natator depressus,Flatback Turtle,Reptile,Vulnerable,879450a59ffffff,-12.419105,130.82062,1
Darwin,Natator depressus,Flatback Turtle,Reptile,Vulnerable,879451d31ffffff,-12.332095,130.898447,1
Darwin,Natator depressus,Flatback Turtle,Reptile,Vulnerable,879451d32ffffff,-12.355334,130.867528,2
Darwin,Natator depressus,Flatback Turtle,Reptile,Vulnerable,879451d33ffffff,-12.352385,130.890444,4
Darwin,Natator depressus,Flatback Turtle,Reptile,Vulnerable,879451db1ffffff,-12.474013,130.842443,1
Darwin,Orcaella heinsohni,Australian Snubfin Dolphin,Mammal,Vulnerable,879451db1ffffff,-12.474013,130.842443,1
Darwin,Pluvialis squatarola,Grey Plover,Bird,Vulnerable,879450a48ffffff,-12.378562,130.836616,124
Darwin,Pluvialis squatarola,Grey Plover,Bird,Vulnerable,879450a49ffffff,-12.375617,130.859528,2
Darwin,Pluvialis squatarola,Grey Plover,Bird,Vulnerable,879450a4affffff,-12.398836,130.828618,29
Darwin,Pluvialis squatarola,Grey Plover,Bird,Vulnerable,879450a4bffffff,-12.395894,130.851528,2
Darwin,Pluvialis squatarola,Grey Plover,Bird,Vulnerable,879450a59ffffff,-12.419105,130.82062,34
Darwin,Pluvialis squatarola,Grey Plover,Bird,Vulnerable,879450a5dffffff,-12.401776,130.80571,61
Darwin,Pluvialis squatarola,Grey Plover,Bird,Vulnerable,879451d31ffffff,-12.332095,130.898447,320
Darwin,Pluvialis squatarola,Grey Plover,Bird,Vulnerable,879451d32ffffff,-12.355334,130.867528,27
Darwin,Pluvialis squatarola,Grey Plover,Bird,Vulnerable,879451d33ffffff,-12.352385,130.890444,14
Darwin,Pluvialis squatarola,Grey Plover,Bird,Vulnerable,879451d81ffffff,-12.485453,130.903175,7
Darwin,Pluvialis squatarola,Grey Plover,Bird,Vulnerable,879451da4ffffff,-12.416165,130.843529,77
Darwin,Pluvialis squatarola,Grey Plover,Bird,Vulnerable,879451dabffffff,-12.462248,130.934094,1
Darwin,Pluvialis squatarola,Grey Plover,Bird,Vulnerable,879451dadffffff,-12.424657,130.927184,1
Darwin,Sousa sahulensis,Australian Humpback Dolphin,Mammal,Vulnerable,879450a48ffffff,-12.378562,130.836616,1
Darwin,Sousa sahulensis,Australian Humpback Dolphin,Mammal,Vulnerable,879451d80ffffff,-12.488393,130.880263,4
Darwin,Sousa sahulensis,Australian Humpback Dolphin,Mammal,Vulnerable,879451da4ffffff,-12.416165,130.843529,1
Darwin,Sousa sahulensis,Australian Humpback Dolphin,Mammal,Vulnerable,879451db1ffffff,-12.474013,130.842443,2
Darwin,Sternula albifrons,Little Tern,Bird,Vulnerable,879450a48ffffff,-12.378562,130.836616,263
Darwin,Sternula albifrons,Little Tern,Bird,Vulnerable,879450a49ffffff,-12.375617,130.859528,7
Darwin,Sternula albifrons,Little Tern,Bird,Vulnerable,879450a4affffff,-12.398836,130.828618,9
Darwin,Sternula albifrons,Little Tern,Bird,Vulnerable,879450a4bffffff,-12.395894,130.851528,1
Darwin,Sternula albifrons,Little Tern,Bird,Vulnerable,879450a59ffffff,-12.419105,130.82062,70
Darwin,Sternula albifrons,Little Tern,Bird,Vulnerable,879450a5dffffff,-12.401776,130.80571,138
Darwin,Sternula albifrons,Little Tern,Bird,Vulnerable,879451d1affffff,-12.421708,130.950103,3
Darwin,Sternula albifrons,Little Tern,Bird,Vulnerable,879451d30ffffff,-12.335047,130.875529,1
Darwin,Sternula albifrons,Little Tern,Bird,Vulnerable,879451d31ffffff,-12.332095,130.898447,322
Darwin,Sternula albifrons,Little Tern,Bird,Vulnerable,879451d32ffffff,-12.355334,130.867528,12
Darwin,Sternula albifrons,Little Tern,Bird,Vulnerable,879451d33ffffff,-12.352385,130.890444,5
Darwin,Sternula albifrons,Little Tern,Bird,Vulnerable,879451d81ffffff,-12.485453,130.903175,2
Darwin,Sternula albifrons,Little Tern,Bird,Vulnerable,879451d85ffffff,-12.468135,130.888263,1
Darwin,Sternula albifrons,Little Tern,Bird,Vulnerable,879451d88ffffff,-12.499825,130.941003,3
Darwin,Sternula albifrons,Little Tern,Bird,Vulnerable,879451da2ffffff,-12.453755,130.850441,2
Darwin,Sternula albifrons,Little Tern,Bird,Vulnerable,879451da4ffffff,-12.416165,130.843529,1
Darwin,Sternula albifrons,Little Tern,Bird,Vulnerable,879451da6ffffff,-12.436431,130.83553,2
Darwin,Sternula albifrons,Little Tern,Bird,Vulnerable,879451dadffffff,-12.424657,130.927184,11
Darwin,Sternula albifrons,Little Tern,Bird,Vulnerable,879451db1ffffff,-12.474013,130.842443,92
Darwin,Sternula albifrons,Little Tern,Bird,Vulnerable,879451db5ffffff,-12.456692,130.827533,4
Darwin,Xenus cinereus,Terek Sandpiper,Bird,Vulnerable,879450a48ffffff,-12.378562,130.836616,396
Darwin,Xenus cinereus,Terek Sandpiper,Bird,Vulnerable,879450a49ffffff,-12.375617,130.859528,45
Darwin,Xenus cinereus,Terek Sandpiper,Bird,Vulnerable,879450a4affffff,-12.398836,130.828618,112
Darwin,Xenus cinereus,Terek Sandpiper,Bird,Vulnerable,879450a4bffffff,-12.395894,130.851528,3
Darwin,Xenus cinereus,Terek Sandpiper,Bird,Vulnerable,879450a59ffffff,-12.419105,130.82062,138
Darwin,Xenus cinereus,Terek Sandpiper,Bird,Vulnerable,879450a5dffffff,-12.401776,130.80571,268
Darwin,Xenus cinereus,Terek Sandpiper,Bird,Vulnerable,879451d1affffff,-12.421708,130.950103,1
Darwin,Xenus cinereus,Terek Sandpiper,Bird,Vulnerable,879451d31ffffff,-12.332095,130.898447,189
Darwin,Xenus cinereus,Terek Sandpiper,Bird,Vulnerable,879451d32ffffff,-12.355334,130.867528,9
Darwin,Xenus cinereus,Terek Sandpiper,Bird,Vulnerable,879451d33ffffff,-12.352385,130.890444,4
Darwin,Xenus cinereus,Terek Sandpiper,Bird,Vulnerable,879451d81ffffff,-12.485453,130.903175,3
Darwin,Xenus cinereus,Terek Sandpiper,Bird,Vulnerable,879451d88ffffff,-12.499825,130.941003,2
Darwin,Xenus cinereus,Terek Sandpiper,Bird,Vulnerable,879451d8cffffff,-12.482511,130.92609,1
Darwin,Xenus cinereus,Terek Sandpiper,Bird,Vulnerable,879451da2ffffff,-12.453755,130.850441,11
Darwin,Xenus cinereus,Terek Sandpiper,Bird,Vulnerable,879451da4ffffff,-12.416165,130.843529,4
Darwin,Xenus cinereus,Terek Sandpiper,Bird,Vulnerable,879451da6ffffff,-12.436431,130.83553,1
Darwin,Xenus cinereus,Terek Sandpiper,Bird,Vulnerable,879451daaffffff,-12.465193,130.911177,1
Darwin,Xenus cinereus,Terek Sandpiper,Bird,Vulnerable,879451dadffffff,-12.424657,130.927184,2
Hobart,Ardenna grisea,Sooty Shearwater,Bird,Vulnerable,87bf4dd94ffffff,-42.868759,147.32339,1
Hobart,Arenaria interpres,Ruddy Turnstone,Bird,Vulnerable,87bf4ca89ffffff,-42.838854,147.577493,1
Hobart,Calidris acuminata,Sharp-tailed Sandpiper,Bird,Vulnerable,87bf4caeaffffff,-42.897808,147.428329,1
Hobart,Gallinago hardwickii,"Latham's Snipe, Japanese Snipe",Bird,Vulnerable,87bf4c34dffffff,-42.755509,147.231251,262
Hobart,Gallinago hardwickii,"Latham's Snipe, Japanese Snipe",Bird,Vulnerable,87bf4c36bffffff,-42.773777,147.251874,14
Hobart,Gallinago hardwickii,"Latham's Snipe, Japanese Snipe",Bird,Vulnerable,87bf4ca59ffffff,-42.971082,147.331485,1
Hobart,Gallinago hardwickii,"Latham's Snipe, Japanese Snipe",Bird,Vulnerable,87bf4cad1ffffff,-42.828163,147.49325,1
Hobart,Hirundapus caudacutus,White-throated Needletail,Bird,Vulnerable,87bf4c34dffffff,-42.755509,147.231251,1
Hobart,Hirundapus caudacutus,White-throated Needletail,Bird,Vulnerable,87bf4ca4affffff,-42.993018,147.320379,13
Hobart,Hirundapus caudacutus,White-throated Needletail,Bird,Vulnerable,87bf4ca4bffffff,-42.996707,147.288559,1
Hobart,Hirundapus caudacutus,White-throated Needletail,Bird,Vulnerable,87bf4ca59ffffff,-42.971082,147.331485,1
Hobart,Hirundapus caudacutus,White-throated Needletail,Bird,Vulnerable,87bf4ca5bffffff,-42.949141,147.342585,19
Hobart,Hirundapus caudacutus,White-throated Needletail,Bird,Vulnerable,87bf4cac4ffffff,-42.890331,147.491891,4
Hobart,Hirundapus caudacutus,White-throated Needletail,Bird,Vulnerable,87bf4cac5ffffff,-42.894074,147.46011,1
Hobart,Hirundapus caudacutus,White-throated Needletail,Bird,Vulnerable,87bf4cac6ffffff,-42.86836,147.502934,1
Hobart,Hirundapus caudacutus,White-throated Needletail,Bird,Vulnerable,87bf4cac8ffffff,-42.861338,147.38692,3
Hobart,Hirundapus caudacutus,White-throated Needletail,Bird,Vulnerable,87bf4caccffffff,-42.879575,147.407619,1
Hobart,Hirundapus caudacutus,White-throated Needletail,Bird,Vulnerable,87bf4cacdffffff,-42.883295,147.375846,1
Hobart,Hirundapus caudacutus,White-throated Needletail,Bird,Vulnerable,87bf4cad0ffffff,-42.824407,147.525003,1
Hobart,Hirundapus caudacutus,White-throated Needletail,Bird,Vulnerable,87bf4dd86ffffff,-42.8944,147.280522,2
Hobart,Hirundapus caudacutus,White-throated Needletail,Bird,Vulnerable,87bf4dd90ffffff,-42.850508,147.302719,3
Hobart,Hirundapus caudacutus,White-throated Needletail,Bird,Vulnerable,87bf4dd91ffffff,-42.854201,147.270962,1
Hobart,Hirundapus caudacutus,White-throated Needletail,Bird,Vulnerable,87bf4dd94ffffff,-42.868759,147.32339,1
Hobart,Hirundapus caudacutus,White-throated Needletail,Bird,Vulnerable,87bf4dd95ffffff,-42.872456,147.291624,1
Hobart,Hirundapus caudacutus,White-throated Needletail,Bird,Vulnerable,87bf4ddb0ffffff,-42.908954,147.332982,19
Hobart,Hirundapus caudacutus,White-throated Needletail,Bird,Vulnerable,87bf4ddb1ffffff,-42.912652,147.301198,2
Hobart,Hirundapus caudacutus,White-throated Needletail,Bird,Vulnerable,87bf4ddb3ffffff,-42.890708,147.312297,1
Hobart,Hirundapus caudacutus,White-throated Needletail,Bird,Vulnerable,87bf4ddb4ffffff,-42.927197,147.353678,2
Hobart,Hirundapus caudacutus,White-throated Needletail,Bird,Vulnerable,87bf4ddb5ffffff,-42.930899,147.321886,7
Hobart,Mirounga leonina,Southern Elephant Seal,Mammal,Vulnerable,87bf4ca59ffffff,-42.971082,147.331485,2
Hobart,Mirounga leonina,Southern Elephant Seal,Mammal,Vulnerable,87bf4cad4ffffff,-42.842624,147.545733,1
Hobart,Neophema chrysostoma,Blue-winged Parrot,Bird,Vulnerable,87bf4c34dffffff,-42.755509,147.231251,3
Hobart,Neophema chrysostoma,Blue-winged Parrot,Bird,Vulnerable,87bf4c361ffffff,-42.8066,147.324891,6
Hobart,Neophema chrysostoma,Blue-winged Parrot,Bird,Vulnerable,87bf4c365ffffff,-42.82485,147.345556,2
Hobart,Neophema chrysostoma,Blue-winged Parrot,Bird,Vulnerable,87bf4ca59ffffff,-42.971082,147.331485,5
Hobart,Neophema chrysostoma,Blue-winged Parrot,Bird,Vulnerable,87bf4ca5bffffff,-42.949141,147.342585,44
Hobart,Neophema chrysostoma,Blue-winged Parrot,Bird,Vulnerable,87bf4cac0ffffff,-42.872108,147.471163,1
Hobart,Neophema chrysostoma,Blue-winged Parrot,Bird,Vulnerable,87bf4cac2ffffff,-42.850137,147.48221,5
Hobart,Neophema chrysostoma,Blue-winged Parrot,Bird,Vulnerable,87bf4cac6ffffff,-42.86836,147.502934,8
Hobart,Neophema chrysostoma,Blue-winged Parrot,Bird,Vulnerable,87bf4cac8ffffff,-42.861338,147.38692,7
Hobart,Neophema chrysostoma,Blue-winged Parrot,Bird,Vulnerable,87bf4cad1ffffff,-42.828163,147.49325,5
Hobart,Neophema chrysostoma,Blue-winged Parrot,Bird,Vulnerable,87bf4cad5ffffff,-42.846385,147.513972,5
Hobart,Neophema chrysostoma,Blue-winged Parrot,Bird,Vulnerable,87bf4cadcffffff,-42.83191,147.461497,2
Hobart,Neophema chrysostoma,Blue-winged Parrot,Bird,Vulnerable,87bf4cae3ffffff,-42.912297,147.480841,1
Hobart,Neophema chrysostoma,Blue-winged Parrot,Bird,Vulnerable,87bf4dd91ffffff,-42.854201,147.270962,1
Hobart,Neophema chrysostoma,Blue-winged Parrot,Bird,Vulnerable,87bf4dda4ffffff,-42.974775,147.299675,8
Hobart,Neophema chrysostoma,Blue-winged Parrot,Bird,Vulnerable,87bf4ddb1ffffff,-42.912652,147.301198,1
Hobart,Neophema chrysostoma,Blue-winged Parrot,Bird,Vulnerable,87bf4ddb5ffffff,-42.930899,147.321886,1
Hobart,Sternula albifrons,Little Tern,Bird,Vulnerable,87bf4c34dffffff,-42.755509,147.231251,1
Hobart,Sternula albifrons,Little Tern,Bird,Vulnerable,87bf4ca4affffff,-42.993018,147.320379,1
Hobart,Sternula albifrons,Little Tern,Bird,Vulnerable,87bf4ddb2ffffff,-42.887006,147.344072,1
Melbourne,Ardenna grisea,Sooty Shearwater,Bird,Vulnerable,87be63809ffffff,-38.362311,144.747711,2
Melbourne,Arenaria interpres,Ruddy Turnstone,Bird,Vulnerable,87be630a4ffffff,-37.877706,144.793799,10
Melbourne,Arenaria interpres,Ruddy Turnstone,Bird,Vulnerable,87be6318bffffff,-37.899797,144.782786,1
Melbourne,Arenaria interpres,Ruddy Turnstone,Bird,Vulnerable,87be6319affffff,-37.848944,144.864053,3
Melbourne,Arenaria interpres,Ruddy Turnstone,Bird,Vulnerable,87be6319effffff,-37.867705,144.882693,7
Melbourne,Arenaria interpres,Ruddy Turnstone,Bird,Vulnerable,87be63809ffffff,-38.362311,144.747711,3
Melbourne,Arenaria interpres,Ruddy Turnstone,Bird,Vulnerable,87be63815ffffff,-38.345814,144.896768,3
Melbourne,Arenaria interpres,Ruddy Turnstone,Bird,Vulnerable,87be6382effffff,-38.415331,144.833755,33
Melbourne,Arenaria interpres,Ruddy Turnstone,Bird,Vulnerable,87be63c2affffff,-38.063738,145.17758,1
Melbourne,Arenaria interpres,Ruddy Turnstone,Bird,Vulnerable,87be63c53ffffff,-37.995598,145.043151,53
Melbourne,Calidris acuminata,Sharp-tailed Sandpiper,Bird,Vulnerable,87be606c8ffffff,-38.312225,145.194939,4
Melbourne,Calidris acuminata,Sharp-tailed Sandpiper,Bird,Vulnerable,87be62240ffffff,-37.727955,145.370708,3
Melbourne,Calidris acuminata,Sharp-tailed Sandpiper,Bird,Vulnerable,87be62245ffffff,-37.750133,145.359854,51
Melbourne,Calidris acuminata,Sharp-tailed Sandpiper,Bird,Vulnerable,87be63010ffffff,-37.906417,144.723512,20
Melbourne,Calidris acuminata,Sharp-tailed Sandpiper,Bird,Vulnerable,87be63016ffffff,-37.903111,144.753149,1
Melbourne,Calidris acuminata,Sharp-tailed Sandpiper,Bird,Vulnerable,87be63018ffffff,-37.894216,144.645658,1
Melbourne,Calidris acuminata,Sharp-tailed Sandpiper,Bird,Vulnerable,87be6301dffffff,-37.916287,144.634608,1
Melbourne,Calidris acuminata,Sharp-tailed Sandpiper,Bird,Vulnerable,87be630a1ffffff,-37.862247,144.745562,2
Melbourne,Calidris acuminata,Sharp-tailed Sandpiper,Bird,Vulnerable,87be630a4ffffff,-37.877706,144.793799,643
Melbourne,Calidris acuminata,Sharp-tailed Sandpiper,Bird,Vulnerable,87be630a5ffffff,-37.881023,144.764169,1
Melbourne,Calidris acuminata,Sharp-tailed Sandpiper,Bird,Vulnerable,87be630a6ffffff,-37.855611,144.804806,56
Melbourne,Calidris acuminata,Sharp-tailed Sandpiper,Bird,Vulnerable,87be630b5ffffff,-37.833514,144.815807,3
Melbourne,Calidris acuminata,Sharp-tailed Sandpiper,Bird,Vulnerable,87be6318affffff,-37.896476,144.812424,5
Melbourne,Calidris acuminata,Sharp-tailed Sandpiper,Bird,Vulnerable,87be6318bffffff,-37.899797,144.782786,183
Melbourne,Calidris acuminata,Sharp-tailed Sandpiper,Bird,Vulnerable,87be63193ffffff,-37.864356,144.912326,2
Melbourne,Calidris acuminata,Sharp-tailed Sandpiper,Bird,Vulnerable,87be63198ffffff,-37.871047,144.853061,23
Melbourne,Calidris acuminata,Sharp-tailed Sandpiper,Bird,Vulnerable,87be63199ffffff,-37.87438,144.823429,92
Melbourne,Calidris acuminata,Sharp-tailed Sandpiper,Bird,Vulnerable,87be6319affffff,-37.848944,144.864053,137
Melbourne,Calidris acuminata,Sharp-tailed Sandpiper,Bird,Vulnerable,87be6319bffffff,-37.852281,144.834429,4
Melbourne,Calidris acuminata,Sharp-tailed Sandpiper,Bird,Vulnerable,87be6319effffff,-37.867705,144.882693,653
Melbourne,Calidris acuminata,Sharp-tailed Sandpiper,Bird,Vulnerable,87be6342affffff,-37.646507,144.992281,5
Melbourne,Calidris acuminata,Sharp-tailed Sandpiper,Bird,Vulnerable,87be63508ffffff,-37.740214,145.085542,1
Melbourne,Calidris acuminata,Sharp-tailed Sandpiper,Bird,Vulnerable,87be6355bffffff,-37.69751,144.911265,3
Melbourne,Calidris acuminata,Sharp-tailed Sandpiper,Bird,Vulnerable,87be63563ffffff,-37.816766,144.963893,2
Melbourne,Calidris acuminata,Sharp-tailed Sandpiper,Bird,Vulnerable,87be63565ffffff,-37.857635,144.971594,1
Melbourne,Calidris acuminata,Sharp-tailed Sandpiper,Bird,Vulnerable,87be6356dffffff,-37.845598,144.893677,1
Melbourne,Calidris acuminata,Sharp-tailed Sandpiper,Bird,Vulnerable,87be6356effffff,-37.820131,144.934274,1
Melbourne,Calidris acuminata,Sharp-tailed Sandpiper,Bird,Vulnerable,87be63724ffffff,-37.74625,144.663702,7
Melbourne,Calidris acuminata,Sharp-tailed Sandpiper,Bird,Vulnerable,87be63726ffffff,-37.724164,144.674722,8
Melbourne,Calidris acuminata,Sharp-tailed Sandpiper,Bird,Vulnerable,87be63c01ffffff,-38.041604,145.188521,1
Melbourne,Calidris acuminata,Sharp-tailed Sandpiper,Bird,Vulnerable,87be63c08ffffff,-38.026286,145.140037,2
Melbourne,Calidris acuminata,Sharp-tailed Sandpiper,Bird,Vulnerable,87be63c09ffffff,-38.029684,145.110328,116
Melbourne,Calidris acuminata,Sharp-tailed Sandpiper,Bird,Vulnerable,87be63c0bffffff,-38.007557,145.121281,61
Melbourne,Calidris acuminata,Sharp-tailed Sandpiper,Bird,Vulnerable,87be63c0cffffff,-38.045013,145.158804,17
Melbourne,Calidris acuminata,Sharp-tailed Sandpiper,Bird,Vulnerable,87be63c0dffffff,-38.048415,145.129087,24
Melbourne,Calidris acuminata,Sharp-tailed Sandpiper,Bird,Vulnerable,87be63c14ffffff,-38.009179,145.288589,1
Melbourne,Calidris acuminata,Sharp-tailed Sandpiper,Bird,Vulnerable,87be63c1affffff,-37.956465,145.20254,1
Melbourne,Calidris acuminata,Sharp-tailed Sandpiper,Bird,Vulnerable,87be63c28ffffff,-38.085869,145.166634,130
Melbourne,Calidris acuminata,Sharp-tailed Sandpiper,Bird,Vulnerable,87be63c29ffffff,-38.08927,145.136901,94
Melbourne,Calidris acuminata,Sharp-tailed Sandpiper,Bird,Vulnerable,87be63c2affffff,-38.063738,145.17758,79
Melbourne,Calidris acuminata,Sharp-tailed Sandpiper,Bird,Vulnerable,87be63c2bffffff,-38.067143,145.147855,9
Melbourne,Calidris acuminata,Sharp-tailed Sandpiper,Bird,Vulnerable,87be63c33ffffff,-38.031329,145.277677,1
Melbourne,Calidris acuminata,Sharp-tailed Sandpiper,Bird,Vulnerable,87be63c53ffffff,-37.995598,145.043151,360
Melbourne,Calidris acuminata,Sharp-tailed Sandpiper,Bird,Vulnerable,87be63c9effffff,-37.820107,145.297617,1
Melbourne,Calidris acuminata,Sharp-tailed Sandpiper,Bird,Vulnerable,87be63cabffffff,-37.912174,145.224375,1
Melbourne,Calidris acuminata,Sharp-tailed Sandpiper,Bird,Vulnerable,87be63ccbffffff,-37.876383,144.99027,1
Melbourne,Calidris acuminata,Sharp-tailed Sandpiper,Bird,Vulnerable,87be63ce3ffffff,-37.947963,145.094749,1
Melbourne,Calidris acuminata,Sharp-tailed Sandpiper,Bird,Vulnerable,87be63ce4ffffff,-37.985427,145.132227,84
Melbourne,Calidris acuminata,Sharp-tailed Sandpiper,Bird,Vulnerable,87be63cf6ffffff,-37.9156,145.194703,112
Melbourne,Calidris acuminata,Sharp-tailed Sandpiper,Bird,Vulnerable,87be63d11ffffff,-38.124853,145.371827,3
Melbourne,Calidris acuminata,Sharp-tailed Sandpiper,Bird,Vulnerable,87be63d1cffffff,-38.128304,145.342066,59
Melbourne,Calidris acuminata,Sharp-tailed Sandpiper,Bird,Vulnerable,87be63d1effffff,-38.106153,145.352976,5
Melbourne,Calidris acuminata,Sharp-tailed Sandpiper,Bird,Vulnerable,87be63d5affffff,-38.111394,145.125941,6
Melbourne,Calidris acuminata,Sharp-tailed Sandpiper,Bird,Vulnerable,87be63d5effffff,-38.130122,145.144724,1
Melbourne,Calidris acuminata,Sharp-tailed Sandpiper,Bird,Vulnerable,87be63dadffffff,-38.083998,145.363881,3
Melbourne,Calidris canutus,"Red Knot, Knot",Bird,Vulnerable,87be630a4ffffff,-37.877706,144.793799,148
Melbourne,Calidris canutus,"Red Knot, Knot",Bird,Vulnerable,87be630a6ffffff,-37.855611,144.804806,1
Melbourne,Calidris canutus,"Red Knot, Knot",Bird,Vulnerable,87be6318bffffff,-37.899797,144.782786,4
Melbourne,Calidris canutus,"Red Knot, Knot",Bird,Vulnerable,87be63198ffffff,-37.871047,144.853061,1
Melbourne,Calidris canutus,"Red Knot, Knot",Bird,Vulnerable,87be63199ffffff,-37.87438,144.823429,13
Melbourne,Calidris canutus,"Red Knot, Knot",Bird,Vulnerable,87be6319affffff,-37.848944,144.864053,1
Melbourne,Calidris canutus,"Red Knot, Knot",Bird,Vulnerable,87be6319bffffff,-37.852281,144.834429,4
Melbourne,Calidris canutus,"Red Knot, Knot",Bird,Vulnerable,87be6319effffff,-37.867705,144.882693,7
Melbourne,Calidris canutus,"Red Knot, Knot",Bird,Vulnerable,87be63565ffffff,-37.857635,144.971594,2
Melbourne,Calidris canutus,"Red Knot, Knot",Bird,Vulnerable,87be6382effffff,-38.415331,144.833755,1
Melbourne,Calidris canutus,"Red Knot, Knot",Bird,Vulnerable,87be63c2affffff,-38.063738,145.17758,2
Melbourne,Calidris canutus,"Red Knot, Knot",Bird,Vulnerable,87be63c53ffffff,-37.995598,145.043151,6
Melbourne,Calidris tenuirostris,Great Knot,Bird,Vulnerable,87be630a4ffffff,-37.877706,144.793799,50
Melbourne,Calidris tenuirostris,Great Knot,Bird,Vulnerable,87be630a6ffffff,-37.855611,144.804806,1
Melbourne,Calidris tenuirostris,Great Knot,Bird,Vulnerable,87be6319affffff,-37.848944,144.864053,4
Melbourne,Calidris tenuirostris,Great Knot,Bird,Vulnerable,87be6319effffff,-37.867705,144.882693,3
Melbourne,Calidris tenuirostris,Great Knot,Bird,Vulnerable,87be63c53ffffff,-37.995598,145.043151,5
Melbourne,Chelonia mydas,Green Turtle,Reptile,Vulnerable,87be63815ffffff,-38.345814,144.896768,1
Melbourne,Chelonia mydas,Green Turtle,Reptile,Vulnerable,87be638b6ffffff,-38.225339,145.041278,1
Melbourne,Chelonia mydas,Green Turtle,Reptile,Vulnerable,87be6398bffffff,-38.317073,144.967429,1
Melbourne,Chelonia mydas,Green Turtle,Reptile,Vulnerable,87be63c53ffffff,-37.995598,145.043151,1
Melbourne,Delma impar,"Striped Legless Lizard, Striped Snake-lizard",Reptile,Vulnerable,87be63080ffffff,-37.79929,144.748995,67
Melbourne,Delma impar,"Striped Legless Lizard, Striped Snake-lizard",Reptile,Vulnerable,87be63082ffffff,-37.777197,144.760001,3
Melbourne,Delma impar,"Striped Legless Lizard, Striped Snake-lizard",Reptile,Vulnerable,87be63083ffffff,-37.780512,144.730411,46
Melbourne,Delma impar,"Striped Legless Lizard, Striped Snake-lizard",Reptile,Vulnerable,87be63086ffffff,-37.795971,144.778593,18
Melbourne,Delma impar,"Striped Legless Lizard, Striped Snake-lizard",Reptile,Vulnerable,87be63091ffffff,-37.755101,144.771002,2
Melbourne,Delma impar,"Striped Legless Lizard, Striped Snake-lizard",Reptile,Vulnerable,87be63092ffffff,-37.72967,144.811573,6
Melbourne,Delma impar,"Striped Legless Lizard, Striped Snake-lizard",Reptile,Vulnerable,87be63094ffffff,-37.770543,144.819184,27
Melbourne,Delma impar,"Striped Legless Lizard, Striped Snake-lizard",Reptile,Vulnerable,87be63095ffffff,-37.773874,144.789592,33
Melbourne,Delma impar,"Striped Legless Lizard, Striped Snake-lizard",Reptile,Vulnerable,87be6309bffffff,-37.72086,144.704287,3
Melbourne,Delma impar,"Striped Legless Lizard, Striped Snake-lizard",Reptile,Vulnerable,87be6309dffffff,-37.761732,144.711838,28
Melbourne,Delma impar,"Striped Legless Lizard, Striped Snake-lizard",Reptile,Vulnerable,87be6309effffff,-37.736325,144.752422,1
Melbourne,Delma impar,"Striped Legless Lizard, Striped Snake-lizard",Reptile,Vulnerable,87be630a0ffffff,-37.858933,144.775183,14
Melbourne,Delma impar,"Striped Legless Lizard, Striped Snake-lizard",Reptile,Vulnerable,87be630aeffffff,-37.843469,144.726965,23
Melbourne,Delma impar,"Striped Legless Lizard, Striped Snake-lizard",Reptile,Vulnerable,87be6340effffff,-37.605625,144.984588,6
Melbourne,Delma impar,"Striped Legless Lizard, Striped Snake-lizard",Reptile,Vulnerable,87be63429ffffff,-37.672018,144.951783,1
Melbourne,Delma impar,"Striped Legless Lizard, Striped Snake-lizard",Reptile,Vulnerable,87be63464ffffff,-37.722984,144.870727,5
Melbourne,Delma impar,"Striped Legless Lizard, Striped Snake-lizard",Reptile,Vulnerable,87be63468ffffff,-37.692127,144.774411,1
Melbourne,Delma impar,"Striped Legless Lizard, Striped Snake-lizard",Reptile,Vulnerable,87be6346cffffff,-37.710899,144.792987,2
Melbourne,Delma impar,"Striped Legless Lizard, Striped Snake-lizard",Reptile,Vulnerable,87be6346effffff,-37.688795,144.803971,1
Melbourne,Delma impar,"Striped Legless Lizard, Striped Snake-lizard",Reptile,Vulnerable,87be63476ffffff,-37.653265,144.933167,1
Melbourne,Delma impar,"Striped Legless Lizard, Striped Snake-lizard",Reptile,Vulnerable,87be63720ffffff,-37.727461,144.645157,1
Melbourne,Delma impar,"Striped Legless Lizard, Striped Snake-lizard",Reptile,Vulnerable,87be63735ffffff,-37.702076,144.685735,2
Melbourne,Gallinago hardwickii,"Latham's Snipe, Japanese Snipe",Bird,Vulnerable,87be606cdffffff,-38.334341,145.183962,1
Melbourne,Gallinago hardwickii,"Latham's Snipe, Japanese Snipe",Bird,Vulnerable,87be62240ffffff,-37.727955,145.370708,20
Melbourne,Gallinago hardwickii,"Latham's Snipe, Japanese Snipe",Bird,Vulnerable,87be62245ffffff,-37.750133,145.359854,101
Melbourne,Gallinago hardwickii,"Latham's Snipe, Japanese Snipe",Bird,Vulnerable,87be6226effffff,-37.772308,145.348994,24
Melbourne,Gallinago hardwickii,"Latham's Snipe, Japanese Snipe",Bird,Vulnerable,87be62a59ffffff,-38.088795,145.501744,7
Melbourne,Gallinago hardwickii,"Latham's Snipe, Japanese Snipe",Bird,Vulnerable,87be63010ffffff,-37.906417,144.723512,75
Melbourne,Gallinago hardwickii,"Latham's Snipe, Japanese Snipe",Bird,Vulnerable,87be63012ffffff,-37.884333,144.73454,5
Melbourne,Gallinago hardwickii,"Latham's Snipe, Japanese Snipe",Bird,Vulnerable,87be63016ffffff,-37.903111,144.753149,15
Melbourne,Gallinago hardwickii,"Latham's Snipe, Japanese Snipe",Bird,Vulnerable,87be63019ffffff,-37.897495,144.616032,7
Melbourne,Gallinago hardwickii,"Latham's Snipe, Japanese Snipe",Bird,Vulnerable,87be6301effffff,-37.89093,144.675284,48
Melbourne,Gallinago hardwickii,"Latham's Snipe, Japanese Snipe",Bird,Vulnerable,87be63090ffffff,-37.751773,144.800585,1
Melbourne,Gallinago hardwickii,"Latham's Snipe, Japanese Snipe",Bird,Vulnerable,87be630a0ffffff,-37.858933,144.775183,31
Melbourne,Gallinago hardwickii,"Latham's Snipe, Japanese Snipe",Bird,Vulnerable,87be630a1ffffff,-37.862247,144.745562,4
Melbourne,Gallinago hardwickii,"Latham's Snipe, Japanese Snipe",Bird,Vulnerable,87be630a3ffffff,-37.840158,144.756578,1
Melbourne,Gallinago hardwickii,"Latham's Snipe, Japanese Snipe",Bird,Vulnerable,87be630a4ffffff,-37.877706,144.793799,27
Melbourne,Gallinago hardwickii,"Latham's Snipe, Japanese Snipe",Bird,Vulnerable,87be630a5ffffff,-37.881023,144.764169,5
Melbourne,Gallinago hardwickii,"Latham's Snipe, Japanese Snipe",Bird,Vulnerable,87be630a6ffffff,-37.855611,144.804806,11
Melbourne,Gallinago hardwickii,"Latham's Snipe, Japanese Snipe",Bird,Vulnerable,87be630a8ffffff,-37.846771,144.697352,2
Melbourne,Gallinago hardwickii,"Latham's Snipe, Japanese Snipe",Bird,Vulnerable,87be630aaffffff,-37.824688,144.708378,2
Melbourne,Gallinago hardwickii,"Latham's Snipe, Japanese Snipe",Bird,Vulnerable,87be630acffffff,-37.865554,144.715941,12
Melbourne,Gallinago hardwickii,"Latham's Snipe, Japanese Snipe",Bird,Vulnerable,87be630e6ffffff,-37.878701,144.597467,4
Melbourne,Gallinago hardwickii,"Latham's Snipe, Japanese Snipe",Bird,Vulnerable,87be63189ffffff,-37.921886,144.771768,1
Melbourne,Gallinago hardwickii,"Latham's Snipe, Japanese Snipe",Bird,Vulnerable,87be6318bffffff,-37.899797,144.782786,1
Melbourne,Gallinago hardwickii,"Latham's Snipe, Japanese Snipe",Bird,Vulnerable,87be63198ffffff,-37.871047,144.853061,5
Melbourne,Gallinago hardwickii,"Latham's Snipe, Japanese Snipe",Bird,Vulnerable,87be6319affffff,-37.848944,144.864053,7
Melbourne,Gallinago hardwickii,"Latham's Snipe, Japanese Snipe",Bird,Vulnerable,87be6319bffffff,-37.852281,144.834429,5
Melbourne,Gallinago hardwickii,"Latham's Snipe, Japanese Snipe",Bird,Vulnerable,87be6319effffff,-37.867705,144.882693,34
Melbourne,Gallinago hardwickii,"Latham's Snipe, Japanese Snipe",Bird,Vulnerable,87be63409ffffff,-37.612383,144.925506,2
Melbourne,Gallinago hardwickii,"Latham's Snipe, Japanese Snipe",Bird,Vulnerable,87be63425ffffff,-37.702738,145.048207,20
Melbourne,Gallinago hardwickii,"Latham's Snipe, Japanese Snipe",Bird,Vulnerable,87be63426ffffff,-37.677193,145.088704,7
Melbourne,Gallinago hardwickii,"Latham's Snipe, Japanese Snipe",Bird,Vulnerable,87be6342affffff,-37.646507,144.992281,9
Melbourne,Gallinago hardwickii,"Latham's Snipe, Japanese Snipe",Bird,Vulnerable,87be63430ffffff,-37.632898,145.110516,418
Melbourne,Gallinago hardwickii,"Latham's Snipe, Japanese Snipe",Bird,Vulnerable,87be63431ffffff,-37.636312,145.080956,63
Melbourne,Gallinago hardwickii,"Latham's Snipe, Japanese Snipe",Bird,Vulnerable,87be63432ffffff,-37.610746,145.121414,2
Melbourne,Gallinago hardwickii,"Latham's Snipe, Japanese Snipe",Bird,Vulnerable,87be63433ffffff,-37.614164,145.091861,3
Melbourne,Gallinago hardwickii,"Latham's Snipe, Japanese Snipe",Bird,Vulnerable,87be63434ffffff,-37.651629,145.129181,1
Melbourne,Gallinago hardwickii,"Latham's Snipe, Japanese Snipe",Bird,Vulnerable,87be63456ffffff,-37.593627,144.906912,54
Melbourne,Gallinago hardwickii,"Latham's Snipe, Japanese Snipe",Bird,Vulnerable,87be634e1ffffff,-37.552743,144.899271,1
Melbourne,Gallinago hardwickii,"Latham's Snipe, Japanese Snipe",Bird,Vulnerable,87be634e5ffffff,-37.5715,144.917853,6
Melbourne,Gallinago hardwickii,"Latham's Snipe, Japanese Snipe",Bird,Vulnerable,87be634e6ffffff,-37.54599,144.958306,1
Melbourne,Gallinago hardwickii,"Latham's Snipe, Japanese Snipe",Bird,Vulnerable,87be63502ffffff,-37.729964,145.17434,6
Melbourne,Gallinago hardwickii,"Latham's Snipe, Japanese Snipe",Bird,Vulnerable,87be63503ffffff,-37.733388,145.14474,5
Melbourne,Gallinago hardwickii,"Latham's Snipe, Japanese Snipe",Bird,Vulnerable,87be63504ffffff,-37.77084,145.182147,1
Melbourne,Gallinago hardwickii,"Latham's Snipe, Japanese Snipe",Bird,Vulnerable,87be63508ffffff,-37.740214,145.085542,392
Melbourne,Gallinago hardwickii,"Latham's Snipe, Japanese Snipe",Bird,Vulnerable,87be6350bffffff,-37.721477,145.066869,6
Melbourne,Gallinago hardwickii,"Latham's Snipe, Japanese Snipe",Bird,Vulnerable,87be6350cffffff,-37.758948,145.104224,5
Melbourne,Gallinago hardwickii,"Latham's Snipe, Japanese Snipe",Bird,Vulnerable,87be6350dffffff,-37.762353,145.074618,1
Melbourne,Gallinago hardwickii,"Latham's Snipe, Japanese Snipe",Bird,Vulnerable,87be6351effffff,-37.689085,145.16654,4
Melbourne,Gallinago hardwickii,"Latham's Snipe, Japanese Snipe",Bird,Vulnerable,87be63524ffffff,-37.830436,145.208694,9
Melbourne,Gallinago hardwickii,"Latham's Snipe, Japanese Snipe",Bird,Vulnerable,87be6352affffff,-37.777681,145.122916,1
Melbourne,Gallinago hardwickii,"Latham's Snipe, Japanese Snipe",Bird,Vulnerable,87be63536ffffff,-37.760522,145.270998,1
Melbourne,Gallinago hardwickii,"Latham's Snipe, Japanese Snipe",Bird,Vulnerable,87be63545ffffff,-37.798014,144.945239,13
Melbourne,Gallinago hardwickii,"Latham's Snipe, Japanese Snipe",Bird,Vulnerable,87be6354cffffff,-37.782618,144.896994,2
Melbourne,Gallinago hardwickii,"Latham's Snipe, Japanese Snipe",Bird,Vulnerable,87be63551ffffff,-37.731646,144.978101,6
Melbourne,Gallinago hardwickii,"Latham's Snipe, Japanese Snipe",Bird,Vulnerable,87be63556ffffff,-37.724874,145.037279,14
Melbourne,Gallinago hardwickii,"Latham's Snipe, Japanese Snipe",Bird,Vulnerable,87be6355affffff,-37.694143,144.940836,15
Melbourne,Gallinago hardwickii,"Latham's Snipe, Japanese Snipe",Bird,Vulnerable,87be6355bffffff,-37.69751,144.911265,70
Melbourne,Gallinago hardwickii,"Latham's Snipe, Japanese Snipe",Bird,Vulnerable,87be63568ffffff,-37.823488,144.904656,16
Melbourne,Gallinago hardwickii,"Latham's Snipe, Japanese Snipe",Bird,Vulnerable,87be6356affffff,-37.801375,144.915629,4
Melbourne,Gallinago hardwickii,"Latham's Snipe, Japanese Snipe",Bird,Vulnerable,87be63589ffffff,-37.588592,145.132306,18
Melbourne,Gallinago hardwickii,"Latham's Snipe, Japanese Snipe",Bird,Vulnerable,87be63724ffffff,-37.74625,144.663702,27
Melbourne,Gallinago hardwickii,"Latham's Snipe, Japanese Snipe",Bird,Vulnerable,87be63726ffffff,-37.724164,144.674722,30
Melbourne,Gallinago hardwickii,"Latham's Snipe, Japanese Snipe",Bird,Vulnerable,87be63800ffffff,-38.371199,144.855894,4
Melbourne,Gallinago hardwickii,"Latham's Snipe, Japanese Snipe",Bird,Vulnerable,87be63804ffffff,-38.38996,144.874656,7
Melbourne,Gallinago hardwickii,"Latham's Snipe, Japanese Snipe",Bird,Vulnerable,87be63806ffffff,-38.367888,144.885715,4
Melbourne,Gallinago hardwickii,"Latham's Snipe, Japanese Snipe",Bird,Vulnerable,87be63852ffffff,-38.324755,144.710289,1
Melbourne,Gallinago hardwickii,"Latham's Snipe, Japanese Snipe",Bird,Vulnerable,87be63998ffffff,-38.288281,145.038057,2
Melbourne,Gallinago hardwickii,"Latham's Snipe, Japanese Snipe",Bird,Vulnerable,87be6399bffffff,-38.26954,145.019269,3
Melbourne,Gallinago hardwickii,"Latham's Snipe, Japanese Snipe",Bird,Vulnerable,87be63c00ffffff,-38.038187,145.218239,9
Melbourne,Gallinago hardwickii,"Latham's Snipe, Japanese Snipe",Bird,Vulnerable,87be63c01ffffff,-38.041604,145.188521,7
Melbourne,Gallinago hardwickii,"Latham's Snipe, Japanese Snipe",Bird,Vulnerable,87be63c02ffffff,-38.016046,145.229167,10
Melbourne,Gallinago hardwickii,"Latham's Snipe, Japanese Snipe",Bird,Vulnerable,87be63c05ffffff,-38.060325,145.207306,5
Melbourne,Gallinago hardwickii,"Latham's Snipe, Japanese Snipe",Bird,Vulnerable,87be63c08ffffff,-38.026286,145.140037,3
Melbourne,Gallinago hardwickii,"Latham's Snipe, Japanese Snipe",Bird,Vulnerable,87be63c09ffffff,-38.029684,145.110328,173
Melbourne,Gallinago hardwickii,"Latham's Snipe, Japanese Snipe",Bird,Vulnerable,87be63c0affffff,-38.004155,145.150982,73
Melbourne,Gallinago hardwickii,"Latham's Snipe, Japanese Snipe",Bird,Vulnerable,87be63c0bffffff,-38.007557,145.121281,104
Melbourne,Gallinago hardwickii,"Latham's Snipe, Japanese Snipe",Bird,Vulnerable,87be63c0cffffff,-38.045013,145.158804,10
Melbourne,Gallinago hardwickii,"Latham's Snipe, Japanese Snipe",Bird,Vulnerable,87be63c0dffffff,-38.048415,145.129087,38
Melbourne,Gallinago hardwickii,"Latham's Snipe, Japanese Snipe",Bird,Vulnerable,87be63c0effffff,-38.02288,145.169746,4
Melbourne,Gallinago hardwickii,"Latham's Snipe, Japanese Snipe",Bird,Vulnerable,87be63c10ffffff,-37.990468,145.269792,1
Melbourne,Gallinago hardwickii,"Latham's Snipe, Japanese Snipe",Bird,Vulnerable,87be63c14ffffff,-38.009179,145.288589,17
Melbourne,Gallinago hardwickii,"Latham's Snipe, Japanese Snipe",Bird,Vulnerable,87be63c15ffffff,-38.012616,145.258878,3
Melbourne,Gallinago hardwickii,"Latham's Snipe, Japanese Snipe",Bird,Vulnerable,87be63c19ffffff,-37.98202,145.161921,38
Melbourne,Gallinago hardwickii,"Latham's Snipe, Japanese Snipe",Bird,Vulnerable,87be63c1dffffff,-38.000745,145.180683,2
Melbourne,Gallinago hardwickii,"Latham's Snipe, Japanese Snipe",Bird,Vulnerable,87be63c1effffff,-37.975185,145.221309,43
Melbourne,Gallinago hardwickii,"Latham's Snipe, Japanese Snipe",Bird,Vulnerable,87be63c22ffffff,-38.075619,145.255836,3
Melbourne,Gallinago hardwickii,"Latham's Snipe, Japanese Snipe",Bird,Vulnerable,87be63c23ffffff,-38.079043,145.226101,1
Melbourne,Gallinago hardwickii,"Latham's Snipe, Japanese Snipe",Bird,Vulnerable,87be63c25ffffff,-38.119897,145.233971,8
Melbourne,Gallinago hardwickii,"Latham's Snipe, Japanese Snipe",Bird,Vulnerable,87be63c28ffffff,-38.085869,145.166634,24
Melbourne,Gallinago hardwickii,"Latham's Snipe, Japanese Snipe",Bird,Vulnerable,87be63c29ffffff,-38.08927,145.136901,154
Melbourne,Gallinago hardwickii,"Latham's Snipe, Japanese Snipe",Bird,Vulnerable,87be63c2affffff,-38.063738,145.17758,43
Melbourne,Gallinago hardwickii,"Latham's Snipe, Japanese Snipe",Bird,Vulnerable,87be63c2bffffff,-38.067143,145.147855,18
Melbourne,Gallinago hardwickii,"Latham's Snipe, Japanese Snipe",Bird,Vulnerable,87be63c30ffffff,-38.050038,145.296487,4
Melbourne,Gallinago hardwickii,"Latham's Snipe, Japanese Snipe",Bird,Vulnerable,87be63c31ffffff,-38.053475,145.266759,2
Melbourne,Gallinago hardwickii,"Latham's Snipe, Japanese Snipe",Bird,Vulnerable,87be63c33ffffff,-38.031329,145.277677,185
Melbourne,Gallinago hardwickii,"Latham's Snipe, Japanese Snipe",Bird,Vulnerable,87be63c34ffffff,-38.068746,145.315307,17
Melbourne,Gallinago hardwickii,"Latham's Snipe, Japanese Snipe",Bird,Vulnerable,87be63c36ffffff,-38.046594,145.326215,17
Melbourne,Gallinago hardwickii,"Latham's Snipe, Japanese Snipe",Bird,Vulnerable,87be63c56ffffff,-38.010951,145.09158,14
Melbourne,Gallinago hardwickii,"Latham's Snipe, Japanese Snipe",Bird,Vulnerable,87be63c84ffffff,-37.901848,145.313392,80
Melbourne,Gallinago hardwickii,"Latham's Snipe, Japanese Snipe",Bird,Vulnerable,87be63c88ffffff,-37.871306,145.21653,2
Melbourne,Gallinago hardwickii,"Latham's Snipe, Japanese Snipe",Bird,Vulnerable,87be63c89ffffff,-37.874733,145.186875,282
Melbourne,Gallinago hardwickii,"Latham's Snipe, Japanese Snipe",Bird,Vulnerable,87be63c8bffffff,-37.852586,145.197787,12
Melbourne,Gallinago hardwickii,"Latham's Snipe, Japanese Snipe",Bird,Vulnerable,87be63c8dffffff,-37.893455,145.20562,37
Melbourne,Gallinago hardwickii,"Latham's Snipe, Japanese Snipe",Bird,Vulnerable,87be63c8effffff,-37.867872,145.246186,21
Melbourne,Gallinago hardwickii,"Latham's Snipe, Japanese Snipe",Bird,Vulnerable,87be63c91ffffff,-37.838815,145.316382,59
Melbourne,Gallinago hardwickii,"Latham's Snipe, Japanese Snipe",Bird,Vulnerable,87be63c9affffff,-37.801397,145.278861,29
Melbourne,Gallinago hardwickii,"Latham's Snipe, Japanese Snipe",Bird,Vulnerable,87be63c9effffff,-37.820107,145.297617,1
Melbourne,Gallinago hardwickii,"Latham's Snipe, Japanese Snipe",Bird,Vulnerable,87be63ca3ffffff,-37.924007,145.3025,1
Melbourne,Gallinago hardwickii,"Latham's Snipe, Japanese Snipe",Bird,Vulnerable,87be63ca9ffffff,-37.934321,145.21346,145
Melbourne,Gallinago hardwickii,"Latham's Snipe, Japanese Snipe",Bird,Vulnerable,87be63caaffffff,-37.90874,145.254047,55
Melbourne,Gallinago hardwickii,"Latham's Snipe, Japanese Snipe",Bird,Vulnerable,87be63cabffffff,-37.912174,145.224375,75
Melbourne,Gallinago hardwickii,"Latham's Snipe, Japanese Snipe",Bird,Vulnerable,87be63cadffffff,-37.953039,145.232227,30
Melbourne,Gallinago hardwickii,"Latham's Snipe, Japanese Snipe",Bird,Vulnerable,87be63caeffffff,-37.927453,145.27282,2
Melbourne,Gallinago hardwickii,"Latham's Snipe, Japanese Snipe",Bird,Vulnerable,87be63cc5ffffff,-37.929228,145.076024,7
Melbourne,Gallinago hardwickii,"Latham's Snipe, Japanese Snipe",Bird,Vulnerable,87be63ccbffffff,-37.876383,144.99027,1
Melbourne,Gallinago hardwickii,"Latham's Snipe, Japanese Snipe",Bird,Vulnerable,87be63cd3ffffff,-37.840694,145.119777,1
Melbourne,Gallinago hardwickii,"Latham's Snipe, Japanese Snipe",Bird,Vulnerable,87be63cd4ffffff,-37.878152,145.15722,1
Melbourne,Gallinago hardwickii,"Latham's Snipe, Japanese Snipe",Bird,Vulnerable,87be63cd5ffffff,-37.881563,145.127566,114
Melbourne,Gallinago hardwickii,"Latham's Snipe, Japanese Snipe",Bird,Vulnerable,87be63cdcffffff,-37.866231,145.079202,1
Melbourne,Gallinago hardwickii,"Latham's Snipe, Japanese Snipe",Bird,Vulnerable,87be63cddffffff,-37.869623,145.049557,5
Melbourne,Gallinago hardwickii,"Latham's Snipe, Japanese Snipe",Bird,Vulnerable,87be63ce2ffffff,-37.944564,145.124426,7
Melbourne,Gallinago hardwickii,"Latham's Snipe, Japanese Snipe",Bird,Vulnerable,87be63ce3ffffff,-37.947963,145.094749,206
Melbourne,Gallinago hardwickii,"Latham's Snipe, Japanese Snipe",Bird,Vulnerable,87be63ce4ffffff,-37.985427,145.132227,54
Melbourne,Gallinago hardwickii,"Latham's Snipe, Japanese Snipe",Bird,Vulnerable,87be63ce6ffffff,-37.963294,145.143168,8
Melbourne,Gallinago hardwickii,"Latham's Snipe, Japanese Snipe",Bird,Vulnerable,87be63cf1ffffff,-37.92243,145.135363,45
Melbourne,Gallinago hardwickii,"Latham's Snipe, Japanese Snipe",Bird,Vulnerable,87be63cf4ffffff,-37.937743,145.183782,1
Melbourne,Gallinago hardwickii,"Latham's Snipe, Japanese Snipe",Bird,Vulnerable,87be63cf6ffffff,-37.9156,145.194703,169
Melbourne,Gallinago hardwickii,"Latham's Snipe, Japanese Snipe",Bird,Vulnerable,87be63d02ffffff,-38.147005,145.360919,1
Melbourne,Gallinago hardwickii,"Latham's Snipe, Japanese Snipe",Bird,Vulnerable,87be63d0affffff,-38.135184,145.282547,65
Melbourne,Gallinago hardwickii,"Latham's Snipe, Japanese Snipe",Bird,Vulnerable,87be63d0bffffff,-38.138612,145.252789,8
Melbourne,Gallinago hardwickii,"Latham's Snipe, Japanese Snipe",Bird,Vulnerable,87be63d11ffffff,-38.124853,145.371827,1
Melbourne,Gallinago hardwickii,"Latham's Snipe, Japanese Snipe",Bird,Vulnerable,87be63d13ffffff,-38.102697,145.382729,3
Melbourne,Gallinago hardwickii,"Latham's Snipe, Japanese Snipe",Bird,Vulnerable,87be63d18ffffff,-38.109601,145.323224,9
Melbourne,Gallinago hardwickii,"Latham's Snipe, Japanese Snipe",Bird,Vulnerable,87be63d1affffff,-38.08745,145.334136,1
Melbourne,Gallinago hardwickii,"Latham's Snipe, Japanese Snipe",Bird,Vulnerable,87be63d1cffffff,-38.128304,145.342066,4
Melbourne,Gallinago hardwickii,"Latham's Snipe, Japanese Snipe",Bird,Vulnerable,87be63d1dffffff,-38.131748,145.312307,1
Melbourne,Gallinago hardwickii,"Latham's Snipe, Japanese Snipe",Bird,Vulnerable,87be63d1effffff,-38.106153,145.352976,1
Melbourne,Gallinago hardwickii,"Latham's Snipe, Japanese Snipe",Bird,Vulnerable,87be63d46ffffff,-38.189697,145.171359,1
Melbourne,Gallinago hardwickii,"Latham's Snipe, Japanese Snipe",Bird,Vulnerable,87be63d4cffffff,-38.199861,145.082045,1
Melbourne,Gallinago hardwickii,"Latham's Snipe, Japanese Snipe",Bird,Vulnerable,87be63d54ffffff,-38.164164,145.212084,1
Melbourne,Gallinago hardwickii,"Latham's Snipe, Japanese Snipe",Bird,Vulnerable,87be63d56ffffff,-38.142032,145.223031,1
Melbourne,Gallinago hardwickii,"Latham's Snipe, Japanese Snipe",Bird,Vulnerable,87be63d5affffff,-38.111394,145.125941,8
Melbourne,Gallinago hardwickii,"Latham's Snipe, Japanese Snipe",Bird,Vulnerable,87be63d60ffffff,-38.252663,145.168242,2
Melbourne,Gallinago hardwickii,"Latham's Snipe, Japanese Snipe",Bird,Vulnerable,87be63d64ffffff,-38.271385,145.187071,1
Melbourne,Gallinago hardwickii,"Latham's Snipe, Japanese Snipe",Bird,Vulnerable,87be63d6affffff,-38.218595,145.100835,1
Melbourne,Gallinago hardwickii,"Latham's Snipe, Japanese Snipe",Bird,Vulnerable,87be63d72ffffff,-38.182881,145.230906,1
Melbourne,Gallinago hardwickii,"Latham's Snipe, Japanese Snipe",Bird,Vulnerable,87be63d8bffffff,-37.983578,145.329201,2
Melbourne,Gallinago hardwickii,"Latham's Snipe, Japanese Snipe",Bird,Vulnerable,87be63da0ffffff,-38.073595,145.453117,33
Melbourne,Gallinago hardwickii,"Latham's Snipe, Japanese Snipe",Bird,Vulnerable,87be63da1ffffff,-38.077071,145.423371,6
Melbourne,Gallinago hardwickii,"Latham's Snipe, Japanese Snipe",Bird,Vulnerable,87be63da8ffffff,-38.061841,145.374779,1
Melbourne,Gallinago hardwickii,"Latham's Snipe, Japanese Snipe",Bird,Vulnerable,87be63dacffffff,-38.080538,145.393626,1
Melbourne,Gallinago hardwickii,"Latham's Snipe, Japanese Snipe",Bird,Vulnerable,87be63dadffffff,-38.083998,145.363881,26
Melbourne,Gallinago hardwickii,"Latham's Snipe, Japanese Snipe",Bird,Vulnerable,87be63daeffffff,-38.058377,145.404517,3
Melbourne,Grantiella picta,Painted Honeyeater,Bird,Vulnerable,87be63c1effffff,-37.975185,145.221309,2
Melbourne,Grantiella picta,Painted Honeyeater,Bird,Vulnerable,87be63d55ffffff,-38.167572,145.182319,2
Melbourne,Hirundapus caudacutus,White-throated Needletail,Bird,Vulnerable,87be60653ffffff,-38.41261,145.229576,1
Melbourne,Hirundapus caudacutus,White-throated Needletail,Bird,Vulnerable,87be606cdffffff,-38.334341,145.183962,1
Melbourne,Hirundapus caudacutus,White-throated Needletail,Bird,Vulnerable,87be62245ffffff,-37.750133,145.359854,4
Melbourne,Hirundapus caudacutus,White-throated Needletail,Bird,Vulnerable,87be62260ffffff,-37.787531,145.3974,12
Melbourne,Hirundapus caudacutus,White-throated Needletail,Bird,Vulnerable,87be62261ffffff,-37.791009,145.367764,1
Melbourne,Hirundapus caudacutus,White-throated Needletail,Bird,Vulnerable,87be62263ffffff,-37.768833,145.378622,3
Melbourne,Hirundapus caudacutus,White-throated Needletail,Bird,Vulnerable,87be6226affffff,-37.753604,145.330235,3
Melbourne,Hirundapus caudacutus,White-throated Needletail,Bird,Vulnerable,87be6226dffffff,-37.797942,145.308495,2
Melbourne,Hirundapus caudacutus,White-throated Needletail,Bird,Vulnerable,87be62368ffffff,-37.906661,145.450911,50
Melbourne,Hirundapus caudacutus,White-throated Needletail,Bird,Vulnerable,87be6236cffffff,-37.925349,145.469743,1
Melbourne,Hirundapus caudacutus,White-throated Needletail,Bird,Vulnerable,87be6236dffffff,-37.928838,145.440052,6
Melbourne,Hirundapus caudacutus,White-throated Needletail,Bird,Vulnerable,87be6301affffff,-37.872143,144.656702,2
Melbourne,Hirundapus caudacutus,White-throated Needletail,Bird,Vulnerable,87be630a4ffffff,-37.877706,144.793799,1
Melbourne,Hirundapus caudacutus,White-throated Needletail,Bird,Vulnerable,87be6319affffff,-37.848944,144.864053,2
Melbourne,Hirundapus caudacutus,White-throated Needletail,Bird,Vulnerable,87be6319bffffff,-37.852281,144.834429,1
Melbourne,Hirundapus caudacutus,White-throated Needletail,Bird,Vulnerable,87be63406ffffff,-37.617574,145.06231,2
Melbourne,Hirundapus caudacutus,White-throated Needletail,Bird,Vulnerable,87be63414ffffff,-37.592014,145.102761,1
Melbourne,Hirundapus caudacutus,White-throated Needletail,Bird,Vulnerable,87be63422ffffff,-37.658456,145.070045,3
Melbourne,Hirundapus caudacutus,White-throated Needletail,Bird,Vulnerable,87be63424ffffff,-37.699336,145.077789,1
Melbourne,Hirundapus caudacutus,White-throated Needletail,Bird,Vulnerable,87be63426ffffff,-37.677193,145.088704,10
Melbourne,Hirundapus caudacutus,White-throated Needletail,Bird,Vulnerable,87be6342dffffff,-37.690769,144.970408,1
Melbourne,Hirundapus caudacutus,White-throated Needletail,Bird,Vulnerable,87be63430ffffff,-37.632898,145.110516,5
Melbourne,Hirundapus caudacutus,White-throated Needletail,Bird,Vulnerable,87be63431ffffff,-37.636312,145.080956,1
Melbourne,Hirundapus caudacutus,White-throated Needletail,Bird,Vulnerable,87be63433ffffff,-37.614164,145.091861,1
Melbourne,Hirundapus caudacutus,White-throated Needletail,Bird,Vulnerable,87be63436ffffff,-37.629476,145.140076,4
Melbourne,Hirundapus caudacutus,White-throated Needletail,Bird,Vulnerable,87be63475ffffff,-37.678752,144.892656,1
Melbourne,Hirundapus caudacutus,White-throated Needletail,Bird,Vulnerable,87be63500ffffff,-37.752116,145.163438,2
Melbourne,Hirundapus caudacutus,White-throated Needletail,Bird,Vulnerable,87be63502ffffff,-37.729964,145.17434,4
Melbourne,Hirundapus caudacutus,White-throated Needletail,Bird,Vulnerable,87be63503ffffff,-37.733388,145.14474,6
Melbourne,Hirundapus caudacutus,White-throated Needletail,Bird,Vulnerable,87be63506ffffff,-37.748688,145.193047,3
Melbourne,Hirundapus caudacutus,White-throated Needletail,Bird,Vulnerable,87be63508ffffff,-37.740214,145.085542,17
Melbourne,Hirundapus caudacutus,White-throated Needletail,Bird,Vulnerable,87be6350bffffff,-37.721477,145.066869,12
Melbourne,Hirundapus caudacutus,White-throated Needletail,Bird,Vulnerable,87be6350dffffff,-37.762353,145.074618,1
Melbourne,Hirundapus caudacutus,White-throated Needletail,Bird,Vulnerable,87be63511ffffff,-37.70781,145.185235,1
Melbourne,Hirundapus caudacutus,White-throated Needletail,Bird,Vulnerable,87be63514ffffff,-37.723092,145.233542,4
Melbourne,Hirundapus caudacutus,White-throated Needletail,Bird,Vulnerable,87be63515ffffff,-37.726532,145.20394,2
Melbourne,Hirundapus caudacutus,White-throated Needletail,Bird,Vulnerable,87be63518ffffff,-37.69251,145.136956,40
Melbourne,Hirundapus caudacutus,White-throated Needletail,Bird,Vulnerable,87be63519ffffff,-37.695927,145.107372,2
Melbourne,Hirundapus caudacutus,White-throated Needletail,Bird,Vulnerable,87be6351cffffff,-37.711238,145.155643,10
Melbourne,Hirundapus caudacutus,White-throated Needletail,Bird,Vulnerable,87be6351dffffff,-37.714659,145.126051,22
Melbourne,Hirundapus caudacutus,White-throated Needletail,Bird,Vulnerable,87be6351effffff,-37.689085,145.16654,2
Melbourne,Hirundapus caudacutus,White-throated Needletail,Bird,Vulnerable,87be63520ffffff,-37.811714,145.189963,2
Melbourne,Hirundapus caudacutus,White-throated Needletail,Bird,Vulnerable,87be63521ffffff,-37.815138,145.160332,3
Melbourne,Hirundapus caudacutus,White-throated Needletail,Bird,Vulnerable,87be63524ffffff,-37.830436,145.208694,1
Melbourne,Hirundapus caudacutus,White-throated Needletail,Bird,Vulnerable,87be63526ffffff,-37.808283,145.219595,3
Melbourne,Hirundapus caudacutus,White-throated Needletail,Bird,Vulnerable,87be6352affffff,-37.777681,145.122916,1
Melbourne,Hirundapus caudacutus,White-throated Needletail,Bird,Vulnerable,87be63533ffffff,-37.745252,145.222655,5
Melbourne,Hirundapus caudacutus,White-throated Needletail,Bird,Vulnerable,87be63534ffffff,-37.782684,145.260116,2
Melbourne,Hirundapus caudacutus,White-throated Needletail,Bird,Vulnerable,87be63535ffffff,-37.786128,145.230491,3
Melbourne,Hirundapus caudacutus,White-throated Needletail,Bird,Vulnerable,87be63536ffffff,-37.760522,145.270998,1
Melbourne,Hirundapus caudacutus,White-throated Needletail,Bird,Vulnerable,87be63540ffffff,-37.775894,144.956199,9
Melbourne,Hirundapus caudacutus,White-throated Needletail,Bird,Vulnerable,87be63545ffffff,-37.798014,144.945239,4
Melbourne,Hirundapus caudacutus,White-throated Needletail,Bird,Vulnerable,87be63546ffffff,-37.77252,144.985803,3
Melbourne,Hirundapus caudacutus,White-throated Needletail,Bird,Vulnerable,87be63550ffffff,-37.728264,145.00769,5
Melbourne,Hirundapus caudacutus,White-throated Needletail,Bird,Vulnerable,87be63551ffffff,-37.731646,144.978101,1
Melbourne,Hirundapus caudacutus,White-throated Needletail,Bird,Vulnerable,87be63552ffffff,-37.706132,145.018625,3
Melbourne,Hirundapus caudacutus,White-throated Needletail,Bird,Vulnerable,87be63555ffffff,-37.750394,144.996749,2
Melbourne,Hirundapus caudacutus,White-throated Needletail,Bird,Vulnerable,87be63556ffffff,-37.724874,145.037279,4
Melbourne,Hirundapus caudacutus,White-throated Needletail,Bird,Vulnerable,87be63558ffffff,-37.716266,144.929884,2
Melbourne,Hirundapus caudacutus,White-throated Needletail,Bird,Vulnerable,87be6355bffffff,-37.69751,144.911265,2
Melbourne,Hirundapus caudacutus,White-throated Needletail,Bird,Vulnerable,87be6355cffffff,-37.73502,144.948514,1
Melbourne,Hirundapus caudacutus,White-throated Needletail,Bird,Vulnerable,87be63560ffffff,-37.835515,144.982556,3
Melbourne,Hirundapus caudacutus,White-throated Needletail,Bird,Vulnerable,87be63570ffffff,-37.787882,145.034075,6
Melbourne,Hirundapus caudacutus,White-throated Needletail,Bird,Vulnerable,87be63571ffffff,-37.791267,145.004462,7
Melbourne,Hirundapus caudacutus,White-throated Needletail,Bird,Vulnerable,87be63573ffffff,-37.769139,145.015407,1
Melbourne,Hirundapus caudacutus,White-throated Needletail,Bird,Vulnerable,87be63576ffffff,-37.78449,145.063688,2
Melbourne,Hirundapus caudacutus,White-throated Needletail,Bird,Vulnerable,87be63589ffffff,-37.588592,145.132306,2
Melbourne,Hirundapus caudacutus,White-throated Needletail,Bird,Vulnerable,87be635a8ffffff,-37.644771,145.188319,1
Melbourne,Hirundapus caudacutus,White-throated Needletail,Bird,Vulnerable,87be635adffffff,-37.666929,145.177432,3
Melbourne,Hirundapus caudacutus,White-throated Needletail,Bird,Vulnerable,87be63800ffffff,-38.371199,144.855894,1
Melbourne,Hirundapus caudacutus,White-throated Needletail,Bird,Vulnerable,87be63801ffffff,-38.374502,144.826074,2
Melbourne,Hirundapus caudacutus,White-throated Needletail,Bird,Vulnerable,87be63806ffffff,-38.367888,144.885715,2
Melbourne,Hirundapus caudacutus,White-throated Needletail,Bird,Vulnerable,87be63808ffffff,-38.359027,144.777521,2
Melbourne,Hirundapus caudacutus,White-throated Needletail,Bird,Vulnerable,87be63809ffffff,-38.362311,144.747711,4
Melbourne,Hirundapus caudacutus,White-throated Needletail,Bird,Vulnerable,87be63828ffffff,-38.418626,144.80392,1
Melbourne,Hirundapus caudacutus,White-throated Needletail,Bird,Vulnerable,87be6382bffffff,-38.399857,144.785173,1
Melbourne,Hirundapus caudacutus,White-throated Needletail,Bird,Vulnerable,87be63852ffffff,-38.324755,144.710289,3
Melbourne,Hirundapus caudacutus,White-throated Needletail,Bird,Vulnerable,87be63856ffffff,-38.343534,144.728995,1
Melbourne,Hirundapus caudacutus,White-throated Needletail,Bird,Vulnerable,87be638edffffff,-38.309238,144.66181,8
Melbourne,Hirundapus caudacutus,White-throated Needletail,Bird,Vulnerable,87be6399bffffff,-38.26954,145.019269,1
Melbourne,Hirundapus caudacutus,White-throated Needletail,Bird,Vulnerable,87be639b0ffffff,-38.359842,145.143144,1
Melbourne,Hirundapus caudacutus,White-throated Needletail,Bird,Vulnerable,87be63c09ffffff,-38.029684,145.110328,1
Melbourne,Hirundapus caudacutus,White-throated Needletail,Bird,Vulnerable,87be63c0bffffff,-38.007557,145.121281,1
Melbourne,Hirundapus caudacutus,White-throated Needletail,Bird,Vulnerable,87be63c0dffffff,-38.048415,145.129087,1
Melbourne,Hirundapus caudacutus,White-throated Needletail,Bird,Vulnerable,87be63c1effffff,-37.975185,145.221309,1
Melbourne,Hirundapus caudacutus,White-throated Needletail,Bird,Vulnerable,87be63c29ffffff,-38.08927,145.136901,1
Melbourne,Hirundapus caudacutus,White-throated Needletail,Bird,Vulnerable,87be63c2dffffff,-38.107997,145.155682,4
Melbourne,Hirundapus caudacutus,White-throated Needletail,Bird,Vulnerable,87be63c35ffffff,-38.072186,145.285571,1
Melbourne,Hirundapus caudacutus,White-throated Needletail,Bird,Vulnerable,87be63c80ffffff,-37.88314,145.294612,1
Melbourne,Hirundapus caudacutus,White-throated Needletail,Bird,Vulnerable,87be63c81ffffff,-37.886586,145.264948,2
Melbourne,Hirundapus caudacutus,White-throated Needletail,Bird,Vulnerable,87be63c84ffffff,-37.901848,145.313392,1
Melbourne,Hirundapus caudacutus,White-throated Needletail,Bird,Vulnerable,87be63c86ffffff,-37.879686,145.324278,21
Melbourne,Hirundapus caudacutus,White-throated Needletail,Bird,Vulnerable,87be63c89ffffff,-37.874733,145.186875,14
Melbourne,Hirundapus caudacutus,White-throated Needletail,Bird,Vulnerable,87be63c8bffffff,-37.852586,145.197787,4
Melbourne,Hirundapus caudacutus,White-throated Needletail,Bird,Vulnerable,87be63c8dffffff,-37.893455,145.20562,3
Melbourne,Hirundapus caudacutus,White-throated Needletail,Bird,Vulnerable,87be63c91ffffff,-37.838815,145.316382,5
Melbourne,Hirundapus caudacutus,White-throated Needletail,Bird,Vulnerable,87be63c96ffffff,-37.831883,145.375683,6
Melbourne,Hirundapus caudacutus,White-throated Needletail,Bird,Vulnerable,87be63c99ffffff,-37.827001,145.238334,4
Melbourne,Hirundapus caudacutus,White-throated Needletail,Bird,Vulnerable,87be63c9bffffff,-37.804844,145.249228,2
Melbourne,Hirundapus caudacutus,White-throated Needletail,Bird,Vulnerable,87be63c9effffff,-37.820107,145.297617,3
Melbourne,Hirundapus caudacutus,White-throated Needletail,Bird,Vulnerable,87be63ca6ffffff,-37.939257,145.350981,4
Melbourne,Hirundapus caudacutus,White-throated Needletail,Bird,Vulnerable,87be63cabffffff,-37.912174,145.224375,1
Melbourne,Hirundapus caudacutus,White-throated Needletail,Bird,Vulnerable,87be63cacffffff,-37.949606,145.261915,4
Melbourne,Hirundapus caudacutus,White-throated Needletail,Bird,Vulnerable,87be63cadffffff,-37.953039,145.232227,2
Melbourne,Hirundapus caudacutus,White-throated Needletail,Bird,Vulnerable,87be63cb0ffffff,-37.894925,145.372739,9
Melbourne,Hirundapus caudacutus,White-throated Needletail,Bird,Vulnerable,87be63cb1ffffff,-37.89839,145.343065,3
Melbourne,Hirundapus caudacutus,White-throated Needletail,Bird,Vulnerable,87be63cb2ffffff,-37.872754,145.38361,1
Melbourne,Hirundapus caudacutus,White-throated Needletail,Bird,Vulnerable,87be63cb3ffffff,-37.876224,145.353943,4
Melbourne,Hirundapus caudacutus,White-throated Needletail,Bird,Vulnerable,87be63cb4ffffff,-37.913623,145.391545,11
Melbourne,Hirundapus caudacutus,White-throated Needletail,Bird,Vulnerable,87be63cb5ffffff,-37.917092,145.361863,3
Melbourne,Hirundapus caudacutus,White-throated Needletail,Bird,Vulnerable,87be63cc2ffffff,-37.884966,145.097912,1
Melbourne,Hirundapus caudacutus,White-throated Needletail,Bird,Vulnerable,87be63cc3ffffff,-37.888362,145.068259,1
Melbourne,Hirundapus caudacutus,White-throated Needletail,Bird,Vulnerable,87be63cc4ffffff,-37.925832,145.105693,2
Melbourne,Hirundapus caudacutus,White-throated Needletail,Bird,Vulnerable,87be63cc6ffffff,-37.903699,145.116632,1
Melbourne,Hirundapus caudacutus,White-throated Needletail,Bird,Vulnerable,87be63ccbffffff,-37.876383,144.99027,1
Melbourne,Hirundapus caudacutus,White-throated Needletail,Bird,Vulnerable,87be63cccffffff,-37.913873,145.027651,3
Melbourne,Hirundapus caudacutus,White-throated Needletail,Bird,Vulnerable,87be63ccdffffff,-37.917249,144.997991,2
Melbourne,Hirundapus caudacutus,White-throated Needletail,Bird,Vulnerable,87be63cd2ffffff,-37.837283,145.149415,13
Melbourne,Hirundapus caudacutus,White-throated Needletail,Bird,Vulnerable,87be63cd3ffffff,-37.840694,145.119777,1
Melbourne,Hirundapus caudacutus,White-throated Needletail,Bird,Vulnerable,87be63cd5ffffff,-37.881563,145.127566,1
Melbourne,Hirundapus caudacutus,White-throated Needletail,Bird,Vulnerable,87be63cdaffffff,-37.825362,145.071441,1
Melbourne,Hirundapus caudacutus,White-throated Needletail,Bird,Vulnerable,87be63cdcffffff,-37.866231,145.079202,1
Melbourne,Hirundapus caudacutus,White-throated Needletail,Bird,Vulnerable,87be63cddffffff,-37.869623,145.049557,1
Melbourne,Hirundapus caudacutus,White-throated Needletail,Bird,Vulnerable,87be63cdeffffff,-37.844098,145.090139,7
Melbourne,Hirundapus caudacutus,White-throated Needletail,Bird,Vulnerable,87be63cecffffff,-37.973477,145.054114,2
Melbourne,Hirundapus caudacutus,White-throated Needletail,Bird,Vulnerable,87be63cf0ffffff,-37.919019,145.165033,4
Melbourne,Hirundapus caudacutus,White-throated Needletail,Bird,Vulnerable,87be63cf1ffffff,-37.92243,145.135363,3
Melbourne,Hirundapus caudacutus,White-throated Needletail,Bird,Vulnerable,87be63cf2ffffff,-37.896877,145.175957,1
Melbourne,Hirundapus caudacutus,White-throated Needletail,Bird,Vulnerable,87be63cf6ffffff,-37.9156,145.194703,3
Melbourne,Hirundapus caudacutus,White-throated Needletail,Bird,Vulnerable,87be63d0affffff,-38.135184,145.282547,2
Melbourne,Hirundapus caudacutus,White-throated Needletail,Bird,Vulnerable,87be63d0bffffff,-38.138612,145.252789,1
Melbourne,Hirundapus caudacutus,White-throated Needletail,Bird,Vulnerable,87be63d41ffffff,-38.196481,145.111816,1
Melbourne,Hirundapus caudacutus,White-throated Needletail,Bird,Vulnerable,87be63d43ffffff,-38.174364,145.122791,1
Melbourne,Hirundapus caudacutus,White-throated Needletail,Bird,Vulnerable,87be63d52ffffff,-38.123313,145.204222,2
Melbourne,Hirundapus caudacutus,White-throated Needletail,Bird,Vulnerable,87be63d55ffffff,-38.167572,145.182319,2
Melbourne,Hirundapus caudacutus,White-throated Needletail,Bird,Vulnerable,87be63d5effffff,-38.130122,145.144724,2
Melbourne,Hirundapus caudacutus,White-throated Needletail,Bird,Vulnerable,87be63da0ffffff,-38.073595,145.453117,8
Melbourne,Hirundapus caudacutus,White-throated Needletail,Bird,Vulnerable,87be63da1ffffff,-38.077071,145.423371,1
Melbourne,Hirundapus caudacutus,White-throated Needletail,Bird,Vulnerable,87be63da8ffffff,-38.061841,145.374779,1
Melbourne,Hirundapus caudacutus,White-throated Needletail,Bird,Vulnerable,87be63daaffffff,-38.039681,145.385672,1
Melbourne,Hirundapus caudacutus,White-throated Needletail,Bird,Vulnerable,87be63dabffffff,-38.043141,145.355943,1
Melbourne,Macronectes halli,Northern Giant Petrel,Bird,Vulnerable,87be63809ffffff,-38.362311,144.747711,7
Melbourne,Macronectes halli,Northern Giant Petrel,Bird,Vulnerable,87be6382effffff,-38.415331,144.833755,2
Melbourne,Macronectes halli,Northern Giant Petrel,Bird,Vulnerable,87be638ecffffff,-38.305973,144.691594,1
Melbourne,Macronectes halli,Northern Giant Petrel,Bird,Vulnerable,87be63c52ffffff,-37.992215,145.072842,1
Melbourne,Macronectes halli,Northern Giant Petrel,Bird,Vulnerable,87be63c56ffffff,-38.010951,145.09158,4
Melbourne,Mirounga leonina,Southern Elephant Seal,Mammal,Vulnerable,87be6380bffffff,-38.340254,144.758796,5
Melbourne,Neophema chrysostoma,Blue-winged Parrot,Bird,Vulnerable,87be606c8ffffff,-38.312225,145.194939,1
Melbourne,Neophema chrysostoma,Blue-winged Parrot,Bird,Vulnerable,87be62245ffffff,-37.750133,145.359854,2
Melbourne,Neophema chrysostoma,Blue-winged Parrot,Bird,Vulnerable,87be62264ffffff,-37.806227,145.416187,1
Melbourne,Neophema chrysostoma,Blue-winged Parrot,Bird,Vulnerable,87be6226effffff,-37.772308,145.348994,1
Melbourne,Neophema chrysostoma,Blue-winged Parrot,Bird,Vulnerable,87be63011ffffff,-37.909715,144.693877,1
Melbourne,Neophema chrysostoma,Blue-winged Parrot,Bird,Vulnerable,87be6301affffff,-37.872143,144.656702,1
Melbourne,Neophema chrysostoma,Blue-winged Parrot,Bird,Vulnerable,87be6301cffffff,-37.913005,144.664242,1
Melbourne,Neophema chrysostoma,Blue-winged Parrot,Bird,Vulnerable,87be63085ffffff,-37.821381,144.737982,1
Melbourne,Neophema chrysostoma,Blue-winged Parrot,Bird,Vulnerable,87be630a0ffffff,-37.858933,144.775183,2
Melbourne,Neophema chrysostoma,Blue-winged Parrot,Bird,Vulnerable,87be630a4ffffff,-37.877706,144.793799,40
Melbourne,Neophema chrysostoma,Blue-winged Parrot,Bird,Vulnerable,87be630b2ffffff,-37.78931,144.837792,1
Melbourne,Neophema chrysostoma,Blue-winged Parrot,Bird,Vulnerable,87be630b4ffffff,-37.83018,144.845422,4
Melbourne,Neophema chrysostoma,Blue-winged Parrot,Bird,Vulnerable,87be6318bffffff,-37.899797,144.782786,7
Melbourne,Neophema chrysostoma,Blue-winged Parrot,Bird,Vulnerable,87be63193ffffff,-37.864356,144.912326,2
Melbourne,Neophema chrysostoma,Blue-winged Parrot,Bird,Vulnerable,87be63198ffffff,-37.871047,144.853061,4
Melbourne,Neophema chrysostoma,Blue-winged Parrot,Bird,Vulnerable,87be6319affffff,-37.848944,144.864053,9
Melbourne,Neophema chrysostoma,Blue-winged Parrot,Bird,Vulnerable,87be6319bffffff,-37.852281,144.834429,3
Melbourne,Neophema chrysostoma,Blue-winged Parrot,Bird,Vulnerable,87be6319effffff,-37.867705,144.882693,28
Melbourne,Neophema chrysostoma,Blue-winged Parrot,Bird,Vulnerable,87be63408ffffff,-37.609008,144.955047,1
Melbourne,Neophema chrysostoma,Blue-winged Parrot,Bird,Vulnerable,87be63409ffffff,-37.612383,144.925506,1
Melbourne,Neophema chrysostoma,Blue-winged Parrot,Bird,Vulnerable,87be63425ffffff,-37.702738,145.048207,1
Melbourne,Neophema chrysostoma,Blue-winged Parrot,Bird,Vulnerable,87be63426ffffff,-37.677193,145.088704,8
Melbourne,Neophema chrysostoma,Blue-winged Parrot,Bird,Vulnerable,87be6342cffffff,-37.687387,144.999981,1
Melbourne,Neophema chrysostoma,Blue-winged Parrot,Bird,Vulnerable,87be6342dffffff,-37.690769,144.970408,2
Melbourne,Neophema chrysostoma,Blue-winged Parrot,Bird,Vulnerable,87be63444ffffff,-37.663343,144.844502,3
Melbourne,Neophema chrysostoma,Blue-winged Parrot,Bird,Vulnerable,87be6346affffff,-37.670023,144.785396,1
Melbourne,Neophema chrysostoma,Blue-winged Parrot,Bird,Vulnerable,87be6346effffff,-37.688795,144.803971,2
Melbourne,Neophema chrysostoma,Blue-winged Parrot,Bird,Vulnerable,87be63471ffffff,-37.659991,144.874056,1
Melbourne,Neophema chrysostoma,Blue-winged Parrot,Bird,Vulnerable,87be63475ffffff,-37.678752,144.892656,1
Melbourne,Neophema chrysostoma,Blue-winged Parrot,Bird,Vulnerable,87be63502ffffff,-37.729964,145.17434,2
Melbourne,Neophema chrysostoma,Blue-winged Parrot,Bird,Vulnerable,87be63508ffffff,-37.740214,145.085542,4
Melbourne,Neophema chrysostoma,Blue-winged Parrot,Bird,Vulnerable,87be6351effffff,-37.689085,145.16654,1
Melbourne,Neophema chrysostoma,Blue-winged Parrot,Bird,Vulnerable,87be63540ffffff,-37.775894,144.956199,5
Melbourne,Neophema chrysostoma,Blue-winged Parrot,Bird,Vulnerable,87be63545ffffff,-37.798014,144.945239,25
Melbourne,Neophema chrysostoma,Blue-winged Parrot,Bird,Vulnerable,87be63548ffffff,-37.763858,144.878369,10
Melbourne,Neophema chrysostoma,Blue-winged Parrot,Bird,Vulnerable,87be6354affffff,-37.741745,144.88934,3
Melbourne,Neophema chrysostoma,Blue-winged Parrot,Bird,Vulnerable,87be6354bffffff,-37.745095,144.859754,1
Melbourne,Neophema chrysostoma,Blue-winged Parrot,Bird,Vulnerable,87be6354cffffff,-37.782618,144.896994,2
Melbourne,Neophema chrysostoma,Blue-winged Parrot,Bird,Vulnerable,87be63550ffffff,-37.728264,145.00769,1
Melbourne,Neophema chrysostoma,Blue-winged Parrot,Bird,Vulnerable,87be63553ffffff,-37.709518,144.989044,8
Melbourne,Neophema chrysostoma,Blue-winged Parrot,Bird,Vulnerable,87be6355bffffff,-37.69751,144.911265,4
Melbourne,Neophema chrysostoma,Blue-winged Parrot,Bird,Vulnerable,87be63560ffffff,-37.835515,144.982556,1
Melbourne,Neophema chrysostoma,Blue-winged Parrot,Bird,Vulnerable,87be63562ffffff,-37.813393,144.993512,1
Melbourne,Neophema chrysostoma,Blue-winged Parrot,Bird,Vulnerable,87be63564ffffff,-37.854262,145.001229,1
Melbourne,Neophema chrysostoma,Blue-winged Parrot,Bird,Vulnerable,87be63566ffffff,-37.832138,145.012184,1
Melbourne,Neophema chrysostoma,Blue-winged Parrot,Bird,Vulnerable,87be63568ffffff,-37.823488,144.904656,2
Melbourne,Neophema chrysostoma,Blue-winged Parrot,Bird,Vulnerable,87be6356cffffff,-37.842245,144.923303,2
Melbourne,Neophema chrysostoma,Blue-winged Parrot,Bird,Vulnerable,87be63571ffffff,-37.791267,145.004462,1
Melbourne,Neophema chrysostoma,Blue-winged Parrot,Bird,Vulnerable,87be63589ffffff,-37.588592,145.132306,3
Melbourne,Neophema chrysostoma,Blue-winged Parrot,Bird,Vulnerable,87be63724ffffff,-37.74625,144.663702,1
Melbourne,Neophema chrysostoma,Blue-winged Parrot,Bird,Vulnerable,87be63726ffffff,-37.724164,144.674722,1
Melbourne,Neophema chrysostoma,Blue-winged Parrot,Bird,Vulnerable,87be63806ffffff,-38.367888,144.885715,1
Melbourne,Neophema chrysostoma,Blue-winged Parrot,Bird,Vulnerable,87be638edffffff,-38.309238,144.66181,1
Melbourne,Neophema chrysostoma,Blue-winged Parrot,Bird,Vulnerable,87be63c02ffffff,-38.016046,145.229167,1
Melbourne,Neophema chrysostoma,Blue-winged Parrot,Bird,Vulnerable,87be63c09ffffff,-38.029684,145.110328,2
Melbourne,Neophema chrysostoma,Blue-winged Parrot,Bird,Vulnerable,87be63c0affffff,-38.004155,145.150982,1
Melbourne,Neophema chrysostoma,Blue-winged Parrot,Bird,Vulnerable,87be63c0bffffff,-38.007557,145.121281,1
Melbourne,Neophema chrysostoma,Blue-winged Parrot,Bird,Vulnerable,87be63c1bffffff,-37.959883,145.172854,1
Melbourne,Neophema chrysostoma,Blue-winged Parrot,Bird,Vulnerable,87be63c20ffffff,-38.097759,145.244906,1
Melbourne,Neophema chrysostoma,Blue-winged Parrot,Bird,Vulnerable,87be63c24ffffff,-38.116473,145.263722,1
Melbourne,Neophema chrysostoma,Blue-winged Parrot,Bird,Vulnerable,87be63c28ffffff,-38.085869,145.166634,8
Melbourne,Neophema chrysostoma,Blue-winged Parrot,Bird,Vulnerable,87be63c29ffffff,-38.08927,145.136901,6
Melbourne,Neophema chrysostoma,Blue-winged Parrot,Bird,Vulnerable,87be63c2affffff,-38.063738,145.17758,12
Melbourne,Neophema chrysostoma,Blue-winged Parrot,Bird,Vulnerable,87be63c33ffffff,-38.031329,145.277677,3
Melbourne,Neophema chrysostoma,Blue-winged Parrot,Bird,Vulnerable,87be63c53ffffff,-37.995598,145.043151,1
Melbourne,Neophema chrysostoma,Blue-winged Parrot,Bird,Vulnerable,87be63c85ffffff,-37.905298,145.283719,1
Melbourne,Neophema chrysostoma,Blue-winged Parrot,Bird,Vulnerable,87be63c89ffffff,-37.874733,145.186875,1
Melbourne,Neophema chrysostoma,Blue-winged Parrot,Bird,Vulnerable,87be63c8dffffff,-37.893455,145.20562,1
Melbourne,Neophema chrysostoma,Blue-winged Parrot,Bird,Vulnerable,87be63c9affffff,-37.801397,145.278861,1
Melbourne,Neophema chrysostoma,Blue-winged Parrot,Bird,Vulnerable,87be63c9bffffff,-37.804844,145.249228,1
Melbourne,Neophema chrysostoma,Blue-winged Parrot,Bird,Vulnerable,87be63caaffffff,-37.90874,145.254047,1
Melbourne,Neophema chrysostoma,Blue-winged Parrot,Bird,Vulnerable,87be63cabffffff,-37.912174,145.224375,1
Melbourne,Neophema chrysostoma,Blue-winged Parrot,Bird,Vulnerable,87be63cadffffff,-37.953039,145.232227,6
Melbourne,Neophema chrysostoma,Blue-winged Parrot,Bird,Vulnerable,87be63cb0ffffff,-37.894925,145.372739,22
Melbourne,Neophema chrysostoma,Blue-winged Parrot,Bird,Vulnerable,87be63cb3ffffff,-37.876224,145.353943,11
Melbourne,Neophema chrysostoma,Blue-winged Parrot,Bird,Vulnerable,87be63cb4ffffff,-37.913623,145.391545,1
Melbourne,Neophema chrysostoma,Blue-winged Parrot,Bird,Vulnerable,87be63cc9ffffff,-37.898501,144.979304,1
Melbourne,Neophema chrysostoma,Blue-winged Parrot,Bird,Vulnerable,87be63ccbffffff,-37.876383,144.99027,6
Melbourne,Neophema chrysostoma,Blue-winged Parrot,Bird,Vulnerable,87be63ccdffffff,-37.917249,144.997991,1
Melbourne,Neophema chrysostoma,Blue-winged Parrot,Bird,Vulnerable,87be63cd3ffffff,-37.840694,145.119777,1
Melbourne,Neophema chrysostoma,Blue-winged Parrot,Bird,Vulnerable,87be63ce4ffffff,-37.985427,145.132227,1
Melbourne,Neophema chrysostoma,Blue-winged Parrot,Bird,Vulnerable,87be63cecffffff,-37.973477,145.054114,4
Melbourne,Neophema chrysostoma,Blue-winged Parrot,Bird,Vulnerable,87be63cedffffff,-37.976856,145.024431,1
Melbourne,Neophema chrysostoma,Blue-winged Parrot,Bird,Vulnerable,87be63cf6ffffff,-37.9156,145.194703,12
Melbourne,Neophema chrysostoma,Blue-winged Parrot,Bird,Vulnerable,87be63d0affffff,-38.135184,145.282547,10
Melbourne,Neophema chrysostoma,Blue-winged Parrot,Bird,Vulnerable,87be63d0bffffff,-38.138612,145.252789,2
Melbourne,Neophema chrysostoma,Blue-winged Parrot,Bird,Vulnerable,87be63d53ffffff,-38.126722,145.174472,1
Melbourne,Petroica multicolor,"Norfolk Island Robin, Pacific Robin",Bird,Vulnerable,87be63540ffffff,-37.775894,144.956199,1
Melbourne,Pluvialis squatarola,Grey Plover,Bird,Vulnerable,87be60653ffffff,-38.41261,145.229576,1
Melbourne,Pluvialis squatarola,Grey Plover,Bird,Vulnerable,87be630a4ffffff,-37.877706,144.793799,1
Melbourne,Pluvialis squatarola,Grey Plover,Bird,Vulnerable,87be6319affffff,-37.848944,144.864053,28
Melbourne,Pluvialis squatarola,Grey Plover,Bird,Vulnerable,87be6319effffff,-37.867705,144.882693,10
Melbourne,Pluvialis squatarola,Grey Plover,Bird,Vulnerable,87be63c53ffffff,-37.995598,145.043151,9
Melbourne,Pluvialis squatarola,Grey Plover,Bird,Vulnerable,87be63ce3ffffff,-37.947963,145.094749,1
Melbourne,Polytelis alexandrae,"Princess Parrot, Alexandra's Parrot",Bird,Vulnerable,87be6350cffffff,-37.758948,145.104224,1
Melbourne,Polytelis alexandrae,"Princess Parrot, Alexandra's Parrot",Bird,Vulnerable,87be63551ffffff,-37.731646,144.978101,1
Melbourne,Polytelis alexandrae,"Princess Parrot, Alexandra's Parrot",Bird,Vulnerable,87be63553ffffff,-37.709518,144.989044,1
Melbourne,Polytelis alexandrae,"Princess Parrot, Alexandra's Parrot",Bird,Vulnerable,87be63560ffffff,-37.835515,144.982556,2
Melbourne,Polytelis alexandrae,"Princess Parrot, Alexandra's Parrot",Bird,Vulnerable,87be63c8dffffff,-37.893455,145.20562,4
Melbourne,Polytelis alexandrae,"Princess Parrot, Alexandra's Parrot",Bird,Vulnerable,87be63cd2ffffff,-37.837283,145.149415,1
Melbourne,Polytelis alexandrae,"Princess Parrot, Alexandra's Parrot",Bird,Vulnerable,87be63ceaffffff,-37.932615,145.046356,1
Melbourne,Polytelis swainsonii,Superb Parrot,Bird,Vulnerable,87be63400ffffff,-37.620977,145.032759,2
Melbourne,Polytelis swainsonii,Superb Parrot,Bird,Vulnerable,87be63405ffffff,-37.643116,145.021838,1
Melbourne,Polytelis swainsonii,Superb Parrot,Bird,Vulnerable,87be63501ffffff,-37.755536,145.133831,1
Melbourne,Polytelis swainsonii,Superb Parrot,Bird,Vulnerable,87be63520ffffff,-37.811714,145.189963,2
Melbourne,Polytelis swainsonii,Superb Parrot,Bird,Vulnerable,87be63522ffffff,-37.789563,145.200866,1
Melbourne,Polytelis swainsonii,Superb Parrot,Bird,Vulnerable,87be63524ffffff,-37.830436,145.208694,2
Melbourne,Polytelis swainsonii,Superb Parrot,Bird,Vulnerable,87be6352cffffff,-37.818554,145.130701,1
Melbourne,Polytelis swainsonii,Superb Parrot,Bird,Vulnerable,87be63c56ffffff,-38.010951,145.09158,1
Melbourne,Polytelis swainsonii,Superb Parrot,Bird,Vulnerable,87be63c8affffff,-37.849155,145.227435,1
Melbourne,Polytelis swainsonii,Superb Parrot,Bird,Vulnerable,87be63c8dffffff,-37.893455,145.20562,1
Melbourne,Polytelis swainsonii,Superb Parrot,Bird,Vulnerable,87be63ca3ffffff,-37.924007,145.3025,1
Melbourne,Polytelis swainsonii,Superb Parrot,Bird,Vulnerable,87be63cacffffff,-37.949606,145.261915,6
Melbourne,Polytelis swainsonii,Superb Parrot,Bird,Vulnerable,87be63cadffffff,-37.953039,145.232227,2
Melbourne,Polytelis swainsonii,Superb Parrot,Bird,Vulnerable,87be63cdcffffff,-37.866231,145.079202,1
Melbourne,Polytelis swainsonii,Superb Parrot,Bird,Vulnerable,87be63cdeffffff,-37.844098,145.090139,1
Melbourne,Polytelis swainsonii,Superb Parrot,Bird,Vulnerable,87be63cf2ffffff,-37.896877,145.175957,1
Melbourne,Pseudemoia rawlinsoni,"Glossy Grass Skink, Swampland Cool-skink, Rawlinson's Window-eyed Skink",Reptile,Vulnerable,87be6065affffff,-38.397288,145.180848,1
Melbourne,Pseudemoia rawlinsoni,"Glossy Grass Skink, Swampland Cool-skink, Rawlinson's Window-eyed Skink",Reptile,Vulnerable,87be606c8ffffff,-38.312225,145.194939,2
Melbourne,Pseudemoia rawlinsoni,"Glossy Grass Skink, Swampland Cool-skink, Rawlinson's Window-eyed Skink",Reptile,Vulnerable,87be606cbffffff,-38.293504,145.176098,1
Melbourne,Pseudemoia rawlinsoni,"Glossy Grass Skink, Swampland Cool-skink, Rawlinson's Window-eyed Skink",Reptile,Vulnerable,87be62240ffffff,-37.727955,145.370708,1
Melbourne,Pseudemoia rawlinsoni,"Glossy Grass Skink, Swampland Cool-skink, Rawlinson's Window-eyed Skink",Reptile,Vulnerable,87be62244ffffff,-37.746654,145.389474,1
Melbourne,Pseudemoia rawlinsoni,"Glossy Grass Skink, Swampland Cool-skink, Rawlinson's Window-eyed Skink",Reptile,Vulnerable,87be62245ffffff,-37.750133,145.359854,1
Melbourne,Pseudemoia rawlinsoni,"Glossy Grass Skink, Swampland Cool-skink, Rawlinson's Window-eyed Skink",Reptile,Vulnerable,87be62260ffffff,-37.787531,145.3974,2
Melbourne,Pseudemoia rawlinsoni,"Glossy Grass Skink, Swampland Cool-skink, Rawlinson's Window-eyed Skink",Reptile,Vulnerable,87be62266ffffff,-37.784045,145.427035,1
Melbourne,Pseudemoia rawlinsoni,"Glossy Grass Skink, Swampland Cool-skink, Rawlinson's Window-eyed Skink",Reptile,Vulnerable,87be6226dffffff,-37.797942,145.308495,1
Melbourne,Pseudemoia rawlinsoni,"Glossy Grass Skink, Swampland Cool-skink, Rawlinson's Window-eyed Skink",Reptile,Vulnerable,87be6226effffff,-37.772308,145.348994,1
Melbourne,Pseudemoia rawlinsoni,"Glossy Grass Skink, Swampland Cool-skink, Rawlinson's Window-eyed Skink",Reptile,Vulnerable,87be62361ffffff,-37.921853,145.499435,1
Melbourne,Pseudemoia rawlinsoni,"Glossy Grass Skink, Swampland Cool-skink, Rawlinson's Window-eyed Skink",Reptile,Vulnerable,87be6236dffffff,-37.928838,145.440052,1
Melbourne,Pseudemoia rawlinsoni,"Glossy Grass Skink, Swampland Cool-skink, Rawlinson's Window-eyed Skink",Reptile,Vulnerable,87be62a4affffff,-38.110967,145.490873,11
Melbourne,Pseudemoia rawlinsoni,"Glossy Grass Skink, Swampland Cool-skink, Rawlinson's Window-eyed Skink",Reptile,Vulnerable,87be63515ffffff,-37.726532,145.20394,1
Melbourne,Pseudemoia rawlinsoni,"Glossy Grass Skink, Swampland Cool-skink, Rawlinson's Window-eyed Skink",Reptile,Vulnerable,87be63530ffffff,-37.763969,145.241381,1
Melbourne,Pseudemoia rawlinsoni,"Glossy Grass Skink, Swampland Cool-skink, Rawlinson's Window-eyed Skink",Reptile,Vulnerable,87be63532ffffff,-37.741808,145.252265,1
Melbourne,Pseudemoia rawlinsoni,"Glossy Grass Skink, Swampland Cool-skink, Rawlinson's Window-eyed Skink",Reptile,Vulnerable,87be63533ffffff,-37.745252,145.222655,1
Melbourne,Pseudemoia rawlinsoni,"Glossy Grass Skink, Swampland Cool-skink, Rawlinson's Window-eyed Skink",Reptile,Vulnerable,87be63534ffffff,-37.782684,145.260116,2
Melbourne,Pseudemoia rawlinsoni,"Glossy Grass Skink, Swampland Cool-skink, Rawlinson's Window-eyed Skink",Reptile,Vulnerable,87be63589ffffff,-37.588592,145.132306,1
Melbourne,Pseudemoia rawlinsoni,"Glossy Grass Skink, Swampland Cool-skink, Rawlinson's Window-eyed Skink",Reptile,Vulnerable,87be635aaffffff,-37.62261,145.199199,1
Melbourne,Pseudemoia rawlinsoni,"Glossy Grass Skink, Swampland Cool-skink, Rawlinson's Window-eyed Skink",Reptile,Vulnerable,87be638a6ffffff,-38.272892,144.989477,1
Melbourne,Pseudemoia rawlinsoni,"Glossy Grass Skink, Swampland Cool-skink, Rawlinson's Window-eyed Skink",Reptile,Vulnerable,87be638b4ffffff,-38.247441,145.030277,1
Melbourne,Pseudemoia rawlinsoni,"Glossy Grass Skink, Swampland Cool-skink, Rawlinson's Window-eyed Skink",Reptile,Vulnerable,87be6398affffff,-38.31373,144.997237,1
Melbourne,Pseudemoia rawlinsoni,"Glossy Grass Skink, Swampland Cool-skink, Rawlinson's Window-eyed Skink",Reptile,Vulnerable,87be639b0ffffff,-38.359842,145.143144,1
Melbourne,Pseudemoia rawlinsoni,"Glossy Grass Skink, Swampland Cool-skink, Rawlinson's Window-eyed Skink",Reptile,Vulnerable,87be63c11ffffff,-37.993902,145.240089,1
Melbourne,Pseudemoia rawlinsoni,"Glossy Grass Skink, Swampland Cool-skink, Rawlinson's Window-eyed Skink",Reptile,Vulnerable,87be63c1dffffff,-38.000745,145.180683,1
Melbourne,Pseudemoia rawlinsoni,"Glossy Grass Skink, Swampland Cool-skink, Rawlinson's Window-eyed Skink",Reptile,Vulnerable,87be63c8affffff,-37.849155,145.227435,1
Melbourne,Pseudemoia rawlinsoni,"Glossy Grass Skink, Swampland Cool-skink, Rawlinson's Window-eyed Skink",Reptile,Vulnerable,87be63c8bffffff,-37.852586,145.197787,1
Melbourne,Pseudemoia rawlinsoni,"Glossy Grass Skink, Swampland Cool-skink, Rawlinson's Window-eyed Skink",Reptile,Vulnerable,87be63cabffffff,-37.912174,145.224375,1
Melbourne,Pseudemoia rawlinsoni,"Glossy Grass Skink, Swampland Cool-skink, Rawlinson's Window-eyed Skink",Reptile,Vulnerable,87be63ce0ffffff,-37.966696,145.113483,2
Melbourne,Pseudemoia rawlinsoni,"Glossy Grass Skink, Swampland Cool-skink, Rawlinson's Window-eyed Skink",Reptile,Vulnerable,87be63d0effffff,-38.153892,145.301383,1
Melbourne,Pseudemoia rawlinsoni,"Glossy Grass Skink, Swampland Cool-skink, Rawlinson's Window-eyed Skink",Reptile,Vulnerable,87be63d44ffffff,-38.211819,145.160394,1
Melbourne,Pseudemoia rawlinsoni,"Glossy Grass Skink, Swampland Cool-skink, Rawlinson's Window-eyed Skink",Reptile,Vulnerable,87be63d4cffffff,-38.199861,145.082045,1
Melbourne,Pseudemoia rawlinsoni,"Glossy Grass Skink, Swampland Cool-skink, Rawlinson's Window-eyed Skink",Reptile,Vulnerable,87be63d56ffffff,-38.142032,145.223031,2
Melbourne,Pseudemoia rawlinsoni,"Glossy Grass Skink, Swampland Cool-skink, Rawlinson's Window-eyed Skink",Reptile,Vulnerable,87be63d60ffffff,-38.252663,145.168242,1
Melbourne,Pseudemoia rawlinsoni,"Glossy Grass Skink, Swampland Cool-skink, Rawlinson's Window-eyed Skink",Reptile,Vulnerable,87be63d61ffffff,-38.256054,145.138446,1
Melbourne,Pseudemoia rawlinsoni,"Glossy Grass Skink, Swampland Cool-skink, Rawlinson's Window-eyed Skink",Reptile,Vulnerable,87be63d62ffffff,-38.230542,145.179211,1
Melbourne,Pseudemoia rawlinsoni,"Glossy Grass Skink, Swampland Cool-skink, Rawlinson's Window-eyed Skink",Reptile,Vulnerable,87be63d65ffffff,-38.27478,145.157267,1
Melbourne,Pseudemoia rawlinsoni,"Glossy Grass Skink, Swampland Cool-skink, Rawlinson's Window-eyed Skink",Reptile,Vulnerable,87be63d90ffffff,-37.966215,145.477731,1
Melbourne,Pseudemoia rawlinsoni,"Glossy Grass Skink, Swampland Cool-skink, Rawlinson's Window-eyed Skink",Reptile,Vulnerable,87be63d92ffffff,-37.944035,145.488586,2
Melbourne,Pseudemoia rawlinsoni,"Glossy Grass Skink, Swampland Cool-skink, Rawlinson's Window-eyed Skink",Reptile,Vulnerable,87be63d93ffffff,-37.947528,145.458886,2
Melbourne,Pseudemoia rawlinsoni,"Glossy Grass Skink, Swampland Cool-skink, Rawlinson's Window-eyed Skink",Reptile,Vulnerable,87be63da4ffffff,-38.092282,145.47199,5
Melbourne,Pseudemoia rawlinsoni,"Glossy Grass Skink, Swampland Cool-skink, Rawlinson's Window-eyed Skink",Reptile,Vulnerable,87be63da5ffffff,-38.095762,145.442236,1
Melbourne,Pseudomys novaehollandiae,"Pookila, New Holland Mouse",Mammal,Vulnerable,87be63d0affffff,-38.135184,145.282547,13
Melbourne,Pteropus poliocephalus,Grey-headed Flying-fox,Mammal,Vulnerable,87be606ebffffff,-38.353061,145.202815,1
Melbourne,Pteropus poliocephalus,Grey-headed Flying-fox,Mammal,Vulnerable,87be62245ffffff,-37.750133,145.359854,1
Melbourne,Pteropus poliocephalus,Grey-headed Flying-fox,Mammal,Vulnerable,87be62260ffffff,-37.787531,145.3974,1
Melbourne,Pteropus poliocephalus,Grey-headed Flying-fox,Mammal,Vulnerable,87be62261ffffff,-37.791009,145.367764,1
Melbourne,Pteropus poliocephalus,Grey-headed Flying-fox,Mammal,Vulnerable,87be62265ffffff,-37.809709,145.386544,1
Melbourne,Pteropus poliocephalus,Grey-headed Flying-fox,Mammal,Vulnerable,87be62266ffffff,-37.784045,145.427035,1
Melbourne,Pteropus poliocephalus,Grey-headed Flying-fox,Mammal,Vulnerable,87be62269ffffff,-37.779233,145.289742,1
Melbourne,Pteropus poliocephalus,Grey-headed Flying-fox,Mammal,Vulnerable,87be6226cffffff,-37.79448,145.338129,1
Melbourne,Pteropus poliocephalus,Grey-headed Flying-fox,Mammal,Vulnerable,87be6226effffff,-37.772308,145.348994,25
Melbourne,Pteropus poliocephalus,Grey-headed Flying-fox,Mammal,Vulnerable,87be63010ffffff,-37.906417,144.723512,1
Melbourne,Pteropus poliocephalus,Grey-headed Flying-fox,Mammal,Vulnerable,87be6301effffff,-37.89093,144.675284,1
Melbourne,Pteropus poliocephalus,Grey-headed Flying-fox,Mammal,Vulnerable,87be63092ffffff,-37.72967,144.811573,1
Melbourne,Pteropus poliocephalus,Grey-headed Flying-fox,Mammal,Vulnerable,87be6309affffff,-37.717548,144.733853,1
Melbourne,Pteropus poliocephalus,Grey-headed Flying-fox,Mammal,Vulnerable,87be6309cffffff,-37.75842,144.74142,1
Melbourne,Pteropus poliocephalus,Grey-headed Flying-fox,Mammal,Vulnerable,87be6309effffff,-37.736325,144.752422,2
Melbourne,Pteropus poliocephalus,Grey-headed Flying-fox,Mammal,Vulnerable,87be630a3ffffff,-37.840158,144.756578,1
Melbourne,Pteropus poliocephalus,Grey-headed Flying-fox,Mammal,Vulnerable,87be630a5ffffff,-37.881023,144.764169,2
Melbourne,Pteropus poliocephalus,Grey-headed Flying-fox,Mammal,Vulnerable,87be630abffffff,-37.827987,144.678774,1
Melbourne,Pteropus poliocephalus,Grey-headed Flying-fox,Mammal,Vulnerable,87be630b0ffffff,-37.811413,144.826802,1
Melbourne,Pteropus poliocephalus,Grey-headed Flying-fox,Mammal,Vulnerable,87be630b6ffffff,-37.808075,144.85641,1
Melbourne,Pteropus poliocephalus,Grey-headed Flying-fox,Mammal,Vulnerable,87be63193ffffff,-37.864356,144.912326,1
Melbourne,Pteropus poliocephalus,Grey-headed Flying-fox,Mammal,Vulnerable,87be6319affffff,-37.848944,144.864053,1
Melbourne,Pteropus poliocephalus,Grey-headed Flying-fox,Mammal,Vulnerable,87be63400ffffff,-37.620977,145.032759,2
Melbourne,Pteropus poliocephalus,Grey-headed Flying-fox,Mammal,Vulnerable,87be63401ffffff,-37.624371,145.003208,1
Melbourne,Pteropus poliocephalus,Grey-headed Flying-fox,Mammal,Vulnerable,87be63402ffffff,-37.598835,145.043673,1
Melbourne,Pteropus poliocephalus,Grey-headed Flying-fox,Mammal,Vulnerable,87be63404ffffff,-37.639718,145.051397,1
Melbourne,Pteropus poliocephalus,Grey-headed Flying-fox,Mammal,Vulnerable,87be63406ffffff,-37.617574,145.06231,1
Melbourne,Pteropus poliocephalus,Grey-headed Flying-fox,Mammal,Vulnerable,87be63408ffffff,-37.609008,144.955047,2
Melbourne,Pteropus poliocephalus,Grey-headed Flying-fox,Mammal,Vulnerable,87be6340dffffff,-37.631138,144.94411,1
Melbourne,Pteropus poliocephalus,Grey-headed Flying-fox,Mammal,Vulnerable,87be63420ffffff,-37.680599,145.059129,2
Melbourne,Pteropus poliocephalus,Grey-headed Flying-fox,Mammal,Vulnerable,87be63421ffffff,-37.683996,145.029555,4
Melbourne,Pteropus poliocephalus,Grey-headed Flying-fox,Mammal,Vulnerable,87be63422ffffff,-37.658456,145.070045,1
Melbourne,Pteropus poliocephalus,Grey-headed Flying-fox,Mammal,Vulnerable,87be63424ffffff,-37.699336,145.077789,4
Melbourne,Pteropus poliocephalus,Grey-headed Flying-fox,Mammal,Vulnerable,87be63425ffffff,-37.702738,145.048207,4
Melbourne,Pteropus poliocephalus,Grey-headed Flying-fox,Mammal,Vulnerable,87be63426ffffff,-37.677193,145.088704,2
Melbourne,Pteropus poliocephalus,Grey-headed Flying-fox,Mammal,Vulnerable,87be6342affffff,-37.646507,144.992281,3
Melbourne,Pteropus poliocephalus,Grey-headed Flying-fox,Mammal,Vulnerable,87be6342cffffff,-37.687387,144.999981,1
Melbourne,Pteropus poliocephalus,Grey-headed Flying-fox,Mammal,Vulnerable,87be6342dffffff,-37.690769,144.970408,1
Melbourne,Pteropus poliocephalus,Grey-headed Flying-fox,Mammal,Vulnerable,87be6342effffff,-37.665253,145.010913,2
Melbourne,Pteropus poliocephalus,Grey-headed Flying-fox,Mammal,Vulnerable,87be63432ffffff,-37.610746,145.121414,1
Melbourne,Pteropus poliocephalus,Grey-headed Flying-fox,Mammal,Vulnerable,87be63433ffffff,-37.614164,145.091861,1
Melbourne,Pteropus poliocephalus,Grey-headed Flying-fox,Mammal,Vulnerable,87be63435ffffff,-37.655047,145.099613,1
Melbourne,Pteropus poliocephalus,Grey-headed Flying-fox,Mammal,Vulnerable,87be63436ffffff,-37.629476,145.140076,2
Melbourne,Pteropus poliocephalus,Grey-headed Flying-fox,Mammal,Vulnerable,87be63460ffffff,-37.70422,144.852124,1
Melbourne,Pteropus poliocephalus,Grey-headed Flying-fox,Mammal,Vulnerable,87be63461ffffff,-37.707564,144.822555,2
Melbourne,Pteropus poliocephalus,Grey-headed Flying-fox,Mammal,Vulnerable,87be63462ffffff,-37.682107,144.863093,1
Melbourne,Pteropus poliocephalus,Grey-headed Flying-fox,Mammal,Vulnerable,87be63463ffffff,-37.685455,144.833532,1
Melbourne,Pteropus poliocephalus,Grey-headed Flying-fox,Mammal,Vulnerable,87be63465ffffff,-37.726331,144.84115,17
Melbourne,Pteropus poliocephalus,Grey-headed Flying-fox,Mammal,Vulnerable,87be63466ffffff,-37.700869,144.881694,1
Melbourne,Pteropus poliocephalus,Grey-headed Flying-fox,Mammal,Vulnerable,87be63469ffffff,-37.695451,144.744851,1
Melbourne,Pteropus poliocephalus,Grey-headed Flying-fox,Mammal,Vulnerable,87be63471ffffff,-37.659991,144.874056,1
Melbourne,Pteropus poliocephalus,Grey-headed Flying-fox,Mammal,Vulnerable,87be63500ffffff,-37.752116,145.163438,2
Melbourne,Pteropus poliocephalus,Grey-headed Flying-fox,Mammal,Vulnerable,87be63501ffffff,-37.755536,145.133831,1
Melbourne,Pteropus poliocephalus,Grey-headed Flying-fox,Mammal,Vulnerable,87be63502ffffff,-37.729964,145.17434,1
Melbourne,Pteropus poliocephalus,Grey-headed Flying-fox,Mammal,Vulnerable,87be63503ffffff,-37.733388,145.14474,1
Melbourne,Pteropus poliocephalus,Grey-headed Flying-fox,Mammal,Vulnerable,87be63504ffffff,-37.77084,145.182147,4
Melbourne,Pteropus poliocephalus,Grey-headed Flying-fox,Mammal,Vulnerable,87be63505ffffff,-37.774264,145.152532,1
Melbourne,Pteropus poliocephalus,Grey-headed Flying-fox,Mammal,Vulnerable,87be63506ffffff,-37.748688,145.193047,1
Melbourne,Pteropus poliocephalus,Grey-headed Flying-fox,Mammal,Vulnerable,87be63508ffffff,-37.740214,145.085542,4
Melbourne,Pteropus poliocephalus,Grey-headed Flying-fox,Mammal,Vulnerable,87be63509ffffff,-37.743615,145.055943,3
Melbourne,Pteropus poliocephalus,Grey-headed Flying-fox,Mammal,Vulnerable,87be6350affffff,-37.718072,145.09646,3
Melbourne,Pteropus poliocephalus,Grey-headed Flying-fox,Mammal,Vulnerable,87be6350bffffff,-37.721477,145.066869,4
Melbourne,Pteropus poliocephalus,Grey-headed Flying-fox,Mammal,Vulnerable,87be6350cffffff,-37.758948,145.104224,5
Melbourne,Pteropus poliocephalus,Grey-headed Flying-fox,Mammal,Vulnerable,87be6350dffffff,-37.762353,145.074618,4
Melbourne,Pteropus poliocephalus,Grey-headed Flying-fox,Mammal,Vulnerable,87be6350effffff,-37.736805,145.11514,4
Melbourne,Pteropus poliocephalus,Grey-headed Flying-fox,Mammal,Vulnerable,87be63518ffffff,-37.69251,145.136956,4
Melbourne,Pteropus poliocephalus,Grey-headed Flying-fox,Mammal,Vulnerable,87be63519ffffff,-37.695927,145.107372,3
Melbourne,Pteropus poliocephalus,Grey-headed Flying-fox,Mammal,Vulnerable,87be6351cffffff,-37.711238,145.155643,2
Melbourne,Pteropus poliocephalus,Grey-headed Flying-fox,Mammal,Vulnerable,87be6351dffffff,-37.714659,145.126051,2
Melbourne,Pteropus poliocephalus,Grey-headed Flying-fox,Mammal,Vulnerable,87be6351effffff,-37.689085,145.16654,1
Melbourne,Pteropus poliocephalus,Grey-headed Flying-fox,Mammal,Vulnerable,87be63521ffffff,-37.815138,145.160332,89
Melbourne,Pteropus poliocephalus,Grey-headed Flying-fox,Mammal,Vulnerable,87be63523ffffff,-37.792991,145.171242,1
Melbourne,Pteropus poliocephalus,Grey-headed Flying-fox,Mammal,Vulnerable,87be63524ffffff,-37.830436,145.208694,3
Melbourne,Pteropus poliocephalus,Grey-headed Flying-fox,Mammal,Vulnerable,87be63525ffffff,-37.833863,145.179054,2
Melbourne,Pteropus poliocephalus,Grey-headed Flying-fox,Mammal,Vulnerable,87be63528ffffff,-37.799823,145.111996,6
Melbourne,Pteropus poliocephalus,Grey-headed Flying-fox,Mammal,Vulnerable,87be63529ffffff,-37.803227,145.082374,2
Melbourne,Pteropus poliocephalus,Grey-headed Flying-fox,Mammal,Vulnerable,87be6352affffff,-37.777681,145.122916,2
Melbourne,Pteropus poliocephalus,Grey-headed Flying-fox,Mammal,Vulnerable,87be6352bffffff,-37.781089,145.093302,4
Melbourne,Pteropus poliocephalus,Grey-headed Flying-fox,Mammal,Vulnerable,87be6352cffffff,-37.818554,145.130701,1
Melbourne,Pteropus poliocephalus,Grey-headed Flying-fox,Mammal,Vulnerable,87be6352effffff,-37.79641,145.141619,3
Melbourne,Pteropus poliocephalus,Grey-headed Flying-fox,Mammal,Vulnerable,87be63540ffffff,-37.775894,144.956199,17
Melbourne,Pteropus poliocephalus,Grey-headed Flying-fox,Mammal,Vulnerable,87be63542ffffff,-37.753771,144.967153,3
Melbourne,Pteropus poliocephalus,Grey-headed Flying-fox,Mammal,Vulnerable,87be63543ffffff,-37.757141,144.937558,5
Melbourne,Pteropus poliocephalus,Grey-headed Flying-fox,Mammal,Vulnerable,87be63544ffffff,-37.794644,144.97485,10
Melbourne,Pteropus poliocephalus,Grey-headed Flying-fox,Mammal,Vulnerable,87be63545ffffff,-37.798014,144.945239,6
Melbourne,Pteropus poliocephalus,Grey-headed Flying-fox,Mammal,Vulnerable,87be63546ffffff,-37.77252,144.985803,2
Melbourne,Pteropus poliocephalus,Grey-headed Flying-fox,Mammal,Vulnerable,87be63548ffffff,-37.763858,144.878369,2
Melbourne,Pteropus poliocephalus,Grey-headed Flying-fox,Mammal,Vulnerable,87be6354affffff,-37.741745,144.88934,1
Melbourne,Pteropus poliocephalus,Grey-headed Flying-fox,Mammal,Vulnerable,87be6354cffffff,-37.782618,144.896994,1
Melbourne,Pteropus poliocephalus,Grey-headed Flying-fox,Mammal,Vulnerable,87be6354dffffff,-37.785968,144.867393,2
Melbourne,Pteropus poliocephalus,Grey-headed Flying-fox,Mammal,Vulnerable,87be63550ffffff,-37.728264,145.00769,4
Melbourne,Pteropus poliocephalus,Grey-headed Flying-fox,Mammal,Vulnerable,87be63551ffffff,-37.731646,144.978101,1
Melbourne,Pteropus poliocephalus,Grey-headed Flying-fox,Mammal,Vulnerable,87be63552ffffff,-37.706132,145.018625,6
Melbourne,Pteropus poliocephalus,Grey-headed Flying-fox,Mammal,Vulnerable,87be63554ffffff,-37.747008,145.026346,5
Melbourne,Pteropus poliocephalus,Grey-headed Flying-fox,Mammal,Vulnerable,87be63555ffffff,-37.750394,144.996749,2
Melbourne,Pteropus poliocephalus,Grey-headed Flying-fox,Mammal,Vulnerable,87be63556ffffff,-37.724874,145.037279,4
Melbourne,Pteropus poliocephalus,Grey-headed Flying-fox,Mammal,Vulnerable,87be63558ffffff,-37.716266,144.929884,1
Melbourne,Pteropus poliocephalus,Grey-headed Flying-fox,Mammal,Vulnerable,87be6355affffff,-37.694143,144.940836,3
Melbourne,Pteropus poliocephalus,Grey-headed Flying-fox,Mammal,Vulnerable,87be6355bffffff,-37.69751,144.911265,5
Melbourne,Pteropus poliocephalus,Grey-headed Flying-fox,Mammal,Vulnerable,87be6355cffffff,-37.73502,144.948514,1
Melbourne,Pteropus poliocephalus,Grey-headed Flying-fox,Mammal,Vulnerable,87be63560ffffff,-37.835515,144.982556,70
Melbourne,Pteropus poliocephalus,Grey-headed Flying-fox,Mammal,Vulnerable,87be63561ffffff,-37.838884,144.952929,3
Melbourne,Pteropus poliocephalus,Grey-headed Flying-fox,Mammal,Vulnerable,87be63562ffffff,-37.813393,144.993512,6
Melbourne,Pteropus poliocephalus,Grey-headed Flying-fox,Mammal,Vulnerable,87be63563ffffff,-37.816766,144.963893,25
Melbourne,Pteropus poliocephalus,Grey-headed Flying-fox,Mammal,Vulnerable,87be63564ffffff,-37.854262,145.001229,1
Melbourne,Pteropus poliocephalus,Grey-headed Flying-fox,Mammal,Vulnerable,87be63565ffffff,-37.857635,144.971594,3
Melbourne,Pteropus poliocephalus,Grey-headed Flying-fox,Mammal,Vulnerable,87be63566ffffff,-37.832138,145.012184,4
Melbourne,Pteropus poliocephalus,Grey-headed Flying-fox,Mammal,Vulnerable,87be63568ffffff,-37.823488,144.904656,11
Melbourne,Pteropus poliocephalus,Grey-headed Flying-fox,Mammal,Vulnerable,87be63569ffffff,-37.826838,144.875039,3
Melbourne,Pteropus poliocephalus,Grey-headed Flying-fox,Mammal,Vulnerable,87be6356affffff,-37.801375,144.915629,5
Melbourne,Pteropus poliocephalus,Grey-headed Flying-fox,Mammal,Vulnerable,87be6356bffffff,-37.804729,144.886019,1
Melbourne,Pteropus poliocephalus,Grey-headed Flying-fox,Mammal,Vulnerable,87be6356cffffff,-37.842245,144.923303,2
Melbourne,Pteropus poliocephalus,Grey-headed Flying-fox,Mammal,Vulnerable,87be6356effffff,-37.820131,144.934274,1
Melbourne,Pteropus poliocephalus,Grey-headed Flying-fox,Mammal,Vulnerable,87be63570ffffff,-37.787882,145.034075,11
Melbourne,Pteropus poliocephalus,Grey-headed Flying-fox,Mammal,Vulnerable,87be63571ffffff,-37.791267,145.004462,357
Melbourne,Pteropus poliocephalus,Grey-headed Flying-fox,Mammal,Vulnerable,87be63572ffffff,-37.76575,145.045012,2
Melbourne,Pteropus poliocephalus,Grey-headed Flying-fox,Mammal,Vulnerable,87be63573ffffff,-37.769139,145.015407,7
Melbourne,Pteropus poliocephalus,Grey-headed Flying-fox,Mammal,Vulnerable,87be63574ffffff,-37.806623,145.052753,1
Melbourne,Pteropus poliocephalus,Grey-headed Flying-fox,Mammal,Vulnerable,87be63575ffffff,-37.810012,145.023132,16
Melbourne,Pteropus poliocephalus,Grey-headed Flying-fox,Mammal,Vulnerable,87be63576ffffff,-37.78449,145.063688,6
Melbourne,Pteropus poliocephalus,Grey-headed Flying-fox,Mammal,Vulnerable,87be635a8ffffff,-37.644771,145.188319,1
Melbourne,Pteropus poliocephalus,Grey-headed Flying-fox,Mammal,Vulnerable,87be635adffffff,-37.666929,145.177432,1
Melbourne,Pteropus poliocephalus,Grey-headed Flying-fox,Mammal,Vulnerable,87be63833ffffff,-38.364569,144.915537,1
Melbourne,Pteropus poliocephalus,Grey-headed Flying-fox,Mammal,Vulnerable,87be63856ffffff,-38.343534,144.728995,1
Melbourne,Pteropus poliocephalus,Grey-headed Flying-fox,Mammal,Vulnerable,87be638b4ffffff,-38.247441,145.030277,1
Melbourne,Pteropus poliocephalus,Grey-headed Flying-fox,Mammal,Vulnerable,87be638e5ffffff,-38.321479,144.740082,2
Melbourne,Pteropus poliocephalus,Grey-headed Flying-fox,Mammal,Vulnerable,87be63988ffffff,-38.33582,144.986212,1
Melbourne,Pteropus poliocephalus,Grey-headed Flying-fox,Mammal,Vulnerable,87be639b0ffffff,-38.359842,145.143144,3
Melbourne,Pteropus poliocephalus,Grey-headed Flying-fox,Mammal,Vulnerable,87be639b6ffffff,-38.356455,145.172979,1
Melbourne,Pteropus poliocephalus,Grey-headed Flying-fox,Mammal,Vulnerable,87be63c05ffffff,-38.060325,145.207306,1
Melbourne,Pteropus poliocephalus,Grey-headed Flying-fox,Mammal,Vulnerable,87be63c09ffffff,-38.029684,145.110328,2
Melbourne,Pteropus poliocephalus,Grey-headed Flying-fox,Mammal,Vulnerable,87be63c0cffffff,-38.045013,145.158804,1
Melbourne,Pteropus poliocephalus,Grey-headed Flying-fox,Mammal,Vulnerable,87be63c10ffffff,-37.990468,145.269792,2
Melbourne,Pteropus poliocephalus,Grey-headed Flying-fox,Mammal,Vulnerable,87be63c11ffffff,-37.993902,145.240089,3
Melbourne,Pteropus poliocephalus,Grey-headed Flying-fox,Mammal,Vulnerable,87be63c13ffffff,-37.971755,145.251005,5
Melbourne,Pteropus poliocephalus,Grey-headed Flying-fox,Mammal,Vulnerable,87be63c15ffffff,-38.012616,145.258878,2
Melbourne,Pteropus poliocephalus,Grey-headed Flying-fox,Mammal,Vulnerable,87be63c18ffffff,-37.978606,145.191615,2
Melbourne,Pteropus poliocephalus,Grey-headed Flying-fox,Mammal,Vulnerable,87be63c19ffffff,-37.98202,145.161921,1
Melbourne,Pteropus poliocephalus,Grey-headed Flying-fox,Mammal,Vulnerable,87be63c1bffffff,-37.959883,145.172854,4
Melbourne,Pteropus poliocephalus,Grey-headed Flying-fox,Mammal,Vulnerable,87be63c1effffff,-37.975185,145.221309,157
Melbourne,Pteropus poliocephalus,Grey-headed Flying-fox,Mammal,Vulnerable,87be63c26ffffff,-38.094331,145.274649,1
Melbourne,Pteropus poliocephalus,Grey-headed Flying-fox,Mammal,Vulnerable,87be63c28ffffff,-38.085869,145.166634,1
Melbourne,Pteropus poliocephalus,Grey-headed Flying-fox,Mammal,Vulnerable,87be63c29ffffff,-38.08927,145.136901,3
Melbourne,Pteropus poliocephalus,Grey-headed Flying-fox,Mammal,Vulnerable,87be63c2affffff,-38.063738,145.17758,1
Melbourne,Pteropus poliocephalus,Grey-headed Flying-fox,Mammal,Vulnerable,87be63c2bffffff,-38.067143,145.147855,1
Melbourne,Pteropus poliocephalus,Grey-headed Flying-fox,Mammal,Vulnerable,87be63c31ffffff,-38.053475,145.266759,2
Melbourne,Pteropus poliocephalus,Grey-headed Flying-fox,Mammal,Vulnerable,87be63c32ffffff,-38.027888,145.307397,11
Melbourne,Pteropus poliocephalus,Grey-headed Flying-fox,Mammal,Vulnerable,87be63c36ffffff,-38.046594,145.326215,1
Melbourne,Pteropus poliocephalus,Grey-headed Flying-fox,Mammal,Vulnerable,87be63c52ffffff,-37.992215,145.072842,1
Melbourne,Pteropus poliocephalus,Grey-headed Flying-fox,Mammal,Vulnerable,87be63c56ffffff,-38.010951,145.09158,1
Melbourne,Pteropus poliocephalus,Grey-headed Flying-fox,Mammal,Vulnerable,87be63c76ffffff,-38.07054,145.118131,2
Melbourne,Pteropus poliocephalus,Grey-headed Flying-fox,Mammal,Vulnerable,87be63c80ffffff,-37.88314,145.294612,1
Melbourne,Pteropus poliocephalus,Grey-headed Flying-fox,Mammal,Vulnerable,87be63c82ffffff,-37.860979,145.3055,1
Melbourne,Pteropus poliocephalus,Grey-headed Flying-fox,Mammal,Vulnerable,87be63c84ffffff,-37.901848,145.313392,1
Melbourne,Pteropus poliocephalus,Grey-headed Flying-fox,Mammal,Vulnerable,87be63c85ffffff,-37.905298,145.283719,1
Melbourne,Pteropus poliocephalus,Grey-headed Flying-fox,Mammal,Vulnerable,87be63c88ffffff,-37.871306,145.21653,4
Melbourne,Pteropus poliocephalus,Grey-headed Flying-fox,Mammal,Vulnerable,87be63c8affffff,-37.849155,145.227435,1
Melbourne,Pteropus poliocephalus,Grey-headed Flying-fox,Mammal,Vulnerable,87be63c8bffffff,-37.852586,145.197787,2
Melbourne,Pteropus poliocephalus,Grey-headed Flying-fox,Mammal,Vulnerable,87be63c8effffff,-37.867872,145.246186,1
Melbourne,Pteropus poliocephalus,Grey-headed Flying-fox,Mammal,Vulnerable,87be63c92ffffff,-37.813183,145.356901,2
Melbourne,Pteropus poliocephalus,Grey-headed Flying-fox,Mammal,Vulnerable,87be63c99ffffff,-37.827001,145.238334,8
Melbourne,Pteropus poliocephalus,Grey-headed Flying-fox,Mammal,Vulnerable,87be63c9bffffff,-37.804844,145.249228,4
Melbourne,Pteropus poliocephalus,Grey-headed Flying-fox,Mammal,Vulnerable,87be63c9cffffff,-37.84227,145.286733,1
Melbourne,Pteropus poliocephalus,Grey-headed Flying-fox,Mammal,Vulnerable,87be63c9dffffff,-37.845716,145.257084,1
Melbourne,Pteropus poliocephalus,Grey-headed Flying-fox,Mammal,Vulnerable,87be63ca6ffffff,-37.939257,145.350981,1
Melbourne,Pteropus poliocephalus,Grey-headed Flying-fox,Mammal,Vulnerable,87be63cabffffff,-37.912174,145.224375,1
Melbourne,Pteropus poliocephalus,Grey-headed Flying-fox,Mammal,Vulnerable,87be63caeffffff,-37.927453,145.27282,1
Melbourne,Pteropus poliocephalus,Grey-headed Flying-fox,Mammal,Vulnerable,87be63cb5ffffff,-37.917092,145.361863,1
Melbourne,Pteropus poliocephalus,Grey-headed Flying-fox,Mammal,Vulnerable,87be63cc0ffffff,-37.907098,145.086971,1
Melbourne,Pteropus poliocephalus,Grey-headed Flying-fox,Mammal,Vulnerable,87be63cc1ffffff,-37.91049,145.057311,3
Melbourne,Pteropus poliocephalus,Grey-headed Flying-fox,Mammal,Vulnerable,87be63cc2ffffff,-37.884966,145.097912,2
Melbourne,Pteropus poliocephalus,Grey-headed Flying-fox,Mammal,Vulnerable,87be63cc3ffffff,-37.888362,145.068259,1
Melbourne,Pteropus poliocephalus,Grey-headed Flying-fox,Mammal,Vulnerable,87be63cc5ffffff,-37.929228,145.076024,1
Melbourne,Pteropus poliocephalus,Grey-headed Flying-fox,Mammal,Vulnerable,87be63ccaffffff,-37.873007,145.019913,1
Melbourne,Pteropus poliocephalus,Grey-headed Flying-fox,Mammal,Vulnerable,87be63ccbffffff,-37.876383,144.99027,4
Melbourne,Pteropus poliocephalus,Grey-headed Flying-fox,Mammal,Vulnerable,87be63cceffffff,-37.89175,145.038607,2
Melbourne,Pteropus poliocephalus,Grey-headed Flying-fox,Mammal,Vulnerable,87be63cd0ffffff,-37.859424,145.138493,1
Melbourne,Pteropus poliocephalus,Grey-headed Flying-fox,Mammal,Vulnerable,87be63cd1ffffff,-37.862832,145.108847,8
Melbourne,Pteropus poliocephalus,Grey-headed Flying-fox,Mammal,Vulnerable,87be63cd2ffffff,-37.837283,145.149415,4
Melbourne,Pteropus poliocephalus,Grey-headed Flying-fox,Mammal,Vulnerable,87be63cd3ffffff,-37.840694,145.119777,4
Melbourne,Pteropus poliocephalus,Grey-headed Flying-fox,Mammal,Vulnerable,87be63cd4ffffff,-37.878152,145.15722,1
Melbourne,Pteropus poliocephalus,Grey-headed Flying-fox,Mammal,Vulnerable,87be63cd5ffffff,-37.881563,145.127566,1
Melbourne,Pteropus poliocephalus,Grey-headed Flying-fox,Mammal,Vulnerable,87be63cd8ffffff,-37.847494,145.060502,2
Melbourne,Pteropus poliocephalus,Grey-headed Flying-fox,Mammal,Vulnerable,87be63cdbffffff,-37.828754,145.041812,3
Melbourne,Pteropus poliocephalus,Grey-headed Flying-fox,Mammal,Vulnerable,87be63cddffffff,-37.869623,145.049557,1
Melbourne,Pteropus poliocephalus,Grey-headed Flying-fox,Mammal,Vulnerable,87be63ce2ffffff,-37.944564,145.124426,5
Melbourne,Pteropus poliocephalus,Grey-headed Flying-fox,Mammal,Vulnerable,87be63ce3ffffff,-37.947963,145.094749,1
Melbourne,Pteropus poliocephalus,Grey-headed Flying-fox,Mammal,Vulnerable,87be63ce4ffffff,-37.985427,145.132227,3
Melbourne,Pteropus poliocephalus,Grey-headed Flying-fox,Mammal,Vulnerable,87be63ce5ffffff,-37.988825,145.102534,1
Melbourne,Pteropus poliocephalus,Grey-headed Flying-fox,Mammal,Vulnerable,87be63cebffffff,-37.935994,145.016689,1
Melbourne,Pteropus poliocephalus,Grey-headed Flying-fox,Mammal,Vulnerable,87be63cecffffff,-37.973477,145.054114,1
Melbourne,Pteropus poliocephalus,Grey-headed Flying-fox,Mammal,Vulnerable,87be63cf2ffffff,-37.896877,145.175957,1
Melbourne,Pteropus poliocephalus,Grey-headed Flying-fox,Mammal,Vulnerable,87be63cf3ffffff,-37.900292,145.146294,1
Melbourne,Pteropus poliocephalus,Grey-headed Flying-fox,Mammal,Vulnerable,87be63cf5ffffff,-37.941158,145.154103,1
Melbourne,Pteropus poliocephalus,Grey-headed Flying-fox,Mammal,Vulnerable,87be63d0affffff,-38.135184,145.282547,1
Melbourne,Pteropus poliocephalus,Grey-headed Flying-fox,Mammal,Vulnerable,87be63d0bffffff,-38.138612,145.252789,1
Melbourne,Pteropus poliocephalus,Grey-headed Flying-fox,Mammal,Vulnerable,87be63d1affffff,-38.08745,145.334136,1
Melbourne,Pteropus poliocephalus,Grey-headed Flying-fox,Mammal,Vulnerable,87be63d42ffffff,-38.170972,145.152555,1
Melbourne,Pteropus poliocephalus,Grey-headed Flying-fox,Mammal,Vulnerable,87be63d43ffffff,-38.174364,145.122791,1
Melbourne,Pteropus poliocephalus,Grey-headed Flying-fox,Mammal,Vulnerable,87be63d48ffffff,-38.181125,145.063265,1
Melbourne,Pteropus poliocephalus,Grey-headed Flying-fox,Mammal,Vulnerable,87be63d51ffffff,-38.148848,145.163516,1
Melbourne,Pteropus poliocephalus,Grey-headed Flying-fox,Mammal,Vulnerable,87be63d53ffffff,-38.126722,145.174472,1
Melbourne,Pteropus poliocephalus,Grey-headed Flying-fox,Mammal,Vulnerable,87be63d5effffff,-38.130122,145.144724,1
Melbourne,Pteropus poliocephalus,Grey-headed Flying-fox,Mammal,Vulnerable,87be63d60ffffff,-38.252663,145.168242,1
Melbourne,Pteropus poliocephalus,Grey-headed Flying-fox,Mammal,Vulnerable,87be63d89ffffff,-38.005734,145.318302,1
Melbourne,Pteropus poliocephalus,Grey-headed Flying-fox,Mammal,Vulnerable,87be63da9ffffff,-38.065297,145.345043,1
Melbourne,Pteropus poliocephalus,Grey-headed Flying-fox,Mammal,Vulnerable,87be63dadffffff,-38.083998,145.363881,2
Melbourne,Pycnoptilus floccosus,Pilotbird,Bird,Vulnerable,87be63c86ffffff,-37.879686,145.324278,1
Melbourne,Pycnoptilus floccosus,Pilotbird,Bird,Vulnerable,87be63c94ffffff,-37.854055,145.364816,1
Melbourne,Pycnoptilus floccosus,Pilotbird,Bird,Vulnerable,87be63cb0ffffff,-37.894925,145.372739,13
Melbourne,Pycnoptilus floccosus,Pilotbird,Bird,Vulnerable,87be63cb3ffffff,-37.876224,145.353943,1
Melbourne,Stagonopleura guttata,Diamond Firetail,Bird,Vulnerable,87be6226affffff,-37.753604,145.330235,1
Melbourne,Stagonopleura guttata,Diamond Firetail,Bird,Vulnerable,87be63429ffffff,-37.672018,144.951783,1
Melbourne,Stagonopleura guttata,Diamond Firetail,Bird,Vulnerable,87be63540ffffff,-37.775894,144.956199,1
Melbourne,Stagonopleura guttata,Diamond Firetail,Bird,Vulnerable,87be63545ffffff,-37.798014,144.945239,7
Melbourne,Sternula albifrons,Little Tern,Bird,Vulnerable,87be6301dffffff,-37.916287,144.634608,1
Melbourne,Sternula albifrons,Little Tern,Bird,Vulnerable,87be630a1ffffff,-37.862247,144.745562,1
Melbourne,Sternula albifrons,Little Tern,Bird,Vulnerable,87be630a4ffffff,-37.877706,144.793799,4
Melbourne,Sternula albifrons,Little Tern,Bird,Vulnerable,87be630a6ffffff,-37.855611,144.804806,1
Melbourne,Sternula albifrons,Little Tern,Bird,Vulnerable,87be6318bffffff,-37.899797,144.782786,1
Melbourne,Sternula albifrons,Little Tern,Bird,Vulnerable,87be63193ffffff,-37.864356,144.912326,1
Melbourne,Sternula albifrons,Little Tern,Bird,Vulnerable,87be63198ffffff,-37.871047,144.853061,1
Melbourne,Sternula albifrons,Little Tern,Bird,Vulnerable,87be63199ffffff,-37.87438,144.823429,3
Melbourne,Sternula albifrons,Little Tern,Bird,Vulnerable,87be6319affffff,-37.848944,144.864053,4
Melbourne,Sternula albifrons,Little Tern,Bird,Vulnerable,87be6319bffffff,-37.852281,144.834429,2
Melbourne,Sternula albifrons,Little Tern,Bird,Vulnerable,87be6319effffff,-37.867705,144.882693,13
Melbourne,Sternula albifrons,Little Tern,Bird,Vulnerable,87be63563ffffff,-37.816766,144.963893,1
Melbourne,Sternula albifrons,Little Tern,Bird,Vulnerable,87be63569ffffff,-37.826838,144.875039,1
Melbourne,Sternula albifrons,Little Tern,Bird,Vulnerable,87be63808ffffff,-38.359027,144.777521,1
Melbourne,Sternula albifrons,Little Tern,Bird,Vulnerable,87be63852ffffff,-38.324755,144.710289,1
Melbourne,Sternula albifrons,Little Tern,Bird,Vulnerable,87be638edffffff,-38.309238,144.66181,2
Melbourne,Sternula albifrons,Little Tern,Bird,Vulnerable,87be6399bffffff,-38.26954,145.019269,1
Melbourne,Sternula albifrons,Little Tern,Bird,Vulnerable,87be63c53ffffff,-37.995598,145.043151,18
Melbourne,Sternula albifrons,Little Tern,Bird,Vulnerable,87be63cedffffff,-37.976856,145.024431,1
Melbourne,Sternula albifrons,Little Tern,Bird,Vulnerable,87be63d48ffffff,-38.181125,145.063265,1
Melbourne,Synemon plana,Golden Sun Moth,Insect,Vulnerable,87be63080ffffff,-37.79929,144.748995,1
Melbourne,Synemon plana,Golden Sun Moth,Insect,Vulnerable,87be63093ffffff,-37.733001,144.781997,1
Melbourne,Synemon plana,Golden Sun Moth,Insect,Vulnerable,87be630a6ffffff,-37.855611,144.804806,1
Melbourne,Synemon plana,Golden Sun Moth,Insect,Vulnerable,87be630b0ffffff,-37.811413,144.826802,1
Melbourne,Synemon plana,Golden Sun Moth,Insect,Vulnerable,87be630b1ffffff,-37.814744,144.797195,72
Melbourne,Synemon plana,Golden Sun Moth,Insect,Vulnerable,87be630b5ffffff,-37.833514,144.815807,772
Melbourne,Synemon plana,Golden Sun Moth,Insect,Vulnerable,87be6319bffffff,-37.852281,144.834429,1
Melbourne,Synemon plana,Golden Sun Moth,Insect,Vulnerable,87be63401ffffff,-37.624371,145.003208,350
Melbourne,Synemon plana,Golden Sun Moth,Insect,Vulnerable,87be63405ffffff,-37.643116,145.021838,7
Melbourne,Synemon plana,Golden Sun Moth,Insect,Vulnerable,87be63406ffffff,-37.617574,145.06231,1
Melbourne,Synemon plana,Golden Sun Moth,Insect,Vulnerable,87be63408ffffff,-37.609008,144.955047,2
Melbourne,Synemon plana,Golden Sun Moth,Insect,Vulnerable,87be6340affffff,-37.586875,144.965978,2
Melbourne,Synemon plana,Golden Sun Moth,Insect,Vulnerable,87be6340dffffff,-37.631138,144.94411,1
Melbourne,Synemon plana,Golden Sun Moth,Insect,Vulnerable,87be6342affffff,-37.646507,144.992281,93
Melbourne,Synemon plana,Golden Sun Moth,Insect,Vulnerable,87be6342bffffff,-37.64989,144.962724,3
Melbourne,Synemon plana,Golden Sun Moth,Insect,Vulnerable,87be63452ffffff,-37.574868,144.888329,21
Melbourne,Synemon plana,Golden Sun Moth,Insect,Vulnerable,87be63454ffffff,-37.615751,144.895966,1
Melbourne,Synemon plana,Golden Sun Moth,Insect,Vulnerable,87be63456ffffff,-37.593627,144.906912,10
Melbourne,Synemon plana,Golden Sun Moth,Insect,Vulnerable,87be63460ffffff,-37.70422,144.852124,1
Melbourne,Synemon plana,Golden Sun Moth,Insect,Vulnerable,87be6346cffffff,-37.710899,144.792987,3
Melbourne,Synemon plana,Golden Sun Moth,Insect,Vulnerable,87be63470ffffff,-37.656632,144.903611,1377
Melbourne,Synemon plana,Golden Sun Moth,Insect,Vulnerable,87be63474ffffff,-37.675389,144.922219,876
Melbourne,Synemon plana,Golden Sun Moth,Insect,Vulnerable,87be63475ffffff,-37.678752,144.892656,4
Melbourne,Synemon plana,Golden Sun Moth,Insect,Vulnerable,87be634c5ffffff,-37.511856,144.891638,2
Melbourne,Synemon plana,Golden Sun Moth,Insect,Vulnerable,87be634e0ffffff,-37.54937,144.928788,4
Melbourne,Synemon plana,Golden Sun Moth,Insect,Vulnerable,87be634e1ffffff,-37.552743,144.899271,4
Melbourne,Synemon plana,Golden Sun Moth,Insect,Vulnerable,87be634e4ffffff,-37.568124,144.947378,1
Melbourne,Synemon plana,Golden Sun Moth,Insect,Vulnerable,87be634e5ffffff,-37.5715,144.917853,8
Melbourne,Synemon plana,Golden Sun Moth,Insect,Vulnerable,87be634e6ffffff,-37.54599,144.958306,1
Melbourne,Synemon plana,Golden Sun Moth,Insect,Vulnerable,87be634ecffffff,-37.556108,144.869755,23
Melbourne,Synemon plana,Golden Sun Moth,Insect,Vulnerable,87be634eeffffff,-37.533983,144.8807,2
Melbourne,Thalassarche carteri,Indian Yellow-nosed Albatross,Bird,Vulnerable,87be63809ffffff,-38.362311,144.747711,2
Melbourne,Thalassarche carteri,Indian Yellow-nosed Albatross,Bird,Vulnerable,87be63cd5ffffff,-37.881563,145.127566,3
Melbourne,Thalassarche melanophris,Black-browed Albatross,Bird,Vulnerable,87be63809ffffff,-38.362311,144.747711,17
Melbourne,Thalassarche melanophris,Black-browed Albatross,Bird,Vulnerable,87be6382bffffff,-38.399857,144.785173,2
Melbourne,Thalassarche melanophris,Black-browed Albatross,Bird,Vulnerable,87be6382effffff,-38.415331,144.833755,3
Melbourne,Thalassarche melanophris,Black-browed Albatross,Bird,Vulnerable,87be63852ffffff,-38.324755,144.710289,3
Melbourne,Thalassarche melanophris,Black-browed Albatross,Bird,Vulnerable,87be63856ffffff,-38.343534,144.728995,3
Melbourne,Thalassarche melanophris,Black-browed Albatross,Bird,Vulnerable,87be638edffffff,-38.309238,144.66181,4
Perth,Arenaria interpres,Ruddy Turnstone,Bird,Vulnerable,87a726c08ffffff,-31.999264,115.81216,12
Perth,Arenaria interpres,Ruddy Turnstone,Bird,Vulnerable,87a726c11ffffff,-32.004373,115.90065,2
Perth,Arenaria interpres,Ruddy Turnstone,Bird,Vulnerable,87a726cc1ffffff,-31.897341,115.797353,1
Perth,Arenaria interpres,Ruddy Turnstone,Bird,Vulnerable,87a726d50ffffff,-32.095598,115.803249,8
Perth,Arenaria interpres,Ruddy Turnstone,Bird,Vulnerable,87c993490ffffff,-32.192115,115.794302,2
Perth,Arenaria interpres,Ruddy Turnstone,Bird,Vulnerable,87c9934acffffff,-32.294613,115.809193,2
Perth,Calidris acuminata,Sharp-tailed Sandpiper,Bird,Vulnerable,87a726571ffffff,-31.80138,115.80624,31
Perth,Calidris acuminata,Sharp-tailed Sandpiper,Bird,Vulnerable,87a726c08ffffff,-31.999264,115.81216,27
Perth,Calidris acuminata,Sharp-tailed Sandpiper,Bird,Vulnerable,87a726c11ffffff,-32.004373,115.90065,17
Perth,Calidris acuminata,Sharp-tailed Sandpiper,Bird,Vulnerable,87a726cc1ffffff,-31.897341,115.797353,6
Perth,Calidris acuminata,Sharp-tailed Sandpiper,Bird,Vulnerable,87a726cd6ffffff,-31.890297,115.902901,1
Perth,Calidris acuminata,Sharp-tailed Sandpiper,Bird,Vulnerable,87a726d19ffffff,-32.100707,115.891917,64
Perth,Calidris acuminata,Sharp-tailed Sandpiper,Bird,Vulnerable,87a726d50ffffff,-32.095598,115.803249,97
Perth,Calidris acuminata,Sharp-tailed Sandpiper,Bird,Vulnerable,87a726daeffffff,-32.093516,115.997856,42
Perth,Calidris acuminata,Sharp-tailed Sandpiper,Bird,Vulnerable,87c9934acffffff,-32.294613,115.809193,61
Perth,Calidris canutus,"Red Knot, Knot",Bird,Vulnerable,87a726c08ffffff,-31.999264,115.81216,73
Perth,Calidris canutus,"Red Knot, Knot",Bird,Vulnerable,87a726c11ffffff,-32.004373,115.90065,2
Perth,Calidris canutus,"Red Knot, Knot",Bird,Vulnerable,87a726cd6ffffff,-31.890297,115.902901,2
Perth,Calidris canutus,"Red Knot, Knot",Bird,Vulnerable,87a726d50ffffff,-32.095598,115.803249,8
Perth,Calidris canutus,"Red Knot, Knot",Bird,Vulnerable,87a726daeffffff,-32.093516,115.997856,9
Perth,Calidris tenuirostris,Great Knot,Bird,Vulnerable,87a726c08ffffff,-31.999264,115.81216,261
Perth,Calidris tenuirostris,Great Knot,Bird,Vulnerable,87a726c11ffffff,-32.004373,115.90065,7
Perth,Calidris tenuirostris,Great Knot,Bird,Vulnerable,87a726cc1ffffff,-31.897341,115.797353,3
Perth,Calidris tenuirostris,Great Knot,Bird,Vulnerable,87a726cd6ffffff,-31.890297,115.902901,1
Perth,Calidris tenuirostris,Great Knot,Bird,Vulnerable,87a726d19ffffff,-32.100707,115.891917,2
Perth,Calidris tenuirostris,Great Knot,Bird,Vulnerable,87a726d50ffffff,-32.095598,115.803249,44
Perth,Calidris tenuirostris,Great Knot,Bird,Vulnerable,87c9934acffffff,-32.294613,115.809193,1
Perth,Charadrius leschenaultii,"Greater Sand Plover, Large Sand Plover",Bird,Vulnerable,87a726c08ffffff,-31.999264,115.81216,5
Perth,Charadrius leschenaultii,"Greater Sand Plover, Large Sand Plover",Bird,Vulnerable,87a726cd6ffffff,-31.890297,115.902901,1
Perth,Charadrius leschenaultii,"Greater Sand Plover, Large Sand Plover",Bird,Vulnerable,87a726d50ffffff,-32.095598,115.803249,2
Perth,Charadrius leschenaultii,"Greater Sand Plover, Large Sand Plover",Bird,Vulnerable,87a726daeffffff,-32.093516,115.997856,1
Perth,Charadrius leschenaultii,"Greater Sand Plover, Large Sand Plover",Bird,Vulnerable,87c993490ffffff,-32.192115,115.794302,1
Perth,Chelonia mydas,Green Turtle,Reptile,Vulnerable,87c9934acffffff,-32.294613,115.809193,1
Perth,Dasyurus geoffroii,"Chuditch, Western Quoll",Mammal,Vulnerable,87a726c98ffffff,-31.89535,115.991172,1
Perth,Dasyurus geoffroii,"Chuditch, Western Quoll",Mammal,Vulnerable,87c99260affffff,-31.89876,116.20852,1
Perth,Falco hypoleucos,Grey Falcon,Bird,Vulnerable,87a726cd6ffffff,-31.890297,115.902901,49
Perth,Macronectes halli,Northern Giant Petrel,Bird,Vulnerable,87a726cc1ffffff,-31.897341,115.797353,1
Perth,Macrotis lagotis,Greater Bilby,Mammal,Vulnerable,87a726ca6ffffff,-31.997208,116.006375,2
Perth,Pluvialis squatarola,Grey Plover,Bird,Vulnerable,87a726571ffffff,-31.80138,115.80624,1
Perth,Pluvialis squatarola,Grey Plover,Bird,Vulnerable,87a726c08ffffff,-31.999264,115.81216,925
Perth,Pluvialis squatarola,Grey Plover,Bird,Vulnerable,87a726c11ffffff,-32.004373,115.90065,19
Perth,Pluvialis squatarola,Grey Plover,Bird,Vulnerable,87a726ca6ffffff,-31.997208,116.006375,1
Perth,Pluvialis squatarola,Grey Plover,Bird,Vulnerable,87a726cc1ffffff,-31.897341,115.797353,2
Perth,Pluvialis squatarola,Grey Plover,Bird,Vulnerable,87a726cd6ffffff,-31.890297,115.902901,11
Perth,Pluvialis squatarola,Grey Plover,Bird,Vulnerable,87a726d19ffffff,-32.100707,115.891917,7
Perth,Pluvialis squatarola,Grey Plover,Bird,Vulnerable,87a726d50ffffff,-32.095598,115.803249,132
Perth,Pluvialis squatarola,Grey Plover,Bird,Vulnerable,87a726daeffffff,-32.093516,115.997856,6
Perth,Pluvialis squatarola,Grey Plover,Bird,Vulnerable,87c993490ffffff,-32.192115,115.794302,4
Perth,Polytelis alexandrae,"Princess Parrot, Alexandra's Parrot",Bird,Vulnerable,87a726ca6ffffff,-31.997208,116.006375,12
Perth,Pterodroma mollis,Soft-plumaged Petrel,Bird,Vulnerable,87a726461ffffff,-31.694637,115.703544,1
Perth,Setonix brachyurus,Quokka,Mammal,Vulnerable,87a726c98ffffff,-31.89535,115.991172,2
Perth,Setonix brachyurus,Quokka,Mammal,Vulnerable,87a726cc1ffffff,-31.897341,115.797353,1
Perth,Sternula albifrons,Little Tern,Bird,Vulnerable,87a726d44ffffff,-32.132247,115.751184,2
Perth,Sternula albifrons,Little Tern,Bird,Vulnerable,87c99309affffff,-32.532024,115.697202,1
Perth,Sternula albifrons,Little Tern,Bird,Vulnerable,87c993418ffffff,-32.337232,115.780814,1
Perth,Sternula albifrons,Little Tern,Bird,Vulnerable,87c9934acffffff,-32.294613,115.809193,3
Perth,Sternula albifrons,Little Tern,Bird,Vulnerable,87c9934e5ffffff,-32.374067,115.728468,1
Perth,Xenus cinereus,Terek Sandpiper,Bird,Vulnerable,87a726571ffffff,-31.80138,115.80624,10
Perth,Xenus cinereus,Terek Sandpiper,Bird,Vulnerable,87a726c08ffffff,-31.999264,115.81216,118
Perth,Xenus cinereus,Terek Sandpiper,Bird,Vulnerable,87a726c98ffffff,-31.89535,115.991172,1
Perth,Xenus cinereus,Terek Sandpiper,Bird,Vulnerable,87a726cd6ffffff,-31.890297,115.902901,10
Perth,Xenus cinereus,Terek Sandpiper,Bird,Vulnerable,87a726d19ffffff,-32.100707,115.891917,2
Perth,Xenus cinereus,Terek Sandpiper,Bird,Vulnerable,87a726d50ffffff,-32.095598,115.803249,1
Perth,Xenus cinereus,Terek Sandpiper,Bird,Vulnerable,87a726daeffffff,-32.093516,115.997856,1
Sydney,Aphelocephala leucopsis,Southern Whiteface,Bird,Vulnerable,87be08472ffffff,-33.705763,150.640928,1
Sydney,Aprasia parapulchella,"Pink-tailed Worm-lizard, Pink-tailed Legless Lizard",Reptile,Vulnerable,87be08cd0ffffff,-33.92099,150.872662,1
Sydney,Ardenna grisea,Sooty Shearwater,Bird,Vulnerable,87be08d94ffffff,-34.029043,151.226714,2
Sydney,Ardenna grisea,Sooty Shearwater,Bird,Vulnerable,87be08d95ffffff,-34.034097,151.198312,2
Sydney,Ardenna grisea,Sooty Shearwater,Bird,Vulnerable,87be08d96ffffff,-34.006113,151.235639,7
Sydney,Ardenna grisea,Sooty Shearwater,Bird,Vulnerable,87be08db3ffffff,-34.051971,151.217784,2
Sydney,Ardenna grisea,Sooty Shearwater,Bird,Vulnerable,87be0e202ffffff,-33.718135,151.294646,1
Sydney,Ardenna grisea,Sooty Shearwater,Bird,Vulnerable,87be0e206ffffff,-33.73599,151.314067,40
Sydney,Ardenna grisea,Sooty Shearwater,Bird,Vulnerable,87be0e211ffffff,-33.695201,151.30352,1
Sydney,Ardenna grisea,Sooty Shearwater,Bird,Vulnerable,87be0e213ffffff,-33.672266,151.312389,4
Sydney,Ardenna grisea,Sooty Shearwater,Bird,Vulnerable,87be0e220ffffff,-33.799716,151.315748,17
Sydney,Ardenna grisea,Sooty Shearwater,Bird,Vulnerable,87be0e221ffffff,-33.804795,151.287426,7
Sydney,Ardenna grisea,Sooty Shearwater,Bird,Vulnerable,87be0e225ffffff,-33.822652,151.306866,8
Sydney,Ardenna grisea,Sooty Shearwater,Bird,Vulnerable,87be0e285ffffff,-33.603457,151.338969,1
Sydney,Ardenna grisea,Sooty Shearwater,Bird,Vulnerable,87be0e2acffffff,-33.64933,151.321254,2
Sydney,Ardenna grisea,Sooty Shearwater,Bird,Vulnerable,87be0e2aeffffff,-33.626394,151.330114,5
Sydney,Ardenna grisea,Sooty Shearwater,Bird,Vulnerable,87be0e354ffffff,-33.868522,151.289088,1
Sydney,Ardenna grisea,Sooty Shearwater,Bird,Vulnerable,87be0e360ffffff,-33.960252,151.253474,44
Sydney,Ardenna grisea,Sooty Shearwater,Bird,Vulnerable,87be0e361ffffff,-33.965314,151.225097,2
Sydney,Ardenna grisea,Sooty Shearwater,Bird,Vulnerable,87be0e362ffffff,-33.937321,151.262385,83
Sydney,Ardenna grisea,Sooty Shearwater,Bird,Vulnerable,87be0e365ffffff,-33.983183,151.244559,1
Sydney,Ardenna grisea,Sooty Shearwater,Bird,Vulnerable,87be0e371ffffff,-33.914389,151.27129,4
Sydney,Ardenna grisea,Sooty Shearwater,Bird,Vulnerable,87be0e373ffffff,-33.891455,151.280191,1
Sydney,Ardenna grisea,Sooty Shearwater,Bird,Vulnerable,87be0eacbffffff,-34.00105,151.26403,1
Sydney,Arenaria interpres,Ruddy Turnstone,Bird,Vulnerable,87be08d80ffffff,-34.062068,151.160963,1
Sydney,Arenaria interpres,Ruddy Turnstone,Bird,Vulnerable,87be08d82ffffff,-34.039144,151.169909,1
Sydney,Arenaria interpres,Ruddy Turnstone,Bird,Vulnerable,87be08d91ffffff,-34.01622,151.178849,2
Sydney,Arenaria interpres,Ruddy Turnstone,Bird,Vulnerable,87be08d94ffffff,-34.029043,151.226714,3
Sydney,Arenaria interpres,Ruddy Turnstone,Bird,Vulnerable,87be08d95ffffff,-34.034097,151.198312,524
Sydney,Arenaria interpres,Ruddy Turnstone,Bird,Vulnerable,87be08d96ffffff,-34.006113,151.235639,1
Sydney,Arenaria interpres,Ruddy Turnstone,Bird,Vulnerable,87be08d9cffffff,-34.021263,151.150451,1
Sydney,Arenaria interpres,Ruddy Turnstone,Bird,Vulnerable,87be08d9dffffff,-34.026299,151.12205,8
Sydney,Arenaria interpres,Ruddy Turnstone,Bird,Vulnerable,87be08db3ffffff,-34.051971,151.217784,25
Sydney,Arenaria interpres,Ruddy Turnstone,Bird,Vulnerable,87be0e204ffffff,-33.758926,151.305192,6
Sydney,Arenaria interpres,Ruddy Turnstone,Bird,Vulnerable,87be0e206ffffff,-33.73599,151.314067,1066
Sydney,Arenaria interpres,Ruddy Turnstone,Bird,Vulnerable,87be0e211ffffff,-33.695201,151.30352,4
Sydney,Arenaria interpres,Ruddy Turnstone,Bird,Vulnerable,87be0e36bffffff,-33.934614,151.157829,1
Sydney,Arenaria interpres,Ruddy Turnstone,Bird,Vulnerable,87be0e36effffff,-33.947442,151.205643,1
Sydney,Calidris acuminata,Sharp-tailed Sandpiper,Bird,Vulnerable,87be081b0ffffff,-34.014443,150.703611,3
Sydney,Calidris acuminata,Sharp-tailed Sandpiper,Bird,Vulnerable,87be08408ffffff,-33.677954,150.678265,4
Sydney,Calidris acuminata,Sharp-tailed Sandpiper,Bird,Vulnerable,87be08432ffffff,-33.671112,150.839,11
Sydney,Calidris acuminata,Sharp-tailed Sandpiper,Bird,Vulnerable,87be08476ffffff,-33.723712,150.660191,3
Sydney,Calidris acuminata,Sharp-tailed Sandpiper,Bird,Vulnerable,87be084a5ffffff,-33.607404,150.837683,20
Sydney,Calidris acuminata,Sharp-tailed Sandpiper,Bird,Vulnerable,87be0858effffff,-33.638252,150.904545,2
Sydney,Calidris acuminata,Sharp-tailed Sandpiper,Bird,Vulnerable,87be08c83ffffff,-33.918933,151.005522,1
Sydney,Calidris acuminata,Sharp-tailed Sandpiper,Bird,Vulnerable,87be08c92ffffff,-33.863073,151.080159,14
Sydney,Calidris acuminata,Sharp-tailed Sandpiper,Bird,Vulnerable,87be08ca0ffffff,-33.995542,151.05478,1
Sydney,Calidris acuminata,Sharp-tailed Sandpiper,Bird,Vulnerable,87be08ccdffffff,-33.986618,150.741068,3
Sydney,Calidris acuminata,Sharp-tailed Sandpiper,Bird,Vulnerable,87be08ce3ffffff,-34.012576,150.836591,10
Sydney,Calidris acuminata,Sharp-tailed Sandpiper,Bird,Vulnerable,87be08d82ffffff,-34.039144,151.169909,42
Sydney,Calidris acuminata,Sharp-tailed Sandpiper,Bird,Vulnerable,87be08d91ffffff,-34.01622,151.178849,7
Sydney,Calidris acuminata,Sharp-tailed Sandpiper,Bird,Vulnerable,87be08d95ffffff,-34.034097,151.198312,85
Sydney,Calidris acuminata,Sharp-tailed Sandpiper,Bird,Vulnerable,87be08d9dffffff,-34.026299,151.12205,6
Sydney,Calidris acuminata,Sharp-tailed Sandpiper,Bird,Vulnerable,87be08d9effffff,-33.99834,151.159395,1
Sydney,Calidris acuminata,Sharp-tailed Sandpiper,Bird,Vulnerable,87be08db3ffffff,-34.051971,151.217784,18
Sydney,Calidris acuminata,Sharp-tailed Sandpiper,Bird,Vulnerable,87be0e204ffffff,-33.758926,151.305192,4
Sydney,Calidris acuminata,Sharp-tailed Sandpiper,Bird,Vulnerable,87be0e206ffffff,-33.73599,151.314067,65
Sydney,Calidris acuminata,Sharp-tailed Sandpiper,Bird,Vulnerable,87be0e22dffffff,-33.814931,151.230775,1
Sydney,Calidris acuminata,Sharp-tailed Sandpiper,Bird,Vulnerable,87be0e261ffffff,-33.840157,151.089105,327
Sydney,Calidris acuminata,Sharp-tailed Sandpiper,Bird,Vulnerable,87be0e268ffffff,-33.827288,151.041377,1
Sydney,Calidris acuminata,Sharp-tailed Sandpiper,Bird,Vulnerable,87be0e26cffffff,-33.845182,151.060764,106
Sydney,Calidris acuminata,Sharp-tailed Sandpiper,Bird,Vulnerable,87be0e26effffff,-33.822267,151.069712,50
Sydney,Calidris acuminata,Sharp-tailed Sandpiper,Bird,Vulnerable,87be0e275ffffff,-33.807165,151.154705,1
Sydney,Calidris acuminata,Sharp-tailed Sandpiper,Bird,Vulnerable,87be0e340ffffff,-33.901586,151.223481,42
Sydney,Calidris acuminata,Sharp-tailed Sandpiper,Bird,Vulnerable,87be0e345ffffff,-33.924514,151.214565,1
Sydney,Calidris acuminata,Sharp-tailed Sandpiper,Bird,Vulnerable,87be0e34effffff,-33.888766,151.17569,1
Sydney,Calidris acuminata,Sharp-tailed Sandpiper,Bird,Vulnerable,87be0e359ffffff,-33.847965,151.165192,1
Sydney,Calidris acuminata,Sharp-tailed Sandpiper,Bird,Vulnerable,87be0e35cffffff,-33.860788,151.212958,1
Sydney,Calidris acuminata,Sharp-tailed Sandpiper,Bird,Vulnerable,87be0e362ffffff,-33.937321,151.262385,1
Sydney,Calidris acuminata,Sharp-tailed Sandpiper,Bird,Vulnerable,87be0e365ffffff,-33.983183,151.244559,1
Sydney,Calidris acuminata,Sharp-tailed Sandpiper,Bird,Vulnerable,87be0e369ffffff,-33.957536,151.148892,1
Sydney,Calidris acuminata,Sharp-tailed Sandpiper,Bird,Vulnerable,87be0e36bffffff,-33.934614,151.157829,85
Sydney,Calidris acuminata,Sharp-tailed Sandpiper,Bird,Vulnerable,87be0e36effffff,-33.947442,151.205643,83
Sydney,Calidris canutus,"Red Knot, Knot",Bird,Vulnerable,87be08c92ffffff,-33.863073,151.080159,1
Sydney,Calidris canutus,"Red Knot, Knot",Bird,Vulnerable,87be08d91ffffff,-34.01622,151.178849,4
Sydney,Calidris canutus,"Red Knot, Knot",Bird,Vulnerable,87be08d95ffffff,-34.034097,151.198312,101
Sydney,Calidris canutus,"Red Knot, Knot",Bird,Vulnerable,87be08d98ffffff,-34.003379,151.131002,2
Sydney,Calidris canutus,"Red Knot, Knot",Bird,Vulnerable,87be08d9affffff,-33.980458,151.139949,1
Sydney,Calidris canutus,"Red Knot, Knot",Bird,Vulnerable,87be08d9dffffff,-34.026299,151.12205,18
Sydney,Calidris canutus,"Red Knot, Knot",Bird,Vulnerable,87be08d9effffff,-33.99834,151.159395,1
Sydney,Calidris canutus,"Red Knot, Knot",Bird,Vulnerable,87be0e206ffffff,-33.73599,151.314067,63
Sydney,Calidris canutus,"Red Knot, Knot",Bird,Vulnerable,87be0e213ffffff,-33.672266,151.312389,1
Sydney,Calidris canutus,"Red Knot, Knot",Bird,Vulnerable,87be0e261ffffff,-33.840157,151.089105,5
Sydney,Calidris canutus,"Red Knot, Knot",Bird,Vulnerable,87be0e264ffffff,-33.853008,151.13685,3
Sydney,Calidris canutus,"Red Knot, Knot",Bird,Vulnerable,87be0e26cffffff,-33.845182,151.060764,1
Sydney,Calidris canutus,"Red Knot, Knot",Bird,Vulnerable,87be0e362ffffff,-33.937321,151.262385,1
Sydney,Calidris tenuirostris,Great Knot,Bird,Vulnerable,87be08d91ffffff,-34.01622,151.178849,1
Sydney,Calidris tenuirostris,Great Knot,Bird,Vulnerable,87be08d95ffffff,-34.034097,151.198312,23
Sydney,Calidris tenuirostris,Great Knot,Bird,Vulnerable,87be08d98ffffff,-34.003379,151.131002,1
Sydney,Calidris tenuirostris,Great Knot,Bird,Vulnerable,87be0e261ffffff,-33.840157,151.089105,1
Sydney,Calidris tenuirostris,Great Knot,Bird,Vulnerable,87be0e362ffffff,-33.937321,151.262385,1
Sydney,Charadrius leschenaultii,"Greater Sand Plover, Large Sand Plover",Bird,Vulnerable,87be08d95ffffff,-34.034097,151.198312,7
Sydney,Chelonia mydas,Green Turtle,Reptile,Vulnerable,87be081a6ffffff,-34.060207,150.685477,1
Sydney,Chelonia mydas,Green Turtle,Reptile,Vulnerable,87be081b4ffffff,-34.032389,150.72296,1
Sydney,Chelonia mydas,Green Turtle,Reptile,Vulnerable,87be0841cffffff,-33.645183,150.743863,1
Sydney,Chelonia mydas,Green Turtle,Reptile,Vulnerable,87be08429ffffff,-33.741658,150.679463,2
Sydney,Chelonia mydas,Green Turtle,Reptile,Vulnerable,87be0842affffff,-33.713837,150.716805,2
Sydney,Chelonia mydas,Green Turtle,Reptile,Vulnerable,87be08446ffffff,-33.715604,150.584317,1
Sydney,Chelonia mydas,Green Turtle,Reptile,Vulnerable,87be084adffffff,-33.59941,150.761877,2
Sydney,Chelonia mydas,Green Turtle,Reptile,Vulnerable,87be08500ffffff,-33.811477,150.889309,1
Sydney,Chelonia mydas,Green Turtle,Reptile,Vulnerable,87be08509ffffff,-33.808465,150.784974,1
Sydney,Chelonia mydas,Green Turtle,Reptile,Vulnerable,87be0851affffff,-33.729847,150.868628,2
Sydney,Chelonia mydas,Green Turtle,Reptile,Vulnerable,87be0852cffffff,-33.880172,150.862311,1
Sydney,Chelonia mydas,Green Turtle,Reptile,Vulnerable,87be08531ffffff,-33.824403,150.936995,1
Sydney,Chelonia mydas,Green Turtle,Reptile,Vulnerable,87be08552ffffff,-33.772597,150.746358,1
Sydney,Chelonia mydas,Green Turtle,Reptile,Vulnerable,87be0855effffff,-33.782484,150.689705,1
Sydney,Chelonia mydas,Green Turtle,Reptile,Vulnerable,87be0858cffffff,-33.661152,150.895573,1
Sydney,Chelonia mydas,Green Turtle,Reptile,Vulnerable,87be0858dffffff,-33.666135,150.867288,1
Sydney,Chelonia mydas,Green Turtle,Reptile,Vulnerable,87be085a5ffffff,-33.732783,150.972881,1
Sydney,Chelonia mydas,Green Turtle,Reptile,Vulnerable,87be08c50ffffff,-34.081256,150.809488,2
Sydney,Chelonia mydas,Green Turtle,Reptile,Vulnerable,87be08c59ffffff,-34.078156,150.704832,1
Sydney,Chelonia mydas,Green Turtle,Reptile,Vulnerable,87be08c5affffff,-34.050332,150.742318,1
Sydney,Chelonia mydas,Green Turtle,Reptile,Vulnerable,87be08c5effffff,-34.068273,150.761684,2
Sydney,Chelonia mydas,Green Turtle,Reptile,Vulnerable,87be08c84ffffff,-33.954732,151.04433,1
Sydney,Chelonia mydas,Green Turtle,Reptile,Vulnerable,87be08c8cffffff,-33.946844,150.968169,1
Sydney,Chelonia mydas,Green Turtle,Reptile,Vulnerable,87be08c8dffffff,-33.951839,150.939789,1
Sydney,Chelonia mydas,Green Turtle,Reptile,Vulnerable,87be08c94ffffff,-33.90388,151.090617,1
Sydney,Chelonia mydas,Green Turtle,Reptile,Vulnerable,87be08c9cffffff,-33.896023,151.014493,1
Sydney,Chelonia mydas,Green Turtle,Reptile,Vulnerable,87be08ca2ffffff,-33.972627,151.063747,1
Sydney,Chelonia mydas,Green Turtle,Reptile,Vulnerable,87be08cb4ffffff,-33.962573,151.120512,1
Sydney,Chelonia mydas,Green Turtle,Reptile,Vulnerable,87be08cb5ffffff,-33.967604,151.092131,1
Sydney,Chelonia mydas,Green Turtle,Reptile,Vulnerable,87be08cd1ffffff,-33.925964,150.844289,1
Sydney,Chelonia mydas,Green Turtle,Reptile,Vulnerable,87be08d80ffffff,-34.062068,151.160963,21
Sydney,Chelonia mydas,Green Turtle,Reptile,Vulnerable,87be08d82ffffff,-34.039144,151.169909,1
Sydney,Chelonia mydas,Green Turtle,Reptile,Vulnerable,87be08d83ffffff,-34.044185,151.141502,4
Sydney,Chelonia mydas,Green Turtle,Reptile,Vulnerable,87be08d88ffffff,-34.054246,151.084682,4
Sydney,Chelonia mydas,Green Turtle,Reptile,Vulnerable,87be08d8affffff,-34.031329,151.093647,1
Sydney,Chelonia mydas,Green Turtle,Reptile,Vulnerable,87be08d8bffffff,-34.036352,151.065242,2
Sydney,Chelonia mydas,Green Turtle,Reptile,Vulnerable,87be08d8cffffff,-34.072137,151.104132,2
Sydney,Chelonia mydas,Green Turtle,Reptile,Vulnerable,87be08d8effffff,-34.049219,151.113093,1
Sydney,Chelonia mydas,Green Turtle,Reptile,Vulnerable,87be08d90ffffff,-34.01117,151.207245,6
Sydney,Chelonia mydas,Green Turtle,Reptile,Vulnerable,87be08d91ffffff,-34.01622,151.178849,3
Sydney,Chelonia mydas,Green Turtle,Reptile,Vulnerable,87be08d95ffffff,-34.034097,151.198312,2
Sydney,Chelonia mydas,Green Turtle,Reptile,Vulnerable,87be08d96ffffff,-34.006113,151.235639,3
Sydney,Chelonia mydas,Green Turtle,Reptile,Vulnerable,87be08d99ffffff,-34.008411,151.102607,1
Sydney,Chelonia mydas,Green Turtle,Reptile,Vulnerable,87be08d9bffffff,-33.985492,151.111562,2
Sydney,Chelonia mydas,Green Turtle,Reptile,Vulnerable,87be08d9dffffff,-34.026299,151.12205,3
Sydney,Chelonia mydas,Green Turtle,Reptile,Vulnerable,87be0e200ffffff,-33.741069,151.285767,3
Sydney,Chelonia mydas,Green Turtle,Reptile,Vulnerable,87be0e201ffffff,-33.746141,151.257464,1
Sydney,Chelonia mydas,Green Turtle,Reptile,Vulnerable,87be0e202ffffff,-33.718135,151.294646,10
Sydney,Chelonia mydas,Green Turtle,Reptile,Vulnerable,87be0e204ffffff,-33.758926,151.305192,5
Sydney,Chelonia mydas,Green Turtle,Reptile,Vulnerable,87be0e206ffffff,-33.73599,151.314067,11
Sydney,Chelonia mydas,Green Turtle,Reptile,Vulnerable,87be0e211ffffff,-33.695201,151.30352,2
Sydney,Chelonia mydas,Green Turtle,Reptile,Vulnerable,87be0e213ffffff,-33.672266,151.312389,1
Sydney,Chelonia mydas,Green Turtle,Reptile,Vulnerable,87be0e219ffffff,-33.687484,151.227544,1
Sydney,Chelonia mydas,Green Turtle,Reptile,Vulnerable,87be0e21cffffff,-33.700278,151.275233,4
Sydney,Chelonia mydas,Green Turtle,Reptile,Vulnerable,87be0e221ffffff,-33.804795,151.287426,32
Sydney,Chelonia mydas,Green Turtle,Reptile,Vulnerable,87be0e223ffffff,-33.78186,151.296311,4
Sydney,Chelonia mydas,Green Turtle,Reptile,Vulnerable,87be0e229ffffff,-33.797063,151.211355,1
Sydney,Chelonia mydas,Green Turtle,Reptile,Vulnerable,87be0e22bffffff,-33.774135,151.220259,2
Sydney,Chelonia mydas,Green Turtle,Reptile,Vulnerable,87be0e22cffffff,-33.809866,151.259102,8
Sydney,Chelonia mydas,Green Turtle,Reptile,Vulnerable,87be0e22effffff,-33.786935,151.267995,1
Sydney,Chelonia mydas,Green Turtle,Reptile,Vulnerable,87be0e241ffffff,-33.781462,151.059276,1
Sydney,Chelonia mydas,Green Turtle,Reptile,Vulnerable,87be0e245ffffff,-33.799352,151.078656,1
Sydney,Chelonia mydas,Green Turtle,Reptile,Vulnerable,87be0e24bffffff,-33.750685,150.99223,2
Sydney,Chelonia mydas,Green Turtle,Reptile,Vulnerable,87be0e24cffffff,-33.786481,151.030954,1
Sydney,Chelonia mydas,Green Turtle,Reptile,Vulnerable,87be0e254ffffff,-33.743443,151.153146,1
Sydney,Chelonia mydas,Green Turtle,Reptile,Vulnerable,87be0e256ffffff,-33.72052,151.16206,1
Sydney,Chelonia mydas,Green Turtle,Reptile,Vulnerable,87be0e262ffffff,-33.812206,151.126376,1
Sydney,Chelonia mydas,Green Turtle,Reptile,Vulnerable,87be0e266ffffff,-33.830087,151.14578,5
Sydney,Chelonia mydas,Green Turtle,Reptile,Vulnerable,87be0e271ffffff,-33.789285,151.135304,1
Sydney,Chelonia mydas,Green Turtle,Reptile,Vulnerable,87be0e276ffffff,-33.779192,151.191943,1
Sydney,Chelonia mydas,Green Turtle,Reptile,Vulnerable,87be0e281ffffff,-33.585608,151.319572,3
Sydney,Chelonia mydas,Green Turtle,Reptile,Vulnerable,87be0e285ffffff,-33.603457,151.338969,6
Sydney,Chelonia mydas,Green Turtle,Reptile,Vulnerable,87be0e2a8ffffff,-33.631478,151.30185,2
Sydney,Chelonia mydas,Green Turtle,Reptile,Vulnerable,87be0e2acffffff,-33.64933,151.321254,11
Sydney,Chelonia mydas,Green Turtle,Reptile,Vulnerable,87be0e2adffffff,-33.654412,151.292983,8
Sydney,Chelonia mydas,Green Turtle,Reptile,Vulnerable,87be0e2aeffffff,-33.626394,151.330114,2
Sydney,Chelonia mydas,Green Turtle,Reptile,Vulnerable,87be0e2e8ffffff,-33.666883,151.103939,1
Sydney,Chelonia mydas,Green Turtle,Reptile,Vulnerable,87be0e2edffffff,-33.6898,151.095016,1
Sydney,Chelonia mydas,Green Turtle,Reptile,Vulnerable,87be0e346ffffff,-33.896524,151.251838,9
Sydney,Chelonia mydas,Green Turtle,Reptile,Vulnerable,87be0e349ffffff,-33.898848,151.118977,1
Sydney,Chelonia mydas,Green Turtle,Reptile,Vulnerable,87be0e34bffffff,-33.875929,151.127916,1
Sydney,Chelonia mydas,Green Turtle,Reptile,Vulnerable,87be0e34cffffff,-33.91169,151.166762,2
Sydney,Chelonia mydas,Green Turtle,Reptile,Vulnerable,87be0e34effffff,-33.888766,151.17569,3
Sydney,Chelonia mydas,Green Turtle,Reptile,Vulnerable,87be0e350ffffff,-33.850661,151.269641,2
Sydney,Chelonia mydas,Green Turtle,Reptile,Vulnerable,87be0e352ffffff,-33.827728,151.278536,2
Sydney,Chelonia mydas,Green Turtle,Reptile,Vulnerable,87be0e353ffffff,-33.832797,151.250204,4
Sydney,Chelonia mydas,Green Turtle,Reptile,Vulnerable,87be0e359ffffff,-33.847965,151.165192,4
Sydney,Chelonia mydas,Green Turtle,Reptile,Vulnerable,87be0e35cffffff,-33.860788,151.212958,5
Sydney,Chelonia mydas,Green Turtle,Reptile,Vulnerable,87be0e360ffffff,-33.960252,151.253474,1
Sydney,Chelonia mydas,Green Turtle,Reptile,Vulnerable,87be0e362ffffff,-33.937321,151.262385,1
Sydney,Chelonia mydas,Green Turtle,Reptile,Vulnerable,87be0e363ffffff,-33.942385,151.234015,4
Sydney,Chelonia mydas,Green Turtle,Reptile,Vulnerable,87be0e365ffffff,-33.983183,151.244559,5
Sydney,Chelonia mydas,Green Turtle,Reptile,Vulnerable,87be0e369ffffff,-33.957536,151.148892,7
Sydney,Chelonia mydas,Green Turtle,Reptile,Vulnerable,87be0e36bffffff,-33.934614,151.157829,1
Sydney,Chelonia mydas,Green Turtle,Reptile,Vulnerable,87be0e36effffff,-33.947442,151.205643,1
Sydney,Chelonia mydas,Green Turtle,Reptile,Vulnerable,87be0e373ffffff,-33.891455,151.280191,18
Sydney,Coeranoscincus reticulatus,Three-toed Snake-tooth Skink,Reptile,Vulnerable,87be08533ffffff,-33.801499,150.945974,2
Sydney,Diomedea antipodensis,Antipodean Albatross,Bird,Vulnerable,87be08d94ffffff,-34.029043,151.226714,1
Sydney,Diomedea antipodensis,Antipodean Albatross,Bird,Vulnerable,87be08d96ffffff,-34.006113,151.235639,1
Sydney,Diomedea antipodensis,Antipodean Albatross,Bird,Vulnerable,87be0e206ffffff,-33.73599,151.314067,5
Sydney,Diomedea antipodensis,Antipodean Albatross,Bird,Vulnerable,87be0e220ffffff,-33.799716,151.315748,5
Sydney,Diomedea antipodensis,Antipodean Albatross,Bird,Vulnerable,87be0e225ffffff,-33.822652,151.306866,1
Sydney,Diomedea antipodensis,Antipodean Albatross,Bird,Vulnerable,87be0e281ffffff,-33.585608,151.319572,2
Sydney,Diomedea antipodensis,Antipodean Albatross,Bird,Vulnerable,87be0e360ffffff,-33.960252,151.253474,1
Sydney,Diomedea antipodensis,Antipodean Albatross,Bird,Vulnerable,87be0e362ffffff,-33.937321,151.262385,1
Sydney,Diomedea exulans,Wandering Albatross,Bird,Vulnerable,87be0e220ffffff,-33.799716,151.315748,1
Sydney,Diomedea exulans,Wandering Albatross,Bird,Vulnerable,87be0e221ffffff,-33.804795,151.287426,2
Sydney,Diomedea exulans,Wandering Albatross,Bird,Vulnerable,87be0e225ffffff,-33.822652,151.306866,1
Sydney,Diomedea exulans,Wandering Albatross,Bird,Vulnerable,87be0e360ffffff,-33.960252,151.253474,4
Sydney,Diomedea exulans,Wandering Albatross,Bird,Vulnerable,87be0e362ffffff,-33.937321,151.262385,5
Sydney,Eretmochelys imbricata,Hawksbill Turtle,Reptile,Vulnerable,87be08d80ffffff,-34.062068,151.160963,2
Sydney,Eretmochelys imbricata,Hawksbill Turtle,Reptile,Vulnerable,87be08d82ffffff,-34.039144,151.169909,1
Sydney,Eretmochelys imbricata,Hawksbill Turtle,Reptile,Vulnerable,87be08d91ffffff,-34.01622,151.178849,1
Sydney,Eretmochelys imbricata,Hawksbill Turtle,Reptile,Vulnerable,87be08d96ffffff,-34.006113,151.235639,1
Sydney,Eretmochelys imbricata,Hawksbill Turtle,Reptile,Vulnerable,87be0e202ffffff,-33.718135,151.294646,6
Sydney,Eretmochelys imbricata,Hawksbill Turtle,Reptile,Vulnerable,87be0e204ffffff,-33.758926,151.305192,2
Sydney,Eretmochelys imbricata,Hawksbill Turtle,Reptile,Vulnerable,87be0e205ffffff,-33.764002,151.276883,1
Sydney,Eretmochelys imbricata,Hawksbill Turtle,Reptile,Vulnerable,87be0e211ffffff,-33.695201,151.30352,2
Sydney,Eretmochelys imbricata,Hawksbill Turtle,Reptile,Vulnerable,87be0e213ffffff,-33.672266,151.312389,4
Sydney,Eretmochelys imbricata,Hawksbill Turtle,Reptile,Vulnerable,87be0e221ffffff,-33.804795,151.287426,7
Sydney,Eretmochelys imbricata,Hawksbill Turtle,Reptile,Vulnerable,87be0e223ffffff,-33.78186,151.296311,2
Sydney,Eretmochelys imbricata,Hawksbill Turtle,Reptile,Vulnerable,87be0e285ffffff,-33.603457,151.338969,1
Sydney,Eretmochelys imbricata,Hawksbill Turtle,Reptile,Vulnerable,87be0e2acffffff,-33.64933,151.321254,2
Sydney,Eretmochelys imbricata,Hawksbill Turtle,Reptile,Vulnerable,87be0e2aeffffff,-33.626394,151.330114,2
Sydney,Eretmochelys imbricata,Hawksbill Turtle,Reptile,Vulnerable,87be0e352ffffff,-33.827728,151.278536,1
Sydney,Eretmochelys imbricata,Hawksbill Turtle,Reptile,Vulnerable,87be0e35cffffff,-33.860788,151.212958,1
Sydney,Eretmochelys imbricata,Hawksbill Turtle,Reptile,Vulnerable,87be0e362ffffff,-33.937321,151.262385,2
Sydney,Eretmochelys imbricata,Hawksbill Turtle,Reptile,Vulnerable,87be0e363ffffff,-33.942385,151.234015,2
Sydney,Eretmochelys imbricata,Hawksbill Turtle,Reptile,Vulnerable,87be0e371ffffff,-33.914389,151.27129,3
Sydney,Eretmochelys imbricata,Hawksbill Turtle,Reptile,Vulnerable,87be0e373ffffff,-33.891455,151.280191,1
Sydney,Falco hypoleucos,Grey Falcon,Bird,Vulnerable,87be08c9dffffff,-33.90103,150.986131,1
Sydney,Falco hypoleucos,Grey Falcon,Bird,Vulnerable,87be0e2edffffff,-33.6898,151.095016,1
Sydney,Gallinago hardwickii,"Latham's Snipe, Japanese Snipe",Bird,Vulnerable,87be081a2ffffff,-34.042255,150.666131,1
Sydney,Gallinago hardwickii,"Latham's Snipe, Japanese Snipe",Bird,Vulnerable,87be081a6ffffff,-34.060207,150.685477,73
Sydney,Gallinago hardwickii,"Latham's Snipe, Japanese Snipe",Bird,Vulnerable,87be081b0ffffff,-34.014443,150.703611,17
Sydney,Gallinago hardwickii,"Latham's Snipe, Japanese Snipe",Bird,Vulnerable,87be081b4ffffff,-34.032389,150.72296,7
Sydney,Gallinago hardwickii,"Latham's Snipe, Japanese Snipe",Bird,Vulnerable,87be081b5ffffff,-34.037325,150.694546,5
Sydney,Gallinago hardwickii,"Latham's Snipe, Japanese Snipe",Bird,Vulnerable,87be08408ffffff,-33.677954,150.678265,3
Sydney,Gallinago hardwickii,"Latham's Snipe, Japanese Snipe",Bird,Vulnerable,87be0842bffffff,-33.718778,150.688499,2
Sydney,Gallinago hardwickii,"Latham's Snipe, Japanese Snipe",Bird,Vulnerable,87be08431ffffff,-33.698974,150.801711,1
Sydney,Gallinago hardwickii,"Latham's Snipe, Japanese Snipe",Bird,Vulnerable,87be08432ffffff,-33.671112,150.839,2
Sydney,Gallinago hardwickii,"Latham's Snipe, Japanese Snipe",Bird,Vulnerable,87be08475ffffff,-33.751515,150.622828,10
Sydney,Gallinago hardwickii,"Latham's Snipe, Japanese Snipe",Bird,Vulnerable,87be08476ffffff,-33.723712,150.660191,4
Sydney,Gallinago hardwickii,"Latham's Snipe, Japanese Snipe",Bird,Vulnerable,87be084a5ffffff,-33.607404,150.837683,3
Sydney,Gallinago hardwickii,"Latham's Snipe, Japanese Snipe",Bird,Vulnerable,87be08503ffffff,-33.79356,150.869971,1
Sydney,Gallinago hardwickii,"Latham's Snipe, Japanese Snipe",Bird,Vulnerable,87be0850effffff,-33.798535,150.841641,2
Sydney,Gallinago hardwickii,"Latham's Snipe, Japanese Snipe",Bird,Vulnerable,87be08518ffffff,-33.752743,150.859637,5
Sydney,Gallinago hardwickii,"Latham's Snipe, Japanese Snipe",Bird,Vulnerable,87be0851affffff,-33.729847,150.868628,1
Sydney,Gallinago hardwickii,"Latham's Snipe, Japanese Snipe",Bird,Vulnerable,87be0851bffffff,-33.734822,150.84032,1
Sydney,Gallinago hardwickii,"Latham's Snipe, Japanese Snipe",Bird,Vulnerable,87be0852effffff,-33.857274,150.871315,5
Sydney,Gallinago hardwickii,"Latham's Snipe, Japanese Snipe",Bird,Vulnerable,87be08552ffffff,-33.772597,150.746358,1
Sydney,Gallinago hardwickii,"Latham's Snipe, Japanese Snipe",Bird,Vulnerable,87be0855affffff,-33.764538,150.670421,10
Sydney,Gallinago hardwickii,"Latham's Snipe, Japanese Snipe",Bird,Vulnerable,87be08581ffffff,-33.656162,150.923856,13
Sydney,Gallinago hardwickii,"Latham's Snipe, Japanese Snipe",Bird,Vulnerable,87be08588ffffff,-33.643238,150.876268,2
Sydney,Gallinago hardwickii,"Latham's Snipe, Japanese Snipe",Bird,Vulnerable,87be0858dffffff,-33.666135,150.867288,1
Sydney,Gallinago hardwickii,"Latham's Snipe, Japanese Snipe",Bird,Vulnerable,87be0858effffff,-33.638252,150.904545,40
Sydney,Gallinago hardwickii,"Latham's Snipe, Japanese Snipe",Bird,Vulnerable,87be085aaffffff,-33.679063,150.914887,1
Sydney,Gallinago hardwickii,"Latham's Snipe, Japanese Snipe",Bird,Vulnerable,87be085abffffff,-33.684051,150.886596,1
Sydney,Gallinago hardwickii,"Latham's Snipe, Japanese Snipe",Bird,Vulnerable,87be08c11ffffff,-34.05138,150.980011,1
Sydney,Gallinago hardwickii,"Latham's Snipe, Japanese Snipe",Bird,Vulnerable,87be08c13ffffff,-34.028473,150.989003,1
Sydney,Gallinago hardwickii,"Latham's Snipe, Japanese Snipe",Bird,Vulnerable,87be08c52ffffff,-34.058364,150.818527,1
Sydney,Gallinago hardwickii,"Latham's Snipe, Japanese Snipe",Bird,Vulnerable,87be08c53ffffff,-34.063322,150.790107,1
Sydney,Gallinago hardwickii,"Latham's Snipe, Japanese Snipe",Bird,Vulnerable,87be08c58ffffff,-34.073218,150.733259,47
Sydney,Gallinago hardwickii,"Latham's Snipe, Japanese Snipe",Bird,Vulnerable,87be08c5bffffff,-34.055273,150.713899,9
Sydney,Gallinago hardwickii,"Latham's Snipe, Japanese Snipe",Bird,Vulnerable,87be08c5effffff,-34.068273,150.761684,235
Sydney,Gallinago hardwickii,"Latham's Snipe, Japanese Snipe",Bird,Vulnerable,87be08c81ffffff,-33.941842,150.996546,1
Sydney,Gallinago hardwickii,"Latham's Snipe, Japanese Snipe",Bird,Vulnerable,87be08c8cffffff,-33.946844,150.968169,16
Sydney,Gallinago hardwickii,"Latham's Snipe, Japanese Snipe",Bird,Vulnerable,87be08c8dffffff,-33.951839,150.939789,1
Sydney,Gallinago hardwickii,"Latham's Snipe, Japanese Snipe",Bird,Vulnerable,87be08c92ffffff,-33.863073,151.080159,37
Sydney,Gallinago hardwickii,"Latham's Snipe, Japanese Snipe",Bird,Vulnerable,87be08ca2ffffff,-33.972627,151.063747,3
Sydney,Gallinago hardwickii,"Latham's Snipe, Japanese Snipe",Bird,Vulnerable,87be08ca6ffffff,-33.99052,151.083172,43
Sydney,Gallinago hardwickii,"Latham's Snipe, Japanese Snipe",Bird,Vulnerable,87be08caeffffff,-33.982655,151.006972,17
Sydney,Gallinago hardwickii,"Latham's Snipe, Japanese Snipe",Bird,Vulnerable,87be08cb4ffffff,-33.962573,151.120512,1
Sydney,Gallinago hardwickii,"Latham's Snipe, Japanese Snipe",Bird,Vulnerable,87be08cc1ffffff,-33.976715,150.797857,2
Sydney,Gallinago hardwickii,"Latham's Snipe, Japanese Snipe",Bird,Vulnerable,87be08cc5ffffff,-33.994647,150.81722,5
Sydney,Gallinago hardwickii,"Latham's Snipe, Japanese Snipe",Bird,Vulnerable,87be08ccdffffff,-33.986618,150.741068,1
Sydney,Gallinago hardwickii,"Latham's Snipe, Japanese Snipe",Bird,Vulnerable,87be08cdcffffff,-33.930931,150.815914,1
Sydney,Gallinago hardwickii,"Latham's Snipe, Japanese Snipe",Bird,Vulnerable,87be08ce3ffffff,-34.012576,150.836591,7
Sydney,Gallinago hardwickii,"Latham's Snipe, Japanese Snipe",Bird,Vulnerable,87be08ce8ffffff,-34.022496,150.77978,2
Sydney,Gallinago hardwickii,"Latham's Snipe, Japanese Snipe",Bird,Vulnerable,87be08cedffffff,-34.045385,150.770735,12
Sydney,Gallinago hardwickii,"Latham's Snipe, Japanese Snipe",Bird,Vulnerable,87be08d82ffffff,-34.039144,151.169909,1
Sydney,Gallinago hardwickii,"Latham's Snipe, Japanese Snipe",Bird,Vulnerable,87be08d94ffffff,-34.029043,151.226714,3
Sydney,Gallinago hardwickii,"Latham's Snipe, Japanese Snipe",Bird,Vulnerable,87be08d95ffffff,-34.034097,151.198312,3
Sydney,Gallinago hardwickii,"Latham's Snipe, Japanese Snipe",Bird,Vulnerable,87be0e204ffffff,-33.758926,151.305192,4
Sydney,Gallinago hardwickii,"Latham's Snipe, Japanese Snipe",Bird,Vulnerable,87be0e206ffffff,-33.73599,151.314067,44
Sydney,Gallinago hardwickii,"Latham's Snipe, Japanese Snipe",Bird,Vulnerable,87be0e211ffffff,-33.695201,151.30352,6
Sydney,Gallinago hardwickii,"Latham's Snipe, Japanese Snipe",Bird,Vulnerable,87be0e21cffffff,-33.700278,151.275233,1
Sydney,Gallinago hardwickii,"Latham's Snipe, Japanese Snipe",Bird,Vulnerable,87be0e22dffffff,-33.814931,151.230775,2
Sydney,Gallinago hardwickii,"Latham's Snipe, Japanese Snipe",Bird,Vulnerable,87be0e22effffff,-33.786935,151.267995,1
Sydney,Gallinago hardwickii,"Latham's Snipe, Japanese Snipe",Bird,Vulnerable,87be0e261ffffff,-33.840157,151.089105,62
Sydney,Gallinago hardwickii,"Latham's Snipe, Japanese Snipe",Bird,Vulnerable,87be0e26cffffff,-33.845182,151.060764,383
Sydney,Gallinago hardwickii,"Latham's Snipe, Japanese Snipe",Bird,Vulnerable,87be0e26effffff,-33.822267,151.069712,155
Sydney,Gallinago hardwickii,"Latham's Snipe, Japanese Snipe",Bird,Vulnerable,87be0e273ffffff,-33.766364,151.144228,1
Sydney,Gallinago hardwickii,"Latham's Snipe, Japanese Snipe",Bird,Vulnerable,87be0e340ffffff,-33.901586,151.223481,124
Sydney,Gallinago hardwickii,"Latham's Snipe, Japanese Snipe",Bird,Vulnerable,87be0e341ffffff,-33.906642,151.195123,78
Sydney,Gallinago hardwickii,"Latham's Snipe, Japanese Snipe",Bird,Vulnerable,87be0e344ffffff,-33.919455,151.242929,47
Sydney,Gallinago hardwickii,"Latham's Snipe, Japanese Snipe",Bird,Vulnerable,87be0e345ffffff,-33.924514,151.214565,14
Sydney,Gallinago hardwickii,"Latham's Snipe, Japanese Snipe",Bird,Vulnerable,87be0e360ffffff,-33.960252,151.253474,7
Sydney,Gallinago hardwickii,"Latham's Snipe, Japanese Snipe",Bird,Vulnerable,87be0e362ffffff,-33.937321,151.262385,6
Sydney,Gallinago hardwickii,"Latham's Snipe, Japanese Snipe",Bird,Vulnerable,87be0e363ffffff,-33.942385,151.234015,1
Sydney,Gallinago hardwickii,"Latham's Snipe, Japanese Snipe",Bird,Vulnerable,87be0e365ffffff,-33.983183,151.244559,3
Sydney,Gallinago hardwickii,"Latham's Snipe, Japanese Snipe",Bird,Vulnerable,87be0e36bffffff,-33.934614,151.157829,5
Sydney,Gallinago hardwickii,"Latham's Snipe, Japanese Snipe",Bird,Vulnerable,87be0e36effffff,-33.947442,151.205643,268
Sydney,Grantiella picta,Painted Honeyeater,Bird,Vulnerable,87be08410ffffff,-33.635266,150.800421,1
Sydney,Grantiella picta,Painted Honeyeater,Bird,Vulnerable,87be08429ffffff,-33.741658,150.679463,43
Sydney,Grantiella picta,Painted Honeyeater,Bird,Vulnerable,87be08518ffffff,-33.752743,150.859637,1
Sydney,Grantiella picta,Painted Honeyeater,Bird,Vulnerable,87be08c53ffffff,-34.063322,150.790107,1
Sydney,Grantiella picta,Painted Honeyeater,Bird,Vulnerable,87be08c5effffff,-34.068273,150.761684,9
Sydney,Grantiella picta,Painted Honeyeater,Bird,Vulnerable,87be08cedffffff,-34.045385,150.770735,1
Sydney,Grantiella picta,Painted Honeyeater,Bird,Vulnerable,87be0e266ffffff,-33.830087,151.14578,1
Sydney,Grantiella picta,Painted Honeyeater,Bird,Vulnerable,87be0e348ffffff,-33.893811,151.147335,1
Sydney,Hirundapus caudacutus,White-throated Needletail,Bird,Vulnerable,87be081a6ffffff,-34.060207,150.685477,1
Sydney,Hirundapus caudacutus,White-throated Needletail,Bird,Vulnerable,87be081b0ffffff,-34.014443,150.703611,2
Sydney,Hirundapus caudacutus,White-throated Needletail,Bird,Vulnerable,87be081b4ffffff,-34.032389,150.72296,1
Sydney,Hirundapus caudacutus,White-throated Needletail,Bird,Vulnerable,87be0840bffffff,-33.660008,150.659008,1
Sydney,Hirundapus caudacutus,White-throated Needletail,Bird,Vulnerable,87be08410ffffff,-33.635266,150.800421,5
Sydney,Hirundapus caudacutus,White-throated Needletail,Bird,Vulnerable,87be08411ffffff,-33.640228,150.772143,2
Sydney,Hirundapus caudacutus,White-throated Needletail,Bird,Vulnerable,87be08413ffffff,-33.617339,150.781145,1
Sydney,Hirundapus caudacutus,White-throated Needletail,Bird,Vulnerable,87be08414ffffff,-33.65319,150.819707,4
Sydney,Hirundapus caudacutus,White-throated Needletail,Bird,Vulnerable,87be08415ffffff,-33.658156,150.791423,1
Sydney,Hirundapus caudacutus,White-throated Needletail,Bird,Vulnerable,87be0841cffffff,-33.645183,150.743863,2
Sydney,Hirundapus caudacutus,White-throated Needletail,Bird,Vulnerable,87be0841effffff,-33.622297,150.752872,3
Sydney,Hirundapus caudacutus,White-throated Needletail,Bird,Vulnerable,87be08424ffffff,-33.762684,150.803002,1
Sydney,Hirundapus caudacutus,White-throated Needletail,Bird,Vulnerable,87be08426ffffff,-33.739792,150.812009,1
Sydney,Hirundapus caudacutus,White-throated Needletail,Bird,Vulnerable,87be08429ffffff,-33.741658,150.679463,21
Sydney,Hirundapus caudacutus,White-throated Needletail,Bird,Vulnerable,87be0842affffff,-33.713837,150.716805,2
Sydney,Hirundapus caudacutus,White-throated Needletail,Bird,Vulnerable,87be0842bffffff,-33.718778,150.688499,1
Sydney,Hirundapus caudacutus,White-throated Needletail,Bird,Vulnerable,87be08432ffffff,-33.671112,150.839,1
Sydney,Hirundapus caudacutus,White-throated Needletail,Bird,Vulnerable,87be08434ffffff,-33.711927,150.849314,3
Sydney,Hirundapus caudacutus,White-throated Needletail,Bird,Vulnerable,87be08436ffffff,-33.689032,150.858303,1
Sydney,Hirundapus caudacutus,White-throated Needletail,Bird,Vulnerable,87be08440ffffff,-33.720514,150.556008,2
Sydney,Hirundapus caudacutus,White-throated Needletail,Bird,Vulnerable,87be08442ffffff,-33.697645,150.565074,19
Sydney,Hirundapus caudacutus,White-throated Needletail,Bird,Vulnerable,87be08443ffffff,-33.702551,150.536771,1
Sydney,Hirundapus caudacutus,White-throated Needletail,Bird,Vulnerable,87be08446ffffff,-33.715604,150.584317,5
Sydney,Hirundapus caudacutus,White-throated Needletail,Bird,Vulnerable,87be08450ffffff,-33.669859,150.602428,1
Sydney,Hirundapus caudacutus,White-throated Needletail,Bird,Vulnerable,87be08454ffffff,-33.687812,150.621674,2
Sydney,Hirundapus caudacutus,White-throated Needletail,Bird,Vulnerable,87be08455ffffff,-33.692732,150.593375,6
Sydney,Hirundapus caudacutus,White-throated Needletail,Bird,Vulnerable,87be0845cffffff,-33.679683,150.54584,4
Sydney,Hirundapus caudacutus,White-throated Needletail,Bird,Vulnerable,87be08470ffffff,-33.72864,150.631881,2
Sydney,Hirundapus caudacutus,White-throated Needletail,Bird,Vulnerable,87be08472ffffff,-33.705763,150.640928,2
Sydney,Hirundapus caudacutus,White-throated Needletail,Bird,Vulnerable,87be08473ffffff,-33.710687,150.612623,1
Sydney,Hirundapus caudacutus,White-throated Needletail,Bird,Vulnerable,87be08474ffffff,-33.74659,150.651147,1
Sydney,Hirundapus caudacutus,White-throated Needletail,Bird,Vulnerable,87be08475ffffff,-33.751515,150.622828,17
Sydney,Hirundapus caudacutus,White-throated Needletail,Bird,Vulnerable,87be08476ffffff,-33.723712,150.660191,10
Sydney,Hirundapus caudacutus,White-throated Needletail,Bird,Vulnerable,87be084a5ffffff,-33.607404,150.837683,1
Sydney,Hirundapus caudacutus,White-throated Needletail,Bird,Vulnerable,87be084a9ffffff,-33.581478,150.742618,1
Sydney,Hirundapus caudacutus,White-throated Needletail,Bird,Vulnerable,87be084adffffff,-33.59941,150.761877,1
Sydney,Hirundapus caudacutus,White-throated Needletail,Bird,Vulnerable,87be08502ffffff,-33.788578,150.898299,1
Sydney,Hirundapus caudacutus,White-throated Needletail,Bird,Vulnerable,87be08503ffffff,-33.79356,150.869971,2
Sydney,Hirundapus caudacutus,White-throated Needletail,Bird,Vulnerable,87be08504ffffff,-33.829393,150.908656,2
Sydney,Hirundapus caudacutus,White-throated Needletail,Bird,Vulnerable,87be08506ffffff,-33.806491,150.917643,3
Sydney,Hirundapus caudacutus,White-throated Needletail,Bird,Vulnerable,87be0850affffff,-33.78061,150.822317,1
Sydney,Hirundapus caudacutus,White-throated Needletail,Bird,Vulnerable,87be0850bffffff,-33.785575,150.79399,1
Sydney,Hirundapus caudacutus,White-throated Needletail,Bird,Vulnerable,87be0850dffffff,-33.826395,150.804295,1
Sydney,Hirundapus caudacutus,White-throated Needletail,Bird,Vulnerable,87be0850effffff,-33.798535,150.841641,3
Sydney,Hirundapus caudacutus,White-throated Needletail,Bird,Vulnerable,87be08510ffffff,-33.760687,150.935601,2
Sydney,Hirundapus caudacutus,White-throated Needletail,Bird,Vulnerable,87be08511ffffff,-33.765677,150.907284,4
Sydney,Hirundapus caudacutus,White-throated Needletail,Bird,Vulnerable,87be08512ffffff,-33.737783,150.944573,7
Sydney,Hirundapus caudacutus,White-throated Needletail,Bird,Vulnerable,87be08513ffffff,-33.742776,150.916264,38
Sydney,Hirundapus caudacutus,White-throated Needletail,Bird,Vulnerable,87be08514ffffff,-33.778594,150.954948,1
Sydney,Hirundapus caudacutus,White-throated Needletail,Bird,Vulnerable,87be08516ffffff,-33.755689,150.963917,12
Sydney,Hirundapus caudacutus,White-throated Needletail,Bird,Vulnerable,87be08518ffffff,-33.752743,150.859637,14
Sydney,Hirundapus caudacutus,White-throated Needletail,Bird,Vulnerable,87be08519ffffff,-33.757717,150.831321,2
Sydney,Hirundapus caudacutus,White-throated Needletail,Bird,Vulnerable,87be0851affffff,-33.729847,150.868628,4
Sydney,Hirundapus caudacutus,White-throated Needletail,Bird,Vulnerable,87be0851bffffff,-33.734822,150.84032,3
Sydney,Hirundapus caudacutus,White-throated Needletail,Bird,Vulnerable,87be0851cffffff,-33.770662,150.878964,2
Sydney,Hirundapus caudacutus,White-throated Needletail,Bird,Vulnerable,87be0851dffffff,-33.775639,150.850641,1
Sydney,Hirundapus caudacutus,White-throated Needletail,Bird,Vulnerable,87be0851effffff,-33.747763,150.887952,1
Sydney,Hirundapus caudacutus,White-throated Needletail,Bird,Vulnerable,87be08523ffffff,-33.852293,150.899665,2
Sydney,Hirundapus caudacutus,White-throated Needletail,Bird,Vulnerable,87be0852affffff,-33.839353,150.851971,1
Sydney,Hirundapus caudacutus,White-throated Needletail,Bird,Vulnerable,87be0852bffffff,-33.844323,150.823625,1
Sydney,Hirundapus caudacutus,White-throated Needletail,Bird,Vulnerable,87be0852cffffff,-33.880172,150.862311,2
Sydney,Hirundapus caudacutus,White-throated Needletail,Bird,Vulnerable,87be0852effffff,-33.857274,150.871315,4
Sydney,Hirundapus caudacutus,White-throated Needletail,Bird,Vulnerable,87be08531ffffff,-33.824403,150.936995,2
Sydney,Hirundapus caudacutus,White-throated Needletail,Bird,Vulnerable,87be08532ffffff,-33.7965,150.974303,4
Sydney,Hirundapus caudacutus,White-throated Needletail,Bird,Vulnerable,87be08533ffffff,-33.801499,150.945974,5
Sydney,Hirundapus caudacutus,White-throated Needletail,Bird,Vulnerable,87be08536ffffff,-33.814402,150.993666,3
Sydney,Hirundapus caudacutus,White-throated Needletail,Bird,Vulnerable,87be08552ffffff,-33.772597,150.746358,1
Sydney,Hirundapus caudacutus,White-throated Needletail,Bird,Vulnerable,87be08553ffffff,-33.777544,150.718033,7
Sydney,Hirundapus caudacutus,White-throated Needletail,Bird,Vulnerable,87be08558ffffff,-33.787418,150.661375,12
Sydney,Hirundapus caudacutus,White-throated Needletail,Bird,Vulnerable,87be0855bffffff,-33.769468,150.642098,1
Sydney,Hirundapus caudacutus,White-throated Needletail,Bird,Vulnerable,87be0855cffffff,-33.805365,150.680662,1
Sydney,Hirundapus caudacutus,White-throated Needletail,Bird,Vulnerable,87be08581ffffff,-33.656162,150.923856,5
Sydney,Hirundapus caudacutus,White-throated Needletail,Bird,Vulnerable,87be08585ffffff,-33.674069,150.943175,1
Sydney,Hirundapus caudacutus,White-throated Needletail,Bird,Vulnerable,87be0858effffff,-33.638252,150.904545,1
Sydney,Hirundapus caudacutus,White-throated Needletail,Bird,Vulnerable,87be085a0ffffff,-33.709876,150.98184,23
Sydney,Hirundapus caudacutus,White-throated Needletail,Bird,Vulnerable,87be085a1ffffff,-33.714879,150.953541,2
Sydney,Hirundapus caudacutus,White-throated Needletail,Bird,Vulnerable,87be085a4ffffff,-33.727776,151.001186,7
Sydney,Hirundapus caudacutus,White-throated Needletail,Bird,Vulnerable,87be085a5ffffff,-33.732783,150.972881,3
Sydney,Hirundapus caudacutus,White-throated Needletail,Bird,Vulnerable,87be085a6ffffff,-33.704867,151.010138,3
Sydney,Hirundapus caudacutus,White-throated Needletail,Bird,Vulnerable,87be085a8ffffff,-33.701964,150.905913,1
Sydney,Hirundapus caudacutus,White-throated Needletail,Bird,Vulnerable,87be085a9ffffff,-33.706949,150.877615,5
Sydney,Hirundapus caudacutus,White-throated Needletail,Bird,Vulnerable,87be085acffffff,-33.719875,150.925239,7
Sydney,Hirundapus caudacutus,White-throated Needletail,Bird,Vulnerable,87be085adffffff,-33.724864,150.896935,14
Sydney,Hirundapus caudacutus,White-throated Needletail,Bird,Vulnerable,87be085aeffffff,-33.696972,150.934209,7
Sydney,Hirundapus caudacutus,White-throated Needletail,Bird,Vulnerable,87be08c10ffffff,-34.046378,151.008423,2
Sydney,Hirundapus caudacutus,White-throated Needletail,Bird,Vulnerable,87be08c11ffffff,-34.05138,150.980011,2
Sydney,Hirundapus caudacutus,White-throated Needletail,Bird,Vulnerable,87be08c12ffffff,-34.023467,151.017407,3
Sydney,Hirundapus caudacutus,White-throated Needletail,Bird,Vulnerable,87be08c14ffffff,-34.06428,151.027853,8
Sydney,Hirundapus caudacutus,White-throated Needletail,Bird,Vulnerable,87be08c16ffffff,-34.041368,151.036834,2
Sydney,Hirundapus caudacutus,White-throated Needletail,Bird,Vulnerable,87be08c1bffffff,-34.020547,150.912786,3
Sydney,Hirundapus caudacutus,White-throated Needletail,Bird,Vulnerable,87be08c33ffffff,-34.087191,151.018868,1
Sydney,Hirundapus caudacutus,White-throated Needletail,Bird,Vulnerable,87be08c50ffffff,-34.081256,150.809488,2
Sydney,Hirundapus caudacutus,White-throated Needletail,Bird,Vulnerable,87be08c56ffffff,-34.076294,150.837914,1
Sydney,Hirundapus caudacutus,White-throated Needletail,Bird,Vulnerable,87be08c58ffffff,-34.073218,150.733259,2
Sydney,Hirundapus caudacutus,White-throated Needletail,Bird,Vulnerable,87be08c5effffff,-34.068273,150.761684,3
Sydney,Hirundapus caudacutus,White-throated Needletail,Bird,Vulnerable,87be08c80ffffff,-33.936834,151.024921,4
Sydney,Hirundapus caudacutus,White-throated Needletail,Bird,Vulnerable,87be08c81ffffff,-33.941842,150.996546,5
Sydney,Hirundapus caudacutus,White-throated Needletail,Bird,Vulnerable,87be08c83ffffff,-33.918933,151.005522,1
Sydney,Hirundapus caudacutus,White-throated Needletail,Bird,Vulnerable,87be08c84ffffff,-33.954732,151.04433,6
Sydney,Hirundapus caudacutus,White-throated Needletail,Bird,Vulnerable,87be08c85ffffff,-33.959744,151.015949,4
Sydney,Hirundapus caudacutus,White-throated Needletail,Bird,Vulnerable,87be08c88ffffff,-33.928935,150.948781,2
Sydney,Hirundapus caudacutus,White-throated Needletail,Bird,Vulnerable,87be08c8bffffff,-33.911023,150.929401,2
Sydney,Hirundapus caudacutus,White-throated Needletail,Bird,Vulnerable,87be08c8cffffff,-33.946844,150.968169,5
Sydney,Hirundapus caudacutus,White-throated Needletail,Bird,Vulnerable,87be08c8effffff,-33.923937,150.977152,1
Sydney,Hirundapus caudacutus,White-throated Needletail,Bird,Vulnerable,87be08c90ffffff,-33.885989,151.071209,2
Sydney,Hirundapus caudacutus,White-throated Needletail,Bird,Vulnerable,87be08c91ffffff,-33.891009,151.042852,6
Sydney,Hirundapus caudacutus,White-throated Needletail,Bird,Vulnerable,87be08c92ffffff,-33.863073,151.080159,10
Sydney,Hirundapus caudacutus,White-throated Needletail,Bird,Vulnerable,87be08c93ffffff,-33.868096,151.05181,9
Sydney,Hirundapus caudacutus,White-throated Needletail,Bird,Vulnerable,87be08c94ffffff,-33.90388,151.090617,1
Sydney,Hirundapus caudacutus,White-throated Needletail,Bird,Vulnerable,87be08c96ffffff,-33.880962,151.099564,4
Sydney,Hirundapus caudacutus,White-throated Needletail,Bird,Vulnerable,87be08c9cffffff,-33.896023,151.014493,1
Sydney,Hirundapus caudacutus,White-throated Needletail,Bird,Vulnerable,87be08c9dffffff,-33.90103,150.986131,1
Sydney,Hirundapus caudacutus,White-throated Needletail,Bird,Vulnerable,87be08ca0ffffff,-33.995542,151.05478,1
Sydney,Hirundapus caudacutus,White-throated Needletail,Bird,Vulnerable,87be08ca1ffffff,-34.000556,151.026386,8
Sydney,Hirundapus caudacutus,White-throated Needletail,Bird,Vulnerable,87be08ca2ffffff,-33.972627,151.063747,49
Sydney,Hirundapus caudacutus,White-throated Needletail,Bird,Vulnerable,87be08ca3ffffff,-33.977644,151.03536,13
Sydney,Hirundapus caudacutus,White-throated Needletail,Bird,Vulnerable,87be08ca4ffffff,-34.013437,151.074209,4
Sydney,Hirundapus caudacutus,White-throated Needletail,Bird,Vulnerable,87be08ca5ffffff,-34.018455,151.045809,22
Sydney,Hirundapus caudacutus,White-throated Needletail,Bird,Vulnerable,87be08ca6ffffff,-33.99052,151.083172,46
Sydney,Hirundapus caudacutus,White-throated Needletail,Bird,Vulnerable,87be08caaffffff,-33.964751,150.987566,2
Sydney,Hirundapus caudacutus,White-throated Needletail,Bird,Vulnerable,87be08cabffffff,-33.96975,150.959181,1
Sydney,Hirundapus caudacutus,White-throated Needletail,Bird,Vulnerable,87be08cacffffff,-34.005564,150.99799,4
Sydney,Hirundapus caudacutus,White-throated Needletail,Bird,Vulnerable,87be08caeffffff,-33.982655,151.006972,5
Sydney,Hirundapus caudacutus,White-throated Needletail,Bird,Vulnerable,87be08cb0ffffff,-33.944686,151.101084,3
Sydney,Hirundapus caudacutus,White-throated Needletail,Bird,Vulnerable,87be08cb1ffffff,-33.949712,151.072708,2
Sydney,Hirundapus caudacutus,White-throated Needletail,Bird,Vulnerable,87be08cb2ffffff,-33.921768,151.110033,4
Sydney,Hirundapus caudacutus,White-throated Needletail,Bird,Vulnerable,87be08cb3ffffff,-33.926796,151.081665,2
Sydney,Hirundapus caudacutus,White-throated Needletail,Bird,Vulnerable,87be08cb4ffffff,-33.962573,151.120512,2
Sydney,Hirundapus caudacutus,White-throated Needletail,Bird,Vulnerable,87be08cb5ffffff,-33.967604,151.092131,8
Sydney,Hirundapus caudacutus,White-throated Needletail,Bird,Vulnerable,87be08cb6ffffff,-33.939653,151.129458,26
Sydney,Hirundapus caudacutus,White-throated Needletail,Bird,Vulnerable,87be08cc5ffffff,-33.994647,150.81722,1
Sydney,Hirundapus caudacutus,White-throated Needletail,Bird,Vulnerable,87be08cd4ffffff,-33.93891,150.89203,2
Sydney,Hirundapus caudacutus,White-throated Needletail,Bird,Vulnerable,87be08ce3ffffff,-34.012576,150.836591,2
Sydney,Hirundapus caudacutus,White-throated Needletail,Bird,Vulnerable,87be08ce5ffffff,-34.053399,150.846946,4
Sydney,Hirundapus caudacutus,White-throated Needletail,Bird,Vulnerable,87be08ce8ffffff,-34.022496,150.77978,1
Sydney,Hirundapus caudacutus,White-throated Needletail,Bird,Vulnerable,87be08cf1ffffff,-33.984708,150.874011,1
Sydney,Hirundapus caudacutus,White-throated Needletail,Bird,Vulnerable,87be08cf3ffffff,-33.96181,150.883023,1
Sydney,Hirundapus caudacutus,White-throated Needletail,Bird,Vulnerable,87be08d80ffffff,-34.062068,151.160963,1
Sydney,Hirundapus caudacutus,White-throated Needletail,Bird,Vulnerable,87be08d82ffffff,-34.039144,151.169909,4
Sydney,Hirundapus caudacutus,White-throated Needletail,Bird,Vulnerable,87be08d83ffffff,-34.044185,151.141502,5
Sydney,Hirundapus caudacutus,White-throated Needletail,Bird,Vulnerable,87be08d88ffffff,-34.054246,151.084682,2
Sydney,Hirundapus caudacutus,White-throated Needletail,Bird,Vulnerable,87be08d8affffff,-34.031329,151.093647,11
Sydney,Hirundapus caudacutus,White-throated Needletail,Bird,Vulnerable,87be08d8bffffff,-34.036352,151.065242,3
Sydney,Hirundapus caudacutus,White-throated Needletail,Bird,Vulnerable,87be08d91ffffff,-34.01622,151.178849,8
Sydney,Hirundapus caudacutus,White-throated Needletail,Bird,Vulnerable,87be08d94ffffff,-34.029043,151.226714,2
Sydney,Hirundapus caudacutus,White-throated Needletail,Bird,Vulnerable,87be08d95ffffff,-34.034097,151.198312,9
Sydney,Hirundapus caudacutus,White-throated Needletail,Bird,Vulnerable,87be08d96ffffff,-34.006113,151.235639,1
Sydney,Hirundapus caudacutus,White-throated Needletail,Bird,Vulnerable,87be08d98ffffff,-34.003379,151.131002,1
Sydney,Hirundapus caudacutus,White-throated Needletail,Bird,Vulnerable,87be08d99ffffff,-34.008411,151.102607,1
Sydney,Hirundapus caudacutus,White-throated Needletail,Bird,Vulnerable,87be08d9affffff,-33.980458,151.139949,6
Sydney,Hirundapus caudacutus,White-throated Needletail,Bird,Vulnerable,87be08d9bffffff,-33.985492,151.111562,6
Sydney,Hirundapus caudacutus,White-throated Needletail,Bird,Vulnerable,87be08d9dffffff,-34.026299,151.12205,9
Sydney,Hirundapus caudacutus,White-throated Needletail,Bird,Vulnerable,87be08db3ffffff,-34.051971,151.217784,12
Sydney,Hirundapus caudacutus,White-throated Needletail,Bird,Vulnerable,87be0e200ffffff,-33.741069,151.285767,2
Sydney,Hirundapus caudacutus,White-throated Needletail,Bird,Vulnerable,87be0e201ffffff,-33.746141,151.257464,11
Sydney,Hirundapus caudacutus,White-throated Needletail,Bird,Vulnerable,87be0e202ffffff,-33.718135,151.294646,5
Sydney,Hirundapus caudacutus,White-throated Needletail,Bird,Vulnerable,87be0e203ffffff,-33.72321,151.266351,13
Sydney,Hirundapus caudacutus,White-throated Needletail,Bird,Vulnerable,87be0e204ffffff,-33.758926,151.305192,7
Sydney,Hirundapus caudacutus,White-throated Needletail,Bird,Vulnerable,87be0e205ffffff,-33.764002,151.276883,10
Sydney,Hirundapus caudacutus,White-throated Needletail,Bird,Vulnerable,87be0e206ffffff,-33.73599,151.314067,38
Sydney,Hirundapus caudacutus,White-throated Needletail,Bird,Vulnerable,87be0e208ffffff,-33.73334,151.209753,2
Sydney,Hirundapus caudacutus,White-throated Needletail,Bird,Vulnerable,87be0e209ffffff,-33.738394,151.181451,1
Sydney,Hirundapus caudacutus,White-throated Needletail,Bird,Vulnerable,87be0e20affffff,-33.710412,151.218651,9
Sydney,Hirundapus caudacutus,White-throated Needletail,Bird,Vulnerable,87be0e20bffffff,-33.71547,151.190357,4
Sydney,Hirundapus caudacutus,White-throated Needletail,Bird,Vulnerable,87be0e20cffffff,-33.751207,151.229158,17
Sydney,Hirundapus caudacutus,White-throated Needletail,Bird,Vulnerable,87be0e20dffffff,-33.756266,151.20085,14
Sydney,Hirundapus caudacutus,White-throated Needletail,Bird,Vulnerable,87be0e20effffff,-33.728278,151.238053,6
Sydney,Hirundapus caudacutus,White-throated Needletail,Bird,Vulnerable,87be0e211ffffff,-33.695201,151.30352,114
Sydney,Hirundapus caudacutus,White-throated Needletail,Bird,Vulnerable,87be0e213ffffff,-33.672266,151.312389,20
Sydney,Hirundapus caudacutus,White-throated Needletail,Bird,Vulnerable,87be0e218ffffff,-33.682418,151.255828,10
Sydney,Hirundapus caudacutus,White-throated Needletail,Bird,Vulnerable,87be0e219ffffff,-33.687484,151.227544,15
Sydney,Hirundapus caudacutus,White-throated Needletail,Bird,Vulnerable,87be0e21affffff,-33.659487,151.264709,51
Sydney,Hirundapus caudacutus,White-throated Needletail,Bird,Vulnerable,87be0e21cffffff,-33.700278,151.275233,41
Sydney,Hirundapus caudacutus,White-throated Needletail,Bird,Vulnerable,87be0e21dffffff,-33.705348,151.246943,5
Sydney,Hirundapus caudacutus,White-throated Needletail,Bird,Vulnerable,87be0e21effffff,-33.677345,151.28411,19
Sydney,Hirundapus caudacutus,White-throated Needletail,Bird,Vulnerable,87be0e220ffffff,-33.799716,151.315748,4
Sydney,Hirundapus caudacutus,White-throated Needletail,Bird,Vulnerable,87be0e221ffffff,-33.804795,151.287426,10
Sydney,Hirundapus caudacutus,White-throated Needletail,Bird,Vulnerable,87be0e223ffffff,-33.78186,151.296311,5
Sydney,Hirundapus caudacutus,White-throated Needletail,Bird,Vulnerable,87be0e225ffffff,-33.822652,151.306866,12
Sydney,Hirundapus caudacutus,White-throated Needletail,Bird,Vulnerable,87be0e228ffffff,-33.792002,151.239676,15
Sydney,Hirundapus caudacutus,White-throated Needletail,Bird,Vulnerable,87be0e229ffffff,-33.797063,151.211355,19
Sydney,Hirundapus caudacutus,White-throated Needletail,Bird,Vulnerable,87be0e22affffff,-33.769072,151.248572,15
Sydney,Hirundapus caudacutus,White-throated Needletail,Bird,Vulnerable,87be0e22bffffff,-33.774135,151.220259,9
Sydney,Hirundapus caudacutus,White-throated Needletail,Bird,Vulnerable,87be0e22cffffff,-33.809866,151.259102,19
Sydney,Hirundapus caudacutus,White-throated Needletail,Bird,Vulnerable,87be0e22dffffff,-33.814931,151.230775,23
Sydney,Hirundapus caudacutus,White-throated Needletail,Bird,Vulnerable,87be0e22effffff,-33.786935,151.267995,18
Sydney,Hirundapus caudacutus,White-throated Needletail,Bird,Vulnerable,87be0e240ffffff,-33.776436,151.087595,164
Sydney,Hirundapus caudacutus,White-throated Needletail,Bird,Vulnerable,87be0e241ffffff,-33.781462,151.059276,20
Sydney,Hirundapus caudacutus,White-throated Needletail,Bird,Vulnerable,87be0e242ffffff,-33.753519,151.09653,38
Sydney,Hirundapus caudacutus,White-throated Needletail,Bird,Vulnerable,87be0e243ffffff,-33.758547,151.068218,28
Sydney,Hirundapus caudacutus,White-throated Needletail,Bird,Vulnerable,87be0e244ffffff,-33.794322,151.106981,12
Sydney,Hirundapus caudacutus,White-throated Needletail,Bird,Vulnerable,87be0e245ffffff,-33.799352,151.078656,82
Sydney,Hirundapus caudacutus,White-throated Needletail,Bird,Vulnerable,87be0e246ffffff,-33.771403,151.115913,21
Sydney,Hirundapus caudacutus,White-throated Needletail,Bird,Vulnerable,87be0e248ffffff,-33.768584,151.011587,23
Sydney,Hirundapus caudacutus,White-throated Needletail,Bird,Vulnerable,87be0e249ffffff,-33.773593,150.983269,81
Sydney,Hirundapus caudacutus,White-throated Needletail,Bird,Vulnerable,87be0e24affffff,-33.745674,151.020541,1
Sydney,Hirundapus caudacutus,White-throated Needletail,Bird,Vulnerable,87be0e24bffffff,-33.750685,150.99223,30
Sydney,Hirundapus caudacutus,White-throated Needletail,Bird,Vulnerable,87be0e24cffffff,-33.786481,151.030954,2
Sydney,Hirundapus caudacutus,White-throated Needletail,Bird,Vulnerable,87be0e24dffffff,-33.791494,151.002629,34
Sydney,Hirundapus caudacutus,White-throated Needletail,Bird,Vulnerable,87be0e24effffff,-33.763569,151.039904,4
Sydney,Hirundapus caudacutus,White-throated Needletail,Bird,Vulnerable,87be0e250ffffff,-33.725564,151.133761,16
Sydney,Hirundapus caudacutus,White-throated Needletail,Bird,Vulnerable,87be0e251ffffff,-33.730602,151.105459,7
Sydney,Hirundapus caudacutus,White-throated Needletail,Bird,Vulnerable,87be0e252ffffff,-33.702644,151.142678,1
Sydney,Hirundapus caudacutus,White-throated Needletail,Bird,Vulnerable,87be0e253ffffff,-33.707683,151.114384,9
Sydney,Hirundapus caudacutus,White-throated Needletail,Bird,Vulnerable,87be0e254ffffff,-33.743443,151.153146,29
Sydney,Hirundapus caudacutus,White-throated Needletail,Bird,Vulnerable,87be0e255ffffff,-33.748484,151.124839,12
Sydney,Hirundapus caudacutus,White-throated Needletail,Bird,Vulnerable,87be0e256ffffff,-33.72052,151.16206,3
Sydney,Hirundapus caudacutus,White-throated Needletail,Bird,Vulnerable,87be0e258ffffff,-33.717743,151.05779,13
Sydney,Hirundapus caudacutus,White-throated Needletail,Bird,Vulnerable,87be0e259ffffff,-33.722763,151.029489,1
Sydney,Hirundapus caudacutus,White-throated Needletail,Bird,Vulnerable,87be0e25bffffff,-33.699852,151.038433,2
Sydney,Hirundapus caudacutus,White-throated Needletail,Bird,Vulnerable,87be0e25cffffff,-33.735632,151.077155,12
Sydney,Hirundapus caudacutus,White-throated Needletail,Bird,Vulnerable,87be0e25dffffff,-33.740656,151.048849,31
Sydney,Hirundapus caudacutus,White-throated Needletail,Bird,Vulnerable,87be0e25effffff,-33.712717,151.086088,17
Sydney,Hirundapus caudacutus,White-throated Needletail,Bird,Vulnerable,87be0e260ffffff,-33.835125,151.117444,8
Sydney,Hirundapus caudacutus,White-throated Needletail,Bird,Vulnerable,87be0e261ffffff,-33.840157,151.089105,27
Sydney,Hirundapus caudacutus,White-throated Needletail,Bird,Vulnerable,87be0e262ffffff,-33.812206,151.126376,83
Sydney,Hirundapus caudacutus,White-throated Needletail,Bird,Vulnerable,87be0e263ffffff,-33.81724,151.098045,23
Sydney,Hirundapus caudacutus,White-throated Needletail,Bird,Vulnerable,87be0e265ffffff,-33.858044,151.108506,6
Sydney,Hirundapus caudacutus,White-throated Needletail,Bird,Vulnerable,87be0e266ffffff,-33.830087,151.14578,12
Sydney,Hirundapus caudacutus,White-throated Needletail,Bird,Vulnerable,87be0e268ffffff,-33.827288,151.041377,3
Sydney,Hirundapus caudacutus,White-throated Needletail,Bird,Vulnerable,87be0e269ffffff,-33.832303,151.013039,1
Sydney,Hirundapus caudacutus,White-throated Needletail,Bird,Vulnerable,87be0e26affffff,-33.804375,151.050329,2
Sydney,Hirundapus caudacutus,White-throated Needletail,Bird,Vulnerable,87be0e26bffffff,-33.809392,151.021999,11
Sydney,Hirundapus caudacutus,White-throated Needletail,Bird,Vulnerable,87be0e26cffffff,-33.845182,151.060764,40
Sydney,Hirundapus caudacutus,White-throated Needletail,Bird,Vulnerable,87be0e26dffffff,-33.850201,151.03242,3
Sydney,Hirundapus caudacutus,White-throated Needletail,Bird,Vulnerable,87be0e26effffff,-33.822267,151.069712,37
Sydney,Hirundapus caudacutus,White-throated Needletail,Bird,Vulnerable,87be0e270ffffff,-33.784242,151.163625,5
Sydney,Hirundapus caudacutus,White-throated Needletail,Bird,Vulnerable,87be0e271ffffff,-33.789285,151.135304,16
Sydney,Hirundapus caudacutus,White-throated Needletail,Bird,Vulnerable,87be0e272ffffff,-33.761319,151.17254,15
Sydney,Hirundapus caudacutus,White-throated Needletail,Bird,Vulnerable,87be0e273ffffff,-33.766364,151.144228,21
Sydney,Hirundapus caudacutus,White-throated Needletail,Bird,Vulnerable,87be0e274ffffff,-33.802117,151.183031,6
Sydney,Hirundapus caudacutus,White-throated Needletail,Bird,Vulnerable,87be0e275ffffff,-33.807165,151.154705,28
Sydney,Hirundapus caudacutus,White-throated Needletail,Bird,Vulnerable,87be0e276ffffff,-33.779192,151.191943,26
Sydney,Hirundapus caudacutus,White-throated Needletail,Bird,Vulnerable,87be0e285ffffff,-33.603457,151.338969,8
Sydney,Hirundapus caudacutus,White-throated Needletail,Bird,Vulnerable,87be0e2a8ffffff,-33.631478,151.30185,3
Sydney,Hirundapus caudacutus,White-throated Needletail,Bird,Vulnerable,87be0e2acffffff,-33.64933,151.321254,5
Sydney,Hirundapus caudacutus,White-throated Needletail,Bird,Vulnerable,87be0e2aeffffff,-33.626394,151.330114,4
Sydney,Hirundapus caudacutus,White-throated Needletail,Bird,Vulnerable,87be0e2c0ffffff,-33.616004,151.150036,1
Sydney,Hirundapus caudacutus,White-throated Needletail,Bird,Vulnerable,87be0e2c5ffffff,-33.638925,151.14113,3
Sydney,Hirundapus caudacutus,White-throated Needletail,Bird,Vulnerable,87be0e2e0ffffff,-33.674673,151.179873,1
Sydney,Hirundapus caudacutus,White-throated Needletail,Bird,Vulnerable,87be0e2e1ffffff,-33.679722,151.15159,1
Sydney,Hirundapus caudacutus,White-throated Needletail,Bird,Vulnerable,87be0e2e5ffffff,-33.697597,151.170969,22
Sydney,Hirundapus caudacutus,White-throated Needletail,Bird,Vulnerable,87be0e2e8ffffff,-33.666883,151.103939,10
Sydney,Hirundapus caudacutus,White-throated Needletail,Bird,Vulnerable,87be0e2ecffffff,-33.684765,151.123304,7
Sydney,Hirundapus caudacutus,White-throated Needletail,Bird,Vulnerable,87be0e2eeffffff,-33.661845,151.132219,6
Sydney,Hirundapus caudacutus,White-throated Needletail,Bird,Vulnerable,87be0e340ffffff,-33.901586,151.223481,9
Sydney,Hirundapus caudacutus,White-throated Needletail,Bird,Vulnerable,87be0e341ffffff,-33.906642,151.195123,20
Sydney,Hirundapus caudacutus,White-throated Needletail,Bird,Vulnerable,87be0e343ffffff,-33.883715,151.204043,3
Sydney,Hirundapus caudacutus,White-throated Needletail,Bird,Vulnerable,87be0e344ffffff,-33.919455,151.242929,1
Sydney,Hirundapus caudacutus,White-throated Needletail,Bird,Vulnerable,87be0e345ffffff,-33.924514,151.214565,3
Sydney,Hirundapus caudacutus,White-throated Needletail,Bird,Vulnerable,87be0e346ffffff,-33.896524,151.251838,7
Sydney,Hirundapus caudacutus,White-throated Needletail,Bird,Vulnerable,87be0e348ffffff,-33.893811,151.147335,15
Sydney,Hirundapus caudacutus,White-throated Needletail,Bird,Vulnerable,87be0e349ffffff,-33.898848,151.118977,3
Sydney,Hirundapus caudacutus,White-throated Needletail,Bird,Vulnerable,87be0e34affffff,-33.870888,151.156266,2
Sydney,Hirundapus caudacutus,White-throated Needletail,Bird,Vulnerable,87be0e34bffffff,-33.875929,151.127916,10
Sydney,Hirundapus caudacutus,White-throated Needletail,Bird,Vulnerable,87be0e34cffffff,-33.91169,151.166762,6
Sydney,Hirundapus caudacutus,White-throated Needletail,Bird,Vulnerable,87be0e34dffffff,-33.916732,151.138399,16
Sydney,Hirundapus caudacutus,White-throated Needletail,Bird,Vulnerable,87be0e34effffff,-33.888766,151.17569,19
Sydney,Hirundapus caudacutus,White-throated Needletail,Bird,Vulnerable,87be0e350ffffff,-33.850661,151.269641,2
Sydney,Hirundapus caudacutus,White-throated Needletail,Bird,Vulnerable,87be0e351ffffff,-33.855728,151.241301,9
Sydney,Hirundapus caudacutus,White-throated Needletail,Bird,Vulnerable,87be0e352ffffff,-33.827728,151.278536,1
Sydney,Hirundapus caudacutus,White-throated Needletail,Bird,Vulnerable,87be0e353ffffff,-33.832797,151.250204,11
Sydney,Hirundapus caudacutus,White-throated Needletail,Bird,Vulnerable,87be0e355ffffff,-33.873593,151.260742,1
Sydney,Hirundapus caudacutus,White-throated Needletail,Bird,Vulnerable,87be0e358ffffff,-33.842916,151.193532,4
Sydney,Hirundapus caudacutus,White-throated Needletail,Bird,Vulnerable,87be0e359ffffff,-33.847965,151.165192,1
Sydney,Hirundapus caudacutus,White-throated Needletail,Bird,Vulnerable,87be0e35affffff,-33.81999,151.202445,9
Sydney,Hirundapus caudacutus,White-throated Needletail,Bird,Vulnerable,87be0e35bffffff,-33.825042,151.174114,1
Sydney,Hirundapus caudacutus,White-throated Needletail,Bird,Vulnerable,87be0e35cffffff,-33.860788,151.212958,6
Sydney,Hirundapus caudacutus,White-throated Needletail,Bird,Vulnerable,87be0e35dffffff,-33.865841,151.184613,3
Sydney,Hirundapus caudacutus,White-throated Needletail,Bird,Vulnerable,87be0e35effffff,-33.83786,151.221869,39
Sydney,Hirundapus caudacutus,White-throated Needletail,Bird,Vulnerable,87be0e360ffffff,-33.960252,151.253474,2
Sydney,Hirundapus caudacutus,White-throated Needletail,Bird,Vulnerable,87be0e362ffffff,-33.937321,151.262385,5
Sydney,Hirundapus caudacutus,White-throated Needletail,Bird,Vulnerable,87be0e365ffffff,-33.983183,151.244559,5
Sydney,Hirundapus caudacutus,White-throated Needletail,Bird,Vulnerable,87be0e368ffffff,-33.952492,151.177268,1
Sydney,Hirundapus caudacutus,White-throated Needletail,Bird,Vulnerable,87be0e369ffffff,-33.957536,151.148892,2
Sydney,Hirundapus caudacutus,White-throated Needletail,Bird,Vulnerable,87be0e36affffff,-33.929567,151.186198,3
Sydney,Hirundapus caudacutus,White-throated Needletail,Bird,Vulnerable,87be0e36bffffff,-33.934614,151.157829,19
Sydney,Hirundapus caudacutus,White-throated Needletail,Bird,Vulnerable,87be0e36effffff,-33.947442,151.205643,13
Sydney,Hirundapus caudacutus,White-throated Needletail,Bird,Vulnerable,87be0e373ffffff,-33.891455,151.280191,6
Sydney,Macronectes halli,Northern Giant Petrel,Bird,Vulnerable,87be08d94ffffff,-34.029043,151.226714,3
Sydney,Macronectes halli,Northern Giant Petrel,Bird,Vulnerable,87be08d95ffffff,-34.034097,151.198312,2
Sydney,Macronectes halli,Northern Giant Petrel,Bird,Vulnerable,87be08d96ffffff,-34.006113,151.235639,8
Sydney,Macronectes halli,Northern Giant Petrel,Bird,Vulnerable,87be08db3ffffff,-34.051971,151.217784,1
Sydney,Macronectes halli,Northern Giant Petrel,Bird,Vulnerable,87be0e206ffffff,-33.73599,151.314067,22
Sydney,Macronectes halli,Northern Giant Petrel,Bird,Vulnerable,87be0e213ffffff,-33.672266,151.312389,1
Sydney,Macronectes halli,Northern Giant Petrel,Bird,Vulnerable,87be0e220ffffff,-33.799716,151.315748,37
Sydney,Macronectes halli,Northern Giant Petrel,Bird,Vulnerable,87be0e221ffffff,-33.804795,151.287426,20
Sydney,Macronectes halli,Northern Giant Petrel,Bird,Vulnerable,87be0e223ffffff,-33.78186,151.296311,2
Sydney,Macronectes halli,Northern Giant Petrel,Bird,Vulnerable,87be0e225ffffff,-33.822652,151.306866,6
Sydney,Macronectes halli,Northern Giant Petrel,Bird,Vulnerable,87be0e2acffffff,-33.64933,151.321254,3
Sydney,Macronectes halli,Northern Giant Petrel,Bird,Vulnerable,87be0e2aeffffff,-33.626394,151.330114,3
Sydney,Macronectes halli,Northern Giant Petrel,Bird,Vulnerable,87be0e35cffffff,-33.860788,151.212958,1
Sydney,Macronectes halli,Northern Giant Petrel,Bird,Vulnerable,87be0e360ffffff,-33.960252,151.253474,41
Sydney,Macronectes halli,Northern Giant Petrel,Bird,Vulnerable,87be0e362ffffff,-33.937321,151.262385,61
Sydney,Macronectes halli,Northern Giant Petrel,Bird,Vulnerable,87be0e373ffffff,-33.891455,151.280191,1
Sydney,Macronectes halli,Northern Giant Petrel,Bird,Vulnerable,87be0eacbffffff,-34.00105,151.26403,7
Sydney,Macrotis lagotis,Greater Bilby,Mammal,Vulnerable,87be0e250ffffff,-33.725564,151.133761,1
Sydney,Macrotis lagotis,Greater Bilby,Mammal,Vulnerable,87be0e251ffffff,-33.730602,151.105459,1
Sydney,Macrotis lagotis,Greater Bilby,Mammal,Vulnerable,87be0e255ffffff,-33.748484,151.124839,1
Sydney,Macrotis lagotis,Greater Bilby,Mammal,Vulnerable,87be0e25dffffff,-33.740656,151.048849,1
Sydney,Macrotis lagotis,Greater Bilby,Mammal,Vulnerable,87be0e2acffffff,-33.64933,151.321254,1
Sydney,Macrotis lagotis,Greater Bilby,Mammal,Vulnerable,87be0e2c0ffffff,-33.616004,151.150036,1
Sydney,Macrotis lagotis,Greater Bilby,Mammal,Vulnerable,87be0e353ffffff,-33.832797,151.250204,1
Sydney,Macrotis lagotis,Greater Bilby,Mammal,Vulnerable,87be0e35cffffff,-33.860788,151.212958,1
Sydney,Natator depressus,Flatback Turtle,Reptile,Vulnerable,87be081b4ffffff,-34.032389,150.72296,2
Sydney,Natator depressus,Flatback Turtle,Reptile,Vulnerable,87be08410ffffff,-33.635266,150.800421,2
Sydney,Natator depressus,Flatback Turtle,Reptile,Vulnerable,87be08424ffffff,-33.762684,150.803002,1
Sydney,Natator depressus,Flatback Turtle,Reptile,Vulnerable,87be08429ffffff,-33.741658,150.679463,2
Sydney,Natator depressus,Flatback Turtle,Reptile,Vulnerable,87be0851cffffff,-33.770662,150.878964,1
Sydney,Natator depressus,Flatback Turtle,Reptile,Vulnerable,87be08522ffffff,-33.847306,150.928012,1
Sydney,Natator depressus,Flatback Turtle,Reptile,Vulnerable,87be0858dffffff,-33.666135,150.867288,1
Sydney,Natator depressus,Flatback Turtle,Reptile,Vulnerable,87be085a9ffffff,-33.706949,150.877615,1
Sydney,Natator depressus,Flatback Turtle,Reptile,Vulnerable,87be08cb3ffffff,-33.926796,151.081665,1
Sydney,Natator depressus,Flatback Turtle,Reptile,Vulnerable,87be08cc0ffffff,-33.971753,150.826248,1
Sydney,Natator depressus,Flatback Turtle,Reptile,Vulnerable,87be08cc6ffffff,-33.966785,150.854636,1
Sydney,Natator depressus,Flatback Turtle,Reptile,Vulnerable,87be08d80ffffff,-34.062068,151.160963,1
Sydney,Natator depressus,Flatback Turtle,Reptile,Vulnerable,87be08d8affffff,-34.031329,151.093647,1
Sydney,Natator depressus,Flatback Turtle,Reptile,Vulnerable,87be0e221ffffff,-33.804795,151.287426,1
Sydney,Natator depressus,Flatback Turtle,Reptile,Vulnerable,87be0e223ffffff,-33.78186,151.296311,1
Sydney,Natator depressus,Flatback Turtle,Reptile,Vulnerable,87be0e22affffff,-33.769072,151.248572,1
Sydney,Natator depressus,Flatback Turtle,Reptile,Vulnerable,87be0e241ffffff,-33.781462,151.059276,1
Sydney,Natator depressus,Flatback Turtle,Reptile,Vulnerable,87be0e340ffffff,-33.901586,151.223481,1
Sydney,Natator depressus,Flatback Turtle,Reptile,Vulnerable,87be0e34cffffff,-33.91169,151.166762,2
Sydney,Neophema chrysostoma,Blue-winged Parrot,Bird,Vulnerable,87be0842cffffff,-33.75466,150.727063,1
Sydney,Petrogale penicillata,Brush-tailed Rock-wallaby,Mammal,Vulnerable,87be08442ffffff,-33.697645,150.565074,1
Sydney,Petrogale penicillata,Brush-tailed Rock-wallaby,Mammal,Vulnerable,87be0e218ffffff,-33.682418,151.255828,1
Sydney,Petrogale penicillata,Brush-tailed Rock-wallaby,Mammal,Vulnerable,87be0e21cffffff,-33.700278,151.275233,1
Sydney,Petrogale penicillata,Brush-tailed Rock-wallaby,Mammal,Vulnerable,87be0e229ffffff,-33.797063,151.211355,1
Sydney,Phoebetria fusca,Sooty Albatross,Bird,Vulnerable,87be0e228ffffff,-33.792002,151.239676,1
Sydney,Pluvialis squatarola,Grey Plover,Bird,Vulnerable,87be081a2ffffff,-34.042255,150.666131,1
Sydney,Pluvialis squatarola,Grey Plover,Bird,Vulnerable,87be081a6ffffff,-34.060207,150.685477,1
Sydney,Pluvialis squatarola,Grey Plover,Bird,Vulnerable,87be081b4ffffff,-34.032389,150.72296,1
Sydney,Pluvialis squatarola,Grey Plover,Bird,Vulnerable,87be08410ffffff,-33.635266,150.800421,1
Sydney,Pluvialis squatarola,Grey Plover,Bird,Vulnerable,87be08421ffffff,-33.74971,150.75538,1
Sydney,Pluvialis squatarola,Grey Plover,Bird,Vulnerable,87be08426ffffff,-33.739792,150.812009,2
Sydney,Pluvialis squatarola,Grey Plover,Bird,Vulnerable,87be08429ffffff,-33.741658,150.679463,1
Sydney,Pluvialis squatarola,Grey Plover,Bird,Vulnerable,87be08500ffffff,-33.811477,150.889309,1
Sydney,Pluvialis squatarola,Grey Plover,Bird,Vulnerable,87be0851affffff,-33.729847,150.868628,1
Sydney,Pluvialis squatarola,Grey Plover,Bird,Vulnerable,87be0851effffff,-33.747763,150.887952,1
Sydney,Pluvialis squatarola,Grey Plover,Bird,Vulnerable,87be085a4ffffff,-33.727776,151.001186,1
Sydney,Pluvialis squatarola,Grey Plover,Bird,Vulnerable,87be08c11ffffff,-34.05138,150.980011,1
Sydney,Pluvialis squatarola,Grey Plover,Bird,Vulnerable,87be08c15ffffff,-34.069287,150.999435,2
Sydney,Pluvialis squatarola,Grey Plover,Bird,Vulnerable,87be08c53ffffff,-34.063322,150.790107,1
Sydney,Pluvialis squatarola,Grey Plover,Bird,Vulnerable,87be08c5affffff,-34.050332,150.742318,1
Sydney,Pluvialis squatarola,Grey Plover,Bird,Vulnerable,87be08c8effffff,-33.923937,150.977152,1
Sydney,Pluvialis squatarola,Grey Plover,Bird,Vulnerable,87be08c90ffffff,-33.885989,151.071209,1
Sydney,Pluvialis squatarola,Grey Plover,Bird,Vulnerable,87be08ca6ffffff,-33.99052,151.083172,1
Sydney,Pluvialis squatarola,Grey Plover,Bird,Vulnerable,87be08ccdffffff,-33.986618,150.741068,1
Sydney,Pluvialis squatarola,Grey Plover,Bird,Vulnerable,87be08cf5ffffff,-34.002629,150.893394,1
Sydney,Pluvialis squatarola,Grey Plover,Bird,Vulnerable,87be08d8affffff,-34.031329,151.093647,1
Sydney,Pluvialis squatarola,Grey Plover,Bird,Vulnerable,87be08d91ffffff,-34.01622,151.178849,6
Sydney,Pluvialis squatarola,Grey Plover,Bird,Vulnerable,87be08d95ffffff,-34.034097,151.198312,4
Sydney,Pluvialis squatarola,Grey Plover,Bird,Vulnerable,87be08d98ffffff,-34.003379,151.131002,1
Sydney,Pluvialis squatarola,Grey Plover,Bird,Vulnerable,87be08d9affffff,-33.980458,151.139949,1
Sydney,Pluvialis squatarola,Grey Plover,Bird,Vulnerable,87be0e203ffffff,-33.72321,151.266351,1
Sydney,Pluvialis squatarola,Grey Plover,Bird,Vulnerable,87be0e205ffffff,-33.764002,151.276883,1
Sydney,Pluvialis squatarola,Grey Plover,Bird,Vulnerable,87be0e206ffffff,-33.73599,151.314067,32
Sydney,Pluvialis squatarola,Grey Plover,Bird,Vulnerable,87be0e208ffffff,-33.73334,151.209753,3
Sydney,Pluvialis squatarola,Grey Plover,Bird,Vulnerable,87be0e211ffffff,-33.695201,151.30352,7
Sydney,Pluvialis squatarola,Grey Plover,Bird,Vulnerable,87be0e22effffff,-33.786935,151.267995,1
Sydney,Pluvialis squatarola,Grey Plover,Bird,Vulnerable,87be0e25cffffff,-33.735632,151.077155,1
Sydney,Pluvialis squatarola,Grey Plover,Bird,Vulnerable,87be0e261ffffff,-33.840157,151.089105,35
Sydney,Pluvialis squatarola,Grey Plover,Bird,Vulnerable,87be0e26cffffff,-33.845182,151.060764,8
Sydney,Pluvialis squatarola,Grey Plover,Bird,Vulnerable,87be0e2aeffffff,-33.626394,151.330114,1
Sydney,Pluvialis squatarola,Grey Plover,Bird,Vulnerable,87be0e2e6ffffff,-33.669618,151.208154,1
Sydney,Pluvialis squatarola,Grey Plover,Bird,Vulnerable,87be0e34cffffff,-33.91169,151.166762,1
Sydney,Pluvialis squatarola,Grey Plover,Bird,Vulnerable,87be0e35cffffff,-33.860788,151.212958,1
Sydney,Pluvialis squatarola,Grey Plover,Bird,Vulnerable,87be0e35dffffff,-33.865841,151.184613,1
Sydney,Pluvialis squatarola,Grey Plover,Bird,Vulnerable,87be0e365ffffff,-33.983183,151.244559,1
Sydney,Pluvialis squatarola,Grey Plover,Bird,Vulnerable,87be0e36affffff,-33.929567,151.186198,1
Sydney,Polytelis alexandrae,"Princess Parrot, Alexandra's Parrot",Bird,Vulnerable,87be0845cffffff,-33.679683,150.54584,1
Sydney,Polytelis alexandrae,"Princess Parrot, Alexandra's Parrot",Bird,Vulnerable,87be08511ffffff,-33.765677,150.907284,1
Sydney,Polytelis alexandrae,"Princess Parrot, Alexandra's Parrot",Bird,Vulnerable,87be08c5bffffff,-34.055273,150.713899,2
Sydney,Polytelis alexandrae,"Princess Parrot, Alexandra's Parrot",Bird,Vulnerable,87be08ca0ffffff,-33.995542,151.05478,1
Sydney,Polytelis alexandrae,"Princess Parrot, Alexandra's Parrot",Bird,Vulnerable,87be08d88ffffff,-34.054246,151.084682,1
Sydney,Polytelis alexandrae,"Princess Parrot, Alexandra's Parrot",Bird,Vulnerable,87be0e265ffffff,-33.858044,151.108506,2
Sydney,Polytelis alexandrae,"Princess Parrot, Alexandra's Parrot",Bird,Vulnerable,87be0e266ffffff,-33.830087,151.14578,1
Sydney,Polytelis alexandrae,"Princess Parrot, Alexandra's Parrot",Bird,Vulnerable,87be0e340ffffff,-33.901586,151.223481,6
Sydney,Polytelis alexandrae,"Princess Parrot, Alexandra's Parrot",Bird,Vulnerable,87be0e346ffffff,-33.896524,151.251838,3
Sydney,Polytelis swainsonii,Superb Parrot,Bird,Vulnerable,87be081a4ffffff,-34.083088,150.676403,1
Sydney,Polytelis swainsonii,Superb Parrot,Bird,Vulnerable,87be08519ffffff,-33.757717,150.831321,3
Sydney,Polytelis swainsonii,Superb Parrot,Bird,Vulnerable,87be0851bffffff,-33.734822,150.84032,1
Sydney,Polytelis swainsonii,Superb Parrot,Bird,Vulnerable,87be08c53ffffff,-34.063322,150.790107,4
Sydney,Polytelis swainsonii,Superb Parrot,Bird,Vulnerable,87be08c59ffffff,-34.078156,150.704832,1
Sydney,Polytelis swainsonii,Superb Parrot,Bird,Vulnerable,87be08c5effffff,-34.068273,150.761684,4
Sydney,Polytelis swainsonii,Superb Parrot,Bird,Vulnerable,87be0e241ffffff,-33.781462,151.059276,1
Sydney,Polytelis swainsonii,Superb Parrot,Bird,Vulnerable,87be0e255ffffff,-33.748484,151.124839,3
Sydney,Polytelis swainsonii,Superb Parrot,Bird,Vulnerable,87be0e266ffffff,-33.830087,151.14578,2
Sydney,Polytelis swainsonii,Superb Parrot,Bird,Vulnerable,87be0e34dffffff,-33.916732,151.138399,1
Sydney,Pseudomys novaehollandiae,"Pookila, New Holland Mouse",Mammal,Vulnerable,87be0851dffffff,-33.775639,150.850641,1
Sydney,Pseudomys novaehollandiae,"Pookila, New Holland Mouse",Mammal,Vulnerable,87be08ca9ffffff,-33.992655,150.950187,7
Sydney,Pseudomys novaehollandiae,"Pookila, New Holland Mouse",Mammal,Vulnerable,87be0e201ffffff,-33.746141,151.257464,1
Sydney,Pseudomys novaehollandiae,"Pookila, New Holland Mouse",Mammal,Vulnerable,87be0e20affffff,-33.710412,151.218651,1
Sydney,Pseudomys novaehollandiae,"Pookila, New Holland Mouse",Mammal,Vulnerable,87be0e20bffffff,-33.71547,151.190357,4
Sydney,Pseudomys novaehollandiae,"Pookila, New Holland Mouse",Mammal,Vulnerable,87be0e219ffffff,-33.687484,151.227544,1
Sydney,Pseudomys novaehollandiae,"Pookila, New Holland Mouse",Mammal,Vulnerable,87be0e256ffffff,-33.72052,151.16206,2
Sydney,Pseudomys novaehollandiae,"Pookila, New Holland Mouse",Mammal,Vulnerable,87be0e340ffffff,-33.901586,151.223481,1
Sydney,Pseudomys novaehollandiae,"Pookila, New Holland Mouse",Mammal,Vulnerable,87be0e371ffffff,-33.914389,151.27129,1
Sydney,Pteropus poliocephalus,Grey-headed Flying-fox,Mammal,Vulnerable,87be081a2ffffff,-34.042255,150.666131,2
Sydney,Pteropus poliocephalus,Grey-headed Flying-fox,Mammal,Vulnerable,87be081a6ffffff,-34.060207,150.685477,12
Sydney,Pteropus poliocephalus,Grey-headed Flying-fox,Mammal,Vulnerable,87be081b0ffffff,-34.014443,150.703611,1
Sydney,Pteropus poliocephalus,Grey-headed Flying-fox,Mammal,Vulnerable,87be081b1ffffff,-34.019375,150.675203,1
Sydney,Pteropus poliocephalus,Grey-headed Flying-fox,Mammal,Vulnerable,87be081b2ffffff,-33.99156,150.71267,1
Sydney,Pteropus poliocephalus,Grey-headed Flying-fox,Mammal,Vulnerable,87be081b4ffffff,-34.032389,150.72296,7
Sydney,Pteropus poliocephalus,Grey-headed Flying-fox,Mammal,Vulnerable,87be081b6ffffff,-34.009504,150.732016,2
Sydney,Pteropus poliocephalus,Grey-headed Flying-fox,Mammal,Vulnerable,87be08410ffffff,-33.635266,150.800421,13
Sydney,Pteropus poliocephalus,Grey-headed Flying-fox,Mammal,Vulnerable,87be08411ffffff,-33.640228,150.772143,2
Sydney,Pteropus poliocephalus,Grey-headed Flying-fox,Mammal,Vulnerable,87be08412ffffff,-33.612375,150.809415,30
Sydney,Pteropus poliocephalus,Grey-headed Flying-fox,Mammal,Vulnerable,87be08413ffffff,-33.617339,150.781145,1
Sydney,Pteropus poliocephalus,Grey-headed Flying-fox,Mammal,Vulnerable,87be08414ffffff,-33.65319,150.819707,2
Sydney,Pteropus poliocephalus,Grey-headed Flying-fox,Mammal,Vulnerable,87be08416ffffff,-33.630297,150.828697,2
Sydney,Pteropus poliocephalus,Grey-headed Flying-fox,Mammal,Vulnerable,87be0841affffff,-33.604363,150.73361,8
Sydney,Pteropus poliocephalus,Grey-headed Flying-fox,Mammal,Vulnerable,87be0841cffffff,-33.645183,150.743863,5
Sydney,Pteropus poliocephalus,Grey-headed Flying-fox,Mammal,Vulnerable,87be0841effffff,-33.622297,150.752872,3
Sydney,Pteropus poliocephalus,Grey-headed Flying-fox,Mammal,Vulnerable,87be08420ffffff,-33.744754,150.783696,19
Sydney,Pteropus poliocephalus,Grey-headed Flying-fox,Mammal,Vulnerable,87be08421ffffff,-33.74971,150.75538,16
Sydney,Pteropus poliocephalus,Grey-headed Flying-fox,Mammal,Vulnerable,87be08422ffffff,-33.721864,150.792706,8
Sydney,Pteropus poliocephalus,Grey-headed Flying-fox,Mammal,Vulnerable,87be08423ffffff,-33.726823,150.764398,1
Sydney,Pteropus poliocephalus,Grey-headed Flying-fox,Mammal,Vulnerable,87be08424ffffff,-33.762684,150.803002,52
Sydney,Pteropus poliocephalus,Grey-headed Flying-fox,Mammal,Vulnerable,87be08425ffffff,-33.767644,150.774681,43
Sydney,Pteropus poliocephalus,Grey-headed Flying-fox,Mammal,Vulnerable,87be08426ffffff,-33.739792,150.812009,50
Sydney,Pteropus poliocephalus,Grey-headed Flying-fox,Mammal,Vulnerable,87be08428ffffff,-33.73672,150.707777,12
Sydney,Pteropus poliocephalus,Grey-headed Flying-fox,Mammal,Vulnerable,87be08429ffffff,-33.741658,150.679463,57
Sydney,Pteropus poliocephalus,Grey-headed Flying-fox,Mammal,Vulnerable,87be0842affffff,-33.713837,150.716805,15
Sydney,Pteropus poliocephalus,Grey-headed Flying-fox,Mammal,Vulnerable,87be0842bffffff,-33.718778,150.688499,1
Sydney,Pteropus poliocephalus,Grey-headed Flying-fox,Mammal,Vulnerable,87be0842cffffff,-33.75466,150.727063,23
Sydney,Pteropus poliocephalus,Grey-headed Flying-fox,Mammal,Vulnerable,87be0842dffffff,-33.759602,150.698743,16
Sydney,Pteropus poliocephalus,Grey-headed Flying-fox,Mammal,Vulnerable,87be0842effffff,-33.731775,150.736088,3
Sydney,Pteropus poliocephalus,Grey-headed Flying-fox,Mammal,Vulnerable,87be08430ffffff,-33.694006,150.830008,2
Sydney,Pteropus poliocephalus,Grey-headed Flying-fox,Mammal,Vulnerable,87be08433ffffff,-33.676082,150.810711,1
Sydney,Pteropus poliocephalus,Grey-headed Flying-fox,Mammal,Vulnerable,87be08434ffffff,-33.711927,150.849314,3
Sydney,Pteropus poliocephalus,Grey-headed Flying-fox,Mammal,Vulnerable,87be08436ffffff,-33.689032,150.858303,8
Sydney,Pteropus poliocephalus,Grey-headed Flying-fox,Mammal,Vulnerable,87be08442ffffff,-33.697645,150.565074,10
Sydney,Pteropus poliocephalus,Grey-headed Flying-fox,Mammal,Vulnerable,87be08443ffffff,-33.702551,150.536771,4
Sydney,Pteropus poliocephalus,Grey-headed Flying-fox,Mammal,Vulnerable,87be08446ffffff,-33.715604,150.584317,3
Sydney,Pteropus poliocephalus,Grey-headed Flying-fox,Mammal,Vulnerable,87be08450ffffff,-33.669859,150.602428,4
Sydney,Pteropus poliocephalus,Grey-headed Flying-fox,Mammal,Vulnerable,87be08454ffffff,-33.687812,150.621674,1
Sydney,Pteropus poliocephalus,Grey-headed Flying-fox,Mammal,Vulnerable,87be08455ffffff,-33.692732,150.593375,2
Sydney,Pteropus poliocephalus,Grey-headed Flying-fox,Mammal,Vulnerable,87be08456ffffff,-33.664937,150.630719,1
Sydney,Pteropus poliocephalus,Grey-headed Flying-fox,Mammal,Vulnerable,87be0845cffffff,-33.679683,150.54584,7
Sydney,Pteropus poliocephalus,Grey-headed Flying-fox,Mammal,Vulnerable,87be08466ffffff,-33.77439,150.613772,4
Sydney,Pteropus poliocephalus,Grey-headed Flying-fox,Mammal,Vulnerable,87be08470ffffff,-33.72864,150.631881,2
Sydney,Pteropus poliocephalus,Grey-headed Flying-fox,Mammal,Vulnerable,87be08471ffffff,-33.733561,150.603568,3
Sydney,Pteropus poliocephalus,Grey-headed Flying-fox,Mammal,Vulnerable,87be08472ffffff,-33.705763,150.640928,1
Sydney,Pteropus poliocephalus,Grey-headed Flying-fox,Mammal,Vulnerable,87be08473ffffff,-33.710687,150.612623,5
Sydney,Pteropus poliocephalus,Grey-headed Flying-fox,Mammal,Vulnerable,87be08474ffffff,-33.74659,150.651147,77
Sydney,Pteropus poliocephalus,Grey-headed Flying-fox,Mammal,Vulnerable,87be08475ffffff,-33.751515,150.622828,18
Sydney,Pteropus poliocephalus,Grey-headed Flying-fox,Mammal,Vulnerable,87be08476ffffff,-33.723712,150.660191,10
Sydney,Pteropus poliocephalus,Grey-headed Flying-fox,Mammal,Vulnerable,87be084a5ffffff,-33.607404,150.837683,11
Sydney,Pteropus poliocephalus,Grey-headed Flying-fox,Mammal,Vulnerable,87be084adffffff,-33.59941,150.761877,24
Sydney,Pteropus poliocephalus,Grey-headed Flying-fox,Mammal,Vulnerable,87be08500ffffff,-33.811477,150.889309,3
Sydney,Pteropus poliocephalus,Grey-headed Flying-fox,Mammal,Vulnerable,87be08501ffffff,-33.816457,150.860973,1
Sydney,Pteropus poliocephalus,Grey-headed Flying-fox,Mammal,Vulnerable,87be08502ffffff,-33.788578,150.898299,29
Sydney,Pteropus poliocephalus,Grey-headed Flying-fox,Mammal,Vulnerable,87be08503ffffff,-33.79356,150.869971,2
Sydney,Pteropus poliocephalus,Grey-headed Flying-fox,Mammal,Vulnerable,87be08504ffffff,-33.829393,150.908656,10
Sydney,Pteropus poliocephalus,Grey-headed Flying-fox,Mammal,Vulnerable,87be08505ffffff,-33.834376,150.880315,1
Sydney,Pteropus poliocephalus,Grey-headed Flying-fox,Mammal,Vulnerable,87be08506ffffff,-33.806491,150.917643,8
Sydney,Pteropus poliocephalus,Grey-headed Flying-fox,Mammal,Vulnerable,87be08508ffffff,-33.803503,150.813309,3
Sydney,Pteropus poliocephalus,Grey-headed Flying-fox,Mammal,Vulnerable,87be08509ffffff,-33.808465,150.784974,41
Sydney,Pteropus poliocephalus,Grey-headed Flying-fox,Mammal,Vulnerable,87be0850affffff,-33.78061,150.822317,34
Sydney,Pteropus poliocephalus,Grey-headed Flying-fox,Mammal,Vulnerable,87be0850bffffff,-33.785575,150.79399,45
Sydney,Pteropus poliocephalus,Grey-headed Flying-fox,Mammal,Vulnerable,87be0850cffffff,-33.821429,150.832635,1
Sydney,Pteropus poliocephalus,Grey-headed Flying-fox,Mammal,Vulnerable,87be0850dffffff,-33.826395,150.804295,2
Sydney,Pteropus poliocephalus,Grey-headed Flying-fox,Mammal,Vulnerable,87be0850effffff,-33.798535,150.841641,3
Sydney,Pteropus poliocephalus,Grey-headed Flying-fox,Mammal,Vulnerable,87be08510ffffff,-33.760687,150.935601,27
Sydney,Pteropus poliocephalus,Grey-headed Flying-fox,Mammal,Vulnerable,87be08511ffffff,-33.765677,150.907284,50
Sydney,Pteropus poliocephalus,Grey-headed Flying-fox,Mammal,Vulnerable,87be08512ffffff,-33.737783,150.944573,7
Sydney,Pteropus poliocephalus,Grey-headed Flying-fox,Mammal,Vulnerable,87be08513ffffff,-33.742776,150.916264,19
Sydney,Pteropus poliocephalus,Grey-headed Flying-fox,Mammal,Vulnerable,87be08514ffffff,-33.778594,150.954948,14
Sydney,Pteropus poliocephalus,Grey-headed Flying-fox,Mammal,Vulnerable,87be08515ffffff,-33.783589,150.926624,87
Sydney,Pteropus poliocephalus,Grey-headed Flying-fox,Mammal,Vulnerable,87be08516ffffff,-33.755689,150.963917,10
Sydney,Pteropus poliocephalus,Grey-headed Flying-fox,Mammal,Vulnerable,87be08518ffffff,-33.752743,150.859637,10
Sydney,Pteropus poliocephalus,Grey-headed Flying-fox,Mammal,Vulnerable,87be08519ffffff,-33.757717,150.831321,21
Sydney,Pteropus poliocephalus,Grey-headed Flying-fox,Mammal,Vulnerable,87be0851affffff,-33.729847,150.868628,14
Sydney,Pteropus poliocephalus,Grey-headed Flying-fox,Mammal,Vulnerable,87be0851bffffff,-33.734822,150.84032,19
Sydney,Pteropus poliocephalus,Grey-headed Flying-fox,Mammal,Vulnerable,87be0851cffffff,-33.770662,150.878964,22
Sydney,Pteropus poliocephalus,Grey-headed Flying-fox,Mammal,Vulnerable,87be0851dffffff,-33.775639,150.850641,19
Sydney,Pteropus poliocephalus,Grey-headed Flying-fox,Mammal,Vulnerable,87be0851effffff,-33.747763,150.887952,15
Sydney,Pteropus poliocephalus,Grey-headed Flying-fox,Mammal,Vulnerable,87be08520ffffff,-33.870208,150.919024,29
Sydney,Pteropus poliocephalus,Grey-headed Flying-fox,Mammal,Vulnerable,87be08521ffffff,-33.875193,150.890669,24
Sydney,Pteropus poliocephalus,Grey-headed Flying-fox,Mammal,Vulnerable,87be08522ffffff,-33.847306,150.928012,24
Sydney,Pteropus poliocephalus,Grey-headed Flying-fox,Mammal,Vulnerable,87be08523ffffff,-33.852293,150.899665,20
Sydney,Pteropus poliocephalus,Grey-headed Flying-fox,Mammal,Vulnerable,87be08524ffffff,-33.88812,150.938391,39
Sydney,Pteropus poliocephalus,Grey-headed Flying-fox,Mammal,Vulnerable,87be08525ffffff,-33.893109,150.910031,16
Sydney,Pteropus poliocephalus,Grey-headed Flying-fox,Mammal,Vulnerable,87be08526ffffff,-33.865216,150.947376,15
Sydney,Pteropus poliocephalus,Grey-headed Flying-fox,Mammal,Vulnerable,87be08528ffffff,-33.862249,150.842964,2
Sydney,Pteropus poliocephalus,Grey-headed Flying-fox,Mammal,Vulnerable,87be08529ffffff,-33.867216,150.81461,2
Sydney,Pteropus poliocephalus,Grey-headed Flying-fox,Mammal,Vulnerable,87be0852affffff,-33.839353,150.851971,6
Sydney,Pteropus poliocephalus,Grey-headed Flying-fox,Mammal,Vulnerable,87be0852bffffff,-33.844323,150.823625,4
Sydney,Pteropus poliocephalus,Grey-headed Flying-fox,Mammal,Vulnerable,87be0852cffffff,-33.880172,150.862311,13
Sydney,Pteropus poliocephalus,Grey-headed Flying-fox,Mammal,Vulnerable,87be0852dffffff,-33.885143,150.833952,8
Sydney,Pteropus poliocephalus,Grey-headed Flying-fox,Mammal,Vulnerable,87be0852effffff,-33.857274,150.871315,13
Sydney,Pteropus poliocephalus,Grey-headed Flying-fox,Mammal,Vulnerable,87be08530ffffff,-33.819406,150.965332,29
Sydney,Pteropus poliocephalus,Grey-headed Flying-fox,Mammal,Vulnerable,87be08531ffffff,-33.824403,150.936995,55
Sydney,Pteropus poliocephalus,Grey-headed Flying-fox,Mammal,Vulnerable,87be08532ffffff,-33.7965,150.974303,45
Sydney,Pteropus poliocephalus,Grey-headed Flying-fox,Mammal,Vulnerable,87be08533ffffff,-33.801499,150.945974,49
Sydney,Pteropus poliocephalus,Grey-headed Flying-fox,Mammal,Vulnerable,87be08534ffffff,-33.83731,150.984699,62
Sydney,Pteropus poliocephalus,Grey-headed Flying-fox,Mammal,Vulnerable,87be08535ffffff,-33.842311,150.956356,20
Sydney,Pteropus poliocephalus,Grey-headed Flying-fox,Mammal,Vulnerable,87be08536ffffff,-33.814402,150.993666,295
Sydney,Pteropus poliocephalus,Grey-headed Flying-fox,Mammal,Vulnerable,87be08551ffffff,-33.800427,150.708997,1
Sydney,Pteropus poliocephalus,Grey-headed Flying-fox,Mammal,Vulnerable,87be08552ffffff,-33.772597,150.746358,6
Sydney,Pteropus poliocephalus,Grey-headed Flying-fox,Mammal,Vulnerable,87be08553ffffff,-33.777544,150.718033,6
Sydney,Pteropus poliocephalus,Grey-headed Flying-fox,Mammal,Vulnerable,87be08556ffffff,-33.790532,150.765662,2
Sydney,Pteropus poliocephalus,Grey-headed Flying-fox,Mammal,Vulnerable,87be08558ffffff,-33.787418,150.661375,7
Sydney,Pteropus poliocephalus,Grey-headed Flying-fox,Mammal,Vulnerable,87be0855affffff,-33.764538,150.670421,16
Sydney,Pteropus poliocephalus,Grey-headed Flying-fox,Mammal,Vulnerable,87be0855bffffff,-33.769468,150.642098,3
Sydney,Pteropus poliocephalus,Grey-headed Flying-fox,Mammal,Vulnerable,87be0855cffffff,-33.805365,150.680662,4
Sydney,Pteropus poliocephalus,Grey-headed Flying-fox,Mammal,Vulnerable,87be0855effffff,-33.782484,150.689705,17
Sydney,Pteropus poliocephalus,Grey-headed Flying-fox,Mammal,Vulnerable,87be08572ffffff,-33.831354,150.775953,4
Sydney,Pteropus poliocephalus,Grey-headed Flying-fox,Mammal,Vulnerable,87be08576ffffff,-33.849286,150.795277,1
Sydney,Pteropus poliocephalus,Grey-headed Flying-fox,Mammal,Vulnerable,87be08581ffffff,-33.656162,150.923856,4
Sydney,Pteropus poliocephalus,Grey-headed Flying-fox,Mammal,Vulnerable,87be08585ffffff,-33.674069,150.943175,4
Sydney,Pteropus poliocephalus,Grey-headed Flying-fox,Mammal,Vulnerable,87be08588ffffff,-33.643238,150.876268,3
Sydney,Pteropus poliocephalus,Grey-headed Flying-fox,Mammal,Vulnerable,87be08589ffffff,-33.648217,150.847988,4
Sydney,Pteropus poliocephalus,Grey-headed Flying-fox,Mammal,Vulnerable,87be0858cffffff,-33.661152,150.895573,1
Sydney,Pteropus poliocephalus,Grey-headed Flying-fox,Mammal,Vulnerable,87be0858dffffff,-33.666135,150.867288,15
Sydney,Pteropus poliocephalus,Grey-headed Flying-fox,Mammal,Vulnerable,87be0858effffff,-33.638252,150.904545,2
Sydney,Pteropus poliocephalus,Grey-headed Flying-fox,Mammal,Vulnerable,87be085a0ffffff,-33.709876,150.98184,21
Sydney,Pteropus poliocephalus,Grey-headed Flying-fox,Mammal,Vulnerable,87be085a1ffffff,-33.714879,150.953541,15
Sydney,Pteropus poliocephalus,Grey-headed Flying-fox,Mammal,Vulnerable,87be085a2ffffff,-33.686969,150.990795,1
Sydney,Pteropus poliocephalus,Grey-headed Flying-fox,Mammal,Vulnerable,87be085a3ffffff,-33.691974,150.962504,9
Sydney,Pteropus poliocephalus,Grey-headed Flying-fox,Mammal,Vulnerable,87be085a4ffffff,-33.727776,151.001186,40
Sydney,Pteropus poliocephalus,Grey-headed Flying-fox,Mammal,Vulnerable,87be085a5ffffff,-33.732783,150.972881,12
Sydney,Pteropus poliocephalus,Grey-headed Flying-fox,Mammal,Vulnerable,87be085a6ffffff,-33.704867,151.010138,9
Sydney,Pteropus poliocephalus,Grey-headed Flying-fox,Mammal,Vulnerable,87be085a8ffffff,-33.701964,150.905913,12
Sydney,Pteropus poliocephalus,Grey-headed Flying-fox,Mammal,Vulnerable,87be085a9ffffff,-33.706949,150.877615,3
Sydney,Pteropus poliocephalus,Grey-headed Flying-fox,Mammal,Vulnerable,87be085aaffffff,-33.679063,150.914887,11
Sydney,Pteropus poliocephalus,Grey-headed Flying-fox,Mammal,Vulnerable,87be085abffffff,-33.684051,150.886596,3
Sydney,Pteropus poliocephalus,Grey-headed Flying-fox,Mammal,Vulnerable,87be085acffffff,-33.719875,150.925239,3
Sydney,Pteropus poliocephalus,Grey-headed Flying-fox,Mammal,Vulnerable,87be085adffffff,-33.724864,150.896935,30
Sydney,Pteropus poliocephalus,Grey-headed Flying-fox,Mammal,Vulnerable,87be085aeffffff,-33.696972,150.934209,15
Sydney,Pteropus poliocephalus,Grey-headed Flying-fox,Mammal,Vulnerable,87be085b5ffffff,-33.681957,151.019085,1
Sydney,Pteropus poliocephalus,Grey-headed Flying-fox,Mammal,Vulnerable,87be08c10ffffff,-34.046378,151.008423,28
Sydney,Pteropus poliocephalus,Grey-headed Flying-fox,Mammal,Vulnerable,87be08c11ffffff,-34.05138,150.980011,2
Sydney,Pteropus poliocephalus,Grey-headed Flying-fox,Mammal,Vulnerable,87be08c12ffffff,-34.023467,151.017407,9
Sydney,Pteropus poliocephalus,Grey-headed Flying-fox,Mammal,Vulnerable,87be08c14ffffff,-34.06428,151.027853,5
Sydney,Pteropus poliocephalus,Grey-headed Flying-fox,Mammal,Vulnerable,87be08c15ffffff,-34.069287,150.999435,8
Sydney,Pteropus poliocephalus,Grey-headed Flying-fox,Mammal,Vulnerable,87be08c16ffffff,-34.041368,151.036834,10
Sydney,Pteropus poliocephalus,Grey-headed Flying-fox,Mammal,Vulnerable,87be08c19ffffff,-34.043448,150.903775,1
Sydney,Pteropus poliocephalus,Grey-headed Flying-fox,Mammal,Vulnerable,87be08c33ffffff,-34.087191,151.018868,2
Sydney,Pteropus poliocephalus,Grey-headed Flying-fox,Mammal,Vulnerable,87be08c42ffffff,-34.109101,150.772008,1
Sydney,Pteropus poliocephalus,Grey-headed Flying-fox,Mammal,Vulnerable,87be08c4affffff,-34.101039,150.695761,2
Sydney,Pteropus poliocephalus,Grey-headed Flying-fox,Mammal,Vulnerable,87be08c50ffffff,-34.081256,150.809488,91
Sydney,Pteropus poliocephalus,Grey-headed Flying-fox,Mammal,Vulnerable,87be08c51ffffff,-34.086212,150.78106,15
Sydney,Pteropus poliocephalus,Grey-headed Flying-fox,Mammal,Vulnerable,87be08c52ffffff,-34.058364,150.818527,75
Sydney,Pteropus poliocephalus,Grey-headed Flying-fox,Mammal,Vulnerable,87be08c53ffffff,-34.063322,150.790107,3
Sydney,Pteropus poliocephalus,Grey-headed Flying-fox,Mammal,Vulnerable,87be08c54ffffff,-34.099188,150.828878,4
Sydney,Pteropus poliocephalus,Grey-headed Flying-fox,Mammal,Vulnerable,87be08c55ffffff,-34.104148,150.800444,8
Sydney,Pteropus poliocephalus,Grey-headed Flying-fox,Mammal,Vulnerable,87be08c56ffffff,-34.076294,150.837914,14
Sydney,Pteropus poliocephalus,Grey-headed Flying-fox,Mammal,Vulnerable,87be08c58ffffff,-34.073218,150.733259,8
Sydney,Pteropus poliocephalus,Grey-headed Flying-fox,Mammal,Vulnerable,87be08c59ffffff,-34.078156,150.704832,6
Sydney,Pteropus poliocephalus,Grey-headed Flying-fox,Mammal,Vulnerable,87be08c5affffff,-34.050332,150.742318,12
Sydney,Pteropus poliocephalus,Grey-headed Flying-fox,Mammal,Vulnerable,87be08c5bffffff,-34.055273,150.713899,2
Sydney,Pteropus poliocephalus,Grey-headed Flying-fox,Mammal,Vulnerable,87be08c5effffff,-34.068273,150.761684,6
Sydney,Pteropus poliocephalus,Grey-headed Flying-fox,Mammal,Vulnerable,87be08c80ffffff,-33.936834,151.024921,25
Sydney,Pteropus poliocephalus,Grey-headed Flying-fox,Mammal,Vulnerable,87be08c81ffffff,-33.941842,150.996546,29
Sydney,Pteropus poliocephalus,Grey-headed Flying-fox,Mammal,Vulnerable,87be08c82ffffff,-33.913922,151.033889,32
Sydney,Pteropus poliocephalus,Grey-headed Flying-fox,Mammal,Vulnerable,87be08c83ffffff,-33.918933,151.005522,24
Sydney,Pteropus poliocephalus,Grey-headed Flying-fox,Mammal,Vulnerable,87be08c84ffffff,-33.954732,151.04433,56
Sydney,Pteropus poliocephalus,Grey-headed Flying-fox,Mammal,Vulnerable,87be08c85ffffff,-33.959744,151.015949,30
Sydney,Pteropus poliocephalus,Grey-headed Flying-fox,Mammal,Vulnerable,87be08c86ffffff,-33.931818,151.053294,37
Sydney,Pteropus poliocephalus,Grey-headed Flying-fox,Mammal,Vulnerable,87be08c88ffffff,-33.928935,150.948781,13
Sydney,Pteropus poliocephalus,Grey-headed Flying-fox,Mammal,Vulnerable,87be08c89ffffff,-33.933926,150.920407,17
Sydney,Pteropus poliocephalus,Grey-headed Flying-fox,Mammal,Vulnerable,87be08c8affffff,-33.90603,150.957767,12
Sydney,Pteropus poliocephalus,Grey-headed Flying-fox,Mammal,Vulnerable,87be08c8bffffff,-33.911023,150.929401,49
Sydney,Pteropus poliocephalus,Grey-headed Flying-fox,Mammal,Vulnerable,87be08c8cffffff,-33.946844,150.968169,17
Sydney,Pteropus poliocephalus,Grey-headed Flying-fox,Mammal,Vulnerable,87be08c8dffffff,-33.951839,150.939789,15
Sydney,Pteropus poliocephalus,Grey-headed Flying-fox,Mammal,Vulnerable,87be08c8effffff,-33.923937,150.977152,4
Sydney,Pteropus poliocephalus,Grey-headed Flying-fox,Mammal,Vulnerable,87be08c90ffffff,-33.885989,151.071209,39
Sydney,Pteropus poliocephalus,Grey-headed Flying-fox,Mammal,Vulnerable,87be08c91ffffff,-33.891009,151.042852,21
Sydney,Pteropus poliocephalus,Grey-headed Flying-fox,Mammal,Vulnerable,87be08c92ffffff,-33.863073,151.080159,53
Sydney,Pteropus poliocephalus,Grey-headed Flying-fox,Mammal,Vulnerable,87be08c93ffffff,-33.868096,151.05181,12
Sydney,Pteropus poliocephalus,Grey-headed Flying-fox,Mammal,Vulnerable,87be08c94ffffff,-33.90388,151.090617,49
Sydney,Pteropus poliocephalus,Grey-headed Flying-fox,Mammal,Vulnerable,87be08c95ffffff,-33.908904,151.062254,34
Sydney,Pteropus poliocephalus,Grey-headed Flying-fox,Mammal,Vulnerable,87be08c96ffffff,-33.880962,151.099564,66
Sydney,Pteropus poliocephalus,Grey-headed Flying-fox,Mammal,Vulnerable,87be08c98ffffff,-33.878121,150.995105,10
Sydney,Pteropus poliocephalus,Grey-headed Flying-fox,Mammal,Vulnerable,87be08c99ffffff,-33.883124,150.966749,17
Sydney,Pteropus poliocephalus,Grey-headed Flying-fox,Mammal,Vulnerable,87be08c9affffff,-33.855212,151.004075,40
Sydney,Pteropus poliocephalus,Grey-headed Flying-fox,Mammal,Vulnerable,87be08c9bffffff,-33.860218,150.975726,24
Sydney,Pteropus poliocephalus,Grey-headed Flying-fox,Mammal,Vulnerable,87be08c9cffffff,-33.896023,151.014493,55
Sydney,Pteropus poliocephalus,Grey-headed Flying-fox,Mammal,Vulnerable,87be08c9dffffff,-33.90103,150.986131,30
Sydney,Pteropus poliocephalus,Grey-headed Flying-fox,Mammal,Vulnerable,87be08c9effffff,-33.873112,151.023459,14
Sydney,Pteropus poliocephalus,Grey-headed Flying-fox,Mammal,Vulnerable,87be08ca0ffffff,-33.995542,151.05478,21
Sydney,Pteropus poliocephalus,Grey-headed Flying-fox,Mammal,Vulnerable,87be08ca1ffffff,-34.000556,151.026386,5
Sydney,Pteropus poliocephalus,Grey-headed Flying-fox,Mammal,Vulnerable,87be08ca2ffffff,-33.972627,151.063747,40
Sydney,Pteropus poliocephalus,Grey-headed Flying-fox,Mammal,Vulnerable,87be08ca3ffffff,-33.977644,151.03536,23
Sydney,Pteropus poliocephalus,Grey-headed Flying-fox,Mammal,Vulnerable,87be08ca4ffffff,-34.013437,151.074209,33
Sydney,Pteropus poliocephalus,Grey-headed Flying-fox,Mammal,Vulnerable,87be08ca5ffffff,-34.018455,151.045809,8
Sydney,Pteropus poliocephalus,Grey-headed Flying-fox,Mammal,Vulnerable,87be08ca6ffffff,-33.99052,151.083172,91
Sydney,Pteropus poliocephalus,Grey-headed Flying-fox,Mammal,Vulnerable,87be08ca8ffffff,-33.987658,150.978581,1
Sydney,Pteropus poliocephalus,Grey-headed Flying-fox,Mammal,Vulnerable,87be08ca9ffffff,-33.992655,150.950187,1
Sydney,Pteropus poliocephalus,Grey-headed Flying-fox,Mammal,Vulnerable,87be08caaffffff,-33.964751,150.987566,19
Sydney,Pteropus poliocephalus,Grey-headed Flying-fox,Mammal,Vulnerable,87be08cabffffff,-33.96975,150.959181,3
Sydney,Pteropus poliocephalus,Grey-headed Flying-fox,Mammal,Vulnerable,87be08cacffffff,-34.005564,150.99799,8
Sydney,Pteropus poliocephalus,Grey-headed Flying-fox,Mammal,Vulnerable,87be08cadffffff,-34.010565,150.969591,1
Sydney,Pteropus poliocephalus,Grey-headed Flying-fox,Mammal,Vulnerable,87be08caeffffff,-33.982655,151.006972,5
Sydney,Pteropus poliocephalus,Grey-headed Flying-fox,Mammal,Vulnerable,87be08cb0ffffff,-33.944686,151.101084,41
Sydney,Pteropus poliocephalus,Grey-headed Flying-fox,Mammal,Vulnerable,87be08cb1ffffff,-33.949712,151.072708,37
Sydney,Pteropus poliocephalus,Grey-headed Flying-fox,Mammal,Vulnerable,87be08cb2ffffff,-33.921768,151.110033,85
Sydney,Pteropus poliocephalus,Grey-headed Flying-fox,Mammal,Vulnerable,87be08cb3ffffff,-33.926796,151.081665,72
Sydney,Pteropus poliocephalus,Grey-headed Flying-fox,Mammal,Vulnerable,87be08cb4ffffff,-33.962573,151.120512,70
Sydney,Pteropus poliocephalus,Grey-headed Flying-fox,Mammal,Vulnerable,87be08cb5ffffff,-33.967604,151.092131,70
Sydney,Pteropus poliocephalus,Grey-headed Flying-fox,Mammal,Vulnerable,87be08cb6ffffff,-33.939653,151.129458,141
Sydney,Pteropus poliocephalus,Grey-headed Flying-fox,Mammal,Vulnerable,87be08cc0ffffff,-33.971753,150.826248,4
Sydney,Pteropus poliocephalus,Grey-headed Flying-fox,Mammal,Vulnerable,87be08cc2ffffff,-33.948859,150.835271,2
Sydney,Pteropus poliocephalus,Grey-headed Flying-fox,Mammal,Vulnerable,87be08cc4ffffff,-33.989681,150.845616,2
Sydney,Pteropus poliocephalus,Grey-headed Flying-fox,Mammal,Vulnerable,87be08cc5ffffff,-33.994647,150.81722,1
Sydney,Pteropus poliocephalus,Grey-headed Flying-fox,Mammal,Vulnerable,87be08cc6ffffff,-33.966785,150.854636,2
Sydney,Pteropus poliocephalus,Grey-headed Flying-fox,Mammal,Vulnerable,87be08ccdffffff,-33.986618,150.741068,2
Sydney,Pteropus poliocephalus,Grey-headed Flying-fox,Mammal,Vulnerable,87be08cd0ffffff,-33.92099,150.872662,16
Sydney,Pteropus poliocephalus,Grey-headed Flying-fox,Mammal,Vulnerable,87be08cd1ffffff,-33.925964,150.844289,12
Sydney,Pteropus poliocephalus,Grey-headed Flying-fox,Mammal,Vulnerable,87be08cd2ffffff,-33.898092,150.881668,8
Sydney,Pteropus poliocephalus,Grey-headed Flying-fox,Mammal,Vulnerable,87be08cd3ffffff,-33.903068,150.853303,2
Sydney,Pteropus poliocephalus,Grey-headed Flying-fox,Mammal,Vulnerable,87be08cd4ffffff,-33.93891,150.89203,18
Sydney,Pteropus poliocephalus,Grey-headed Flying-fox,Mammal,Vulnerable,87be08cd5ffffff,-33.943888,150.863652,20
Sydney,Pteropus poliocephalus,Grey-headed Flying-fox,Mammal,Vulnerable,87be08cd6ffffff,-33.91601,150.901033,13
Sydney,Pteropus poliocephalus,Grey-headed Flying-fox,Mammal,Vulnerable,87be08cd8ffffff,-33.913,150.796566,1
Sydney,Pteropus poliocephalus,Grey-headed Flying-fox,Mammal,Vulnerable,87be08ce0ffffff,-34.030503,150.855972,16
Sydney,Pteropus poliocephalus,Grey-headed Flying-fox,Mammal,Vulnerable,87be08ce1ffffff,-34.03547,150.827562,7
Sydney,Pteropus poliocephalus,Grey-headed Flying-fox,Mammal,Vulnerable,87be08ce2ffffff,-34.007606,150.864994,26
Sydney,Pteropus poliocephalus,Grey-headed Flying-fox,Mammal,Vulnerable,87be08ce3ffffff,-34.012576,150.836591,12
Sydney,Pteropus poliocephalus,Grey-headed Flying-fox,Mammal,Vulnerable,87be08ce5ffffff,-34.053399,150.846946,12
Sydney,Pteropus poliocephalus,Grey-headed Flying-fox,Mammal,Vulnerable,87be08ce6ffffff,-34.025528,150.88438,4
Sydney,Pteropus poliocephalus,Grey-headed Flying-fox,Mammal,Vulnerable,87be08ce8ffffff,-34.022496,150.77978,3
Sydney,Pteropus poliocephalus,Grey-headed Flying-fox,Mammal,Vulnerable,87be08ce9ffffff,-34.027446,150.751371,3
Sydney,Pteropus poliocephalus,Grey-headed Flying-fox,Mammal,Vulnerable,87be08ceaffffff,-33.999606,150.788821,1
Sydney,Pteropus poliocephalus,Grey-headed Flying-fox,Mammal,Vulnerable,87be08cebffffff,-34.004558,150.76042,3
Sydney,Pteropus poliocephalus,Grey-headed Flying-fox,Mammal,Vulnerable,87be08cecffffff,-34.040431,150.799149,6
Sydney,Pteropus poliocephalus,Grey-headed Flying-fox,Mammal,Vulnerable,87be08cedffffff,-34.045385,150.770735,6
Sydney,Pteropus poliocephalus,Grey-headed Flying-fox,Mammal,Vulnerable,87be08ceeffffff,-34.017539,150.808187,16
Sydney,Pteropus poliocephalus,Grey-headed Flying-fox,Mammal,Vulnerable,87be08cf0ffffff,-33.979729,150.902403,13
Sydney,Pteropus poliocephalus,Grey-headed Flying-fox,Mammal,Vulnerable,87be08cf1ffffff,-33.984708,150.874011,29
Sydney,Pteropus poliocephalus,Grey-headed Flying-fox,Mammal,Vulnerable,87be08cf2ffffff,-33.956828,150.911407,14
Sydney,Pteropus poliocephalus,Grey-headed Flying-fox,Mammal,Vulnerable,87be08cf3ffffff,-33.96181,150.883023,10
Sydney,Pteropus poliocephalus,Grey-headed Flying-fox,Mammal,Vulnerable,87be08cf5ffffff,-34.002629,150.893394,27
Sydney,Pteropus poliocephalus,Grey-headed Flying-fox,Mammal,Vulnerable,87be08cf6ffffff,-33.974743,150.930793,1
Sydney,Pteropus poliocephalus,Grey-headed Flying-fox,Mammal,Vulnerable,87be08d80ffffff,-34.062068,151.160963,14
Sydney,Pteropus poliocephalus,Grey-headed Flying-fox,Mammal,Vulnerable,87be08d81ffffff,-34.067106,151.132549,6
Sydney,Pteropus poliocephalus,Grey-headed Flying-fox,Mammal,Vulnerable,87be08d82ffffff,-34.039144,151.169909,3
Sydney,Pteropus poliocephalus,Grey-headed Flying-fox,Mammal,Vulnerable,87be08d83ffffff,-34.044185,151.141502,28
Sydney,Pteropus poliocephalus,Grey-headed Flying-fox,Mammal,Vulnerable,87be08d88ffffff,-34.054246,151.084682,15
Sydney,Pteropus poliocephalus,Grey-headed Flying-fox,Mammal,Vulnerable,87be08d8affffff,-34.031329,151.093647,65
Sydney,Pteropus poliocephalus,Grey-headed Flying-fox,Mammal,Vulnerable,87be08d8bffffff,-34.036352,151.065242,16
Sydney,Pteropus poliocephalus,Grey-headed Flying-fox,Mammal,Vulnerable,87be08d8cffffff,-34.072137,151.104132,1
Sydney,Pteropus poliocephalus,Grey-headed Flying-fox,Mammal,Vulnerable,87be08d8effffff,-34.049219,151.113093,91
Sydney,Pteropus poliocephalus,Grey-headed Flying-fox,Mammal,Vulnerable,87be08d90ffffff,-34.01117,151.207245,4
Sydney,Pteropus poliocephalus,Grey-headed Flying-fox,Mammal,Vulnerable,87be08d91ffffff,-34.01622,151.178849,1
Sydney,Pteropus poliocephalus,Grey-headed Flying-fox,Mammal,Vulnerable,87be08d92ffffff,-33.988242,151.216173,2
Sydney,Pteropus poliocephalus,Grey-headed Flying-fox,Mammal,Vulnerable,87be08d95ffffff,-34.034097,151.198312,13
Sydney,Pteropus poliocephalus,Grey-headed Flying-fox,Mammal,Vulnerable,87be08d98ffffff,-34.003379,151.131002,24
Sydney,Pteropus poliocephalus,Grey-headed Flying-fox,Mammal,Vulnerable,87be08d99ffffff,-34.008411,151.102607,27
Sydney,Pteropus poliocephalus,Grey-headed Flying-fox,Mammal,Vulnerable,87be08d9affffff,-33.980458,151.139949,46
Sydney,Pteropus poliocephalus,Grey-headed Flying-fox,Mammal,Vulnerable,87be08d9bffffff,-33.985492,151.111562,38
Sydney,Pteropus poliocephalus,Grey-headed Flying-fox,Mammal,Vulnerable,87be08d9dffffff,-34.026299,151.12205,65
Sydney,Pteropus poliocephalus,Grey-headed Flying-fox,Mammal,Vulnerable,87be08d9effffff,-33.99834,151.159395,5
Sydney,Pteropus poliocephalus,Grey-headed Flying-fox,Mammal,Vulnerable,87be0e200ffffff,-33.741069,151.285767,39
Sydney,Pteropus poliocephalus,Grey-headed Flying-fox,Mammal,Vulnerable,87be0e201ffffff,-33.746141,151.257464,18
Sydney,Pteropus poliocephalus,Grey-headed Flying-fox,Mammal,Vulnerable,87be0e202ffffff,-33.718135,151.294646,8
Sydney,Pteropus poliocephalus,Grey-headed Flying-fox,Mammal,Vulnerable,87be0e203ffffff,-33.72321,151.266351,10
Sydney,Pteropus poliocephalus,Grey-headed Flying-fox,Mammal,Vulnerable,87be0e204ffffff,-33.758926,151.305192,4
Sydney,Pteropus poliocephalus,Grey-headed Flying-fox,Mammal,Vulnerable,87be0e205ffffff,-33.764002,151.276883,42
Sydney,Pteropus poliocephalus,Grey-headed Flying-fox,Mammal,Vulnerable,87be0e206ffffff,-33.73599,151.314067,9
Sydney,Pteropus poliocephalus,Grey-headed Flying-fox,Mammal,Vulnerable,87be0e208ffffff,-33.73334,151.209753,12
Sydney,Pteropus poliocephalus,Grey-headed Flying-fox,Mammal,Vulnerable,87be0e209ffffff,-33.738394,151.181451,10
Sydney,Pteropus poliocephalus,Grey-headed Flying-fox,Mammal,Vulnerable,87be0e20bffffff,-33.71547,151.190357,4
Sydney,Pteropus poliocephalus,Grey-headed Flying-fox,Mammal,Vulnerable,87be0e20cffffff,-33.751207,151.229158,17
Sydney,Pteropus poliocephalus,Grey-headed Flying-fox,Mammal,Vulnerable,87be0e20dffffff,-33.756266,151.20085,12
Sydney,Pteropus poliocephalus,Grey-headed Flying-fox,Mammal,Vulnerable,87be0e20effffff,-33.728278,151.238053,6
Sydney,Pteropus poliocephalus,Grey-headed Flying-fox,Mammal,Vulnerable,87be0e211ffffff,-33.695201,151.30352,101
Sydney,Pteropus poliocephalus,Grey-headed Flying-fox,Mammal,Vulnerable,87be0e213ffffff,-33.672266,151.312389,20
Sydney,Pteropus poliocephalus,Grey-headed Flying-fox,Mammal,Vulnerable,87be0e218ffffff,-33.682418,151.255828,2
Sydney,Pteropus poliocephalus,Grey-headed Flying-fox,Mammal,Vulnerable,87be0e219ffffff,-33.687484,151.227544,18
Sydney,Pteropus poliocephalus,Grey-headed Flying-fox,Mammal,Vulnerable,87be0e21affffff,-33.659487,151.264709,1
Sydney,Pteropus poliocephalus,Grey-headed Flying-fox,Mammal,Vulnerable,87be0e21cffffff,-33.700278,151.275233,15
Sydney,Pteropus poliocephalus,Grey-headed Flying-fox,Mammal,Vulnerable,87be0e21effffff,-33.677345,151.28411,15
Sydney,Pteropus poliocephalus,Grey-headed Flying-fox,Mammal,Vulnerable,87be0e220ffffff,-33.799716,151.315748,1
Sydney,Pteropus poliocephalus,Grey-headed Flying-fox,Mammal,Vulnerable,87be0e221ffffff,-33.804795,151.287426,55
Sydney,Pteropus poliocephalus,Grey-headed Flying-fox,Mammal,Vulnerable,87be0e223ffffff,-33.78186,151.296311,9
Sydney,Pteropus poliocephalus,Grey-headed Flying-fox,Mammal,Vulnerable,87be0e225ffffff,-33.822652,151.306866,9
Sydney,Pteropus poliocephalus,Grey-headed Flying-fox,Mammal,Vulnerable,87be0e228ffffff,-33.792002,151.239676,18
Sydney,Pteropus poliocephalus,Grey-headed Flying-fox,Mammal,Vulnerable,87be0e229ffffff,-33.797063,151.211355,15
Sydney,Pteropus poliocephalus,Grey-headed Flying-fox,Mammal,Vulnerable,87be0e22affffff,-33.769072,151.248572,13
Sydney,Pteropus poliocephalus,Grey-headed Flying-fox,Mammal,Vulnerable,87be0e22bffffff,-33.774135,151.220259,19
Sydney,Pteropus poliocephalus,Grey-headed Flying-fox,Mammal,Vulnerable,87be0e22cffffff,-33.809866,151.259102,4
Sydney,Pteropus poliocephalus,Grey-headed Flying-fox,Mammal,Vulnerable,87be0e22dffffff,-33.814931,151.230775,35
Sydney,Pteropus poliocephalus,Grey-headed Flying-fox,Mammal,Vulnerable,87be0e22effffff,-33.786935,151.267995,115
Sydney,Pteropus poliocephalus,Grey-headed Flying-fox,Mammal,Vulnerable,87be0e240ffffff,-33.776436,151.087595,16
Sydney,Pteropus poliocephalus,Grey-headed Flying-fox,Mammal,Vulnerable,87be0e241ffffff,-33.781462,151.059276,15
Sydney,Pteropus poliocephalus,Grey-headed Flying-fox,Mammal,Vulnerable,87be0e242ffffff,-33.753519,151.09653,4
Sydney,Pteropus poliocephalus,Grey-headed Flying-fox,Mammal,Vulnerable,87be0e243ffffff,-33.758547,151.068218,16
Sydney,Pteropus poliocephalus,Grey-headed Flying-fox,Mammal,Vulnerable,87be0e244ffffff,-33.794322,151.106981,25
Sydney,Pteropus poliocephalus,Grey-headed Flying-fox,Mammal,Vulnerable,87be0e245ffffff,-33.799352,151.078656,35
Sydney,Pteropus poliocephalus,Grey-headed Flying-fox,Mammal,Vulnerable,87be0e246ffffff,-33.771403,151.115913,10
Sydney,Pteropus poliocephalus,Grey-headed Flying-fox,Mammal,Vulnerable,87be0e248ffffff,-33.768584,151.011587,14
Sydney,Pteropus poliocephalus,Grey-headed Flying-fox,Mammal,Vulnerable,87be0e249ffffff,-33.773593,150.983269,37
Sydney,Pteropus poliocephalus,Grey-headed Flying-fox,Mammal,Vulnerable,87be0e24affffff,-33.745674,151.020541,13
Sydney,Pteropus poliocephalus,Grey-headed Flying-fox,Mammal,Vulnerable,87be0e24bffffff,-33.750685,150.99223,49
Sydney,Pteropus poliocephalus,Grey-headed Flying-fox,Mammal,Vulnerable,87be0e24cffffff,-33.786481,151.030954,23
Sydney,Pteropus poliocephalus,Grey-headed Flying-fox,Mammal,Vulnerable,87be0e24dffffff,-33.791494,151.002629,71
Sydney,Pteropus poliocephalus,Grey-headed Flying-fox,Mammal,Vulnerable,87be0e24effffff,-33.763569,151.039904,18
Sydney,Pteropus poliocephalus,Grey-headed Flying-fox,Mammal,Vulnerable,87be0e250ffffff,-33.725564,151.133761,20
Sydney,Pteropus poliocephalus,Grey-headed Flying-fox,Mammal,Vulnerable,87be0e251ffffff,-33.730602,151.105459,10
Sydney,Pteropus poliocephalus,Grey-headed Flying-fox,Mammal,Vulnerable,87be0e252ffffff,-33.702644,151.142678,4
Sydney,Pteropus poliocephalus,Grey-headed Flying-fox,Mammal,Vulnerable,87be0e253ffffff,-33.707683,151.114384,8
Sydney,Pteropus poliocephalus,Grey-headed Flying-fox,Mammal,Vulnerable,87be0e254ffffff,-33.743443,151.153146,69
Sydney,Pteropus poliocephalus,Grey-headed Flying-fox,Mammal,Vulnerable,87be0e255ffffff,-33.748484,151.124839,8
Sydney,Pteropus poliocephalus,Grey-headed Flying-fox,Mammal,Vulnerable,87be0e256ffffff,-33.72052,151.16206,19
Sydney,Pteropus poliocephalus,Grey-headed Flying-fox,Mammal,Vulnerable,87be0e258ffffff,-33.717743,151.05779,15
Sydney,Pteropus poliocephalus,Grey-headed Flying-fox,Mammal,Vulnerable,87be0e259ffffff,-33.722763,151.029489,8
Sydney,Pteropus poliocephalus,Grey-headed Flying-fox,Mammal,Vulnerable,87be0e25bffffff,-33.699852,151.038433,1
Sydney,Pteropus poliocephalus,Grey-headed Flying-fox,Mammal,Vulnerable,87be0e25cffffff,-33.735632,151.077155,8
Sydney,Pteropus poliocephalus,Grey-headed Flying-fox,Mammal,Vulnerable,87be0e25dffffff,-33.740656,151.048849,10
Sydney,Pteropus poliocephalus,Grey-headed Flying-fox,Mammal,Vulnerable,87be0e25effffff,-33.712717,151.086088,14
Sydney,Pteropus poliocephalus,Grey-headed Flying-fox,Mammal,Vulnerable,87be0e260ffffff,-33.835125,151.117444,44
Sydney,Pteropus poliocephalus,Grey-headed Flying-fox,Mammal,Vulnerable,87be0e261ffffff,-33.840157,151.089105,38
Sydney,Pteropus poliocephalus,Grey-headed Flying-fox,Mammal,Vulnerable,87be0e262ffffff,-33.812206,151.126376,37
Sydney,Pteropus poliocephalus,Grey-headed Flying-fox,Mammal,Vulnerable,87be0e263ffffff,-33.81724,151.098045,29
Sydney,Pteropus poliocephalus,Grey-headed Flying-fox,Mammal,Vulnerable,87be0e264ffffff,-33.853008,151.13685,47
Sydney,Pteropus poliocephalus,Grey-headed Flying-fox,Mammal,Vulnerable,87be0e265ffffff,-33.858044,151.108506,40
Sydney,Pteropus poliocephalus,Grey-headed Flying-fox,Mammal,Vulnerable,87be0e266ffffff,-33.830087,151.14578,129
Sydney,Pteropus poliocephalus,Grey-headed Flying-fox,Mammal,Vulnerable,87be0e268ffffff,-33.827288,151.041377,16
Sydney,Pteropus poliocephalus,Grey-headed Flying-fox,Mammal,Vulnerable,87be0e269ffffff,-33.832303,151.013039,63
Sydney,Pteropus poliocephalus,Grey-headed Flying-fox,Mammal,Vulnerable,87be0e26affffff,-33.804375,151.050329,33
Sydney,Pteropus poliocephalus,Grey-headed Flying-fox,Mammal,Vulnerable,87be0e26bffffff,-33.809392,151.021999,34
Sydney,Pteropus poliocephalus,Grey-headed Flying-fox,Mammal,Vulnerable,87be0e26cffffff,-33.845182,151.060764,29
Sydney,Pteropus poliocephalus,Grey-headed Flying-fox,Mammal,Vulnerable,87be0e26dffffff,-33.850201,151.03242,45
Sydney,Pteropus poliocephalus,Grey-headed Flying-fox,Mammal,Vulnerable,87be0e26effffff,-33.822267,151.069712,22
Sydney,Pteropus poliocephalus,Grey-headed Flying-fox,Mammal,Vulnerable,87be0e270ffffff,-33.784242,151.163625,191
Sydney,Pteropus poliocephalus,Grey-headed Flying-fox,Mammal,Vulnerable,87be0e271ffffff,-33.789285,151.135304,28
Sydney,Pteropus poliocephalus,Grey-headed Flying-fox,Mammal,Vulnerable,87be0e272ffffff,-33.761319,151.17254,75
Sydney,Pteropus poliocephalus,Grey-headed Flying-fox,Mammal,Vulnerable,87be0e273ffffff,-33.766364,151.144228,19
Sydney,Pteropus poliocephalus,Grey-headed Flying-fox,Mammal,Vulnerable,87be0e274ffffff,-33.802117,151.183031,29
Sydney,Pteropus poliocephalus,Grey-headed Flying-fox,Mammal,Vulnerable,87be0e275ffffff,-33.807165,151.154705,16
Sydney,Pteropus poliocephalus,Grey-headed Flying-fox,Mammal,Vulnerable,87be0e276ffffff,-33.779192,151.191943,23
Sydney,Pteropus poliocephalus,Grey-headed Flying-fox,Mammal,Vulnerable,87be0e281ffffff,-33.585608,151.319572,5
Sydney,Pteropus poliocephalus,Grey-headed Flying-fox,Mammal,Vulnerable,87be0e285ffffff,-33.603457,151.338969,3
Sydney,Pteropus poliocephalus,Grey-headed Flying-fox,Mammal,Vulnerable,87be0e2aaffffff,-33.608544,151.310714,2
Sydney,Pteropus poliocephalus,Grey-headed Flying-fox,Mammal,Vulnerable,87be0e2acffffff,-33.64933,151.321254,23
Sydney,Pteropus poliocephalus,Grey-headed Flying-fox,Mammal,Vulnerable,87be0e2adffffff,-33.654412,151.292983,8
Sydney,Pteropus poliocephalus,Grey-headed Flying-fox,Mammal,Vulnerable,87be0e2aeffffff,-33.626394,151.330114,43
Sydney,Pteropus poliocephalus,Grey-headed Flying-fox,Mammal,Vulnerable,87be0e2c0ffffff,-33.616004,151.150036,5
Sydney,Pteropus poliocephalus,Grey-headed Flying-fox,Mammal,Vulnerable,87be0e2c3ffffff,-33.598128,151.130681,1
Sydney,Pteropus poliocephalus,Grey-headed Flying-fox,Mammal,Vulnerable,87be0e2e0ffffff,-33.674673,151.179873,1
Sydney,Pteropus poliocephalus,Grey-headed Flying-fox,Mammal,Vulnerable,87be0e2e2ffffff,-33.651749,151.188773,1
Sydney,Pteropus poliocephalus,Grey-headed Flying-fox,Mammal,Vulnerable,87be0e2e5ffffff,-33.697597,151.170969,2
Sydney,Pteropus poliocephalus,Grey-headed Flying-fox,Mammal,Vulnerable,87be0e2e8ffffff,-33.666883,151.103939,10
Sydney,Pteropus poliocephalus,Grey-headed Flying-fox,Mammal,Vulnerable,87be0e2eaffffff,-33.643965,151.112858,4
Sydney,Pteropus poliocephalus,Grey-headed Flying-fox,Mammal,Vulnerable,87be0e2ecffffff,-33.684765,151.123304,2
Sydney,Pteropus poliocephalus,Grey-headed Flying-fox,Mammal,Vulnerable,87be0e2edffffff,-33.6898,151.095016,18
Sydney,Pteropus poliocephalus,Grey-headed Flying-fox,Mammal,Vulnerable,87be0e2eeffffff,-33.661845,151.132219,1
Sydney,Pteropus poliocephalus,Grey-headed Flying-fox,Mammal,Vulnerable,87be0e340ffffff,-33.901586,151.223481,580
Sydney,Pteropus poliocephalus,Grey-headed Flying-fox,Mammal,Vulnerable,87be0e341ffffff,-33.906642,151.195123,118
Sydney,Pteropus poliocephalus,Grey-headed Flying-fox,Mammal,Vulnerable,87be0e342ffffff,-33.878657,151.232394,129
Sydney,Pteropus poliocephalus,Grey-headed Flying-fox,Mammal,Vulnerable,87be0e343ffffff,-33.883715,151.204043,169
Sydney,Pteropus poliocephalus,Grey-headed Flying-fox,Mammal,Vulnerable,87be0e344ffffff,-33.919455,151.242929,118
Sydney,Pteropus poliocephalus,Grey-headed Flying-fox,Mammal,Vulnerable,87be0e345ffffff,-33.924514,151.214565,61
Sydney,Pteropus poliocephalus,Grey-headed Flying-fox,Mammal,Vulnerable,87be0e346ffffff,-33.896524,151.251838,139
Sydney,Pteropus poliocephalus,Grey-headed Flying-fox,Mammal,Vulnerable,87be0e348ffffff,-33.893811,151.147335,147
Sydney,Pteropus poliocephalus,Grey-headed Flying-fox,Mammal,Vulnerable,87be0e349ffffff,-33.898848,151.118977,86
Sydney,Pteropus poliocephalus,Grey-headed Flying-fox,Mammal,Vulnerable,87be0e34affffff,-33.870888,151.156266,91
Sydney,Pteropus poliocephalus,Grey-headed Flying-fox,Mammal,Vulnerable,87be0e34bffffff,-33.875929,151.127916,116
Sydney,Pteropus poliocephalus,Grey-headed Flying-fox,Mammal,Vulnerable,87be0e34cffffff,-33.91169,151.166762,153
Sydney,Pteropus poliocephalus,Grey-headed Flying-fox,Mammal,Vulnerable,87be0e34dffffff,-33.916732,151.138399,153
Sydney,Pteropus poliocephalus,Grey-headed Flying-fox,Mammal,Vulnerable,87be0e34effffff,-33.888766,151.17569,171
Sydney,Pteropus poliocephalus,Grey-headed Flying-fox,Mammal,Vulnerable,87be0e350ffffff,-33.850661,151.269641,18
Sydney,Pteropus poliocephalus,Grey-headed Flying-fox,Mammal,Vulnerable,87be0e351ffffff,-33.855728,151.241301,14
Sydney,Pteropus poliocephalus,Grey-headed Flying-fox,Mammal,Vulnerable,87be0e352ffffff,-33.827728,151.278536,2
Sydney,Pteropus poliocephalus,Grey-headed Flying-fox,Mammal,Vulnerable,87be0e353ffffff,-33.832797,151.250204,38
Sydney,Pteropus poliocephalus,Grey-headed Flying-fox,Mammal,Vulnerable,87be0e354ffffff,-33.868522,151.289088,6
Sydney,Pteropus poliocephalus,Grey-headed Flying-fox,Mammal,Vulnerable,87be0e355ffffff,-33.873593,151.260742,44
Sydney,Pteropus poliocephalus,Grey-headed Flying-fox,Mammal,Vulnerable,87be0e356ffffff,-33.845587,151.297979,3
Sydney,Pteropus poliocephalus,Grey-headed Flying-fox,Mammal,Vulnerable,87be0e358ffffff,-33.842916,151.193532,40
Sydney,Pteropus poliocephalus,Grey-headed Flying-fox,Mammal,Vulnerable,87be0e359ffffff,-33.847965,151.165192,43
Sydney,Pteropus poliocephalus,Grey-headed Flying-fox,Mammal,Vulnerable,87be0e35affffff,-33.81999,151.202445,51
Sydney,Pteropus poliocephalus,Grey-headed Flying-fox,Mammal,Vulnerable,87be0e35bffffff,-33.825042,151.174114,26
Sydney,Pteropus poliocephalus,Grey-headed Flying-fox,Mammal,Vulnerable,87be0e35cffffff,-33.860788,151.212958,284
Sydney,Pteropus poliocephalus,Grey-headed Flying-fox,Mammal,Vulnerable,87be0e35dffffff,-33.865841,151.184613,101
Sydney,Pteropus poliocephalus,Grey-headed Flying-fox,Mammal,Vulnerable,87be0e35effffff,-33.83786,151.221869,67
Sydney,Pteropus poliocephalus,Grey-headed Flying-fox,Mammal,Vulnerable,87be0e360ffffff,-33.960252,151.253474,15
Sydney,Pteropus poliocephalus,Grey-headed Flying-fox,Mammal,Vulnerable,87be0e361ffffff,-33.965314,151.225097,20
Sydney,Pteropus poliocephalus,Grey-headed Flying-fox,Mammal,Vulnerable,87be0e362ffffff,-33.937321,151.262385,19
Sydney,Pteropus poliocephalus,Grey-headed Flying-fox,Mammal,Vulnerable,87be0e363ffffff,-33.942385,151.234015,42
Sydney,Pteropus poliocephalus,Grey-headed Flying-fox,Mammal,Vulnerable,87be0e365ffffff,-33.983183,151.244559,14
Sydney,Pteropus poliocephalus,Grey-headed Flying-fox,Mammal,Vulnerable,87be0e368ffffff,-33.952492,151.177268,2
Sydney,Pteropus poliocephalus,Grey-headed Flying-fox,Mammal,Vulnerable,87be0e369ffffff,-33.957536,151.148892,46
Sydney,Pteropus poliocephalus,Grey-headed Flying-fox,Mammal,Vulnerable,87be0e36affffff,-33.929567,151.186198,30
Sydney,Pteropus poliocephalus,Grey-headed Flying-fox,Mammal,Vulnerable,87be0e36bffffff,-33.934614,151.157829,67
Sydney,Pteropus poliocephalus,Grey-headed Flying-fox,Mammal,Vulnerable,87be0e36effffff,-33.947442,151.205643,23
Sydney,Pteropus poliocephalus,Grey-headed Flying-fox,Mammal,Vulnerable,87be0e371ffffff,-33.914389,151.27129,20
Sydney,Pteropus poliocephalus,Grey-headed Flying-fox,Mammal,Vulnerable,87be0e373ffffff,-33.891455,151.280191,24
Sydney,Pycnoptilus floccosus,Pilotbird,Bird,Vulnerable,87be08440ffffff,-33.720514,150.556008,6
Sydney,Pycnoptilus floccosus,Pilotbird,Bird,Vulnerable,87be08442ffffff,-33.697645,150.565074,12
Sydney,Pycnoptilus floccosus,Pilotbird,Bird,Vulnerable,87be08443ffffff,-33.702551,150.536771,4
Sydney,Pycnoptilus floccosus,Pilotbird,Bird,Vulnerable,87be08446ffffff,-33.715604,150.584317,1
Sydney,Pycnoptilus floccosus,Pilotbird,Bird,Vulnerable,87be08455ffffff,-33.692732,150.593375,11
Sydney,Pycnoptilus floccosus,Pilotbird,Bird,Vulnerable,87be0845cffffff,-33.679683,150.54584,1
Sydney,Pycnoptilus floccosus,Pilotbird,Bird,Vulnerable,87be08466ffffff,-33.77439,150.613772,1
Sydney,Pycnoptilus floccosus,Pilotbird,Bird,Vulnerable,87be08471ffffff,-33.733561,150.603568,5
Sydney,Pycnoptilus floccosus,Pilotbird,Bird,Vulnerable,87be08472ffffff,-33.705763,150.640928,2
Sydney,Pycnoptilus floccosus,Pilotbird,Bird,Vulnerable,87be08473ffffff,-33.710687,150.612623,1
Sydney,Stagonopleura guttata,Diamond Firetail,Bird,Vulnerable,87be08511ffffff,-33.765677,150.907284,1
Sydney,Stagonopleura guttata,Diamond Firetail,Bird,Vulnerable,87be0852cffffff,-33.880172,150.862311,1
Sydney,Stagonopleura guttata,Diamond Firetail,Bird,Vulnerable,87be085a8ffffff,-33.701964,150.905913,1
Sydney,Stagonopleura guttata,Diamond Firetail,Bird,Vulnerable,87be08c5effffff,-34.068273,150.761684,2
Sydney,Stagonopleura guttata,Diamond Firetail,Bird,Vulnerable,87be0e206ffffff,-33.73599,151.314067,1
Sydney,Stagonopleura guttata,Diamond Firetail,Bird,Vulnerable,87be0e341ffffff,-33.906642,151.195123,1
Sydney,Stagonopleura guttata,Diamond Firetail,Bird,Vulnerable,87be0e36bffffff,-33.934614,151.157829,1
Sydney,Sternula albifrons,Little Tern,Bird,Vulnerable,87be08c9dffffff,-33.90103,150.986131,1
Sydney,Sternula albifrons,Little Tern,Bird,Vulnerable,87be08d80ffffff,-34.062068,151.160963,5
Sydney,Sternula albifrons,Little Tern,Bird,Vulnerable,87be08d82ffffff,-34.039144,151.169909,8
Sydney,Sternula albifrons,Little Tern,Bird,Vulnerable,87be08d8cffffff,-34.072137,151.104132,1
Sydney,Sternula albifrons,Little Tern,Bird,Vulnerable,87be08d90ffffff,-34.01117,151.207245,6
Sydney,Sternula albifrons,Little Tern,Bird,Vulnerable,87be08d91ffffff,-34.01622,151.178849,152
Sydney,Sternula albifrons,Little Tern,Bird,Vulnerable,87be08d95ffffff,-34.034097,151.198312,257
Sydney,Sternula albifrons,Little Tern,Bird,Vulnerable,87be08d96ffffff,-34.006113,151.235639,3
Sydney,Sternula albifrons,Little Tern,Bird,Vulnerable,87be08d98ffffff,-34.003379,151.131002,22
Sydney,Sternula albifrons,Little Tern,Bird,Vulnerable,87be08d99ffffff,-34.008411,151.102607,1
Sydney,Sternula albifrons,Little Tern,Bird,Vulnerable,87be08d9affffff,-33.980458,151.139949,3
Sydney,Sternula albifrons,Little Tern,Bird,Vulnerable,87be08d9bffffff,-33.985492,151.111562,1
Sydney,Sternula albifrons,Little Tern,Bird,Vulnerable,87be08d9dffffff,-34.026299,151.12205,44
Sydney,Sternula albifrons,Little Tern,Bird,Vulnerable,87be08d9effffff,-33.99834,151.159395,2
Sydney,Sternula albifrons,Little Tern,Bird,Vulnerable,87be08db3ffffff,-34.051971,151.217784,7
Sydney,Sternula albifrons,Little Tern,Bird,Vulnerable,87be0e206ffffff,-33.73599,151.314067,30
Sydney,Sternula albifrons,Little Tern,Bird,Vulnerable,87be0e261ffffff,-33.840157,151.089105,2
Sydney,Sternula albifrons,Little Tern,Bird,Vulnerable,87be0e340ffffff,-33.901586,151.223481,10
Sydney,Sternula albifrons,Little Tern,Bird,Vulnerable,87be0e344ffffff,-33.919455,151.242929,1
Sydney,Sternula albifrons,Little Tern,Bird,Vulnerable,87be0e345ffffff,-33.924514,151.214565,1
Sydney,Sternula albifrons,Little Tern,Bird,Vulnerable,87be0e35cffffff,-33.860788,151.212958,1
Sydney,Sternula albifrons,Little Tern,Bird,Vulnerable,87be0e360ffffff,-33.960252,151.253474,5
Sydney,Sternula albifrons,Little Tern,Bird,Vulnerable,87be0e362ffffff,-33.937321,151.262385,1
Sydney,Sternula albifrons,Little Tern,Bird,Vulnerable,87be0e368ffffff,-33.952492,151.177268,1
Sydney,Sternula albifrons,Little Tern,Bird,Vulnerable,87be0e36bffffff,-33.934614,151.157829,4
Sydney,Sternula albifrons,Little Tern,Bird,Vulnerable,87be0e36cffffff,-33.970369,151.196716,1
Sydney,Sternula albifrons,Little Tern,Bird,Vulnerable,87be0e36effffff,-33.947442,151.205643,51
Sydney,Sternula albifrons,Little Tern,Bird,Vulnerable,87be0e373ffffff,-33.891455,151.280191,2
Sydney,Sternula albifrons,Little Tern,Bird,Vulnerable,87be0eacbffffff,-34.00105,151.26403,3
Sydney,Synemon plana,Golden Sun Moth,Insect,Vulnerable,87be08c53ffffff,-34.063322,150.790107,2
Sydney,Thalassarche bulleri,"Buller's Albatross, Pacific Albatross",Bird,Vulnerable,87be0e206ffffff,-33.73599,151.314067,10
Sydney,Thalassarche bulleri,"Buller's Albatross, Pacific Albatross",Bird,Vulnerable,87be0e213ffffff,-33.672266,151.312389,1
Sydney,Thalassarche bulleri,"Buller's Albatross, Pacific Albatross",Bird,Vulnerable,87be0e220ffffff,-33.799716,151.315748,13
Sydney,Thalassarche bulleri,"Buller's Albatross, Pacific Albatross",Bird,Vulnerable,87be0e221ffffff,-33.804795,151.287426,7
Sydney,Thalassarche bulleri,"Buller's Albatross, Pacific Albatross",Bird,Vulnerable,87be0e225ffffff,-33.822652,151.306866,3
Sydney,Thalassarche bulleri,"Buller's Albatross, Pacific Albatross",Bird,Vulnerable,87be0e360ffffff,-33.960252,151.253474,5
Sydney,Thalassarche bulleri,"Buller's Albatross, Pacific Albatross",Bird,Vulnerable,87be0e362ffffff,-33.937321,151.262385,11
Sydney,Thalassarche bulleri,"Buller's Albatross, Pacific Albatross",Bird,Vulnerable,87be0e371ffffff,-33.914389,151.27129,5
Sydney,Thalassarche carteri,Indian Yellow-nosed Albatross,Bird,Vulnerable,87be08d96ffffff,-34.006113,151.235639,11
Sydney,Thalassarche carteri,Indian Yellow-nosed Albatross,Bird,Vulnerable,87be08db3ffffff,-34.051971,151.217784,2
Sydney,Thalassarche carteri,Indian Yellow-nosed Albatross,Bird,Vulnerable,87be0e206ffffff,-33.73599,151.314067,43
Sydney,Thalassarche carteri,Indian Yellow-nosed Albatross,Bird,Vulnerable,87be0e213ffffff,-33.672266,151.312389,1
Sydney,Thalassarche carteri,Indian Yellow-nosed Albatross,Bird,Vulnerable,87be0e220ffffff,-33.799716,151.315748,56
Sydney,Thalassarche carteri,Indian Yellow-nosed Albatross,Bird,Vulnerable,87be0e221ffffff,-33.804795,151.287426,15
Sydney,Thalassarche carteri,Indian Yellow-nosed Albatross,Bird,Vulnerable,87be0e225ffffff,-33.822652,151.306866,4
Sydney,Thalassarche carteri,Indian Yellow-nosed Albatross,Bird,Vulnerable,87be0e2aeffffff,-33.626394,151.330114,7
Sydney,Thalassarche carteri,Indian Yellow-nosed Albatross,Bird,Vulnerable,87be0e343ffffff,-33.883715,151.204043,1
Sydney,Thalassarche carteri,Indian Yellow-nosed Albatross,Bird,Vulnerable,87be0e344ffffff,-33.919455,151.242929,1
Sydney,Thalassarche carteri,Indian Yellow-nosed Albatross,Bird,Vulnerable,87be0e354ffffff,-33.868522,151.289088,1
Sydney,Thalassarche carteri,Indian Yellow-nosed Albatross,Bird,Vulnerable,87be0e360ffffff,-33.960252,151.253474,17
Sydney,Thalassarche carteri,Indian Yellow-nosed Albatross,Bird,Vulnerable,87be0e362ffffff,-33.937321,151.262385,42
Sydney,Thalassarche carteri,Indian Yellow-nosed Albatross,Bird,Vulnerable,87be0eacbffffff,-34.00105,151.26403,2
Sydney,Thalassarche impavida,"Campbell Albatross, Campbell Black-browed Albatross",Bird,Vulnerable,87be08d95ffffff,-34.034097,151.198312,1
Sydney,Thalassarche impavida,"Campbell Albatross, Campbell Black-browed Albatross",Bird,Vulnerable,87be08d96ffffff,-34.006113,151.235639,2
Sydney,Thalassarche impavida,"Campbell Albatross, Campbell Black-browed Albatross",Bird,Vulnerable,87be0e204ffffff,-33.758926,151.305192,1
Sydney,Thalassarche impavida,"Campbell Albatross, Campbell Black-browed Albatross",Bird,Vulnerable,87be0e206ffffff,-33.73599,151.314067,4
Sydney,Thalassarche impavida,"Campbell Albatross, Campbell Black-browed Albatross",Bird,Vulnerable,87be0e220ffffff,-33.799716,151.315748,9
Sydney,Thalassarche impavida,"Campbell Albatross, Campbell Black-browed Albatross",Bird,Vulnerable,87be0e221ffffff,-33.804795,151.287426,2
Sydney,Thalassarche impavida,"Campbell Albatross, Campbell Black-browed Albatross",Bird,Vulnerable,87be0e360ffffff,-33.960252,151.253474,14
Sydney,Thalassarche impavida,"Campbell Albatross, Campbell Black-browed Albatross",Bird,Vulnerable,87be0e362ffffff,-33.937321,151.262385,31
Sydney,Thalassarche impavida,"Campbell Albatross, Campbell Black-browed Albatross",Bird,Vulnerable,87be0eacbffffff,-34.00105,151.26403,1
Sydney,Thalassarche melanophris,Black-browed Albatross,Bird,Vulnerable,87be08511ffffff,-33.765677,150.907284,1
Sydney,Thalassarche melanophris,Black-browed Albatross,Bird,Vulnerable,87be08d90ffffff,-34.01117,151.207245,2
Sydney,Thalassarche melanophris,Black-browed Albatross,Bird,Vulnerable,87be08d94ffffff,-34.029043,151.226714,51
Sydney,Thalassarche melanophris,Black-browed Albatross,Bird,Vulnerable,87be08d95ffffff,-34.034097,151.198312,14
Sydney,Thalassarche melanophris,Black-browed Albatross,Bird,Vulnerable,87be08d96ffffff,-34.006113,151.235639,86
Sydney,Thalassarche melanophris,Black-browed Albatross,Bird,Vulnerable,87be08db3ffffff,-34.051971,151.217784,26
Sydney,Thalassarche melanophris,Black-browed Albatross,Bird,Vulnerable,87be0e204ffffff,-33.758926,151.305192,8
Sydney,Thalassarche melanophris,Black-browed Albatross,Bird,Vulnerable,87be0e206ffffff,-33.73599,151.314067,243
Sydney,Thalassarche melanophris,Black-browed Albatross,Bird,Vulnerable,87be0e213ffffff,-33.672266,151.312389,2
Sydney,Thalassarche melanophris,Black-browed Albatross,Bird,Vulnerable,87be0e220ffffff,-33.799716,151.315748,111
Sydney,Thalassarche melanophris,Black-browed Albatross,Bird,Vulnerable,87be0e221ffffff,-33.804795,151.287426,95
Sydney,Thalassarche melanophris,Black-browed Albatross,Bird,Vulnerable,87be0e223ffffff,-33.78186,151.296311,6
Sydney,Thalassarche melanophris,Black-browed Albatross,Bird,Vulnerable,87be0e225ffffff,-33.822652,151.306866,93
Sydney,Thalassarche melanophris,Black-browed Albatross,Bird,Vulnerable,87be0e285ffffff,-33.603457,151.338969,9
Sydney,Thalassarche melanophris,Black-browed Albatross,Bird,Vulnerable,87be0e2acffffff,-33.64933,151.321254,7
Sydney,Thalassarche melanophris,Black-browed Albatross,Bird,Vulnerable,87be0e2aeffffff,-33.626394,151.330114,19
Sydney,Thalassarche melanophris,Black-browed Albatross,Bird,Vulnerable,87be0e343ffffff,-33.883715,151.204043,3
Sydney,Thalassarche melanophris,Black-browed Albatross,Bird,Vulnerable,87be0e344ffffff,-33.919455,151.242929,8
Sydney,Thalassarche melanophris,Black-browed Albatross,Bird,Vulnerable,87be0e346ffffff,-33.896524,151.251838,1
Sydney,Thalassarche melanophris,Black-browed Albatross,Bird,Vulnerable,87be0e352ffffff,-33.827728,151.278536,5
Sydney,Thalassarche melanophris,Black-browed Albatross,Bird,Vulnerable,87be0e353ffffff,-33.832797,151.250204,1
Sydney,Thalassarche melanophris,Black-browed Albatross,Bird,Vulnerable,87be0e354ffffff,-33.868522,151.289088,15
Sydney,Thalassarche melanophris,Black-browed Albatross,Bird,Vulnerable,87be0e355ffffff,-33.873593,151.260742,1
Sydney,Thalassarche melanophris,Black-browed Albatross,Bird,Vulnerable,87be0e356ffffff,-33.845587,151.297979,11
Sydney,Thalassarche melanophris,Black-browed Albatross,Bird,Vulnerable,87be0e35affffff,-33.81999,151.202445,1
Sydney,Thalassarche melanophris,Black-browed Albatross,Bird,Vulnerable,87be0e35dffffff,-33.865841,151.184613,1
Sydney,Thalassarche melanophris,Black-browed Albatross,Bird,Vulnerable,87be0e360ffffff,-33.960252,151.253474,130
Sydney,Thalassarche melanophris,Black-browed Albatross,Bird,Vulnerable,87be0e362ffffff,-33.937321,151.262385,330
Sydney,Thalassarche melanophris,Black-browed Albatross,Bird,Vulnerable,87be0e365ffffff,-33.983183,151.244559,14
Sydney,Thalassarche melanophris,Black-browed Albatross,Bird,Vulnerable,87be0e371ffffff,-33.914389,151.27129,13
Sydney,Thalassarche melanophris,Black-browed Albatross,Bird,Vulnerable,87be0e373ffffff,-33.891455,151.280191,19
Sydney,Thalassarche melanophris,Black-browed Albatross,Bird,Vulnerable,87be0eacbffffff,-34.00105,151.26403,82
Sydney,Thalassarche steadi,White-capped Albatross,Bird,Vulnerable,87be08d96ffffff,-34.006113,151.235639,1
Sydney,Turnix melanogaster,Black-breasted Button-quail,Bird,Vulnerable,87be0e253ffffff,-33.707683,151.114384,1
Sydney,Turnix melanogaster,Black-breasted Button-quail,Bird,Vulnerable,87be0e341ffffff,-33.906642,151.195123,1
Sydney,Uvidicolus sphyrurus,"Border Thick-tailed Gecko, Granite Belt Thick-tailed Gecko",Reptile,Vulnerable,87be0842cffffff,-33.75466,150.727063,1
Sydney,Uvidicolus sphyrurus,"Border Thick-tailed Gecko, Granite Belt Thick-tailed Gecko",Reptile,Vulnerable,87be0842effffff,-33.731775,150.736088,1
Sydney,Uvidicolus sphyrurus,"Border Thick-tailed Gecko, Granite Belt Thick-tailed Gecko",Reptile,Vulnerable,87be0851cffffff,-33.770662,150.878964,1
Sydney,Uvidicolus sphyrurus,"Border Thick-tailed Gecko, Granite Belt Thick-tailed Gecko",Reptile,Vulnerable,87be08c8affffff,-33.90603,150.957767,1
Sydney,Uvidicolus sphyrurus,"Border Thick-tailed Gecko, Granite Belt Thick-tailed Gecko",Reptile,Vulnerable,87be08ca5ffffff,-34.018455,151.045809,1
Sydney,Uvidicolus sphyrurus,"Border Thick-tailed Gecko, Granite Belt Thick-tailed Gecko",Reptile,Vulnerable,87be08cb6ffffff,-33.939653,151.129458,1
Sydney,Uvidicolus sphyrurus,"Border Thick-tailed Gecko, Granite Belt Thick-tailed Gecko",Reptile,Vulnerable,87be0e200ffffff,-33.741069,151.285767,1
Sydney,Uvidicolus sphyrurus,"Border Thick-tailed Gecko, Granite Belt Thick-tailed Gecko",Reptile,Vulnerable,87be0e20cffffff,-33.751207,151.229158,1
Sydney,Uvidicolus sphyrurus,"Border Thick-tailed Gecko, Granite Belt Thick-tailed Gecko",Reptile,Vulnerable,87be0e22effffff,-33.786935,151.267995,1
Sydney,Uvidicolus sphyrurus,"Border Thick-tailed Gecko, Granite Belt Thick-tailed Gecko",Reptile,Vulnerable,87be0e246ffffff,-33.771403,151.115913,1
Sydney,Uvidicolus sphyrurus,"Border Thick-tailed Gecko, Granite Belt Thick-tailed Gecko",Reptile,Vulnerable,87be0e2e8ffffff,-33.666883,151.103939,1
Sydney,Uvidicolus sphyrurus,"Border Thick-tailed Gecko, Granite Belt Thick-tailed Gecko",Reptile,Vulnerable,87be0e353ffffff,-33.832797,151.250204,1
Sydney,Uvidicolus sphyrurus,"Border Thick-tailed Gecko, Granite Belt Thick-tailed Gecko",Reptile,Vulnerable,87be0e35affffff,-33.81999,151.202445,1
Sydney,Xenus cinereus,Terek Sandpiper,Bird,Vulnerable,87be08d9dffffff,-34.026299,151.12205,53
Sydney,Xenus cinereus,Terek Sandpiper,Bird,Vulnerable,87be0e26effffff,-33.822267,151.069712,2
