CITY,year,month,month_name,month_index,date,animal_group,record_count,species_richness,annual_record_count,within_year_share,within_year_pct
Sydney,2016,1,Jan,0,2016-01-01,Bird,8368,230,114689,0.07296253346005284,7.296
Sydney,2016,2,Feb,1,2016-02-01,Bird,7910,225,114689,0.06896912519945243,6.897
Sydney,2016,3,Mar,2,2016-03-01,Bird,6889,230,114689,0.060066789317196945,6.007
Sydney,2016,4,Apr,3,2016-04-01,Bird,7411,219,114689,0.0646182284264402,6.462
Sydney,2016,5,May,4,2016-05-01,Bird,6890,215,114689,0.060075508549206985,6.008
Sydney,2016,6,Jun,5,2016-06-01,Bird,6267,222,114689,0.05464342700694923,5.464
Sydney,2016,7,Jul,6,2016-07-01,Bird,7056,211,114689,0.061522901062874384,6.152
Sydney,2016,8,Aug,7,2016-08-01,Bird,9305,213,114689,0.08113245385346458,8.113
Sydney,2016,9,Sep,8,2016-09-01,Bird,10672,228,114689,0.09305164401119549,9.305
Sydney,2016,10,Oct,9,2016-10-01,Bird,17875,246,114689,0.15585627217954642,15.586
Sydney,2016,11,Nov,10,2016-11-01,Bird,15208,233,114689,0.1326020804087576,13.26
Sydney,2016,12,Dec,11,2016-12-01,Bird,10838,234,114689,0.09449903652486288,9.45
Sydney,2017,1,Jan,12,2017-01-01,Bird,11597,228,150847,0.07687922199314537,7.688
Sydney,2017,2,Feb,13,2017-02-01,Bird,9621,238,150847,0.06377985641080035,6.378
Sydney,2017,3,Mar,14,2017-03-01,Bird,13249,237,150847,0.08783071589093584,8.783
Sydney,2017,4,Apr,15,2017-04-01,Bird,9921,222,150847,0.0657686264890916,6.577
Sydney,2017,5,May,16,2017-05-01,Bird,8222,210,150847,0.054505558612368825,5.451
Sydney,2017,6,Jun,17,2017-06-01,Bird,9551,205,150847,0.06331581005919906,6.332
Sydney,2017,7,Jul,18,2017-07-01,Bird,12087,201,150847,0.08012754645435441,8.013
Sydney,2017,8,Aug,19,2017-08-01,Bird,12476,225,150847,0.08270631832253873,8.271
Sydney,2017,9,Sep,20,2017-09-01,Bird,16898,246,150847,0.11202078927655174,11.202
Sydney,2017,10,Oct,21,2017-10-01,Bird,21104,253,150847,0.13990334577419505,13.99
Sydney,2017,11,Nov,22,2017-11-01,Bird,15434,236,150847,0.10231559129449044,10.232
Sydney,2017,12,Dec,23,2017-12-01,Bird,10687,224,150847,0.07084661942232859,7.085
Sydney,2018,1,Jan,24,2018-01-01,Bird,13837,243,191494,0.07225813863619748,7.226
Sydney,2018,2,Feb,25,2018-02-01,Bird,12653,236,191494,0.06607517729015008,6.608
Sydney,2018,3,Mar,26,2018-03-01,Bird,13526,243,191494,0.07063406686371375,7.063
Sydney,2018,4,Apr,27,2018-04-01,Bird,13889,241,191494,0.07252968761423334,7.253
Sydney,2018,5,May,28,2018-05-01,Bird,15370,235,191494,0.08026361139252405,8.026
Sydney,2018,6,Jun,29,2018-06-01,Bird,14951,224,191494,0.07807555328104275,7.808
Sydney,2018,7,Jul,30,2018-07-01,Bird,16620,229,191494,0.08679123105684773,8.679
Sydney,2018,8,Aug,31,2018-08-01,Bird,16040,234,191494,0.08376241553260154,8.376
Sydney,2018,9,Sep,32,2018-09-01,Bird,19834,258,191494,0.10357504673775679,10.358
Sydney,2018,10,Oct,33,2018-10-01,Bird,24914,269,191494,0.13010329305356827,13.01
Sydney,2018,11,Nov,34,2018-11-01,Bird,16354,237,191494,0.08540215359227965,8.54
Sydney,2018,12,Dec,35,2018-12-01,Bird,13506,251,191494,0.07052962494908456,7.053
Sydney,2019,1,Jan,36,2019-01-01,Bird,15986,242,217962,0.07334305979941458,7.334
Sydney,2019,2,Feb,37,2019-02-01,Bird,14172,246,217962,0.06502050816197319,6.502
Sydney,2019,3,Mar,38,2019-03-01,Bird,15852,235,217962,0.0727282737357888,7.273
Sydney,2019,4,Apr,39,2019-04-01,Bird,15899,239,217962,0.0729439076536277,7.294
Sydney,2019,5,May,40,2019-05-01,Bird,18085,241,217962,0.0829731788109854,8.297
Sydney,2019,6,Jun,41,2019-06-01,Bird,14563,229,217962,0.0668143988401648,6.681
Sydney,2019,7,Jul,42,2019-07-01,Bird,16054,232,217962,0.07365504078692617,7.366
Sydney,2019,8,Aug,43,2019-08-01,Bird,18251,237,217962,0.08373477945696957,8.373
Sydney,2019,9,Sep,44,2019-09-01,Bird,20042,265,217962,0.09195180811334086,9.195
Sydney,2019,10,Oct,45,2019-10-01,Bird,24765,270,217962,0.11362072287829988,11.362
Sydney,2019,11,Nov,46,2019-11-01,Bird,24231,272,217962,0.1111707545351942,11.117
Sydney,2019,12,Dec,47,2019-12-01,Bird,20062,268,217962,0.09204356722731485,9.204
Sydney,2020,1,Jan,48,2020-01-01,Bird,24557,281,268650,0.09140889633351945,9.141
Sydney,2020,2,Feb,49,2020-02-01,Bird,17328,268,268650,0.06450027917364601,6.45
Sydney,2020,3,Mar,50,2020-03-01,Bird,17000,246,268650,0.06327935976177182,6.328
Sydney,2020,4,Apr,51,2020-04-01,Bird,24736,240,268650,0.09207519076865811,9.208
Sydney,2020,5,May,52,2020-05-01,Bird,21826,244,268650,0.08124325330355481,8.124
Sydney,2020,6,Jun,53,2020-06-01,Bird,19492,231,268650,0.07255536943979154,7.256
Sydney,2020,7,Jul,54,2020-07-01,Bird,18748,236,268650,0.069785966871394,6.979
Sydney,2020,8,Aug,55,2020-08-01,Bird,21817,237,268650,0.08120975246603387,8.121
Sydney,2020,9,Sep,56,2020-09-01,Bird,25897,256,268650,0.09639679880885911,9.64
Sydney,2020,10,Oct,57,2020-10-01,Bird,29097,267,268650,0.10830820770519263,10.831
Sydney,2020,11,Nov,58,2020-11-01,Bird,26047,273,268650,0.09695514610087475,9.696
Sydney,2020,12,Dec,59,2020-12-01,Bird,22105,256,268650,0.0822817792667039,8.228
Sydney,2021,1,Jan,60,2021-01-01,Bird,29819,250,337755,0.08828588769966396,8.829
Sydney,2021,2,Feb,61,2021-02-01,Bird,23909,259,337755,0.07078799721691759,7.079
Sydney,2021,3,Mar,62,2021-03-01,Bird,23502,270,337755,0.06958298174712439,6.958
Sydney,2021,4,Apr,63,2021-04-01,Bird,26163,239,337755,0.07746147355331527,7.746
Sydney,2021,5,May,64,2021-05-01,Bird,25183,256,337755,0.07455996210270759,7.456
Sydney,2021,6,Jun,65,2021-06-01,Bird,19178,233,337755,0.05678080265281047,5.678
Sydney,2021,7,Jul,66,2021-07-01,Bird,23872,231,337755,0.0706784503560273,7.068
Sydney,2021,8,Aug,67,2021-08-01,Bird,28719,240,337755,0.08502908913265533,8.503
Sydney,2021,9,Sep,68,2021-09-01,Bird,35537,247,337755,0.10521531879616883,10.522
Sydney,2021,10,Oct,69,2021-10-01,Bird,46465,284,337755,0.13757013219641456,13.757
Sydney,2021,11,Nov,70,2021-11-01,Bird,26781,256,337755,0.07929120220278012,7.929
Sydney,2021,12,Dec,71,2021-12-01,Bird,28627,247,337755,0.0847567023434146,8.476
Sydney,2022,1,Jan,72,2022-01-01,Bird,29724,251,301792,0.09849167638638533,9.849
Sydney,2022,2,Feb,73,2022-02-01,Bird,18832,248,301792,0.062400593786448945,6.24
Sydney,2022,3,Mar,74,2022-03-01,Bird,18071,245,301792,0.05987898950270385,5.988
Sydney,2022,4,Apr,75,2022-04-01,Bird,21121,244,301792,0.06998528788039445,6.999
Sydney,2022,5,May,76,2022-05-01,Bird,22802,242,301792,0.07555534937970523,7.556
Sydney,2022,6,Jun,77,2022-06-01,Bird,20616,226,301792,0.06831194995228501,6.831
Sydney,2022,7,Jul,78,2022-07-01,Bird,20107,227,301792,0.06662535786236878,6.663
Sydney,2022,8,Aug,79,2022-08-01,Bird,24660,237,301792,0.08171190753896723,8.171
Sydney,2022,9,Sep,80,2022-09-01,Bird,31206,244,301792,0.10340234333580745,10.34
Sydney,2022,10,Oct,81,2022-10-01,Bird,36167,250,301792,0.11984081751670024,11.984
Sydney,2022,11,Nov,82,2022-11-01,Bird,30362,247,301792,0.1006057151945711,10.061
Sydney,2022,12,Dec,83,2022-12-01,Bird,28124,247,301792,0.09319001166366239,9.319
Sydney,2023,1,Jan,84,2023-01-01,Bird,33472,255,385909,0.08673547390706099,8.674
Sydney,2023,2,Feb,85,2023-02-01,Bird,25753,243,385909,0.06673334905379247,6.673
Sydney,2023,3,Mar,86,2023-03-01,Bird,25913,250,385909,0.0671479545696006,6.715
Sydney,2023,4,Apr,87,2023-04-01,Bird,25803,241,385909,0.06686291327748252,6.686
Sydney,2023,5,May,88,2023-05-01,Bird,26519,237,385909,0.0687182729607239,6.872
Sydney,2023,6,Jun,89,2023-06-01,Bird,25485,228,385909,0.06603888481481386,6.604
Sydney,2023,7,Jul,90,2023-07-01,Bird,28193,229,385909,0.07305608316986648,7.306
Sydney,2023,8,Aug,91,2023-08-01,Bird,30715,235,385909,0.07959130261279214,7.959
Sydney,2023,9,Sep,92,2023-09-01,Bird,42392,265,385909,0.1098497314133643,10.985
Sydney,2023,10,Oct,93,2023-10-01,Bird,49441,290,385909,0.12811569566918626,12.812
Sydney,2023,11,Nov,94,2023-11-01,Bird,38218,262,385909,0.09903371001971968,9.903
Sydney,2023,12,Dec,95,2023-12-01,Bird,34005,256,385909,0.08811662853159682,8.812
Sydney,2024,1,Jan,96,2024-01-01,Bird,43986,266,437732,0.1004861422057332,10.049
Sydney,2024,2,Feb,97,2024-02-01,Bird,30005,247,437732,0.06854650790894885,6.855
Sydney,2024,3,Mar,98,2024-03-01,Bird,28990,251,437732,0.06622773751976095,6.623
Sydney,2024,4,Apr,99,2024-04-01,Bird,33212,258,437732,0.07587290853764404,7.587
Sydney,2024,5,May,100,2024-05-01,Bird,27670,231,437732,0.06321219376239343,6.321
Sydney,2024,6,Jun,101,2024-06-01,Bird,28253,230,437732,0.06454405892189742,6.454
Sydney,2024,7,Jul,102,2024-07-01,Bird,32613,242,437732,0.0745044913325962,7.45
Sydney,2024,8,Aug,103,2024-08-01,Bird,40786,235,437732,0.09317573309696343,9.318
Sydney,2024,9,Sep,104,2024-09-01,Bird,41168,262,437732,0.09404841318432283,9.405
Sydney,2024,10,Oct,105,2024-10-01,Bird,55180,277,437732,0.12605886706934838,12.606
Sydney,2024,11,Nov,106,2024-11-01,Bird,40602,262,437732,0.09275538457320918,9.276
Sydney,2024,12,Dec,107,2024-12-01,Bird,35267,253,437732,0.08056756188718212,8.057
Sydney,2025,1,Jan,108,2025-01-01,Bird,46166,270,346153,0.13336877045699444,13.337
Sydney,2025,2,Feb,109,2025-02-01,Bird,41623,265,346153,0.1202445161532617,12.024
Sydney,2025,3,Mar,110,2025-03-01,Bird,39910,262,346153,0.11529583738982473,11.53
Sydney,2025,4,Apr,111,2025-04-01,Bird,42987,243,346153,0.12418497022992722,12.418
Sydney,2025,5,May,112,2025-05-01,Bird,39658,244,346153,0.11456783561026483,11.457
Sydney,2025,6,Jun,113,2025-06-01,Bird,41315,238,346153,0.11935473620046627,11.935
Sydney,2025,7,Jul,114,2025-07-01,Bird,35368,227,346153,0.10217447198204262,10.217
Sydney,2025,8,Aug,115,2025-08-01,Bird,39061,233,346153,0.112843164727736,11.284
Sydney,2025,9,Sep,116,2025-09-01,Bird,4243,176,346153,0.012257585518542379,1.226
Sydney,2025,10,Oct,117,2025-10-01,Bird,6526,187,346153,0.018852934973841048,1.885
Sydney,2025,11,Nov,118,2025-11-01,Bird,5205,186,346153,0.015036703423052812,1.504
Sydney,2025,12,Dec,119,2025-12-01,Bird,4091,176,346153,0.011818473334045928,1.182
Sydney,2016,1,Jan,0,2016-01-01,Mammal,784,33,13817,0.056741695013389305,5.674
Sydney,2016,2,Feb,1,2016-02-01,Mammal,909,47,13817,0.06578852138669755,6.579
Sydney,2016,3,Mar,2,2016-03-01,Mammal,1111,47,13817,0.08040819280596367,8.041
Sydney,2016,4,Apr,3,2016-04-01,Mammal,922,44,13817,0.0667293913295216,6.673
Sydney,2016,5,May,4,2016-05-01,Mammal,1532,42,13817,0.11087790403126584,11.088
Sydney,2016,6,Jun,5,2016-06-01,Mammal,1269,39,13817,0.09184338134182529,9.184
Sydney,2016,7,Jul,6,2016-07-01,Mammal,891,41,13817,0.06448577838894116,6.449
Sydney,2016,8,Aug,7,2016-08-01,Mammal,1591,47,13817,0.11514800607946732,11.515
Sydney,2016,9,Sep,8,2016-09-01,Mammal,925,42,13817,0.066946515162481,6.695
Sydney,2016,10,Oct,9,2016-10-01,Mammal,1130,48,13817,0.08178331041470652,8.178
Sydney,2016,11,Nov,10,2016-11-01,Mammal,1477,45,13817,0.1068973004270102,10.69
Sydney,2016,12,Dec,11,2016-12-01,Mammal,1276,37,13817,0.09235000361873055,9.235
Sydney,2017,1,Jan,12,2017-01-01,Mammal,1577,42,15695,0.10047785919082511,10.048
Sydney,2017,2,Feb,13,2017-02-01,Mammal,1218,39,15695,0.07760433258999681,7.76
Sydney,2017,3,Mar,14,2017-03-01,Mammal,1106,39,15695,0.0704683020070086,7.047
Sydney,2017,4,Apr,15,2017-04-01,Mammal,984,38,15695,0.06269512583625358,6.27
Sydney,2017,5,May,16,2017-05-01,Mammal,1256,43,15695,0.08002548582351067,8.003
Sydney,2017,6,Jun,17,2017-06-01,Mammal,1340,29,15695,0.08537750876075183,8.538
Sydney,2017,7,Jul,18,2017-07-01,Mammal,1098,34,15695,0.06995858553679515,6.996
Sydney,2017,8,Aug,19,2017-08-01,Mammal,1194,43,15695,0.07607518317935648,7.608
Sydney,2017,9,Sep,20,2017-09-01,Mammal,1509,38,15695,0.09614526919401083,9.615
Sydney,2017,10,Oct,21,2017-10-01,Mammal,1925,43,15695,0.1226505256451099,12.265
Sydney,2017,11,Nov,22,2017-11-01,Mammal,1434,39,15695,0.0913666772857598,9.137
Sydney,2017,12,Dec,23,2017-12-01,Mammal,1054,41,15695,0.06715514495062122,6.716
Sydney,2018,1,Jan,24,2018-01-01,Mammal,1663,41,19226,0.08649745136793925,8.65
Sydney,2018,2,Feb,25,2018-02-01,Mammal,1233,39,19226,0.06413190471236867,6.413
Sydney,2018,3,Mar,26,2018-03-01,Mammal,1259,45,19226,0.0654842400915427,6.548
Sydney,2018,4,Apr,27,2018-04-01,Mammal,1366,53,19226,0.07104962030583585,7.105
Sydney,2018,5,May,28,2018-05-01,Mammal,1334,43,19226,0.0693852075314678,6.939
Sydney,2018,6,Jun,29,2018-06-01,Mammal,1164,42,19226,0.060543014667637576,6.054
Sydney,2018,7,Jul,30,2018-07-01,Mammal,2463,42,19226,0.12810777072714033,12.811
Sydney,2018,8,Aug,31,2018-08-01,Mammal,2483,31,19226,0.12914802871112036,12.915
Sydney,2018,9,Sep,32,2018-09-01,Mammal,2146,44,19226,0.1116196816810569,11.162
Sydney,2018,10,Oct,33,2018-10-01,Mammal,1378,42,19226,0.07167377509622386,7.167
Sydney,2018,11,Nov,34,2018-11-01,Mammal,1022,37,19226,0.053157182981379385,5.316
Sydney,2018,12,Dec,35,2018-12-01,Mammal,1715,40,19226,0.08920212212628732,8.92
Sydney,2019,1,Jan,36,2019-01-01,Mammal,1291,33,17263,0.07478422058738342,7.478
Sydney,2019,2,Feb,37,2019-02-01,Mammal,1477,34,17263,0.08555870937843944,8.556
Sydney,2019,3,Mar,38,2019-03-01,Mammal,1443,42,17263,0.08358917916932167,8.359
Sydney,2019,4,Apr,39,2019-04-01,Mammal,1295,47,17263,0.07501593002375022,7.502
Sydney,2019,5,May,40,2019-05-01,Mammal,2041,42,17263,0.11822973990615768,11.823
Sydney,2019,6,Jun,41,2019-06-01,Mammal,791,35,17263,0.045820541041533915,4.582
Sydney,2019,7,Jul,42,2019-07-01,Mammal,789,41,17263,0.04570468632335052,4.57
Sydney,2019,8,Aug,43,2019-08-01,Mammal,1141,36,17263,0.06609511672362857,6.61
Sydney,2019,9,Sep,44,2019-09-01,Mammal,1482,48,17263,0.08584834617389793,8.585
Sydney,2019,10,Oct,45,2019-10-01,Mammal,1324,48,17263,0.0766958234374095,7.67
Sydney,2019,11,Nov,46,2019-11-01,Mammal,1129,45,17263,0.06539998841452818,6.54
Sydney,2019,12,Dec,47,2019-12-01,Mammal,3060,38,17263,0.17725771882059896,17.726
Sydney,2020,1,Jan,48,2020-01-01,Mammal,1200,42,28198,0.042556209660259595,4.256
Sydney,2020,2,Feb,49,2020-02-01,Mammal,1258,31,28198,0.04461309312717214,4.461
Sydney,2020,3,Mar,50,2020-03-01,Mammal,1750,47,28198,0.062061139087878574,6.206
Sydney,2020,4,Apr,51,2020-04-01,Mammal,1586,47,28198,0.056245123767643096,5.625
Sydney,2020,5,May,52,2020-05-01,Mammal,4190,39,28198,0.1485920987304064,14.859
Sydney,2020,6,Jun,53,2020-06-01,Mammal,4543,41,28198,0.1611107170721328,16.111
Sydney,2020,7,Jul,54,2020-07-01,Mammal,1358,33,28198,0.04815944393219377,4.816
Sydney,2020,8,Aug,55,2020-08-01,Mammal,1759,44,28198,0.06238031066033052,6.238
Sydney,2020,9,Sep,56,2020-09-01,Mammal,2346,50,28198,0.08319738988580751,8.32
Sydney,2020,10,Oct,57,2020-10-01,Mammal,1917,38,28198,0.0679835449322647,6.798
Sydney,2020,11,Nov,58,2020-11-01,Mammal,3770,48,28198,0.13369742534931556,13.37
Sydney,2020,12,Dec,59,2020-12-01,Mammal,2521,39,28198,0.08940350379459536,8.94
Sydney,2021,1,Jan,60,2021-01-01,Mammal,2321,54,38359,0.060507312495111966,6.051
Sydney,2021,2,Feb,61,2021-02-01,Mammal,2462,44,38359,0.06418311217706406,6.418
Sydney,2021,3,Mar,62,2021-03-01,Mammal,7115,54,38359,0.18548450168148284,18.548
Sydney,2021,4,Apr,63,2021-04-01,Mammal,4480,54,38359,0.1167913657811726,11.679
Sydney,2021,5,May,64,2021-05-01,Mammal,4370,46,38359,0.11392372063922417,11.392
Sydney,2021,6,Jun,65,2021-06-01,Mammal,2591,47,38359,0.06754607784353085,6.755
Sydney,2021,7,Jul,66,2021-07-01,Mammal,3968,56,38359,0.10344378112046716,10.344
Sydney,2021,8,Aug,67,2021-08-01,Mammal,2973,40,38359,0.07750462733647906,7.75
Sydney,2021,9,Sep,68,2021-09-01,Mammal,2732,38,38359,0.07122187752548294,7.122
Sydney,2021,10,Oct,69,2021-10-01,Mammal,1865,50,38359,0.048619619906671185,4.862
Sydney,2021,11,Nov,70,2021-11-01,Mammal,1696,52,38359,0.04421387418858677,4.421
Sydney,2021,12,Dec,71,2021-12-01,Mammal,1786,40,38359,0.0465601293047264,4.656
Sydney,2022,1,Jan,72,2022-01-01,Mammal,1320,44,24989,0.05282324222657969,5.282
Sydney,2022,2,Feb,73,2022-02-01,Mammal,2067,35,24989,0.08271639521389411,8.272
Sydney,2022,3,Mar,74,2022-03-01,Mammal,2962,47,24989,0.11853215414782504,11.853
Sydney,2022,4,Apr,75,2022-04-01,Mammal,2856,43,24989,0.1142902877265997,11.429
Sydney,2022,5,May,76,2022-05-01,Mammal,2263,46,24989,0.09055984633238626,9.056
Sydney,2022,6,Jun,77,2022-06-01,Mammal,2342,39,24989,0.09372123734443155,9.372
Sydney,2022,7,Jul,78,2022-07-01,Mammal,1102,38,24989,0.044099403737644566,4.41
Sydney,2022,8,Aug,79,2022-08-01,Mammal,1457,36,24989,0.05830565448797471,5.831
Sydney,2022,9,Sep,80,2022-09-01,Mammal,2660,38,24989,0.10644683660810757,10.645
Sydney,2022,10,Oct,81,2022-10-01,Mammal,1955,40,24989,0.07823442314618433,7.823
Sydney,2022,11,Nov,82,2022-11-01,Mammal,2696,45,24989,0.10788747048701429,10.789
Sydney,2022,12,Dec,83,2022-12-01,Mammal,1309,47,24989,0.052383048541358196,5.238
Sydney,2023,1,Jan,84,2023-01-01,Mammal,1201,39,22349,0.05373842230077409,5.374
Sydney,2023,2,Feb,85,2023-02-01,Mammal,1295,48,22349,0.0579444270437156,5.794
Sydney,2023,3,Mar,86,2023-03-01,Mammal,2110,44,22349,0.09441138305964472,9.441
Sydney,2023,4,Apr,87,2023-04-01,Mammal,1617,45,22349,0.0723522305248557,7.235
Sydney,2023,5,May,88,2023-05-01,Mammal,2038,47,22349,0.09118976240547676,9.119
Sydney,2023,6,Jun,89,2023-06-01,Mammal,1508,34,22349,0.06747505481229585,6.748
Sydney,2023,7,Jul,90,2023-07-01,Mammal,1891,44,22349,0.08461228690321715,8.461
Sydney,2023,8,Aug,91,2023-08-01,Mammal,2154,34,22349,0.09638015123719182,9.638
Sydney,2023,9,Sep,92,2023-09-01,Mammal,2581,48,22349,0.1154861515056602,11.549
Sydney,2023,10,Oct,93,2023-10-01,Mammal,2029,38,22349,0.09078705982370576,9.079
Sydney,2023,11,Nov,94,2023-11-01,Mammal,1962,46,22349,0.08778916282607722,8.779
Sydney,2023,12,Dec,95,2023-12-01,Mammal,1963,48,22349,0.08783390755738511,8.783
Sydney,2024,1,Jan,96,2024-01-01,Mammal,1700,38,24312,0.06992431720960843,6.992
Sydney,2024,2,Feb,97,2024-02-01,Mammal,1717,48,24312,0.0706235603817045,7.062
Sydney,2024,3,Mar,98,2024-03-01,Mammal,1987,47,24312,0.08172918723264232,8.173
Sydney,2024,4,Apr,99,2024-04-01,Mammal,1717,37,24312,0.0706235603817045,7.062
Sydney,2024,5,May,100,2024-05-01,Mammal,1436,30,24312,0.059065482066469235,5.907
Sydney,2024,6,Jun,101,2024-06-01,Mammal,1435,43,24312,0.05902435011516946,5.902
Sydney,2024,7,Jul,102,2024-07-01,Mammal,1628,39,24312,0.06696281671602501,6.696
Sydney,2024,8,Aug,103,2024-08-01,Mammal,2221,38,24312,0.09135406383678842,9.135
Sydney,2024,9,Sep,104,2024-09-01,Mammal,3409,42,24312,0.1402188219809148,14.022
Sydney,2024,10,Oct,105,2024-10-01,Mammal,3074,44,24312,0.12643961829549194,12.644
Sydney,2024,11,Nov,106,2024-11-01,Mammal,2046,52,24312,0.08415597235932873,8.416
Sydney,2024,12,Dec,107,2024-12-01,Mammal,1942,43,24312,0.07987824942415268,7.988
Sydney,2025,1,Jan,108,2025-01-01,Mammal,2501,48,15016,0.16655567394778903,16.656
Sydney,2025,2,Feb,109,2025-02-01,Mammal,1940,47,15016,0.12919552477357485,12.92
Sydney,2025,3,Mar,110,2025-03-01,Mammal,2107,37,15016,0.14031699520511454,14.032
Sydney,2025,4,Apr,111,2025-04-01,Mammal,2020,47,15016,0.13452317527970165,13.452
Sydney,2025,5,May,112,2025-05-01,Mammal,1889,36,15016,0.125799147575919,12.58
Sydney,2025,6,Jun,113,2025-06-01,Mammal,1685,43,15016,0.11221363878529568,11.221
Sydney,2025,7,Jul,114,2025-07-01,Mammal,645,27,15016,0.04295418220564731,4.295
Sydney,2025,8,Aug,115,2025-08-01,Mammal,403,27,15016,0.026838039424613745,2.684
Sydney,2025,9,Sep,116,2025-09-01,Mammal,415,31,15016,0.027637187000532765,2.764
Sydney,2025,10,Oct,117,2025-10-01,Mammal,453,23,15016,0.030167820990942996,3.017
Sydney,2025,11,Nov,118,2025-11-01,Mammal,490,27,15016,0.03263185935002664,3.263
Sydney,2025,12,Dec,119,2025-12-01,Mammal,468,34,15016,0.03116675546084177,3.117
Sydney,2016,1,Jan,0,2016-01-01,Reptile,481,36,4356,0.11042240587695133,11.042
Sydney,2016,2,Feb,1,2016-02-01,Reptile,535,41,4356,0.12281910009182737,12.282
Sydney,2016,3,Mar,2,2016-03-01,Reptile,516,35,4356,0.1184573002754821,11.846
Sydney,2016,4,Apr,3,2016-04-01,Reptile,359,32,4356,0.08241505968778697,8.242
Sydney,2016,5,May,4,2016-05-01,Reptile,160,24,4356,0.03673094582185491,3.673
Sydney,2016,6,Jun,5,2016-06-01,Reptile,101,23,4356,0.023186409550045913,2.319
Sydney,2016,7,Jul,6,2016-07-01,Reptile,101,19,4356,0.023186409550045913,2.319
Sydney,2016,8,Aug,7,2016-08-01,Reptile,167,25,4356,0.03833792470156107,3.834
Sydney,2016,9,Sep,8,2016-09-01,Reptile,388,26,4356,0.08907254361799816,8.907
Sydney,2016,10,Oct,9,2016-10-01,Reptile,580,30,4356,0.13314967860422405,13.315
Sydney,2016,11,Nov,10,2016-11-01,Reptile,544,36,4356,0.1248852157943067,12.489
Sydney,2016,12,Dec,11,2016-12-01,Reptile,424,28,4356,0.09733700642791551,9.734
Sydney,2017,1,Jan,12,2017-01-01,Reptile,579,38,4530,0.12781456953642384,12.781
Sydney,2017,2,Feb,13,2017-02-01,Reptile,434,30,4530,0.09580573951434879,9.581
Sydney,2017,3,Mar,14,2017-03-01,Reptile,534,31,4530,0.11788079470198676,11.788
Sydney,2017,4,Apr,15,2017-04-01,Reptile,387,32,4530,0.08543046357615894,8.543
Sydney,2017,5,May,16,2017-05-01,Reptile,223,30,4530,0.049227373068432674,4.923
Sydney,2017,6,Jun,17,2017-06-01,Reptile,141,23,4530,0.031125827814569535,3.113
Sydney,2017,7,Jul,18,2017-07-01,Reptile,78,16,4530,0.017218543046357615,1.722
Sydney,2017,8,Aug,19,2017-08-01,Reptile,113,19,4530,0.024944812362030905,2.494
Sydney,2017,9,Sep,20,2017-09-01,Reptile,402,29,4530,0.08874172185430464,8.874
Sydney,2017,10,Oct,21,2017-10-01,Reptile,546,35,4530,0.1205298013245033,12.053
Sydney,2017,11,Nov,22,2017-11-01,Reptile,562,33,4530,0.12406181015452539,12.406
Sydney,2017,12,Dec,23,2017-12-01,Reptile,531,41,4530,0.11721854304635762,11.722
Sydney,2018,1,Jan,24,2018-01-01,Reptile,588,33,4621,0.12724518502488638,12.725
Sydney,2018,2,Feb,25,2018-02-01,Reptile,424,37,4621,0.0917550313784895,9.176
Sydney,2018,3,Mar,26,2018-03-01,Reptile,602,37,4621,0.13027483228738368,13.027
Sydney,2018,4,Apr,27,2018-04-01,Reptile,366,32,4621,0.079203635576715,7.92
Sydney,2018,5,May,28,2018-05-01,Reptile,130,21,4621,0.02813243886604631,2.813
Sydney,2018,6,Jun,29,2018-06-01,Reptile,90,18,4621,0.019476303830339752,1.948
Sydney,2018,7,Jul,30,2018-07-01,Reptile,89,21,4621,0.01925990045444709,1.926
Sydney,2018,8,Aug,31,2018-08-01,Reptile,88,18,4621,0.019043497078554426,1.904
Sydney,2018,9,Sep,32,2018-09-01,Reptile,431,29,4621,0.09326985500973815,9.327
Sydney,2018,10,Oct,33,2018-10-01,Reptile,712,31,4621,0.15407920363557673,15.408
Sydney,2018,11,Nov,34,2018-11-01,Reptile,523,35,4621,0.11317896559186323,11.318
Sydney,2018,12,Dec,35,2018-12-01,Reptile,578,34,4621,0.12508115126595976,12.508
Sydney,2019,1,Jan,36,2019-01-01,Reptile,640,37,4538,0.14103129131776113,14.103
Sydney,2019,2,Feb,37,2019-02-01,Reptile,493,34,4538,0.10863816659321288,10.864
Sydney,2019,3,Mar,38,2019-03-01,Reptile,497,41,4538,0.10951961216394887,10.952
Sydney,2019,4,Apr,39,2019-04-01,Reptile,428,34,4538,0.09431467606875275,9.431
Sydney,2019,5,May,40,2019-05-01,Reptile,186,31,4538,0.04098721903922433,4.099
Sydney,2019,6,Jun,41,2019-06-01,Reptile,121,21,4538,0.026663728514764215,2.666
Sydney,2019,7,Jul,42,2019-07-01,Reptile,95,24,4538,0.020934332304980166,2.093
Sydney,2019,8,Aug,43,2019-08-01,Reptile,113,21,4538,0.024900837373292198,2.49
Sydney,2019,9,Sep,44,2019-09-01,Reptile,428,30,4538,0.09431467606875275,9.431
Sydney,2019,10,Oct,45,2019-10-01,Reptile,610,47,4538,0.13442044953724108,13.442
Sydney,2019,11,Nov,46,2019-11-01,Reptile,464,42,4538,0.10224768620537682,10.225
Sydney,2019,12,Dec,47,2019-12-01,Reptile,463,43,4538,0.10202732481269282,10.203
Sydney,2020,1,Jan,48,2020-01-01,Reptile,541,42,6294,0.0859548776612647,8.595
Sydney,2020,2,Feb,49,2020-02-01,Reptile,637,47,6294,0.10120749920559263,10.121
Sydney,2020,3,Mar,50,2020-03-01,Reptile,574,38,6294,0.09119796631712743,9.12
Sydney,2020,4,Apr,51,2020-04-01,Reptile,518,36,6294,0.0823006037496028,8.23
Sydney,2020,5,May,52,2020-05-01,Reptile,187,31,6294,0.02971083571655545,2.971
Sydney,2020,6,Jun,53,2020-06-01,Reptile,114,19,6294,0.01811248808388942,1.811
Sydney,2020,7,Jul,54,2020-07-01,Reptile,176,25,6294,0.027963139497934542,2.796
Sydney,2020,8,Aug,55,2020-08-01,Reptile,264,31,6294,0.04194470924690181,4.194
Sydney,2020,9,Sep,56,2020-09-01,Reptile,812,42,6294,0.1290117572291071,12.901
Sydney,2020,10,Oct,57,2020-10-01,Reptile,836,40,6294,0.13282491261518906,13.282
Sydney,2020,11,Nov,58,2020-11-01,Reptile,948,46,6294,0.15061963775023832,15.062
Sydney,2020,12,Dec,59,2020-12-01,Reptile,687,43,6294,0.10915157292659676,10.915
Sydney,2021,1,Jan,60,2021-01-01,Reptile,886,45,6782,0.13063992922441758,13.064
Sydney,2021,2,Feb,61,2021-02-01,Reptile,783,42,6782,0.11545266882925391,11.545
Sydney,2021,3,Mar,62,2021-03-01,Reptile,860,41,6782,0.12680625184311412,12.681
Sydney,2021,4,Apr,63,2021-04-01,Reptile,473,37,6782,0.06974343851371277,6.974
Sydney,2021,5,May,64,2021-05-01,Reptile,237,34,6782,0.03494544382188145,3.495
Sydney,2021,6,Jun,65,2021-06-01,Reptile,137,24,6782,0.020200530816868182,2.02
Sydney,2021,7,Jul,66,2021-07-01,Reptile,127,27,6782,0.018726039516366852,1.873
Sydney,2021,8,Aug,67,2021-08-01,Reptile,273,25,6782,0.040253612503686226,4.025
Sydney,2021,9,Sep,68,2021-09-01,Reptile,735,38,6782,0.10837511058684754,10.838
Sydney,2021,10,Oct,69,2021-10-01,Reptile,823,44,6782,0.12135063403125922,12.135
Sydney,2021,11,Nov,70,2021-11-01,Reptile,627,41,6782,0.09245060454143321,9.245
Sydney,2021,12,Dec,71,2021-12-01,Reptile,821,41,6782,0.12105573577115895,12.106
Sydney,2022,1,Jan,72,2022-01-01,Reptile,895,40,6519,0.13729099555146496,13.729
Sydney,2022,2,Feb,73,2022-02-01,Reptile,601,39,6519,0.09219205399601166,9.219
Sydney,2022,3,Mar,74,2022-03-01,Reptile,925,43,6519,0.1418929283632459,14.189
Sydney,2022,4,Apr,75,2022-04-01,Reptile,564,33,6519,0.08651633686148182,8.652
Sydney,2022,5,May,76,2022-05-01,Reptile,316,31,6519,0.04847369228409265,4.847
Sydney,2022,6,Jun,77,2022-06-01,Reptile,166,22,6519,0.025464028225187913,2.546
Sydney,2022,7,Jul,78,2022-07-01,Reptile,148,23,6519,0.022702868538119342,2.27
Sydney,2022,8,Aug,79,2022-08-01,Reptile,249,25,6519,0.03819604233778187,3.82
Sydney,2022,9,Sep,80,2022-09-01,Reptile,464,28,6519,0.07117656082221199,7.118
Sydney,2022,10,Oct,81,2022-10-01,Reptile,813,35,6519,0.12471237919926369,12.471
Sydney,2022,11,Nov,82,2022-11-01,Reptile,789,42,6519,0.12103083294983893,12.103
Sydney,2022,12,Dec,83,2022-12-01,Reptile,589,38,6519,0.09035128087129927,9.035
Sydney,2023,1,Jan,84,2023-01-01,Reptile,680,38,5933,0.11461318051575932,11.461
Sydney,2023,2,Feb,85,2023-02-01,Reptile,542,35,5933,0.09135344682285522,9.135
Sydney,2023,3,Mar,86,2023-03-01,Reptile,587,40,5933,0.09893814259228047,9.894
Sydney,2023,4,Apr,87,2023-04-01,Reptile,359,34,5933,0.06050901736052587,6.051
Sydney,2023,5,May,88,2023-05-01,Reptile,171,22,5933,0.028821843923815944,2.882
Sydney,2023,6,Jun,89,2023-06-01,Reptile,123,27,5933,0.020731501769762347,2.073
Sydney,2023,7,Jul,90,2023-07-01,Reptile,122,26,5933,0.02056295297488623,2.056
Sydney,2023,8,Aug,91,2023-08-01,Reptile,276,26,5933,0.04651946738580819,4.652
Sydney,2023,9,Sep,92,2023-09-01,Reptile,807,41,5933,0.1360188774650261,13.602
Sydney,2023,10,Oct,93,2023-10-01,Reptile,767,45,5933,0.12927692566998145,12.928
Sydney,2023,11,Nov,94,2023-11-01,Reptile,736,47,5933,0.12405191302882185,12.405
Sydney,2023,12,Dec,95,2023-12-01,Reptile,763,40,5933,0.128602730490477,12.86
Sydney,2024,1,Jan,96,2024-01-01,Reptile,883,50,7803,0.11316160451108548,11.316
Sydney,2024,2,Feb,97,2024-02-01,Reptile,879,45,7803,0.11264898116109189,11.265
Sydney,2024,3,Mar,98,2024-03-01,Reptile,886,43,7803,0.11354607202358068,11.355
Sydney,2024,4,Apr,99,2024-04-01,Reptile,538,35,7803,0.06894784057413815,6.895
Sydney,2024,5,May,100,2024-05-01,Reptile,327,28,7803,0.041906958861976165,4.191
Sydney,2024,6,Jun,101,2024-06-01,Reptile,196,28,7803,0.025118544149686017,2.512
Sydney,2024,7,Jul,102,2024-07-01,Reptile,168,28,7803,0.021530180699730873,2.153
Sydney,2024,8,Aug,103,2024-08-01,Reptile,447,36,7803,0.05728565936178393,5.729
Sydney,2024,9,Sep,104,2024-09-01,Reptile,848,35,7803,0.10867615019864155,10.868
Sydney,2024,10,Oct,105,2024-10-01,Reptile,866,41,7803,0.11098295527361271,11.098
Sydney,2024,11,Nov,106,2024-11-01,Reptile,929,44,7803,0.1190567730360118,11.906
Sydney,2024,12,Dec,107,2024-12-01,Reptile,836,43,7803,0.10713828014866077,10.714
Sydney,2025,1,Jan,108,2025-01-01,Reptile,942,43,6842,0.1376790412160187,13.768
Sydney,2025,2,Feb,109,2025-02-01,Reptile,901,47,6842,0.13168664133294358,13.169
Sydney,2025,3,Mar,110,2025-03-01,Reptile,879,46,6842,0.1284712072493423,12.847
Sydney,2025,4,Apr,111,2025-04-01,Reptile,539,34,6842,0.07877813504823152,7.878
Sydney,2025,5,May,112,2025-05-01,Reptile,360,39,6842,0.05261619409529377,5.262
Sydney,2025,6,Jun,113,2025-06-01,Reptile,197,27,6842,0.028792750657702426,2.879
Sydney,2025,7,Jul,114,2025-07-01,Reptile,103,30,6842,0.015054077755042385,1.505
Sydney,2025,8,Aug,115,2025-08-01,Reptile,292,27,6842,0.042677579655071615,4.268
Sydney,2025,9,Sep,116,2025-09-01,Reptile,658,38,6842,0.09617071031862029,9.617
Sydney,2025,10,Oct,117,2025-10-01,Reptile,716,41,6842,0.10464776381175095,10.465
Sydney,2025,11,Nov,118,2025-11-01,Reptile,703,43,6842,0.102747734580532,10.275
Sydney,2025,12,Dec,119,2025-12-01,Reptile,552,37,6842,0.08067816427945046,8.068
Sydney,2016,1,Jan,0,2016-01-01,Insect,360,95,4031,0.08930786405358472,8.931
Sydney,2016,2,Feb,1,2016-02-01,Insect,424,124,4031,0.10518481766311089,10.518
Sydney,2016,3,Mar,2,2016-03-01,Insect,383,98,4031,0.09501364425700819,9.501
Sydney,2016,4,Apr,3,2016-04-01,Insect,305,74,4031,0.07566360704539817,7.566
Sydney,2016,5,May,4,2016-05-01,Insect,172,46,4031,0.04266931282560159,4.267
Sydney,2016,6,Jun,5,2016-06-01,Insect,126,24,4031,0.03125775241875465,3.126
Sydney,2016,7,Jul,6,2016-07-01,Insect,47,12,4031,0.011659637806995783,1.166
Sydney,2016,8,Aug,7,2016-08-01,Insect,129,35,4031,0.03200198461920119,3.2
Sydney,2016,9,Sep,8,2016-09-01,Insect,204,54,4031,0.05060778963036467,5.061
Sydney,2016,10,Oct,9,2016-10-01,Insect,598,121,4031,0.14835028528901018,14.835
Sydney,2016,11,Nov,10,2016-11-01,Insect,646,144,4031,0.1602580004961548,16.026
Sydney,2016,12,Dec,11,2016-12-01,Insect,637,123,4031,0.15802530389481517,15.803
Sydney,2017,1,Jan,12,2017-01-01,Insect,484,116,3816,0.12683438155136267,12.683
Sydney,2017,2,Feb,13,2017-02-01,Insect,181,57,3816,0.047431865828092244,4.743
Sydney,2017,3,Mar,14,2017-03-01,Insect,515,91,3816,0.134958071278826,13.496
Sydney,2017,4,Apr,15,2017-04-01,Insect,282,85,3816,0.07389937106918239,7.39
Sydney,2017,5,May,16,2017-05-01,Insect,119,27,3816,0.031184486373165617,3.118
Sydney,2017,6,Jun,17,2017-06-01,Insect,156,25,3816,0.040880503144654086,4.088
Sydney,2017,7,Jul,18,2017-07-01,Insect,100,28,3816,0.02620545073375262,2.621
Sydney,2017,8,Aug,19,2017-08-01,Insect,195,26,3816,0.05110062893081761,5.11
Sydney,2017,9,Sep,20,2017-09-01,Insect,393,91,3816,0.1029874213836478,10.299
Sydney,2017,10,Oct,21,2017-10-01,Insect,319,87,3816,0.08359538784067086,8.36
Sydney,2017,11,Nov,22,2017-11-01,Insect,513,111,3816,0.13443396226415094,13.443
Sydney,2017,12,Dec,23,2017-12-01,Insect,559,129,3816,0.14648846960167716,14.649
Sydney,2018,1,Jan,24,2018-01-01,Insect,566,163,5057,0.11192406565157208,11.192
Sydney,2018,2,Feb,25,2018-02-01,Insect,466,122,5057,0.09214949574846747,9.215
Sydney,2018,3,Mar,26,2018-03-01,Insect,427,133,5057,0.08443741348625668,8.444
Sydney,2018,4,Apr,27,2018-04-01,Insect,647,142,5057,0.1279414672730868,12.794
Sydney,2018,5,May,28,2018-05-01,Insect,156,51,5057,0.030848329048843187,3.085
Sydney,2018,6,Jun,29,2018-06-01,Insect,86,26,5057,0.017006130116669963,1.701
Sydney,2018,7,Jul,30,2018-07-01,Insect,103,32,5057,0.020367807000197746,2.037
Sydney,2018,8,Aug,31,2018-08-01,Insect,105,22,5057,0.020763298398259838,2.076
Sydney,2018,9,Sep,32,2018-09-01,Insect,391,70,5057,0.07731856832113901,7.732
Sydney,2018,10,Oct,33,2018-10-01,Insect,581,82,5057,0.11489025113703777,11.489
Sydney,2018,11,Nov,34,2018-11-01,Insect,717,119,5057,0.14178366620526003,14.178
Sydney,2018,12,Dec,35,2018-12-01,Insect,812,158,5057,0.1605695076132094,16.057
Sydney,2019,1,Jan,36,2019-01-01,Insect,964,172,6364,0.15147705845380263,15.148
Sydney,2019,2,Feb,37,2019-02-01,Insect,527,134,6364,0.0828095537397863,8.281
Sydney,2019,3,Mar,38,2019-03-01,Insect,607,160,6364,0.09538026398491514,9.538
Sydney,2019,4,Apr,39,2019-04-01,Insect,661,150,6364,0.10386549340037712,10.387
Sydney,2019,5,May,40,2019-05-01,Insect,216,64,6364,0.0339409176618479,3.394
Sydney,2019,6,Jun,41,2019-06-01,Insect,140,34,6364,0.02199874292897549,2.2
Sydney,2019,7,Jul,42,2019-07-01,Insect,110,43,6364,0.017284726587052168,1.728
Sydney,2019,8,Aug,43,2019-08-01,Insect,183,57,6364,0.028755499685732242,2.876
Sydney,2019,9,Sep,44,2019-09-01,Insect,321,116,6364,0.05043997485857951,5.044
Sydney,2019,10,Oct,45,2019-10-01,Insect,861,166,6364,0.13529226901319924,13.529
Sydney,2019,11,Nov,46,2019-11-01,Insect,999,228,6364,0.1569767441860465,15.698
Sydney,2019,12,Dec,47,2019-12-01,Insect,775,218,6364,0.12177875549968573,12.178
Sydney,2020,1,Jan,48,2020-01-01,Insect,809,261,14705,0.055015300918055086,5.502
Sydney,2020,2,Feb,49,2020-02-01,Insect,750,241,14705,0.05100306018361102,5.1
Sydney,2020,3,Mar,50,2020-03-01,Insect,762,256,14705,0.051819109146548796,5.182
Sydney,2020,4,Apr,51,2020-04-01,Insect,2278,401,14705,0.15491329479768787,15.491
Sydney,2020,5,May,52,2020-05-01,Insect,1071,241,14705,0.07283236994219654,7.283
Sydney,2020,6,Jun,53,2020-06-01,Insect,345,103,14705,0.023461407684461068,2.346
Sydney,2020,7,Jul,54,2020-07-01,Insect,351,70,14705,0.023869432165929957,2.387
Sydney,2020,8,Aug,55,2020-08-01,Insect,713,159,14705,0.04848690921455287,4.849
Sydney,2020,9,Sep,56,2020-09-01,Insect,1580,358,14705,0.1074464467868072,10.745
Sydney,2020,10,Oct,57,2020-10-01,Insect,2045,435,14705,0.13906834410064603,13.907
Sydney,2020,11,Nov,58,2020-11-01,Insect,2211,492,14705,0.15035702142128526,15.036
Sydney,2020,12,Dec,59,2020-12-01,Insect,1790,440,14705,0.12172730363821829,12.173
Sydney,2021,1,Jan,60,2021-01-01,Insect,1594,470,15461,0.10309811784490007,10.31
Sydney,2021,2,Feb,61,2021-02-01,Insect,1278,375,15461,0.08265959511027747,8.266
Sydney,2021,3,Mar,62,2021-03-01,Insect,1464,433,15461,0.09468986482116293,9.469
Sydney,2021,4,Apr,63,2021-04-01,Insect,1052,246,15461,0.06804217062285751,6.804
Sydney,2021,5,May,64,2021-05-01,Insect,778,219,15461,0.050320160403596145,5.032
Sydney,2021,6,Jun,65,2021-06-01,Insect,256,106,15461,0.01655779056982084,1.656
Sydney,2021,7,Jul,66,2021-07-01,Insect,271,106,15461,0.01752797361102128,1.753
Sydney,2021,8,Aug,67,2021-08-01,Insect,819,239,15461,0.052971994049544016,5.297
Sydney,2021,9,Sep,68,2021-09-01,Insect,1313,368,15461,0.08492335553974517,8.492
Sydney,2021,10,Oct,69,2021-10-01,Insect,2634,672,15461,0.17036414203479724,17.036
Sydney,2021,11,Nov,70,2021-11-01,Insect,2116,618,15461,0.13686048767867537,13.686
Sydney,2021,12,Dec,71,2021-12-01,Insect,1886,567,15461,0.12198434771360196,12.198
Sydney,2022,1,Jan,72,2022-01-01,Insect,2141,584,19687,0.10875196830395692,10.875
Sydney,2022,2,Feb,73,2022-02-01,Insect,1475,473,19687,0.07492253771524356,7.492
Sydney,2022,3,Mar,74,2022-03-01,Insect,1653,394,19687,0.08396403718189668,8.396
Sydney,2022,4,Apr,75,2022-04-01,Insect,1259,353,19687,0.06395083049728247,6.395
Sydney,2022,5,May,76,2022-05-01,Insect,626,164,19687,0.031797632955757604,3.18
Sydney,2022,6,Jun,77,2022-06-01,Insect,263,76,19687,0.013359069436684107,1.336
Sydney,2022,7,Jul,78,2022-07-01,Insect,182,64,19687,0.009244679229948698,0.924
Sydney,2022,8,Aug,79,2022-08-01,Insect,449,129,19687,0.022806928429928378,2.281
Sydney,2022,9,Sep,80,2022-09-01,Insect,1346,366,19687,0.06836999034896124,6.837
Sydney,2022,10,Oct,81,2022-10-01,Insect,2603,569,19687,0.13221923096459592,13.222
Sydney,2022,11,Nov,82,2022-11-01,Insect,3587,701,19687,0.18220145273530755,18.22
Sydney,2022,12,Dec,83,2022-12-01,Insect,4103,684,19687,0.20841164220043684,20.841
Sydney,2023,1,Jan,84,2023-01-01,Insect,3476,694,26340,0.1319665907365224,13.197
Sydney,2023,2,Feb,85,2023-02-01,Insect,2545,559,26340,0.09662110858010631,9.662
Sydney,2023,3,Mar,86,2023-03-01,Insect,3374,589,26340,0.1280941533788914,12.809
Sydney,2023,4,Apr,87,2023-04-01,Insect,1566,374,26340,0.05945330296127563,5.945
Sydney,2023,5,May,88,2023-05-01,Insect,1086,205,26340,0.04123006833712984,4.123
Sydney,2023,6,Jun,89,2023-06-01,Insect,583,137,26340,0.0221336370539104,2.213
Sydney,2023,7,Jul,90,2023-07-01,Insect,447,128,26340,0.016970387243735764,1.697
Sydney,2023,8,Aug,91,2023-08-01,Insect,955,231,26340,0.03625664388762339,3.626
Sydney,2023,9,Sep,92,2023-09-01,Insect,2765,582,26340,0.10497342444950646,10.497
Sydney,2023,10,Oct,93,2023-10-01,Insect,2577,638,26340,0.09783599088838268,9.784
Sydney,2023,11,Nov,94,2023-11-01,Insect,2691,575,26340,0.10216400911161731,10.216
Sydney,2023,12,Dec,95,2023-12-01,Insect,4275,755,26340,0.1623006833712984,16.23
Sydney,2024,1,Jan,96,2024-01-01,Insect,4546,793,33876,0.1341953005077341,13.42
Sydney,2024,2,Feb,97,2024-02-01,Insect,3260,651,33876,0.09623332152556383,9.623
Sydney,2024,3,Mar,98,2024-03-01,Insect,3789,538,33876,0.11184909670563231,11.185
Sydney,2024,4,Apr,99,2024-04-01,Insect,2303,524,33876,0.06798323296729247,6.798
Sydney,2024,5,May,100,2024-05-01,Insect,1010,246,33876,0.029814618018656276,2.981
Sydney,2024,6,Jun,101,2024-06-01,Insect,511,151,33876,0.015084425552013225,1.508
Sydney,2024,7,Jul,102,2024-07-01,Insect,572,179,33876,0.01688511040264494,1.689
Sydney,2024,8,Aug,103,2024-08-01,Insect,1630,336,33876,0.04811666076278191,4.812
Sydney,2024,9,Sep,104,2024-09-01,Insect,3006,494,33876,0.08873538788522849,8.874
Sydney,2024,10,Oct,105,2024-10-01,Insect,4450,758,33876,0.1313614358247727,13.136
Sydney,2024,11,Nov,106,2024-11-01,Insect,4205,729,33876,0.12412917699846499,12.413
Sydney,2024,12,Dec,107,2024-12-01,Insect,4594,735,33876,0.13561223284921478,13.561
Sydney,2025,1,Jan,108,2025-01-01,Insect,3568,675,43490,0.08204184870085077,8.204
Sydney,2025,2,Feb,109,2025-02-01,Insect,3057,611,43490,0.07029202115428834,7.029
Sydney,2025,3,Mar,110,2025-03-01,Insect,3396,538,43490,0.07808691653253622,7.809
Sydney,2025,4,Apr,111,2025-04-01,Insect,3164,584,43490,0.07275235686364681,7.275
Sydney,2025,5,May,112,2025-05-01,Insect,1833,370,43490,0.04214762014256151,4.215
Sydney,2025,6,Jun,113,2025-06-01,Insect,954,226,43490,0.02193607725914003,2.194
Sydney,2025,7,Jul,114,2025-07-01,Insect,870,226,43490,0.02000459875833525,2.0
Sydney,2025,8,Aug,115,2025-08-01,Insect,1468,343,43490,0.033754886180731206,3.375
Sydney,2025,9,Sep,116,2025-09-01,Insect,3260,552,43490,0.07495976086456657,7.496
Sydney,2025,10,Oct,117,2025-10-01,Insect,6915,843,43490,0.15900206944125087,15.9
Sydney,2025,11,Nov,118,2025-11-01,Insect,7669,816,43490,0.1763393883651414,17.634
Sydney,2025,12,Dec,119,2025-12-01,Insect,7336,783,43490,0.16868245573695104,16.868
Melbourne,2016,1,Jan,0,2016-01-01,Bird,17958,203,155103,0.11578112609040445,11.578
Melbourne,2016,2,Feb,1,2016-02-01,Bird,16315,202,155103,0.10518816528371469,10.519
Melbourne,2016,3,Mar,2,2016-03-01,Bird,15911,205,155103,0.10258344454975081,10.258
Melbourne,2016,4,Apr,3,2016-04-01,Bird,12063,207,155103,0.07777412429159977,7.777
Melbourne,2016,5,May,4,2016-05-01,Bird,11602,179,155103,0.0748019058303192,7.48
Melbourne,2016,6,Jun,5,2016-06-01,Bird,9997,177,155103,0.06445394350850725,6.445
Melbourne,2016,7,Jul,6,2016-07-01,Bird,10127,185,155103,0.06529209621993128,6.529
Melbourne,2016,8,Aug,7,2016-08-01,Bird,12362,199,155103,0.07970187552787503,7.97
Melbourne,2016,9,Sep,8,2016-09-01,Bird,12547,196,155103,0.0808946313095169,8.089
Melbourne,2016,10,Oct,9,2016-10-01,Bird,12361,197,155103,0.07969542819932561,7.97
Melbourne,2016,11,Nov,10,2016-11-01,Bird,13291,196,155103,0.08569144375028206,8.569
Melbourne,2016,12,Dec,11,2016-12-01,Bird,10569,190,155103,0.06814181543877294,6.814
Melbourne,2017,1,Jan,12,2017-01-01,Bird,17576,196,214470,0.08195085559751947,8.195
Melbourne,2017,2,Feb,13,2017-02-01,Bird,15839,200,214470,0.0738518207674733,7.385
Melbourne,2017,3,Mar,14,2017-03-01,Bird,18237,204,214470,0.08503287173031193,8.503
Melbourne,2017,4,Apr,15,2017-04-01,Bird,16172,199,214470,0.07540448547582412,7.54
Melbourne,2017,5,May,16,2017-05-01,Bird,15350,193,214470,0.07157178160115633,7.157
Melbourne,2017,6,Jun,17,2017-06-01,Bird,15445,188,214470,0.0720147339954306,7.201
Melbourne,2017,7,Jul,18,2017-07-01,Bird,13181,188,214470,0.06145847904135777,6.146
Melbourne,2017,8,Aug,19,2017-08-01,Bird,14926,199,214470,0.0695948151256586,6.959
Melbourne,2017,9,Sep,20,2017-09-01,Bird,18768,216,214470,0.08750874248146594,8.751
Melbourne,2017,10,Oct,21,2017-10-01,Bird,25254,223,214470,0.11775073436844313,11.775
Melbourne,2017,11,Nov,22,2017-11-01,Bird,22289,215,214470,0.10392595701030446,10.393
Melbourne,2017,12,Dec,23,2017-12-01,Bird,21433,208,214470,0.09993472280505432,9.993
Melbourne,2018,1,Jan,24,2018-01-01,Bird,26524,223,284845,0.09311730941389176,9.312
Melbourne,2018,2,Feb,25,2018-02-01,Bird,21764,210,284845,0.07640646667485826,7.641
Melbourne,2018,3,Mar,26,2018-03-01,Bird,26279,209,284845,0.09225719250820621,9.226
Melbourne,2018,4,Apr,27,2018-04-01,Bird,26300,213,284845,0.09233091681440783,9.233
Melbourne,2018,5,May,28,2018-05-01,Bird,22252,202,284845,0.07811967912373396,7.812
Melbourne,2018,6,Jun,29,2018-06-01,Bird,18898,189,284845,0.06634485421896119,6.634
Melbourne,2018,7,Jul,30,2018-07-01,Bird,16922,202,284845,0.059407748073513664,5.941
Melbourne,2018,8,Aug,31,2018-08-01,Bird,22664,210,284845,0.07956607979778477,7.957
Melbourne,2018,9,Sep,32,2018-09-01,Bird,27333,224,284845,0.09595745054327792,9.596
Melbourne,2018,10,Oct,33,2018-10-01,Bird,26451,224,284845,0.09286102968280995,9.286
Melbourne,2018,11,Nov,34,2018-11-01,Bird,24881,222,284845,0.08734926012392705,8.735
Melbourne,2018,12,Dec,35,2018-12-01,Bird,24577,222,284845,0.08628201302462743,8.628
Melbourne,2019,1,Jan,36,2019-01-01,Bird,33114,227,321040,0.10314602541739347,10.315
Melbourne,2019,2,Feb,37,2019-02-01,Bird,28239,222,321040,0.08796100174433093,8.796
Melbourne,2019,3,Mar,38,2019-03-01,Bird,32223,223,321040,0.10037067032145527,10.037
Melbourne,2019,4,Apr,39,2019-04-01,Bird,27159,217,321040,0.08459693496137553,8.46
Melbourne,2019,5,May,40,2019-05-01,Bird,23768,200,321040,0.07403438823822577,7.403
Melbourne,2019,6,Jun,41,2019-06-01,Bird,20223,187,321040,0.06299215051083977,6.299
Melbourne,2019,7,Jul,42,2019-07-01,Bird,22606,193,321040,0.07041490156989783,7.041
Melbourne,2019,8,Aug,43,2019-08-01,Bird,24434,198,321040,0.07610889608771493,7.611
Melbourne,2019,9,Sep,44,2019-09-01,Bird,27986,217,321040,0.08717293795165712,8.717
Melbourne,2019,10,Oct,45,2019-10-01,Bird,29472,228,321040,0.09180164465487167,9.18
Melbourne,2019,11,Nov,46,2019-11-01,Bird,26539,219,321040,0.08266571143782706,8.267
Melbourne,2019,12,Dec,47,2019-12-01,Bird,25277,221,321040,0.07873473710441066,7.873
Melbourne,2020,1,Jan,48,2020-01-01,Bird,33514,230,503220,0.06659910178450777,6.66
Melbourne,2020,2,Feb,49,2020-02-01,Bird,26003,213,503220,0.05167322443464091,5.167
Melbourne,2020,3,Mar,50,2020-03-01,Bird,24960,205,503220,0.04960057231429593,4.96
Melbourne,2020,4,Apr,51,2020-04-01,Bird,37046,202,503220,0.07361790071936727,7.362
Melbourne,2020,5,May,52,2020-05-01,Bird,41816,202,503220,0.0830968562457772,8.31
Melbourne,2020,6,Jun,53,2020-06-01,Bird,35886,201,503220,0.07131274591629903,7.131
Melbourne,2020,7,Jul,54,2020-07-01,Bird,40060,203,503220,0.07960732880251183,7.961
Melbourne,2020,8,Aug,55,2020-08-01,Bird,42818,188,503220,0.08508803306704821,8.509
Melbourne,2020,9,Sep,56,2020-09-01,Bird,62039,209,503220,0.12328405071340567,12.328
Melbourne,2020,10,Oct,57,2020-10-01,Bird,74116,231,503220,0.14728349429672907,14.728
Melbourne,2020,11,Nov,58,2020-11-01,Bird,48811,222,503220,0.09699733714876198,9.7
Melbourne,2020,12,Dec,59,2020-12-01,Bird,36151,221,503220,0.07183935455665515,7.184
Melbourne,2021,1,Jan,60,2021-01-01,Bird,45044,221,615475,0.07318575084284495,7.319
Melbourne,2021,2,Feb,61,2021-02-01,Bird,43830,220,615475,0.07121329054795077,7.121
Melbourne,2021,3,Mar,62,2021-03-01,Bird,43399,219,615475,0.07051301840042244,7.051
Melbourne,2021,4,Apr,63,2021-04-01,Bird,44534,212,615475,0.07235712254762582,7.236
Melbourne,2021,5,May,64,2021-05-01,Bird,41438,198,615475,0.06732686136723669,6.733
Melbourne,2021,6,Jun,65,2021-06-01,Bird,43965,194,615475,0.07143263333197937,7.143
Melbourne,2021,7,Jul,66,2021-07-01,Bird,35223,188,615475,0.057228969495105406,5.723
Melbourne,2021,8,Aug,67,2021-08-01,Bird,59722,210,615475,0.09703399813152443,9.703
Melbourne,2021,9,Sep,68,2021-09-01,Bird,81932,225,615475,0.13311994800763638,13.312
Melbourne,2021,10,Oct,69,2021-10-01,Bird,92170,239,615475,0.14975425484381982,14.975
Melbourne,2021,11,Nov,70,2021-11-01,Bird,49155,223,615475,0.0798651448068565,7.987
Melbourne,2021,12,Dec,71,2021-12-01,Bird,35063,210,615475,0.05696900767699744,5.697
Melbourne,2022,1,Jan,72,2022-01-01,Bird,46706,218,549761,0.0849569176423937,8.496
Melbourne,2022,2,Feb,73,2022-02-01,Bird,41420,207,549761,0.07534183035901056,7.534
Melbourne,2022,3,Mar,74,2022-03-01,Bird,47976,219,549761,0.0872670123926579,8.727
Melbourne,2022,4,Apr,75,2022-04-01,Bird,49626,208,549761,0.09026831659575707,9.027
Melbourne,2022,5,May,76,2022-05-01,Bird,45657,198,549761,0.08304881575812034,8.305
Melbourne,2022,6,Jun,77,2022-06-01,Bird,36235,195,549761,0.06591045927230196,6.591
Melbourne,2022,7,Jul,78,2022-07-01,Bird,38267,196,549761,0.0696066108727247,6.961
Melbourne,2022,8,Aug,79,2022-08-01,Bird,51867,205,549761,0.09434463339523902,9.434
Melbourne,2022,9,Sep,80,2022-09-01,Bird,53219,211,549761,0.09680388386953603,9.68
Melbourne,2022,10,Oct,81,2022-10-01,Bird,54730,215,549761,0.09955235093067714,9.955
Melbourne,2022,11,Nov,82,2022-11-01,Bird,46990,214,549761,0.08547350575977561,8.547
Melbourne,2022,12,Dec,83,2022-12-01,Bird,37068,209,549761,0.06742566315180597,6.743
Melbourne,2023,1,Jan,84,2023-01-01,Bird,52270,216,661206,0.0790525191846414,7.905
Melbourne,2023,2,Feb,85,2023-02-01,Bird,41658,213,661206,0.06300305804847506,6.3
Melbourne,2023,3,Mar,86,2023-03-01,Bird,60571,225,661206,0.09160685172245867,9.161
Melbourne,2023,4,Apr,87,2023-04-01,Bird,61159,218,661206,0.092496135848737,9.25
Melbourne,2023,5,May,88,2023-05-01,Bird,50769,203,661206,0.07678242484187983,7.678
Melbourne,2023,6,Jun,89,2023-06-01,Bird,40710,204,661206,0.06156931425304671,6.157
Melbourne,2023,7,Jul,90,2023-07-01,Bird,45679,199,661206,0.06908437007528667,6.908
Melbourne,2023,8,Aug,91,2023-08-01,Bird,52181,204,661206,0.07891791665532376,7.892
Melbourne,2023,9,Sep,92,2023-09-01,Bird,60987,224,661206,0.09223600511792089,9.224
Melbourne,2023,10,Oct,93,2023-10-01,Bird,68173,230,661206,0.10310402506934299,10.31
Melbourne,2023,11,Nov,94,2023-11-01,Bird,65551,239,661206,0.0991385438123671,9.914
Melbourne,2023,12,Dec,95,2023-12-01,Bird,61498,225,661206,0.09300883537051993,9.301
Melbourne,2024,1,Jan,96,2024-01-01,Bird,73344,232,819768,0.08946921568053401,8.947
Melbourne,2024,2,Feb,97,2024-02-01,Bird,60654,228,819768,0.0739892262201013,7.399
Melbourne,2024,3,Mar,98,2024-03-01,Bird,63760,229,819768,0.07777810307306457,7.778
Melbourne,2024,4,Apr,99,2024-04-01,Bird,65043,212,819768,0.07934318002166467,7.934
Melbourne,2024,5,May,100,2024-05-01,Bird,62517,212,819768,0.07626182041748397,7.626
Melbourne,2024,6,Jun,101,2024-06-01,Bird,56768,209,819768,0.069248860653258,6.925
Melbourne,2024,7,Jul,102,2024-07-01,Bird,55124,201,819768,0.06724341521015702,6.724
Melbourne,2024,8,Aug,103,2024-08-01,Bird,68598,217,819768,0.0836797728137717,8.368
Melbourne,2024,9,Sep,104,2024-09-01,Bird,77142,232,819768,0.09410223380273443,9.41
Melbourne,2024,10,Oct,105,2024-10-01,Bird,90995,238,819768,0.11100091733270877,11.1
Melbourne,2024,11,Nov,106,2024-11-01,Bird,77209,243,819768,0.09418396424354207,9.418
Melbourne,2024,12,Dec,107,2024-12-01,Bird,68614,240,819768,0.08369929053097949,8.37
Melbourne,2025,1,Jan,108,2025-01-01,Bird,87265,239,597300,0.14609911267369832,14.61
Melbourne,2025,2,Feb,109,2025-02-01,Bird,64423,219,597300,0.10785702327138791,10.786
Melbourne,2025,3,Mar,110,2025-03-01,Bird,76872,227,597300,0.1286991461577097,12.87
Melbourne,2025,4,Apr,111,2025-04-01,Bird,70182,218,597300,0.11749874434957308,11.75
Melbourne,2025,5,May,112,2025-05-01,Bird,63588,211,597300,0.10645906579608237,10.646
Melbourne,2025,6,Jun,113,2025-06-01,Bird,57977,197,597300,0.09706512640214297,9.707
Melbourne,2025,7,Jul,114,2025-07-01,Bird,55786,201,597300,0.093396952954964,9.34
Melbourne,2025,8,Aug,115,2025-08-01,Bird,72270,215,597300,0.12099447513812155,12.099
Melbourne,2025,9,Sep,116,2025-09-01,Bird,12443,198,597300,0.020832077682906413,2.083
Melbourne,2025,10,Oct,117,2025-10-01,Bird,13546,209,597300,0.02267872091076511,2.268
Melbourne,2025,11,Nov,118,2025-11-01,Bird,12018,203,597300,0.02012054244098443,2.012
Melbourne,2025,12,Dec,119,2025-12-01,Bird,10930,206,597300,0.018299012221664156,1.83
Melbourne,2016,1,Jan,0,2016-01-01,Mammal,149,19,2199,0.06775807185084129,6.776
Melbourne,2016,2,Feb,1,2016-02-01,Mammal,102,21,2199,0.04638472032742155,4.638
Melbourne,2016,3,Mar,2,2016-03-01,Mammal,100,19,2199,0.04547521600727603,4.548
Melbourne,2016,4,Apr,3,2016-04-01,Mammal,103,20,2199,0.046839472487494316,4.684
Melbourne,2016,5,May,4,2016-05-01,Mammal,824,19,2199,0.3747157798999545,37.472
Melbourne,2016,6,Jun,5,2016-06-01,Mammal,318,18,2199,0.1446111869031378,14.461
Melbourne,2016,7,Jul,6,2016-07-01,Mammal,89,24,2199,0.04047294224647567,4.047
Melbourne,2016,8,Aug,7,2016-08-01,Mammal,74,18,2199,0.03365165984538426,3.365
Melbourne,2016,9,Sep,8,2016-09-01,Mammal,108,17,2199,0.04911323328785812,4.911
Melbourne,2016,10,Oct,9,2016-10-01,Mammal,95,15,2199,0.04320145520691223,4.32
Melbourne,2016,11,Nov,10,2016-11-01,Mammal,116,18,2199,0.0527512505684402,5.275
Melbourne,2016,12,Dec,11,2016-12-01,Mammal,121,20,2199,0.055025011368804,5.503
Melbourne,2017,1,Jan,12,2017-01-01,Mammal,145,20,4394,0.03299954483386436,3.3
Melbourne,2017,2,Feb,13,2017-02-01,Mammal,130,19,4394,0.029585798816568046,2.959
Melbourne,2017,3,Mar,14,2017-03-01,Mammal,149,25,4394,0.03390987710514338,3.391
Melbourne,2017,4,Apr,15,2017-04-01,Mammal,700,22,4394,0.15930814747382796,15.931
Melbourne,2017,5,May,16,2017-05-01,Mammal,1393,19,4394,0.3170232134729176,31.702
Melbourne,2017,6,Jun,17,2017-06-01,Mammal,813,21,4394,0.18502503413746016,18.503
Melbourne,2017,7,Jul,18,2017-07-01,Mammal,274,19,4394,0.06235776058261265,6.236
Melbourne,2017,8,Aug,19,2017-08-01,Mammal,109,17,4394,0.02480655439235321,2.481
Melbourne,2017,9,Sep,20,2017-09-01,Mammal,101,19,4394,0.022985889849795174,2.299
Melbourne,2017,10,Oct,21,2017-10-01,Mammal,256,22,4394,0.05826126536185708,5.826
Melbourne,2017,11,Nov,22,2017-11-01,Mammal,183,19,4394,0.04164770141101502,4.165
Melbourne,2017,12,Dec,23,2017-12-01,Mammal,141,17,4394,0.032089212562585345,3.209
Melbourne,2018,1,Jan,24,2018-01-01,Mammal,164,19,3882,0.0422462648119526,4.225
Melbourne,2018,2,Feb,25,2018-02-01,Mammal,227,26,3882,0.058475012879958786,5.848
Melbourne,2018,3,Mar,26,2018-03-01,Mammal,171,20,3882,0.04404945904173107,4.405
Melbourne,2018,4,Apr,27,2018-04-01,Mammal,199,24,3882,0.05126223596084493,5.126
Melbourne,2018,5,May,28,2018-05-01,Mammal,779,22,3882,0.20066975785677485,20.067
Melbourne,2018,6,Jun,29,2018-06-01,Mammal,956,24,3882,0.24626481195260175,24.626
Melbourne,2018,7,Jul,30,2018-07-01,Mammal,601,24,3882,0.15481710458526532,15.482
Melbourne,2018,8,Aug,31,2018-08-01,Mammal,115,18,3882,0.02962390520350335,2.962
Melbourne,2018,9,Sep,32,2018-09-01,Mammal,155,18,3882,0.03992787223080886,3.993
Melbourne,2018,10,Oct,33,2018-10-01,Mammal,182,15,3882,0.04688304997424008,4.688
Melbourne,2018,11,Nov,34,2018-11-01,Mammal,208,25,3882,0.05358062854198867,5.358
Melbourne,2018,12,Dec,35,2018-12-01,Mammal,125,16,3882,0.032199896960329724,3.22
Melbourne,2019,1,Jan,36,2019-01-01,Mammal,156,20,3865,0.04036222509702458,4.036
Melbourne,2019,2,Feb,37,2019-02-01,Mammal,150,20,3865,0.03880983182406209,3.881
Melbourne,2019,3,Mar,38,2019-03-01,Mammal,221,27,3865,0.05717981888745149,5.718
Melbourne,2019,4,Apr,39,2019-04-01,Mammal,267,23,3865,0.06908150064683052,6.908
Melbourne,2019,5,May,40,2019-05-01,Mammal,1011,21,3865,0.26157826649417854,26.158
Melbourne,2019,6,Jun,41,2019-06-01,Mammal,900,19,3865,0.23285899094437257,23.286
Melbourne,2019,7,Jul,42,2019-07-01,Mammal,116,18,3865,0.03001293661060802,3.001
Melbourne,2019,8,Aug,43,2019-08-01,Mammal,159,21,3865,0.04113842173350582,4.114
Melbourne,2019,9,Sep,44,2019-09-01,Mammal,277,17,3865,0.07166882276843467,7.167
Melbourne,2019,10,Oct,45,2019-10-01,Mammal,217,21,3865,0.05614489003880983,5.614
Melbourne,2019,11,Nov,46,2019-11-01,Mammal,199,23,3865,0.05148771021992238,5.149
Melbourne,2019,12,Dec,47,2019-12-01,Mammal,192,19,3865,0.04967658473479948,4.968
Melbourne,2020,1,Jan,48,2020-01-01,Mammal,266,22,4881,0.05449702929727515,5.45
Melbourne,2020,2,Feb,49,2020-02-01,Mammal,196,33,4881,0.040155705797992214,4.016
Melbourne,2020,3,Mar,50,2020-03-01,Mammal,186,26,4881,0.03810694529809465,3.811
Melbourne,2020,4,Apr,51,2020-04-01,Mammal,116,23,4881,0.02376562179881172,2.377
Melbourne,2020,5,May,52,2020-05-01,Mammal,1334,18,4881,0.27330465068633475,27.33
Melbourne,2020,6,Jun,53,2020-06-01,Mammal,1369,21,4881,0.28047531243597623,28.048
Melbourne,2020,7,Jul,54,2020-07-01,Mammal,211,19,4881,0.04322884654783856,4.323
Melbourne,2020,8,Aug,55,2020-08-01,Mammal,141,18,4881,0.028887523048555623,2.889
Melbourne,2020,9,Sep,56,2020-09-01,Mammal,261,23,4881,0.05347264904732637,5.347
Melbourne,2020,10,Oct,57,2020-10-01,Mammal,356,23,4881,0.0729358737963532,7.294
Melbourne,2020,11,Nov,58,2020-11-01,Mammal,250,21,4881,0.05121901249743905,5.122
Melbourne,2020,12,Dec,59,2020-12-01,Mammal,195,21,4881,0.03995082974800246,3.995
Melbourne,2021,1,Jan,60,2021-01-01,Mammal,242,33,4921,0.0491769965454176,4.918
Melbourne,2021,2,Feb,61,2021-02-01,Mammal,199,22,4921,0.040438935175777284,4.044
Melbourne,2021,3,Mar,62,2021-03-01,Mammal,213,27,4921,0.04328388538914855,4.328
Melbourne,2021,4,Apr,63,2021-04-01,Mammal,1219,19,4921,0.24771387929282665,24.771
Melbourne,2021,5,May,64,2021-05-01,Mammal,1099,22,4921,0.2233285917496444,22.333
Melbourne,2021,6,Jun,65,2021-06-01,Mammal,315,25,4921,0.06401137980085349,6.401
Melbourne,2021,7,Jul,66,2021-07-01,Mammal,216,23,4921,0.0438935175777281,4.389
Melbourne,2021,8,Aug,67,2021-08-01,Mammal,205,23,4921,0.0416581995529364,4.166
Melbourne,2021,9,Sep,68,2021-09-01,Mammal,354,20,4921,0.07193659825238773,7.194
Melbourne,2021,10,Oct,69,2021-10-01,Mammal,350,23,4921,0.07112375533428165,7.112
Melbourne,2021,11,Nov,70,2021-11-01,Mammal,278,20,4921,0.056492582808372285,5.649
Melbourne,2021,12,Dec,71,2021-12-01,Mammal,231,22,4921,0.04694167852062589,4.694
Melbourne,2022,1,Jan,72,2022-01-01,Mammal,230,23,3394,0.06776664702416028,6.777
Melbourne,2022,2,Feb,73,2022-02-01,Mammal,244,22,3394,0.07189157336476135,7.189
Melbourne,2022,3,Mar,74,2022-03-01,Mammal,294,35,3394,0.08662345315262228,8.662
Melbourne,2022,4,Apr,75,2022-04-01,Mammal,310,24,3394,0.09133765468473777,9.134
Melbourne,2022,5,May,76,2022-05-01,Mammal,276,29,3394,0.08131997642899234,8.132
Melbourne,2022,6,Jun,77,2022-06-01,Mammal,231,20,3394,0.0680612846199175,6.806
Melbourne,2022,7,Jul,78,2022-07-01,Mammal,264,24,3394,0.07778432527990571,7.778
Melbourne,2022,8,Aug,79,2022-08-01,Mammal,335,21,3394,0.09870359457866824,9.87
Melbourne,2022,9,Sep,80,2022-09-01,Mammal,337,25,3394,0.09929286977018267,9.929
Melbourne,2022,10,Oct,81,2022-10-01,Mammal,306,24,3394,0.0901591043017089,9.016
Melbourne,2022,11,Nov,82,2022-11-01,Mammal,295,24,3394,0.08691809074837949,8.692
Melbourne,2022,12,Dec,83,2022-12-01,Mammal,272,22,3394,0.08014142604596347,8.014
Melbourne,2023,1,Jan,84,2023-01-01,Mammal,340,26,4597,0.07396127909506199,7.396
Melbourne,2023,2,Feb,85,2023-02-01,Mammal,307,25,4597,0.0667826843593648,6.678
Melbourne,2023,3,Mar,86,2023-03-01,Mammal,437,35,4597,0.09506199695453557,9.506
Melbourne,2023,4,Apr,87,2023-04-01,Mammal,497,27,4597,0.10811398738307591,10.811
Melbourne,2023,5,May,88,2023-05-01,Mammal,397,22,4597,0.08636067000217533,8.636
Melbourne,2023,6,Jun,89,2023-06-01,Mammal,206,22,4597,0.04481183380465521,4.481
Melbourne,2023,7,Jul,90,2023-07-01,Mammal,257,22,4597,0.05590602566891451,5.591
Melbourne,2023,8,Aug,91,2023-08-01,Mammal,248,19,4597,0.053948227104633456,5.395
Melbourne,2023,9,Sep,92,2023-09-01,Mammal,402,23,4597,0.08744833587122036,8.745
Melbourne,2023,10,Oct,93,2023-10-01,Mammal,636,24,4597,0.13835109854252772,13.835
Melbourne,2023,11,Nov,94,2023-11-01,Mammal,497,29,4597,0.10811398738307591,10.811
Melbourne,2023,12,Dec,95,2023-12-01,Mammal,373,25,4597,0.08113987383075918,8.114
Melbourne,2024,1,Jan,96,2024-01-01,Mammal,335,27,6507,0.05148301828799754,5.148
Melbourne,2024,2,Feb,97,2024-02-01,Mammal,502,34,6507,0.07714768710619332,7.715
Melbourne,2024,3,Mar,98,2024-03-01,Mammal,482,30,6507,0.07407407407407407,7.407
Melbourne,2024,4,Apr,99,2024-04-01,Mammal,530,28,6507,0.08145074535116029,8.145
Melbourne,2024,5,May,100,2024-05-01,Mammal,526,27,6507,0.08083602274473643,8.084
Melbourne,2024,6,Jun,101,2024-06-01,Mammal,602,31,6507,0.09251575226678961,9.252
Melbourne,2024,7,Jul,102,2024-07-01,Mammal,489,24,6507,0.07514983863531581,7.515
Melbourne,2024,8,Aug,103,2024-08-01,Mammal,494,26,6507,0.07591824189334563,7.592
Melbourne,2024,9,Sep,104,2024-09-01,Mammal,670,27,6507,0.10296603657599508,10.297
Melbourne,2024,10,Oct,105,2024-10-01,Mammal,550,25,6507,0.08452435838327954,8.452
Melbourne,2024,11,Nov,106,2024-11-01,Mammal,953,22,6507,0.14645766098048255,14.646
Melbourne,2024,12,Dec,107,2024-12-01,Mammal,374,21,6507,0.05747656370063009,5.748
Melbourne,2025,1,Jan,108,2025-01-01,Mammal,391,26,6155,0.06352558895207149,6.353
Melbourne,2025,2,Feb,109,2025-02-01,Mammal,769,32,6155,0.12493907392363932,12.494
Melbourne,2025,3,Mar,110,2025-03-01,Mammal,542,26,6155,0.08805848903330625,8.806
Melbourne,2025,4,Apr,111,2025-04-01,Mammal,609,27,6155,0.09894394800974818,9.894
Melbourne,2025,5,May,112,2025-05-01,Mammal,556,25,6155,0.09033306255077173,9.033
Melbourne,2025,6,Jun,113,2025-06-01,Mammal,424,23,6155,0.06888708367181154,6.889
Melbourne,2025,7,Jul,114,2025-07-01,Mammal,394,27,6155,0.06401299756295695,6.401
Melbourne,2025,8,Aug,115,2025-08-01,Mammal,501,28,6155,0.08139723801787165,8.14
Melbourne,2025,9,Sep,116,2025-09-01,Mammal,528,29,6155,0.08578391551584078,8.578
Melbourne,2025,10,Oct,117,2025-10-01,Mammal,493,29,6155,0.0800974817221771,8.01
Melbourne,2025,11,Nov,118,2025-11-01,Mammal,474,26,6155,0.07701056051990252,7.701
Melbourne,2025,12,Dec,119,2025-12-01,Mammal,474,26,6155,0.07701056051990252,7.701
Melbourne,2016,1,Jan,0,2016-01-01,Reptile,32,8,264,0.12121212121212122,12.121
Melbourne,2016,2,Feb,1,2016-02-01,Reptile,27,7,264,0.10227272727272728,10.227
Melbourne,2016,3,Mar,2,2016-03-01,Reptile,20,10,264,0.07575757575757576,7.576
Melbourne,2016,4,Apr,3,2016-04-01,Reptile,9,8,264,0.03409090909090909,3.409
Melbourne,2016,5,May,4,2016-05-01,Reptile,3,3,264,0.011363636363636364,1.136
Melbourne,2016,6,Jun,5,2016-06-01,Reptile,4,3,264,0.015151515151515152,1.515
Melbourne,2016,7,Jul,6,2016-07-01,Reptile,30,5,264,0.11363636363636363,11.364
Melbourne,2016,8,Aug,7,2016-08-01,Reptile,5,4,264,0.01893939393939394,1.894
Melbourne,2016,9,Sep,8,2016-09-01,Reptile,16,10,264,0.06060606060606061,6.061
Melbourne,2016,10,Oct,9,2016-10-01,Reptile,28,10,264,0.10606060606060606,10.606
Melbourne,2016,11,Nov,10,2016-11-01,Reptile,54,19,264,0.20454545454545456,20.455
Melbourne,2016,12,Dec,11,2016-12-01,Reptile,36,12,264,0.13636363636363635,13.636
Melbourne,2017,1,Jan,12,2017-01-01,Reptile,54,13,331,0.16314199395770393,16.314
Melbourne,2017,2,Feb,13,2017-02-01,Reptile,22,8,331,0.06646525679758308,6.647
Melbourne,2017,3,Mar,14,2017-03-01,Reptile,26,11,331,0.07854984894259819,7.855
Melbourne,2017,4,Apr,15,2017-04-01,Reptile,15,6,331,0.045317220543806644,4.532
Melbourne,2017,5,May,16,2017-05-01,Reptile,5,4,331,0.015105740181268883,1.511
Melbourne,2017,6,Jun,17,2017-06-01,Reptile,6,3,331,0.01812688821752266,1.813
Melbourne,2017,7,Jul,18,2017-07-01,Reptile,21,7,331,0.0634441087613293,6.344
Melbourne,2017,8,Aug,19,2017-08-01,Reptile,8,4,331,0.02416918429003021,2.417
Melbourne,2017,9,Sep,20,2017-09-01,Reptile,29,10,331,0.08761329305135952,8.761
Melbourne,2017,10,Oct,21,2017-10-01,Reptile,67,15,331,0.20241691842900303,20.242
Melbourne,2017,11,Nov,22,2017-11-01,Reptile,42,12,331,0.1268882175226586,12.689
Melbourne,2017,12,Dec,23,2017-12-01,Reptile,36,11,331,0.10876132930513595,10.876
Melbourne,2018,1,Jan,24,2018-01-01,Reptile,49,15,409,0.1198044009779951,11.98
Melbourne,2018,2,Feb,25,2018-02-01,Reptile,43,15,409,0.10513447432762836,10.513
Melbourne,2018,3,Mar,26,2018-03-01,Reptile,30,16,409,0.07334963325183375,7.335
Melbourne,2018,4,Apr,27,2018-04-01,Reptile,26,8,409,0.06356968215158924,6.357
Melbourne,2018,5,May,28,2018-05-01,Reptile,8,7,409,0.019559902200488997,1.956
Melbourne,2018,6,Jun,29,2018-06-01,Reptile,5,3,409,0.012224938875305624,1.222
Melbourne,2018,7,Jul,30,2018-07-01,Reptile,2,2,409,0.004889975550122249,0.489
Melbourne,2018,8,Aug,31,2018-08-01,Reptile,12,9,409,0.029339853300733496,2.934
Melbourne,2018,9,Sep,32,2018-09-01,Reptile,34,14,409,0.08312958435207823,8.313
Melbourne,2018,10,Oct,33,2018-10-01,Reptile,44,15,409,0.10757946210268948,10.758
Melbourne,2018,11,Nov,34,2018-11-01,Reptile,92,18,409,0.22493887530562348,22.494
Melbourne,2018,12,Dec,35,2018-12-01,Reptile,64,15,409,0.15647921760391198,15.648
Melbourne,2019,1,Jan,36,2019-01-01,Reptile,71,12,776,0.09149484536082474,9.149
Melbourne,2019,2,Feb,37,2019-02-01,Reptile,35,14,776,0.045103092783505154,4.51
Melbourne,2019,3,Mar,38,2019-03-01,Reptile,95,20,776,0.12242268041237113,12.242
Melbourne,2019,4,Apr,39,2019-04-01,Reptile,49,12,776,0.06314432989690721,6.314
Melbourne,2019,5,May,40,2019-05-01,Reptile,16,5,776,0.020618556701030927,2.062
Melbourne,2019,6,Jun,41,2019-06-01,Reptile,13,6,776,0.01675257731958763,1.675
Melbourne,2019,7,Jul,42,2019-07-01,Reptile,10,6,776,0.01288659793814433,1.289
Melbourne,2019,8,Aug,43,2019-08-01,Reptile,137,11,776,0.17654639175257733,17.655
Melbourne,2019,9,Sep,44,2019-09-01,Reptile,63,12,776,0.08118556701030928,8.119
Melbourne,2019,10,Oct,45,2019-10-01,Reptile,98,19,776,0.12628865979381443,12.629
Melbourne,2019,11,Nov,46,2019-11-01,Reptile,128,21,776,0.16494845360824742,16.495
Melbourne,2019,12,Dec,47,2019-12-01,Reptile,61,14,776,0.07860824742268041,7.861
Melbourne,2020,1,Jan,48,2020-01-01,Reptile,66,14,1024,0.064453125,6.445
Melbourne,2020,2,Feb,49,2020-02-01,Reptile,56,15,1024,0.0546875,5.469
Melbourne,2020,3,Mar,50,2020-03-01,Reptile,80,21,1024,0.078125,7.812
Melbourne,2020,4,Apr,51,2020-04-01,Reptile,55,15,1024,0.0537109375,5.371
Melbourne,2020,5,May,52,2020-05-01,Reptile,37,10,1024,0.0361328125,3.613
Melbourne,2020,6,Jun,53,2020-06-01,Reptile,10,7,1024,0.009765625,0.977
Melbourne,2020,7,Jul,54,2020-07-01,Reptile,16,9,1024,0.015625,1.562
Melbourne,2020,8,Aug,55,2020-08-01,Reptile,35,13,1024,0.0341796875,3.418
Melbourne,2020,9,Sep,56,2020-09-01,Reptile,90,18,1024,0.087890625,8.789
Melbourne,2020,10,Oct,57,2020-10-01,Reptile,275,20,1024,0.2685546875,26.855
Melbourne,2020,11,Nov,58,2020-11-01,Reptile,202,20,1024,0.197265625,19.727
Melbourne,2020,12,Dec,59,2020-12-01,Reptile,102,20,1024,0.099609375,9.961
Melbourne,2021,1,Jan,60,2021-01-01,Reptile,75,20,1214,0.06177924217462932,6.178
Melbourne,2021,2,Feb,61,2021-02-01,Reptile,74,17,1214,0.060955518945634266,6.096
Melbourne,2021,3,Mar,62,2021-03-01,Reptile,98,23,1214,0.08072487644151564,8.072
Melbourne,2021,4,Apr,63,2021-04-01,Reptile,49,12,1214,0.04036243822075782,4.036
Melbourne,2021,5,May,64,2021-05-01,Reptile,48,17,1214,0.039538714991762765,3.954
Melbourne,2021,6,Jun,65,2021-06-01,Reptile,14,6,1214,0.011532125205930808,1.153
Melbourne,2021,7,Jul,66,2021-07-01,Reptile,29,12,1214,0.023887973640856673,2.389
Melbourne,2021,8,Aug,67,2021-08-01,Reptile,59,17,1214,0.048599670510708404,4.86
Melbourne,2021,9,Sep,68,2021-09-01,Reptile,180,25,1214,0.14827018121911037,14.827
Melbourne,2021,10,Oct,69,2021-10-01,Reptile,236,23,1214,0.19439868204283361,19.44
Melbourne,2021,11,Nov,70,2021-11-01,Reptile,188,24,1214,0.15485996705107083,15.486
Melbourne,2021,12,Dec,71,2021-12-01,Reptile,164,17,1214,0.13509060955518945,13.509
Melbourne,2022,1,Jan,72,2022-01-01,Reptile,117,20,1385,0.08447653429602887,8.448
Melbourne,2022,2,Feb,73,2022-02-01,Reptile,94,18,1385,0.06787003610108304,6.787
Melbourne,2022,3,Mar,74,2022-03-01,Reptile,95,23,1385,0.06859205776173286,6.859
Melbourne,2022,4,Apr,75,2022-04-01,Reptile,82,18,1385,0.0592057761732852,5.921
Melbourne,2022,5,May,76,2022-05-01,Reptile,45,16,1385,0.032490974729241874,3.249
Melbourne,2022,6,Jun,77,2022-06-01,Reptile,19,7,1385,0.013718411552346571,1.372
Melbourne,2022,7,Jul,78,2022-07-01,Reptile,23,12,1385,0.01660649819494585,1.661
Melbourne,2022,8,Aug,79,2022-08-01,Reptile,54,19,1385,0.03898916967509025,3.899
Melbourne,2022,9,Sep,80,2022-09-01,Reptile,120,24,1385,0.08664259927797834,8.664
Melbourne,2022,10,Oct,81,2022-10-01,Reptile,240,23,1385,0.17328519855595667,17.329
Melbourne,2022,11,Nov,82,2022-11-01,Reptile,263,23,1385,0.18989169675090253,18.989
Melbourne,2022,12,Dec,83,2022-12-01,Reptile,233,25,1385,0.16823104693140795,16.823
Melbourne,2023,1,Jan,84,2023-01-01,Reptile,152,18,1728,0.08796296296296297,8.796
Melbourne,2023,2,Feb,85,2023-02-01,Reptile,123,19,1728,0.07118055555555555,7.118
Melbourne,2023,3,Mar,86,2023-03-01,Reptile,166,25,1728,0.09606481481481481,9.606
Melbourne,2023,4,Apr,87,2023-04-01,Reptile,173,22,1728,0.10011574074074074,10.012
Melbourne,2023,5,May,88,2023-05-01,Reptile,69,18,1728,0.03993055555555555,3.993
Melbourne,2023,6,Jun,89,2023-06-01,Reptile,44,13,1728,0.02546296296296296,2.546
Melbourne,2023,7,Jul,90,2023-07-01,Reptile,28,12,1728,0.016203703703703703,1.62
Melbourne,2023,8,Aug,91,2023-08-01,Reptile,61,21,1728,0.03530092592592592,3.53
Melbourne,2023,9,Sep,92,2023-09-01,Reptile,145,23,1728,0.08391203703703703,8.391
Melbourne,2023,10,Oct,93,2023-10-01,Reptile,227,26,1728,0.13136574074074073,13.137
Melbourne,2023,11,Nov,94,2023-11-01,Reptile,319,23,1728,0.18460648148148148,18.461
Melbourne,2023,12,Dec,95,2023-12-01,Reptile,221,21,1728,0.12789351851851852,12.789
Melbourne,2024,1,Jan,96,2024-01-01,Reptile,229,26,2125,0.10776470588235294,10.776
Melbourne,2024,2,Feb,97,2024-02-01,Reptile,161,18,2125,0.07576470588235294,7.576
Melbourne,2024,3,Mar,98,2024-03-01,Reptile,166,22,2125,0.07811764705882353,7.812
Melbourne,2024,4,Apr,99,2024-04-01,Reptile,180,21,2125,0.08470588235294117,8.471
Melbourne,2024,5,May,100,2024-05-01,Reptile,70,17,2125,0.03294117647058824,3.294
Melbourne,2024,6,Jun,101,2024-06-01,Reptile,47,15,2125,0.02211764705882353,2.212
Melbourne,2024,7,Jul,102,2024-07-01,Reptile,37,11,2125,0.017411764705882352,1.741
Melbourne,2024,8,Aug,103,2024-08-01,Reptile,125,26,2125,0.058823529411764705,5.882
Melbourne,2024,9,Sep,104,2024-09-01,Reptile,244,24,2125,0.1148235294117647,11.482
Melbourne,2024,10,Oct,105,2024-10-01,Reptile,334,24,2125,0.1571764705882353,15.718
Melbourne,2024,11,Nov,106,2024-11-01,Reptile,292,21,2125,0.13741176470588234,13.741
Melbourne,2024,12,Dec,107,2024-12-01,Reptile,240,19,2125,0.11294117647058824,11.294
Melbourne,2025,1,Jan,108,2025-01-01,Reptile,182,22,2162,0.0841813135985199,8.418
Melbourne,2025,2,Feb,109,2025-02-01,Reptile,179,22,2162,0.08279370952821462,8.279
Melbourne,2025,3,Mar,110,2025-03-01,Reptile,181,23,2162,0.08371877890841813,8.372
Melbourne,2025,4,Apr,111,2025-04-01,Reptile,170,18,2162,0.0786308973172988,7.863
Melbourne,2025,5,May,112,2025-05-01,Reptile,81,19,2162,0.03746530989824237,3.747
Melbourne,2025,6,Jun,113,2025-06-01,Reptile,65,18,2162,0.030064754856614247,3.006
Melbourne,2025,7,Jul,114,2025-07-01,Reptile,49,15,2162,0.022664199814986123,2.266
Melbourne,2025,8,Aug,115,2025-08-01,Reptile,86,21,2162,0.039777983348751156,3.978
Melbourne,2025,9,Sep,116,2025-09-01,Reptile,155,24,2162,0.07169287696577244,7.169
Melbourne,2025,10,Oct,117,2025-10-01,Reptile,375,25,2162,0.17345050878815912,17.345
Melbourne,2025,11,Nov,118,2025-11-01,Reptile,301,22,2162,0.13922294172062905,13.922
Melbourne,2025,12,Dec,119,2025-12-01,Reptile,338,29,2162,0.15633672525439407,15.634
Melbourne,2016,1,Jan,0,2016-01-01,Insect,569,151,7825,0.07271565495207667,7.272
Melbourne,2016,2,Feb,1,2016-02-01,Insect,310,103,7825,0.03961661341853035,3.962
Melbourne,2016,3,Mar,2,2016-03-01,Insect,989,190,7825,0.12638977635782747,12.639
Melbourne,2016,4,Apr,3,2016-04-01,Insect,108,47,7825,0.013801916932907348,1.38
Melbourne,2016,5,May,4,2016-05-01,Insect,102,24,7825,0.013035143769968052,1.304
Melbourne,2016,6,Jun,5,2016-06-01,Insect,37,15,7825,0.004728434504792332,0.473
Melbourne,2016,7,Jul,6,2016-07-01,Insect,21,6,7825,0.00268370607028754,0.268
Melbourne,2016,8,Aug,7,2016-08-01,Insect,61,12,7825,0.007795527156549521,0.78
Melbourne,2016,9,Sep,8,2016-09-01,Insect,138,37,7825,0.017635782747603832,1.764
Melbourne,2016,10,Oct,9,2016-10-01,Insect,765,143,7825,0.09776357827476038,9.776
Melbourne,2016,11,Nov,10,2016-11-01,Insect,1020,240,7825,0.13035143769968052,13.035
Melbourne,2016,12,Dec,11,2016-12-01,Insect,3705,237,7825,0.47348242811501595,47.348
Melbourne,2017,1,Jan,12,2017-01-01,Insect,1556,257,7412,0.20992984349703184,20.993
Melbourne,2017,2,Feb,13,2017-02-01,Insect,381,110,7412,0.05140313005936319,5.14
Melbourne,2017,3,Mar,14,2017-03-01,Insect,532,143,7412,0.07177549919050188,7.178
Melbourne,2017,4,Apr,15,2017-04-01,Insect,444,107,7412,0.05990286022665947,5.99
Melbourne,2017,5,May,16,2017-05-01,Insect,321,78,7412,0.043308148947652454,4.331
Melbourne,2017,6,Jun,17,2017-06-01,Insect,214,36,7412,0.02887209929843497,2.887
Melbourne,2017,7,Jul,18,2017-07-01,Insect,123,32,7412,0.016594711279007017,1.659
Melbourne,2017,8,Aug,19,2017-08-01,Insect,104,36,7412,0.014031300593631947,1.403
Melbourne,2017,9,Sep,20,2017-09-01,Insect,269,60,7412,0.03629249865083648,3.629
Melbourne,2017,10,Oct,21,2017-10-01,Insect,527,116,7412,0.07110091743119266,7.11
Melbourne,2017,11,Nov,22,2017-11-01,Insect,1519,334,7412,0.20493793847814354,20.494
Melbourne,2017,12,Dec,23,2017-12-01,Insect,1422,301,7412,0.19185105234754452,19.185
Melbourne,2018,1,Jan,24,2018-01-01,Insect,1103,239,6907,0.15969306500651512,15.969
Melbourne,2018,2,Feb,25,2018-02-01,Insect,618,162,6907,0.08947444621398581,8.947
Melbourne,2018,3,Mar,26,2018-03-01,Insect,479,154,6907,0.06934993484870422,6.935
Melbourne,2018,4,Apr,27,2018-04-01,Insect,421,106,6907,0.06095265672506153,6.095
Melbourne,2018,5,May,28,2018-05-01,Insect,197,50,6907,0.02852178948892428,2.852
Melbourne,2018,6,Jun,29,2018-06-01,Insect,121,35,6907,0.017518459533806284,1.752
Melbourne,2018,7,Jul,30,2018-07-01,Insect,82,25,6907,0.011872013898943101,1.187
Melbourne,2018,8,Aug,31,2018-08-01,Insect,133,29,6907,0.019255827421456494,1.926
Melbourne,2018,9,Sep,32,2018-09-01,Insect,398,76,6907,0.0576227016070653,5.762
Melbourne,2018,10,Oct,33,2018-10-01,Insect,613,149,6907,0.08875054292746488,8.875
Melbourne,2018,11,Nov,34,2018-11-01,Insect,910,223,6907,0.13175039814680758,13.175
Melbourne,2018,12,Dec,35,2018-12-01,Insect,1832,324,6907,0.2652381641812654,26.524
Melbourne,2019,1,Jan,36,2019-01-01,Insect,834,205,8758,0.09522722082667276,9.523
Melbourne,2019,2,Feb,37,2019-02-01,Insect,628,190,8758,0.07170586891984472,7.171
Melbourne,2019,3,Mar,38,2019-03-01,Insect,921,241,8758,0.10516099566110984,10.516
Melbourne,2019,4,Apr,39,2019-04-01,Insect,742,172,8758,0.08472253939255538,8.472
Melbourne,2019,5,May,40,2019-05-01,Insect,375,116,8758,0.04281799497602192,4.282
Melbourne,2019,6,Jun,41,2019-06-01,Insect,140,62,8758,0.015985384791048184,1.599
Melbourne,2019,7,Jul,42,2019-07-01,Insect,94,34,8758,0.010733044073989496,1.073
Melbourne,2019,8,Aug,43,2019-08-01,Insect,143,50,8758,0.016327928750856358,1.633
Melbourne,2019,9,Sep,44,2019-09-01,Insect,401,125,8758,0.04578670929435944,4.579
Melbourne,2019,10,Oct,45,2019-10-01,Insect,1202,303,8758,0.13724594656314226,13.725
Melbourne,2019,11,Nov,46,2019-11-01,Insect,1654,394,8758,0.1888559031742407,18.886
Melbourne,2019,12,Dec,47,2019-12-01,Insect,1624,363,8758,0.18543046357615894,18.543
Melbourne,2020,1,Jan,48,2020-01-01,Insect,1007,275,19396,0.05191792122087028,5.192
Melbourne,2020,2,Feb,49,2020-02-01,Insect,1179,313,19396,0.06078572901629202,6.079
Melbourne,2020,3,Mar,50,2020-03-01,Insect,1453,333,19396,0.07491235306248711,7.491
Melbourne,2020,4,Apr,51,2020-04-01,Insect,1337,303,19396,0.06893173850278408,6.893
Melbourne,2020,5,May,52,2020-05-01,Insect,687,158,19396,0.03541967415962054,3.542
Melbourne,2020,6,Jun,53,2020-06-01,Insect,401,108,19396,0.020674365848628584,2.067
Melbourne,2020,7,Jul,54,2020-07-01,Insect,508,91,19396,0.026190967209733965,2.619
Melbourne,2020,8,Aug,55,2020-08-01,Insect,712,119,19396,0.036708599711280675,3.671
Melbourne,2020,9,Sep,56,2020-09-01,Insect,2238,322,19396,0.11538461538461539,11.538
Melbourne,2020,10,Oct,57,2020-10-01,Insect,4440,569,19396,0.22891317797484018,22.891
Melbourne,2020,11,Nov,58,2020-11-01,Insect,3145,509,19396,0.1621468343988451,16.215
Melbourne,2020,12,Dec,59,2020-12-01,Insect,2289,472,19396,0.11801402351000206,11.801
Melbourne,2021,1,Jan,60,2021-01-01,Insect,2176,441,30379,0.07162842753217684,7.163
Melbourne,2021,2,Feb,61,2021-02-01,Insect,2370,469,30379,0.07801441785443892,7.801
Melbourne,2021,3,Mar,62,2021-03-01,Insect,2895,496,30379,0.0952960926956121,9.53
Melbourne,2021,4,Apr,63,2021-04-01,Insect,1567,327,30379,0.05158168471641594,5.158
Melbourne,2021,5,May,64,2021-05-01,Insect,2053,303,30379,0.06757957799795912,6.758
Melbourne,2021,6,Jun,65,2021-06-01,Insect,578,129,30379,0.019026301063234472,1.903
Melbourne,2021,7,Jul,66,2021-07-01,Insect,419,115,30379,0.013792422397050594,1.379
Melbourne,2021,8,Aug,67,2021-08-01,Insect,1366,236,30379,0.04496527206293821,4.497
Melbourne,2021,9,Sep,68,2021-09-01,Insect,3963,482,30379,0.13045195694394154,13.045
Melbourne,2021,10,Oct,69,2021-10-01,Insect,5514,687,30379,0.1815069620461503,18.151
Melbourne,2021,11,Nov,70,2021-11-01,Insect,4019,626,30379,0.13229533559366669,13.23
Melbourne,2021,12,Dec,71,2021-12-01,Insect,3459,573,30379,0.11386154909641528,11.386
Melbourne,2022,1,Jan,72,2022-01-01,Insect,4484,647,42603,0.10525080393399526,10.525
Melbourne,2022,2,Feb,73,2022-02-01,Insect,4159,620,42603,0.09762223317606741,9.762
Melbourne,2022,3,Mar,74,2022-03-01,Insect,4371,609,42603,0.10259840856277727,10.26
Melbourne,2022,4,Apr,75,2022-04-01,Insect,3467,535,42603,0.08137924559303336,8.138
Melbourne,2022,5,May,76,2022-05-01,Insect,1622,321,42603,0.0380724362134122,3.807
Melbourne,2022,6,Jun,77,2022-06-01,Insect,536,154,42603,0.012581273619228693,1.258
Melbourne,2022,7,Jul,78,2022-07-01,Insect,583,141,42603,0.013684482313452104,1.368
Melbourne,2022,8,Aug,79,2022-08-01,Insect,1374,250,42603,0.03225124991197803,3.225
Melbourne,2022,9,Sep,80,2022-09-01,Insect,3575,471,42603,0.0839142783372063,8.391
Melbourne,2022,10,Oct,81,2022-10-01,Insect,4197,591,42603,0.09851418914160974,9.851
Melbourne,2022,11,Nov,82,2022-11-01,Insect,5227,685,42603,0.12269089031288877,12.269
Melbourne,2022,12,Dec,83,2022-12-01,Insect,9008,903,42603,0.21144050888435087,21.144
Melbourne,2023,1,Jan,84,2023-01-01,Insect,7333,846,67575,0.1085164631890492,10.852
Melbourne,2023,2,Feb,85,2023-02-01,Insect,6062,761,67575,0.08970773214946356,8.971
Melbourne,2023,3,Mar,86,2023-03-01,Insect,7497,806,67575,0.1109433962264151,11.094
Melbourne,2023,4,Apr,87,2023-04-01,Insect,5981,702,67575,0.08850906400295967,8.851
Melbourne,2023,5,May,88,2023-05-01,Insect,2316,363,67575,0.034273029966703665,3.427
Melbourne,2023,6,Jun,89,2023-06-01,Insect,1464,241,67575,0.021664816870144283,2.166
Melbourne,2023,7,Jul,90,2023-07-01,Insect,1267,194,67575,0.018749537550869406,1.875
Melbourne,2023,8,Aug,91,2023-08-01,Insect,1932,329,67575,0.028590455049944508,2.859
Melbourne,2023,9,Sep,92,2023-09-01,Insect,7277,720,67575,0.10768775434702182,10.769
Melbourne,2023,10,Oct,93,2023-10-01,Insect,7138,738,67575,0.10563078061413245,10.563
Melbourne,2023,11,Nov,94,2023-11-01,Insect,9740,892,67575,0.14413614502404737,14.414
Melbourne,2023,12,Dec,95,2023-12-01,Insect,9568,936,67575,0.141590825009249,14.159
Melbourne,2024,1,Jan,96,2024-01-01,Insect,8992,905,72646,0.12377832227514247,12.378
Melbourne,2024,2,Feb,97,2024-02-01,Insect,7945,847,72646,0.10936596646752746,10.937
Melbourne,2024,3,Mar,98,2024-03-01,Insect,8580,894,72646,0.11810698455524048,11.811
Melbourne,2024,4,Apr,99,2024-04-01,Insect,5320,620,72646,0.07323183657737521,7.323
Melbourne,2024,5,May,100,2024-05-01,Insect,2482,392,72646,0.0341656801475649,3.417
Melbourne,2024,6,Jun,101,2024-06-01,Insect,1272,233,72646,0.01750956694105663,1.751
Melbourne,2024,7,Jul,102,2024-07-01,Insect,878,169,72646,0.01208600611182997,1.209
Melbourne,2024,8,Aug,103,2024-08-01,Insect,2255,326,72646,0.031040938248492692,3.104
Melbourne,2024,9,Sep,104,2024-09-01,Insect,8293,718,72646,0.1141563196872505,11.416
Melbourne,2024,10,Oct,105,2024-10-01,Insect,8840,829,72646,0.12168598408721747,12.169
Melbourne,2024,11,Nov,106,2024-11-01,Insect,9129,928,72646,0.12566417972083804,12.566
Melbourne,2024,12,Dec,107,2024-12-01,Insect,8660,912,72646,0.11920821518046416,11.921
Melbourne,2025,1,Jan,108,2025-01-01,Insect,7361,842,75676,0.09726994027168455,9.727
Melbourne,2025,2,Feb,109,2025-02-01,Insect,6706,770,75676,0.08861462022305619,8.861
Melbourne,2025,3,Mar,110,2025-03-01,Insect,7197,789,75676,0.09510280670225699,9.51
Melbourne,2025,4,Apr,111,2025-04-01,Insect,6706,640,75676,0.08861462022305619,8.861
Melbourne,2025,5,May,112,2025-05-01,Insect,2535,387,75676,0.03349807072255405,3.35
Melbourne,2025,6,Jun,113,2025-06-01,Insect,1141,240,75676,0.01507743538241979,1.508
Melbourne,2025,7,Jul,114,2025-07-01,Insect,1025,219,75676,0.013544584808922247,1.354
Melbourne,2025,8,Aug,115,2025-08-01,Insect,2119,316,75676,0.028000951424493895,2.8
Melbourne,2025,9,Sep,116,2025-09-01,Insect,5852,610,75676,0.07732966858713462,7.733
Melbourne,2025,10,Oct,117,2025-10-01,Insect,11464,879,75676,0.15148792219461918,15.149
Melbourne,2025,11,Nov,118,2025-11-01,Insect,11908,986,75676,0.15735503990697183,15.736
Melbourne,2025,12,Dec,119,2025-12-01,Insect,11662,1057,75676,0.15410433955283048,15.41
Brisbane,2016,1,Jan,0,2016-01-01,Bird,19948,225,164585,0.12120181061457605,12.12
Brisbane,2016,2,Feb,1,2016-02-01,Bird,12564,223,164585,0.0763374548105842,7.634
Brisbane,2016,3,Mar,2,2016-03-01,Bird,10091,214,164585,0.06131178418446395,6.131
Brisbane,2016,4,Apr,3,2016-04-01,Bird,10753,221,164585,0.0653340219339551,6.533
Brisbane,2016,5,May,4,2016-05-01,Bird,12332,214,164585,0.07492784883191056,7.493
Brisbane,2016,6,Jun,5,2016-06-01,Bird,9435,198,164585,0.05732600176200747,5.733
Brisbane,2016,7,Jul,6,2016-07-01,Bird,15874,220,164585,0.09644864355803992,9.645
Brisbane,2016,8,Aug,7,2016-08-01,Bird,15387,219,164585,0.0934896861803931,9.349
Brisbane,2016,9,Sep,8,2016-09-01,Bird,16115,228,164585,0.09791293252726554,9.791
Brisbane,2016,10,Oct,9,2016-10-01,Bird,15304,218,164585,0.09298538748974694,9.299
Brisbane,2016,11,Nov,10,2016-11-01,Bird,12987,225,164585,0.07890755536652794,7.891
Brisbane,2016,12,Dec,11,2016-12-01,Bird,13795,219,164585,0.08381687274052921,8.382
Brisbane,2017,1,Jan,12,2017-01-01,Bird,23461,239,210579,0.11141186917973778,11.141
Brisbane,2017,2,Feb,13,2017-02-01,Bird,14255,221,210579,0.06769430949904787,6.769
Brisbane,2017,3,Mar,14,2017-03-01,Bird,16338,234,210579,0.07758608408245836,7.759
Brisbane,2017,4,Apr,15,2017-04-01,Bird,17472,228,210579,0.08297123644807887,8.297
Brisbane,2017,5,May,16,2017-05-01,Bird,15765,215,210579,0.07486501502998874,7.487
Brisbane,2017,6,Jun,17,2017-06-01,Bird,15214,202,210579,0.07224841983293681,7.225
Brisbane,2017,7,Jul,18,2017-07-01,Bird,15364,215,210579,0.072960741574421,7.296
Brisbane,2017,8,Aug,19,2017-08-01,Bird,18309,223,210579,0.08694599176556067,8.695
Brisbane,2017,9,Sep,20,2017-09-01,Bird,23296,240,210579,0.11062831526410516,11.063
Brisbane,2017,10,Oct,21,2017-10-01,Bird,19156,236,210579,0.09096823519914142,9.097
Brisbane,2017,11,Nov,22,2017-11-01,Bird,16164,228,210579,0.0767597908623367,7.676
Brisbane,2017,12,Dec,23,2017-12-01,Bird,15785,227,210579,0.07495999126218664,7.496
Brisbane,2018,1,Jan,24,2018-01-01,Bird,27503,232,293114,0.09383038681195713,9.383
Brisbane,2018,2,Feb,25,2018-02-01,Bird,19021,236,293114,0.06489284032833642,6.489
Brisbane,2018,3,Mar,26,2018-03-01,Bird,20768,234,293114,0.07085297870453135,7.085
Brisbane,2018,4,Apr,27,2018-04-01,Bird,21837,236,293114,0.07450002388149321,7.45
Brisbane,2018,5,May,28,2018-05-01,Bird,23644,230,293114,0.0806648607708946,8.066
Brisbane,2018,6,Jun,29,2018-06-01,Bird,22974,228,293114,0.07837906070675574,7.838
Brisbane,2018,7,Jul,30,2018-07-01,Bird,24954,241,293114,0.08513411164256911,8.513
Brisbane,2018,8,Aug,31,2018-08-01,Bird,25250,234,293114,0.08614395764105433,8.614
Brisbane,2018,9,Sep,32,2018-09-01,Bird,24678,243,293114,0.08419249848181937,8.419
Brisbane,2018,10,Oct,33,2018-10-01,Bird,28086,244,293114,0.09581937403194661,9.582
Brisbane,2018,11,Nov,34,2018-11-01,Bird,23677,250,293114,0.08077744495315815,8.078
Brisbane,2018,12,Dec,35,2018-12-01,Bird,30722,243,293114,0.10481246204548401,10.481
Brisbane,2019,1,Jan,36,2019-01-01,Bird,39776,249,368122,0.10805113522147548,10.805
Brisbane,2019,2,Feb,37,2019-02-01,Bird,25068,228,368122,0.06809698958497455,6.81
Brisbane,2019,3,Mar,38,2019-03-01,Bird,26035,242,368122,0.07072383611954733,7.072
Brisbane,2019,4,Apr,39,2019-04-01,Bird,25803,235,368122,0.07009361027050814,7.009
Brisbane,2019,5,May,40,2019-05-01,Bird,22801,228,368122,0.06193870510319948,6.194
Brisbane,2019,6,Jun,41,2019-06-01,Bird,26473,228,368122,0.07191365905868163,7.191
Brisbane,2019,7,Jul,42,2019-07-01,Bird,26606,225,368122,0.07227495232558771,7.227
Brisbane,2019,8,Aug,43,2019-08-01,Bird,26801,239,368122,0.07280466801766805,7.28
Brisbane,2019,9,Sep,44,2019-09-01,Bird,32802,242,368122,0.08910632888009953,8.911
Brisbane,2019,10,Oct,45,2019-10-01,Bird,40636,256,368122,0.11038731724808623,11.039
Brisbane,2019,11,Nov,46,2019-11-01,Bird,39096,250,368122,0.10620392152601583,10.62
Brisbane,2019,12,Dec,47,2019-12-01,Bird,36225,259,368122,0.09840487664415601,9.84
Brisbane,2020,1,Jan,48,2020-01-01,Bird,38467,252,424281,0.0906639703404112,9.066
Brisbane,2020,2,Feb,49,2020-02-01,Bird,25232,233,424281,0.05947002104737191,5.947
Brisbane,2020,3,Mar,50,2020-03-01,Bird,23310,228,424281,0.054940004383887096,5.494
Brisbane,2020,4,Apr,51,2020-04-01,Bird,33260,234,424281,0.07839144340661024,7.839
Brisbane,2020,5,May,52,2020-05-01,Bird,41033,237,424281,0.09671184898687427,9.671
Brisbane,2020,6,Jun,53,2020-06-01,Bird,33525,231,424281,0.07901602947103453,7.902
Brisbane,2020,7,Jul,54,2020-07-01,Bird,36568,227,424281,0.08618816303346132,8.619
Brisbane,2020,8,Aug,55,2020-08-01,Bird,37942,238,424281,0.0894265828542876,8.943
Brisbane,2020,9,Sep,56,2020-09-01,Bird,44049,238,424281,0.10382034547858612,10.382
Brisbane,2020,10,Oct,57,2020-10-01,Bird,46113,241,424281,0.10868504599546056,10.869
Brisbane,2020,11,Nov,58,2020-11-01,Bird,33327,228,424281,0.07854935761912506,7.855
Brisbane,2020,12,Dec,59,2020-12-01,Bird,31455,240,424281,0.07413718738289012,7.414
Brisbane,2021,1,Jan,60,2021-01-01,Bird,46940,238,422070,0.11121377970478831,11.121
Brisbane,2021,2,Feb,61,2021-02-01,Bird,33318,235,422070,0.07893951240315587,7.894
Brisbane,2021,3,Mar,62,2021-03-01,Bird,30251,233,422070,0.07167294524604924,7.167
Brisbane,2021,4,Apr,63,2021-04-01,Bird,33646,239,422070,0.07971663468145095,7.972
Brisbane,2021,5,May,64,2021-05-01,Bird,32309,232,422070,0.07654891368730306,7.655
Brisbane,2021,6,Jun,65,2021-06-01,Bird,31183,224,422070,0.07388110976852182,7.388
Brisbane,2021,7,Jul,66,2021-07-01,Bird,32840,227,422070,0.07780699883905513,7.781
Brisbane,2021,8,Aug,67,2021-08-01,Bird,38517,235,422070,0.09125737436918047,9.126
Brisbane,2021,9,Sep,68,2021-09-01,Bird,37603,240,422070,0.08909185680100458,8.909
Brisbane,2021,10,Oct,69,2021-10-01,Bird,46058,257,422070,0.10912407894425095,10.912
Brisbane,2021,11,Nov,70,2021-11-01,Bird,30444,235,422070,0.0721302153671192,7.213
Brisbane,2021,12,Dec,71,2021-12-01,Bird,28961,236,422070,0.06861658018812046,6.862
Brisbane,2022,1,Jan,72,2022-01-01,Bird,36082,233,376818,0.09575444909744227,9.575
Brisbane,2022,2,Feb,73,2022-02-01,Bird,23923,231,376818,0.0634868822614631,6.349
Brisbane,2022,3,Mar,74,2022-03-01,Bird,24732,230,376818,0.06563380730219893,6.563
Brisbane,2022,4,Apr,75,2022-04-01,Bird,28941,240,376818,0.07680365587631165,7.68
Brisbane,2022,5,May,76,2022-05-01,Bird,28263,229,376818,0.07500437877171473,7.5
Brisbane,2022,6,Jun,77,2022-06-01,Bird,34062,218,376818,0.09039377099820073,9.039
Brisbane,2022,7,Jul,78,2022-07-01,Bird,32627,229,376818,0.08658556650690784,8.659
Brisbane,2022,8,Aug,79,2022-08-01,Bird,36169,235,376818,0.09598532978785515,9.599
Brisbane,2022,9,Sep,80,2022-09-01,Bird,35353,231,376818,0.0938198281398447,9.382
Brisbane,2022,10,Oct,81,2022-10-01,Bird,37225,238,376818,0.09878774368528043,9.879
Brisbane,2022,11,Nov,82,2022-11-01,Bird,26926,228,376818,0.07145624678226624,7.146
Brisbane,2022,12,Dec,83,2022-12-01,Bird,32515,234,376818,0.08628834079051426,8.629
Brisbane,2023,1,Jan,84,2023-01-01,Bird,44485,240,565127,0.07871681940519565,7.872
Brisbane,2023,2,Feb,85,2023-02-01,Bird,31986,234,565127,0.05659966697751125,5.66
Brisbane,2023,3,Mar,86,2023-03-01,Bird,39770,248,565127,0.07037356204888459,7.037
Brisbane,2023,4,Apr,87,2023-04-01,Bird,58027,259,565127,0.10267957467967377,10.268
Brisbane,2023,5,May,88,2023-05-01,Bird,48513,244,565127,0.08584442081160518,8.584
Brisbane,2023,6,Jun,89,2023-06-01,Bird,45086,249,565127,0.07978029717214007,7.978
Brisbane,2023,7,Jul,90,2023-07-01,Bird,42476,243,565127,0.07516186627076746,7.516
Brisbane,2023,8,Aug,91,2023-08-01,Bird,44860,243,565127,0.07938038706343883,7.938
Brisbane,2023,9,Sep,92,2023-09-01,Bird,48302,244,565127,0.08547105340923368,8.547
Brisbane,2023,10,Oct,93,2023-10-01,Bird,56011,257,565127,0.09911223494895838,9.911
Brisbane,2023,11,Nov,94,2023-11-01,Bird,62044,260,565127,0.10978771143477484,10.979
Brisbane,2023,12,Dec,95,2023-12-01,Bird,43567,240,565127,0.07709240577781631,7.709
Brisbane,2024,1,Jan,96,2024-01-01,Bird,37815,232,494666,0.07644552081606579,7.645
Brisbane,2024,2,Feb,97,2024-02-01,Bird,35265,229,494666,0.07129052734572419,7.129
Brisbane,2024,3,Mar,98,2024-03-01,Bird,37558,221,494666,0.07592597833689803,7.593
Brisbane,2024,4,Apr,99,2024-04-01,Bird,34272,230,494666,0.06928311224139116,6.928
Brisbane,2024,5,May,100,2024-05-01,Bird,33941,230,494666,0.06861397387328015,6.861
Brisbane,2024,6,Jun,101,2024-06-01,Bird,46804,236,494666,0.09461737819053664,9.462
Brisbane,2024,7,Jul,102,2024-07-01,Bird,41838,224,494666,0.08457828110280471,8.458
Brisbane,2024,8,Aug,103,2024-08-01,Bird,47861,234,494666,0.09675417352314492,9.675
Brisbane,2024,9,Sep,104,2024-09-01,Bird,47352,237,494666,0.09572519639514339,9.573
Brisbane,2024,10,Oct,105,2024-10-01,Bird,51641,249,494666,0.10439569325565129,10.44
Brisbane,2024,11,Nov,106,2024-11-01,Bird,36408,232,494666,0.0736011773600773,7.36
Brisbane,2024,12,Dec,107,2024-12-01,Bird,43911,228,494666,0.08876898755928242,8.877
Brisbane,2025,1,Jan,108,2025-01-01,Bird,56029,239,424299,0.13205074723249408,13.205
Brisbane,2025,2,Feb,109,2025-02-01,Bird,39246,230,424299,0.09249609355666641,9.25
Brisbane,2025,3,Mar,110,2025-03-01,Bird,43157,265,424299,0.10171365004395486,10.171
Brisbane,2025,4,Apr,111,2025-04-01,Bird,45342,239,424299,0.10686332044148113,10.686
Brisbane,2025,5,May,112,2025-05-01,Bird,41792,223,424299,0.0984965790633492,9.85
Brisbane,2025,6,Jun,113,2025-06-01,Bird,59867,232,424299,0.14109625523510544,14.11
Brisbane,2025,7,Jul,114,2025-07-01,Bird,56577,234,424299,0.13334228928185077,13.334
Brisbane,2025,8,Aug,115,2025-08-01,Bird,64521,246,424299,0.15206493534040852,15.206
Brisbane,2025,9,Sep,116,2025-09-01,Bird,4466,194,424299,0.01052559633654569,1.053
Brisbane,2025,10,Oct,117,2025-10-01,Bird,5074,185,424299,0.01195854809933561,1.196
Brisbane,2025,11,Nov,118,2025-11-01,Bird,4093,182,424299,0.009646499284702533,0.965
Brisbane,2025,12,Dec,119,2025-12-01,Bird,4135,179,424299,0.009745486084105784,0.975
Brisbane,2016,1,Jan,0,2016-01-01,Mammal,104,10,1631,0.06376456161863887,6.376
Brisbane,2016,2,Feb,1,2016-02-01,Mammal,151,12,1631,0.09258123850398528,9.258
Brisbane,2016,3,Mar,2,2016-03-01,Mammal,122,12,1631,0.07480073574494175,7.48
Brisbane,2016,4,Apr,3,2016-04-01,Mammal,76,9,1631,0.04659717964438995,4.66
Brisbane,2016,5,May,4,2016-05-01,Mammal,114,16,1631,0.06989576946658492,6.99
Brisbane,2016,6,Jun,5,2016-06-01,Mammal,117,9,1631,0.07173513182096873,7.174
Brisbane,2016,7,Jul,6,2016-07-01,Mammal,136,13,1631,0.08338442673206621,8.338
Brisbane,2016,8,Aug,7,2016-08-01,Mammal,155,15,1631,0.0950337216431637,9.503
Brisbane,2016,9,Sep,8,2016-09-01,Mammal,130,13,1631,0.07970570202329859,7.971
Brisbane,2016,10,Oct,9,2016-10-01,Mammal,284,12,1631,0.1741263028816677,17.413
Brisbane,2016,11,Nov,10,2016-11-01,Mammal,151,14,1631,0.09258123850398528,9.258
Brisbane,2016,12,Dec,11,2016-12-01,Mammal,91,11,1631,0.055793991416309016,5.579
Brisbane,2017,1,Jan,12,2017-01-01,Mammal,91,14,1597,0.056981840951784594,5.698
Brisbane,2017,2,Feb,13,2017-02-01,Mammal,95,11,1597,0.059486537257357544,5.949
Brisbane,2017,3,Mar,14,2017-03-01,Mammal,103,13,1597,0.06449592986850344,6.45
Brisbane,2017,4,Apr,15,2017-04-01,Mammal,511,9,1597,0.3199749530369443,31.997
Brisbane,2017,5,May,16,2017-05-01,Mammal,60,11,1597,0.03757044458359424,3.757
Brisbane,2017,6,Jun,17,2017-06-01,Mammal,92,12,1597,0.057608015028177834,5.761
Brisbane,2017,7,Jul,18,2017-07-01,Mammal,79,13,1597,0.049467752035065746,4.947
Brisbane,2017,8,Aug,19,2017-08-01,Mammal,209,12,1597,0.1308703819661866,13.087
Brisbane,2017,9,Sep,20,2017-09-01,Mammal,102,15,1597,0.06386975579211021,6.387
Brisbane,2017,10,Oct,21,2017-10-01,Mammal,123,13,1597,0.07701941139636818,7.702
Brisbane,2017,11,Nov,22,2017-11-01,Mammal,77,14,1597,0.048215403882279274,4.822
Brisbane,2017,12,Dec,23,2017-12-01,Mammal,55,11,1597,0.034439574201628055,3.444
Brisbane,2018,1,Jan,24,2018-01-01,Mammal,61,9,1481,0.041188386225523295,4.119
Brisbane,2018,2,Feb,25,2018-02-01,Mammal,66,13,1481,0.04456448345712356,4.456
Brisbane,2018,3,Mar,26,2018-03-01,Mammal,44,10,1481,0.029709655638082377,2.971
Brisbane,2018,4,Apr,27,2018-04-01,Mammal,134,13,1481,0.09047940580688724,9.048
Brisbane,2018,5,May,28,2018-05-01,Mammal,342,15,1481,0.23092505064145846,23.093
Brisbane,2018,6,Jun,29,2018-06-01,Mammal,152,17,1481,0.10263335584064821,10.263
Brisbane,2018,7,Jul,30,2018-07-01,Mammal,113,18,1481,0.07629979743416611,7.63
Brisbane,2018,8,Aug,31,2018-08-01,Mammal,76,16,1481,0.05131667792032411,5.132
Brisbane,2018,9,Sep,32,2018-09-01,Mammal,87,16,1481,0.0587440918298447,5.874
Brisbane,2018,10,Oct,33,2018-10-01,Mammal,146,16,1481,0.09858203916272788,9.858
Brisbane,2018,11,Nov,34,2018-11-01,Mammal,169,14,1481,0.11411208642808914,11.411
Brisbane,2018,12,Dec,35,2018-12-01,Mammal,91,13,1481,0.06144496961512492,6.144
Brisbane,2019,1,Jan,36,2019-01-01,Mammal,113,17,1699,0.06650971159505592,6.651
Brisbane,2019,2,Feb,37,2019-02-01,Mammal,148,14,1699,0.08711006474396704,8.711
Brisbane,2019,3,Mar,38,2019-03-01,Mammal,117,12,1699,0.06886403766921718,6.886
Brisbane,2019,4,Apr,39,2019-04-01,Mammal,106,15,1699,0.06238964096527369,6.239
Brisbane,2019,5,May,40,2019-05-01,Mammal,101,11,1699,0.0594467333725721,5.945
Brisbane,2019,6,Jun,41,2019-06-01,Mammal,107,15,1699,0.062978222483814,6.298
Brisbane,2019,7,Jul,42,2019-07-01,Mammal,100,13,1699,0.05885815185403178,5.886
Brisbane,2019,8,Aug,43,2019-08-01,Mammal,180,17,1699,0.10594467333725721,10.594
Brisbane,2019,9,Sep,44,2019-09-01,Mammal,184,17,1699,0.10829899941141848,10.83
Brisbane,2019,10,Oct,45,2019-10-01,Mammal,186,16,1699,0.10947616244849911,10.948
Brisbane,2019,11,Nov,46,2019-11-01,Mammal,243,15,1699,0.14302530900529722,14.303
Brisbane,2019,12,Dec,47,2019-12-01,Mammal,114,12,1699,0.06709829311359623,6.71
Brisbane,2020,1,Jan,48,2020-01-01,Mammal,146,14,2605,0.05604606525911708,5.605
Brisbane,2020,2,Feb,49,2020-02-01,Mammal,205,17,2605,0.07869481765834933,7.869
Brisbane,2020,3,Mar,50,2020-03-01,Mammal,115,11,2605,0.044145873320537425,4.415
Brisbane,2020,4,Apr,51,2020-04-01,Mammal,187,15,2605,0.07178502879078695,7.179
Brisbane,2020,5,May,52,2020-05-01,Mammal,196,19,2605,0.07523992322456814,7.524
Brisbane,2020,6,Jun,53,2020-06-01,Mammal,168,22,2605,0.06449136276391555,6.449
Brisbane,2020,7,Jul,54,2020-07-01,Mammal,202,20,2605,0.07754318618042226,7.754
Brisbane,2020,8,Aug,55,2020-08-01,Mammal,309,19,2605,0.11861804222648753,11.862
Brisbane,2020,9,Sep,56,2020-09-01,Mammal,304,23,2605,0.11669865642994241,11.67
Brisbane,2020,10,Oct,57,2020-10-01,Mammal,280,19,2605,0.10748560460652591,10.749
Brisbane,2020,11,Nov,58,2020-11-01,Mammal,276,17,2605,0.10595009596928982,10.595
Brisbane,2020,12,Dec,59,2020-12-01,Mammal,217,15,2605,0.08330134357005758,8.33
Brisbane,2021,1,Jan,60,2021-01-01,Mammal,211,20,3055,0.0690671031096563,6.907
Brisbane,2021,2,Feb,61,2021-02-01,Mammal,318,19,3055,0.10409165302782324,10.409
Brisbane,2021,3,Mar,62,2021-03-01,Mammal,274,23,3055,0.08968903436988543,8.969
Brisbane,2021,4,Apr,63,2021-04-01,Mammal,203,15,3055,0.06644844517184943,6.645
Brisbane,2021,5,May,64,2021-05-01,Mammal,229,18,3055,0.07495908346972177,7.496
Brisbane,2021,6,Jun,65,2021-06-01,Mammal,159,17,3055,0.05204582651391162,5.205
Brisbane,2021,7,Jul,66,2021-07-01,Mammal,252,20,3055,0.08248772504091653,8.249
Brisbane,2021,8,Aug,67,2021-08-01,Mammal,340,26,3055,0.11129296235679215,11.129
Brisbane,2021,9,Sep,68,2021-09-01,Mammal,274,20,3055,0.08968903436988543,8.969
Brisbane,2021,10,Oct,69,2021-10-01,Mammal,270,20,3055,0.088379705400982,8.838
Brisbane,2021,11,Nov,70,2021-11-01,Mammal,322,18,3055,0.10540098199672668,10.54
Brisbane,2021,12,Dec,71,2021-12-01,Mammal,203,17,3055,0.06644844517184943,6.645
Brisbane,2022,1,Jan,72,2022-01-01,Mammal,195,17,2717,0.07177033492822966,7.177
Brisbane,2022,2,Feb,73,2022-02-01,Mammal,204,15,2717,0.07508281192491718,7.508
Brisbane,2022,3,Mar,74,2022-03-01,Mammal,173,18,2717,0.06367316893632684,6.367
Brisbane,2022,4,Apr,75,2022-04-01,Mammal,166,19,2717,0.0610967979389032,6.11
Brisbane,2022,5,May,76,2022-05-01,Mammal,187,22,2717,0.06882591093117409,6.883
Brisbane,2022,6,Jun,77,2022-06-01,Mammal,156,16,2717,0.05741626794258373,5.742
Brisbane,2022,7,Jul,78,2022-07-01,Mammal,149,16,2717,0.0548398969451601,5.484
Brisbane,2022,8,Aug,79,2022-08-01,Mammal,298,20,2717,0.1096797938903202,10.968
Brisbane,2022,9,Sep,80,2022-09-01,Mammal,333,22,2717,0.12256164887743835,12.256
Brisbane,2022,10,Oct,81,2022-10-01,Mammal,266,19,2717,0.0979020979020979,9.79
Brisbane,2022,11,Nov,82,2022-11-01,Mammal,283,18,2717,0.104158998895841,10.416
Brisbane,2022,12,Dec,83,2022-12-01,Mammal,307,18,2717,0.11299227088700772,11.299
Brisbane,2023,1,Jan,84,2023-01-01,Mammal,352,22,5348,0.06581899775617053,6.582
Brisbane,2023,2,Feb,85,2023-02-01,Mammal,239,19,5348,0.04468960359012715,4.469
Brisbane,2023,3,Mar,86,2023-03-01,Mammal,358,16,5348,0.0669409124906507,6.694
Brisbane,2023,4,Apr,87,2023-04-01,Mammal,454,19,5348,0.08489154824233358,8.489
Brisbane,2023,5,May,88,2023-05-01,Mammal,359,20,5348,0.06712789827973074,6.713
Brisbane,2023,6,Jun,89,2023-06-01,Mammal,352,19,5348,0.06581899775617053,6.582
Brisbane,2023,7,Jul,90,2023-07-01,Mammal,423,17,5348,0.07909498878085265,7.909
Brisbane,2023,8,Aug,91,2023-08-01,Mammal,491,27,5348,0.09181002243829468,9.181
Brisbane,2023,9,Sep,92,2023-09-01,Mammal,495,23,5348,0.09255796559461481,9.256
Brisbane,2023,10,Oct,93,2023-10-01,Mammal,631,25,5348,0.11798803290949887,11.799
Brisbane,2023,11,Nov,94,2023-11-01,Mammal,638,23,5348,0.11929693343305908,11.93
Brisbane,2023,12,Dec,95,2023-12-01,Mammal,556,19,5348,0.10396409872849663,10.396
Brisbane,2024,1,Jan,96,2024-01-01,Mammal,534,18,6002,0.08897034321892702,8.897
Brisbane,2024,2,Feb,97,2024-02-01,Mammal,378,23,6002,0.06297900699766744,6.298
Brisbane,2024,3,Mar,98,2024-03-01,Mammal,499,22,6002,0.08313895368210597,8.314
Brisbane,2024,4,Apr,99,2024-04-01,Mammal,431,21,6002,0.07180939686771076,7.181
Brisbane,2024,5,May,100,2024-05-01,Mammal,560,25,6002,0.09330223258913696,9.33
Brisbane,2024,6,Jun,101,2024-06-01,Mammal,529,25,6002,0.08813728757080973,8.814
Brisbane,2024,7,Jul,102,2024-07-01,Mammal,515,21,6002,0.0858047317560813,8.58
Brisbane,2024,8,Aug,103,2024-08-01,Mammal,424,19,6002,0.07064311896034656,7.064
Brisbane,2024,9,Sep,104,2024-09-01,Mammal,480,25,6002,0.07997334221926025,7.997
Brisbane,2024,10,Oct,105,2024-10-01,Mammal,603,22,6002,0.10046651116294568,10.047
Brisbane,2024,11,Nov,106,2024-11-01,Mammal,540,20,6002,0.08997000999666778,8.997
Brisbane,2024,12,Dec,107,2024-12-01,Mammal,509,23,6002,0.08480506497834055,8.481
Brisbane,2025,1,Jan,108,2025-01-01,Mammal,494,18,6011,0.08218266511395775,8.218
Brisbane,2025,2,Feb,109,2025-02-01,Mammal,451,19,6011,0.07502911329229746,7.503
Brisbane,2025,3,Mar,110,2025-03-01,Mammal,398,25,6011,0.06621194476792547,6.621
Brisbane,2025,4,Apr,111,2025-04-01,Mammal,473,24,6011,0.07868907003826318,7.869
Brisbane,2025,5,May,112,2025-05-01,Mammal,440,22,6011,0.0731991349193146,7.32
Brisbane,2025,6,Jun,113,2025-06-01,Mammal,452,23,6011,0.07519547496256862,7.52
Brisbane,2025,7,Jul,114,2025-07-01,Mammal,450,27,6011,0.07486275162202628,7.486
Brisbane,2025,8,Aug,115,2025-08-01,Mammal,570,26,6011,0.09482615205456663,9.483
Brisbane,2025,9,Sep,116,2025-09-01,Mammal,616,22,6011,0.10247878888704043,10.248
Brisbane,2025,10,Oct,117,2025-10-01,Mammal,662,27,6011,0.11013142571951422,11.013
Brisbane,2025,11,Nov,118,2025-11-01,Mammal,507,25,6011,0.08434536682748295,8.435
Brisbane,2025,12,Dec,119,2025-12-01,Mammal,498,23,6011,0.08284811179504242,8.285
Brisbane,2016,1,Jan,0,2016-01-01,Reptile,9,6,219,0.0410958904109589,4.11
Brisbane,2016,2,Feb,1,2016-02-01,Reptile,13,8,219,0.0593607305936073,5.936
Brisbane,2016,3,Mar,2,2016-03-01,Reptile,22,9,219,0.1004566210045662,10.046
Brisbane,2016,4,Apr,3,2016-04-01,Reptile,13,3,219,0.0593607305936073,5.936
Brisbane,2016,5,May,4,2016-05-01,Reptile,7,4,219,0.0319634703196347,3.196
Brisbane,2016,6,Jun,5,2016-06-01,Reptile,2,1,219,0.0091324200913242,0.913
Brisbane,2016,7,Jul,6,2016-07-01,Reptile,8,7,219,0.0365296803652968,3.653
Brisbane,2016,8,Aug,7,2016-08-01,Reptile,21,7,219,0.0958904109589041,9.589
Brisbane,2016,9,Sep,8,2016-09-01,Reptile,25,9,219,0.1141552511415525,11.416
Brisbane,2016,10,Oct,9,2016-10-01,Reptile,36,12,219,0.1643835616438356,16.438
Brisbane,2016,11,Nov,10,2016-11-01,Reptile,26,6,219,0.1187214611872146,11.872
Brisbane,2016,12,Dec,11,2016-12-01,Reptile,37,9,219,0.1689497716894977,16.895
Brisbane,2017,1,Jan,12,2017-01-01,Reptile,19,9,531,0.035781544256120526,3.578
Brisbane,2017,2,Feb,13,2017-02-01,Reptile,35,9,531,0.06591337099811675,6.591
Brisbane,2017,3,Mar,14,2017-03-01,Reptile,38,12,531,0.07156308851224105,7.156
Brisbane,2017,4,Apr,15,2017-04-01,Reptile,40,15,531,0.07532956685499058,7.533
Brisbane,2017,5,May,16,2017-05-01,Reptile,40,10,531,0.07532956685499058,7.533
Brisbane,2017,6,Jun,17,2017-06-01,Reptile,55,9,531,0.10357815442561205,10.358
Brisbane,2017,7,Jul,18,2017-07-01,Reptile,34,8,531,0.064030131826742,6.403
Brisbane,2017,8,Aug,19,2017-08-01,Reptile,40,13,531,0.07532956685499058,7.533
Brisbane,2017,9,Sep,20,2017-09-01,Reptile,57,14,531,0.10734463276836158,10.734
Brisbane,2017,10,Oct,21,2017-10-01,Reptile,51,16,531,0.096045197740113,9.605
Brisbane,2017,11,Nov,22,2017-11-01,Reptile,52,16,531,0.09792843691148775,9.793
Brisbane,2017,12,Dec,23,2017-12-01,Reptile,70,14,531,0.1318267419962335,13.183
Brisbane,2018,1,Jan,24,2018-01-01,Reptile,57,13,915,0.06229508196721312,6.23
Brisbane,2018,2,Feb,25,2018-02-01,Reptile,58,14,915,0.0633879781420765,6.339
Brisbane,2018,3,Mar,26,2018-03-01,Reptile,68,16,915,0.07431693989071038,7.432
Brisbane,2018,4,Apr,27,2018-04-01,Reptile,87,21,915,0.09508196721311475,9.508
Brisbane,2018,5,May,28,2018-05-01,Reptile,50,13,915,0.0546448087431694,5.464
Brisbane,2018,6,Jun,29,2018-06-01,Reptile,35,10,915,0.03825136612021858,3.825
Brisbane,2018,7,Jul,30,2018-07-01,Reptile,32,10,915,0.034972677595628415,3.497
Brisbane,2018,8,Aug,31,2018-08-01,Reptile,54,11,915,0.05901639344262295,5.902
Brisbane,2018,9,Sep,32,2018-09-01,Reptile,125,18,915,0.1366120218579235,13.661
Brisbane,2018,10,Oct,33,2018-10-01,Reptile,94,20,915,0.10273224043715846,10.273
Brisbane,2018,11,Nov,34,2018-11-01,Reptile,141,23,915,0.1540983606557377,15.41
Brisbane,2018,12,Dec,35,2018-12-01,Reptile,114,20,915,0.12459016393442623,12.459
Brisbane,2019,1,Jan,36,2019-01-01,Reptile,96,20,940,0.10212765957446808,10.213
Brisbane,2019,2,Feb,37,2019-02-01,Reptile,62,16,940,0.06595744680851064,6.596
Brisbane,2019,3,Mar,38,2019-03-01,Reptile,90,16,940,0.09574468085106383,9.574
Brisbane,2019,4,Apr,39,2019-04-01,Reptile,84,13,940,0.08936170212765958,8.936
Brisbane,2019,5,May,40,2019-05-01,Reptile,43,12,940,0.045744680851063826,4.574
Brisbane,2019,6,Jun,41,2019-06-01,Reptile,45,15,940,0.047872340425531915,4.787
Brisbane,2019,7,Jul,42,2019-07-01,Reptile,30,10,940,0.031914893617021274,3.191
Brisbane,2019,8,Aug,43,2019-08-01,Reptile,45,12,940,0.047872340425531915,4.787
Brisbane,2019,9,Sep,44,2019-09-01,Reptile,98,19,940,0.10425531914893617,10.426
Brisbane,2019,10,Oct,45,2019-10-01,Reptile,140,20,940,0.14893617021276595,14.894
Brisbane,2019,11,Nov,46,2019-11-01,Reptile,106,19,940,0.1127659574468085,11.277
Brisbane,2019,12,Dec,47,2019-12-01,Reptile,101,15,940,0.1074468085106383,10.745
Brisbane,2020,1,Jan,48,2020-01-01,Reptile,105,19,1444,0.07271468144044321,7.271
Brisbane,2020,2,Feb,49,2020-02-01,Reptile,121,25,1444,0.08379501385041552,8.38
Brisbane,2020,3,Mar,50,2020-03-01,Reptile,150,26,1444,0.1038781163434903,10.388
Brisbane,2020,4,Apr,51,2020-04-01,Reptile,159,26,1444,0.11011080332409973,11.011
Brisbane,2020,5,May,52,2020-05-01,Reptile,73,23,1444,0.05055401662049862,5.055
Brisbane,2020,6,Jun,53,2020-06-01,Reptile,41,10,1444,0.028393351800554016,2.839
Brisbane,2020,7,Jul,54,2020-07-01,Reptile,39,13,1444,0.027008310249307478,2.701
Brisbane,2020,8,Aug,55,2020-08-01,Reptile,75,21,1444,0.05193905817174515,5.194
Brisbane,2020,9,Sep,56,2020-09-01,Reptile,179,26,1444,0.12396121883656509,12.396
Brisbane,2020,10,Oct,57,2020-10-01,Reptile,179,26,1444,0.12396121883656509,12.396
Brisbane,2020,11,Nov,58,2020-11-01,Reptile,170,24,1444,0.11772853185595568,11.773
Brisbane,2020,12,Dec,59,2020-12-01,Reptile,153,23,1444,0.10595567867036011,10.596
Brisbane,2021,1,Jan,60,2021-01-01,Reptile,180,29,1813,0.09928295642581357,9.928
Brisbane,2021,2,Feb,61,2021-02-01,Reptile,196,26,1813,0.10810810810810811,10.811
Brisbane,2021,3,Mar,62,2021-03-01,Reptile,176,26,1813,0.09707666850523994,9.708
Brisbane,2021,4,Apr,63,2021-04-01,Reptile,136,24,1813,0.07501378929950359,7.501
Brisbane,2021,5,May,64,2021-05-01,Reptile,103,20,1813,0.0568119139547711,5.681
Brisbane,2021,6,Jun,65,2021-06-01,Reptile,52,15,1813,0.028681742967457253,2.868
Brisbane,2021,7,Jul,66,2021-07-01,Reptile,68,15,1813,0.03750689464975179,3.751
Brisbane,2021,8,Aug,67,2021-08-01,Reptile,143,19,1813,0.07887479316050745,7.887
Brisbane,2021,9,Sep,68,2021-09-01,Reptile,168,26,1813,0.09266409266409266,9.266
Brisbane,2021,10,Oct,69,2021-10-01,Reptile,184,30,1813,0.1014892443463872,10.149
Brisbane,2021,11,Nov,70,2021-11-01,Reptile,214,31,1813,0.11803640375068947,11.804
Brisbane,2021,12,Dec,71,2021-12-01,Reptile,193,31,1813,0.10645339216767788,10.645
Brisbane,2022,1,Jan,72,2022-01-01,Reptile,233,29,2129,0.10944105213715359,10.944
Brisbane,2022,2,Feb,73,2022-02-01,Reptile,162,24,2129,0.0760920620009394,7.609
Brisbane,2022,3,Mar,74,2022-03-01,Reptile,200,28,2129,0.09394081728511038,9.394
Brisbane,2022,4,Apr,75,2022-04-01,Reptile,176,28,2129,0.08266791921089714,8.267
Brisbane,2022,5,May,76,2022-05-01,Reptile,144,27,2129,0.06763738844527947,6.764
Brisbane,2022,6,Jun,77,2022-06-01,Reptile,56,15,2129,0.026303428839830906,2.63
Brisbane,2022,7,Jul,78,2022-07-01,Reptile,78,17,2129,0.03663691874119305,3.664
Brisbane,2022,8,Aug,79,2022-08-01,Reptile,143,20,2129,0.06716768435885392,6.717
Brisbane,2022,9,Sep,80,2022-09-01,Reptile,251,32,2129,0.11789572569281352,11.79
Brisbane,2022,10,Oct,81,2022-10-01,Reptile,255,32,2129,0.11977454203851573,11.977
Brisbane,2022,11,Nov,82,2022-11-01,Reptile,225,30,2129,0.10568341944574917,10.568
Brisbane,2022,12,Dec,83,2022-12-01,Reptile,206,31,2129,0.0967590418036637,9.676
Brisbane,2023,1,Jan,84,2023-01-01,Reptile,256,31,2628,0.0974124809741248,9.741
Brisbane,2023,2,Feb,85,2023-02-01,Reptile,213,27,2628,0.08105022831050228,8.105
Brisbane,2023,3,Mar,86,2023-03-01,Reptile,258,27,2628,0.09817351598173515,9.817
Brisbane,2023,4,Apr,87,2023-04-01,Reptile,207,29,2628,0.07876712328767123,7.877
Brisbane,2023,5,May,88,2023-05-01,Reptile,93,24,2628,0.03538812785388128,3.539
Brisbane,2023,6,Jun,89,2023-06-01,Reptile,68,19,2628,0.0258751902587519,2.588
Brisbane,2023,7,Jul,90,2023-07-01,Reptile,87,20,2628,0.033105022831050226,3.311
Brisbane,2023,8,Aug,91,2023-08-01,Reptile,167,25,2628,0.06354642313546423,6.355
Brisbane,2023,9,Sep,92,2023-09-01,Reptile,359,35,2628,0.13660578386605784,13.661
Brisbane,2023,10,Oct,93,2023-10-01,Reptile,302,32,2628,0.11491628614916286,11.492
Brisbane,2023,11,Nov,94,2023-11-01,Reptile,311,30,2628,0.11834094368340943,11.834
Brisbane,2023,12,Dec,95,2023-12-01,Reptile,307,30,2628,0.11681887366818873,11.682
Brisbane,2024,1,Jan,96,2024-01-01,Reptile,344,37,3699,0.09299810759664774,9.3
Brisbane,2024,2,Feb,97,2024-02-01,Reptile,370,35,3699,0.10002703433360367,10.003
Brisbane,2024,3,Mar,98,2024-03-01,Reptile,333,37,3699,0.09002433090024331,9.002
Brisbane,2024,4,Apr,99,2024-04-01,Reptile,307,32,3699,0.08299540416328738,8.3
Brisbane,2024,5,May,100,2024-05-01,Reptile,206,30,3699,0.05569072722357394,5.569
Brisbane,2024,6,Jun,101,2024-06-01,Reptile,104,24,3699,0.028115706947823737,2.812
Brisbane,2024,7,Jul,102,2024-07-01,Reptile,100,24,3699,0.02703433360367667,2.703
Brisbane,2024,8,Aug,103,2024-08-01,Reptile,329,34,3699,0.08894295755609624,8.894
Brisbane,2024,9,Sep,104,2024-09-01,Reptile,423,39,3699,0.11435523114355231,11.436
Brisbane,2024,10,Oct,105,2024-10-01,Reptile,375,35,3699,0.10137875101378752,10.138
Brisbane,2024,11,Nov,106,2024-11-01,Reptile,414,39,3699,0.11192214111922141,11.192
Brisbane,2024,12,Dec,107,2024-12-01,Reptile,394,36,3699,0.10651527439848607,10.652
Brisbane,2025,1,Jan,108,2025-01-01,Reptile,446,35,4776,0.09338358458961474,9.338
Brisbane,2025,2,Feb,109,2025-02-01,Reptile,381,31,4776,0.07977386934673367,7.977
Brisbane,2025,3,Mar,110,2025-03-01,Reptile,392,32,4776,0.08207705192629816,8.208
Brisbane,2025,4,Apr,111,2025-04-01,Reptile,469,34,4776,0.09819932998324958,9.82
Brisbane,2025,5,May,112,2025-05-01,Reptile,211,33,4776,0.04417922948073702,4.418
Brisbane,2025,6,Jun,113,2025-06-01,Reptile,163,27,4776,0.03412897822445561,3.413
Brisbane,2025,7,Jul,114,2025-07-01,Reptile,150,25,4776,0.031407035175879394,3.141
Brisbane,2025,8,Aug,115,2025-08-01,Reptile,318,27,4776,0.06658291457286432,6.658
Brisbane,2025,9,Sep,116,2025-09-01,Reptile,571,38,4776,0.11955611390284757,11.956
Brisbane,2025,10,Oct,117,2025-10-01,Reptile,667,44,4776,0.13965661641541038,13.966
Brisbane,2025,11,Nov,118,2025-11-01,Reptile,491,39,4776,0.10280569514237856,10.281
Brisbane,2025,12,Dec,119,2025-12-01,Reptile,517,37,4776,0.10824958123953099,10.825
Brisbane,2016,1,Jan,0,2016-01-01,Insect,157,61,2438,0.06439704675963905,6.44
Brisbane,2016,2,Feb,1,2016-02-01,Insect,92,44,2438,0.03773584905660377,3.774
Brisbane,2016,3,Mar,2,2016-03-01,Insect,118,58,2438,0.04840032813781788,4.84
Brisbane,2016,4,Apr,3,2016-04-01,Insect,222,70,2438,0.09105824446267433,9.106
Brisbane,2016,5,May,4,2016-05-01,Insect,304,87,2438,0.12469237079573421,12.469
Brisbane,2016,6,Jun,5,2016-06-01,Insect,177,52,2438,0.07260049220672682,7.26
Brisbane,2016,7,Jul,6,2016-07-01,Insect,52,29,2438,0.02132895816242822,2.133
Brisbane,2016,8,Aug,7,2016-08-01,Insect,121,34,2438,0.04963084495488105,4.963
Brisbane,2016,9,Sep,8,2016-09-01,Insect,259,85,2438,0.1062346185397867,10.623
Brisbane,2016,10,Oct,9,2016-10-01,Insect,338,121,2438,0.13863822805578344,13.864
Brisbane,2016,11,Nov,10,2016-11-01,Insect,376,134,2438,0.1542247744052502,15.422
Brisbane,2016,12,Dec,11,2016-12-01,Insect,222,80,2438,0.09105824446267433,9.106
Brisbane,2017,1,Jan,12,2017-01-01,Insect,175,51,3195,0.054773082942097026,5.477
Brisbane,2017,2,Feb,13,2017-02-01,Insect,138,63,3195,0.0431924882629108,4.319
Brisbane,2017,3,Mar,14,2017-03-01,Insect,93,37,3195,0.02910798122065728,2.911
Brisbane,2017,4,Apr,15,2017-04-01,Insect,142,49,3195,0.044444444444444446,4.444
Brisbane,2017,5,May,16,2017-05-01,Insect,204,52,3195,0.06384976525821597,6.385
Brisbane,2017,6,Jun,17,2017-06-01,Insect,375,88,3195,0.11737089201877934,11.737
Brisbane,2017,7,Jul,18,2017-07-01,Insect,159,46,3195,0.04976525821596244,4.977
Brisbane,2017,8,Aug,19,2017-08-01,Insect,380,109,3195,0.1189358372456964,11.894
Brisbane,2017,9,Sep,20,2017-09-01,Insect,280,107,3195,0.08763693270735524,8.764
Brisbane,2017,10,Oct,21,2017-10-01,Insect,275,116,3195,0.08607198748043818,8.607
Brisbane,2017,11,Nov,22,2017-11-01,Insect,453,136,3195,0.14178403755868543,14.178
Brisbane,2017,12,Dec,23,2017-12-01,Insect,521,185,3195,0.16306729264475744,16.307
Brisbane,2018,1,Jan,24,2018-01-01,Insect,739,216,9289,0.07955646463559048,7.956
Brisbane,2018,2,Feb,25,2018-02-01,Insect,543,203,9289,0.05845623856173969,5.846
Brisbane,2018,3,Mar,26,2018-03-01,Insect,562,192,9289,0.06050166864032727,6.05
Brisbane,2018,4,Apr,27,2018-04-01,Insect,1066,319,9289,0.1147593928302293,11.476
Brisbane,2018,5,May,28,2018-05-01,Insect,770,194,9289,0.0828937452901281,8.289
Brisbane,2018,6,Jun,29,2018-06-01,Insect,577,144,9289,0.06211648186026483,6.212
Brisbane,2018,7,Jul,30,2018-07-01,Insect,489,126,9289,0.05264291096996447,5.264
Brisbane,2018,8,Aug,31,2018-08-01,Insect,584,137,9289,0.06287006136290235,6.287
Brisbane,2018,9,Sep,32,2018-09-01,Insect,899,157,9289,0.09678113898159113,9.678
Brisbane,2018,10,Oct,33,2018-10-01,Insect,561,153,9289,0.06039401442566476,6.039
Brisbane,2018,11,Nov,34,2018-11-01,Insect,1285,406,9289,0.13833566584131768,13.834
Brisbane,2018,12,Dec,35,2018-12-01,Insect,1214,385,9289,0.1306922166002799,13.069
Brisbane,2019,1,Jan,36,2019-01-01,Insect,1019,294,11167,0.09125100743261395,9.125
Brisbane,2019,2,Feb,37,2019-02-01,Insect,683,225,11167,0.06116235336258619,6.116
Brisbane,2019,3,Mar,38,2019-03-01,Insect,648,221,11167,0.05802811856362497,5.803
Brisbane,2019,4,Apr,39,2019-04-01,Insect,1032,268,11167,0.09241515178651384,9.242
Brisbane,2019,5,May,40,2019-05-01,Insect,1205,275,11167,0.10790722664995074,10.791
Brisbane,2019,6,Jun,41,2019-06-01,Insect,890,245,11167,0.07969911345929973,7.97
Brisbane,2019,7,Jul,42,2019-07-01,Insect,840,212,11167,0.0752216351750694,7.522
Brisbane,2019,8,Aug,43,2019-08-01,Insect,1246,296,11167,0.11157875884301961,11.158
Brisbane,2019,9,Sep,44,2019-09-01,Insect,962,300,11167,0.08614668218859138,8.615
Brisbane,2019,10,Oct,45,2019-10-01,Insect,632,197,11167,0.05659532551267126,5.66
Brisbane,2019,11,Nov,46,2019-11-01,Insect,1292,379,11167,0.11569803886451151,11.57
Brisbane,2019,12,Dec,47,2019-12-01,Insect,718,224,11167,0.06429658816154742,6.43
Brisbane,2020,1,Jan,48,2020-01-01,Insect,966,240,18447,0.05236623841275004,5.237
Brisbane,2020,2,Feb,49,2020-02-01,Insect,1871,427,18447,0.10142570607686886,10.143
Brisbane,2020,3,Mar,50,2020-03-01,Insect,3227,519,18447,0.1749335935382447,17.493
Brisbane,2020,4,Apr,51,2020-04-01,Insect,3780,529,18447,0.2049113677020654,20.491
Brisbane,2020,5,May,52,2020-05-01,Insect,1153,297,18447,0.06250338808478344,6.25
Brisbane,2020,6,Jun,53,2020-06-01,Insect,386,138,18447,0.02092481162248604,2.092
Brisbane,2020,7,Jul,54,2020-07-01,Insect,333,108,18447,0.01805171572613433,1.805
Brisbane,2020,8,Aug,55,2020-08-01,Insect,769,176,18447,0.04168699517536727,4.169
Brisbane,2020,9,Sep,56,2020-09-01,Insect,1181,311,18447,0.0640212500677617,6.402
Brisbane,2020,10,Oct,57,2020-10-01,Insect,1135,286,18447,0.06152761966715455,6.153
Brisbane,2020,11,Nov,58,2020-11-01,Insect,1477,367,18447,0.08006721960210332,8.007
Brisbane,2020,12,Dec,59,2020-12-01,Insect,2169,463,18447,0.11758009432428038,11.758
Brisbane,2021,1,Jan,60,2021-01-01,Insect,3331,554,31034,0.10733389186054006,10.733
Brisbane,2021,2,Feb,61,2021-02-01,Insect,3614,611,31034,0.11645292260101824,11.645
Brisbane,2021,3,Mar,62,2021-03-01,Insect,3334,616,31034,0.10743056003093382,10.743
Brisbane,2021,4,Apr,63,2021-04-01,Insect,2253,448,31034,0.07259779596571503,7.26
Brisbane,2021,5,May,64,2021-05-01,Insect,2013,353,31034,0.06486434233421409,6.486
Brisbane,2021,6,Jun,65,2021-06-01,Insect,1231,213,31034,0.03966617258490688,3.967
Brisbane,2021,7,Jul,66,2021-07-01,Insect,1196,227,31034,0.038538377263646326,3.854
Brisbane,2021,8,Aug,67,2021-08-01,Insect,2302,385,31034,0.0741767094154798,7.418
Brisbane,2021,9,Sep,68,2021-09-01,Insect,1842,360,31034,0.05935425662176967,5.935
Brisbane,2021,10,Oct,69,2021-10-01,Insect,3509,608,31034,0.11306953663723658,11.307
Brisbane,2021,11,Nov,70,2021-11-01,Insect,3483,666,31034,0.11223174582715731,11.223
Brisbane,2021,12,Dec,71,2021-12-01,Insect,2926,565,31034,0.09428368885738223,9.428
Brisbane,2022,1,Jan,72,2022-01-01,Insect,5049,768,40308,0.1252604941947008,12.526
Brisbane,2022,2,Feb,73,2022-02-01,Insect,3088,583,40308,0.0766101022129602,7.661
Brisbane,2022,3,Mar,74,2022-03-01,Insect,4189,627,40308,0.10392477920015877,10.392
Brisbane,2022,4,Apr,75,2022-04-01,Insect,3112,545,40308,0.07720551751513348,7.721
Brisbane,2022,5,May,76,2022-05-01,Insect,2140,442,40308,0.053091197777116204,5.309
Brisbane,2022,6,Jun,77,2022-06-01,Insect,1121,294,40308,0.027810856405676293,2.781
Brisbane,2022,7,Jul,78,2022-07-01,Insect,1249,297,40308,0.03098640468393371,3.099
Brisbane,2022,8,Aug,79,2022-08-01,Insect,1890,432,40308,0.04688895504614469,4.689
Brisbane,2022,9,Sep,80,2022-09-01,Insect,3389,724,40308,0.08407760246104992,8.408
Brisbane,2022,10,Oct,81,2022-10-01,Insect,4836,809,40308,0.11997618338791306,11.998
Brisbane,2022,11,Nov,82,2022-11-01,Insect,5211,884,40308,0.12927954748437034,12.928
Brisbane,2022,12,Dec,83,2022-12-01,Insect,5034,770,40308,0.12488835963084251,12.489
Brisbane,2023,1,Jan,84,2023-01-01,Insect,5221,821,39605,0.1318267895467744,13.183
Brisbane,2023,2,Feb,85,2023-02-01,Insect,4836,856,39605,0.12210579472288853,12.211
Brisbane,2023,3,Mar,86,2023-03-01,Insect,4289,823,39605,0.10829440727180911,10.829
Brisbane,2023,4,Apr,87,2023-04-01,Insect,3250,641,39605,0.08206034591591971,8.206
Brisbane,2023,5,May,88,2023-05-01,Insect,2925,522,39605,0.07385431132432774,7.385
Brisbane,2023,6,Jun,89,2023-06-01,Insect,1742,409,39605,0.04398434541093296,4.398
Brisbane,2023,7,Jul,90,2023-07-01,Insect,1479,339,39605,0.03734376972604469,3.734
Brisbane,2023,8,Aug,91,2023-08-01,Insect,2493,540,39605,0.06294659765181164,6.295
Brisbane,2023,9,Sep,92,2023-09-01,Insect,3684,730,39605,0.0930185582628456,9.302
Brisbane,2023,10,Oct,93,2023-10-01,Insect,2393,577,39605,0.060421663931321805,6.042
Brisbane,2023,11,Nov,94,2023-11-01,Insect,3888,670,39605,0.09816942305264487,9.817
Brisbane,2023,12,Dec,95,2023-12-01,Insect,3405,670,39605,0.08597399318267895,8.597
Brisbane,2024,1,Jan,96,2024-01-01,Insect,3821,690,44648,0.08558054112166279,8.558
Brisbane,2024,2,Feb,97,2024-02-01,Insect,4966,799,44648,0.1112255868123992,11.123
Brisbane,2024,3,Mar,98,2024-03-01,Insect,3891,638,44648,0.08714836050886937,8.715
Brisbane,2024,4,Apr,99,2024-04-01,Insect,3294,625,44648,0.07377710087797885,7.378
Brisbane,2024,5,May,100,2024-05-01,Insect,2277,483,44648,0.05099892492384877,5.1
Brisbane,2024,6,Jun,101,2024-06-01,Insect,1381,330,44648,0.030930836767604372,3.093
Brisbane,2024,7,Jul,102,2024-07-01,Insect,1508,337,44648,0.033775309084393475,3.378
Brisbane,2024,8,Aug,103,2024-08-01,Insect,2440,502,44648,0.054649704354058415,5.465
Brisbane,2024,9,Sep,104,2024-09-01,Insect,5202,787,44648,0.11651137788926716,11.651
Brisbane,2024,10,Oct,105,2024-10-01,Insect,5945,997,44648,0.1331526608134743,13.315
Brisbane,2024,11,Nov,106,2024-11-01,Insect,4594,833,44648,0.10289374664038703,10.289
Brisbane,2024,12,Dec,107,2024-12-01,Insect,5329,881,44648,0.11935585020605627,11.936
Brisbane,2025,1,Jan,108,2025-01-01,Insect,6228,952,49685,0.12534970312971722,12.535
Brisbane,2025,2,Feb,109,2025-02-01,Insect,4505,792,49685,0.09067122874106873,9.067
Brisbane,2025,3,Mar,110,2025-03-01,Insect,2921,631,49685,0.05879037939015799,5.879
Brisbane,2025,4,Apr,111,2025-04-01,Insect,3691,634,49685,0.07428801449129516,7.429
Brisbane,2025,5,May,112,2025-05-01,Insect,3188,545,49685,0.06416423467847439,6.416
Brisbane,2025,6,Jun,113,2025-06-01,Insect,1688,380,49685,0.03397403642950589,3.397
Brisbane,2025,7,Jul,114,2025-07-01,Insect,1936,462,49685,0.03896548254000201,3.897
Brisbane,2025,8,Aug,115,2025-08-01,Insect,2949,583,49685,0.05935392975747207,5.935
Brisbane,2025,9,Sep,116,2025-09-01,Insect,5005,782,49685,0.10073462815739156,10.073
Brisbane,2025,10,Oct,117,2025-10-01,Insect,5524,955,49685,0.11118043675153468,11.118
Brisbane,2025,11,Nov,118,2025-11-01,Insect,6026,879,49685,0.1212840897655228,12.128
Brisbane,2025,12,Dec,119,2025-12-01,Insect,6024,932,49685,0.1212438361678575,12.124
Adelaide,2016,1,Jan,0,2016-01-01,Bird,1259,138,12909,0.09752885583701294,9.753
Adelaide,2016,2,Feb,1,2016-02-01,Bird,1353,127,12909,0.10481059725772716,10.481
Adelaide,2016,3,Mar,2,2016-03-01,Bird,954,121,12909,0.07390192888682315,7.39
Adelaide,2016,4,Apr,3,2016-04-01,Bird,808,105,12909,0.06259199008443722,6.259
Adelaide,2016,5,May,4,2016-05-01,Bird,842,127,12909,0.0652258114493764,6.523
Adelaide,2016,6,Jun,5,2016-06-01,Bird,910,112,12909,0.07049345417925479,7.049
Adelaide,2016,7,Jul,6,2016-07-01,Bird,1024,122,12909,0.07932450228522736,7.932
Adelaide,2016,8,Aug,7,2016-08-01,Bird,1094,116,12909,0.08474707568363157,8.475
Adelaide,2016,9,Sep,8,2016-09-01,Bird,930,118,12909,0.07204276086451313,7.204
Adelaide,2016,10,Oct,9,2016-10-01,Bird,1069,111,12909,0.08281044232705864,8.281
Adelaide,2016,11,Nov,10,2016-11-01,Bird,1246,123,12909,0.09652180649159502,9.652
Adelaide,2016,12,Dec,11,2016-12-01,Bird,1420,128,12909,0.11000077465334263,11.0
Adelaide,2017,1,Jan,12,2017-01-01,Bird,1581,127,20380,0.07757605495583905,7.758
Adelaide,2017,2,Feb,13,2017-02-01,Bird,1464,133,20380,0.0718351324828263,7.184
Adelaide,2017,3,Mar,14,2017-03-01,Bird,1749,128,20380,0.08581943081452405,8.582
Adelaide,2017,4,Apr,15,2017-04-01,Bird,1004,111,20380,0.049263984298331696,4.926
Adelaide,2017,5,May,16,2017-05-01,Bird,2044,124,20380,0.10029440628066733,10.029
Adelaide,2017,6,Jun,17,2017-06-01,Bird,1640,122,20380,0.08047105004906771,8.047
Adelaide,2017,7,Jul,18,2017-07-01,Bird,1371,120,20380,0.06727183513248283,6.727
Adelaide,2017,8,Aug,19,2017-08-01,Bird,1020,109,20380,0.050049067713444556,5.005
Adelaide,2017,9,Sep,20,2017-09-01,Bird,1489,133,20380,0.07306182531894014,7.306
Adelaide,2017,10,Oct,21,2017-10-01,Bird,2626,148,20380,0.12885181550539745,12.885
Adelaide,2017,11,Nov,22,2017-11-01,Bird,2725,155,20380,0.13370951913640824,13.371
Adelaide,2017,12,Dec,23,2017-12-01,Bird,1667,143,20380,0.08179587831207066,8.18
Adelaide,2018,1,Jan,24,2018-01-01,Bird,2115,150,22984,0.09202053602506091,9.202
Adelaide,2018,2,Feb,25,2018-02-01,Bird,1655,127,22984,0.07200661329620606,7.201
Adelaide,2018,3,Mar,26,2018-03-01,Bird,1305,123,22984,0.0567786286112078,5.678
Adelaide,2018,4,Apr,27,2018-04-01,Bird,2002,123,22984,0.08710407239819004,8.71
Adelaide,2018,5,May,28,2018-05-01,Bird,1423,128,22984,0.06191263487643578,6.191
Adelaide,2018,6,Jun,29,2018-06-01,Bird,1563,119,22984,0.06800382875043509,6.8
Adelaide,2018,7,Jul,30,2018-07-01,Bird,1262,121,22984,0.05490776192133658,5.491
Adelaide,2018,8,Aug,31,2018-08-01,Bird,1702,116,22984,0.07405151409676297,7.405
Adelaide,2018,9,Sep,32,2018-09-01,Bird,2609,142,22984,0.11351374869474418,11.351
Adelaide,2018,10,Oct,33,2018-10-01,Bird,3347,156,22984,0.1456230421162548,14.562
Adelaide,2018,11,Nov,34,2018-11-01,Bird,1706,147,22984,0.07422554820744866,7.423
Adelaide,2018,12,Dec,35,2018-12-01,Bird,2295,143,22984,0.09985207100591716,9.985
Adelaide,2019,1,Jan,36,2019-01-01,Bird,3355,146,31623,0.10609366600259305,10.609
Adelaide,2019,2,Feb,37,2019-02-01,Bird,1611,126,31623,0.05094393321316763,5.094
Adelaide,2019,3,Mar,38,2019-03-01,Bird,1915,132,31623,0.06055718938747114,6.056
Adelaide,2019,4,Apr,39,2019-04-01,Bird,5240,131,31623,0.16570217879391583,16.57
Adelaide,2019,5,May,40,2019-05-01,Bird,2207,124,31623,0.0697909749233153,6.979
Adelaide,2019,6,Jun,41,2019-06-01,Bird,1600,115,31623,0.05059608512791323,5.06
Adelaide,2019,7,Jul,42,2019-07-01,Bird,1110,114,31623,0.0351010340574898,3.51
Adelaide,2019,8,Aug,43,2019-08-01,Bird,1662,127,31623,0.052556683426619864,5.256
Adelaide,2019,9,Sep,44,2019-09-01,Bird,1897,129,31623,0.05998798342978212,5.999
Adelaide,2019,10,Oct,45,2019-10-01,Bird,3605,149,31623,0.11399930430382949,11.4
Adelaide,2019,11,Nov,46,2019-11-01,Bird,3847,158,31623,0.12165196217942637,12.165
Adelaide,2019,12,Dec,47,2019-12-01,Bird,3574,147,31623,0.11301900515447617,11.302
Adelaide,2020,1,Jan,48,2020-01-01,Bird,4426,148,46679,0.09481779815334519,9.482
Adelaide,2020,2,Feb,49,2020-02-01,Bird,2649,139,46679,0.05674928768825382,5.675
Adelaide,2020,3,Mar,50,2020-03-01,Bird,2396,129,46679,0.051329291544377556,5.133
Adelaide,2020,4,Apr,51,2020-04-01,Bird,4234,148,46679,0.09070459949870391,9.07
Adelaide,2020,5,May,52,2020-05-01,Bird,2694,128,46679,0.05771331862293537,5.771
Adelaide,2020,6,Jun,53,2020-06-01,Bird,2725,129,46679,0.05837742882238266,5.838
Adelaide,2020,7,Jul,54,2020-07-01,Bird,3095,137,46679,0.06630390539643094,6.63
Adelaide,2020,8,Aug,55,2020-08-01,Bird,4370,131,46679,0.09361811521240815,9.362
Adelaide,2020,9,Sep,56,2020-09-01,Bird,4703,148,46679,0.10075194412905161,10.075
Adelaide,2020,10,Oct,57,2020-10-01,Bird,5588,150,46679,0.11971121917778872,11.971
Adelaide,2020,11,Nov,58,2020-11-01,Bird,4502,156,46679,0.09644593928747403,9.645
Adelaide,2020,12,Dec,59,2020-12-01,Bird,5297,152,46679,0.11347715246684804,11.348
Adelaide,2021,1,Jan,60,2021-01-01,Bird,6859,159,56829,0.12069541959210967,12.07
Adelaide,2021,2,Feb,61,2021-02-01,Bird,5386,142,56829,0.09477555473437857,9.478
Adelaide,2021,3,Mar,62,2021-03-01,Bird,4620,152,56829,0.0812965211423745,8.13
Adelaide,2021,4,Apr,63,2021-04-01,Bird,3848,139,56829,0.06771190765278291,6.771
Adelaide,2021,5,May,64,2021-05-01,Bird,3823,130,56829,0.06727199141283499,6.727
Adelaide,2021,6,Jun,65,2021-06-01,Bird,3084,133,56829,0.05426806735997466,5.427
Adelaide,2021,7,Jul,66,2021-07-01,Bird,3970,131,56829,0.06985869890372873,6.986
Adelaide,2021,8,Aug,67,2021-08-01,Bird,4381,145,56829,0.07709092188847244,7.709
Adelaide,2021,9,Sep,68,2021-09-01,Bird,4181,145,56829,0.07357159196888913,7.357
Adelaide,2021,10,Oct,69,2021-10-01,Bird,7075,163,56829,0.12449629590525964,12.45
Adelaide,2021,11,Nov,70,2021-11-01,Bird,6138,153,56829,0.10800823523201182,10.801
Adelaide,2021,12,Dec,71,2021-12-01,Bird,3464,141,56829,0.06095479420718295,6.095
Adelaide,2022,1,Jan,72,2022-01-01,Bird,6169,150,70790,0.08714507698827519,8.715
Adelaide,2022,2,Feb,73,2022-02-01,Bird,6469,147,70790,0.0913829636954372,9.138
Adelaide,2022,3,Mar,74,2022-03-01,Bird,4589,140,70790,0.06482554033055517,6.483
Adelaide,2022,4,Apr,75,2022-04-01,Bird,5632,145,70790,0.07955925978245515,7.956
Adelaide,2022,5,May,76,2022-05-01,Bird,6872,141,70790,0.0970758581720582,9.708
Adelaide,2022,6,Jun,77,2022-06-01,Bird,3968,130,70790,0.056053114846729764,5.605
Adelaide,2022,7,Jul,78,2022-07-01,Bird,4935,132,70790,0.06971323633281537,6.971
Adelaide,2022,8,Aug,79,2022-08-01,Bird,5735,147,70790,0.08101426755191411,8.101
Adelaide,2022,9,Sep,80,2022-09-01,Bird,8226,162,70790,0.11620285351038283,11.62
Adelaide,2022,10,Oct,81,2022-10-01,Bird,7831,157,70790,0.11062296934595282,11.062
Adelaide,2022,11,Nov,82,2022-11-01,Bird,5650,153,70790,0.07981353298488487,7.981
Adelaide,2022,12,Dec,83,2022-12-01,Bird,4714,151,70790,0.06659132645853934,6.659
Adelaide,2023,1,Jan,84,2023-01-01,Bird,8117,161,84637,0.09590368278648818,9.59
Adelaide,2023,2,Feb,85,2023-02-01,Bird,5422,148,84637,0.06406181693585547,6.406
Adelaide,2023,3,Mar,86,2023-03-01,Bird,6744,150,84637,0.07968146318985786,7.968
Adelaide,2023,4,Apr,87,2023-04-01,Bird,6278,152,84637,0.07417559696113993,7.418
Adelaide,2023,5,May,88,2023-05-01,Bird,5738,146,84637,0.06779540862743244,6.78
Adelaide,2023,6,Jun,89,2023-06-01,Bird,4140,142,84637,0.04891477722509068,4.891
Adelaide,2023,7,Jul,90,2023-07-01,Bird,4693,143,84637,0.05544856268535038,5.545
Adelaide,2023,8,Aug,91,2023-08-01,Bird,5551,153,84637,0.0655859730377967,6.559
Adelaide,2023,9,Sep,92,2023-09-01,Bird,7422,163,84637,0.08769214409773503,8.769
Adelaide,2023,10,Oct,93,2023-10-01,Bird,11165,174,84637,0.13191630138119262,13.192
Adelaide,2023,11,Nov,94,2023-11-01,Bird,9932,162,84637,0.11734820468589388,11.735
Adelaide,2023,12,Dec,95,2023-12-01,Bird,9435,167,84637,0.1114760683861668,11.148
Adelaide,2024,1,Jan,96,2024-01-01,Bird,10653,171,112189,0.09495583345960834,9.496
Adelaide,2024,2,Feb,97,2024-02-01,Bird,8437,157,112189,0.07520345131875675,7.52
Adelaide,2024,3,Mar,98,2024-03-01,Bird,9552,164,112189,0.08514203709811122,8.514
Adelaide,2024,4,Apr,99,2024-04-01,Bird,8540,165,112189,0.07612154489299307,7.612
Adelaide,2024,5,May,100,2024-05-01,Bird,9485,151,112189,0.08454483059836526,8.454
Adelaide,2024,6,Jun,101,2024-06-01,Bird,7334,156,112189,0.06537182789756571,6.537
Adelaide,2024,7,Jul,102,2024-07-01,Bird,7175,151,112189,0.06395457665189992,6.395
Adelaide,2024,8,Aug,103,2024-08-01,Bird,6080,156,112189,0.05419426146948453,5.419
Adelaide,2024,9,Sep,104,2024-09-01,Bird,11069,174,112189,0.09866386187594149,9.866
Adelaide,2024,10,Oct,105,2024-10-01,Bird,15052,189,112189,0.13416645125636203,13.417
Adelaide,2024,11,Nov,106,2024-11-01,Bird,10301,160,112189,0.09181827095348029,9.182
Adelaide,2024,12,Dec,107,2024-12-01,Bird,8511,160,112189,0.07586305252743139,7.586
Adelaide,2025,1,Jan,108,2025-01-01,Bird,10568,172,78555,0.13452994717077207,13.453
Adelaide,2025,2,Feb,109,2025-02-01,Bird,7840,163,78555,0.09980268601616701,9.98
Adelaide,2025,3,Mar,110,2025-03-01,Bird,8147,157,78555,0.10371077588950417,10.371
Adelaide,2025,4,Apr,111,2025-04-01,Bird,8138,157,78555,0.10359620647953663,10.36
Adelaide,2025,5,May,112,2025-05-01,Bird,6886,152,78555,0.08765832855960792,8.766
Adelaide,2025,6,Jun,113,2025-06-01,Bird,7219,158,78555,0.09189739672840685,9.19
Adelaide,2025,7,Jul,114,2025-07-01,Bird,6916,159,78555,0.08804022659283305,8.804
Adelaide,2025,8,Aug,115,2025-08-01,Bird,9287,150,78555,0.11822290115205907,11.822
Adelaide,2025,9,Sep,116,2025-09-01,Bird,2895,152,78555,0.036853160206224936,3.685
Adelaide,2025,10,Oct,117,2025-10-01,Bird,3511,149,78555,0.044694799821780914,4.469
Adelaide,2025,11,Nov,118,2025-11-01,Bird,3203,134,78555,0.040773980014002925,4.077
Adelaide,2025,12,Dec,119,2025-12-01,Bird,3945,145,78555,0.05021959136910445,5.022
Adelaide,2016,1,Jan,0,2016-01-01,Mammal,2,2,239,0.008368200836820083,0.837
Adelaide,2016,2,Feb,1,2016-02-01,Mammal,8,4,239,0.03347280334728033,3.347
Adelaide,2016,3,Mar,2,2016-03-01,Mammal,7,4,239,0.029288702928870293,2.929
Adelaide,2016,4,Apr,3,2016-04-01,Mammal,9,4,239,0.03765690376569038,3.766
Adelaide,2016,5,May,4,2016-05-01,Mammal,10,5,239,0.04184100418410042,4.184
Adelaide,2016,6,Jun,5,2016-06-01,Mammal,8,4,239,0.03347280334728033,3.347
Adelaide,2016,7,Jul,6,2016-07-01,Mammal,18,8,239,0.07531380753138076,7.531
Adelaide,2016,8,Aug,7,2016-08-01,Mammal,45,10,239,0.18828451882845187,18.828
Adelaide,2016,9,Sep,8,2016-09-01,Mammal,13,4,239,0.05439330543933055,5.439
Adelaide,2016,10,Oct,9,2016-10-01,Mammal,16,4,239,0.06694560669456066,6.695
Adelaide,2016,11,Nov,10,2016-11-01,Mammal,91,5,239,0.3807531380753138,38.075
Adelaide,2016,12,Dec,11,2016-12-01,Mammal,12,4,239,0.0502092050209205,5.021
Adelaide,2017,1,Jan,12,2017-01-01,Mammal,12,6,216,0.05555555555555555,5.556
Adelaide,2017,2,Feb,13,2017-02-01,Mammal,15,6,216,0.06944444444444445,6.944
Adelaide,2017,3,Mar,14,2017-03-01,Mammal,18,8,216,0.08333333333333333,8.333
Adelaide,2017,4,Apr,15,2017-04-01,Mammal,14,8,216,0.06481481481481481,6.481
Adelaide,2017,5,May,16,2017-05-01,Mammal,27,11,216,0.125,12.5
Adelaide,2017,6,Jun,17,2017-06-01,Mammal,24,9,216,0.1111111111111111,11.111
Adelaide,2017,7,Jul,18,2017-07-01,Mammal,33,13,216,0.1527777777777778,15.278
Adelaide,2017,8,Aug,19,2017-08-01,Mammal,19,9,216,0.08796296296296297,8.796
Adelaide,2017,9,Sep,20,2017-09-01,Mammal,6,2,216,0.027777777777777776,2.778
Adelaide,2017,10,Oct,21,2017-10-01,Mammal,21,9,216,0.09722222222222222,9.722
Adelaide,2017,11,Nov,22,2017-11-01,Mammal,13,6,216,0.06018518518518518,6.019
Adelaide,2017,12,Dec,23,2017-12-01,Mammal,14,6,216,0.06481481481481481,6.481
Adelaide,2018,1,Jan,24,2018-01-01,Mammal,17,8,383,0.044386422976501305,4.439
Adelaide,2018,2,Feb,25,2018-02-01,Mammal,23,8,383,0.06005221932114883,6.005
Adelaide,2018,3,Mar,26,2018-03-01,Mammal,29,8,383,0.07571801566579635,7.572
Adelaide,2018,4,Apr,27,2018-04-01,Mammal,109,11,383,0.2845953002610966,28.46
Adelaide,2018,5,May,28,2018-05-01,Mammal,31,10,383,0.08093994778067885,8.094
Adelaide,2018,6,Jun,29,2018-06-01,Mammal,24,9,383,0.06266318537859007,6.266
Adelaide,2018,7,Jul,30,2018-07-01,Mammal,17,5,383,0.044386422976501305,4.439
Adelaide,2018,8,Aug,31,2018-08-01,Mammal,19,8,383,0.04960835509138381,4.961
Adelaide,2018,9,Sep,32,2018-09-01,Mammal,23,8,383,0.06005221932114883,6.005
Adelaide,2018,10,Oct,33,2018-10-01,Mammal,36,9,383,0.09399477806788512,9.399
Adelaide,2018,11,Nov,34,2018-11-01,Mammal,33,7,383,0.08616187989556136,8.616
Adelaide,2018,12,Dec,35,2018-12-01,Mammal,22,8,383,0.057441253263707574,5.744
Adelaide,2019,1,Jan,36,2019-01-01,Mammal,32,7,3932,0.008138351983723296,0.814
Adelaide,2019,2,Feb,37,2019-02-01,Mammal,30,8,3932,0.0076297049847405905,0.763
Adelaide,2019,3,Mar,38,2019-03-01,Mammal,30,10,3932,0.0076297049847405905,0.763
Adelaide,2019,4,Apr,39,2019-04-01,Mammal,162,12,3932,0.041200406917599186,4.12
Adelaide,2019,5,May,40,2019-05-01,Mammal,30,7,3932,0.0076297049847405905,0.763
Adelaide,2019,6,Jun,41,2019-06-01,Mammal,36,9,3932,0.009155645981688708,0.916
Adelaide,2019,7,Jul,42,2019-07-01,Mammal,17,8,3932,0.0043234994913530014,0.432
Adelaide,2019,8,Aug,43,2019-08-01,Mammal,25,8,3932,0.006358087487283825,0.636
Adelaide,2019,9,Sep,44,2019-09-01,Mammal,32,8,3932,0.008138351983723296,0.814
Adelaide,2019,10,Oct,45,2019-10-01,Mammal,27,7,3932,0.006866734486266531,0.687
Adelaide,2019,11,Nov,46,2019-11-01,Mammal,44,9,3932,0.011190233977619531,1.119
Adelaide,2019,12,Dec,47,2019-12-01,Mammal,3467,11,3932,0.8817395727365208,88.174
Adelaide,2020,1,Jan,48,2020-01-01,Mammal,3286,8,7751,0.4239452973809831,42.395
Adelaide,2020,2,Feb,49,2020-02-01,Mammal,2328,11,7751,0.3003483421494001,30.035
Adelaide,2020,3,Mar,50,2020-03-01,Mammal,1628,8,7751,0.2100374145271578,21.004
Adelaide,2020,4,Apr,51,2020-04-01,Mammal,102,16,7751,0.01315959231066959,1.316
Adelaide,2020,5,May,52,2020-05-01,Mammal,46,8,7751,0.005934718100890208,0.593
Adelaide,2020,6,Jun,53,2020-06-01,Mammal,30,8,7751,0.003870468326667527,0.387
Adelaide,2020,7,Jul,54,2020-07-01,Mammal,64,14,7751,0.008256999096890724,0.826
Adelaide,2020,8,Aug,55,2020-08-01,Mammal,32,9,7751,0.004128499548445362,0.413
Adelaide,2020,9,Sep,56,2020-09-01,Mammal,71,11,7751,0.009160108373113146,0.916
Adelaide,2020,10,Oct,57,2020-10-01,Mammal,77,8,7751,0.009934202038446652,0.993
Adelaide,2020,11,Nov,58,2020-11-01,Mammal,50,12,7751,0.006450780544445878,0.645
Adelaide,2020,12,Dec,59,2020-12-01,Mammal,37,10,7751,0.00477357760288995,0.477
Adelaide,2021,1,Jan,60,2021-01-01,Mammal,65,11,1197,0.05430242272347535,5.43
Adelaide,2021,2,Feb,61,2021-02-01,Mammal,38,9,1197,0.031746031746031744,3.175
Adelaide,2021,3,Mar,62,2021-03-01,Mammal,54,12,1197,0.045112781954887216,4.511
Adelaide,2021,4,Apr,63,2021-04-01,Mammal,77,14,1197,0.06432748538011696,6.433
Adelaide,2021,5,May,64,2021-05-01,Mammal,122,12,1197,0.10192147034252297,10.192
Adelaide,2021,6,Jun,65,2021-06-01,Mammal,115,14,1197,0.0960735171261487,9.607
Adelaide,2021,7,Jul,66,2021-07-01,Mammal,67,10,1197,0.055973266499582286,5.597
Adelaide,2021,8,Aug,67,2021-08-01,Mammal,187,12,1197,0.15622389306599832,15.622
Adelaide,2021,9,Sep,68,2021-09-01,Mammal,101,8,1197,0.08437761069340016,8.438
Adelaide,2021,10,Oct,69,2021-10-01,Mammal,145,13,1197,0.12113617376775271,12.114
Adelaide,2021,11,Nov,70,2021-11-01,Mammal,90,10,1197,0.07518796992481203,7.519
Adelaide,2021,12,Dec,71,2021-12-01,Mammal,136,13,1197,0.1136173767752715,11.362
Adelaide,2022,1,Jan,72,2022-01-01,Mammal,139,18,1082,0.12846580406654343,12.847
Adelaide,2022,2,Feb,73,2022-02-01,Mammal,111,20,1082,0.10258780036968576,10.259
Adelaide,2022,3,Mar,74,2022-03-01,Mammal,63,12,1082,0.05822550831792976,5.823
Adelaide,2022,4,Apr,75,2022-04-01,Mammal,88,12,1082,0.08133086876155268,8.133
Adelaide,2022,5,May,76,2022-05-01,Mammal,119,14,1082,0.1099815157116451,10.998
Adelaide,2022,6,Jun,77,2022-06-01,Mammal,73,10,1082,0.06746765249537892,6.747
Adelaide,2022,7,Jul,78,2022-07-01,Mammal,57,10,1082,0.05268022181146026,5.268
Adelaide,2022,8,Aug,79,2022-08-01,Mammal,58,12,1082,0.053604436229205174,5.36
Adelaide,2022,9,Sep,80,2022-09-01,Mammal,103,14,1082,0.09519408502772643,9.519
Adelaide,2022,10,Oct,81,2022-10-01,Mammal,112,17,1082,0.10351201478743069,10.351
Adelaide,2022,11,Nov,82,2022-11-01,Mammal,103,16,1082,0.09519408502772643,9.519
Adelaide,2022,12,Dec,83,2022-12-01,Mammal,56,9,1082,0.051756007393715345,5.176
Adelaide,2023,1,Jan,84,2023-01-01,Mammal,93,16,1225,0.07591836734693877,7.592
Adelaide,2023,2,Feb,85,2023-02-01,Mammal,81,11,1225,0.06612244897959184,6.612
Adelaide,2023,3,Mar,86,2023-03-01,Mammal,87,14,1225,0.07102040816326531,7.102
Adelaide,2023,4,Apr,87,2023-04-01,Mammal,75,12,1225,0.061224489795918366,6.122
Adelaide,2023,5,May,88,2023-05-01,Mammal,124,12,1225,0.10122448979591837,10.122
Adelaide,2023,6,Jun,89,2023-06-01,Mammal,96,12,1225,0.0783673469387755,7.837
Adelaide,2023,7,Jul,90,2023-07-01,Mammal,79,12,1225,0.06448979591836734,6.449
Adelaide,2023,8,Aug,91,2023-08-01,Mammal,82,14,1225,0.06693877551020408,6.694
Adelaide,2023,9,Sep,92,2023-09-01,Mammal,96,10,1225,0.0783673469387755,7.837
Adelaide,2023,10,Oct,93,2023-10-01,Mammal,92,14,1225,0.07510204081632653,7.51
Adelaide,2023,11,Nov,94,2023-11-01,Mammal,139,15,1225,0.11346938775510204,11.347
Adelaide,2023,12,Dec,95,2023-12-01,Mammal,181,13,1225,0.14775510204081632,14.776
Adelaide,2024,1,Jan,96,2024-01-01,Mammal,175,20,1575,0.1111111111111111,11.111
Adelaide,2024,2,Feb,97,2024-02-01,Mammal,112,13,1575,0.07111111111111111,7.111
Adelaide,2024,3,Mar,98,2024-03-01,Mammal,350,15,1575,0.2222222222222222,22.222
Adelaide,2024,4,Apr,99,2024-04-01,Mammal,106,14,1575,0.0673015873015873,6.73
Adelaide,2024,5,May,100,2024-05-01,Mammal,105,16,1575,0.06666666666666667,6.667
Adelaide,2024,6,Jun,101,2024-06-01,Mammal,90,12,1575,0.05714285714285714,5.714
Adelaide,2024,7,Jul,102,2024-07-01,Mammal,96,15,1575,0.06095238095238095,6.095
Adelaide,2024,8,Aug,103,2024-08-01,Mammal,113,17,1575,0.07174603174603175,7.175
Adelaide,2024,9,Sep,104,2024-09-01,Mammal,108,16,1575,0.06857142857142857,6.857
Adelaide,2024,10,Oct,105,2024-10-01,Mammal,72,11,1575,0.045714285714285714,4.571
Adelaide,2024,11,Nov,106,2024-11-01,Mammal,107,13,1575,0.06793650793650793,6.794
Adelaide,2024,12,Dec,107,2024-12-01,Mammal,141,15,1575,0.08952380952380952,8.952
Adelaide,2025,1,Jan,108,2025-01-01,Mammal,108,14,1618,0.06674907292954264,6.675
Adelaide,2025,2,Feb,109,2025-02-01,Mammal,118,15,1618,0.07292954264524104,7.293
Adelaide,2025,3,Mar,110,2025-03-01,Mammal,163,16,1618,0.10074165636588381,10.074
Adelaide,2025,4,Apr,111,2025-04-01,Mammal,149,14,1618,0.09208899876390605,9.209
Adelaide,2025,5,May,112,2025-05-01,Mammal,132,17,1618,0.0815822002472188,8.158
Adelaide,2025,6,Jun,113,2025-06-01,Mammal,149,15,1618,0.09208899876390605,9.209
Adelaide,2025,7,Jul,114,2025-07-01,Mammal,162,13,1618,0.10012360939431397,10.012
Adelaide,2025,8,Aug,115,2025-08-01,Mammal,126,13,1618,0.07787391841779975,7.787
Adelaide,2025,9,Sep,116,2025-09-01,Mammal,154,13,1618,0.09517923362175525,9.518
Adelaide,2025,10,Oct,117,2025-10-01,Mammal,134,15,1618,0.08281829419035847,8.282
Adelaide,2025,11,Nov,118,2025-11-01,Mammal,124,14,1618,0.07663782447466007,7.664
Adelaide,2025,12,Dec,119,2025-12-01,Mammal,99,13,1618,0.06118665018541409,6.119
Adelaide,2016,1,Jan,0,2016-01-01,Reptile,1,1,159,0.006289308176100629,0.629
Adelaide,2016,2,Feb,1,2016-02-01,Reptile,6,6,159,0.03773584905660377,3.774
Adelaide,2016,3,Mar,2,2016-03-01,Reptile,130,6,159,0.8176100628930818,81.761
Adelaide,2016,4,Apr,3,2016-04-01,Reptile,2,2,159,0.012578616352201259,1.258
Adelaide,2016,5,May,4,2016-05-01,Reptile,0,0,159,0.0,0.0
Adelaide,2016,6,Jun,5,2016-06-01,Reptile,0,0,159,0.0,0.0
Adelaide,2016,7,Jul,6,2016-07-01,Reptile,0,0,159,0.0,0.0
Adelaide,2016,8,Aug,7,2016-08-01,Reptile,0,0,159,0.0,0.0
Adelaide,2016,9,Sep,8,2016-09-01,Reptile,2,2,159,0.012578616352201259,1.258
Adelaide,2016,10,Oct,9,2016-10-01,Reptile,4,4,159,0.025157232704402517,2.516
Adelaide,2016,11,Nov,10,2016-11-01,Reptile,4,4,159,0.025157232704402517,2.516
Adelaide,2016,12,Dec,11,2016-12-01,Reptile,10,6,159,0.06289308176100629,6.289
Adelaide,2017,1,Jan,12,2017-01-01,Reptile,14,7,103,0.13592233009708737,13.592
Adelaide,2017,2,Feb,13,2017-02-01,Reptile,3,2,103,0.02912621359223301,2.913
Adelaide,2017,3,Mar,14,2017-03-01,Reptile,6,6,103,0.05825242718446602,5.825
Adelaide,2017,4,Apr,15,2017-04-01,Reptile,5,4,103,0.04854368932038835,4.854
Adelaide,2017,5,May,16,2017-05-01,Reptile,4,3,103,0.038834951456310676,3.883
Adelaide,2017,6,Jun,17,2017-06-01,Reptile,5,3,103,0.04854368932038835,4.854
Adelaide,2017,7,Jul,18,2017-07-01,Reptile,2,1,103,0.019417475728155338,1.942
Adelaide,2017,8,Aug,19,2017-08-01,Reptile,5,3,103,0.04854368932038835,4.854
Adelaide,2017,9,Sep,20,2017-09-01,Reptile,6,3,103,0.05825242718446602,5.825
Adelaide,2017,10,Oct,21,2017-10-01,Reptile,24,10,103,0.23300970873786409,23.301
Adelaide,2017,11,Nov,22,2017-11-01,Reptile,16,7,103,0.1553398058252427,15.534
Adelaide,2017,12,Dec,23,2017-12-01,Reptile,13,10,103,0.1262135922330097,12.621
Adelaide,2018,1,Jan,24,2018-01-01,Reptile,12,7,181,0.06629834254143646,6.63
Adelaide,2018,2,Feb,25,2018-02-01,Reptile,4,3,181,0.022099447513812154,2.21
Adelaide,2018,3,Mar,26,2018-03-01,Reptile,11,5,181,0.06077348066298342,6.077
Adelaide,2018,4,Apr,27,2018-04-01,Reptile,40,8,181,0.22099447513812154,22.099
Adelaide,2018,5,May,28,2018-05-01,Reptile,2,1,181,0.011049723756906077,1.105
Adelaide,2018,6,Jun,29,2018-06-01,Reptile,2,0,181,0.011049723756906077,1.105
Adelaide,2018,7,Jul,30,2018-07-01,Reptile,4,3,181,0.022099447513812154,2.21
Adelaide,2018,8,Aug,31,2018-08-01,Reptile,10,5,181,0.055248618784530384,5.525
Adelaide,2018,9,Sep,32,2018-09-01,Reptile,24,11,181,0.13259668508287292,13.26
Adelaide,2018,10,Oct,33,2018-10-01,Reptile,37,7,181,0.20441988950276244,20.442
Adelaide,2018,11,Nov,34,2018-11-01,Reptile,19,4,181,0.10497237569060773,10.497
Adelaide,2018,12,Dec,35,2018-12-01,Reptile,16,8,181,0.08839779005524862,8.84
Adelaide,2019,1,Jan,36,2019-01-01,Reptile,18,10,285,0.06315789473684211,6.316
Adelaide,2019,2,Feb,37,2019-02-01,Reptile,11,5,285,0.03859649122807018,3.86
Adelaide,2019,3,Mar,38,2019-03-01,Reptile,15,5,285,0.05263157894736842,5.263
Adelaide,2019,4,Apr,39,2019-04-01,Reptile,109,10,285,0.3824561403508772,38.246
Adelaide,2019,5,May,40,2019-05-01,Reptile,7,5,285,0.02456140350877193,2.456
Adelaide,2019,6,Jun,41,2019-06-01,Reptile,11,3,285,0.03859649122807018,3.86
Adelaide,2019,7,Jul,42,2019-07-01,Reptile,1,1,285,0.0035087719298245615,0.351
Adelaide,2019,8,Aug,43,2019-08-01,Reptile,8,4,285,0.028070175438596492,2.807
Adelaide,2019,9,Sep,44,2019-09-01,Reptile,12,9,285,0.042105263157894736,4.211
Adelaide,2019,10,Oct,45,2019-10-01,Reptile,36,11,285,0.12631578947368421,12.632
Adelaide,2019,11,Nov,46,2019-11-01,Reptile,32,14,285,0.11228070175438597,11.228
Adelaide,2019,12,Dec,47,2019-12-01,Reptile,25,10,285,0.08771929824561403,8.772
Adelaide,2020,1,Jan,48,2020-01-01,Reptile,28,7,493,0.056795131845841784,5.68
Adelaide,2020,2,Feb,49,2020-02-01,Reptile,31,10,493,0.06288032454361055,6.288
Adelaide,2020,3,Mar,50,2020-03-01,Reptile,40,14,493,0.08113590263691683,8.114
Adelaide,2020,4,Apr,51,2020-04-01,Reptile,111,17,493,0.22515212981744423,22.515
Adelaide,2020,5,May,52,2020-05-01,Reptile,15,7,493,0.030425963488843813,3.043
Adelaide,2020,6,Jun,53,2020-06-01,Reptile,8,6,493,0.016227180527383367,1.623
Adelaide,2020,7,Jul,54,2020-07-01,Reptile,13,9,493,0.02636916835699797,2.637
Adelaide,2020,8,Aug,55,2020-08-01,Reptile,10,8,493,0.02028397565922921,2.028
Adelaide,2020,9,Sep,56,2020-09-01,Reptile,47,14,493,0.09533468559837728,9.533
Adelaide,2020,10,Oct,57,2020-10-01,Reptile,78,14,493,0.15821501014198783,15.822
Adelaide,2020,11,Nov,58,2020-11-01,Reptile,63,16,493,0.12778904665314403,12.779
Adelaide,2020,12,Dec,59,2020-12-01,Reptile,49,13,493,0.09939148073022312,9.939
Adelaide,2021,1,Jan,60,2021-01-01,Reptile,35,13,593,0.05902192242833052,5.902
Adelaide,2021,2,Feb,61,2021-02-01,Reptile,36,9,593,0.06070826306913996,6.071
Adelaide,2021,3,Mar,62,2021-03-01,Reptile,40,13,593,0.06745362563237774,6.745
Adelaide,2021,4,Apr,63,2021-04-01,Reptile,58,18,593,0.09780775716694773,9.781
Adelaide,2021,5,May,64,2021-05-01,Reptile,23,10,593,0.0387858347386172,3.879
Adelaide,2021,6,Jun,65,2021-06-01,Reptile,12,8,593,0.02023608768971332,2.024
Adelaide,2021,7,Jul,66,2021-07-01,Reptile,13,4,593,0.021922428330522766,2.192
Adelaide,2021,8,Aug,67,2021-08-01,Reptile,23,11,593,0.0387858347386172,3.879
Adelaide,2021,9,Sep,68,2021-09-01,Reptile,59,17,593,0.09949409780775717,9.949
Adelaide,2021,10,Oct,69,2021-10-01,Reptile,122,25,593,0.2057335581787521,20.573
Adelaide,2021,11,Nov,70,2021-11-01,Reptile,102,21,593,0.17200674536256325,17.201
Adelaide,2021,12,Dec,71,2021-12-01,Reptile,70,18,593,0.11804384485666104,11.804
Adelaide,2022,1,Jan,72,2022-01-01,Reptile,69,17,648,0.10648148148148148,10.648
Adelaide,2022,2,Feb,73,2022-02-01,Reptile,55,13,648,0.08487654320987655,8.488
Adelaide,2022,3,Mar,74,2022-03-01,Reptile,86,19,648,0.13271604938271606,13.272
Adelaide,2022,4,Apr,75,2022-04-01,Reptile,74,16,648,0.11419753086419752,11.42
Adelaide,2022,5,May,76,2022-05-01,Reptile,41,14,648,0.06327160493827161,6.327
Adelaide,2022,6,Jun,77,2022-06-01,Reptile,54,8,648,0.08333333333333333,8.333
Adelaide,2022,7,Jul,78,2022-07-01,Reptile,13,9,648,0.020061728395061727,2.006
Adelaide,2022,8,Aug,79,2022-08-01,Reptile,16,10,648,0.024691358024691357,2.469
Adelaide,2022,9,Sep,80,2022-09-01,Reptile,28,11,648,0.043209876543209874,4.321
Adelaide,2022,10,Oct,81,2022-10-01,Reptile,72,11,648,0.1111111111111111,11.111
Adelaide,2022,11,Nov,82,2022-11-01,Reptile,57,18,648,0.08796296296296297,8.796
Adelaide,2022,12,Dec,83,2022-12-01,Reptile,83,16,648,0.12808641975308643,12.809
Adelaide,2023,1,Jan,84,2023-01-01,Reptile,80,13,811,0.09864364981504316,9.864
Adelaide,2023,2,Feb,85,2023-02-01,Reptile,62,12,811,0.07644882860665844,7.645
Adelaide,2023,3,Mar,86,2023-03-01,Reptile,103,19,811,0.12700369913686807,12.7
Adelaide,2023,4,Apr,87,2023-04-01,Reptile,42,11,811,0.051787916152897656,5.179
Adelaide,2023,5,May,88,2023-05-01,Reptile,32,9,811,0.03945745992601726,3.946
Adelaide,2023,6,Jun,89,2023-06-01,Reptile,16,8,811,0.01972872996300863,1.973
Adelaide,2023,7,Jul,90,2023-07-01,Reptile,21,11,811,0.025893958076448828,2.589
Adelaide,2023,8,Aug,91,2023-08-01,Reptile,39,14,811,0.04808877928483354,4.809
Adelaide,2023,9,Sep,92,2023-09-01,Reptile,108,15,811,0.13316892725030827,13.317
Adelaide,2023,10,Oct,93,2023-10-01,Reptile,114,15,811,0.1405672009864365,14.057
Adelaide,2023,11,Nov,94,2023-11-01,Reptile,84,15,811,0.10357583230579531,10.358
Adelaide,2023,12,Dec,95,2023-12-01,Reptile,110,16,811,0.13563501849568435,13.564
Adelaide,2024,1,Jan,96,2024-01-01,Reptile,76,15,932,0.0815450643776824,8.155
Adelaide,2024,2,Feb,97,2024-02-01,Reptile,55,15,932,0.059012875536480686,5.901
Adelaide,2024,3,Mar,98,2024-03-01,Reptile,89,16,932,0.09549356223175966,9.549
Adelaide,2024,4,Apr,99,2024-04-01,Reptile,63,14,932,0.06759656652360516,6.76
Adelaide,2024,5,May,100,2024-05-01,Reptile,32,12,932,0.034334763948497854,3.433
Adelaide,2024,6,Jun,101,2024-06-01,Reptile,53,12,932,0.05686695278969957,5.687
Adelaide,2024,7,Jul,102,2024-07-01,Reptile,19,7,932,0.0203862660944206,2.039
Adelaide,2024,8,Aug,103,2024-08-01,Reptile,54,17,932,0.05793991416309013,5.794
Adelaide,2024,9,Sep,104,2024-09-01,Reptile,87,17,932,0.09334763948497854,9.335
Adelaide,2024,10,Oct,105,2024-10-01,Reptile,183,21,932,0.1963519313304721,19.635
Adelaide,2024,11,Nov,106,2024-11-01,Reptile,109,15,932,0.11695278969957082,11.695
Adelaide,2024,12,Dec,107,2024-12-01,Reptile,112,21,932,0.12017167381974249,12.017
Adelaide,2025,1,Jan,108,2025-01-01,Reptile,92,19,949,0.09694415173867228,9.694
Adelaide,2025,2,Feb,109,2025-02-01,Reptile,63,16,949,0.06638566912539515,6.639
Adelaide,2025,3,Mar,110,2025-03-01,Reptile,78,18,949,0.0821917808219178,8.219
Adelaide,2025,4,Apr,111,2025-04-01,Reptile,65,15,949,0.0684931506849315,6.849
Adelaide,2025,5,May,112,2025-05-01,Reptile,38,15,949,0.040042149631190724,4.004
Adelaide,2025,6,Jun,113,2025-06-01,Reptile,22,9,949,0.023182297154899896,2.318
Adelaide,2025,7,Jul,114,2025-07-01,Reptile,23,11,949,0.02423603793466807,2.424
Adelaide,2025,8,Aug,115,2025-08-01,Reptile,48,15,949,0.0505795574288725,5.058
Adelaide,2025,9,Sep,116,2025-09-01,Reptile,97,22,949,0.10221285563751317,10.221
Adelaide,2025,10,Oct,117,2025-10-01,Reptile,132,15,949,0.13909378292939936,13.909
Adelaide,2025,11,Nov,118,2025-11-01,Reptile,148,21,949,0.1559536354056902,15.595
Adelaide,2025,12,Dec,119,2025-12-01,Reptile,143,17,949,0.1506849315068493,15.068
Adelaide,2016,1,Jan,0,2016-01-01,Insect,21,9,238,0.08823529411764706,8.824
Adelaide,2016,2,Feb,1,2016-02-01,Insect,5,3,238,0.02100840336134454,2.101
Adelaide,2016,3,Mar,2,2016-03-01,Insect,14,9,238,0.058823529411764705,5.882
Adelaide,2016,4,Apr,3,2016-04-01,Insect,34,10,238,0.14285714285714285,14.286
Adelaide,2016,5,May,4,2016-05-01,Insect,11,4,238,0.046218487394957986,4.622
Adelaide,2016,6,Jun,5,2016-06-01,Insect,13,6,238,0.0546218487394958,5.462
Adelaide,2016,7,Jul,6,2016-07-01,Insect,17,7,238,0.07142857142857142,7.143
Adelaide,2016,8,Aug,7,2016-08-01,Insect,13,6,238,0.0546218487394958,5.462
Adelaide,2016,9,Sep,8,2016-09-01,Insect,27,8,238,0.1134453781512605,11.345
Adelaide,2016,10,Oct,9,2016-10-01,Insect,32,12,238,0.13445378151260504,13.445
Adelaide,2016,11,Nov,10,2016-11-01,Insect,31,16,238,0.13025210084033614,13.025
Adelaide,2016,12,Dec,11,2016-12-01,Insect,20,14,238,0.08403361344537816,8.403
Adelaide,2017,1,Jan,12,2017-01-01,Insect,39,20,505,0.07722772277227723,7.723
Adelaide,2017,2,Feb,13,2017-02-01,Insect,32,20,505,0.06336633663366337,6.337
Adelaide,2017,3,Mar,14,2017-03-01,Insect,88,45,505,0.17425742574257425,17.426
Adelaide,2017,4,Apr,15,2017-04-01,Insect,21,7,505,0.041584158415841586,4.158
Adelaide,2017,5,May,16,2017-05-01,Insect,15,8,505,0.0297029702970297,2.97
Adelaide,2017,6,Jun,17,2017-06-01,Insect,41,11,505,0.08118811881188119,8.119
Adelaide,2017,7,Jul,18,2017-07-01,Insect,21,5,505,0.041584158415841586,4.158
Adelaide,2017,8,Aug,19,2017-08-01,Insect,10,2,505,0.019801980198019802,1.98
Adelaide,2017,9,Sep,20,2017-09-01,Insect,18,5,505,0.03564356435643564,3.564
Adelaide,2017,10,Oct,21,2017-10-01,Insect,68,25,505,0.13465346534653466,13.465
Adelaide,2017,11,Nov,22,2017-11-01,Insect,101,38,505,0.2,20.0
Adelaide,2017,12,Dec,23,2017-12-01,Insect,51,19,505,0.100990099009901,10.099
Adelaide,2018,1,Jan,24,2018-01-01,Insect,48,17,1135,0.04229074889867841,4.229
Adelaide,2018,2,Feb,25,2018-02-01,Insect,37,17,1135,0.03259911894273128,3.26
Adelaide,2018,3,Mar,26,2018-03-01,Insect,59,20,1135,0.051982378854625554,5.198
Adelaide,2018,4,Apr,27,2018-04-01,Insect,408,57,1135,0.3594713656387665,35.947
Adelaide,2018,5,May,28,2018-05-01,Insect,26,8,1135,0.02290748898678414,2.291
Adelaide,2018,6,Jun,29,2018-06-01,Insect,30,2,1135,0.02643171806167401,2.643
Adelaide,2018,7,Jul,30,2018-07-01,Insect,24,6,1135,0.021145374449339206,2.115
Adelaide,2018,8,Aug,31,2018-08-01,Insect,26,6,1135,0.02290748898678414,2.291
Adelaide,2018,9,Sep,32,2018-09-01,Insect,122,24,1135,0.10748898678414097,10.749
Adelaide,2018,10,Oct,33,2018-10-01,Insect,120,32,1135,0.10572687224669604,10.573
Adelaide,2018,11,Nov,34,2018-11-01,Insect,126,50,1135,0.11101321585903083,11.101
Adelaide,2018,12,Dec,35,2018-12-01,Insect,109,33,1135,0.0960352422907489,9.604
Adelaide,2019,1,Jan,36,2019-01-01,Insect,114,43,2460,0.046341463414634146,4.634
Adelaide,2019,2,Feb,37,2019-02-01,Insect,87,32,2460,0.03536585365853658,3.537
Adelaide,2019,3,Mar,38,2019-03-01,Insect,200,49,2460,0.08130081300813008,8.13
Adelaide,2019,4,Apr,39,2019-04-01,Insect,1019,89,2460,0.4142276422764228,41.423
Adelaide,2019,5,May,40,2019-05-01,Insect,87,28,2460,0.03536585365853658,3.537
Adelaide,2019,6,Jun,41,2019-06-01,Insect,35,14,2460,0.014227642276422764,1.423
Adelaide,2019,7,Jul,42,2019-07-01,Insect,44,15,2460,0.01788617886178862,1.789
Adelaide,2019,8,Aug,43,2019-08-01,Insect,63,17,2460,0.025609756097560974,2.561
Adelaide,2019,9,Sep,44,2019-09-01,Insect,115,33,2460,0.046747967479674794,4.675
Adelaide,2019,10,Oct,45,2019-10-01,Insect,192,56,2460,0.07804878048780488,7.805
Adelaide,2019,11,Nov,46,2019-11-01,Insect,237,61,2460,0.09634146341463415,9.634
Adelaide,2019,12,Dec,47,2019-12-01,Insect,267,84,2460,0.10853658536585366,10.854
Adelaide,2020,1,Jan,48,2020-01-01,Insect,284,90,6237,0.04553471220137887,4.553
Adelaide,2020,2,Feb,49,2020-02-01,Insect,299,81,6237,0.04793971460638127,4.794
Adelaide,2020,3,Mar,50,2020-03-01,Insect,476,124,6237,0.07631874298540965,7.632
Adelaide,2020,4,Apr,51,2020-04-01,Insect,1153,171,6237,0.18486451819785152,18.486
Adelaide,2020,5,May,52,2020-05-01,Insect,270,74,6237,0.04329004329004329,4.329
Adelaide,2020,6,Jun,53,2020-06-01,Insect,110,32,6237,0.01763668430335097,1.764
Adelaide,2020,7,Jul,54,2020-07-01,Insect,150,42,6237,0.02405002405002405,2.405
Adelaide,2020,8,Aug,55,2020-08-01,Insect,195,40,6237,0.031265031265031266,3.127
Adelaide,2020,9,Sep,56,2020-09-01,Insect,651,135,6237,0.10437710437710437,10.438
Adelaide,2020,10,Oct,57,2020-10-01,Insect,670,148,6237,0.1074234407567741,10.742
Adelaide,2020,11,Nov,58,2020-11-01,Insect,1103,223,6237,0.1768478435145102,17.685
Adelaide,2020,12,Dec,59,2020-12-01,Insect,876,195,6237,0.14045214045214044,14.045
Adelaide,2021,1,Jan,60,2021-01-01,Insect,647,175,10565,0.061239943208708,6.124
Adelaide,2021,2,Feb,61,2021-02-01,Insect,653,199,10565,0.061807856128726926,6.181
Adelaide,2021,3,Mar,62,2021-03-01,Insect,845,184,10565,0.07998106956933271,7.998
Adelaide,2021,4,Apr,63,2021-04-01,Insect,1886,236,10565,0.17851396119261714,17.851
Adelaide,2021,5,May,64,2021-05-01,Insect,491,118,10565,0.04647420728821581,4.647
Adelaide,2021,6,Jun,65,2021-06-01,Insect,129,42,10565,0.012210127780407004,1.221
Adelaide,2021,7,Jul,66,2021-07-01,Insect,142,39,10565,0.013440605773781353,1.344
Adelaide,2021,8,Aug,67,2021-08-01,Insect,297,67,10565,0.028111689540937058,2.811
Adelaide,2021,9,Sep,68,2021-09-01,Insect,1008,145,10565,0.09540937056318032,9.541
Adelaide,2021,10,Oct,69,2021-10-01,Insect,1845,247,10565,0.17463322290582112,17.463
Adelaide,2021,11,Nov,70,2021-11-01,Insect,1286,168,10565,0.1217226691907241,12.172
Adelaide,2021,12,Dec,71,2021-12-01,Insect,1336,201,10565,0.1264552768575485,12.646
Adelaide,2022,1,Jan,72,2022-01-01,Insect,1571,250,11022,0.1425331155870078,14.253
Adelaide,2022,2,Feb,73,2022-02-01,Insect,1426,238,11022,0.1293776084195246,12.938
Adelaide,2022,3,Mar,74,2022-03-01,Insect,1535,225,11022,0.13926692070404645,13.927
Adelaide,2022,4,Apr,75,2022-04-01,Insect,1629,236,11022,0.1477953184540011,14.78
Adelaide,2022,5,May,76,2022-05-01,Insect,489,130,11022,0.04436581382689167,4.437
Adelaide,2022,6,Jun,77,2022-06-01,Insect,117,53,11022,0.010615133369624387,1.062
Adelaide,2022,7,Jul,78,2022-07-01,Insect,179,52,11022,0.016240246779168934,1.624
Adelaide,2022,8,Aug,79,2022-08-01,Insect,398,95,11022,0.03610959898385048,3.611
Adelaide,2022,9,Sep,80,2022-09-01,Insect,434,112,11022,0.03937579386681183,3.938
Adelaide,2022,10,Oct,81,2022-10-01,Insect,1139,225,11022,0.1033387769914716,10.334
Adelaide,2022,11,Nov,82,2022-11-01,Insect,883,201,11022,0.08011250226819089,8.011
Adelaide,2022,12,Dec,83,2022-12-01,Insect,1222,249,11022,0.11086917074941027,11.087
Adelaide,2023,1,Jan,84,2023-01-01,Insect,970,231,12213,0.07942356505363138,7.942
Adelaide,2023,2,Feb,85,2023-02-01,Insect,790,221,12213,0.06468517153852452,6.469
Adelaide,2023,3,Mar,86,2023-03-01,Insect,814,226,12213,0.0666502906738721,6.665
Adelaide,2023,4,Apr,87,2023-04-01,Insect,1837,257,12213,0.1504134938180627,15.041
Adelaide,2023,5,May,88,2023-05-01,Insect,412,125,12213,0.03373454515680013,3.373
Adelaide,2023,6,Jun,89,2023-06-01,Insect,238,86,12213,0.019487431425530173,1.949
Adelaide,2023,7,Jul,90,2023-07-01,Insect,278,80,12213,0.022762629984442808,2.276
Adelaide,2023,8,Aug,91,2023-08-01,Insect,444,122,12213,0.03635470400393024,3.635
Adelaide,2023,9,Sep,92,2023-09-01,Insect,1091,255,12213,0.0893310406943421,8.933
Adelaide,2023,10,Oct,93,2023-10-01,Insect,1708,347,12213,0.1398509784655695,13.985
Adelaide,2023,11,Nov,94,2023-11-01,Insect,2170,343,12213,0.1776795218210104,17.768
Adelaide,2023,12,Dec,95,2023-12-01,Insect,1461,292,12213,0.11962662736428396,11.963
Adelaide,2024,1,Jan,96,2024-01-01,Insect,1645,354,16441,0.10005474119579101,10.005
Adelaide,2024,2,Feb,97,2024-02-01,Insect,1631,365,16441,0.0992032114834864,9.92
Adelaide,2024,3,Mar,98,2024-03-01,Insect,1694,350,16441,0.10303509518885713,10.304
Adelaide,2024,4,Apr,99,2024-04-01,Insect,1690,282,16441,0.10279180098534152,10.279
Adelaide,2024,5,May,100,2024-05-01,Insect,749,194,16441,0.04555683960829633,4.556
Adelaide,2024,6,Jun,101,2024-06-01,Insect,411,103,16441,0.024998479411228028,2.5
Adelaide,2024,7,Jul,102,2024-07-01,Insect,424,97,16441,0.025789185572653733,2.579
Adelaide,2024,8,Aug,103,2024-08-01,Insect,915,175,16441,0.055653549054193785,5.565
Adelaide,2024,9,Sep,104,2024-09-01,Insect,1595,274,16441,0.09701356365184599,9.701
Adelaide,2024,10,Oct,105,2024-10-01,Insect,2202,382,16441,0.1339334590353385,13.393
Adelaide,2024,11,Nov,106,2024-11-01,Insect,1737,327,16441,0.10565050787664984,10.565
Adelaide,2024,12,Dec,107,2024-12-01,Insect,1748,370,16441,0.10631956693631774,10.632
Adelaide,2025,1,Jan,108,2025-01-01,Insect,1644,373,17274,0.09517193469954846,9.517
Adelaide,2025,2,Feb,109,2025-02-01,Insect,1193,282,17274,0.0690633321755239,6.906
Adelaide,2025,3,Mar,110,2025-03-01,Insect,1262,310,17274,0.07305777469028597,7.306
Adelaide,2025,4,Apr,111,2025-04-01,Insect,2133,328,17274,0.12348037513025356,12.348
Adelaide,2025,5,May,112,2025-05-01,Insect,1045,215,17274,0.06049554243371541,6.05
Adelaide,2025,6,Jun,113,2025-06-01,Insect,578,112,17274,0.03346069237003589,3.346
Adelaide,2025,7,Jul,114,2025-07-01,Insect,357,107,17274,0.02066689822855158,2.067
Adelaide,2025,8,Aug,115,2025-08-01,Insect,789,156,17274,0.045675581799235844,4.568
Adelaide,2025,9,Sep,116,2025-09-01,Insect,1374,218,17274,0.0795415074678708,7.954
Adelaide,2025,10,Oct,117,2025-10-01,Insect,2609,316,17274,0.151036239434989,15.104
Adelaide,2025,11,Nov,118,2025-11-01,Insect,2091,309,17274,0.12104897533865926,12.105
Adelaide,2025,12,Dec,119,2025-12-01,Insect,2199,341,17274,0.12730114623133032,12.73
Perth,2016,1,Jan,0,2016-01-01,Bird,8367,158,61013,0.1371347089964434,13.713
Perth,2016,2,Feb,1,2016-02-01,Bird,8615,159,61013,0.1411994165177913,14.12
Perth,2016,3,Mar,2,2016-03-01,Bird,4447,146,61013,0.07288610623965384,7.289
Perth,2016,4,Apr,3,2016-04-01,Bird,4575,138,61013,0.07498401979905922,7.498
Perth,2016,5,May,4,2016-05-01,Bird,4434,137,61013,0.07267303689377673,7.267
Perth,2016,6,Jun,5,2016-06-01,Bird,3452,127,61013,0.05657810630521364,5.658
Perth,2016,7,Jul,6,2016-07-01,Bird,3496,118,61013,0.05729926409125924,5.73
Perth,2016,8,Aug,7,2016-08-01,Bird,3450,125,61013,0.05654532640584793,5.655
Perth,2016,9,Sep,8,2016-09-01,Bird,4515,140,61013,0.07400062281808795,7.4
Perth,2016,10,Oct,9,2016-10-01,Bird,6407,149,61013,0.10501040761804861,10.501
Perth,2016,11,Nov,10,2016-11-01,Bird,4723,151,61013,0.07740973235212167,7.741
Perth,2016,12,Dec,11,2016-12-01,Bird,4532,149,61013,0.07427925196269647,7.428
Perth,2017,1,Jan,12,2017-01-01,Bird,7029,152,62907,0.11173637274071248,11.174
Perth,2017,2,Feb,13,2017-02-01,Bird,6062,143,62907,0.0963644745417839,9.636
Perth,2017,3,Mar,14,2017-03-01,Bird,5383,135,62907,0.08557076319010604,8.557
Perth,2017,4,Apr,15,2017-04-01,Bird,4140,133,62907,0.06581143592922886,6.581
Perth,2017,5,May,16,2017-05-01,Bird,4810,130,62907,0.07646207894193015,7.646
Perth,2017,6,Jun,17,2017-06-01,Bird,3252,123,62907,0.051695359816872524,5.17
Perth,2017,7,Jul,18,2017-07-01,Bird,3224,122,62907,0.051250258317834266,5.125
Perth,2017,8,Aug,19,2017-08-01,Bird,3986,128,62907,0.06336337768451841,6.336
Perth,2017,9,Sep,20,2017-09-01,Bird,5839,144,62907,0.09281955903158631,9.282
Perth,2017,10,Oct,21,2017-10-01,Bird,7653,161,62907,0.12165577757642233,12.166
Perth,2017,11,Nov,22,2017-11-01,Bird,5159,153,62907,0.08200995119779993,8.201
Perth,2017,12,Dec,23,2017-12-01,Bird,6370,161,62907,0.1012605910312048,10.126
Perth,2018,1,Jan,24,2018-01-01,Bird,9757,160,102313,0.09536422546499468,9.536
Perth,2018,2,Feb,25,2018-02-01,Bird,8635,157,102313,0.08439787710261648,8.44
Perth,2018,3,Mar,26,2018-03-01,Bird,9968,165,102313,0.09742652448857916,9.743
Perth,2018,4,Apr,27,2018-04-01,Bird,8035,154,102313,0.07853351968958001,7.853
Perth,2018,5,May,28,2018-05-01,Bird,6368,142,102313,0.06224038001036036,6.224
Perth,2018,6,Jun,29,2018-06-01,Bird,6011,144,102313,0.058751087349603666,5.875
Perth,2018,7,Jul,30,2018-07-01,Bird,5552,140,102313,0.05426485392863077,5.426
Perth,2018,8,Aug,31,2018-08-01,Bird,8238,144,102313,0.08051762728099068,8.052
Perth,2018,9,Sep,32,2018-09-01,Bird,9828,159,102313,0.09605817442553732,9.606
Perth,2018,10,Oct,33,2018-10-01,Bird,11212,174,102313,0.1095852921916081,10.959
Perth,2018,11,Nov,34,2018-11-01,Bird,8401,161,102313,0.08211077771153226,8.211
Perth,2018,12,Dec,35,2018-12-01,Bird,10308,163,102313,0.1007496603559665,10.075
Perth,2019,1,Jan,36,2019-01-01,Bird,14120,165,130392,0.10828885207681453,10.829
Perth,2019,2,Feb,37,2019-02-01,Bird,11653,163,130392,0.08936897969200565,8.937
Perth,2019,3,Mar,38,2019-03-01,Bird,10198,168,130392,0.07821031965151236,7.821
Perth,2019,4,Apr,39,2019-04-01,Bird,9445,156,130392,0.07243542548622615,7.244
Perth,2019,5,May,40,2019-05-01,Bird,10048,155,130392,0.07705994232775017,7.706
Perth,2019,6,Jun,41,2019-06-01,Bird,6885,149,130392,0.0528023191606847,5.28
Perth,2019,7,Jul,42,2019-07-01,Bird,9459,139,130392,0.07254279403644395,7.254
Perth,2019,8,Aug,43,2019-08-01,Bird,8577,149,130392,0.06577857537272225,6.578
Perth,2019,9,Sep,44,2019-09-01,Bird,11546,164,130392,0.08854837720105528,8.855
Perth,2019,10,Oct,45,2019-10-01,Bird,14565,177,130392,0.11170163813730903,11.17
Perth,2019,11,Nov,46,2019-11-01,Bird,11700,173,130392,0.08972943125345113,8.973
Perth,2019,12,Dec,47,2019-12-01,Bird,12196,174,130392,0.09353334560402479,9.353
Perth,2020,1,Jan,48,2020-01-01,Bird,15263,171,134109,0.11381040795174074,11.381
Perth,2020,2,Feb,49,2020-02-01,Bird,9445,171,134109,0.07042778635289206,7.043
Perth,2020,3,Mar,50,2020-03-01,Bird,9755,165,134109,0.07273933889597269,7.274
Perth,2020,4,Apr,51,2020-04-01,Bird,11449,168,134109,0.08537085505074231,8.537
Perth,2020,5,May,52,2020-05-01,Bird,11352,168,134109,0.08464756280339127,8.465
Perth,2020,6,Jun,53,2020-06-01,Bird,8328,146,134109,0.06209874057669507,6.21
Perth,2020,7,Jul,54,2020-07-01,Bird,10582,151,134109,0.07890596455122326,7.891
Perth,2020,8,Aug,55,2020-08-01,Bird,10464,151,134109,0.07802608326063128,7.803
Perth,2020,9,Sep,56,2020-09-01,Bird,11444,159,134109,0.08533357194520874,8.533
Perth,2020,10,Oct,57,2020-10-01,Bird,12956,175,134109,0.09660798305855685,9.661
Perth,2020,11,Nov,58,2020-11-01,Bird,11138,160,134109,0.08305184588655497,8.305
Perth,2020,12,Dec,59,2020-12-01,Bird,11933,167,134109,0.08897985966639077,8.898
Perth,2021,1,Jan,60,2021-01-01,Bird,18893,175,132761,0.14230835862941676,14.231
Perth,2021,2,Feb,61,2021-02-01,Bird,10871,152,132761,0.08188398701425871,8.188
Perth,2021,3,Mar,62,2021-03-01,Bird,10191,154,132761,0.07676200088881524,7.676
Perth,2021,4,Apr,63,2021-04-01,Bird,8564,143,132761,0.064506895850438,6.451
Perth,2021,5,May,64,2021-05-01,Bird,9911,142,132761,0.07465294777833852,7.465
Perth,2021,6,Jun,65,2021-06-01,Bird,8377,147,132761,0.06309834966594105,6.31
Perth,2021,7,Jul,66,2021-07-01,Bird,7800,136,132761,0.05875219379185152,5.875
Perth,2021,8,Aug,67,2021-08-01,Bird,10759,150,132761,0.08104036577006801,8.104
Perth,2021,9,Sep,68,2021-09-01,Bird,10838,159,132761,0.08163542004052395,8.164
Perth,2021,10,Oct,69,2021-10-01,Bird,11139,162,132761,0.08390265213428642,8.39
Perth,2021,11,Nov,70,2021-11-01,Bird,11119,160,132761,0.08375200548353809,8.375
Perth,2021,12,Dec,71,2021-12-01,Bird,14299,155,132761,0.1077048229525237,10.77
Perth,2022,1,Jan,72,2022-01-01,Bird,20663,173,167368,0.12345848668801683,12.346
Perth,2022,2,Feb,73,2022-02-01,Bird,12880,162,167368,0.07695616844319106,7.696
Perth,2022,3,Mar,74,2022-03-01,Bird,14802,168,167368,0.08843984513168586,8.844
Perth,2022,4,Apr,75,2022-04-01,Bird,13261,160,167368,0.07923258926437551,7.923
Perth,2022,5,May,76,2022-05-01,Bird,11337,151,167368,0.06773696286028393,6.774
Perth,2022,6,Jun,77,2022-06-01,Bird,11175,148,167368,0.06676903589694565,6.677
Perth,2022,7,Jul,78,2022-07-01,Bird,14739,152,167368,0.08806342909038765,8.806
Perth,2022,8,Aug,79,2022-08-01,Bird,11329,153,167368,0.06768916399789685,6.769
Perth,2022,9,Sep,80,2022-09-01,Bird,15227,159,167368,0.09097915969599923,9.098
Perth,2022,10,Oct,81,2022-10-01,Bird,13948,165,167368,0.08333731657186559,8.334
Perth,2022,11,Nov,82,2022-11-01,Bird,13513,163,167368,0.08073825342956838,8.074
Perth,2022,12,Dec,83,2022-12-01,Bird,14494,162,167368,0.08659958892978348,8.66
Perth,2023,1,Jan,84,2023-01-01,Bird,16222,166,175905,0.0922202325118672,9.222
Perth,2023,2,Feb,85,2023-02-01,Bird,14269,164,175905,0.08111764873084903,8.112
Perth,2023,3,Mar,86,2023-03-01,Bird,15045,168,175905,0.08552912083226742,8.553
Perth,2023,4,Apr,87,2023-04-01,Bird,13033,160,175905,0.07409112873425996,7.409
Perth,2023,5,May,88,2023-05-01,Bird,11742,156,175905,0.06675193996759615,6.675
Perth,2023,6,Jun,89,2023-06-01,Bird,10621,147,175905,0.06037918194479975,6.038
Perth,2023,7,Jul,90,2023-07-01,Bird,13026,153,175905,0.07405133452715955,7.405
Perth,2023,8,Aug,91,2023-08-01,Bird,14111,153,175905,0.0802194366277252,8.022
Perth,2023,9,Sep,92,2023-09-01,Bird,14884,164,175905,0.08461385406895768,8.461
Perth,2023,10,Oct,93,2023-10-01,Bird,16555,175,175905,0.09411329979250163,9.411
Perth,2023,11,Nov,94,2023-11-01,Bird,18392,176,175905,0.1045564367129985,10.456
Perth,2023,12,Dec,95,2023-12-01,Bird,18005,171,175905,0.10235638554901794,10.236
Perth,2024,1,Jan,96,2024-01-01,Bird,24496,172,214864,0.11400699977660288,11.401
Perth,2024,2,Feb,97,2024-02-01,Bird,18207,169,214864,0.08473732221312086,8.474
Perth,2024,3,Mar,98,2024-03-01,Bird,14504,155,214864,0.06750316479261301,6.75
Perth,2024,4,Apr,99,2024-04-01,Bird,18037,158,214864,0.08394612405987043,8.395
Perth,2024,5,May,100,2024-05-01,Bird,16342,156,214864,0.07605741306128527,7.606
Perth,2024,6,Jun,101,2024-06-01,Bird,14683,148,214864,0.06833624990691786,6.834
Perth,2024,7,Jul,102,2024-07-01,Bird,13125,142,214864,0.06108515153771688,6.109
Perth,2024,8,Aug,103,2024-08-01,Bird,14298,156,214864,0.06654441879514483,6.654
Perth,2024,9,Sep,104,2024-09-01,Bird,17483,153,214864,0.0813677489016308,8.137
Perth,2024,10,Oct,105,2024-10-01,Bird,21442,166,214864,0.09979335765879813,9.979
Perth,2024,11,Nov,106,2024-11-01,Bird,20797,165,214864,0.09679145878323032,9.679
Perth,2024,12,Dec,107,2024-12-01,Bird,21450,174,214864,0.09983059051306874,9.983
Perth,2025,1,Jan,108,2025-01-01,Bird,25904,174,167810,0.15436505571777606,15.437
Perth,2025,2,Feb,109,2025-02-01,Bird,19561,169,167810,0.11656635480603063,11.657
Perth,2025,3,Mar,110,2025-03-01,Bird,16328,164,167810,0.09730051844347774,9.73
Perth,2025,4,Apr,111,2025-04-01,Bird,15891,160,167810,0.09469638281389667,9.47
Perth,2025,5,May,112,2025-05-01,Bird,20683,162,167810,0.12325248793278112,12.325
Perth,2025,6,Jun,113,2025-06-01,Bird,18305,157,167810,0.10908169954114773,10.908
Perth,2025,7,Jul,114,2025-07-01,Bird,19380,153,167810,0.11548775400750849,11.549
Perth,2025,8,Aug,115,2025-08-01,Bird,16908,155,167810,0.10075680829509565,10.076
Perth,2025,9,Sep,116,2025-09-01,Bird,2912,134,167810,0.017352958703295392,1.735
Perth,2025,10,Oct,117,2025-10-01,Bird,3987,141,167810,0.02375901316965616,2.376
Perth,2025,11,Nov,118,2025-11-01,Bird,4791,144,167810,0.02855014599845063,2.855
Perth,2025,12,Dec,119,2025-12-01,Bird,3160,135,167810,0.018830820570883738,1.883
Perth,2016,1,Jan,0,2016-01-01,Mammal,16,4,227,0.07048458149779736,7.048
Perth,2016,2,Feb,1,2016-02-01,Mammal,19,6,227,0.08370044052863436,8.37
Perth,2016,3,Mar,2,2016-03-01,Mammal,22,6,227,0.09691629955947137,9.692
Perth,2016,4,Apr,3,2016-04-01,Mammal,38,11,227,0.16740088105726872,16.74
Perth,2016,5,May,4,2016-05-01,Mammal,24,11,227,0.10572687224669604,10.573
Perth,2016,6,Jun,5,2016-06-01,Mammal,12,9,227,0.05286343612334802,5.286
Perth,2016,7,Jul,6,2016-07-01,Mammal,5,3,227,0.022026431718061675,2.203
Perth,2016,8,Aug,7,2016-08-01,Mammal,26,6,227,0.1145374449339207,11.454
Perth,2016,9,Sep,8,2016-09-01,Mammal,14,6,227,0.06167400881057269,6.167
Perth,2016,10,Oct,9,2016-10-01,Mammal,36,8,227,0.15859030837004406,15.859
Perth,2016,11,Nov,10,2016-11-01,Mammal,8,4,227,0.03524229074889868,3.524
Perth,2016,12,Dec,11,2016-12-01,Mammal,7,3,227,0.030837004405286344,3.084
Perth,2017,1,Jan,12,2017-01-01,Mammal,29,6,224,0.12946428571428573,12.946
Perth,2017,2,Feb,13,2017-02-01,Mammal,23,4,224,0.10267857142857142,10.268
Perth,2017,3,Mar,14,2017-03-01,Mammal,24,9,224,0.10714285714285714,10.714
Perth,2017,4,Apr,15,2017-04-01,Mammal,43,9,224,0.19196428571428573,19.196
Perth,2017,5,May,16,2017-05-01,Mammal,21,7,224,0.09375,9.375
Perth,2017,6,Jun,17,2017-06-01,Mammal,18,10,224,0.08035714285714286,8.036
Perth,2017,7,Jul,18,2017-07-01,Mammal,14,5,224,0.0625,6.25
Perth,2017,8,Aug,19,2017-08-01,Mammal,5,4,224,0.022321428571428572,2.232
Perth,2017,9,Sep,20,2017-09-01,Mammal,15,6,224,0.06696428571428571,6.696
Perth,2017,10,Oct,21,2017-10-01,Mammal,10,5,224,0.044642857142857144,4.464
Perth,2017,11,Nov,22,2017-11-01,Mammal,11,7,224,0.049107142857142856,4.911
Perth,2017,12,Dec,23,2017-12-01,Mammal,11,5,224,0.049107142857142856,4.911
Perth,2018,1,Jan,24,2018-01-01,Mammal,47,3,272,0.17279411764705882,17.279
Perth,2018,2,Feb,25,2018-02-01,Mammal,46,7,272,0.16911764705882354,16.912
Perth,2018,3,Mar,26,2018-03-01,Mammal,15,4,272,0.05514705882352941,5.515
Perth,2018,4,Apr,27,2018-04-01,Mammal,17,6,272,0.0625,6.25
Perth,2018,5,May,28,2018-05-01,Mammal,33,7,272,0.1213235294117647,12.132
Perth,2018,6,Jun,29,2018-06-01,Mammal,17,6,272,0.0625,6.25
Perth,2018,7,Jul,30,2018-07-01,Mammal,11,5,272,0.04044117647058824,4.044
Perth,2018,8,Aug,31,2018-08-01,Mammal,20,5,272,0.07352941176470588,7.353
Perth,2018,9,Sep,32,2018-09-01,Mammal,12,5,272,0.04411764705882353,4.412
Perth,2018,10,Oct,33,2018-10-01,Mammal,18,8,272,0.0661764705882353,6.618
Perth,2018,11,Nov,34,2018-11-01,Mammal,14,4,272,0.051470588235294115,5.147
Perth,2018,12,Dec,35,2018-12-01,Mammal,22,6,272,0.08088235294117647,8.088
Perth,2019,1,Jan,36,2019-01-01,Mammal,35,6,201,0.17412935323383086,17.413
Perth,2019,2,Feb,37,2019-02-01,Mammal,6,4,201,0.029850746268656716,2.985
Perth,2019,3,Mar,38,2019-03-01,Mammal,16,4,201,0.07960199004975124,7.96
Perth,2019,4,Apr,39,2019-04-01,Mammal,30,8,201,0.14925373134328357,14.925
Perth,2019,5,May,40,2019-05-01,Mammal,18,8,201,0.08955223880597014,8.955
Perth,2019,6,Jun,41,2019-06-01,Mammal,9,4,201,0.04477611940298507,4.478
Perth,2019,7,Jul,42,2019-07-01,Mammal,10,6,201,0.04975124378109453,4.975
Perth,2019,8,Aug,43,2019-08-01,Mammal,14,6,201,0.06965174129353234,6.965
Perth,2019,9,Sep,44,2019-09-01,Mammal,12,5,201,0.05970149253731343,5.97
Perth,2019,10,Oct,45,2019-10-01,Mammal,15,6,201,0.07462686567164178,7.463
Perth,2019,11,Nov,46,2019-11-01,Mammal,22,9,201,0.10945273631840796,10.945
Perth,2019,12,Dec,47,2019-12-01,Mammal,14,6,201,0.06965174129353234,6.965
Perth,2020,1,Jan,48,2020-01-01,Mammal,43,5,277,0.1552346570397112,15.523
Perth,2020,2,Feb,49,2020-02-01,Mammal,10,5,277,0.036101083032490974,3.61
Perth,2020,3,Mar,50,2020-03-01,Mammal,13,5,277,0.04693140794223827,4.693
Perth,2020,4,Apr,51,2020-04-01,Mammal,6,4,277,0.021660649819494584,2.166
Perth,2020,5,May,52,2020-05-01,Mammal,12,4,277,0.04332129963898917,4.332
Perth,2020,6,Jun,53,2020-06-01,Mammal,4,4,277,0.01444043321299639,1.444
Perth,2020,7,Jul,54,2020-07-01,Mammal,16,4,277,0.05776173285198556,5.776
Perth,2020,8,Aug,55,2020-08-01,Mammal,18,7,277,0.06498194945848375,6.498
Perth,2020,9,Sep,56,2020-09-01,Mammal,48,7,277,0.17328519855595667,17.329
Perth,2020,10,Oct,57,2020-10-01,Mammal,48,8,277,0.17328519855595667,17.329
Perth,2020,11,Nov,58,2020-11-01,Mammal,27,5,277,0.09747292418772563,9.747
Perth,2020,12,Dec,59,2020-12-01,Mammal,32,6,277,0.11552346570397112,11.552
Perth,2021,1,Jan,60,2021-01-01,Mammal,59,7,255,0.23137254901960785,23.137
Perth,2021,2,Feb,61,2021-02-01,Mammal,13,5,255,0.050980392156862744,5.098
Perth,2021,3,Mar,62,2021-03-01,Mammal,7,6,255,0.027450980392156862,2.745
Perth,2021,4,Apr,63,2021-04-01,Mammal,17,5,255,0.06666666666666667,6.667
Perth,2021,5,May,64,2021-05-01,Mammal,17,3,255,0.06666666666666667,6.667
Perth,2021,6,Jun,65,2021-06-01,Mammal,23,6,255,0.09019607843137255,9.02
Perth,2021,7,Jul,66,2021-07-01,Mammal,24,8,255,0.09411764705882353,9.412
Perth,2021,8,Aug,67,2021-08-01,Mammal,17,7,255,0.06666666666666667,6.667
Perth,2021,9,Sep,68,2021-09-01,Mammal,16,8,255,0.06274509803921569,6.275
Perth,2021,10,Oct,69,2021-10-01,Mammal,29,9,255,0.11372549019607843,11.373
Perth,2021,11,Nov,70,2021-11-01,Mammal,19,6,255,0.07450980392156863,7.451
Perth,2021,12,Dec,71,2021-12-01,Mammal,14,4,255,0.054901960784313725,5.49
Perth,2022,1,Jan,72,2022-01-01,Mammal,19,4,250,0.076,7.6
Perth,2022,2,Feb,73,2022-02-01,Mammal,22,7,250,0.088,8.8
Perth,2022,3,Mar,74,2022-03-01,Mammal,21,7,250,0.084,8.4
Perth,2022,4,Apr,75,2022-04-01,Mammal,24,7,250,0.096,9.6
Perth,2022,5,May,76,2022-05-01,Mammal,23,8,250,0.092,9.2
Perth,2022,6,Jun,77,2022-06-01,Mammal,31,9,250,0.124,12.4
Perth,2022,7,Jul,78,2022-07-01,Mammal,23,6,250,0.092,9.2
Perth,2022,8,Aug,79,2022-08-01,Mammal,18,6,250,0.072,7.2
Perth,2022,9,Sep,80,2022-09-01,Mammal,20,6,250,0.08,8.0
Perth,2022,10,Oct,81,2022-10-01,Mammal,19,5,250,0.076,7.6
Perth,2022,11,Nov,82,2022-11-01,Mammal,12,5,250,0.048,4.8
Perth,2022,12,Dec,83,2022-12-01,Mammal,18,7,250,0.072,7.2
Perth,2023,1,Jan,84,2023-01-01,Mammal,58,10,495,0.11717171717171718,11.717
Perth,2023,2,Feb,85,2023-02-01,Mammal,39,10,495,0.07878787878787878,7.879
Perth,2023,3,Mar,86,2023-03-01,Mammal,43,10,495,0.08686868686868687,8.687
Perth,2023,4,Apr,87,2023-04-01,Mammal,28,9,495,0.05656565656565657,5.657
Perth,2023,5,May,88,2023-05-01,Mammal,31,8,495,0.06262626262626263,6.263
Perth,2023,6,Jun,89,2023-06-01,Mammal,41,7,495,0.08282828282828283,8.283
Perth,2023,7,Jul,90,2023-07-01,Mammal,40,12,495,0.08080808080808081,8.081
Perth,2023,8,Aug,91,2023-08-01,Mammal,50,9,495,0.10101010101010101,10.101
Perth,2023,9,Sep,92,2023-09-01,Mammal,32,7,495,0.06464646464646465,6.465
Perth,2023,10,Oct,93,2023-10-01,Mammal,38,7,495,0.07676767676767676,7.677
Perth,2023,11,Nov,94,2023-11-01,Mammal,49,8,495,0.09898989898989899,9.899
Perth,2023,12,Dec,95,2023-12-01,Mammal,46,7,495,0.09292929292929293,9.293
Perth,2024,1,Jan,96,2024-01-01,Mammal,73,6,935,0.07807486631016043,7.807
Perth,2024,2,Feb,97,2024-02-01,Mammal,76,9,935,0.08128342245989305,8.128
Perth,2024,3,Mar,98,2024-03-01,Mammal,90,10,935,0.0962566844919786,9.626
Perth,2024,4,Apr,99,2024-04-01,Mammal,85,8,935,0.09090909090909091,9.091
Perth,2024,5,May,100,2024-05-01,Mammal,76,9,935,0.08128342245989305,8.128
Perth,2024,6,Jun,101,2024-06-01,Mammal,72,7,935,0.07700534759358289,7.701
Perth,2024,7,Jul,102,2024-07-01,Mammal,49,9,935,0.052406417112299465,5.241
Perth,2024,8,Aug,103,2024-08-01,Mammal,67,9,935,0.07165775401069518,7.166
Perth,2024,9,Sep,104,2024-09-01,Mammal,66,7,935,0.07058823529411765,7.059
Perth,2024,10,Oct,105,2024-10-01,Mammal,73,8,935,0.07807486631016043,7.807
Perth,2024,11,Nov,106,2024-11-01,Mammal,91,13,935,0.09732620320855614,9.733
Perth,2024,12,Dec,107,2024-12-01,Mammal,117,10,935,0.12513368983957218,12.513
Perth,2025,1,Jan,108,2025-01-01,Mammal,73,9,1610,0.0453416149068323,4.534
Perth,2025,2,Feb,109,2025-02-01,Mammal,176,11,1610,0.1093167701863354,10.932
Perth,2025,3,Mar,110,2025-03-01,Mammal,143,10,1610,0.08881987577639752,8.882
Perth,2025,4,Apr,111,2025-04-01,Mammal,171,14,1610,0.1062111801242236,10.621
Perth,2025,5,May,112,2025-05-01,Mammal,136,9,1610,0.084472049689441,8.447
Perth,2025,6,Jun,113,2025-06-01,Mammal,126,6,1610,0.0782608695652174,7.826
Perth,2025,7,Jul,114,2025-07-01,Mammal,108,12,1610,0.0670807453416149,6.708
Perth,2025,8,Aug,115,2025-08-01,Mammal,93,8,1610,0.0577639751552795,5.776
Perth,2025,9,Sep,116,2025-09-01,Mammal,69,6,1610,0.04285714285714286,4.286
Perth,2025,10,Oct,117,2025-10-01,Mammal,107,14,1610,0.06645962732919254,6.646
Perth,2025,11,Nov,118,2025-11-01,Mammal,213,9,1610,0.13229813664596274,13.23
Perth,2025,12,Dec,119,2025-12-01,Mammal,195,9,1610,0.12111801242236025,12.112
Perth,2016,1,Jan,0,2016-01-01,Reptile,24,10,227,0.10572687224669604,10.573
Perth,2016,2,Feb,1,2016-02-01,Reptile,25,16,227,0.11013215859030837,11.013
Perth,2016,3,Mar,2,2016-03-01,Reptile,10,9,227,0.04405286343612335,4.405
Perth,2016,4,Apr,3,2016-04-01,Reptile,24,11,227,0.10572687224669604,10.573
Perth,2016,5,May,4,2016-05-01,Reptile,15,12,227,0.06607929515418502,6.608
Perth,2016,6,Jun,5,2016-06-01,Reptile,7,6,227,0.030837004405286344,3.084
Perth,2016,7,Jul,6,2016-07-01,Reptile,11,5,227,0.048458149779735685,4.846
Perth,2016,8,Aug,7,2016-08-01,Reptile,8,3,227,0.03524229074889868,3.524
Perth,2016,9,Sep,8,2016-09-01,Reptile,25,10,227,0.11013215859030837,11.013
Perth,2016,10,Oct,9,2016-10-01,Reptile,34,9,227,0.14977973568281938,14.978
Perth,2016,11,Nov,10,2016-11-01,Reptile,22,10,227,0.09691629955947137,9.692
Perth,2016,12,Dec,11,2016-12-01,Reptile,22,9,227,0.09691629955947137,9.692
Perth,2017,1,Jan,12,2017-01-01,Reptile,62,16,297,0.20875420875420875,20.875
Perth,2017,2,Feb,13,2017-02-01,Reptile,18,10,297,0.06060606060606061,6.061
Perth,2017,3,Mar,14,2017-03-01,Reptile,6,5,297,0.020202020202020204,2.02
Perth,2017,4,Apr,15,2017-04-01,Reptile,19,10,297,0.06397306397306397,6.397
Perth,2017,5,May,16,2017-05-01,Reptile,29,11,297,0.09764309764309764,9.764
Perth,2017,6,Jun,17,2017-06-01,Reptile,13,5,297,0.04377104377104377,4.377
Perth,2017,7,Jul,18,2017-07-01,Reptile,11,4,297,0.037037037037037035,3.704
Perth,2017,8,Aug,19,2017-08-01,Reptile,16,8,297,0.05387205387205387,5.387
Perth,2017,9,Sep,20,2017-09-01,Reptile,22,6,297,0.07407407407407407,7.407
Perth,2017,10,Oct,21,2017-10-01,Reptile,41,7,297,0.13804713804713806,13.805
Perth,2017,11,Nov,22,2017-11-01,Reptile,37,17,297,0.12457912457912458,12.458
Perth,2017,12,Dec,23,2017-12-01,Reptile,23,11,297,0.07744107744107744,7.744
Perth,2018,1,Jan,24,2018-01-01,Reptile,20,9,217,0.09216589861751152,9.217
Perth,2018,2,Feb,25,2018-02-01,Reptile,15,8,217,0.06912442396313365,6.912
Perth,2018,3,Mar,26,2018-03-01,Reptile,14,4,217,0.06451612903225806,6.452
Perth,2018,4,Apr,27,2018-04-01,Reptile,21,11,217,0.0967741935483871,9.677
Perth,2018,5,May,28,2018-05-01,Reptile,7,5,217,0.03225806451612903,3.226
Perth,2018,6,Jun,29,2018-06-01,Reptile,4,3,217,0.018433179723502304,1.843
Perth,2018,7,Jul,30,2018-07-01,Reptile,9,7,217,0.041474654377880185,4.147
Perth,2018,8,Aug,31,2018-08-01,Reptile,14,7,217,0.06451612903225806,6.452
Perth,2018,9,Sep,32,2018-09-01,Reptile,18,4,217,0.08294930875576037,8.295
Perth,2018,10,Oct,33,2018-10-01,Reptile,30,13,217,0.1382488479262673,13.825
Perth,2018,11,Nov,34,2018-11-01,Reptile,39,15,217,0.17972350230414746,17.972
Perth,2018,12,Dec,35,2018-12-01,Reptile,26,12,217,0.11981566820276497,11.982
Perth,2019,1,Jan,36,2019-01-01,Reptile,26,11,290,0.0896551724137931,8.966
Perth,2019,2,Feb,37,2019-02-01,Reptile,23,13,290,0.07931034482758621,7.931
Perth,2019,3,Mar,38,2019-03-01,Reptile,20,6,290,0.06896551724137931,6.897
Perth,2019,4,Apr,39,2019-04-01,Reptile,17,7,290,0.05862068965517241,5.862
Perth,2019,5,May,40,2019-05-01,Reptile,8,3,290,0.027586206896551724,2.759
Perth,2019,6,Jun,41,2019-06-01,Reptile,2,1,290,0.006896551724137931,0.69
Perth,2019,7,Jul,42,2019-07-01,Reptile,8,6,290,0.027586206896551724,2.759
Perth,2019,8,Aug,43,2019-08-01,Reptile,13,5,290,0.04482758620689655,4.483
Perth,2019,9,Sep,44,2019-09-01,Reptile,40,16,290,0.13793103448275862,13.793
Perth,2019,10,Oct,45,2019-10-01,Reptile,56,10,290,0.19310344827586207,19.31
Perth,2019,11,Nov,46,2019-11-01,Reptile,39,13,290,0.13448275862068965,13.448
Perth,2019,12,Dec,47,2019-12-01,Reptile,38,12,290,0.1310344827586207,13.103
Perth,2020,1,Jan,48,2020-01-01,Reptile,15,8,326,0.046012269938650305,4.601
Perth,2020,2,Feb,49,2020-02-01,Reptile,19,7,326,0.05828220858895705,5.828
Perth,2020,3,Mar,50,2020-03-01,Reptile,26,13,326,0.07975460122699386,7.975
Perth,2020,4,Apr,51,2020-04-01,Reptile,33,14,326,0.10122699386503067,10.123
Perth,2020,5,May,52,2020-05-01,Reptile,22,9,326,0.06748466257668712,6.748
Perth,2020,6,Jun,53,2020-06-01,Reptile,19,8,326,0.05828220858895705,5.828
Perth,2020,7,Jul,54,2020-07-01,Reptile,16,11,326,0.049079754601226995,4.908
Perth,2020,8,Aug,55,2020-08-01,Reptile,21,7,326,0.06441717791411043,6.442
Perth,2020,9,Sep,56,2020-09-01,Reptile,30,8,326,0.09202453987730061,9.202
Perth,2020,10,Oct,57,2020-10-01,Reptile,56,15,326,0.17177914110429449,17.178
Perth,2020,11,Nov,58,2020-11-01,Reptile,30,13,326,0.09202453987730061,9.202
Perth,2020,12,Dec,59,2020-12-01,Reptile,39,16,326,0.1196319018404908,11.963
Perth,2021,1,Jan,60,2021-01-01,Reptile,17,10,610,0.027868852459016394,2.787
Perth,2021,2,Feb,61,2021-02-01,Reptile,18,11,610,0.029508196721311476,2.951
Perth,2021,3,Mar,62,2021-03-01,Reptile,19,8,610,0.03114754098360656,3.115
Perth,2021,4,Apr,63,2021-04-01,Reptile,23,10,610,0.03770491803278689,3.77
Perth,2021,5,May,64,2021-05-01,Reptile,27,8,610,0.04426229508196721,4.426
Perth,2021,6,Jun,65,2021-06-01,Reptile,14,6,610,0.022950819672131147,2.295
Perth,2021,7,Jul,66,2021-07-01,Reptile,16,8,610,0.02622950819672131,2.623
Perth,2021,8,Aug,67,2021-08-01,Reptile,45,8,610,0.07377049180327869,7.377
Perth,2021,9,Sep,68,2021-09-01,Reptile,69,10,610,0.11311475409836065,11.311
Perth,2021,10,Oct,69,2021-10-01,Reptile,218,12,610,0.35737704918032787,35.738
Perth,2021,11,Nov,70,2021-11-01,Reptile,96,15,610,0.15737704918032788,15.738
Perth,2021,12,Dec,71,2021-12-01,Reptile,48,17,610,0.07868852459016394,7.869
Perth,2022,1,Jan,72,2022-01-01,Reptile,23,13,1925,0.011948051948051949,1.195
Perth,2022,2,Feb,73,2022-02-01,Reptile,38,15,1925,0.019740259740259742,1.974
Perth,2022,3,Mar,74,2022-03-01,Reptile,37,12,1925,0.01922077922077922,1.922
Perth,2022,4,Apr,75,2022-04-01,Reptile,33,12,1925,0.017142857142857144,1.714
Perth,2022,5,May,76,2022-05-01,Reptile,47,11,1925,0.024415584415584415,2.442
Perth,2022,6,Jun,77,2022-06-01,Reptile,29,10,1925,0.015064935064935066,1.506
Perth,2022,7,Jul,78,2022-07-01,Reptile,36,13,1925,0.0187012987012987,1.87
Perth,2022,8,Aug,79,2022-08-01,Reptile,52,12,1925,0.027012987012987013,2.701
Perth,2022,9,Sep,80,2022-09-01,Reptile,160,14,1925,0.08311688311688312,8.312
Perth,2022,10,Oct,81,2022-10-01,Reptile,745,16,1925,0.38701298701298703,38.701
Perth,2022,11,Nov,82,2022-11-01,Reptile,464,22,1925,0.24103896103896105,24.104
Perth,2022,12,Dec,83,2022-12-01,Reptile,261,16,1925,0.13558441558441559,13.558
Perth,2023,1,Jan,84,2023-01-01,Reptile,107,16,3400,0.03147058823529412,3.147
Perth,2023,2,Feb,85,2023-02-01,Reptile,64,17,3400,0.018823529411764704,1.882
Perth,2023,3,Mar,86,2023-03-01,Reptile,71,12,3400,0.02088235294117647,2.088
Perth,2023,4,Apr,87,2023-04-01,Reptile,54,18,3400,0.01588235294117647,1.588
Perth,2023,5,May,88,2023-05-01,Reptile,57,11,3400,0.016764705882352942,1.676
Perth,2023,6,Jun,89,2023-06-01,Reptile,39,14,3400,0.011470588235294118,1.147
Perth,2023,7,Jul,90,2023-07-01,Reptile,68,9,3400,0.02,2.0
Perth,2023,8,Aug,91,2023-08-01,Reptile,136,12,3400,0.04,4.0
Perth,2023,9,Sep,92,2023-09-01,Reptile,460,23,3400,0.13529411764705881,13.529
Perth,2023,10,Oct,93,2023-10-01,Reptile,1197,25,3400,0.35205882352941176,35.206
Perth,2023,11,Nov,94,2023-11-01,Reptile,922,24,3400,0.2711764705882353,27.118
Perth,2023,12,Dec,95,2023-12-01,Reptile,225,22,3400,0.0661764705882353,6.618
Perth,2024,1,Jan,96,2024-01-01,Reptile,101,18,4341,0.023266528449665976,2.327
Perth,2024,2,Feb,97,2024-02-01,Reptile,95,16,4341,0.021884358442755124,2.188
Perth,2024,3,Mar,98,2024-03-01,Reptile,91,15,4341,0.020962911771481227,2.096
Perth,2024,4,Apr,99,2024-04-01,Reptile,200,21,4341,0.046072333563695,4.607
Perth,2024,5,May,100,2024-05-01,Reptile,195,14,4341,0.044920525224602624,4.492
Perth,2024,6,Jun,101,2024-06-01,Reptile,99,11,4341,0.022805805114029024,2.281
Perth,2024,7,Jul,102,2024-07-01,Reptile,87,11,4341,0.020041465100207326,2.004
Perth,2024,8,Aug,103,2024-08-01,Reptile,131,17,4341,0.030177378484220224,3.018
Perth,2024,9,Sep,104,2024-09-01,Reptile,648,19,4341,0.1492743607463718,14.927
Perth,2024,10,Oct,105,2024-10-01,Reptile,1228,20,4341,0.2828841280810873,28.288
Perth,2024,11,Nov,106,2024-11-01,Reptile,1121,27,4341,0.25823542962451046,25.824
Perth,2024,12,Dec,107,2024-12-01,Reptile,345,24,4341,0.07947477539737388,7.947
Perth,2025,1,Jan,108,2025-01-01,Reptile,162,21,3963,0.0408781226343679,4.088
Perth,2025,2,Feb,109,2025-02-01,Reptile,132,16,3963,0.033308099924299776,3.331
Perth,2025,3,Mar,110,2025-03-01,Reptile,158,25,3963,0.03986878627302549,3.987
Perth,2025,4,Apr,111,2025-04-01,Reptile,156,22,3963,0.03936411809235428,3.936
Perth,2025,5,May,112,2025-05-01,Reptile,145,20,3963,0.03658844309866263,3.659
Perth,2025,6,Jun,113,2025-06-01,Reptile,78,16,3963,0.01968205904617714,1.968
Perth,2025,7,Jul,114,2025-07-01,Reptile,71,20,3963,0.01791572041382791,1.792
Perth,2025,8,Aug,115,2025-08-01,Reptile,184,18,3963,0.0464294726217512,4.643
Perth,2025,9,Sep,116,2025-09-01,Reptile,371,21,3963,0.0936159475145092,9.362
Perth,2025,10,Oct,117,2025-10-01,Reptile,1275,25,3963,0.32172596517789553,32.173
Perth,2025,11,Nov,118,2025-11-01,Reptile,698,27,3963,0.17612919505425184,17.613
Perth,2025,12,Dec,119,2025-12-01,Reptile,533,26,3963,0.13449407014887713,13.449
Perth,2016,1,Jan,0,2016-01-01,Insect,32,16,1078,0.029684601113172542,2.968
Perth,2016,2,Feb,1,2016-02-01,Insect,31,9,1078,0.0287569573283859,2.876
Perth,2016,3,Mar,2,2016-03-01,Insect,64,10,1078,0.059369202226345084,5.937
Perth,2016,4,Apr,3,2016-04-01,Insect,25,13,1078,0.023191094619666047,2.319
Perth,2016,5,May,4,2016-05-01,Insect,52,30,1078,0.04823747680890538,4.824
Perth,2016,6,Jun,5,2016-06-01,Insect,14,4,1078,0.012987012987012988,1.299
Perth,2016,7,Jul,6,2016-07-01,Insect,23,8,1078,0.021335807050092765,2.134
Perth,2016,8,Aug,7,2016-08-01,Insect,78,18,1078,0.07235621521335807,7.236
Perth,2016,9,Sep,8,2016-09-01,Insect,98,18,1078,0.09090909090909091,9.091
Perth,2016,10,Oct,9,2016-10-01,Insect,190,25,1078,0.17625231910946196,17.625
Perth,2016,11,Nov,10,2016-11-01,Insect,238,63,1078,0.22077922077922077,22.078
Perth,2016,12,Dec,11,2016-12-01,Insect,233,54,1078,0.21614100185528756,21.614
Perth,2017,1,Jan,12,2017-01-01,Insect,208,53,2157,0.09643022716736208,9.643
Perth,2017,2,Feb,13,2017-02-01,Insect,152,39,2157,0.07046824292999536,7.047
Perth,2017,3,Mar,14,2017-03-01,Insect,147,58,2157,0.06815020862308763,6.815
Perth,2017,4,Apr,15,2017-04-01,Insect,170,47,2157,0.07881316643486323,7.881
Perth,2017,5,May,16,2017-05-01,Insect,117,32,2157,0.054242002781641166,5.424
Perth,2017,6,Jun,17,2017-06-01,Insect,158,32,2157,0.07324988409828466,7.325
Perth,2017,7,Jul,18,2017-07-01,Insect,51,12,2157,0.02364394993045897,2.364
Perth,2017,8,Aug,19,2017-08-01,Insect,108,17,2157,0.05006954102920723,5.007
Perth,2017,9,Sep,20,2017-09-01,Insect,184,46,2157,0.08530366249420492,8.53
Perth,2017,10,Oct,21,2017-10-01,Insect,306,69,2157,0.14186369958275383,14.186
Perth,2017,11,Nov,22,2017-11-01,Insect,248,71,2157,0.11497450162262401,11.497
Perth,2017,12,Dec,23,2017-12-01,Insect,308,75,2157,0.1427909133055169,14.279
Perth,2018,1,Jan,24,2018-01-01,Insect,308,80,1885,0.16339522546419097,16.34
Perth,2018,2,Feb,25,2018-02-01,Insect,233,53,1885,0.12360742705570292,12.361
Perth,2018,3,Mar,26,2018-03-01,Insect,148,39,1885,0.07851458885941645,7.851
Perth,2018,4,Apr,27,2018-04-01,Insect,46,13,1885,0.02440318302387268,2.44
Perth,2018,5,May,28,2018-05-01,Insect,108,26,1885,0.057294429708222815,5.729
Perth,2018,6,Jun,29,2018-06-01,Insect,59,17,1885,0.03129973474801061,3.13
Perth,2018,7,Jul,30,2018-07-01,Insect,62,13,1885,0.03289124668435013,3.289
Perth,2018,8,Aug,31,2018-08-01,Insect,79,20,1885,0.04190981432360743,4.191
Perth,2018,9,Sep,32,2018-09-01,Insect,147,40,1885,0.0779840848806366,7.798
Perth,2018,10,Oct,33,2018-10-01,Insect,270,82,1885,0.14323607427055704,14.324
Perth,2018,11,Nov,34,2018-11-01,Insect,196,61,1885,0.1039787798408488,10.398
Perth,2018,12,Dec,35,2018-12-01,Insect,229,70,1885,0.12148541114058356,12.149
Perth,2019,1,Jan,36,2019-01-01,Insect,208,66,1910,0.10890052356020942,10.89
Perth,2019,2,Feb,37,2019-02-01,Insect,169,45,1910,0.08848167539267016,8.848
Perth,2019,3,Mar,38,2019-03-01,Insect,192,54,1910,0.10052356020942409,10.052
Perth,2019,4,Apr,39,2019-04-01,Insect,137,43,1910,0.07172774869109948,7.173
Perth,2019,5,May,40,2019-05-01,Insect,123,45,1910,0.06439790575916231,6.44
Perth,2019,6,Jun,41,2019-06-01,Insect,62,16,1910,0.032460732984293195,3.246
Perth,2019,7,Jul,42,2019-07-01,Insect,30,12,1910,0.015706806282722512,1.571
Perth,2019,8,Aug,43,2019-08-01,Insect,132,35,1910,0.06910994764397906,6.911
Perth,2019,9,Sep,44,2019-09-01,Insect,207,61,1910,0.10837696335078534,10.838
Perth,2019,10,Oct,45,2019-10-01,Insect,213,67,1910,0.11151832460732984,11.152
Perth,2019,11,Nov,46,2019-11-01,Insect,236,78,1910,0.12356020942408377,12.356
Perth,2019,12,Dec,47,2019-12-01,Insect,201,57,1910,0.10523560209424083,10.524
Perth,2020,1,Jan,48,2020-01-01,Insect,106,36,2442,0.043407043407043405,4.341
Perth,2020,2,Feb,49,2020-02-01,Insect,91,38,2442,0.03726453726453727,3.726
Perth,2020,3,Mar,50,2020-03-01,Insect,163,48,2442,0.06674856674856675,6.675
Perth,2020,4,Apr,51,2020-04-01,Insect,239,84,2442,0.09787059787059788,9.787
Perth,2020,5,May,52,2020-05-01,Insect,196,64,2442,0.08026208026208026,8.026
Perth,2020,6,Jun,53,2020-06-01,Insect,116,39,2442,0.0475020475020475,4.75
Perth,2020,7,Jul,54,2020-07-01,Insect,85,26,2442,0.03480753480753481,3.481
Perth,2020,8,Aug,55,2020-08-01,Insect,206,73,2442,0.08435708435708436,8.436
Perth,2020,9,Sep,56,2020-09-01,Insect,356,115,2442,0.1457821457821458,14.578
Perth,2020,10,Oct,57,2020-10-01,Insect,370,119,2442,0.15151515151515152,15.152
Perth,2020,11,Nov,58,2020-11-01,Insect,246,93,2442,0.10073710073710074,10.074
Perth,2020,12,Dec,59,2020-12-01,Insect,268,105,2442,0.10974610974610975,10.975
Perth,2021,1,Jan,60,2021-01-01,Insect,218,87,3463,0.062951198382905,6.295
Perth,2021,2,Feb,61,2021-02-01,Insect,212,79,3463,0.061218596592549815,6.122
Perth,2021,3,Mar,62,2021-03-01,Insect,264,100,3463,0.07623447877562807,7.623
Perth,2021,4,Apr,63,2021-04-01,Insect,276,103,3463,0.07969968235633844,7.97
Perth,2021,5,May,64,2021-05-01,Insect,218,76,3463,0.062951198382905,6.295
Perth,2021,6,Jun,65,2021-06-01,Insect,99,32,3463,0.028587929540860525,2.859
Perth,2021,7,Jul,66,2021-07-01,Insect,69,21,3463,0.01992492058908461,1.992
Perth,2021,8,Aug,67,2021-08-01,Insect,171,55,3463,0.049379151025122726,4.938
Perth,2021,9,Sep,68,2021-09-01,Insect,237,88,3463,0.06843777071902975,6.844
Perth,2021,10,Oct,69,2021-10-01,Insect,581,162,3463,0.1677736066993936,16.777
Perth,2021,11,Nov,70,2021-11-01,Insect,648,181,3463,0.1871209933583598,18.712
Perth,2021,12,Dec,71,2021-12-01,Insect,470,147,3463,0.1357204735778227,13.572
Perth,2022,1,Jan,72,2022-01-01,Insect,251,79,4460,0.056278026905829594,5.628
Perth,2022,2,Feb,73,2022-02-01,Insect,197,70,4460,0.044170403587443945,4.417
Perth,2022,3,Mar,74,2022-03-01,Insect,597,113,4460,0.13385650224215245,13.386
Perth,2022,4,Apr,75,2022-04-01,Insect,253,88,4460,0.05672645739910314,5.673
Perth,2022,5,May,76,2022-05-01,Insect,312,78,4460,0.06995515695067264,6.996
Perth,2022,6,Jun,77,2022-06-01,Insect,131,47,4460,0.02937219730941704,2.937
Perth,2022,7,Jul,78,2022-07-01,Insect,133,36,4460,0.029820627802690583,2.982
Perth,2022,8,Aug,79,2022-08-01,Insect,281,69,4460,0.06300448430493273,6.3
Perth,2022,9,Sep,80,2022-09-01,Insect,312,92,4460,0.06995515695067264,6.996
Perth,2022,10,Oct,81,2022-10-01,Insect,548,142,4460,0.12286995515695068,12.287
Perth,2022,11,Nov,82,2022-11-01,Insect,676,177,4460,0.1515695067264574,15.157
Perth,2022,12,Dec,83,2022-12-01,Insect,769,182,4460,0.17242152466367713,17.242
Perth,2023,1,Jan,84,2023-01-01,Insect,576,175,6520,0.08834355828220859,8.834
Perth,2023,2,Feb,85,2023-02-01,Insect,305,107,6520,0.04677914110429448,4.678
Perth,2023,3,Mar,86,2023-03-01,Insect,388,115,6520,0.05950920245398773,5.951
Perth,2023,4,Apr,87,2023-04-01,Insect,441,126,6520,0.06763803680981595,6.764
Perth,2023,5,May,88,2023-05-01,Insect,422,91,6520,0.0647239263803681,6.472
Perth,2023,6,Jun,89,2023-06-01,Insect,373,98,6520,0.05720858895705522,5.721
Perth,2023,7,Jul,90,2023-07-01,Insect,271,73,6520,0.04156441717791411,4.156
Perth,2023,8,Aug,91,2023-08-01,Insect,546,127,6520,0.08374233128834356,8.374
Perth,2023,9,Sep,92,2023-09-01,Insect,678,177,6520,0.10398773006134969,10.399
Perth,2023,10,Oct,93,2023-10-01,Insect,990,214,6520,0.15184049079754602,15.184
Perth,2023,11,Nov,94,2023-11-01,Insect,937,233,6520,0.1437116564417178,14.371
Perth,2023,12,Dec,95,2023-12-01,Insect,593,154,6520,0.09095092024539878,9.095
Perth,2024,1,Jan,96,2024-01-01,Insect,548,153,10632,0.05154251316779534,5.154
Perth,2024,2,Feb,97,2024-02-01,Insect,483,119,10632,0.04542889390519187,4.543
Perth,2024,3,Mar,98,2024-03-01,Insect,448,121,10632,0.042136945071482315,4.214
Perth,2024,4,Apr,99,2024-04-01,Insect,539,137,10632,0.050696012039127165,5.07
Perth,2024,5,May,100,2024-05-01,Insect,598,148,10632,0.056245297215951846,5.625
Perth,2024,6,Jun,101,2024-06-01,Insect,329,98,10632,0.030944319036869828,3.094
Perth,2024,7,Jul,102,2024-07-01,Insect,401,102,10632,0.0377163280662152,3.772
Perth,2024,8,Aug,103,2024-08-01,Insect,651,147,10632,0.06123024830699774,6.123
Perth,2024,9,Sep,104,2024-09-01,Insect,1540,247,10632,0.14484574868322048,14.485
Perth,2024,10,Oct,105,2024-10-01,Insect,1675,285,10632,0.15754326561324303,15.754
Perth,2024,11,Nov,106,2024-11-01,Insect,1930,374,10632,0.18152746425884123,18.153
Perth,2024,12,Dec,107,2024-12-01,Insect,1490,345,10632,0.14014296463506395,14.014
Perth,2025,1,Jan,108,2025-01-01,Insect,1446,275,15784,0.09161175874303092,9.161
Perth,2025,2,Feb,109,2025-02-01,Insect,852,204,15784,0.05397871262037506,5.398
Perth,2025,3,Mar,110,2025-03-01,Insect,1575,277,15784,0.09978459199189052,9.978
Perth,2025,4,Apr,111,2025-04-01,Insect,1061,224,15784,0.06721996958945768,6.722
Perth,2025,5,May,112,2025-05-01,Insect,839,166,15784,0.05315509376583882,5.316
Perth,2025,6,Jun,113,2025-06-01,Insect,647,156,15784,0.0409908768373036,4.099
Perth,2025,7,Jul,114,2025-07-01,Insect,541,128,15784,0.03427521540800811,3.428
Perth,2025,8,Aug,115,2025-08-01,Insect,818,174,15784,0.05182463253928028,5.182
Perth,2025,9,Sep,116,2025-09-01,Insect,1048,199,15784,0.06639635073492144,6.64
Perth,2025,10,Oct,117,2025-10-01,Insect,1832,300,15784,0.11606690319310695,11.607
Perth,2025,11,Nov,118,2025-11-01,Insect,2535,394,15784,0.16060567663456665,16.061
Perth,2025,12,Dec,119,2025-12-01,Insect,2590,448,15784,0.16409021794221998,16.409
Hobart,2016,1,Jan,0,2016-01-01,Bird,981,95,10674,0.09190556492411467,9.191
Hobart,2016,2,Feb,1,2016-02-01,Bird,928,94,10674,0.08694022859284242,8.694
Hobart,2016,3,Mar,2,2016-03-01,Bird,660,80,10674,0.061832490163012926,6.183
Hobart,2016,4,Apr,3,2016-04-01,Bird,1231,89,10674,0.11532696271313472,11.533
Hobart,2016,5,May,4,2016-05-01,Bird,809,78,10674,0.07579164324526888,7.579
Hobart,2016,6,Jun,5,2016-06-01,Bird,728,88,10674,0.06820311036162638,6.82
Hobart,2016,7,Jul,6,2016-07-01,Bird,460,66,10674,0.04309537193179689,4.31
Hobart,2016,8,Aug,7,2016-08-01,Bird,625,79,10674,0.05855349447255012,5.855
Hobart,2016,9,Sep,8,2016-09-01,Bird,1028,92,10674,0.09630878770845044,9.631
Hobart,2016,10,Oct,9,2016-10-01,Bird,929,100,10674,0.0870339141839985,8.703
Hobart,2016,11,Nov,10,2016-11-01,Bird,1163,92,10674,0.10895634251452127,10.896
Hobart,2016,12,Dec,11,2016-12-01,Bird,1132,98,10674,0.10605208918868278,10.605
Hobart,2017,1,Jan,12,2017-01-01,Bird,1354,101,14870,0.09105581708137189,9.106
Hobart,2017,2,Feb,13,2017-02-01,Bird,1175,100,14870,0.07901815736381977,7.902
Hobart,2017,3,Mar,14,2017-03-01,Bird,961,95,14870,0.06462676529926026,6.463
Hobart,2017,4,Apr,15,2017-04-01,Bird,1166,98,14870,0.07841291190316073,7.841
Hobart,2017,5,May,16,2017-05-01,Bird,850,92,14870,0.05716207128446537,5.716
Hobart,2017,6,Jun,17,2017-06-01,Bird,816,84,14870,0.05487558843308675,5.488
Hobart,2017,7,Jul,18,2017-07-01,Bird,834,92,14870,0.05608607935440484,5.609
Hobart,2017,8,Aug,19,2017-08-01,Bird,731,88,14870,0.04915938130464022,4.916
Hobart,2017,9,Sep,20,2017-09-01,Bird,1131,99,14870,0.07605917955615332,7.606
Hobart,2017,10,Oct,21,2017-10-01,Bird,2077,107,14870,0.13967720242098183,13.968
Hobart,2017,11,Nov,22,2017-11-01,Bird,2192,107,14870,0.14741089441829186,14.741
Hobart,2017,12,Dec,23,2017-12-01,Bird,1583,99,14870,0.10645595158036315,10.646
Hobart,2018,1,Jan,24,2018-01-01,Bird,1627,109,18266,0.08907259389028796,8.907
Hobart,2018,2,Feb,25,2018-02-01,Bird,1257,102,18266,0.06881638015985984,6.882
Hobart,2018,3,Mar,26,2018-03-01,Bird,1486,104,18266,0.08135333406328699,8.135
Hobart,2018,4,Apr,27,2018-04-01,Bird,1316,94,18266,0.0720464250520092,7.205
Hobart,2018,5,May,28,2018-05-01,Bird,1234,89,18266,0.06755721011715755,6.756
Hobart,2018,6,Jun,29,2018-06-01,Bird,1083,85,18266,0.05929048505419906,5.929
Hobart,2018,7,Jul,30,2018-07-01,Bird,996,80,18266,0.05452753750136866,5.453
Hobart,2018,8,Aug,31,2018-08-01,Bird,1482,89,18266,0.08113434796890398,8.113
Hobart,2018,9,Sep,32,2018-09-01,Bird,1812,106,18266,0.09920070075550202,9.92
Hobart,2018,10,Oct,33,2018-10-01,Bird,2865,111,18266,0.15684879010182853,15.685
Hobart,2018,11,Nov,34,2018-11-01,Bird,1495,101,18266,0.08184605277564874,8.185
Hobart,2018,12,Dec,35,2018-12-01,Bird,1613,109,18266,0.08830614255994744,8.831
Hobart,2019,1,Jan,36,2019-01-01,Bird,1277,99,15236,0.08381464951430821,8.381
Hobart,2019,2,Feb,37,2019-02-01,Bird,1253,97,15236,0.08223943292202678,8.224
Hobart,2019,3,Mar,38,2019-03-01,Bird,1417,96,15236,0.09300341296928327,9.3
Hobart,2019,4,Apr,39,2019-04-01,Bird,1077,90,15236,0.07068784457862956,7.069
Hobart,2019,5,May,40,2019-05-01,Bird,964,91,15236,0.06327119978997112,6.327
Hobart,2019,6,Jun,41,2019-06-01,Bird,745,81,15236,0.048897348385402994,4.89
Hobart,2019,7,Jul,42,2019-07-01,Bird,798,90,15236,0.05237595169335783,5.238
Hobart,2019,8,Aug,43,2019-08-01,Bird,978,83,15236,0.06419007613546862,6.419
Hobart,2019,9,Sep,44,2019-09-01,Bird,1124,90,15236,0.07377264373851404,7.377
Hobart,2019,10,Oct,45,2019-10-01,Bird,2168,97,15236,0.14229456550275663,14.229
Hobart,2019,11,Nov,46,2019-11-01,Bird,1731,98,15236,0.11361249671829876,11.361
Hobart,2019,12,Dec,47,2019-12-01,Bird,1704,103,15236,0.11184037805198214,11.184
Hobart,2020,1,Jan,48,2020-01-01,Bird,2886,98,26728,0.10797665369649806,10.798
Hobart,2020,2,Feb,49,2020-02-01,Bird,1844,102,26728,0.06899131996408261,6.899
Hobart,2020,3,Mar,50,2020-03-01,Bird,1934,96,26728,0.07235857527686322,7.236
Hobart,2020,4,Apr,51,2020-04-01,Bird,3380,91,26728,0.1264591439688716,12.646
Hobart,2020,5,May,52,2020-05-01,Bird,3850,93,26728,0.1440436994911703,14.404
Hobart,2020,6,Jun,53,2020-06-01,Bird,2407,90,26728,0.09005537264292128,9.006
Hobart,2020,7,Jul,54,2020-07-01,Bird,1903,98,26728,0.07119874289134989,7.12
Hobart,2020,8,Aug,55,2020-08-01,Bird,1666,97,26728,0.06233163723436097,6.233
Hobart,2020,9,Sep,56,2020-09-01,Bird,2077,99,26728,0.0777087698293924,7.771
Hobart,2020,10,Oct,57,2020-10-01,Bird,2014,96,26728,0.07535169111044597,7.535
Hobart,2020,11,Nov,58,2020-11-01,Bird,1399,97,26728,0.05234211313977851,5.234
Hobart,2020,12,Dec,59,2020-12-01,Bird,1368,93,26728,0.05118228075426519,5.118
Hobart,2021,1,Jan,60,2021-01-01,Bird,2462,103,34221,0.07194412787469683,7.194
Hobart,2021,2,Feb,61,2021-02-01,Bird,2463,100,34221,0.07197334969755413,7.197
Hobart,2021,3,Mar,62,2021-03-01,Bird,3105,99,34221,0.09073375997194705,9.073
Hobart,2021,4,Apr,63,2021-04-01,Bird,2746,97,34221,0.08024312556617282,8.024
Hobart,2021,5,May,64,2021-05-01,Bird,2855,93,34221,0.08342830425761959,8.343
Hobart,2021,6,Jun,65,2021-06-01,Bird,2648,85,34221,0.07737938692615645,7.738
Hobart,2021,7,Jul,66,2021-07-01,Bird,2318,93,34221,0.0677361853832442,6.774
Hobart,2021,8,Aug,67,2021-08-01,Bird,3338,97,34221,0.09754244469770024,9.754
Hobart,2021,9,Sep,68,2021-09-01,Bird,3062,110,34221,0.08947722158908272,8.948
Hobart,2021,10,Oct,69,2021-10-01,Bird,3677,116,34221,0.10744864264632828,10.745
Hobart,2021,11,Nov,70,2021-11-01,Bird,3387,102,34221,0.09897431401770843,9.897
Hobart,2021,12,Dec,71,2021-12-01,Bird,2160,105,34221,0.06311913737178926,6.312
Hobart,2022,1,Jan,72,2022-01-01,Bird,2288,100,31746,0.07207207207207207,7.207
Hobart,2022,2,Feb,73,2022-02-01,Bird,1621,98,31746,0.05106155106155106,5.106
Hobart,2022,3,Mar,74,2022-03-01,Bird,2316,102,31746,0.07295407295407295,7.295
Hobart,2022,4,Apr,75,2022-04-01,Bird,2280,95,31746,0.07182007182007182,7.182
Hobart,2022,5,May,76,2022-05-01,Bird,2192,92,31746,0.06904806904806905,6.905
Hobart,2022,6,Jun,77,2022-06-01,Bird,1979,91,31746,0.06233856233856234,6.234
Hobart,2022,7,Jul,78,2022-07-01,Bird,2338,100,31746,0.07364707364707365,7.365
Hobart,2022,8,Aug,79,2022-08-01,Bird,2651,97,31746,0.0835065835065835,8.351
Hobart,2022,9,Sep,80,2022-09-01,Bird,3183,102,31746,0.10026460026460027,10.026
Hobart,2022,10,Oct,81,2022-10-01,Bird,3457,106,31746,0.1088956088956089,10.89
Hobart,2022,11,Nov,82,2022-11-01,Bird,3570,112,31746,0.11245511245511246,11.246
Hobart,2022,12,Dec,83,2022-12-01,Bird,3871,114,31746,0.12193662193662194,12.194
Hobart,2023,1,Jan,84,2023-01-01,Bird,3787,105,50719,0.07466629862576155,7.467
Hobart,2023,2,Feb,85,2023-02-01,Bird,2802,101,50719,0.05524556872178079,5.525
Hobart,2023,3,Mar,86,2023-03-01,Bird,2756,108,50719,0.05433861077702636,5.434
Hobart,2023,4,Apr,87,2023-04-01,Bird,2872,96,50719,0.05662572211597232,5.663
Hobart,2023,5,May,88,2023-05-01,Bird,4284,100,50719,0.08446538772452138,8.447
Hobart,2023,6,Jun,89,2023-06-01,Bird,2750,103,50719,0.054220311914667085,5.422
Hobart,2023,7,Jul,90,2023-07-01,Bird,2898,102,50719,0.05713835051952917,5.714
Hobart,2023,8,Aug,91,2023-08-01,Bird,4145,98,50719,0.08172479741319821,8.172
Hobart,2023,9,Sep,92,2023-09-01,Bird,5475,112,50719,0.1079477119028372,10.795
Hobart,2023,10,Oct,93,2023-10-01,Bird,7121,120,50719,0.14040103314339794,14.04
Hobart,2023,11,Nov,94,2023-11-01,Bird,5999,120,50719,0.11827914588221376,11.828
Hobart,2023,12,Dec,95,2023-12-01,Bird,5830,115,50719,0.11494706125909422,11.495
Hobart,2024,1,Jan,96,2024-01-01,Bird,6632,117,68700,0.09653566229985444,9.654
Hobart,2024,2,Feb,97,2024-02-01,Bird,5380,119,68700,0.07831149927219797,7.831
Hobart,2024,3,Mar,98,2024-03-01,Bird,5196,114,68700,0.07563318777292577,7.563
Hobart,2024,4,Apr,99,2024-04-01,Bird,4514,104,68700,0.06570596797671034,6.571
Hobart,2024,5,May,100,2024-05-01,Bird,5454,109,68700,0.0793886462882096,7.939
Hobart,2024,6,Jun,101,2024-06-01,Bird,4173,104,68700,0.06074235807860262,6.074
Hobart,2024,7,Jul,102,2024-07-01,Bird,4728,105,68700,0.06882096069868995,6.882
Hobart,2024,8,Aug,103,2024-08-01,Bird,4782,103,68700,0.06960698689956332,6.961
Hobart,2024,9,Sep,104,2024-09-01,Bird,5694,115,68700,0.082882096069869,8.288
Hobart,2024,10,Oct,105,2024-10-01,Bird,8748,124,68700,0.1273362445414847,12.734
Hobart,2024,11,Nov,106,2024-11-01,Bird,8207,127,68700,0.11946142649199418,11.946
Hobart,2024,12,Dec,107,2024-12-01,Bird,5192,119,68700,0.07557496360989811,7.557
Hobart,2025,1,Jan,108,2025-01-01,Bird,6022,116,45736,0.1316687073640021,13.167
Hobart,2025,2,Feb,109,2025-02-01,Bird,5612,118,45736,0.12270421549763862,12.27
Hobart,2025,3,Mar,110,2025-03-01,Bird,5268,110,45736,0.11518278817561659,11.518
Hobart,2025,4,Apr,111,2025-04-01,Bird,4403,109,45736,0.09626989679902047,9.627
Hobart,2025,5,May,112,2025-05-01,Bird,4474,101,45736,0.09782228441490293,9.782
Hobart,2025,6,Jun,113,2025-06-01,Bird,4792,106,45736,0.10477523176491167,10.478
Hobart,2025,7,Jul,114,2025-07-01,Bird,3726,95,45736,0.08146755291236663,8.147
Hobart,2025,8,Aug,115,2025-08-01,Bird,5774,110,45736,0.12624628301556762,12.625
Hobart,2025,9,Sep,116,2025-09-01,Bird,1075,89,45736,0.023504460381318874,2.35
Hobart,2025,10,Oct,117,2025-10-01,Bird,1311,95,45736,0.028664509358054924,2.866
Hobart,2025,11,Nov,118,2025-11-01,Bird,1741,105,45736,0.03806629351058247,3.807
Hobart,2025,12,Dec,119,2025-12-01,Bird,1538,100,45736,0.03362777680601714,3.363
Hobart,2016,1,Jan,0,2016-01-01,Mammal,0,0,22,0.0,0.0
Hobart,2016,2,Feb,1,2016-02-01,Mammal,3,3,22,0.13636363636363635,13.636
Hobart,2016,3,Mar,2,2016-03-01,Mammal,2,2,22,0.09090909090909091,9.091
Hobart,2016,4,Apr,3,2016-04-01,Mammal,4,3,22,0.18181818181818182,18.182
Hobart,2016,5,May,4,2016-05-01,Mammal,0,0,22,0.0,0.0
Hobart,2016,6,Jun,5,2016-06-01,Mammal,0,0,22,0.0,0.0
Hobart,2016,7,Jul,6,2016-07-01,Mammal,7,4,22,0.3181818181818182,31.818
Hobart,2016,8,Aug,7,2016-08-01,Mammal,1,1,22,0.045454545454545456,4.545
Hobart,2016,9,Sep,8,2016-09-01,Mammal,5,4,22,0.22727272727272727,22.727
Hobart,2016,10,Oct,9,2016-10-01,Mammal,0,0,22,0.0,0.0
Hobart,2016,11,Nov,10,2016-11-01,Mammal,0,0,22,0.0,0.0
Hobart,2016,12,Dec,11,2016-12-01,Mammal,0,0,22,0.0,0.0
Hobart,2017,1,Jan,12,2017-01-01,Mammal,2,2,35,0.05714285714285714,5.714
Hobart,2017,2,Feb,13,2017-02-01,Mammal,7,3,35,0.2,20.0
Hobart,2017,3,Mar,14,2017-03-01,Mammal,3,1,35,0.08571428571428572,8.571
Hobart,2017,4,Apr,15,2017-04-01,Mammal,3,2,35,0.08571428571428572,8.571
Hobart,2017,5,May,16,2017-05-01,Mammal,3,2,35,0.08571428571428572,8.571
Hobart,2017,6,Jun,17,2017-06-01,Mammal,3,1,35,0.08571428571428572,8.571
Hobart,2017,7,Jul,18,2017-07-01,Mammal,0,0,35,0.0,0.0
Hobart,2017,8,Aug,19,2017-08-01,Mammal,1,1,35,0.02857142857142857,2.857
Hobart,2017,9,Sep,20,2017-09-01,Mammal,2,1,35,0.05714285714285714,5.714
Hobart,2017,10,Oct,21,2017-10-01,Mammal,1,1,35,0.02857142857142857,2.857
Hobart,2017,11,Nov,22,2017-11-01,Mammal,4,3,35,0.11428571428571428,11.429
Hobart,2017,12,Dec,23,2017-12-01,Mammal,6,3,35,0.17142857142857143,17.143
Hobart,2018,1,Jan,24,2018-01-01,Mammal,7,3,49,0.14285714285714285,14.286
Hobart,2018,2,Feb,25,2018-02-01,Mammal,3,3,49,0.061224489795918366,6.122
Hobart,2018,3,Mar,26,2018-03-01,Mammal,5,2,49,0.10204081632653061,10.204
Hobart,2018,4,Apr,27,2018-04-01,Mammal,3,2,49,0.061224489795918366,6.122
Hobart,2018,5,May,28,2018-05-01,Mammal,1,1,49,0.02040816326530612,2.041
Hobart,2018,6,Jun,29,2018-06-01,Mammal,1,1,49,0.02040816326530612,2.041
Hobart,2018,7,Jul,30,2018-07-01,Mammal,5,3,49,0.10204081632653061,10.204
Hobart,2018,8,Aug,31,2018-08-01,Mammal,3,3,49,0.061224489795918366,6.122
Hobart,2018,9,Sep,32,2018-09-01,Mammal,5,2,49,0.10204081632653061,10.204
Hobart,2018,10,Oct,33,2018-10-01,Mammal,7,4,49,0.14285714285714285,14.286
Hobart,2018,11,Nov,34,2018-11-01,Mammal,2,2,49,0.04081632653061224,4.082
Hobart,2018,12,Dec,35,2018-12-01,Mammal,7,4,49,0.14285714285714285,14.286
Hobart,2019,1,Jan,36,2019-01-01,Mammal,4,2,40,0.1,10.0
Hobart,2019,2,Feb,37,2019-02-01,Mammal,5,5,40,0.125,12.5
Hobart,2019,3,Mar,38,2019-03-01,Mammal,2,2,40,0.05,5.0
Hobart,2019,4,Apr,39,2019-04-01,Mammal,6,4,40,0.15,15.0
Hobart,2019,5,May,40,2019-05-01,Mammal,1,1,40,0.025,2.5
Hobart,2019,6,Jun,41,2019-06-01,Mammal,3,2,40,0.075,7.5
Hobart,2019,7,Jul,42,2019-07-01,Mammal,1,1,40,0.025,2.5
Hobart,2019,8,Aug,43,2019-08-01,Mammal,0,0,40,0.0,0.0
Hobart,2019,9,Sep,44,2019-09-01,Mammal,4,4,40,0.1,10.0
Hobart,2019,10,Oct,45,2019-10-01,Mammal,3,3,40,0.075,7.5
Hobart,2019,11,Nov,46,2019-11-01,Mammal,5,2,40,0.125,12.5
Hobart,2019,12,Dec,47,2019-12-01,Mammal,6,3,40,0.15,15.0
Hobart,2020,1,Jan,48,2020-01-01,Mammal,9,6,122,0.07377049180327869,7.377
Hobart,2020,2,Feb,49,2020-02-01,Mammal,10,8,122,0.08196721311475409,8.197
Hobart,2020,3,Mar,50,2020-03-01,Mammal,0,0,122,0.0,0.0
Hobart,2020,4,Apr,51,2020-04-01,Mammal,5,5,122,0.040983606557377046,4.098
Hobart,2020,5,May,52,2020-05-01,Mammal,5,5,122,0.040983606557377046,4.098
Hobart,2020,6,Jun,53,2020-06-01,Mammal,3,2,122,0.02459016393442623,2.459
Hobart,2020,7,Jul,54,2020-07-01,Mammal,10,6,122,0.08196721311475409,8.197
Hobart,2020,8,Aug,55,2020-08-01,Mammal,18,7,122,0.14754098360655737,14.754
Hobart,2020,9,Sep,56,2020-09-01,Mammal,25,8,122,0.20491803278688525,20.492
Hobart,2020,10,Oct,57,2020-10-01,Mammal,14,7,122,0.11475409836065574,11.475
Hobart,2020,11,Nov,58,2020-11-01,Mammal,9,8,122,0.07377049180327869,7.377
Hobart,2020,12,Dec,59,2020-12-01,Mammal,14,9,122,0.11475409836065574,11.475
Hobart,2021,1,Jan,60,2021-01-01,Mammal,3,3,168,0.017857142857142856,1.786
Hobart,2021,2,Feb,61,2021-02-01,Mammal,9,7,168,0.05357142857142857,5.357
Hobart,2021,3,Mar,62,2021-03-01,Mammal,16,8,168,0.09523809523809523,9.524
Hobart,2021,4,Apr,63,2021-04-01,Mammal,13,6,168,0.07738095238095238,7.738
Hobart,2021,5,May,64,2021-05-01,Mammal,23,9,168,0.13690476190476192,13.69
Hobart,2021,6,Jun,65,2021-06-01,Mammal,11,6,168,0.06547619047619048,6.548
Hobart,2021,7,Jul,66,2021-07-01,Mammal,10,7,168,0.05952380952380952,5.952
Hobart,2021,8,Aug,67,2021-08-01,Mammal,10,4,168,0.05952380952380952,5.952
Hobart,2021,9,Sep,68,2021-09-01,Mammal,15,7,168,0.08928571428571429,8.929
Hobart,2021,10,Oct,69,2021-10-01,Mammal,17,9,168,0.10119047619047619,10.119
Hobart,2021,11,Nov,70,2021-11-01,Mammal,17,8,168,0.10119047619047619,10.119
Hobart,2021,12,Dec,71,2021-12-01,Mammal,24,10,168,0.14285714285714285,14.286
Hobart,2022,1,Jan,72,2022-01-01,Mammal,15,6,230,0.06521739130434782,6.522
Hobart,2022,2,Feb,73,2022-02-01,Mammal,17,9,230,0.07391304347826087,7.391
Hobart,2022,3,Mar,74,2022-03-01,Mammal,28,12,230,0.12173913043478261,12.174
Hobart,2022,4,Apr,75,2022-04-01,Mammal,19,9,230,0.08260869565217391,8.261
Hobart,2022,5,May,76,2022-05-01,Mammal,19,10,230,0.08260869565217391,8.261
Hobart,2022,6,Jun,77,2022-06-01,Mammal,14,6,230,0.06086956521739131,6.087
Hobart,2022,7,Jul,78,2022-07-01,Mammal,12,7,230,0.05217391304347826,5.217
Hobart,2022,8,Aug,79,2022-08-01,Mammal,11,7,230,0.04782608695652174,4.783
Hobart,2022,9,Sep,80,2022-09-01,Mammal,19,6,230,0.08260869565217391,8.261
Hobart,2022,10,Oct,81,2022-10-01,Mammal,10,6,230,0.043478260869565216,4.348
Hobart,2022,11,Nov,82,2022-11-01,Mammal,31,11,230,0.13478260869565217,13.478
Hobart,2022,12,Dec,83,2022-12-01,Mammal,35,12,230,0.15217391304347827,15.217
Hobart,2023,1,Jan,84,2023-01-01,Mammal,35,15,474,0.07383966244725738,7.384
Hobart,2023,2,Feb,85,2023-02-01,Mammal,41,10,474,0.08649789029535865,8.65
Hobart,2023,3,Mar,86,2023-03-01,Mammal,36,12,474,0.0759493670886076,7.595
Hobart,2023,4,Apr,87,2023-04-01,Mammal,23,9,474,0.04852320675105485,4.852
Hobart,2023,5,May,88,2023-05-01,Mammal,34,11,474,0.07172995780590717,7.173
Hobart,2023,6,Jun,89,2023-06-01,Mammal,24,11,474,0.05063291139240506,5.063
Hobart,2023,7,Jul,90,2023-07-01,Mammal,18,8,474,0.0379746835443038,3.797
Hobart,2023,8,Aug,91,2023-08-01,Mammal,25,7,474,0.052742616033755275,5.274
Hobart,2023,9,Sep,92,2023-09-01,Mammal,37,11,474,0.07805907172995781,7.806
Hobart,2023,10,Oct,93,2023-10-01,Mammal,92,12,474,0.1940928270042194,19.409
Hobart,2023,11,Nov,94,2023-11-01,Mammal,46,10,474,0.0970464135021097,9.705
Hobart,2023,12,Dec,95,2023-12-01,Mammal,63,13,474,0.13291139240506328,13.291
Hobart,2024,1,Jan,96,2024-01-01,Mammal,91,14,516,0.17635658914728683,17.636
Hobart,2024,2,Feb,97,2024-02-01,Mammal,56,11,516,0.10852713178294573,10.853
Hobart,2024,3,Mar,98,2024-03-01,Mammal,46,12,516,0.08914728682170543,8.915
Hobart,2024,4,Apr,99,2024-04-01,Mammal,14,8,516,0.027131782945736434,2.713
Hobart,2024,5,May,100,2024-05-01,Mammal,12,7,516,0.023255813953488372,2.326
Hobart,2024,6,Jun,101,2024-06-01,Mammal,9,5,516,0.01744186046511628,1.744
Hobart,2024,7,Jul,102,2024-07-01,Mammal,22,7,516,0.04263565891472868,4.264
Hobart,2024,8,Aug,103,2024-08-01,Mammal,52,11,516,0.10077519379844961,10.078
Hobart,2024,9,Sep,104,2024-09-01,Mammal,37,8,516,0.07170542635658915,7.171
Hobart,2024,10,Oct,105,2024-10-01,Mammal,60,10,516,0.11627906976744186,11.628
Hobart,2024,11,Nov,106,2024-11-01,Mammal,60,10,516,0.11627906976744186,11.628
Hobart,2024,12,Dec,107,2024-12-01,Mammal,57,8,516,0.11046511627906977,11.047
Hobart,2025,1,Jan,108,2025-01-01,Mammal,43,10,426,0.10093896713615023,10.094
Hobart,2025,2,Feb,109,2025-02-01,Mammal,41,13,426,0.09624413145539906,9.624
Hobart,2025,3,Mar,110,2025-03-01,Mammal,31,8,426,0.07276995305164319,7.277
Hobart,2025,4,Apr,111,2025-04-01,Mammal,36,12,426,0.08450704225352113,8.451
Hobart,2025,5,May,112,2025-05-01,Mammal,26,10,426,0.06103286384976526,6.103
Hobart,2025,6,Jun,113,2025-06-01,Mammal,23,11,426,0.0539906103286385,5.399
Hobart,2025,7,Jul,114,2025-07-01,Mammal,21,10,426,0.04929577464788732,4.93
Hobart,2025,8,Aug,115,2025-08-01,Mammal,37,9,426,0.08685446009389672,8.685
Hobart,2025,9,Sep,116,2025-09-01,Mammal,35,9,426,0.08215962441314555,8.216
Hobart,2025,10,Oct,117,2025-10-01,Mammal,33,11,426,0.07746478873239436,7.746
Hobart,2025,11,Nov,118,2025-11-01,Mammal,57,9,426,0.13380281690140844,13.38
Hobart,2025,12,Dec,119,2025-12-01,Mammal,43,9,426,0.10093896713615023,10.094
Hobart,2016,1,Jan,0,2016-01-01,Reptile,3,2,7,0.42857142857142855,42.857
Hobart,2016,2,Feb,1,2016-02-01,Reptile,0,0,7,0.0,0.0
Hobart,2016,3,Mar,2,2016-03-01,Reptile,1,1,7,0.14285714285714285,14.286
Hobart,2016,4,Apr,3,2016-04-01,Reptile,0,0,7,0.0,0.0
Hobart,2016,5,May,4,2016-05-01,Reptile,0,0,7,0.0,0.0
Hobart,2016,6,Jun,5,2016-06-01,Reptile,0,0,7,0.0,0.0
Hobart,2016,7,Jul,6,2016-07-01,Reptile,0,0,7,0.0,0.0
Hobart,2016,8,Aug,7,2016-08-01,Reptile,0,0,7,0.0,0.0
Hobart,2016,9,Sep,8,2016-09-01,Reptile,2,2,7,0.2857142857142857,28.571
Hobart,2016,10,Oct,9,2016-10-01,Reptile,0,0,7,0.0,0.0
Hobart,2016,11,Nov,10,2016-11-01,Reptile,1,1,7,0.14285714285714285,14.286
Hobart,2016,12,Dec,11,2016-12-01,Reptile,0,0,7,0.0,0.0
Hobart,2017,1,Jan,12,2017-01-01,Reptile,3,2,5,0.6,60.0
Hobart,2017,2,Feb,13,2017-02-01,Reptile,0,0,5,0.0,0.0
Hobart,2017,3,Mar,14,2017-03-01,Reptile,0,0,5,0.0,0.0
Hobart,2017,4,Apr,15,2017-04-01,Reptile,0,0,5,0.0,0.0
Hobart,2017,5,May,16,2017-05-01,Reptile,0,0,5,0.0,0.0
Hobart,2017,6,Jun,17,2017-06-01,Reptile,0,0,5,0.0,0.0
Hobart,2017,7,Jul,18,2017-07-01,Reptile,0,0,5,0.0,0.0
Hobart,2017,8,Aug,19,2017-08-01,Reptile,0,0,5,0.0,0.0
Hobart,2017,9,Sep,20,2017-09-01,Reptile,0,0,5,0.0,0.0
Hobart,2017,10,Oct,21,2017-10-01,Reptile,0,0,5,0.0,0.0
Hobart,2017,11,Nov,22,2017-11-01,Reptile,2,2,5,0.4,40.0
Hobart,2017,12,Dec,23,2017-12-01,Reptile,0,0,5,0.0,0.0
Hobart,2018,1,Jan,24,2018-01-01,Reptile,0,0,6,0.0,0.0
Hobart,2018,2,Feb,25,2018-02-01,Reptile,2,1,6,0.3333333333333333,33.333
Hobart,2018,3,Mar,26,2018-03-01,Reptile,0,0,6,0.0,0.0
Hobart,2018,4,Apr,27,2018-04-01,Reptile,0,0,6,0.0,0.0
Hobart,2018,5,May,28,2018-05-01,Reptile,0,0,6,0.0,0.0
Hobart,2018,6,Jun,29,2018-06-01,Reptile,0,0,6,0.0,0.0
Hobart,2018,7,Jul,30,2018-07-01,Reptile,0,0,6,0.0,0.0
Hobart,2018,8,Aug,31,2018-08-01,Reptile,0,0,6,0.0,0.0
Hobart,2018,9,Sep,32,2018-09-01,Reptile,0,0,6,0.0,0.0
Hobart,2018,10,Oct,33,2018-10-01,Reptile,1,1,6,0.16666666666666666,16.667
Hobart,2018,11,Nov,34,2018-11-01,Reptile,2,2,6,0.3333333333333333,33.333
Hobart,2018,12,Dec,35,2018-12-01,Reptile,1,1,6,0.16666666666666666,16.667
Hobart,2019,1,Jan,36,2019-01-01,Reptile,0,0,4,0.0,0.0
Hobart,2019,2,Feb,37,2019-02-01,Reptile,0,0,4,0.0,0.0
Hobart,2019,3,Mar,38,2019-03-01,Reptile,1,1,4,0.25,25.0
Hobart,2019,4,Apr,39,2019-04-01,Reptile,1,1,4,0.25,25.0
Hobart,2019,5,May,40,2019-05-01,Reptile,0,0,4,0.0,0.0
Hobart,2019,6,Jun,41,2019-06-01,Reptile,0,0,4,0.0,0.0
Hobart,2019,7,Jul,42,2019-07-01,Reptile,0,0,4,0.0,0.0
Hobart,2019,8,Aug,43,2019-08-01,Reptile,0,0,4,0.0,0.0
Hobart,2019,9,Sep,44,2019-09-01,Reptile,1,1,4,0.25,25.0
Hobart,2019,10,Oct,45,2019-10-01,Reptile,1,1,4,0.25,25.0
Hobart,2019,11,Nov,46,2019-11-01,Reptile,0,0,4,0.0,0.0
Hobart,2019,12,Dec,47,2019-12-01,Reptile,0,0,4,0.0,0.0
Hobart,2020,1,Jan,48,2020-01-01,Reptile,0,0,31,0.0,0.0
Hobart,2020,2,Feb,49,2020-02-01,Reptile,2,2,31,0.06451612903225806,6.452
Hobart,2020,3,Mar,50,2020-03-01,Reptile,3,3,31,0.0967741935483871,9.677
Hobart,2020,4,Apr,51,2020-04-01,Reptile,2,1,31,0.06451612903225806,6.452
Hobart,2020,5,May,52,2020-05-01,Reptile,1,1,31,0.03225806451612903,3.226
Hobart,2020,6,Jun,53,2020-06-01,Reptile,0,0,31,0.0,0.0
Hobart,2020,7,Jul,54,2020-07-01,Reptile,1,1,31,0.03225806451612903,3.226
Hobart,2020,8,Aug,55,2020-08-01,Reptile,1,1,31,0.03225806451612903,3.226
Hobart,2020,9,Sep,56,2020-09-01,Reptile,0,0,31,0.0,0.0
Hobart,2020,10,Oct,57,2020-10-01,Reptile,0,0,31,0.0,0.0
Hobart,2020,11,Nov,58,2020-11-01,Reptile,0,0,31,0.0,0.0
Hobart,2020,12,Dec,59,2020-12-01,Reptile,21,4,31,0.6774193548387096,67.742
Hobart,2021,1,Jan,60,2021-01-01,Reptile,1,1,18,0.05555555555555555,5.556
Hobart,2021,2,Feb,61,2021-02-01,Reptile,0,0,18,0.0,0.0
Hobart,2021,3,Mar,62,2021-03-01,Reptile,3,3,18,0.16666666666666666,16.667
Hobart,2021,4,Apr,63,2021-04-01,Reptile,0,0,18,0.0,0.0
Hobart,2021,5,May,64,2021-05-01,Reptile,0,0,18,0.0,0.0
Hobart,2021,6,Jun,65,2021-06-01,Reptile,0,0,18,0.0,0.0
Hobart,2021,7,Jul,66,2021-07-01,Reptile,0,0,18,0.0,0.0
Hobart,2021,8,Aug,67,2021-08-01,Reptile,1,0,18,0.05555555555555555,5.556
Hobart,2021,9,Sep,68,2021-09-01,Reptile,1,1,18,0.05555555555555555,5.556
Hobart,2021,10,Oct,69,2021-10-01,Reptile,3,2,18,0.16666666666666666,16.667
Hobart,2021,11,Nov,70,2021-11-01,Reptile,3,3,18,0.16666666666666666,16.667
Hobart,2021,12,Dec,71,2021-12-01,Reptile,6,3,18,0.3333333333333333,33.333
Hobart,2022,1,Jan,72,2022-01-01,Reptile,1,1,27,0.037037037037037035,3.704
Hobart,2022,2,Feb,73,2022-02-01,Reptile,8,4,27,0.2962962962962963,29.63
Hobart,2022,3,Mar,74,2022-03-01,Reptile,1,1,27,0.037037037037037035,3.704
Hobart,2022,4,Apr,75,2022-04-01,Reptile,2,1,27,0.07407407407407407,7.407
Hobart,2022,5,May,76,2022-05-01,Reptile,1,1,27,0.037037037037037035,3.704
Hobart,2022,6,Jun,77,2022-06-01,Reptile,0,0,27,0.0,0.0
Hobart,2022,7,Jul,78,2022-07-01,Reptile,0,0,27,0.0,0.0
Hobart,2022,8,Aug,79,2022-08-01,Reptile,1,1,27,0.037037037037037035,3.704
Hobart,2022,9,Sep,80,2022-09-01,Reptile,1,0,27,0.037037037037037035,3.704
Hobart,2022,10,Oct,81,2022-10-01,Reptile,5,3,27,0.18518518518518517,18.519
Hobart,2022,11,Nov,82,2022-11-01,Reptile,1,1,27,0.037037037037037035,3.704
Hobart,2022,12,Dec,83,2022-12-01,Reptile,6,3,27,0.2222222222222222,22.222
Hobart,2023,1,Jan,84,2023-01-01,Reptile,6,2,39,0.15384615384615385,15.385
Hobart,2023,2,Feb,85,2023-02-01,Reptile,6,5,39,0.15384615384615385,15.385
Hobart,2023,3,Mar,86,2023-03-01,Reptile,5,3,39,0.1282051282051282,12.821
Hobart,2023,4,Apr,87,2023-04-01,Reptile,3,2,39,0.07692307692307693,7.692
Hobart,2023,5,May,88,2023-05-01,Reptile,0,0,39,0.0,0.0
Hobart,2023,6,Jun,89,2023-06-01,Reptile,0,0,39,0.0,0.0
Hobart,2023,7,Jul,90,2023-07-01,Reptile,0,0,39,0.0,0.0
Hobart,2023,8,Aug,91,2023-08-01,Reptile,0,0,39,0.0,0.0
Hobart,2023,9,Sep,92,2023-09-01,Reptile,5,3,39,0.1282051282051282,12.821
Hobart,2023,10,Oct,93,2023-10-01,Reptile,4,4,39,0.10256410256410256,10.256
Hobart,2023,11,Nov,94,2023-11-01,Reptile,2,1,39,0.05128205128205128,5.128
Hobart,2023,12,Dec,95,2023-12-01,Reptile,8,2,39,0.20512820512820512,20.513
Hobart,2024,1,Jan,96,2024-01-01,Reptile,24,5,67,0.3582089552238806,35.821
Hobart,2024,2,Feb,97,2024-02-01,Reptile,10,4,67,0.14925373134328357,14.925
Hobart,2024,3,Mar,98,2024-03-01,Reptile,4,2,67,0.05970149253731343,5.97
Hobart,2024,4,Apr,99,2024-04-01,Reptile,2,2,67,0.029850746268656716,2.985
Hobart,2024,5,May,100,2024-05-01,Reptile,1,1,67,0.014925373134328358,1.493
Hobart,2024,6,Jun,101,2024-06-01,Reptile,0,0,67,0.0,0.0
Hobart,2024,7,Jul,102,2024-07-01,Reptile,0,0,67,0.0,0.0
Hobart,2024,8,Aug,103,2024-08-01,Reptile,4,2,67,0.05970149253731343,5.97
Hobart,2024,9,Sep,104,2024-09-01,Reptile,4,2,67,0.05970149253731343,5.97
Hobart,2024,10,Oct,105,2024-10-01,Reptile,7,3,67,0.1044776119402985,10.448
Hobart,2024,11,Nov,106,2024-11-01,Reptile,6,3,67,0.08955223880597014,8.955
Hobart,2024,12,Dec,107,2024-12-01,Reptile,5,3,67,0.07462686567164178,7.463
Hobart,2025,1,Jan,108,2025-01-01,Reptile,5,4,48,0.10416666666666667,10.417
Hobart,2025,2,Feb,109,2025-02-01,Reptile,1,1,48,0.020833333333333332,2.083
Hobart,2025,3,Mar,110,2025-03-01,Reptile,3,2,48,0.0625,6.25
Hobart,2025,4,Apr,111,2025-04-01,Reptile,3,2,48,0.0625,6.25
Hobart,2025,5,May,112,2025-05-01,Reptile,1,1,48,0.020833333333333332,2.083
Hobart,2025,6,Jun,113,2025-06-01,Reptile,0,0,48,0.0,0.0
Hobart,2025,7,Jul,114,2025-07-01,Reptile,0,0,48,0.0,0.0
Hobart,2025,8,Aug,115,2025-08-01,Reptile,3,1,48,0.0625,6.25
Hobart,2025,9,Sep,116,2025-09-01,Reptile,3,1,48,0.0625,6.25
Hobart,2025,10,Oct,117,2025-10-01,Reptile,5,3,48,0.10416666666666667,10.417
Hobart,2025,11,Nov,118,2025-11-01,Reptile,12,3,48,0.25,25.0
Hobart,2025,12,Dec,119,2025-12-01,Reptile,12,6,48,0.25,25.0
Hobart,2016,1,Jan,0,2016-01-01,Insect,26,9,643,0.04043545878693624,4.044
Hobart,2016,2,Feb,1,2016-02-01,Insect,100,43,643,0.15552099533437014,15.552
Hobart,2016,3,Mar,2,2016-03-01,Insect,34,18,643,0.05287713841368585,5.288
Hobart,2016,4,Apr,3,2016-04-01,Insect,19,7,643,0.029548989113530325,2.955
Hobart,2016,5,May,4,2016-05-01,Insect,17,6,643,0.026438569206842923,2.644
Hobart,2016,6,Jun,5,2016-06-01,Insect,8,3,643,0.012441679626749611,1.244
Hobart,2016,7,Jul,6,2016-07-01,Insect,16,3,643,0.024883359253499222,2.488
Hobart,2016,8,Aug,7,2016-08-01,Insect,19,6,643,0.029548989113530325,2.955
Hobart,2016,9,Sep,8,2016-09-01,Insect,260,43,643,0.40435458786936235,40.435
Hobart,2016,10,Oct,9,2016-10-01,Insect,4,2,643,0.006220839813374806,0.622
Hobart,2016,11,Nov,10,2016-11-01,Insect,29,6,643,0.04510108864696734,4.51
Hobart,2016,12,Dec,11,2016-12-01,Insect,111,53,643,0.17262830482115085,17.263
Hobart,2017,1,Jan,12,2017-01-01,Insect,237,99,788,0.30076142131979694,30.076
Hobart,2017,2,Feb,13,2017-02-01,Insect,92,31,788,0.116751269035533,11.675
Hobart,2017,3,Mar,14,2017-03-01,Insect,37,13,788,0.046954314720812185,4.695
Hobart,2017,4,Apr,15,2017-04-01,Insect,21,5,788,0.0266497461928934,2.665
Hobart,2017,5,May,16,2017-05-01,Insect,21,7,788,0.0266497461928934,2.665
Hobart,2017,6,Jun,17,2017-06-01,Insect,31,11,788,0.03934010152284264,3.934
Hobart,2017,7,Jul,18,2017-07-01,Insect,26,6,788,0.03299492385786802,3.299
Hobart,2017,8,Aug,19,2017-08-01,Insect,3,2,788,0.0038071065989847717,0.381
Hobart,2017,9,Sep,20,2017-09-01,Insect,8,6,788,0.01015228426395939,1.015
Hobart,2017,10,Oct,21,2017-10-01,Insect,70,33,788,0.08883248730964467,8.883
Hobart,2017,11,Nov,22,2017-11-01,Insect,228,61,788,0.2893401015228426,28.934
Hobart,2017,12,Dec,23,2017-12-01,Insect,14,5,788,0.017766497461928935,1.777
Hobart,2018,1,Jan,24,2018-01-01,Insect,47,25,430,0.10930232558139535,10.93
Hobart,2018,2,Feb,25,2018-02-01,Insect,69,28,430,0.16046511627906976,16.047
Hobart,2018,3,Mar,26,2018-03-01,Insect,11,11,430,0.02558139534883721,2.558
Hobart,2018,4,Apr,27,2018-04-01,Insect,12,4,430,0.027906976744186046,2.791
Hobart,2018,5,May,28,2018-05-01,Insect,14,4,430,0.03255813953488372,3.256
Hobart,2018,6,Jun,29,2018-06-01,Insect,3,2,430,0.0069767441860465115,0.698
Hobart,2018,7,Jul,30,2018-07-01,Insect,7,5,430,0.01627906976744186,1.628
Hobart,2018,8,Aug,31,2018-08-01,Insect,10,4,430,0.023255813953488372,2.326
Hobart,2018,9,Sep,32,2018-09-01,Insect,74,32,430,0.17209302325581396,17.209
Hobart,2018,10,Oct,33,2018-10-01,Insect,92,28,430,0.21395348837209302,21.395
Hobart,2018,11,Nov,34,2018-11-01,Insect,33,14,430,0.07674418604651163,7.674
Hobart,2018,12,Dec,35,2018-12-01,Insect,58,35,430,0.13488372093023257,13.488
Hobart,2019,1,Jan,36,2019-01-01,Insect,131,63,451,0.29046563192904656,29.047
Hobart,2019,2,Feb,37,2019-02-01,Insect,38,20,451,0.08425720620842572,8.426
Hobart,2019,3,Mar,38,2019-03-01,Insect,34,12,451,0.07538802660753881,7.539
Hobart,2019,4,Apr,39,2019-04-01,Insect,32,9,451,0.07095343680709534,7.095
Hobart,2019,5,May,40,2019-05-01,Insect,7,4,451,0.015521064301552107,1.552
Hobart,2019,6,Jun,41,2019-06-01,Insect,9,8,451,0.019955654101995565,1.996
Hobart,2019,7,Jul,42,2019-07-01,Insect,2,0,451,0.004434589800443459,0.443
Hobart,2019,8,Aug,43,2019-08-01,Insect,5,2,451,0.011086474501108648,1.109
Hobart,2019,9,Sep,44,2019-09-01,Insect,6,4,451,0.013303769401330377,1.33
Hobart,2019,10,Oct,45,2019-10-01,Insect,110,47,451,0.24390243902439024,24.39
Hobart,2019,11,Nov,46,2019-11-01,Insect,21,12,451,0.04656319290465632,4.656
Hobart,2019,12,Dec,47,2019-12-01,Insect,56,30,451,0.12416851441241686,12.417
Hobart,2020,1,Jan,48,2020-01-01,Insect,41,24,544,0.07536764705882353,7.537
Hobart,2020,2,Feb,49,2020-02-01,Insect,46,21,544,0.08455882352941177,8.456
Hobart,2020,3,Mar,50,2020-03-01,Insect,42,20,544,0.07720588235294118,7.721
Hobart,2020,4,Apr,51,2020-04-01,Insect,56,30,544,0.10294117647058823,10.294
Hobart,2020,5,May,52,2020-05-01,Insect,44,19,544,0.08088235294117647,8.088
Hobart,2020,6,Jun,53,2020-06-01,Insect,38,11,544,0.06985294117647059,6.985
Hobart,2020,7,Jul,54,2020-07-01,Insect,9,5,544,0.016544117647058824,1.654
Hobart,2020,8,Aug,55,2020-08-01,Insect,16,8,544,0.029411764705882353,2.941
Hobart,2020,9,Sep,56,2020-09-01,Insect,43,19,544,0.07904411764705882,7.904
Hobart,2020,10,Oct,57,2020-10-01,Insect,40,26,544,0.07352941176470588,7.353
Hobart,2020,11,Nov,58,2020-11-01,Insect,94,43,544,0.17279411764705882,17.279
Hobart,2020,12,Dec,59,2020-12-01,Insect,75,36,544,0.13786764705882354,13.787
Hobart,2021,1,Jan,60,2021-01-01,Insect,77,44,1265,0.06086956521739131,6.087
Hobart,2021,2,Feb,61,2021-02-01,Insect,120,50,1265,0.09486166007905138,9.486
Hobart,2021,3,Mar,62,2021-03-01,Insect,130,68,1265,0.10276679841897234,10.277
Hobart,2021,4,Apr,63,2021-04-01,Insect,190,66,1265,0.15019762845849802,15.02
Hobart,2021,5,May,64,2021-05-01,Insect,132,49,1265,0.10434782608695652,10.435
Hobart,2021,6,Jun,65,2021-06-01,Insect,49,20,1265,0.03873517786561265,3.874
Hobart,2021,7,Jul,66,2021-07-01,Insect,29,17,1265,0.02292490118577075,2.292
Hobart,2021,8,Aug,67,2021-08-01,Insect,16,9,1265,0.012648221343873518,1.265
Hobart,2021,9,Sep,68,2021-09-01,Insect,82,31,1265,0.06482213438735178,6.482
Hobart,2021,10,Oct,69,2021-10-01,Insect,70,30,1265,0.05533596837944664,5.534
Hobart,2021,11,Nov,70,2021-11-01,Insect,146,42,1265,0.11541501976284585,11.542
Hobart,2021,12,Dec,71,2021-12-01,Insect,224,99,1265,0.17707509881422925,17.708
Hobart,2022,1,Jan,72,2022-01-01,Insect,120,55,1157,0.10371650821089023,10.372
Hobart,2022,2,Feb,73,2022-02-01,Insect,107,53,1157,0.09248055315471046,9.248
Hobart,2022,3,Mar,74,2022-03-01,Insect,148,51,1157,0.12791702679343128,12.792
Hobart,2022,4,Apr,75,2022-04-01,Insect,70,30,1157,0.06050129645635264,6.05
Hobart,2022,5,May,76,2022-05-01,Insect,130,27,1157,0.11235955056179775,11.236
Hobart,2022,6,Jun,77,2022-06-01,Insect,44,10,1157,0.03802938634399308,3.803
Hobart,2022,7,Jul,78,2022-07-01,Insect,7,3,1157,0.006050129645635264,0.605
Hobart,2022,8,Aug,79,2022-08-01,Insect,22,8,1157,0.01901469317199654,1.901
Hobart,2022,9,Sep,80,2022-09-01,Insect,99,28,1157,0.08556611927398444,8.557
Hobart,2022,10,Oct,81,2022-10-01,Insect,112,51,1157,0.09680207433016422,9.68
Hobart,2022,11,Nov,82,2022-11-01,Insect,91,34,1157,0.07865168539325842,7.865
Hobart,2022,12,Dec,83,2022-12-01,Insect,207,60,1157,0.17891097666378566,17.891
Hobart,2023,1,Jan,84,2023-01-01,Insect,385,112,2902,0.1326671261199173,13.267
Hobart,2023,2,Feb,85,2023-02-01,Insect,500,134,2902,0.17229496898690558,17.229
Hobart,2023,3,Mar,86,2023-03-01,Insect,348,91,2902,0.11991729841488628,11.992
Hobart,2023,4,Apr,87,2023-04-01,Insect,386,89,2902,0.1330117160578911,13.301
Hobart,2023,5,May,88,2023-05-01,Insect,130,40,2902,0.044796691936595454,4.48
Hobart,2023,6,Jun,89,2023-06-01,Insect,84,27,2902,0.028945554789800137,2.895
Hobart,2023,7,Jul,90,2023-07-01,Insect,25,8,2902,0.00861474844934528,0.861
Hobart,2023,8,Aug,91,2023-08-01,Insect,79,26,2902,0.02722260509993108,2.722
Hobart,2023,9,Sep,92,2023-09-01,Insect,194,54,2902,0.06685044796691937,6.685
Hobart,2023,10,Oct,93,2023-10-01,Insect,273,66,2902,0.09407305306685045,9.407
Hobart,2023,11,Nov,94,2023-11-01,Insect,172,73,2902,0.059269469331495524,5.927
Hobart,2023,12,Dec,95,2023-12-01,Insect,326,95,2902,0.11233631977946244,11.234
Hobart,2024,1,Jan,96,2024-01-01,Insect,362,122,2447,0.14793624846751124,14.794
Hobart,2024,2,Feb,97,2024-02-01,Insect,476,140,2447,0.1945239068246833,19.452
Hobart,2024,3,Mar,98,2024-03-01,Insect,305,102,2447,0.12464241928892522,12.464
Hobart,2024,4,Apr,99,2024-04-01,Insect,127,42,2447,0.05190028606456886,5.19
Hobart,2024,5,May,100,2024-05-01,Insect,40,10,2447,0.016346546791990192,1.635
Hobart,2024,6,Jun,101,2024-06-01,Insect,22,9,2447,0.008990600735594606,0.899
Hobart,2024,7,Jul,102,2024-07-01,Insect,30,13,2447,0.012259910093992644,1.226
Hobart,2024,8,Aug,103,2024-08-01,Insect,104,20,2447,0.0425010216591745,4.25
Hobart,2024,9,Sep,104,2024-09-01,Insect,78,32,2447,0.031875766244380876,3.188
Hobart,2024,10,Oct,105,2024-10-01,Insect,99,34,2447,0.04045770331017572,4.046
Hobart,2024,11,Nov,106,2024-11-01,Insect,530,161,2447,0.21659174499387004,21.659
Hobart,2024,12,Dec,107,2024-12-01,Insect,274,119,2447,0.11197384552513281,11.197
Hobart,2025,1,Jan,108,2025-01-01,Insect,717,231,2592,0.27662037037037035,27.662
Hobart,2025,2,Feb,109,2025-02-01,Insect,528,163,2592,0.2037037037037037,20.37
Hobart,2025,3,Mar,110,2025-03-01,Insect,184,86,2592,0.07098765432098765,7.099
Hobart,2025,4,Apr,111,2025-04-01,Insect,109,46,2592,0.04205246913580247,4.205
Hobart,2025,5,May,112,2025-05-01,Insect,48,30,2592,0.018518518518518517,1.852
Hobart,2025,6,Jun,113,2025-06-01,Insect,36,6,2592,0.013888888888888888,1.389
Hobart,2025,7,Jul,114,2025-07-01,Insect,33,17,2592,0.01273148148148148,1.273
Hobart,2025,8,Aug,115,2025-08-01,Insect,118,34,2592,0.04552469135802469,4.552
Hobart,2025,9,Sep,116,2025-09-01,Insect,82,32,2592,0.031635802469135804,3.164
Hobart,2025,10,Oct,117,2025-10-01,Insect,174,68,2592,0.06712962962962964,6.713
Hobart,2025,11,Nov,118,2025-11-01,Insect,253,92,2592,0.09760802469135803,9.761
Hobart,2025,12,Dec,119,2025-12-01,Insect,310,130,2592,0.11959876543209877,11.96
Darwin,2016,1,Jan,0,2016-01-01,Bird,191,79,11759,0.01624287779573093,1.624
Darwin,2016,2,Feb,1,2016-02-01,Bird,677,104,11759,0.05757292286759078,5.757
Darwin,2016,3,Mar,2,2016-03-01,Bird,312,99,11759,0.02653286844119398,2.653
Darwin,2016,4,Apr,3,2016-04-01,Bird,347,107,11759,0.029509312016327918,2.951
Darwin,2016,5,May,4,2016-05-01,Bird,1130,114,11759,0.09609660685432435,9.61
Darwin,2016,6,Jun,5,2016-06-01,Bird,714,123,11759,0.06071944893273237,6.072
Darwin,2016,7,Jul,6,2016-07-01,Bird,281,84,11759,0.023896589846075348,2.39
Darwin,2016,8,Aug,7,2016-08-01,Bird,1244,150,11759,0.1057913087847606,10.579
Darwin,2016,9,Sep,8,2016-09-01,Bird,1444,149,11759,0.12279955778552598,12.28
Darwin,2016,10,Oct,9,2016-10-01,Bird,3509,174,11759,0.2984097287184284,29.841
Darwin,2016,11,Nov,10,2016-11-01,Bird,1008,154,11759,0.08572157496385747,8.572
Darwin,2016,12,Dec,11,2016-12-01,Bird,902,133,11759,0.07670720299345182,7.671
Darwin,2017,1,Jan,12,2017-01-01,Bird,1317,136,18144,0.07258597883597884,7.259
Darwin,2017,2,Feb,13,2017-02-01,Bird,1016,134,18144,0.05599647266313933,5.6
Darwin,2017,3,Mar,14,2017-03-01,Bird,910,118,18144,0.05015432098765432,5.015
Darwin,2017,4,Apr,15,2017-04-01,Bird,963,118,18144,0.053075396825396824,5.308
Darwin,2017,5,May,16,2017-05-01,Bird,1109,117,18144,0.06112213403880071,6.112
Darwin,2017,6,Jun,17,2017-06-01,Bird,722,124,18144,0.03979276895943563,3.979
Darwin,2017,7,Jul,18,2017-07-01,Bird,1882,158,18144,0.1037257495590829,10.373
Darwin,2017,8,Aug,19,2017-08-01,Bird,1357,148,18144,0.07479056437389771,7.479
Darwin,2017,9,Sep,20,2017-09-01,Bird,2321,172,18144,0.1279210758377425,12.792
Darwin,2017,10,Oct,21,2017-10-01,Bird,3759,171,18144,0.20717592592592593,20.718
Darwin,2017,11,Nov,22,2017-11-01,Bird,1344,156,18144,0.07407407407407407,7.407
Darwin,2017,12,Dec,23,2017-12-01,Bird,1444,149,18144,0.07958553791887125,7.959
Darwin,2018,1,Jan,24,2018-01-01,Bird,1898,161,35950,0.05279554937413074,5.28
Darwin,2018,2,Feb,25,2018-02-01,Bird,1038,132,35950,0.028873435326842837,2.887
Darwin,2018,3,Mar,26,2018-03-01,Bird,2231,150,35950,0.06205841446453408,6.206
Darwin,2018,4,Apr,27,2018-04-01,Bird,2184,172,35950,0.06075104311543811,6.075
Darwin,2018,5,May,28,2018-05-01,Bird,2988,164,35950,0.083115438108484,8.312
Darwin,2018,6,Jun,29,2018-06-01,Bird,3193,162,35950,0.08881780250347705,8.882
Darwin,2018,7,Jul,30,2018-07-01,Bird,4576,180,35950,0.12728789986091793,12.729
Darwin,2018,8,Aug,31,2018-08-01,Bird,4693,175,35950,0.1305424200278164,13.054
Darwin,2018,9,Sep,32,2018-09-01,Bird,3880,189,35950,0.10792767732962448,10.793
Darwin,2018,10,Oct,33,2018-10-01,Bird,4245,187,35950,0.11808066759388039,11.808
Darwin,2018,11,Nov,34,2018-11-01,Bird,3774,181,35950,0.10497913769123783,10.498
Darwin,2018,12,Dec,35,2018-12-01,Bird,1250,142,35950,0.03477051460361613,3.477
Darwin,2019,1,Jan,36,2019-01-01,Bird,2650,166,45108,0.05874789394342467,5.875
Darwin,2019,2,Feb,37,2019-02-01,Bird,3085,173,45108,0.06839141615677928,6.839
Darwin,2019,3,Mar,38,2019-03-01,Bird,2272,160,45108,0.050368005675268245,5.037
Darwin,2019,4,Apr,39,2019-04-01,Bird,2318,171,45108,0.05138778043805977,5.139
Darwin,2019,5,May,40,2019-05-01,Bird,2586,158,45108,0.057329076882149506,5.733
Darwin,2019,6,Jun,41,2019-06-01,Bird,4217,175,45108,0.0934867429280837,9.349
Darwin,2019,7,Jul,42,2019-07-01,Bird,9678,198,45108,0.21455174248470338,21.455
Darwin,2019,8,Aug,43,2019-08-01,Bird,3405,170,45108,0.0754855014631551,7.549
Darwin,2019,9,Sep,44,2019-09-01,Bird,4006,186,45108,0.08880908042919217,8.881
Darwin,2019,10,Oct,45,2019-10-01,Bird,4909,187,45108,0.1088277024031214,10.883
Darwin,2019,11,Nov,46,2019-11-01,Bird,3459,174,45108,0.07668262835860601,7.668
Darwin,2019,12,Dec,47,2019-12-01,Bird,2523,172,45108,0.05593242883745677,5.593
Darwin,2020,1,Jan,48,2020-01-01,Bird,2652,167,32590,0.08137465480208653,8.137
Darwin,2020,2,Feb,49,2020-02-01,Bird,1885,156,32590,0.05783982816814974,5.784
Darwin,2020,3,Mar,50,2020-03-01,Bird,1716,142,32590,0.05265418840135011,5.265
Darwin,2020,4,Apr,51,2020-04-01,Bird,2200,125,32590,0.06750536974532065,6.751
Darwin,2020,5,May,52,2020-05-01,Bird,2377,153,32590,0.07293648358392145,7.294
Darwin,2020,6,Jun,53,2020-06-01,Bird,2223,149,32590,0.068211107701749,6.821
Darwin,2020,7,Jul,54,2020-07-01,Bird,2904,149,32590,0.08910708806382325,8.911
Darwin,2020,8,Aug,55,2020-08-01,Bird,3017,159,32590,0.09257440932801472,9.257
Darwin,2020,9,Sep,56,2020-09-01,Bird,2578,155,32590,0.07910401963792574,7.91
Darwin,2020,10,Oct,57,2020-10-01,Bird,4606,181,32590,0.14133169683952132,14.133
Darwin,2020,11,Nov,58,2020-11-01,Bird,3668,173,32590,0.11254986192083462,11.255
Darwin,2020,12,Dec,59,2020-12-01,Bird,2764,154,32590,0.08481129180730286,8.481
Darwin,2021,1,Jan,60,2021-01-01,Bird,3619,155,58365,0.06200633941574574,6.201
Darwin,2021,2,Feb,61,2021-02-01,Bird,3014,151,58365,0.051640537993660585,5.164
Darwin,2021,3,Mar,62,2021-03-01,Bird,2405,148,58365,0.04120620234729718,4.121
Darwin,2021,4,Apr,63,2021-04-01,Bird,5047,159,58365,0.08647305748308061,8.647
Darwin,2021,5,May,64,2021-05-01,Bird,7621,171,58365,0.1305748308061338,13.057
Darwin,2021,6,Jun,65,2021-06-01,Bird,4913,162,58365,0.08417716096975927,8.418
Darwin,2021,7,Jul,66,2021-07-01,Bird,5510,162,58365,0.09440589394328792,9.441
Darwin,2021,8,Aug,67,2021-08-01,Bird,5203,174,58365,0.08914589222993233,8.915
Darwin,2021,9,Sep,68,2021-09-01,Bird,4524,181,58365,0.07751220765869957,7.751
Darwin,2021,10,Oct,69,2021-10-01,Bird,5884,190,58365,0.10081384391330421,10.081
Darwin,2021,11,Nov,70,2021-11-01,Bird,5330,194,58365,0.09132185385076673,9.132
Darwin,2021,12,Dec,71,2021-12-01,Bird,5295,182,58365,0.09072217938833205,9.072
Darwin,2022,1,Jan,72,2022-01-01,Bird,5798,170,103425,0.05605994682136814,5.606
Darwin,2022,2,Feb,73,2022-02-01,Bird,4289,164,103425,0.04146966400773507,4.147
Darwin,2022,3,Mar,74,2022-03-01,Bird,4596,163,103425,0.044437998549673674,4.444
Darwin,2022,4,Apr,75,2022-04-01,Bird,6536,173,103425,0.06319555233260817,6.32
Darwin,2022,5,May,76,2022-05-01,Bird,10022,187,103425,0.09690113608895334,9.69
Darwin,2022,6,Jun,77,2022-06-01,Bird,7746,177,103425,0.07489485134155185,7.489
Darwin,2022,7,Jul,78,2022-07-01,Bird,8339,186,103425,0.08062847474014986,8.063
Darwin,2022,8,Aug,79,2022-08-01,Bird,13599,203,103425,0.13148658448150835,13.149
Darwin,2022,9,Sep,80,2022-09-01,Bird,11885,201,103425,0.11491418902586416,11.491
Darwin,2022,10,Oct,81,2022-10-01,Bird,14064,212,103425,0.13598259608411892,13.598
Darwin,2022,11,Nov,82,2022-11-01,Bird,8924,195,103425,0.08628474740149868,8.628
Darwin,2022,12,Dec,83,2022-12-01,Bird,7627,187,103425,0.07374425912496979,7.374
Darwin,2023,1,Jan,84,2023-01-01,Bird,8003,179,118189,0.06771357740568074,6.771
Darwin,2023,2,Feb,85,2023-02-01,Bird,6321,168,118189,0.053482134547208286,5.348
Darwin,2023,3,Mar,86,2023-03-01,Bird,6593,164,118189,0.05578353315452369,5.578
Darwin,2023,4,Apr,87,2023-04-01,Bird,9723,184,118189,0.082266539187234,8.227
Darwin,2023,5,May,88,2023-05-01,Bird,9030,192,118189,0.07640304935315469,7.64
Darwin,2023,6,Jun,89,2023-06-01,Bird,7667,184,118189,0.06487067324370288,6.487
Darwin,2023,7,Jul,90,2023-07-01,Bird,14412,197,118189,0.12194028209054988,12.194
Darwin,2023,8,Aug,91,2023-08-01,Bird,15682,199,118189,0.13268578294088282,13.269
Darwin,2023,9,Sep,92,2023-09-01,Bird,16582,203,118189,0.1403007048033235,14.03
Darwin,2023,10,Oct,93,2023-10-01,Bird,11865,202,118189,0.10039005321984279,10.039
Darwin,2023,11,Nov,94,2023-11-01,Bird,6863,197,118189,0.05806800971325589,5.807
Darwin,2023,12,Dec,95,2023-12-01,Bird,5448,186,118189,0.04609566034064084,4.61
Darwin,2024,1,Jan,96,2024-01-01,Bird,6377,192,90695,0.07031258614036055,7.031
Darwin,2024,2,Feb,97,2024-02-01,Bird,5554,166,90695,0.06123821599867688,6.124
Darwin,2024,3,Mar,98,2024-03-01,Bird,6760,179,90695,0.0745355311759193,7.454
Darwin,2024,4,Apr,99,2024-04-01,Bird,7027,179,90695,0.0774794641380451,7.748
Darwin,2024,5,May,100,2024-05-01,Bird,6559,174,90695,0.07231931197971223,7.232
Darwin,2024,6,Jun,101,2024-06-01,Bird,9089,171,90695,0.10021500633993054,10.022
Darwin,2024,7,Jul,102,2024-07-01,Bird,9205,177,90695,0.10149401841336347,10.149
Darwin,2024,8,Aug,103,2024-08-01,Bird,7853,174,90695,0.08658691217817961,8.659
Darwin,2024,9,Sep,104,2024-09-01,Bird,9918,194,90695,0.10935553227851591,10.936
Darwin,2024,10,Oct,105,2024-10-01,Bird,12524,201,90695,0.1380892000661558,13.809
Darwin,2024,11,Nov,106,2024-11-01,Bird,5875,197,90695,0.06477755113291803,6.478
Darwin,2024,12,Dec,107,2024-12-01,Bird,3954,169,90695,0.04359667015822261,4.36
Darwin,2025,1,Jan,108,2025-01-01,Bird,7299,179,68568,0.10644907245362269,10.645
Darwin,2025,2,Feb,109,2025-02-01,Bird,5950,172,68568,0.08677517209193793,8.678
Darwin,2025,3,Mar,110,2025-03-01,Bird,5236,172,68568,0.07636215144090538,7.636
Darwin,2025,4,Apr,111,2025-04-01,Bird,5446,173,68568,0.079424804573562,7.942
Darwin,2025,5,May,112,2025-05-01,Bird,6928,170,68568,0.10103838525259597,10.104
Darwin,2025,6,Jun,113,2025-06-01,Bird,7296,173,68568,0.1064053202660133,10.641
Darwin,2025,7,Jul,114,2025-07-01,Bird,11064,190,68568,0.16135806790339516,16.136
Darwin,2025,8,Aug,115,2025-08-01,Bird,14100,196,68568,0.2056352817640882,20.564
Darwin,2025,9,Sep,116,2025-09-01,Bird,1282,113,68568,0.018696768171741922,1.87
Darwin,2025,10,Oct,117,2025-10-01,Bird,1651,118,68568,0.02407828724769572,2.408
Darwin,2025,11,Nov,118,2025-11-01,Bird,1343,106,68568,0.019586395986465988,1.959
Darwin,2025,12,Dec,119,2025-12-01,Bird,973,112,68568,0.014190292847975731,1.419
Darwin,2016,1,Jan,0,2016-01-01,Mammal,0,0,94,0.0,0.0
Darwin,2016,2,Feb,1,2016-02-01,Mammal,0,0,94,0.0,0.0
Darwin,2016,3,Mar,2,2016-03-01,Mammal,3,3,94,0.031914893617021274,3.191
Darwin,2016,4,Apr,3,2016-04-01,Mammal,0,0,94,0.0,0.0
Darwin,2016,5,May,4,2016-05-01,Mammal,66,6,94,0.7021276595744681,70.213
Darwin,2016,6,Jun,5,2016-06-01,Mammal,0,0,94,0.0,0.0
Darwin,2016,7,Jul,6,2016-07-01,Mammal,1,1,94,0.010638297872340425,1.064
Darwin,2016,8,Aug,7,2016-08-01,Mammal,1,1,94,0.010638297872340425,1.064
Darwin,2016,9,Sep,8,2016-09-01,Mammal,5,3,94,0.05319148936170213,5.319
Darwin,2016,10,Oct,9,2016-10-01,Mammal,13,7,94,0.13829787234042554,13.83
Darwin,2016,11,Nov,10,2016-11-01,Mammal,4,4,94,0.0425531914893617,4.255
Darwin,2016,12,Dec,11,2016-12-01,Mammal,1,1,94,0.010638297872340425,1.064
Darwin,2017,1,Jan,12,2017-01-01,Mammal,10,10,104,0.09615384615384616,9.615
Darwin,2017,2,Feb,13,2017-02-01,Mammal,1,1,104,0.009615384615384616,0.962
Darwin,2017,3,Mar,14,2017-03-01,Mammal,0,0,104,0.0,0.0
Darwin,2017,4,Apr,15,2017-04-01,Mammal,2,2,104,0.019230769230769232,1.923
Darwin,2017,5,May,16,2017-05-01,Mammal,23,4,104,0.22115384615384615,22.115
Darwin,2017,6,Jun,17,2017-06-01,Mammal,14,4,104,0.1346153846153846,13.462
Darwin,2017,7,Jul,18,2017-07-01,Mammal,9,3,104,0.08653846153846154,8.654
Darwin,2017,8,Aug,19,2017-08-01,Mammal,13,3,104,0.125,12.5
Darwin,2017,9,Sep,20,2017-09-01,Mammal,4,2,104,0.038461538461538464,3.846
Darwin,2017,10,Oct,21,2017-10-01,Mammal,17,4,104,0.16346153846153846,16.346
Darwin,2017,11,Nov,22,2017-11-01,Mammal,7,3,104,0.0673076923076923,6.731
Darwin,2017,12,Dec,23,2017-12-01,Mammal,4,2,104,0.038461538461538464,3.846
Darwin,2018,1,Jan,24,2018-01-01,Mammal,2,1,85,0.023529411764705882,2.353
Darwin,2018,2,Feb,25,2018-02-01,Mammal,5,1,85,0.058823529411764705,5.882
Darwin,2018,3,Mar,26,2018-03-01,Mammal,6,2,85,0.07058823529411765,7.059
Darwin,2018,4,Apr,27,2018-04-01,Mammal,4,2,85,0.047058823529411764,4.706
Darwin,2018,5,May,28,2018-05-01,Mammal,4,2,85,0.047058823529411764,4.706
Darwin,2018,6,Jun,29,2018-06-01,Mammal,4,3,85,0.047058823529411764,4.706
Darwin,2018,7,Jul,30,2018-07-01,Mammal,6,3,85,0.07058823529411765,7.059
Darwin,2018,8,Aug,31,2018-08-01,Mammal,13,4,85,0.15294117647058825,15.294
Darwin,2018,9,Sep,32,2018-09-01,Mammal,10,2,85,0.11764705882352941,11.765
Darwin,2018,10,Oct,33,2018-10-01,Mammal,14,6,85,0.16470588235294117,16.471
Darwin,2018,11,Nov,34,2018-11-01,Mammal,16,3,85,0.18823529411764706,18.824
Darwin,2018,12,Dec,35,2018-12-01,Mammal,1,1,85,0.011764705882352941,1.176
Darwin,2019,1,Jan,36,2019-01-01,Mammal,4,3,114,0.03508771929824561,3.509
Darwin,2019,2,Feb,37,2019-02-01,Mammal,6,3,114,0.05263157894736842,5.263
Darwin,2019,3,Mar,38,2019-03-01,Mammal,4,2,114,0.03508771929824561,3.509
Darwin,2019,4,Apr,39,2019-04-01,Mammal,24,3,114,0.21052631578947367,21.053
Darwin,2019,5,May,40,2019-05-01,Mammal,20,3,114,0.17543859649122806,17.544
Darwin,2019,6,Jun,41,2019-06-01,Mammal,8,5,114,0.07017543859649122,7.018
Darwin,2019,7,Jul,42,2019-07-01,Mammal,22,4,114,0.19298245614035087,19.298
Darwin,2019,8,Aug,43,2019-08-01,Mammal,8,4,114,0.07017543859649122,7.018
Darwin,2019,9,Sep,44,2019-09-01,Mammal,8,4,114,0.07017543859649122,7.018
Darwin,2019,10,Oct,45,2019-10-01,Mammal,4,4,114,0.03508771929824561,3.509
Darwin,2019,11,Nov,46,2019-11-01,Mammal,2,1,114,0.017543859649122806,1.754
Darwin,2019,12,Dec,47,2019-12-01,Mammal,4,1,114,0.03508771929824561,3.509
Darwin,2020,1,Jan,48,2020-01-01,Mammal,3,1,874,0.003432494279176201,0.343
Darwin,2020,2,Feb,49,2020-02-01,Mammal,1,1,874,0.0011441647597254005,0.114
Darwin,2020,3,Mar,50,2020-03-01,Mammal,5,1,874,0.005720823798627002,0.572
Darwin,2020,4,Apr,51,2020-04-01,Mammal,3,1,874,0.003432494279176201,0.343
Darwin,2020,5,May,52,2020-05-01,Mammal,4,1,874,0.004576659038901602,0.458
Darwin,2020,6,Jun,53,2020-06-01,Mammal,2,2,874,0.002288329519450801,0.229
Darwin,2020,7,Jul,54,2020-07-01,Mammal,2,2,874,0.002288329519450801,0.229
Darwin,2020,8,Aug,55,2020-08-01,Mammal,1,1,874,0.0011441647597254005,0.114
Darwin,2020,9,Sep,56,2020-09-01,Mammal,517,6,874,0.5915331807780321,59.153
Darwin,2020,10,Oct,57,2020-10-01,Mammal,306,8,874,0.3501144164759725,35.011
Darwin,2020,11,Nov,58,2020-11-01,Mammal,26,5,874,0.029748283752860413,2.975
Darwin,2020,12,Dec,59,2020-12-01,Mammal,4,2,874,0.004576659038901602,0.458
Darwin,2021,1,Jan,60,2021-01-01,Mammal,8,2,96,0.08333333333333333,8.333
Darwin,2021,2,Feb,61,2021-02-01,Mammal,4,3,96,0.041666666666666664,4.167
Darwin,2021,3,Mar,62,2021-03-01,Mammal,16,7,96,0.16666666666666666,16.667
Darwin,2021,4,Apr,63,2021-04-01,Mammal,2,2,96,0.020833333333333332,2.083
Darwin,2021,5,May,64,2021-05-01,Mammal,9,5,96,0.09375,9.375
Darwin,2021,6,Jun,65,2021-06-01,Mammal,12,5,96,0.125,12.5
Darwin,2021,7,Jul,66,2021-07-01,Mammal,0,0,96,0.0,0.0
Darwin,2021,8,Aug,67,2021-08-01,Mammal,12,2,96,0.125,12.5
Darwin,2021,9,Sep,68,2021-09-01,Mammal,12,2,96,0.125,12.5
Darwin,2021,10,Oct,69,2021-10-01,Mammal,9,2,96,0.09375,9.375
Darwin,2021,11,Nov,70,2021-11-01,Mammal,7,4,96,0.07291666666666667,7.292
Darwin,2021,12,Dec,71,2021-12-01,Mammal,5,4,96,0.052083333333333336,5.208
Darwin,2022,1,Jan,72,2022-01-01,Mammal,8,2,56,0.14285714285714285,14.286
Darwin,2022,2,Feb,73,2022-02-01,Mammal,8,4,56,0.14285714285714285,14.286
Darwin,2022,3,Mar,74,2022-03-01,Mammal,9,3,56,0.16071428571428573,16.071
Darwin,2022,4,Apr,75,2022-04-01,Mammal,4,4,56,0.07142857142857142,7.143
Darwin,2022,5,May,76,2022-05-01,Mammal,4,3,56,0.07142857142857142,7.143
Darwin,2022,6,Jun,77,2022-06-01,Mammal,5,3,56,0.08928571428571429,8.929
Darwin,2022,7,Jul,78,2022-07-01,Mammal,4,2,56,0.07142857142857142,7.143
Darwin,2022,8,Aug,79,2022-08-01,Mammal,6,2,56,0.10714285714285714,10.714
Darwin,2022,9,Sep,80,2022-09-01,Mammal,6,4,56,0.10714285714285714,10.714
Darwin,2022,10,Oct,81,2022-10-01,Mammal,0,0,56,0.0,0.0
Darwin,2022,11,Nov,82,2022-11-01,Mammal,1,1,56,0.017857142857142856,1.786
Darwin,2022,12,Dec,83,2022-12-01,Mammal,1,1,56,0.017857142857142856,1.786
Darwin,2023,1,Jan,84,2023-01-01,Mammal,1,1,69,0.014492753623188406,1.449
Darwin,2023,2,Feb,85,2023-02-01,Mammal,0,0,69,0.0,0.0
Darwin,2023,3,Mar,86,2023-03-01,Mammal,7,2,69,0.10144927536231885,10.145
Darwin,2023,4,Apr,87,2023-04-01,Mammal,3,2,69,0.043478260869565216,4.348
Darwin,2023,5,May,88,2023-05-01,Mammal,7,3,69,0.10144927536231885,10.145
Darwin,2023,6,Jun,89,2023-06-01,Mammal,8,3,69,0.11594202898550725,11.594
Darwin,2023,7,Jul,90,2023-07-01,Mammal,7,3,69,0.10144927536231885,10.145
Darwin,2023,8,Aug,91,2023-08-01,Mammal,4,4,69,0.057971014492753624,5.797
Darwin,2023,9,Sep,92,2023-09-01,Mammal,21,3,69,0.30434782608695654,30.435
Darwin,2023,10,Oct,93,2023-10-01,Mammal,7,3,69,0.10144927536231885,10.145
Darwin,2023,11,Nov,94,2023-11-01,Mammal,2,2,69,0.028985507246376812,2.899
Darwin,2023,12,Dec,95,2023-12-01,Mammal,2,1,69,0.028985507246376812,2.899
Darwin,2024,1,Jan,96,2024-01-01,Mammal,6,4,61,0.09836065573770492,9.836
Darwin,2024,2,Feb,97,2024-02-01,Mammal,3,2,61,0.04918032786885246,4.918
Darwin,2024,3,Mar,98,2024-03-01,Mammal,7,5,61,0.11475409836065574,11.475
Darwin,2024,4,Apr,99,2024-04-01,Mammal,0,0,61,0.0,0.0
Darwin,2024,5,May,100,2024-05-01,Mammal,3,2,61,0.04918032786885246,4.918
Darwin,2024,6,Jun,101,2024-06-01,Mammal,7,3,61,0.11475409836065574,11.475
Darwin,2024,7,Jul,102,2024-07-01,Mammal,2,1,61,0.03278688524590164,3.279
Darwin,2024,8,Aug,103,2024-08-01,Mammal,12,2,61,0.19672131147540983,19.672
Darwin,2024,9,Sep,104,2024-09-01,Mammal,14,4,61,0.22950819672131148,22.951
Darwin,2024,10,Oct,105,2024-10-01,Mammal,2,2,61,0.03278688524590164,3.279
Darwin,2024,11,Nov,106,2024-11-01,Mammal,2,2,61,0.03278688524590164,3.279
Darwin,2024,12,Dec,107,2024-12-01,Mammal,3,1,61,0.04918032786885246,4.918
Darwin,2025,1,Jan,108,2025-01-01,Mammal,4,4,201,0.01990049751243781,1.99
Darwin,2025,2,Feb,109,2025-02-01,Mammal,3,3,201,0.014925373134328358,1.493
Darwin,2025,3,Mar,110,2025-03-01,Mammal,3,1,201,0.014925373134328358,1.493
Darwin,2025,4,Apr,111,2025-04-01,Mammal,4,3,201,0.01990049751243781,1.99
Darwin,2025,5,May,112,2025-05-01,Mammal,0,0,201,0.0,0.0
Darwin,2025,6,Jun,113,2025-06-01,Mammal,17,4,201,0.0845771144278607,8.458
Darwin,2025,7,Jul,114,2025-07-01,Mammal,24,7,201,0.11940298507462686,11.94
Darwin,2025,8,Aug,115,2025-08-01,Mammal,62,7,201,0.30845771144278605,30.846
Darwin,2025,9,Sep,116,2025-09-01,Mammal,24,3,201,0.11940298507462686,11.94
Darwin,2025,10,Oct,117,2025-10-01,Mammal,30,4,201,0.14925373134328357,14.925
Darwin,2025,11,Nov,118,2025-11-01,Mammal,14,4,201,0.06965174129353234,6.965
Darwin,2025,12,Dec,119,2025-12-01,Mammal,16,3,201,0.07960199004975124,7.96
Darwin,2016,1,Jan,0,2016-01-01,Reptile,3,2,251,0.01195219123505976,1.195
Darwin,2016,2,Feb,1,2016-02-01,Reptile,3,2,251,0.01195219123505976,1.195
Darwin,2016,3,Mar,2,2016-03-01,Reptile,6,2,251,0.02390438247011952,2.39
Darwin,2016,4,Apr,3,2016-04-01,Reptile,21,6,251,0.08366533864541832,8.367
Darwin,2016,5,May,4,2016-05-01,Reptile,124,15,251,0.4940239043824701,49.402
Darwin,2016,6,Jun,5,2016-06-01,Reptile,21,5,251,0.08366533864541832,8.367
Darwin,2016,7,Jul,6,2016-07-01,Reptile,12,3,251,0.04780876494023904,4.781
Darwin,2016,8,Aug,7,2016-08-01,Reptile,9,7,251,0.035856573705179286,3.586
Darwin,2016,9,Sep,8,2016-09-01,Reptile,7,4,251,0.027888446215139442,2.789
Darwin,2016,10,Oct,9,2016-10-01,Reptile,13,5,251,0.05179282868525897,5.179
Darwin,2016,11,Nov,10,2016-11-01,Reptile,11,7,251,0.043824701195219126,4.382
Darwin,2016,12,Dec,11,2016-12-01,Reptile,21,4,251,0.08366533864541832,8.367
Darwin,2017,1,Jan,12,2017-01-01,Reptile,17,9,166,0.10240963855421686,10.241
Darwin,2017,2,Feb,13,2017-02-01,Reptile,22,9,166,0.13253012048192772,13.253
Darwin,2017,3,Mar,14,2017-03-01,Reptile,11,3,166,0.06626506024096386,6.627
Darwin,2017,4,Apr,15,2017-04-01,Reptile,14,4,166,0.08433734939759036,8.434
Darwin,2017,5,May,16,2017-05-01,Reptile,8,3,166,0.04819277108433735,4.819
Darwin,2017,6,Jun,17,2017-06-01,Reptile,12,4,166,0.07228915662650602,7.229
Darwin,2017,7,Jul,18,2017-07-01,Reptile,6,2,166,0.03614457831325301,3.614
Darwin,2017,8,Aug,19,2017-08-01,Reptile,10,5,166,0.060240963855421686,6.024
Darwin,2017,9,Sep,20,2017-09-01,Reptile,6,4,166,0.03614457831325301,3.614
Darwin,2017,10,Oct,21,2017-10-01,Reptile,12,4,166,0.07228915662650602,7.229
Darwin,2017,11,Nov,22,2017-11-01,Reptile,22,7,166,0.13253012048192772,13.253
Darwin,2017,12,Dec,23,2017-12-01,Reptile,26,7,166,0.1566265060240964,15.663
Darwin,2018,1,Jan,24,2018-01-01,Reptile,16,5,270,0.05925925925925926,5.926
Darwin,2018,2,Feb,25,2018-02-01,Reptile,16,7,270,0.05925925925925926,5.926
Darwin,2018,3,Mar,26,2018-03-01,Reptile,20,8,270,0.07407407407407407,7.407
Darwin,2018,4,Apr,27,2018-04-01,Reptile,36,10,270,0.13333333333333333,13.333
Darwin,2018,5,May,28,2018-05-01,Reptile,27,12,270,0.1,10.0
Darwin,2018,6,Jun,29,2018-06-01,Reptile,7,4,270,0.025925925925925925,2.593
Darwin,2018,7,Jul,30,2018-07-01,Reptile,19,9,270,0.07037037037037037,7.037
Darwin,2018,8,Aug,31,2018-08-01,Reptile,13,8,270,0.04814814814814815,4.815
Darwin,2018,9,Sep,32,2018-09-01,Reptile,22,7,270,0.08148148148148149,8.148
Darwin,2018,10,Oct,33,2018-10-01,Reptile,22,8,270,0.08148148148148149,8.148
Darwin,2018,11,Nov,34,2018-11-01,Reptile,53,11,270,0.1962962962962963,19.63
Darwin,2018,12,Dec,35,2018-12-01,Reptile,19,8,270,0.07037037037037037,7.037
Darwin,2019,1,Jan,36,2019-01-01,Reptile,11,9,114,0.09649122807017543,9.649
Darwin,2019,2,Feb,37,2019-02-01,Reptile,13,6,114,0.11403508771929824,11.404
Darwin,2019,3,Mar,38,2019-03-01,Reptile,8,4,114,0.07017543859649122,7.018
Darwin,2019,4,Apr,39,2019-04-01,Reptile,11,5,114,0.09649122807017543,9.649
Darwin,2019,5,May,40,2019-05-01,Reptile,13,9,114,0.11403508771929824,11.404
Darwin,2019,6,Jun,41,2019-06-01,Reptile,9,7,114,0.07894736842105263,7.895
Darwin,2019,7,Jul,42,2019-07-01,Reptile,12,8,114,0.10526315789473684,10.526
Darwin,2019,8,Aug,43,2019-08-01,Reptile,5,4,114,0.043859649122807015,4.386
Darwin,2019,9,Sep,44,2019-09-01,Reptile,9,4,114,0.07894736842105263,7.895
Darwin,2019,10,Oct,45,2019-10-01,Reptile,4,2,114,0.03508771929824561,3.509
Darwin,2019,11,Nov,46,2019-11-01,Reptile,5,3,114,0.043859649122807015,4.386
Darwin,2019,12,Dec,47,2019-12-01,Reptile,14,7,114,0.12280701754385964,12.281
Darwin,2020,1,Jan,48,2020-01-01,Reptile,0,0,78,0.0,0.0
Darwin,2020,2,Feb,49,2020-02-01,Reptile,4,3,78,0.05128205128205128,5.128
Darwin,2020,3,Mar,50,2020-03-01,Reptile,8,5,78,0.10256410256410256,10.256
Darwin,2020,4,Apr,51,2020-04-01,Reptile,6,3,78,0.07692307692307693,7.692
Darwin,2020,5,May,52,2020-05-01,Reptile,6,4,78,0.07692307692307693,7.692
Darwin,2020,6,Jun,53,2020-06-01,Reptile,5,3,78,0.0641025641025641,6.41
Darwin,2020,7,Jul,54,2020-07-01,Reptile,7,3,78,0.08974358974358974,8.974
Darwin,2020,8,Aug,55,2020-08-01,Reptile,4,3,78,0.05128205128205128,5.128
Darwin,2020,9,Sep,56,2020-09-01,Reptile,8,5,78,0.10256410256410256,10.256
Darwin,2020,10,Oct,57,2020-10-01,Reptile,15,6,78,0.19230769230769232,19.231
Darwin,2020,11,Nov,58,2020-11-01,Reptile,4,3,78,0.05128205128205128,5.128
Darwin,2020,12,Dec,59,2020-12-01,Reptile,11,8,78,0.14102564102564102,14.103
Darwin,2021,1,Jan,60,2021-01-01,Reptile,22,8,158,0.13924050632911392,13.924
Darwin,2021,2,Feb,61,2021-02-01,Reptile,8,6,158,0.05063291139240506,5.063
Darwin,2021,3,Mar,62,2021-03-01,Reptile,20,10,158,0.12658227848101267,12.658
Darwin,2021,4,Apr,63,2021-04-01,Reptile,15,7,158,0.0949367088607595,9.494
Darwin,2021,5,May,64,2021-05-01,Reptile,18,9,158,0.11392405063291139,11.392
Darwin,2021,6,Jun,65,2021-06-01,Reptile,28,11,158,0.17721518987341772,17.722
Darwin,2021,7,Jul,66,2021-07-01,Reptile,5,3,158,0.03164556962025317,3.165
Darwin,2021,8,Aug,67,2021-08-01,Reptile,6,4,158,0.0379746835443038,3.797
Darwin,2021,9,Sep,68,2021-09-01,Reptile,13,6,158,0.08227848101265822,8.228
Darwin,2021,10,Oct,69,2021-10-01,Reptile,5,5,158,0.03164556962025317,3.165
Darwin,2021,11,Nov,70,2021-11-01,Reptile,10,6,158,0.06329113924050633,6.329
Darwin,2021,12,Dec,71,2021-12-01,Reptile,8,3,158,0.05063291139240506,5.063
Darwin,2022,1,Jan,72,2022-01-01,Reptile,13,7,222,0.05855855855855856,5.856
Darwin,2022,2,Feb,73,2022-02-01,Reptile,9,6,222,0.04054054054054054,4.054
Darwin,2022,3,Mar,74,2022-03-01,Reptile,13,8,222,0.05855855855855856,5.856
Darwin,2022,4,Apr,75,2022-04-01,Reptile,45,16,222,0.20270270270270271,20.27
Darwin,2022,5,May,76,2022-05-01,Reptile,25,9,222,0.11261261261261261,11.261
Darwin,2022,6,Jun,77,2022-06-01,Reptile,10,9,222,0.04504504504504504,4.505
Darwin,2022,7,Jul,78,2022-07-01,Reptile,12,5,222,0.05405405405405406,5.405
Darwin,2022,8,Aug,79,2022-08-01,Reptile,15,8,222,0.06756756756756757,6.757
Darwin,2022,9,Sep,80,2022-09-01,Reptile,30,11,222,0.13513513513513514,13.514
Darwin,2022,10,Oct,81,2022-10-01,Reptile,22,10,222,0.0990990990990991,9.91
Darwin,2022,11,Nov,82,2022-11-01,Reptile,16,7,222,0.07207207207207207,7.207
Darwin,2022,12,Dec,83,2022-12-01,Reptile,12,4,222,0.05405405405405406,5.405
Darwin,2023,1,Jan,84,2023-01-01,Reptile,17,9,370,0.04594594594594595,4.595
Darwin,2023,2,Feb,85,2023-02-01,Reptile,14,8,370,0.03783783783783784,3.784
Darwin,2023,3,Mar,86,2023-03-01,Reptile,21,9,370,0.05675675675675676,5.676
Darwin,2023,4,Apr,87,2023-04-01,Reptile,10,10,370,0.02702702702702703,2.703
Darwin,2023,5,May,88,2023-05-01,Reptile,25,10,370,0.06756756756756757,6.757
Darwin,2023,6,Jun,89,2023-06-01,Reptile,32,11,370,0.08648648648648649,8.649
Darwin,2023,7,Jul,90,2023-07-01,Reptile,54,21,370,0.14594594594594595,14.595
Darwin,2023,8,Aug,91,2023-08-01,Reptile,26,9,370,0.07027027027027027,7.027
Darwin,2023,9,Sep,92,2023-09-01,Reptile,69,13,370,0.1864864864864865,18.649
Darwin,2023,10,Oct,93,2023-10-01,Reptile,31,11,370,0.08378378378378379,8.378
Darwin,2023,11,Nov,94,2023-11-01,Reptile,42,11,370,0.11351351351351352,11.351
Darwin,2023,12,Dec,95,2023-12-01,Reptile,29,10,370,0.07837837837837838,7.838
Darwin,2024,1,Jan,96,2024-01-01,Reptile,44,12,552,0.07971014492753623,7.971
Darwin,2024,2,Feb,97,2024-02-01,Reptile,43,13,552,0.07789855072463768,7.79
Darwin,2024,3,Mar,98,2024-03-01,Reptile,107,18,552,0.19384057971014493,19.384
Darwin,2024,4,Apr,99,2024-04-01,Reptile,46,18,552,0.08333333333333333,8.333
Darwin,2024,5,May,100,2024-05-01,Reptile,34,13,552,0.06159420289855073,6.159
Darwin,2024,6,Jun,101,2024-06-01,Reptile,27,6,552,0.04891304347826087,4.891
Darwin,2024,7,Jul,102,2024-07-01,Reptile,19,10,552,0.034420289855072464,3.442
Darwin,2024,8,Aug,103,2024-08-01,Reptile,31,8,552,0.05615942028985507,5.616
Darwin,2024,9,Sep,104,2024-09-01,Reptile,60,15,552,0.10869565217391304,10.87
Darwin,2024,10,Oct,105,2024-10-01,Reptile,46,9,552,0.08333333333333333,8.333
Darwin,2024,11,Nov,106,2024-11-01,Reptile,31,15,552,0.05615942028985507,5.616
Darwin,2024,12,Dec,107,2024-12-01,Reptile,64,12,552,0.11594202898550725,11.594
Darwin,2025,1,Jan,108,2025-01-01,Reptile,106,16,887,0.11950394588500564,11.95
Darwin,2025,2,Feb,109,2025-02-01,Reptile,60,14,887,0.06764374295377677,6.764
Darwin,2025,3,Mar,110,2025-03-01,Reptile,61,23,887,0.06877113866967305,6.877
Darwin,2025,4,Apr,111,2025-04-01,Reptile,114,20,887,0.12852311161217586,12.852
Darwin,2025,5,May,112,2025-05-01,Reptile,35,13,887,0.03945885005636979,3.946
Darwin,2025,6,Jun,113,2025-06-01,Reptile,49,19,887,0.0552423900789177,5.524
Darwin,2025,7,Jul,114,2025-07-01,Reptile,52,19,887,0.058624577226606536,5.862
Darwin,2025,8,Aug,115,2025-08-01,Reptile,48,16,887,0.05411499436302142,5.411
Darwin,2025,9,Sep,116,2025-09-01,Reptile,77,17,887,0.08680947012401354,8.681
Darwin,2025,10,Oct,117,2025-10-01,Reptile,124,18,887,0.13979706877113868,13.98
Darwin,2025,11,Nov,118,2025-11-01,Reptile,94,16,887,0.10597519729425028,10.598
Darwin,2025,12,Dec,119,2025-12-01,Reptile,67,17,887,0.07553551296505073,7.554
Darwin,2016,1,Jan,0,2016-01-01,Insect,4,3,41,0.0975609756097561,9.756
Darwin,2016,2,Feb,1,2016-02-01,Insect,2,2,41,0.04878048780487805,4.878
Darwin,2016,3,Mar,2,2016-03-01,Insect,0,0,41,0.0,0.0
Darwin,2016,4,Apr,3,2016-04-01,Insect,3,2,41,0.07317073170731707,7.317
Darwin,2016,5,May,4,2016-05-01,Insect,12,2,41,0.2926829268292683,29.268
Darwin,2016,6,Jun,5,2016-06-01,Insect,0,0,41,0.0,0.0
Darwin,2016,7,Jul,6,2016-07-01,Insect,0,0,41,0.0,0.0
Darwin,2016,8,Aug,7,2016-08-01,Insect,7,7,41,0.17073170731707318,17.073
Darwin,2016,9,Sep,8,2016-09-01,Insect,3,2,41,0.07317073170731707,7.317
Darwin,2016,10,Oct,9,2016-10-01,Insect,6,5,41,0.14634146341463414,14.634
Darwin,2016,11,Nov,10,2016-11-01,Insect,1,0,41,0.024390243902439025,2.439
Darwin,2016,12,Dec,11,2016-12-01,Insect,3,2,41,0.07317073170731707,7.317
Darwin,2017,1,Jan,12,2017-01-01,Insect,0,0,735,0.0,0.0
Darwin,2017,2,Feb,13,2017-02-01,Insect,5,4,735,0.006802721088435374,0.68
Darwin,2017,3,Mar,14,2017-03-01,Insect,3,3,735,0.004081632653061225,0.408
Darwin,2017,4,Apr,15,2017-04-01,Insect,295,27,735,0.4013605442176871,40.136
Darwin,2017,5,May,16,2017-05-01,Insect,179,25,735,0.24353741496598638,24.354
Darwin,2017,6,Jun,17,2017-06-01,Insect,127,25,735,0.1727891156462585,17.279
Darwin,2017,7,Jul,18,2017-07-01,Insect,95,12,735,0.1292517006802721,12.925
Darwin,2017,8,Aug,19,2017-08-01,Insect,13,7,735,0.017687074829931974,1.769
Darwin,2017,9,Sep,20,2017-09-01,Insect,6,6,735,0.00816326530612245,0.816
Darwin,2017,10,Oct,21,2017-10-01,Insect,3,3,735,0.004081632653061225,0.408
Darwin,2017,11,Nov,22,2017-11-01,Insect,1,1,735,0.0013605442176870747,0.136
Darwin,2017,12,Dec,23,2017-12-01,Insect,8,5,735,0.010884353741496598,1.088
Darwin,2018,1,Jan,24,2018-01-01,Insect,5,4,219,0.0228310502283105,2.283
Darwin,2018,2,Feb,25,2018-02-01,Insect,1,1,219,0.0045662100456621,0.457
Darwin,2018,3,Mar,26,2018-03-01,Insect,18,7,219,0.0821917808219178,8.219
Darwin,2018,4,Apr,27,2018-04-01,Insect,27,16,219,0.1232876712328767,12.329
Darwin,2018,5,May,28,2018-05-01,Insect,14,7,219,0.0639269406392694,6.393
Darwin,2018,6,Jun,29,2018-06-01,Insect,3,1,219,0.0136986301369863,1.37
Darwin,2018,7,Jul,30,2018-07-01,Insect,29,13,219,0.1324200913242009,13.242
Darwin,2018,8,Aug,31,2018-08-01,Insect,31,15,219,0.1415525114155251,14.155
Darwin,2018,9,Sep,32,2018-09-01,Insect,29,5,219,0.1324200913242009,13.242
Darwin,2018,10,Oct,33,2018-10-01,Insect,18,7,219,0.0821917808219178,8.219
Darwin,2018,11,Nov,34,2018-11-01,Insect,32,9,219,0.1461187214611872,14.612
Darwin,2018,12,Dec,35,2018-12-01,Insect,12,6,219,0.0547945205479452,5.479
Darwin,2019,1,Jan,36,2019-01-01,Insect,14,7,651,0.021505376344086023,2.151
Darwin,2019,2,Feb,37,2019-02-01,Insect,17,7,651,0.026113671274961597,2.611
Darwin,2019,3,Mar,38,2019-03-01,Insect,63,21,651,0.0967741935483871,9.677
Darwin,2019,4,Apr,39,2019-04-01,Insect,12,5,651,0.018433179723502304,1.843
Darwin,2019,5,May,40,2019-05-01,Insect,24,11,651,0.03686635944700461,3.687
Darwin,2019,6,Jun,41,2019-06-01,Insect,19,10,651,0.029185867895545316,2.919
Darwin,2019,7,Jul,42,2019-07-01,Insect,44,22,651,0.06758832565284179,6.759
Darwin,2019,8,Aug,43,2019-08-01,Insect,7,5,651,0.010752688172043012,1.075
Darwin,2019,9,Sep,44,2019-09-01,Insect,366,26,651,0.5622119815668203,56.221
Darwin,2019,10,Oct,45,2019-10-01,Insect,9,6,651,0.013824884792626729,1.382
Darwin,2019,11,Nov,46,2019-11-01,Insect,6,2,651,0.009216589861751152,0.922
Darwin,2019,12,Dec,47,2019-12-01,Insect,70,33,651,0.10752688172043011,10.753
Darwin,2020,1,Jan,48,2020-01-01,Insect,9,8,304,0.029605263157894735,2.961
Darwin,2020,2,Feb,49,2020-02-01,Insect,120,40,304,0.39473684210526316,39.474
Darwin,2020,3,Mar,50,2020-03-01,Insect,42,15,304,0.13815789473684212,13.816
Darwin,2020,4,Apr,51,2020-04-01,Insect,19,11,304,0.0625,6.25
Darwin,2020,5,May,52,2020-05-01,Insect,14,7,304,0.046052631578947366,4.605
Darwin,2020,6,Jun,53,2020-06-01,Insect,5,4,304,0.01644736842105263,1.645
Darwin,2020,7,Jul,54,2020-07-01,Insect,20,11,304,0.06578947368421052,6.579
Darwin,2020,8,Aug,55,2020-08-01,Insect,9,6,304,0.029605263157894735,2.961
Darwin,2020,9,Sep,56,2020-09-01,Insect,5,2,304,0.01644736842105263,1.645
Darwin,2020,10,Oct,57,2020-10-01,Insect,20,14,304,0.06578947368421052,6.579
Darwin,2020,11,Nov,58,2020-11-01,Insect,12,5,304,0.039473684210526314,3.947
Darwin,2020,12,Dec,59,2020-12-01,Insect,29,17,304,0.09539473684210527,9.539
Darwin,2021,1,Jan,60,2021-01-01,Insect,25,12,825,0.030303030303030304,3.03
Darwin,2021,2,Feb,61,2021-02-01,Insect,35,26,825,0.04242424242424243,4.242
Darwin,2021,3,Mar,62,2021-03-01,Insect,187,71,825,0.22666666666666666,22.667
Darwin,2021,4,Apr,63,2021-04-01,Insect,94,38,825,0.11393939393939394,11.394
Darwin,2021,5,May,64,2021-05-01,Insect,259,80,825,0.31393939393939396,31.394
Darwin,2021,6,Jun,65,2021-06-01,Insect,65,26,825,0.07878787878787878,7.879
Darwin,2021,7,Jul,66,2021-07-01,Insect,10,3,825,0.012121212121212121,1.212
Darwin,2021,8,Aug,67,2021-08-01,Insect,41,26,825,0.0496969696969697,4.97
Darwin,2021,9,Sep,68,2021-09-01,Insect,26,15,825,0.03151515151515152,3.152
Darwin,2021,10,Oct,69,2021-10-01,Insect,16,7,825,0.019393939393939394,1.939
Darwin,2021,11,Nov,70,2021-11-01,Insect,28,16,825,0.03393939393939394,3.394
Darwin,2021,12,Dec,71,2021-12-01,Insect,39,21,825,0.04727272727272727,4.727
Darwin,2022,1,Jan,72,2022-01-01,Insect,50,30,781,0.06402048655569782,6.402
Darwin,2022,2,Feb,73,2022-02-01,Insect,40,26,781,0.05121638924455826,5.122
Darwin,2022,3,Mar,74,2022-03-01,Insect,60,31,781,0.07682458386683738,7.682
Darwin,2022,4,Apr,75,2022-04-01,Insect,135,70,781,0.17285531370038412,17.286
Darwin,2022,5,May,76,2022-05-01,Insect,60,32,781,0.07682458386683738,7.682
Darwin,2022,6,Jun,77,2022-06-01,Insect,149,59,781,0.19078104993597952,19.078
Darwin,2022,7,Jul,78,2022-07-01,Insect,86,39,781,0.11011523687580026,11.012
Darwin,2022,8,Aug,79,2022-08-01,Insect,50,20,781,0.06402048655569782,6.402
Darwin,2022,9,Sep,80,2022-09-01,Insect,51,28,781,0.06530089628681178,6.53
Darwin,2022,10,Oct,81,2022-10-01,Insect,15,8,781,0.019206145966709345,1.921
Darwin,2022,11,Nov,82,2022-11-01,Insect,39,19,781,0.0499359795134443,4.994
Darwin,2022,12,Dec,83,2022-12-01,Insect,46,19,781,0.058898847631242,5.89
Darwin,2023,1,Jan,84,2023-01-01,Insect,48,30,1804,0.026607538802660754,2.661
Darwin,2023,2,Feb,85,2023-02-01,Insect,59,28,1804,0.03270509977827051,3.271
Darwin,2023,3,Mar,86,2023-03-01,Insect,84,40,1804,0.04656319290465632,4.656
Darwin,2023,4,Apr,87,2023-04-01,Insect,94,42,1804,0.052106430155210645,5.211
Darwin,2023,5,May,88,2023-05-01,Insect,238,74,1804,0.1319290465631929,13.193
Darwin,2023,6,Jun,89,2023-06-01,Insect,141,52,1804,0.07815964523281596,7.816
Darwin,2023,7,Jul,90,2023-07-01,Insect,218,61,1804,0.12084257206208426,12.084
Darwin,2023,8,Aug,91,2023-08-01,Insect,148,54,1804,0.082039911308204,8.204
Darwin,2023,9,Sep,92,2023-09-01,Insect,141,47,1804,0.07815964523281596,7.816
Darwin,2023,10,Oct,93,2023-10-01,Insect,114,50,1804,0.06319290465631928,6.319
Darwin,2023,11,Nov,94,2023-11-01,Insect,371,81,1804,0.2056541019955654,20.565
Darwin,2023,12,Dec,95,2023-12-01,Insect,148,47,1804,0.082039911308204,8.204
Darwin,2024,1,Jan,96,2024-01-01,Insect,678,131,5228,0.12968630451415455,12.969
Darwin,2024,2,Feb,97,2024-02-01,Insect,665,151,5228,0.12719969395562356,12.72
Darwin,2024,3,Mar,98,2024-03-01,Insect,1002,196,5228,0.19166029074215762,19.166
Darwin,2024,4,Apr,99,2024-04-01,Insect,918,179,5228,0.17559296097934202,17.559
Darwin,2024,5,May,100,2024-05-01,Insect,409,115,5228,0.07823259372609029,7.823
Darwin,2024,6,Jun,101,2024-06-01,Insect,190,62,5228,0.036342769701606735,3.634
Darwin,2024,7,Jul,102,2024-07-01,Insect,237,73,5228,0.04533282325937261,4.533
Darwin,2024,8,Aug,103,2024-08-01,Insect,208,69,5228,0.03978576893649579,3.979
Darwin,2024,9,Sep,104,2024-09-01,Insect,384,94,5228,0.07345065034429993,7.345
Darwin,2024,10,Oct,105,2024-10-01,Insect,153,54,5228,0.029265493496557,2.927
Darwin,2024,11,Nov,106,2024-11-01,Insect,142,47,5228,0.027161438408569244,2.716
Darwin,2024,12,Dec,107,2024-12-01,Insect,242,66,5228,0.046289211935730684,4.629
Darwin,2025,1,Jan,108,2025-01-01,Insect,239,72,5630,0.04245115452930728,4.245
Darwin,2025,2,Feb,109,2025-02-01,Insect,442,114,5630,0.07850799289520426,7.851
Darwin,2025,3,Mar,110,2025-03-01,Insect,266,84,5630,0.047246891651865006,4.725
Darwin,2025,4,Apr,111,2025-04-01,Insect,386,108,5630,0.06856127886323268,6.856
Darwin,2025,5,May,112,2025-05-01,Insect,433,129,5630,0.07690941385435168,7.691
Darwin,2025,6,Jun,113,2025-06-01,Insect,504,125,5630,0.08952042628774423,8.952
Darwin,2025,7,Jul,114,2025-07-01,Insect,322,104,5630,0.05719360568383659,5.719
Darwin,2025,8,Aug,115,2025-08-01,Insect,441,108,5630,0.0783303730017762,7.833
Darwin,2025,9,Sep,116,2025-09-01,Insect,643,148,5630,0.11420959147424511,11.421
Darwin,2025,10,Oct,117,2025-10-01,Insect,1136,212,5630,0.20177619893428064,20.178
Darwin,2025,11,Nov,118,2025-11-01,Insect,449,125,5630,0.07975133214920072,7.975
Darwin,2025,12,Dec,119,2025-12-01,Insect,369,113,5630,0.06554174067495559,6.554
Canberra–Queanbeyan,2016,1,Jan,0,2016-01-01,Bird,15863,165,151715,0.10455788814553604,10.456
Canberra–Queanbeyan,2016,2,Feb,1,2016-02-01,Bird,13691,162,151715,0.09024157136736645,9.024
Canberra–Queanbeyan,2016,3,Mar,2,2016-03-01,Bird,13384,168,151715,0.0882180404047062,8.822
Canberra–Queanbeyan,2016,4,Apr,3,2016-04-01,Bird,14595,154,151715,0.09620011205220315,9.62
Canberra–Queanbeyan,2016,5,May,4,2016-05-01,Bird,11418,143,151715,0.07525953267639983,7.526
Canberra–Queanbeyan,2016,6,Jun,5,2016-06-01,Bird,9380,144,151715,0.06182645091124806,6.183
Canberra–Queanbeyan,2016,7,Jul,6,2016-07-01,Bird,10225,144,151715,0.06739610453811423,6.74
Canberra–Queanbeyan,2016,8,Aug,7,2016-08-01,Bird,12096,143,151715,0.07972843819002735,7.973
Canberra–Queanbeyan,2016,9,Sep,8,2016-09-01,Bird,11157,144,151715,0.07353920179283525,7.354
Canberra–Queanbeyan,2016,10,Oct,9,2016-10-01,Bird,15683,158,151715,0.10337145305342253,10.337
Canberra–Queanbeyan,2016,11,Nov,10,2016-11-01,Bird,12042,154,151715,0.0793725076623933,7.937
Canberra–Queanbeyan,2016,12,Dec,11,2016-12-01,Bird,12181,158,151715,0.08028869920574762,8.029
Canberra–Queanbeyan,2017,1,Jan,12,2017-01-01,Bird,17543,163,166380,0.10543935569178987,10.544
Canberra–Queanbeyan,2017,2,Feb,13,2017-02-01,Bird,13875,160,166380,0.08339343671114316,8.339
Canberra–Queanbeyan,2017,3,Mar,14,2017-03-01,Bird,13988,160,166380,0.08407260488039428,8.407
Canberra–Queanbeyan,2017,4,Apr,15,2017-04-01,Bird,14785,160,166380,0.08886284409183796,8.886
Canberra–Queanbeyan,2017,5,May,16,2017-05-01,Bird,12753,152,166380,0.07664983772087991,7.665
Canberra–Queanbeyan,2017,6,Jun,17,2017-06-01,Bird,12106,135,166380,0.07276114917658373,7.276
Canberra–Queanbeyan,2017,7,Jul,18,2017-07-01,Bird,10238,130,166380,0.061533838201706936,6.153
Canberra–Queanbeyan,2017,8,Aug,19,2017-08-01,Bird,10508,146,166380,0.06315662940257243,6.316
Canberra–Queanbeyan,2017,9,Sep,20,2017-09-01,Bird,14445,164,166380,0.08681932924630364,8.682
Canberra–Queanbeyan,2017,10,Oct,21,2017-10-01,Bird,18913,171,166380,0.11367351845173698,11.367
Canberra–Queanbeyan,2017,11,Nov,22,2017-11-01,Bird,15070,164,166380,0.09057579035941819,9.058
Canberra–Queanbeyan,2017,12,Dec,23,2017-12-01,Bird,12156,161,166380,0.07306166606563289,7.306
Canberra–Queanbeyan,2018,1,Jan,24,2018-01-01,Bird,18904,157,225159,0.08395844714179758,8.396
Canberra–Queanbeyan,2018,2,Feb,25,2018-02-01,Bird,19465,159,225159,0.08645001976381135,8.645
Canberra–Queanbeyan,2018,3,Mar,26,2018-03-01,Bird,16102,159,225159,0.07151390794949347,7.151
Canberra–Queanbeyan,2018,4,Apr,27,2018-04-01,Bird,18923,157,225159,0.08404283195430784,8.404
Canberra–Queanbeyan,2018,5,May,28,2018-05-01,Bird,16266,145,225159,0.07224228212063476,7.224
Canberra–Queanbeyan,2018,6,Jun,29,2018-06-01,Bird,15774,142,225159,0.0700571596072109,7.006
Canberra–Queanbeyan,2018,7,Jul,30,2018-07-01,Bird,15887,138,225159,0.07055902717635093,7.056
Canberra–Queanbeyan,2018,8,Aug,31,2018-08-01,Bird,17358,147,225159,0.07709218818701451,7.709
Canberra–Queanbeyan,2018,9,Sep,32,2018-09-01,Bird,22531,158,225159,0.10006706371941605,10.007
Canberra–Queanbeyan,2018,10,Oct,33,2018-10-01,Bird,26502,166,225159,0.1177034895340626,11.77
Canberra–Queanbeyan,2018,11,Nov,34,2018-11-01,Bird,18474,168,225159,0.08204868559551251,8.205
Canberra–Queanbeyan,2018,12,Dec,35,2018-12-01,Bird,18973,157,225159,0.08426489725038751,8.426
Canberra–Queanbeyan,2019,1,Jan,36,2019-01-01,Bird,25119,169,221865,0.11321749712663105,11.322
Canberra–Queanbeyan,2019,2,Feb,37,2019-02-01,Bird,19692,160,221865,0.08875667635724427,8.876
Canberra–Queanbeyan,2019,3,Mar,38,2019-03-01,Bird,19511,166,221865,0.08794086494039167,8.794
Canberra–Queanbeyan,2019,4,Apr,39,2019-04-01,Bird,18660,157,221865,0.0841051991075654,8.411
Canberra–Queanbeyan,2019,5,May,40,2019-05-01,Bird,16418,146,221865,0.07399995492754603,7.4
Canberra–Queanbeyan,2019,6,Jun,41,2019-06-01,Bird,14456,140,221865,0.06515673945867982,6.516
Canberra–Queanbeyan,2019,7,Jul,42,2019-07-01,Bird,12713,140,221865,0.05730061073175129,5.73
Canberra–Queanbeyan,2019,8,Aug,43,2019-08-01,Bird,14969,145,221865,0.06746895634732833,6.747
Canberra–Queanbeyan,2019,9,Sep,44,2019-09-01,Bird,21949,167,221865,0.09892952921821829,9.893
Canberra–Queanbeyan,2019,10,Oct,45,2019-10-01,Bird,21563,168,221865,0.09718973249498569,9.719
Canberra–Queanbeyan,2019,11,Nov,46,2019-11-01,Bird,19065,170,221865,0.08593063349334054,8.593
Canberra–Queanbeyan,2019,12,Dec,47,2019-12-01,Bird,17750,163,221865,0.08000360579631759,8.0
Canberra–Queanbeyan,2020,1,Jan,48,2020-01-01,Bird,26512,165,236645,0.11203279173445456,11.203
Canberra–Queanbeyan,2020,2,Feb,49,2020-02-01,Bird,17920,172,236645,0.07572524245177376,7.573
Canberra–Queanbeyan,2020,3,Mar,50,2020-03-01,Bird,17289,158,236645,0.07305880115785247,7.306
Canberra–Queanbeyan,2020,4,Apr,51,2020-04-01,Bird,21488,158,236645,0.09080267911851085,9.08
Canberra–Queanbeyan,2020,5,May,52,2020-05-01,Bird,18443,150,236645,0.07793530393627586,7.794
Canberra–Queanbeyan,2020,6,Jun,53,2020-06-01,Bird,14667,133,236645,0.061978913562509244,6.198
Canberra–Queanbeyan,2020,7,Jul,54,2020-07-01,Bird,19011,139,236645,0.08033552367470262,8.034
Canberra–Queanbeyan,2020,8,Aug,55,2020-08-01,Bird,16546,143,236645,0.06991907709860762,6.992
Canberra–Queanbeyan,2020,9,Sep,56,2020-09-01,Bird,19671,157,236645,0.08312451139893089,8.312
Canberra–Queanbeyan,2020,10,Oct,57,2020-10-01,Bird,25897,167,236645,0.10943396226415095,10.943
Canberra–Queanbeyan,2020,11,Nov,58,2020-11-01,Bird,18868,158,236645,0.07973124300111982,7.973
Canberra–Queanbeyan,2020,12,Dec,59,2020-12-01,Bird,20333,163,236645,0.08592195060111137,8.592
Canberra–Queanbeyan,2021,1,Jan,60,2021-01-01,Bird,28030,164,229468,0.1221521083549776,12.215
Canberra–Queanbeyan,2021,2,Feb,61,2021-02-01,Bird,20995,167,229468,0.09149423884811826,9.149
Canberra–Queanbeyan,2021,3,Mar,62,2021-03-01,Bird,16737,156,229468,0.07293827461781163,7.294
Canberra–Queanbeyan,2021,4,Apr,63,2021-04-01,Bird,17674,149,229468,0.07702163264594628,7.702
Canberra–Queanbeyan,2021,5,May,64,2021-05-01,Bird,15966,145,229468,0.06957832900447992,6.958
Canberra–Queanbeyan,2021,6,Jun,65,2021-06-01,Bird,14329,147,229468,0.0624444366970558,6.244
Canberra–Queanbeyan,2021,7,Jul,66,2021-07-01,Bird,13525,140,229468,0.05894068018198616,5.894
Canberra–Queanbeyan,2021,8,Aug,67,2021-08-01,Bird,18589,157,229468,0.08100911673958897,8.101
Canberra–Queanbeyan,2021,9,Sep,68,2021-09-01,Bird,23284,163,229468,0.10146948594139488,10.147
Canberra–Queanbeyan,2021,10,Oct,69,2021-10-01,Bird,28072,173,229468,0.12233514041173497,12.234
Canberra–Queanbeyan,2021,11,Nov,70,2021-11-01,Bird,16052,154,229468,0.0699531089302212,6.995
Canberra–Queanbeyan,2021,12,Dec,71,2021-12-01,Bird,16215,156,229468,0.07066344762668433,7.066
Canberra–Queanbeyan,2022,1,Jan,72,2022-01-01,Bird,21483,160,170853,0.1257396709451985,12.574
Canberra–Queanbeyan,2022,2,Feb,73,2022-02-01,Bird,13730,147,170853,0.0803614803368978,8.036
Canberra–Queanbeyan,2022,3,Mar,74,2022-03-01,Bird,14537,158,170853,0.08508483901365502,8.508
Canberra–Queanbeyan,2022,4,Apr,75,2022-04-01,Bird,13346,147,170853,0.07811393420074567,7.811
Canberra–Queanbeyan,2022,5,May,76,2022-05-01,Bird,13710,133,170853,0.08024442064230654,8.024
Canberra–Queanbeyan,2022,6,Jun,77,2022-06-01,Bird,11198,134,170853,0.0655417230016447,6.554
Canberra–Queanbeyan,2022,7,Jul,78,2022-07-01,Bird,10417,134,170853,0.06097054192785611,6.097
Canberra–Queanbeyan,2022,8,Aug,79,2022-08-01,Bird,10973,137,170853,0.06422480143749305,6.422
Canberra–Queanbeyan,2022,9,Sep,80,2022-09-01,Bird,14594,152,170853,0.08541845914324009,8.542
Canberra–Queanbeyan,2022,10,Oct,81,2022-10-01,Bird,17300,166,170853,0.10125663582143714,10.126
Canberra–Queanbeyan,2022,11,Nov,82,2022-11-01,Bird,14393,154,170853,0.08424200921259796,8.424
Canberra–Queanbeyan,2022,12,Dec,83,2022-12-01,Bird,15172,148,170853,0.08880148431692741,8.88
Canberra–Queanbeyan,2023,1,Jan,84,2023-01-01,Bird,20463,162,191444,0.10688765383088528,10.689
Canberra–Queanbeyan,2023,2,Feb,85,2023-02-01,Bird,14531,151,191444,0.07590209147322455,7.59
Canberra–Queanbeyan,2023,3,Mar,86,2023-03-01,Bird,14464,161,191444,0.0755521196799064,7.555
Canberra–Queanbeyan,2023,4,Apr,87,2023-04-01,Bird,16124,158,191444,0.08422306261883371,8.422
Canberra–Queanbeyan,2023,5,May,88,2023-05-01,Bird,11141,147,191444,0.058194563423246484,5.819
Canberra–Queanbeyan,2023,6,Jun,89,2023-06-01,Bird,11854,140,191444,0.061918890119303814,6.192
Canberra–Queanbeyan,2023,7,Jul,90,2023-07-01,Bird,10558,136,191444,0.0551492864754184,5.515
Canberra–Queanbeyan,2023,8,Aug,91,2023-08-01,Bird,15851,156,191444,0.08279705814755228,8.28
Canberra–Queanbeyan,2023,9,Sep,92,2023-09-01,Bird,20681,177,191444,0.1080263680240697,10.803
Canberra–Queanbeyan,2023,10,Oct,93,2023-10-01,Bird,20195,167,191444,0.10548776665761267,10.549
Canberra–Queanbeyan,2023,11,Nov,94,2023-11-01,Bird,17308,162,191444,0.09040763878732162,9.041
Canberra–Queanbeyan,2023,12,Dec,95,2023-12-01,Bird,18274,165,191444,0.0954535007626251,9.545
Canberra–Queanbeyan,2024,1,Jan,96,2024-01-01,Bird,30644,168,215901,0.14193542410641916,14.194
Canberra–Queanbeyan,2024,2,Feb,97,2024-02-01,Bird,18175,163,215901,0.0841821019819269,8.418
Canberra–Queanbeyan,2024,3,Mar,98,2024-03-01,Bird,17196,160,215901,0.07964761626856753,7.965
Canberra–Queanbeyan,2024,4,Apr,99,2024-04-01,Bird,15665,148,215901,0.07255640316626602,7.256
Canberra–Queanbeyan,2024,5,May,100,2024-05-01,Bird,11693,134,215901,0.05415908217192139,5.416
Canberra–Queanbeyan,2024,6,Jun,101,2024-06-01,Bird,11926,134,215901,0.05523828050819589,5.524
Canberra–Queanbeyan,2024,7,Jul,102,2024-07-01,Bird,13286,133,215901,0.06153746393022728,6.154
Canberra–Queanbeyan,2024,8,Aug,103,2024-08-01,Bird,16555,144,215901,0.07667866290568362,7.668
Canberra–Queanbeyan,2024,9,Sep,104,2024-09-01,Bird,18123,164,215901,0.08394125085108453,8.394
Canberra–Queanbeyan,2024,10,Oct,105,2024-10-01,Bird,22962,164,215901,0.10635430127697416,10.635
Canberra–Queanbeyan,2024,11,Nov,106,2024-11-01,Bird,20162,173,215901,0.09338539423161542,9.339
Canberra–Queanbeyan,2024,12,Dec,107,2024-12-01,Bird,19514,157,215901,0.09038401860111811,9.038
Canberra–Queanbeyan,2025,1,Jan,108,2025-01-01,Bird,22498,159,150724,0.14926620843395877,14.927
Canberra–Queanbeyan,2025,2,Feb,109,2025-02-01,Bird,18176,163,150724,0.12059127942464372,12.059
Canberra–Queanbeyan,2025,3,Mar,110,2025-03-01,Bird,16090,156,150724,0.10675141317905576,10.675
Canberra–Queanbeyan,2025,4,Apr,111,2025-04-01,Bird,19951,158,150724,0.13236777155595658,13.237
Canberra–Queanbeyan,2025,5,May,112,2025-05-01,Bird,18901,150,150724,0.12540139592898278,12.54
Canberra–Queanbeyan,2025,6,Jun,113,2025-06-01,Bird,13935,148,150724,0.0924537565351238,9.245
Canberra–Queanbeyan,2025,7,Jul,114,2025-07-01,Bird,16008,135,150724,0.10620737241580637,10.621
Canberra–Queanbeyan,2025,8,Aug,115,2025-08-01,Bird,18704,144,150724,0.12409437116849341,12.409
Canberra–Queanbeyan,2025,9,Sep,116,2025-09-01,Bird,1946,122,150724,0.012911016161991454,1.291
Canberra–Queanbeyan,2025,10,Oct,117,2025-10-01,Bird,1749,129,150724,0.011603991401502083,1.16
Canberra–Queanbeyan,2025,11,Nov,118,2025-11-01,Bird,1330,110,150724,0.008824075794166822,0.882
Canberra–Queanbeyan,2025,12,Dec,119,2025-12-01,Bird,1436,110,150724,0.009527348000318464,0.953
Canberra–Queanbeyan,2016,1,Jan,0,2016-01-01,Mammal,42,11,812,0.05172413793103448,5.172
Canberra–Queanbeyan,2016,2,Feb,1,2016-02-01,Mammal,35,9,812,0.04310344827586207,4.31
Canberra–Queanbeyan,2016,3,Mar,2,2016-03-01,Mammal,55,9,812,0.06773399014778325,6.773
Canberra–Queanbeyan,2016,4,Apr,3,2016-04-01,Mammal,42,10,812,0.05172413793103448,5.172
Canberra–Queanbeyan,2016,5,May,4,2016-05-01,Mammal,72,11,812,0.08866995073891626,8.867
Canberra–Queanbeyan,2016,6,Jun,5,2016-06-01,Mammal,59,9,812,0.07266009852216748,7.266
Canberra–Queanbeyan,2016,7,Jul,6,2016-07-01,Mammal,97,14,812,0.11945812807881774,11.946
Canberra–Queanbeyan,2016,8,Aug,7,2016-08-01,Mammal,96,16,812,0.11822660098522167,11.823
Canberra–Queanbeyan,2016,9,Sep,8,2016-09-01,Mammal,103,14,812,0.1268472906403941,12.685
Canberra–Queanbeyan,2016,10,Oct,9,2016-10-01,Mammal,74,14,812,0.09113300492610837,9.113
Canberra–Queanbeyan,2016,11,Nov,10,2016-11-01,Mammal,95,23,812,0.11699507389162561,11.7
Canberra–Queanbeyan,2016,12,Dec,11,2016-12-01,Mammal,42,11,812,0.05172413793103448,5.172
Canberra–Queanbeyan,2017,1,Jan,12,2017-01-01,Mammal,325,13,1162,0.27969018932874357,27.969
Canberra–Queanbeyan,2017,2,Feb,13,2017-02-01,Mammal,66,6,1162,0.05679862306368331,5.68
Canberra–Queanbeyan,2017,3,Mar,14,2017-03-01,Mammal,99,14,1162,0.08519793459552495,8.52
Canberra–Queanbeyan,2017,4,Apr,15,2017-04-01,Mammal,65,13,1162,0.05593803786574871,5.594
Canberra–Queanbeyan,2017,5,May,16,2017-05-01,Mammal,50,7,1162,0.043029259896729774,4.303
Canberra–Queanbeyan,2017,6,Jun,17,2017-06-01,Mammal,55,10,1162,0.047332185886402756,4.733
Canberra–Queanbeyan,2017,7,Jul,18,2017-07-01,Mammal,54,5,1162,0.04647160068846816,4.647
Canberra–Queanbeyan,2017,8,Aug,19,2017-08-01,Mammal,76,12,1162,0.06540447504302926,6.54
Canberra–Queanbeyan,2017,9,Sep,20,2017-09-01,Mammal,69,12,1162,0.05938037865748709,5.938
Canberra–Queanbeyan,2017,10,Oct,21,2017-10-01,Mammal,66,9,1162,0.05679862306368331,5.68
Canberra–Queanbeyan,2017,11,Nov,22,2017-11-01,Mammal,59,11,1162,0.050774526678141134,5.077
Canberra–Queanbeyan,2017,12,Dec,23,2017-12-01,Mammal,178,9,1162,0.153184165232358,15.318
Canberra–Queanbeyan,2018,1,Jan,24,2018-01-01,Mammal,85,13,1185,0.07172995780590717,7.173
Canberra–Queanbeyan,2018,2,Feb,25,2018-02-01,Mammal,71,14,1185,0.059915611814345994,5.992
Canberra–Queanbeyan,2018,3,Mar,26,2018-03-01,Mammal,60,10,1185,0.05063291139240506,5.063
Canberra–Queanbeyan,2018,4,Apr,27,2018-04-01,Mammal,73,14,1185,0.06160337552742616,6.16
Canberra–Queanbeyan,2018,5,May,28,2018-05-01,Mammal,120,11,1185,0.10126582278481013,10.127
Canberra–Queanbeyan,2018,6,Jun,29,2018-06-01,Mammal,100,10,1185,0.08438818565400844,8.439
Canberra–Queanbeyan,2018,7,Jul,30,2018-07-01,Mammal,136,11,1185,0.11476793248945148,11.477
Canberra–Queanbeyan,2018,8,Aug,31,2018-08-01,Mammal,130,11,1185,0.10970464135021098,10.97
Canberra–Queanbeyan,2018,9,Sep,32,2018-09-01,Mammal,99,10,1185,0.08354430379746836,8.354
Canberra–Queanbeyan,2018,10,Oct,33,2018-10-01,Mammal,88,10,1185,0.07426160337552742,7.426
Canberra–Queanbeyan,2018,11,Nov,34,2018-11-01,Mammal,170,14,1185,0.14345991561181434,14.346
Canberra–Queanbeyan,2018,12,Dec,35,2018-12-01,Mammal,53,12,1185,0.04472573839662447,4.473
Canberra–Queanbeyan,2019,1,Jan,36,2019-01-01,Mammal,44,14,1062,0.04143126177024482,4.143
Canberra–Queanbeyan,2019,2,Feb,37,2019-02-01,Mammal,29,9,1062,0.027306967984934087,2.731
Canberra–Queanbeyan,2019,3,Mar,38,2019-03-01,Mammal,72,15,1062,0.06779661016949153,6.78
Canberra–Queanbeyan,2019,4,Apr,39,2019-04-01,Mammal,84,15,1062,0.07909604519774012,7.91
Canberra–Queanbeyan,2019,5,May,40,2019-05-01,Mammal,155,14,1062,0.14595103578154425,14.595
Canberra–Queanbeyan,2019,6,Jun,41,2019-06-01,Mammal,126,11,1062,0.11864406779661017,11.864
Canberra–Queanbeyan,2019,7,Jul,42,2019-07-01,Mammal,107,12,1062,0.1007532956685499,10.075
Canberra–Queanbeyan,2019,8,Aug,43,2019-08-01,Mammal,91,10,1062,0.0856873822975518,8.569
Canberra–Queanbeyan,2019,9,Sep,44,2019-09-01,Mammal,96,12,1062,0.0903954802259887,9.04
Canberra–Queanbeyan,2019,10,Oct,45,2019-10-01,Mammal,90,14,1062,0.0847457627118644,8.475
Canberra–Queanbeyan,2019,11,Nov,46,2019-11-01,Mammal,87,16,1062,0.08192090395480225,8.192
Canberra–Queanbeyan,2019,12,Dec,47,2019-12-01,Mammal,81,13,1062,0.07627118644067797,7.627
Canberra–Queanbeyan,2020,1,Jan,48,2020-01-01,Mammal,84,15,892,0.09417040358744394,9.417
Canberra–Queanbeyan,2020,2,Feb,49,2020-02-01,Mammal,78,15,892,0.08744394618834081,8.744
Canberra–Queanbeyan,2020,3,Mar,50,2020-03-01,Mammal,71,15,892,0.0795964125560538,7.96
Canberra–Queanbeyan,2020,4,Apr,51,2020-04-01,Mammal,60,11,892,0.06726457399103139,6.726
Canberra–Queanbeyan,2020,5,May,52,2020-05-01,Mammal,89,13,892,0.09977578475336323,9.978
Canberra–Queanbeyan,2020,6,Jun,53,2020-06-01,Mammal,59,12,892,0.06614349775784753,6.614
Canberra–Queanbeyan,2020,7,Jul,54,2020-07-01,Mammal,61,12,892,0.06838565022421525,6.839
Canberra–Queanbeyan,2020,8,Aug,55,2020-08-01,Mammal,88,13,892,0.09865470852017937,9.865
Canberra–Queanbeyan,2020,9,Sep,56,2020-09-01,Mammal,110,12,892,0.12331838565022421,12.332
Canberra–Queanbeyan,2020,10,Oct,57,2020-10-01,Mammal,80,13,892,0.08968609865470852,8.969
Canberra–Queanbeyan,2020,11,Nov,58,2020-11-01,Mammal,55,13,892,0.061659192825112105,6.166
Canberra–Queanbeyan,2020,12,Dec,59,2020-12-01,Mammal,57,13,892,0.06390134529147982,6.39
Canberra–Queanbeyan,2021,1,Jan,60,2021-01-01,Mammal,60,12,902,0.06651884700665188,6.652
Canberra–Queanbeyan,2021,2,Feb,61,2021-02-01,Mammal,45,11,902,0.04988913525498891,4.989
Canberra–Queanbeyan,2021,3,Mar,62,2021-03-01,Mammal,54,11,902,0.0598669623059867,5.987
Canberra–Queanbeyan,2021,4,Apr,63,2021-04-01,Mammal,60,16,902,0.06651884700665188,6.652
Canberra–Queanbeyan,2021,5,May,64,2021-05-01,Mammal,113,13,902,0.12527716186252771,12.528
Canberra–Queanbeyan,2021,6,Jun,65,2021-06-01,Mammal,91,14,902,0.1008869179600887,10.089
Canberra–Queanbeyan,2021,7,Jul,66,2021-07-01,Mammal,92,17,902,0.10199556541019955,10.2
Canberra–Queanbeyan,2021,8,Aug,67,2021-08-01,Mammal,88,15,902,0.0975609756097561,9.756
Canberra–Queanbeyan,2021,9,Sep,68,2021-09-01,Mammal,97,15,902,0.10753880266075388,10.754
Canberra–Queanbeyan,2021,10,Oct,69,2021-10-01,Mammal,103,11,902,0.11419068736141907,11.419
Canberra–Queanbeyan,2021,11,Nov,70,2021-11-01,Mammal,53,13,902,0.058758314855875834,5.876
Canberra–Queanbeyan,2021,12,Dec,71,2021-12-01,Mammal,46,16,902,0.050997782705099776,5.1
Canberra–Queanbeyan,2022,1,Jan,72,2022-01-01,Mammal,49,13,838,0.05847255369928401,5.847
Canberra–Queanbeyan,2022,2,Feb,73,2022-02-01,Mammal,51,14,838,0.060859188544152745,6.086
Canberra–Queanbeyan,2022,3,Mar,74,2022-03-01,Mammal,92,19,838,0.10978520286396182,10.979
Canberra–Queanbeyan,2022,4,Apr,75,2022-04-01,Mammal,106,13,838,0.12649164677804295,12.649
Canberra–Queanbeyan,2022,5,May,76,2022-05-01,Mammal,68,15,838,0.081145584725537,8.115
Canberra–Queanbeyan,2022,6,Jun,77,2022-06-01,Mammal,86,16,838,0.1026252983293556,10.263
Canberra–Queanbeyan,2022,7,Jul,78,2022-07-01,Mammal,52,10,838,0.06205250596658711,6.205
Canberra–Queanbeyan,2022,8,Aug,79,2022-08-01,Mammal,105,12,838,0.12529832935560858,12.53
Canberra–Queanbeyan,2022,9,Sep,80,2022-09-01,Mammal,57,12,838,0.06801909307875895,6.802
Canberra–Queanbeyan,2022,10,Oct,81,2022-10-01,Mammal,56,12,838,0.06682577565632458,6.683
Canberra–Queanbeyan,2022,11,Nov,82,2022-11-01,Mammal,64,11,838,0.07637231503579953,7.637
Canberra–Queanbeyan,2022,12,Dec,83,2022-12-01,Mammal,52,12,838,0.06205250596658711,6.205
Canberra–Queanbeyan,2023,1,Jan,84,2023-01-01,Mammal,62,15,906,0.0684326710816777,6.843
Canberra–Queanbeyan,2023,2,Feb,85,2023-02-01,Mammal,33,13,906,0.03642384105960265,3.642
Canberra–Queanbeyan,2023,3,Mar,86,2023-03-01,Mammal,35,10,906,0.03863134657836645,3.863
Canberra–Queanbeyan,2023,4,Apr,87,2023-04-01,Mammal,55,12,906,0.06070640176600441,6.071
Canberra–Queanbeyan,2023,5,May,88,2023-05-01,Mammal,53,11,906,0.05849889624724062,5.85
Canberra–Queanbeyan,2023,6,Jun,89,2023-06-01,Mammal,52,10,906,0.05739514348785872,5.74
Canberra–Queanbeyan,2023,7,Jul,90,2023-07-01,Mammal,90,14,906,0.09933774834437085,9.934
Canberra–Queanbeyan,2023,8,Aug,91,2023-08-01,Mammal,148,16,906,0.16335540838852097,16.336
Canberra–Queanbeyan,2023,9,Sep,92,2023-09-01,Mammal,94,15,906,0.10375275938189846,10.375
Canberra–Queanbeyan,2023,10,Oct,93,2023-10-01,Mammal,131,17,906,0.1445916114790287,14.459
Canberra–Queanbeyan,2023,11,Nov,94,2023-11-01,Mammal,84,13,906,0.09271523178807947,9.272
Canberra–Queanbeyan,2023,12,Dec,95,2023-12-01,Mammal,69,12,906,0.076158940397351,7.616
Canberra–Queanbeyan,2024,1,Jan,96,2024-01-01,Mammal,73,16,1119,0.06523681858802502,6.524
Canberra–Queanbeyan,2024,2,Feb,97,2024-02-01,Mammal,65,8,1119,0.0580875781948168,5.809
Canberra–Queanbeyan,2024,3,Mar,98,2024-03-01,Mammal,83,16,1119,0.0741733690795353,7.417
Canberra–Queanbeyan,2024,4,Apr,99,2024-04-01,Mammal,65,10,1119,0.0580875781948168,5.809
Canberra–Queanbeyan,2024,5,May,100,2024-05-01,Mammal,78,11,1119,0.06970509383378017,6.971
Canberra–Queanbeyan,2024,6,Jun,101,2024-06-01,Mammal,94,14,1119,0.0840035746201966,8.4
Canberra–Queanbeyan,2024,7,Jul,102,2024-07-01,Mammal,115,12,1119,0.10277033065236818,10.277
Canberra–Queanbeyan,2024,8,Aug,103,2024-08-01,Mammal,121,16,1119,0.10813226094727435,10.813
Canberra–Queanbeyan,2024,9,Sep,104,2024-09-01,Mammal,127,15,1119,0.11349419124218052,11.349
Canberra–Queanbeyan,2024,10,Oct,105,2024-10-01,Mammal,146,13,1119,0.13047363717605004,13.047
Canberra–Queanbeyan,2024,11,Nov,106,2024-11-01,Mammal,91,13,1119,0.08132260947274352,8.132
Canberra–Queanbeyan,2024,12,Dec,107,2024-12-01,Mammal,61,14,1119,0.05451295799821269,5.451
Canberra–Queanbeyan,2025,1,Jan,108,2025-01-01,Mammal,89,14,1300,0.06846153846153846,6.846
Canberra–Queanbeyan,2025,2,Feb,109,2025-02-01,Mammal,79,12,1300,0.06076923076923077,6.077
Canberra–Queanbeyan,2025,3,Mar,110,2025-03-01,Mammal,85,14,1300,0.06538461538461539,6.538
Canberra–Queanbeyan,2025,4,Apr,111,2025-04-01,Mammal,123,18,1300,0.09461538461538462,9.462
Canberra–Queanbeyan,2025,5,May,112,2025-05-01,Mammal,111,12,1300,0.08538461538461538,8.538
Canberra–Queanbeyan,2025,6,Jun,113,2025-06-01,Mammal,146,14,1300,0.1123076923076923,11.231
Canberra–Queanbeyan,2025,7,Jul,114,2025-07-01,Mammal,98,14,1300,0.07538461538461538,7.538
Canberra–Queanbeyan,2025,8,Aug,115,2025-08-01,Mammal,133,12,1300,0.10230769230769231,10.231
Canberra–Queanbeyan,2025,9,Sep,116,2025-09-01,Mammal,125,13,1300,0.09615384615384616,9.615
Canberra–Queanbeyan,2025,10,Oct,117,2025-10-01,Mammal,112,16,1300,0.08615384615384615,8.615
Canberra–Queanbeyan,2025,11,Nov,118,2025-11-01,Mammal,81,12,1300,0.06230769230769231,6.231
Canberra–Queanbeyan,2025,12,Dec,119,2025-12-01,Mammal,118,16,1300,0.09076923076923077,9.077
Canberra–Queanbeyan,2016,1,Jan,0,2016-01-01,Reptile,36,15,254,0.14173228346456693,14.173
Canberra–Queanbeyan,2016,2,Feb,1,2016-02-01,Reptile,27,13,254,0.1062992125984252,10.63
Canberra–Queanbeyan,2016,3,Mar,2,2016-03-01,Reptile,17,11,254,0.06692913385826772,6.693
Canberra–Queanbeyan,2016,4,Apr,3,2016-04-01,Reptile,14,9,254,0.05511811023622047,5.512
Canberra–Queanbeyan,2016,5,May,4,2016-05-01,Reptile,5,3,254,0.01968503937007874,1.969
Canberra–Queanbeyan,2016,6,Jun,5,2016-06-01,Reptile,2,2,254,0.007874015748031496,0.787
Canberra–Queanbeyan,2016,7,Jul,6,2016-07-01,Reptile,2,2,254,0.007874015748031496,0.787
Canberra–Queanbeyan,2016,8,Aug,7,2016-08-01,Reptile,6,4,254,0.023622047244094488,2.362
Canberra–Queanbeyan,2016,9,Sep,8,2016-09-01,Reptile,20,10,254,0.07874015748031496,7.874
Canberra–Queanbeyan,2016,10,Oct,9,2016-10-01,Reptile,43,10,254,0.16929133858267717,16.929
Canberra–Queanbeyan,2016,11,Nov,10,2016-11-01,Reptile,52,14,254,0.2047244094488189,20.472
Canberra–Queanbeyan,2016,12,Dec,11,2016-12-01,Reptile,30,9,254,0.11811023622047244,11.811
Canberra–Queanbeyan,2017,1,Jan,12,2017-01-01,Reptile,47,10,334,0.1407185628742515,14.072
Canberra–Queanbeyan,2017,2,Feb,13,2017-02-01,Reptile,22,8,334,0.0658682634730539,6.587
Canberra–Queanbeyan,2017,3,Mar,14,2017-03-01,Reptile,27,10,334,0.08083832335329341,8.084
Canberra–Queanbeyan,2017,4,Apr,15,2017-04-01,Reptile,11,5,334,0.03293413173652695,3.293
Canberra–Queanbeyan,2017,5,May,16,2017-05-01,Reptile,4,3,334,0.011976047904191617,1.198
Canberra–Queanbeyan,2017,6,Jun,17,2017-06-01,Reptile,2,1,334,0.005988023952095809,0.599
Canberra–Queanbeyan,2017,7,Jul,18,2017-07-01,Reptile,1,1,334,0.0029940119760479044,0.299
Canberra–Queanbeyan,2017,8,Aug,19,2017-08-01,Reptile,3,3,334,0.008982035928143712,0.898
Canberra–Queanbeyan,2017,9,Sep,20,2017-09-01,Reptile,21,9,334,0.06287425149700598,6.287
Canberra–Queanbeyan,2017,10,Oct,21,2017-10-01,Reptile,81,12,334,0.24251497005988024,24.251
Canberra–Queanbeyan,2017,11,Nov,22,2017-11-01,Reptile,65,14,334,0.19461077844311378,19.461
Canberra–Queanbeyan,2017,12,Dec,23,2017-12-01,Reptile,50,14,334,0.1497005988023952,14.97
Canberra–Queanbeyan,2018,1,Jan,24,2018-01-01,Reptile,46,11,416,0.11057692307692307,11.058
Canberra–Queanbeyan,2018,2,Feb,25,2018-02-01,Reptile,57,14,416,0.13701923076923078,13.702
Canberra–Queanbeyan,2018,3,Mar,26,2018-03-01,Reptile,33,13,416,0.07932692307692307,7.933
Canberra–Queanbeyan,2018,4,Apr,27,2018-04-01,Reptile,18,9,416,0.04326923076923077,4.327
Canberra–Queanbeyan,2018,5,May,28,2018-05-01,Reptile,11,4,416,0.026442307692307692,2.644
Canberra–Queanbeyan,2018,6,Jun,29,2018-06-01,Reptile,1,1,416,0.002403846153846154,0.24
Canberra–Queanbeyan,2018,7,Jul,30,2018-07-01,Reptile,4,4,416,0.009615384615384616,0.962
Canberra–Queanbeyan,2018,8,Aug,31,2018-08-01,Reptile,10,4,416,0.02403846153846154,2.404
Canberra–Queanbeyan,2018,9,Sep,32,2018-09-01,Reptile,16,7,416,0.038461538461538464,3.846
Canberra–Queanbeyan,2018,10,Oct,33,2018-10-01,Reptile,62,16,416,0.14903846153846154,14.904
Canberra–Queanbeyan,2018,11,Nov,34,2018-11-01,Reptile,89,16,416,0.21394230769230768,21.394
Canberra–Queanbeyan,2018,12,Dec,35,2018-12-01,Reptile,69,13,416,0.1658653846153846,16.587
Canberra–Queanbeyan,2019,1,Jan,36,2019-01-01,Reptile,60,10,438,0.136986301369863,13.699
Canberra–Queanbeyan,2019,2,Feb,37,2019-02-01,Reptile,40,8,438,0.091324200913242,9.132
Canberra–Queanbeyan,2019,3,Mar,38,2019-03-01,Reptile,27,10,438,0.06164383561643835,6.164
Canberra–Queanbeyan,2019,4,Apr,39,2019-04-01,Reptile,20,7,438,0.045662100456621,4.566
Canberra–Queanbeyan,2019,5,May,40,2019-05-01,Reptile,7,6,438,0.01598173515981735,1.598
Canberra–Queanbeyan,2019,6,Jun,41,2019-06-01,Reptile,3,2,438,0.00684931506849315,0.685
Canberra–Queanbeyan,2019,7,Jul,42,2019-07-01,Reptile,4,3,438,0.0091324200913242,0.913
Canberra–Queanbeyan,2019,8,Aug,43,2019-08-01,Reptile,9,7,438,0.02054794520547945,2.055
Canberra–Queanbeyan,2019,9,Sep,44,2019-09-01,Reptile,39,9,438,0.08904109589041095,8.904
Canberra–Queanbeyan,2019,10,Oct,45,2019-10-01,Reptile,70,17,438,0.1598173515981735,15.982
Canberra–Queanbeyan,2019,11,Nov,46,2019-11-01,Reptile,105,16,438,0.23972602739726026,23.973
Canberra–Queanbeyan,2019,12,Dec,47,2019-12-01,Reptile,54,12,438,0.1232876712328767,12.329
Canberra–Queanbeyan,2020,1,Jan,48,2020-01-01,Reptile,33,13,633,0.052132701421800945,5.213
Canberra–Queanbeyan,2020,2,Feb,49,2020-02-01,Reptile,73,8,633,0.11532385466034756,11.532
Canberra–Queanbeyan,2020,3,Mar,50,2020-03-01,Reptile,56,16,633,0.08846761453396525,8.847
Canberra–Queanbeyan,2020,4,Apr,51,2020-04-01,Reptile,41,13,633,0.06477093206951026,6.477
Canberra–Queanbeyan,2020,5,May,52,2020-05-01,Reptile,15,7,633,0.023696682464454975,2.37
Canberra–Queanbeyan,2020,6,Jun,53,2020-06-01,Reptile,8,4,633,0.01263823064770932,1.264
Canberra–Queanbeyan,2020,7,Jul,54,2020-07-01,Reptile,4,4,633,0.00631911532385466,0.632
Canberra–Queanbeyan,2020,8,Aug,55,2020-08-01,Reptile,18,7,633,0.02843601895734597,2.844
Canberra–Queanbeyan,2020,9,Sep,56,2020-09-01,Reptile,58,11,633,0.09162717219589257,9.163
Canberra–Queanbeyan,2020,10,Oct,57,2020-10-01,Reptile,84,13,633,0.13270142180094788,13.27
Canberra–Queanbeyan,2020,11,Nov,58,2020-11-01,Reptile,143,15,633,0.2259083728278041,22.591
Canberra–Queanbeyan,2020,12,Dec,59,2020-12-01,Reptile,100,15,633,0.1579778830963665,15.798
Canberra–Queanbeyan,2021,1,Jan,60,2021-01-01,Reptile,44,10,510,0.08627450980392157,8.627
Canberra–Queanbeyan,2021,2,Feb,61,2021-02-01,Reptile,43,13,510,0.08431372549019608,8.431
Canberra–Queanbeyan,2021,3,Mar,62,2021-03-01,Reptile,24,11,510,0.047058823529411764,4.706
Canberra–Queanbeyan,2021,4,Apr,63,2021-04-01,Reptile,11,9,510,0.021568627450980392,2.157
Canberra–Queanbeyan,2021,5,May,64,2021-05-01,Reptile,9,6,510,0.01764705882352941,1.765
Canberra–Queanbeyan,2021,6,Jun,65,2021-06-01,Reptile,4,2,510,0.00784313725490196,0.784
Canberra–Queanbeyan,2021,7,Jul,66,2021-07-01,Reptile,11,5,510,0.021568627450980392,2.157
Canberra–Queanbeyan,2021,8,Aug,67,2021-08-01,Reptile,22,12,510,0.043137254901960784,4.314
Canberra–Queanbeyan,2021,9,Sep,68,2021-09-01,Reptile,69,15,510,0.13529411764705881,13.529
Canberra–Queanbeyan,2021,10,Oct,69,2021-10-01,Reptile,87,16,510,0.17058823529411765,17.059
Canberra–Queanbeyan,2021,11,Nov,70,2021-11-01,Reptile,95,17,510,0.18627450980392157,18.627
Canberra–Queanbeyan,2021,12,Dec,71,2021-12-01,Reptile,91,17,510,0.1784313725490196,17.843
Canberra–Queanbeyan,2022,1,Jan,72,2022-01-01,Reptile,61,13,464,0.1314655172413793,13.147
Canberra–Queanbeyan,2022,2,Feb,73,2022-02-01,Reptile,38,9,464,0.08189655172413793,8.19
Canberra–Queanbeyan,2022,3,Mar,74,2022-03-01,Reptile,44,12,464,0.09482758620689655,9.483
Canberra–Queanbeyan,2022,4,Apr,75,2022-04-01,Reptile,28,12,464,0.0603448275862069,6.034
Canberra–Queanbeyan,2022,5,May,76,2022-05-01,Reptile,19,9,464,0.040948275862068964,4.095
Canberra–Queanbeyan,2022,6,Jun,77,2022-06-01,Reptile,1,1,464,0.0021551724137931034,0.216
Canberra–Queanbeyan,2022,7,Jul,78,2022-07-01,Reptile,7,6,464,0.015086206896551725,1.509
Canberra–Queanbeyan,2022,8,Aug,79,2022-08-01,Reptile,18,8,464,0.03879310344827586,3.879
Canberra–Queanbeyan,2022,9,Sep,80,2022-09-01,Reptile,32,11,464,0.06896551724137931,6.897
Canberra–Queanbeyan,2022,10,Oct,81,2022-10-01,Reptile,52,14,464,0.11206896551724138,11.207
Canberra–Queanbeyan,2022,11,Nov,82,2022-11-01,Reptile,94,17,464,0.2025862068965517,20.259
Canberra–Queanbeyan,2022,12,Dec,83,2022-12-01,Reptile,70,16,464,0.15086206896551724,15.086
Canberra–Queanbeyan,2023,1,Jan,84,2023-01-01,Reptile,64,14,614,0.10423452768729642,10.423
Canberra–Queanbeyan,2023,2,Feb,85,2023-02-01,Reptile,31,14,614,0.050488599348534204,5.049
Canberra–Queanbeyan,2023,3,Mar,86,2023-03-01,Reptile,43,13,614,0.07003257328990228,7.003
Canberra–Queanbeyan,2023,4,Apr,87,2023-04-01,Reptile,18,10,614,0.029315960912052116,2.932
Canberra–Queanbeyan,2023,5,May,88,2023-05-01,Reptile,16,6,614,0.026058631921824105,2.606
Canberra–Queanbeyan,2023,6,Jun,89,2023-06-01,Reptile,4,3,614,0.006514657980456026,0.651
Canberra–Queanbeyan,2023,7,Jul,90,2023-07-01,Reptile,27,5,614,0.043973941368078175,4.397
Canberra–Queanbeyan,2023,8,Aug,91,2023-08-01,Reptile,19,9,614,0.030944625407166124,3.094
Canberra–Queanbeyan,2023,9,Sep,92,2023-09-01,Reptile,62,15,614,0.10097719869706841,10.098
Canberra–Queanbeyan,2023,10,Oct,93,2023-10-01,Reptile,75,16,614,0.12214983713355049,12.215
Canberra–Queanbeyan,2023,11,Nov,94,2023-11-01,Reptile,157,17,614,0.255700325732899,25.57
Canberra–Queanbeyan,2023,12,Dec,95,2023-12-01,Reptile,98,16,614,0.15960912052117263,15.961
Canberra–Queanbeyan,2024,1,Jan,96,2024-01-01,Reptile,76,16,831,0.0914560770156438,9.146
Canberra–Queanbeyan,2024,2,Feb,97,2024-02-01,Reptile,61,15,831,0.07340553549939831,7.341
Canberra–Queanbeyan,2024,3,Mar,98,2024-03-01,Reptile,69,15,831,0.08303249097472924,8.303
Canberra–Queanbeyan,2024,4,Apr,99,2024-04-01,Reptile,34,10,831,0.04091456077015644,4.091
Canberra–Queanbeyan,2024,5,May,100,2024-05-01,Reptile,14,6,831,0.01684717208182912,1.685
Canberra–Queanbeyan,2024,6,Jun,101,2024-06-01,Reptile,5,4,831,0.006016847172081829,0.602
Canberra–Queanbeyan,2024,7,Jul,102,2024-07-01,Reptile,10,4,831,0.012033694344163659,1.203
Canberra–Queanbeyan,2024,8,Aug,103,2024-08-01,Reptile,25,12,831,0.030084235860409144,3.008
Canberra–Queanbeyan,2024,9,Sep,104,2024-09-01,Reptile,45,12,831,0.05415162454873646,5.415
Canberra–Queanbeyan,2024,10,Oct,105,2024-10-01,Reptile,94,16,831,0.11311672683513839,11.312
Canberra–Queanbeyan,2024,11,Nov,106,2024-11-01,Reptile,308,16,831,0.37063778580024065,37.064
Canberra–Queanbeyan,2024,12,Dec,107,2024-12-01,Reptile,90,18,831,0.10830324909747292,10.83
Canberra–Queanbeyan,2025,1,Jan,108,2025-01-01,Reptile,75,15,720,0.10416666666666667,10.417
Canberra–Queanbeyan,2025,2,Feb,109,2025-02-01,Reptile,63,19,720,0.0875,8.75
Canberra–Queanbeyan,2025,3,Mar,110,2025-03-01,Reptile,67,13,720,0.09305555555555556,9.306
Canberra–Queanbeyan,2025,4,Apr,111,2025-04-01,Reptile,51,15,720,0.07083333333333333,7.083
Canberra–Queanbeyan,2025,5,May,112,2025-05-01,Reptile,36,10,720,0.05,5.0
Canberra–Queanbeyan,2025,6,Jun,113,2025-06-01,Reptile,9,6,720,0.0125,1.25
Canberra–Queanbeyan,2025,7,Jul,114,2025-07-01,Reptile,32,6,720,0.044444444444444446,4.444
Canberra–Queanbeyan,2025,8,Aug,115,2025-08-01,Reptile,22,7,720,0.030555555555555555,3.056
Canberra–Queanbeyan,2025,9,Sep,116,2025-09-01,Reptile,41,9,720,0.05694444444444444,5.694
Canberra–Queanbeyan,2025,10,Oct,117,2025-10-01,Reptile,103,23,720,0.14305555555555555,14.306
Canberra–Queanbeyan,2025,11,Nov,118,2025-11-01,Reptile,133,17,720,0.18472222222222223,18.472
Canberra–Queanbeyan,2025,12,Dec,119,2025-12-01,Reptile,88,14,720,0.12222222222222222,12.222
Canberra–Queanbeyan,2016,1,Jan,0,2016-01-01,Insect,245,137,1950,0.12564102564102564,12.564
Canberra–Queanbeyan,2016,2,Feb,1,2016-02-01,Insect,131,48,1950,0.06717948717948719,6.718
Canberra–Queanbeyan,2016,3,Mar,2,2016-03-01,Insect,152,67,1950,0.07794871794871795,7.795
Canberra–Queanbeyan,2016,4,Apr,3,2016-04-01,Insect,270,62,1950,0.13846153846153847,13.846
Canberra–Queanbeyan,2016,5,May,4,2016-05-01,Insect,31,19,1950,0.015897435897435898,1.59
Canberra–Queanbeyan,2016,6,Jun,5,2016-06-01,Insect,7,2,1950,0.0035897435897435897,0.359
Canberra–Queanbeyan,2016,7,Jul,6,2016-07-01,Insect,6,4,1950,0.003076923076923077,0.308
Canberra–Queanbeyan,2016,8,Aug,7,2016-08-01,Insect,34,9,1950,0.017435897435897435,1.744
Canberra–Queanbeyan,2016,9,Sep,8,2016-09-01,Insect,61,20,1950,0.03128205128205128,3.128
Canberra–Queanbeyan,2016,10,Oct,9,2016-10-01,Insect,241,70,1950,0.12358974358974359,12.359
Canberra–Queanbeyan,2016,11,Nov,10,2016-11-01,Insect,341,94,1950,0.17487179487179488,17.487
Canberra–Queanbeyan,2016,12,Dec,11,2016-12-01,Insect,431,134,1950,0.221025641025641,22.103
Canberra–Queanbeyan,2017,1,Jan,12,2017-01-01,Insect,411,164,2534,0.1621941594317285,16.219
Canberra–Queanbeyan,2017,2,Feb,13,2017-02-01,Insect,199,82,2534,0.07853196527229676,7.853
Canberra–Queanbeyan,2017,3,Mar,14,2017-03-01,Insect,156,69,2534,0.06156274664561957,6.156
Canberra–Queanbeyan,2017,4,Apr,15,2017-04-01,Insect,118,45,2534,0.04656669297553275,4.657
Canberra–Queanbeyan,2017,5,May,16,2017-05-01,Insect,51,13,2534,0.020126282557221785,2.013
Canberra–Queanbeyan,2017,6,Jun,17,2017-06-01,Insect,47,11,2534,0.018547750591949488,1.855
Canberra–Queanbeyan,2017,7,Jul,18,2017-07-01,Insect,11,6,2534,0.004340962904498816,0.434
Canberra–Queanbeyan,2017,8,Aug,19,2017-08-01,Insect,61,20,2534,0.024072612470402526,2.407
Canberra–Queanbeyan,2017,9,Sep,20,2017-09-01,Insect,103,40,2534,0.040647198105761645,4.065
Canberra–Queanbeyan,2017,10,Oct,21,2017-10-01,Insect,500,198,2534,0.19731649565903708,19.732
Canberra–Queanbeyan,2017,11,Nov,22,2017-11-01,Insect,360,143,2534,0.1420678768745067,14.207
Canberra–Queanbeyan,2017,12,Dec,23,2017-12-01,Insect,517,229,2534,0.20402525651144435,20.403
Canberra–Queanbeyan,2018,1,Jan,24,2018-01-01,Insect,480,195,3315,0.14479638009049775,14.48
Canberra–Queanbeyan,2018,2,Feb,25,2018-02-01,Insect,271,128,3315,0.08174962292609352,8.175
Canberra–Queanbeyan,2018,3,Mar,26,2018-03-01,Insect,258,107,3315,0.07782805429864253,7.783
Canberra–Queanbeyan,2018,4,Apr,27,2018-04-01,Insect,337,112,3315,0.10165912518853695,10.166
Canberra–Queanbeyan,2018,5,May,28,2018-05-01,Insect,158,62,3315,0.047662141779788836,4.766
Canberra–Queanbeyan,2018,6,Jun,29,2018-06-01,Insect,65,34,3315,0.0196078431372549,1.961
Canberra–Queanbeyan,2018,7,Jul,30,2018-07-01,Insect,9,6,3315,0.0027149321266968325,0.271
Canberra–Queanbeyan,2018,8,Aug,31,2018-08-01,Insect,53,20,3315,0.015987933634992457,1.599
Canberra–Queanbeyan,2018,9,Sep,32,2018-09-01,Insect,198,54,3315,0.05972850678733032,5.973
Canberra–Queanbeyan,2018,10,Oct,33,2018-10-01,Insect,507,172,3315,0.15294117647058825,15.294
Canberra–Queanbeyan,2018,11,Nov,34,2018-11-01,Insect,499,189,3315,0.15052790346907993,15.053
Canberra–Queanbeyan,2018,12,Dec,35,2018-12-01,Insect,480,183,3315,0.14479638009049775,14.48
Canberra–Queanbeyan,2019,1,Jan,36,2019-01-01,Insect,511,188,7043,0.07255430924322022,7.255
Canberra–Queanbeyan,2019,2,Feb,37,2019-02-01,Insect,522,176,7043,0.074116143688769,7.412
Canberra–Queanbeyan,2019,3,Mar,38,2019-03-01,Insect,578,154,7043,0.0820673008661082,8.207
Canberra–Queanbeyan,2019,4,Apr,39,2019-04-01,Insect,347,109,7043,0.049268777509583986,4.927
Canberra–Queanbeyan,2019,5,May,40,2019-05-01,Insect,120,48,7043,0.017038193951441148,1.704
Canberra–Queanbeyan,2019,6,Jun,41,2019-06-01,Insect,92,43,7043,0.013062615362771547,1.306
Canberra–Queanbeyan,2019,7,Jul,42,2019-07-01,Insect,53,21,7043,0.007525202328553173,0.753
Canberra–Queanbeyan,2019,8,Aug,43,2019-08-01,Insect,112,36,7043,0.015902314354678405,1.59
Canberra–Queanbeyan,2019,9,Sep,44,2019-09-01,Insect,222,69,7043,0.03152065881016612,3.152
Canberra–Queanbeyan,2019,10,Oct,45,2019-10-01,Insect,2157,172,7043,0.30626153627715463,30.626
Canberra–Queanbeyan,2019,11,Nov,46,2019-11-01,Insect,1010,257,7043,0.14340479909129633,14.34
Canberra–Queanbeyan,2019,12,Dec,47,2019-12-01,Insect,1319,301,7043,0.18727814851625726,18.728
Canberra–Queanbeyan,2020,1,Jan,48,2020-01-01,Insect,509,173,11646,0.043705993474154214,4.371
Canberra–Queanbeyan,2020,2,Feb,49,2020-02-01,Insect,401,151,11646,0.034432423149579255,3.443
Canberra–Queanbeyan,2020,3,Mar,50,2020-03-01,Insect,649,215,11646,0.05572728833934398,5.573
Canberra–Queanbeyan,2020,4,Apr,51,2020-04-01,Insect,686,182,11646,0.05890434483942985,5.89
Canberra–Queanbeyan,2020,5,May,52,2020-05-01,Insect,454,105,11646,0.03898334191997252,3.898
Canberra–Queanbeyan,2020,6,Jun,53,2020-06-01,Insect,287,71,11646,0.024643654473639018,2.464
Canberra–Queanbeyan,2020,7,Jul,54,2020-07-01,Insect,133,43,11646,0.011420230121930277,1.142
Canberra–Queanbeyan,2020,8,Aug,55,2020-08-01,Insect,209,58,11646,0.017946075905890434,1.795
Canberra–Queanbeyan,2020,9,Sep,56,2020-09-01,Insect,657,155,11646,0.05641421947449768,5.641
Canberra–Queanbeyan,2020,10,Oct,57,2020-10-01,Insect,1314,288,11646,0.11282843894899536,11.283
Canberra–Queanbeyan,2020,11,Nov,58,2020-11-01,Insect,3351,498,11646,0.28773827923750644,28.774
Canberra–Queanbeyan,2020,12,Dec,59,2020-12-01,Insect,2996,454,11646,0.257255710115061,25.726
Canberra–Queanbeyan,2021,1,Jan,60,2021-01-01,Insect,2997,573,16253,0.18439672675813695,18.44
Canberra–Queanbeyan,2021,2,Feb,61,2021-02-01,Insect,2839,506,16253,0.17467544453331693,17.468
Canberra–Queanbeyan,2021,3,Mar,62,2021-03-01,Insect,2223,413,16253,0.13677474927705655,13.677
Canberra–Queanbeyan,2021,4,Apr,63,2021-04-01,Insect,1458,237,16253,0.08970651572017474,8.971
Canberra–Queanbeyan,2021,5,May,64,2021-05-01,Insect,829,145,16253,0.051005968128960806,5.101
Canberra–Queanbeyan,2021,6,Jun,65,2021-06-01,Insect,529,77,16253,0.03254783732234049,3.255
Canberra–Queanbeyan,2021,7,Jul,66,2021-07-01,Insect,249,33,16253,0.015320248569494863,1.532
Canberra–Queanbeyan,2021,8,Aug,67,2021-08-01,Insect,679,98,16253,0.04177690272565065,4.178
Canberra–Queanbeyan,2021,9,Sep,68,2021-09-01,Insect,1059,197,16253,0.06515720174736972,6.516
Canberra–Queanbeyan,2021,10,Oct,69,2021-10-01,Insect,1536,341,16253,0.09450562972989601,9.451
Canberra–Queanbeyan,2021,11,Nov,70,2021-11-01,Insect,855,322,16253,0.0526056727988679,5.261
Canberra–Queanbeyan,2021,12,Dec,71,2021-12-01,Insect,1000,356,16253,0.06152710268873439,6.153
Canberra–Queanbeyan,2022,1,Jan,72,2022-01-01,Insect,1490,498,9047,0.1646954791643639,16.47
Canberra–Queanbeyan,2022,2,Feb,73,2022-02-01,Insect,1272,442,9047,0.1405990936221952,14.06
Canberra–Queanbeyan,2022,3,Mar,74,2022-03-01,Insect,1143,407,9047,0.12634022327843483,12.634
Canberra–Queanbeyan,2022,4,Apr,75,2022-04-01,Insect,820,254,9047,0.09063778047971703,9.064
Canberra–Queanbeyan,2022,5,May,76,2022-05-01,Insect,383,140,9047,0.042334475516745886,4.233
Canberra–Queanbeyan,2022,6,Jun,77,2022-06-01,Insect,131,56,9047,0.014479938101027965,1.448
Canberra–Queanbeyan,2022,7,Jul,78,2022-07-01,Insect,71,27,9047,0.00784790538299989,0.785
Canberra–Queanbeyan,2022,8,Aug,79,2022-08-01,Insect,228,74,9047,0.02520172432850669,2.52
Canberra–Queanbeyan,2022,9,Sep,80,2022-09-01,Insect,322,97,9047,0.03559190892008401,3.559
Canberra–Queanbeyan,2022,10,Oct,81,2022-10-01,Insect,651,207,9047,0.07195755499060462,7.196
Canberra–Queanbeyan,2022,11,Nov,82,2022-11-01,Insect,855,255,9047,0.09450646623190008,9.451
Canberra–Queanbeyan,2022,12,Dec,83,2022-12-01,Insect,1681,416,9047,0.18580744998341991,18.581
Canberra–Queanbeyan,2023,1,Jan,84,2023-01-01,Insect,2269,475,13857,0.163743956123259,16.374
Canberra–Queanbeyan,2023,2,Feb,85,2023-02-01,Insect,1734,443,13857,0.1251353106733059,12.514
Canberra–Queanbeyan,2023,3,Mar,86,2023-03-01,Insect,1740,405,13857,0.12556830482788484,12.557
Canberra–Queanbeyan,2023,4,Apr,87,2023-04-01,Insect,780,224,13857,0.056289240095258715,5.629
Canberra–Queanbeyan,2023,5,May,88,2023-05-01,Insect,284,104,13857,0.02049505665006856,2.05
Canberra–Queanbeyan,2023,6,Jun,89,2023-06-01,Insect,107,50,13857,0.007721729089990618,0.772
Canberra–Queanbeyan,2023,7,Jul,90,2023-07-01,Insect,61,33,13857,0.00440210723821895,0.44
Canberra–Queanbeyan,2023,8,Aug,91,2023-08-01,Insect,188,68,13857,0.013567150176805947,1.357
Canberra–Queanbeyan,2023,9,Sep,92,2023-09-01,Insect,678,195,13857,0.04892833946741719,4.893
Canberra–Queanbeyan,2023,10,Oct,93,2023-10-01,Insect,1269,394,13857,0.09157826369344013,9.158
Canberra–Queanbeyan,2023,11,Nov,94,2023-11-01,Insect,2216,449,13857,0.15991917442447862,15.992
Canberra–Queanbeyan,2023,12,Dec,95,2023-12-01,Insect,2531,523,13857,0.18265136753987155,18.265
Canberra–Queanbeyan,2024,1,Jan,96,2024-01-01,Insect,2746,555,18616,0.14750752041254833,14.751
Canberra–Queanbeyan,2024,2,Feb,97,2024-02-01,Insect,1966,435,18616,0.10560807907176623,10.561
Canberra–Queanbeyan,2024,3,Mar,98,2024-03-01,Insect,2608,503,18616,0.1400945423291792,14.009
Canberra–Queanbeyan,2024,4,Apr,99,2024-04-01,Insect,801,214,18616,0.04302750322303395,4.303
Canberra–Queanbeyan,2024,5,May,100,2024-05-01,Insect,358,125,18616,0.019230769230769232,1.923
Canberra–Queanbeyan,2024,6,Jun,101,2024-06-01,Insect,233,77,18616,0.012516115169746454,1.252
Canberra–Queanbeyan,2024,7,Jul,102,2024-07-01,Insect,297,104,18616,0.015954018048990114,1.595
Canberra–Queanbeyan,2024,8,Aug,103,2024-08-01,Insect,735,184,18616,0.039482165878813924,3.948
Canberra–Queanbeyan,2024,9,Sep,104,2024-09-01,Insect,1253,326,18616,0.0673076923076923,6.731
Canberra–Queanbeyan,2024,10,Oct,105,2024-10-01,Insect,2127,508,18616,0.11425655350236356,11.426
Canberra–Queanbeyan,2024,11,Nov,106,2024-11-01,Insect,3076,711,18616,0.16523420713364848,16.523
Canberra–Queanbeyan,2024,12,Dec,107,2024-12-01,Insect,2416,590,18616,0.12978083369144822,12.978
Canberra–Queanbeyan,2025,1,Jan,108,2025-01-01,Insect,2265,573,19492,0.11620151857172173,11.62
Canberra–Queanbeyan,2025,2,Feb,109,2025-02-01,Insect,2278,577,19492,0.11686845885491484,11.687
Canberra–Queanbeyan,2025,3,Mar,110,2025-03-01,Insect,1885,535,19492,0.0967063410630002,9.671
Canberra–Queanbeyan,2025,4,Apr,111,2025-04-01,Insect,1001,324,19492,0.051354401805869074,5.135
Canberra–Queanbeyan,2025,5,May,112,2025-05-01,Insect,508,203,19492,0.026061974143238253,2.606
Canberra–Queanbeyan,2025,6,Jun,113,2025-06-01,Insect,154,59,19492,0.007900677200902935,0.79
Canberra–Queanbeyan,2025,7,Jul,114,2025-07-01,Insect,170,53,19492,0.008721526780217525,0.872
Canberra–Queanbeyan,2025,8,Aug,115,2025-08-01,Insect,601,144,19492,0.030833162323004308,3.083
Canberra–Queanbeyan,2025,9,Sep,116,2025-09-01,Insect,887,247,19492,0.04550584855325262,4.551
Canberra–Queanbeyan,2025,10,Oct,117,2025-10-01,Insect,2562,513,19492,0.1314385388877488,13.144
Canberra–Queanbeyan,2025,11,Nov,118,2025-11-01,Insect,3743,639,19492,0.19202749846090703,19.203
Canberra–Queanbeyan,2025,12,Dec,119,2025-12-01,Insect,3438,553,19492,0.17638005335522267,17.638
