CITY,h3_cell,longitude,latitude,dot_value,cell_occurrence_records
Adelaide,87b914514ffffff,138.4487307285639,-35.30315388553924,50,138
Adelaide,87b914514ffffff,138.45039430423486,-35.310258230741056,50,138
Adelaide,87b914514ffffff,138.4504032248875,-35.316252573324135,50,138
Adelaide,87b914582ffffff,138.47790690060953,-35.167221662527545,50,29
Adelaide,87b914591ffffff,138.48123684720386,-35.15060146981179,50,24
Adelaide,87b914595ffffff,138.4920178422614,-35.16306183367333,50,45
Adelaide,87b916800ffffff,138.61328233833677,-34.8869384212228,50,224
Adelaide,87b916800ffffff,138.62296686826014,-34.891368337680184,50,224
Adelaide,87b916800ffffff,138.63029796501328,-34.8916206207616,50,224
Adelaide,87b916800ffffff,138.633440481959,-34.88466449029437,50,224
Adelaide,87b916800ffffff,138.6335067799296,-34.88242608947762,50,224
Adelaide,87b916801ffffff,138.58778996010244,-34.88513555227902,50,277
Adelaide,87b916801ffffff,138.58990533298956,-34.88526237349048,50,277
Adelaide,87b916801ffffff,138.59373183849715,-34.8852128081155,50,277
Adelaide,87b916801ffffff,138.59385649090066,-34.894998324303884,50,277
Adelaide,87b916801ffffff,138.60024554102748,-34.89113212331701,50,277
Adelaide,87b916801ffffff,138.60761971477842,-34.89667517405525,50,277
Adelaide,87b916804ffffff,138.65255355980224,-34.913528419218494,50,53
Adelaide,87b916805ffffff,138.5987159511475,-34.90812178144694,50,6424
Adelaide,87b916805ffffff,138.599824105305,-34.91605880217732,50,6424
Adelaide,87b916805ffffff,138.5998397115653,-34.91021525862771,50,6424
Adelaide,87b916805ffffff,138.5998812739223,-34.913735215716436,50,6424
Adelaide,87b916805ffffff,138.60029581616513,-34.9056871066887,50,6424
Adelaide,87b916805ffffff,138.6005186197008,-34.91978511131568,50,6424
Adelaide,87b916805ffffff,138.60113106716523,-34.91489075624068,50,6424
Adelaide,87b916805ffffff,138.601446740638,-34.90735693962731,50,6424
Adelaide,87b916805ffffff,138.60146649626142,-34.91184328247541,50,6424
Adelaide,87b916805ffffff,138.601642602092,-34.917746897402374,50,6424
Adelaide,87b916805ffffff,138.60167300443533,-34.91339536861707,50,6424
Adelaide,87b916805ffffff,138.60193025538615,-34.909953337521294,50,6424
Adelaide,87b916805ffffff,138.60223846618993,-34.90599046714788,50,6424
Adelaide,87b916805ffffff,138.6033610294096,-34.909017660753925,50,6424
Adelaide,87b916805ffffff,138.60345054975622,-34.916640419292605,50,6424
Adelaide,87b916805ffffff,138.60349886466022,-34.910759513081295,50,6424
Adelaide,87b916805ffffff,138.603650330968,-34.920995007585454,50,6424
Adelaide,87b916805ffffff,138.60375234856048,-34.91831635322451,50,6424
Adelaide,87b916805ffffff,138.60385139087285,-34.91364586392925,50,6424
Adelaide,87b916805ffffff,138.60464553835996,-34.90499894116244,50,6424
Adelaide,87b916805ffffff,138.60475058234448,-34.90772270137126,50,6424
Adelaide,87b916805ffffff,138.60476363860866,-34.91244156101922,50,6424
Adelaide,87b916805ffffff,138.60479939920418,-34.903377697264126,50,6424
Adelaide,87b916805ffffff,138.6048277461895,-34.91564108881983,50,6424
Adelaide,87b916805ffffff,138.60528411272966,-34.919006685647815,50,6424
Adelaide,87b916805ffffff,138.605758356469,-34.9018591655251,50,6424
Adelaide,87b916805ffffff,138.6057728254858,-34.91385858898576,50,6424
Adelaide,87b916805ffffff,138.6058064881462,-34.917695574727745,50,6424
Adelaide,87b916805ffffff,138.60596790311897,-34.90902853116676,50,6424
Adelaide,87b916805ffffff,138.6064198665476,-34.910932522929194,50,6424
Adelaide,87b916805ffffff,138.60648970995393,-34.904332304296695,50,6424
Adelaide,87b916805ffffff,138.60668396853333,-34.92155250313613,50,6424
Adelaide,87b916805ffffff,138.6068783644401,-34.90617748543802,50,6424
Adelaide,87b916805ffffff,138.60688871674793,-34.91603547776009,50,6424
Adelaide,87b916805ffffff,138.60721571238054,-34.92001229689764,50,6424
Adelaide,87b916805ffffff,138.60761284518523,-34.91351934665981,50,6424
Adelaide,87b916805ffffff,138.60762296177776,-34.90906333075989,50,6424
Adelaide,87b916805ffffff,138.6076848236975,-34.90126046602677,50,6424
Adelaide,87b916805ffffff,138.60817855217078,-34.92269762850067,50,6424
Adelaide,87b916805ffffff,138.60840414143235,-34.911710763262846,50,6424
Adelaide,87b916805ffffff,138.60843318267493,-34.90257072332889,50,6424
Adelaide,87b916805ffffff,138.60849382823514,-34.91522059015344,50,6424
Adelaide,87b916805ffffff,138.60864736184942,-34.921042697013824,50,6424
Adelaide,87b916805ffffff,138.6088347600209,-34.90470163051513,50,6424
Adelaide,87b916805ffffff,138.60909266409257,-34.89984131117158,50,6424
Adelaide,87b916805ffffff,138.60924831609265,-34.91913436463255,50,6424
Adelaide,87b916805ffffff,138.60928679632718,-34.91329223811279,50,6424
Adelaide,87b916805ffffff,138.60975239893438,-34.9096940471241,50,6424
Adelaide,87b916805ffffff,138.60980062099955,-34.90816315489053,50,6424
Adelaide,87b916805ffffff,138.60989242170686,-34.9230042214826,50,6424
Adelaide,87b916805ffffff,138.60992301667744,-34.917367775916794,50,6424
Adelaide,87b916805ffffff,138.6103913791297,-34.91429360565064,50,6424
Adelaide,87b916805ffffff,138.61049161545242,-34.91208793761668,50,6424
Adelaide,87b916805ffffff,138.6105174838068,-34.91579288480455,50,6424
Adelaide,87b916805ffffff,138.61054213284874,-34.90119233874122,50,6424
Adelaide,87b916805ffffff,138.61113454490516,-34.90531484603892,50,6424
Adelaide,87b916805ffffff,138.61152678522836,-34.92095301328577,50,6424
Adelaide,87b916805ffffff,138.61167437360774,-34.90403238933891,50,6424
Adelaide,87b916805ffffff,138.61167610877317,-34.90760018508094,50,6424
Adelaide,87b916805ffffff,138.61177306641753,-34.91113823915713,50,6424
Adelaide,87b916805ffffff,138.6118117296664,-34.916800951888526,50,6424
Adelaide,87b916805ffffff,138.61213317793806,-34.91496950555757,50,6424
Adelaide,87b916805ffffff,138.61229560963739,-34.909467223281375,50,6424
Adelaide,87b916805ffffff,138.6123533074263,-34.92385688711906,50,6424
Adelaide,87b916805ffffff,138.61245501217144,-34.91326917985104,50,6424
Adelaide,87b916805ffffff,138.61259683650042,-34.89920414176006,50,6424
Adelaide,87b916805ffffff,138.6128569708516,-34.90578653241942,50,6424
Adelaide,87b916805ffffff,138.61306509380506,-34.90303040032515,50,6424
Adelaide,87b916805ffffff,138.61333256778502,-34.919159979615735,50,6424
Adelaide,87b916805ffffff,138.6133872237942,-34.924906679267046,50,6424
Adelaide,87b916805ffffff,138.6134418308339,-34.90165639560919,50,6424
Adelaide,87b916805ffffff,138.61357527416226,-34.90798918778345,50,6424
Adelaide,87b916805ffffff,138.61374117036155,-34.90458608460762,50,6424
Adelaide,87b916805ffffff,138.6137925417735,-34.91666280510116,50,6424
Adelaide,87b916805ffffff,138.61405049596956,-34.90001418391035,50,6424
Adelaide,87b916805ffffff,138.61429661834728,-34.920985095550385,50,6424
Adelaide,87b916805ffffff,138.61466942471975,-34.92321640420871,50,6424
Adelaide,87b916805ffffff,138.6150485445296,-34.914857181862644,50,6424
Adelaide,87b916805ffffff,138.61567556303729,-34.92012285755596,50,6424
Adelaide,87b916805ffffff,138.6157458543001,-34.909066768180764,50,6424
Adelaide,87b916805ffffff,138.61588162199845,-34.91720794359201,50,6424
Adelaide,87b916805ffffff,138.61597437605158,-34.902013501480916,50,6424
Adelaide,87b916805ffffff,138.61611166477914,-34.91079224880952,50,6424
Adelaide,87b916805ffffff,138.61640639075014,-34.90343862106476,50,6424
Adelaide,87b916805ffffff,138.61667437824013,-34.92358577857047,50,6424
Adelaide,87b916805ffffff,138.6166803432519,-34.91901171396749,50,6424
Adelaide,87b916805ffffff,138.61718386337228,-34.90534189879933,50,6424
Adelaide,87b916805ffffff,138.61739007883816,-34.91275219423416,50,6424
Adelaide,87b916805ffffff,138.6176338730112,-34.92204324648361,50,6424
Adelaide,87b916805ffffff,138.61769298481002,-34.902030884467365,50,6424
Adelaide,87b916805ffffff,138.61773732981186,-34.914502398966086,50,6424
Adelaide,87b916805ffffff,138.6179632759724,-34.910400798678424,50,6424
Adelaide,87b916805ffffff,138.61797062661728,-34.91796099706982,50,6424
Adelaide,87b916805ffffff,138.61900278543268,-34.90761337857786,50,6424
Adelaide,87b916805ffffff,138.61906006562833,-34.905581008652696,50,6424
Adelaide,87b916805ffffff,138.6191486519509,-34.920669914385265,50,6424
Adelaide,87b916805ffffff,138.61923796605876,-34.90298436199614,50,6424
Adelaide,87b916805ffffff,138.61929445361247,-34.915198110716794,50,6424
Adelaide,87b916805ffffff,138.61939711029933,-34.92209892031127,50,6424
Adelaide,87b916805ffffff,138.6195673053538,-34.917456057794894,50,6424
Adelaide,87b916805ffffff,138.61956912543786,-34.912424979870934,50,6424
Adelaide,87b916805ffffff,138.61968096505476,-34.90150062075485,50,6424
Adelaide,87b916805ffffff,138.62035654480871,-34.91400960366545,50,6424
Adelaide,87b916805ffffff,138.62085010751946,-34.91945769195925,50,6424
Adelaide,87b916805ffffff,138.62116188691283,-34.916794098376776,50,6424
Adelaide,87b916805ffffff,138.62121587790742,-34.903765383657976,50,6424
Adelaide,87b916805ffffff,138.62124773238347,-34.90801611012187,50,6424
Adelaide,87b916805ffffff,138.62126349588746,-34.90977544118844,50,6424
Adelaide,87b916805ffffff,138.62141049415231,-34.91513143425687,50,6424
Adelaide,87b916805ffffff,138.62157030211782,-34.9125887733413,50,6424
Adelaide,87b916805ffffff,138.62164186408856,-34.90552444318242,50,6424
Adelaide,87b916805ffffff,138.62271032414748,-34.92025192431538,50,6424
Adelaide,87b916805ffffff,138.6227805006471,-34.918745424463715,50,6424
Adelaide,87b916805ffffff,138.62292458127547,-34.90707899487557,50,6424
Adelaide,87b916805ffffff,138.62297559299867,-34.908566067681974,50,6424
Adelaide,87b916805ffffff,138.62321511854694,-34.91074917306466,50,6424
Adelaide,87b916805ffffff,138.62383286192357,-34.91387741574937,50,6424
Adelaide,87b916805ffffff,138.62396150770584,-34.9174830349591,50,6424
Adelaide,87b916805ffffff,138.62416372529106,-34.91199631971026,50,6424
Adelaide,87b916805ffffff,138.6241650060154,-34.903481988021355,50,6424
Adelaide,87b916805ffffff,138.62455081818314,-34.91564098390144,50,6424
Adelaide,87b916805ffffff,138.62463711799185,-34.905719429380575,50,6424
Adelaide,87b916805ffffff,138.62496879402573,-34.90913738132272,50,6424
Adelaide,87b916805ffffff,138.62543275837527,-34.913521640293816,50,6424
Adelaide,87b916805ffffff,138.62555853796428,-34.90687954302851,50,6424
Adelaide,87b916805ffffff,138.62560703006946,-34.91756872038363,50,6424
Adelaide,87b916805ffffff,138.62599804837552,-34.9041965949777,50,6424
Adelaide,87b916805ffffff,138.62654485166445,-34.91175602826121,50,6424
Adelaide,87b916805ffffff,138.62685683725223,-34.910387196080436,50,6424
Adelaide,87b916806ffffff,138.64699816449973,-34.89125829155181,50,215
Adelaide,87b916806ffffff,138.65332013156683,-34.884749958132915,50,215
Adelaide,87b916806ffffff,138.6598030484125,-34.88701436785007,50,215
Adelaide,87b916806ffffff,138.66156110986972,-34.88499098820402,50,215
Adelaide,87b916809ffffff,138.5166962540585,-34.86990533007024,50,150
Adelaide,87b916809ffffff,138.52325336338404,-34.8772945732847,50,150
Adelaide,87b916809ffffff,138.52914538535592,-34.884069324493176,50,150
Adelaide,87b91680cffffff,138.57483733505796,-34.90315252024123,50,50
Adelaide,87b91680dffffff,138.5328555193976,-34.89958245784078,50,22
Adelaide,87b916810ffffff,138.6745211941526,-34.83491282614942,50,26
Adelaide,87b916814ffffff,138.68916053251758,-34.87377738919975,50,57
Adelaide,87b916815ffffff,138.65507528632276,-34.87042272619634,50,128
Adelaide,87b916815ffffff,138.66602016318757,-34.868890413857045,50,128
Adelaide,87b916815ffffff,138.67615254380377,-34.86424674591289,50,128
Adelaide,87b916816ffffff,138.70555101454488,-34.85540679978871,50,134
Adelaide,87b916816ffffff,138.70987148463863,-34.84602287630237,50,134
Adelaide,87b916816ffffff,138.71118409503842,-34.83385712988394,50,134
Adelaide,87b916819ffffff,138.56452013128694,-34.83399953292141,50,573
Adelaide,87b916819ffffff,138.57025899573028,-34.834808137317786,50,573
Adelaide,87b916819ffffff,138.57173911680343,-34.82238650514428,50,573
Adelaide,87b916819ffffff,138.57405275556837,-34.832417687395875,50,573
Adelaide,87b916819ffffff,138.57613602333336,-34.83292496353649,50,573
Adelaide,87b916819ffffff,138.5773013673782,-34.82853749957884,50,573
Adelaide,87b916819ffffff,138.5786932799403,-34.82081513269699,50,573
Adelaide,87b916819ffffff,138.58016425674944,-34.84042300038618,50,573
Adelaide,87b916819ffffff,138.58203709251987,-34.83292832236627,50,573
Adelaide,87b916819ffffff,138.58513134899502,-34.84128316811139,50,573
Adelaide,87b916819ffffff,138.58582693764947,-34.83055749080449,50,573
Adelaide,87b916819ffffff,138.58598401752838,-34.82889371225915,50,573
Adelaide,87b916820ffffff,138.63924460085488,-34.95340636636303,50,44
Adelaide,87b916821ffffff,138.60853614373178,-34.94962163083192,50,29
Adelaide,87b916822ffffff,138.6451883895011,-34.92244489761475,50,742
Adelaide,87b916822ffffff,138.6471736509614,-34.929156598388275,50,742
Adelaide,87b916822ffffff,138.65148199496872,-34.924220647660334,50,742
Adelaide,87b916822ffffff,138.6516437751032,-34.93131435480088,50,742
Adelaide,87b916822ffffff,138.6532362303432,-34.92654725021399,50,742
Adelaide,87b916822ffffff,138.65607233342172,-34.925717836137174,50,742
Adelaide,87b916822ffffff,138.65651197603665,-34.93819589252242,50,742
Adelaide,87b916822ffffff,138.65766246095708,-34.935067073321136,50,742
Adelaide,87b916822ffffff,138.65856788669672,-34.925607379502146,50,742
Adelaide,87b916822ffffff,138.6630697197134,-34.92325431182968,50,742
Adelaide,87b916822ffffff,138.66375354394194,-34.92854284242536,50,742
Adelaide,87b916822ffffff,138.66626234941057,-34.923184969391926,50,742
Adelaide,87b916822ffffff,138.66764877819818,-34.92186760845466,50,742
Adelaide,87b916822ffffff,138.6692187890877,-34.929711522833784,50,742
Adelaide,87b916822ffffff,138.66945604234473,-34.925520955742,50,742
Adelaide,87b916823ffffff,138.62673304542386,-34.92876236094365,50,133
Adelaide,87b916823ffffff,138.63211261763814,-34.930331372184156,50,133
Adelaide,87b916823ffffff,138.6411839267718,-34.93212124631735,50,133
Adelaide,87b916825ffffff,138.62322940169796,-34.97148531164229,50,17
Adelaide,87b916826ffffff,138.66215772015786,-34.942015256103836,50,92
Adelaide,87b916826ffffff,138.66903002146356,-34.95150939819545,50,92
Adelaide,87b91682affffff,138.57107136240734,-34.91264465350171,50,195
Adelaide,87b91682affffff,138.57453867015826,-34.9175483282785,50,195
Adelaide,87b91682affffff,138.58385579502627,-34.90637993855427,50,195
Adelaide,87b91682affffff,138.5903663240421,-34.92248297133749,50,195
Adelaide,87b91682cffffff,138.58356755585334,-34.95265274682769,50,36
Adelaide,87b91682effffff,138.5875230974114,-34.92794019735893,50,47
Adelaide,87b916831ffffff,138.65780912591137,-34.9127233731428,50,30
Adelaide,87b916833ffffff,138.6940209559499,-34.888310021065834,50,61
Adelaide,87b916835ffffff,138.67303953265076,-34.923935547815596,50,303
Adelaide,87b916835ffffff,138.67443143056772,-34.92894684908131,50,303
Adelaide,87b916835ffffff,138.68402799509346,-34.91552528403674,50,303
Adelaide,87b916835ffffff,138.69050541501727,-34.92001173782866,50,303
Adelaide,87b916835ffffff,138.69156677334627,-34.92196247937565,50,303
Adelaide,87b916835ffffff,138.69520585478784,-34.928147138613205,50,303
Adelaide,87b916854ffffff,138.4888834786053,-34.882087096024186,50,220
Adelaide,87b916854ffffff,138.49077957695903,-34.873141440219605,50,220
Adelaide,87b916854ffffff,138.49118207077123,-34.87117073495073,50,220
Adelaide,87b916854ffffff,138.50319650642496,-34.86956343270545,50,220
Adelaide,87b916854ffffff,138.51027016637056,-34.872116285959294,50,220
Adelaide,87b9168a5ffffff,138.7038242009347,-34.81601496959717,50,183
Adelaide,87b9168a5ffffff,138.71960156771078,-34.81393677160114,50,183
Adelaide,87b9168a5ffffff,138.7233670076914,-34.816292919431106,50,183
Adelaide,87b9168a5ffffff,138.72584666456987,-34.81989513229956,50,183
Adelaide,87b9168c5ffffff,138.49234593419192,-34.77415228401261,50,118
Adelaide,87b9168c5ffffff,138.4930129470079,-34.769244167418684,50,118
Adelaide,87b9168c5ffffff,138.5020127410431,-34.77266288344267,50,118
Adelaide,87b9168e5ffffff,138.5130410950316,-34.83414250472736,50,358
Adelaide,87b9168e5ffffff,138.51788092616454,-34.83742646053687,50,358
Adelaide,87b9168e5ffffff,138.5191958817433,-34.84369253980962,50,358
Adelaide,87b9168e5ffffff,138.523392849507,-34.82620767674781,50,358
Adelaide,87b9168e5ffffff,138.5249383909942,-34.843832975260504,50,358
Adelaide,87b9168e5ffffff,138.52616473660524,-34.8311851621881,50,358
Adelaide,87b9168e5ffffff,138.53336924473072,-34.831788604038366,50,358
Adelaide,87b9168f4ffffff,138.5883381773801,-34.787252536940656,50,49
Adelaide,87b916919ffffff,138.6791600791746,-34.97233683478731,50,28
Adelaide,87b916943ffffff,138.51848319925617,-35.01155385005346,50,407
Adelaide,87b916943ffffff,138.52025676722283,-35.01089327845565,50,407
Adelaide,87b916943ffffff,138.52396537435374,-35.02511546708409,50,407
Adelaide,87b916943ffffff,138.52603987051407,-35.0319214403249,50,407
Adelaide,87b916943ffffff,138.52780238544048,-35.00994339642618,50,407
Adelaide,87b916943ffffff,138.53142345640367,-35.01766601033796,50,407
Adelaide,87b916943ffffff,138.53171426686788,-35.02023314867104,50,407
Adelaide,87b916943ffffff,138.53700815909207,-35.02298917215655,50,407
Adelaide,87b91695cffffff,138.5243626377992,-35.003493387254345,50,471
Adelaide,87b91695cffffff,138.52681821733051,-34.99566100509535,50,471
Adelaide,87b91695cffffff,138.5360522992752,-34.98837181384974,50,471
Adelaide,87b91695cffffff,138.53939021023166,-34.99125573526974,50,471
Adelaide,87b91695cffffff,138.54073827397536,-34.99502492893756,50,471
Adelaide,87b91695cffffff,138.54346393311735,-34.995655947882305,50,471
Adelaide,87b91695cffffff,138.54389132284868,-34.98887834244395,50,471
Adelaide,87b91695cffffff,138.54606123550104,-34.99595825071917,50,471
Adelaide,87b91695cffffff,138.54654706302827,-34.991172423474175,50,471
Adelaide,87b91695cffffff,138.54976657489388,-35.00075393575589,50,471
Adelaide,87b916970ffffff,138.61184542470016,-35.047317496147365,50,25
Adelaide,87b916972ffffff,138.62710281034455,-35.04327201872269,50,49
Brisbane,87be8d000ffffff,152.91182883945683,-27.32935495287008,50,58
Brisbane,87be8d004ffffff,152.92767508276373,-27.346575427781676,50,294
Brisbane,87be8d004ffffff,152.9278936800268,-27.329854264388548,50,294
Brisbane,87be8d004ffffff,152.93121011723753,-27.338343422935644,50,294
Brisbane,87be8d004ffffff,152.93535679619052,-27.331807813347325,50,294
Brisbane,87be8d004ffffff,152.94839915204642,-27.33064955670987,50,294
Brisbane,87be8d004ffffff,152.9502589344264,-27.342613806104012,50,294
Brisbane,87be8d006ffffff,152.93672207020091,-27.307428373378237,50,23
Brisbane,87be8d010ffffff,152.9558889810482,-27.269104967396256,50,33
Brisbane,87be8d022ffffff,152.95750616846928,-27.362238681911503,50,38
Brisbane,87be8d032ffffff,153.00519245359902,-27.30712533158352,50,33
Brisbane,87be8d09bffffff,152.9216242354894,-27.09381494478125,50,22
Brisbane,87be8d0a1ffffff,152.9748978417422,-27.224305287051088,50,39
Brisbane,87be8d0a4ffffff,153.00735609969362,-27.235106141445005,50,31
Brisbane,87be8d0b3ffffff,153.03128027827094,-27.155210424084007,50,23
Brisbane,87be8d0b5ffffff,153.02519130130247,-27.183672382782955,50,304
Brisbane,87be8d0b5ffffff,153.02659857854104,-27.18998699414167,50,304
Brisbane,87be8d0b5ffffff,153.0327645379767,-27.201461238907314,50,304
Brisbane,87be8d0b5ffffff,153.03534796364272,-27.194042431389526,50,304
Brisbane,87be8d0b5ffffff,153.03942540802063,-27.196782544647533,50,304
Brisbane,87be8d0b5ffffff,153.04731087197456,-27.196463218951713,50,304
Brisbane,87be8d101ffffff,153.0319968386382,-27.437518559309563,50,31
Brisbane,87be8d102ffffff,153.0512359394916,-27.419768149557342,50,23
Brisbane,87be8d109ffffff,152.9507528523681,-27.443833556179378,50,19
Brisbane,87be8d10effffff,153.0000744096015,-27.439293641443474,50,71
Brisbane,87be8d10effffff,153.0010085951756,-27.419847680204946,50,71
Brisbane,87be8d112ffffff,153.10235284030628,-27.360318521530708,50,39
Brisbane,87be8d114ffffff,153.09579743607895,-27.40805736819236,50,178
Brisbane,87be8d114ffffff,153.10578706441004,-27.41729677904371,50,178
Brisbane,87be8d114ffffff,153.11164803707067,-27.405662450653434,50,178
Brisbane,87be8d114ffffff,153.11288250347354,-27.40735329504895,50,178
Brisbane,87be8d115ffffff,153.07008593783215,-27.40871905451278,50,1004
Brisbane,87be8d115ffffff,153.07021692528227,-27.410544910199153,50,1004
Brisbane,87be8d115ffffff,153.07175439303273,-27.41860171223807,50,1004
Brisbane,87be8d115ffffff,153.07223960103934,-27.412115713001015,50,1004
Brisbane,87be8d115ffffff,153.0731529580142,-27.42169537172183,50,1004
Brisbane,87be8d115ffffff,153.07422528997625,-27.408778815322943,50,1004
Brisbane,87be8d115ffffff,153.07501182438344,-27.414251464414978,50,1004
Brisbane,87be8d115ffffff,153.07579714602574,-27.405702507318317,50,1004
Brisbane,87be8d115ffffff,153.07899371726603,-27.415280817319903,50,1004
Brisbane,87be8d115ffffff,153.07926406600026,-27.409704621657298,50,1004
Brisbane,87be8d115ffffff,153.0802861070052,-27.406080264260318,50,1004
Brisbane,87be8d115ffffff,153.08185572606092,-27.401885391495824,50,1004
Brisbane,87be8d115ffffff,153.08254352882653,-27.40746950327458,50,1004
Brisbane,87be8d115ffffff,153.0845742838088,-27.426185011537687,50,1004
Brisbane,87be8d115ffffff,153.08632382245221,-27.425193249938093,50,1004
Brisbane,87be8d115ffffff,153.08756201674262,-27.417488361588795,50,1004
Brisbane,87be8d115ffffff,153.08957790482594,-27.403822217736778,50,1004
Brisbane,87be8d115ffffff,153.08976499450813,-27.409392763587494,50,1004
Brisbane,87be8d115ffffff,153.09130404309067,-27.41298361540753,50,1004
Brisbane,87be8d115ffffff,153.09212012591428,-27.404218693310735,50,1004
Brisbane,87be8d118ffffff,153.01825509705606,-27.388194675161156,50,37
Brisbane,87be8d11bffffff,152.99312050420215,-27.36431644118542,50,76
Brisbane,87be8d11bffffff,152.99497396039567,-27.360425224235456,50,76
Brisbane,87be8d11cffffff,153.0487985368184,-27.407827365569638,50,24
Brisbane,87be8d120ffffff,153.06752048367642,-27.49588849391597,50,29
Brisbane,87be8d123ffffff,153.0614755000481,-27.479990018106065,50,23
Brisbane,87be8d124ffffff,153.0966324499921,-27.50752848040158,50,87
Brisbane,87be8d124ffffff,153.10506004547483,-27.513567997036183,50,87
Brisbane,87be8d128ffffff,153.0102338095344,-27.483533694635522,50,108
Brisbane,87be8d128ffffff,153.01314079754877,-27.492956192010194,50,108
Brisbane,87be8d12affffff,153.00557198504842,-27.462358822339734,50,22
Brisbane,87be8d12cffffff,153.02269525501464,-27.50720276986805,50,33
Brisbane,87be8d12dffffff,152.9961050437572,-27.52084888193039,50,22
Brisbane,87be8d131ffffff,153.08937010643612,-27.454206527754618,50,46
Brisbane,87be8d135ffffff,153.09951530820837,-27.47196238185991,50,353
Brisbane,87be8d135ffffff,153.1016890842793,-27.474552150662536,50,353
Brisbane,87be8d135ffffff,153.10343721532112,-27.461083369435503,50,353
Brisbane,87be8d135ffffff,153.10411220808373,-27.46269941333791,50,353
Brisbane,87be8d135ffffff,153.11039925210758,-27.477000437797518,50,353
Brisbane,87be8d135ffffff,153.1126019527857,-27.471970406937135,50,353
Brisbane,87be8d135ffffff,153.11481153121994,-27.47183640723125,50,353
Brisbane,87be8d136ffffff,153.1315772142775,-27.443187068285066,50,1422
Brisbane,87be8d136ffffff,153.13329784452742,-27.439331198942764,50,1422
Brisbane,87be8d136ffffff,153.13375278379067,-27.43711941409188,50,1422
Brisbane,87be8d136ffffff,153.13499815010945,-27.447542197445113,50,1422
Brisbane,87be8d136ffffff,153.13621841498758,-27.450044500503278,50,1422
Brisbane,87be8d136ffffff,153.13718410614155,-27.440280516327135,50,1422
Brisbane,87be8d136ffffff,153.1372487989935,-27.448242067456945,50,1422
Brisbane,87be8d136ffffff,153.13734288314063,-27.436627891371195,50,1422
Brisbane,87be8d136ffffff,153.13786668060396,-27.44153642646926,50,1422
Brisbane,87be8d136ffffff,153.13898267442895,-27.451780307033413,50,1422
Brisbane,87be8d136ffffff,153.14014298308317,-27.441401818922532,50,1422
Brisbane,87be8d136ffffff,153.14074483570525,-27.446662139442275,50,1422
Brisbane,87be8d136ffffff,153.14167653804145,-27.44157308778124,50,1422
Brisbane,87be8d136ffffff,153.14436770288353,-27.4393628598387,50,1422
Brisbane,87be8d136ffffff,153.14664260068253,-27.43687144079523,50,1422
Brisbane,87be8d136ffffff,153.14672576597295,-27.45301458475133,50,1422
Brisbane,87be8d136ffffff,153.14724458919332,-27.441706488681852,50,1422
Brisbane,87be8d136ffffff,153.14907061066984,-27.43872626777781,50,1422
Brisbane,87be8d136ffffff,153.14938331061035,-27.444181027696832,50,1422
Brisbane,87be8d136ffffff,153.15049837021527,-27.446528509099544,50,1422
Brisbane,87be8d136ffffff,153.15093424507708,-27.450931056615925,50,1422
Brisbane,87be8d136ffffff,153.15139717597535,-27.433788752616167,50,1422
Brisbane,87be8d136ffffff,153.15231113145373,-27.438584539628753,50,1422
Brisbane,87be8d136ffffff,153.15293074812914,-27.452093337683923,50,1422
Brisbane,87be8d136ffffff,153.15334321106837,-27.436154771416295,50,1422
Brisbane,87be8d136ffffff,153.15382965407912,-27.43324212971728,50,1422
Brisbane,87be8d136ffffff,153.154936033954,-27.44211827885342,50,1422
Brisbane,87be8d136ffffff,153.15610634410305,-27.443552178353826,50,1422
Brisbane,87be8d136ffffff,153.15837121642065,-27.44532656944576,50,1422
Brisbane,87be8d165ffffff,152.8840491331213,-27.571217085041244,50,21
Brisbane,87be8d168ffffff,152.81924227487045,-27.52692894421596,50,38
Brisbane,87be8d174ffffff,152.94574572967485,-27.495191286390373,50,39
Brisbane,87be8d175ffffff,152.92029833484443,-27.509063904338856,50,28
Brisbane,87be8d181ffffff,153.06175269062564,-27.28564911538579,50,268
Brisbane,87be8d181ffffff,153.06333908893782,-27.28948306036799,50,268
Brisbane,87be8d181ffffff,153.06439603407102,-27.287357263733156,50,268
Brisbane,87be8d181ffffff,153.06442308350626,-27.290471588497162,50,268
Brisbane,87be8d181ffffff,153.06711866136868,-27.279568878079548,50,268
Brisbane,87be8d182ffffff,153.10334616478906,-27.25810810472541,50,63
Brisbane,87be8d183ffffff,153.07525056257023,-27.268416468497616,50,29
Brisbane,87be8d188ffffff,153.01922628966102,-27.27287944491997,50,1515
Brisbane,87be8d188ffffff,153.02022103956492,-27.284751709459215,50,1515
Brisbane,87be8d188ffffff,153.0203238215857,-27.281954599062267,50,1515
Brisbane,87be8d188ffffff,153.02179911873606,-27.278881051156677,50,1515
Brisbane,87be8d188ffffff,153.02322259671297,-27.282555387744928,50,1515
Brisbane,87be8d188ffffff,153.02403306046585,-27.267648478004205,50,1515
Brisbane,87be8d188ffffff,153.02490965993076,-27.282678306630363,50,1515
Brisbane,87be8d188ffffff,153.02549921701825,-27.269203929000486,50,1515
Brisbane,87be8d188ffffff,153.02644187775167,-27.273303971495277,50,1515
Brisbane,87be8d188ffffff,153.026477151021,-27.284834949081706,50,1515
Brisbane,87be8d188ffffff,153.02678618544198,-27.27610974001992,50,1515
Brisbane,87be8d188ffffff,153.02740424330128,-27.278401236958846,50,1515
Brisbane,87be8d188ffffff,153.02850608977462,-27.267061927108394,50,1515
Brisbane,87be8d188ffffff,153.02881664035786,-27.27960514687368,50,1515
Brisbane,87be8d188ffffff,153.03262155044888,-27.266865952393502,50,1515
Brisbane,87be8d188ffffff,153.03303983247875,-27.281042023933956,50,1515
Brisbane,87be8d188ffffff,153.03343115033434,-27.277557188360397,50,1515
Brisbane,87be8d188ffffff,153.03365306061255,-27.279188623834514,50,1515
Brisbane,87be8d188ffffff,153.03430346204496,-27.275927594943532,50,1515
Brisbane,87be8d188ffffff,153.0343193585998,-27.27043344289977,50,1515
Brisbane,87be8d188ffffff,153.03539093661345,-27.28303764699865,50,1515
Brisbane,87be8d188ffffff,153.0355341127771,-27.28540285773005,50,1515
Brisbane,87be8d188ffffff,153.03561372982503,-27.267507797766005,50,1515
Brisbane,87be8d188ffffff,153.03667081594818,-27.275955070377236,50,1515
Brisbane,87be8d188ffffff,153.0382561406736,-27.281468904795243,50,1515
Brisbane,87be8d188ffffff,153.03864210392837,-27.283944456797695,50,1515
Brisbane,87be8d188ffffff,153.0389870556847,-27.2746094833005,50,1515
Brisbane,87be8d188ffffff,153.04048401788333,-27.268809588560075,50,1515
Brisbane,87be8d188ffffff,153.04410150521184,-27.280526110567035,50,1515
Brisbane,87be8d188ffffff,153.04439040176848,-27.272886639669398,50,1515
Brisbane,87be8d18affffff,153.0488934348783,-27.260207508210033,50,30
Brisbane,87be8d18bffffff,153.01830547950124,-27.251504112733482,50,38
Brisbane,87be8d18cffffff,153.0425079970272,-27.297015939691406,50,250
Brisbane,87be8d18cffffff,153.04632618858966,-27.288649872565333,50,250
Brisbane,87be8d18cffffff,153.0476181431741,-27.304340987910493,50,250
Brisbane,87be8d18cffffff,153.05118980441162,-27.300574448825902,50,250
Brisbane,87be8d18cffffff,153.05911411416335,-27.294721424241036,50,250
Brisbane,87be8d18dffffff,153.01073058834743,-27.29514135391961,50,2518
Brisbane,87be8d18dffffff,153.01084507371758,-27.300750210075588,50,2518
Brisbane,87be8d18dffffff,153.01121324084272,-27.29658585974009,50,2518
Brisbane,87be8d18dffffff,153.01304344636077,-27.29880364003187,50,2518
Brisbane,87be8d18dffffff,153.01320737836474,-27.302984562470183,50,2518
Brisbane,87be8d18dffffff,153.01337901996922,-27.30481100065897,50,2518
Brisbane,87be8d18dffffff,153.01376254534838,-27.295186365463604,50,2518
Brisbane,87be8d18dffffff,153.01389429482913,-27.29253565070138,50,2518
Brisbane,87be8d18dffffff,153.01492959239437,-27.299966897447923,50,2518
Brisbane,87be8d18dffffff,153.01580648668147,-27.308397014827484,50,2518
Brisbane,87be8d18dffffff,153.01625678706267,-27.295499075260334,50,2518
Brisbane,87be8d18dffffff,153.01663213126105,-27.292779682911547,50,2518
Brisbane,87be8d18dffffff,153.0168664911395,-27.30344344965177,50,2518
Brisbane,87be8d18dffffff,153.01699843161086,-27.289599136108038,50,2518
Brisbane,87be8d18dffffff,153.01739308635484,-27.307683392865947,50,2518
Brisbane,87be8d18dffffff,153.0183123680671,-27.296545543619143,50,2518
Brisbane,87be8d18dffffff,153.0188827950911,-27.29869123629788,50,2518
Brisbane,87be8d18dffffff,153.02035294067812,-27.306928567750184,50,2518
Brisbane,87be8d18dffffff,153.02061535263886,-27.289989725163323,50,2518
Brisbane,87be8d18dffffff,153.02066667735045,-27.30102415148901,50,2518
Brisbane,87be8d18dffffff,153.02068602761597,-27.302758105639857,50,2518
Brisbane,87be8d18dffffff,153.02070036236253,-27.2989291768533,50,2518
Brisbane,87be8d18dffffff,153.02226711030195,-27.299117317536396,50,2518
Brisbane,87be8d18dffffff,153.02245333469142,-27.294577380295806,50,2518
Brisbane,87be8d18dffffff,153.02345535673342,-27.30907512458945,50,2518
Brisbane,87be8d18dffffff,153.02419760986268,-27.299476022444853,50,2518
Brisbane,87be8d18dffffff,153.0245438524588,-27.303832675297528,50,2518
Brisbane,87be8d18dffffff,153.02483905204562,-27.301044007351965,50,2518
Brisbane,87be8d18dffffff,153.02603480481793,-27.3046495302623,50,2518
Brisbane,87be8d18dffffff,153.02611401533537,-27.29821330953309,50,2518
Brisbane,87be8d18dffffff,153.02623471370964,-27.296508435161876,50,2518
Brisbane,87be8d18dffffff,153.02636464044548,-27.307191520001464,50,2518
Brisbane,87be8d18dffffff,153.0269043899386,-27.30996799600974,50,2518
Brisbane,87be8d18dffffff,153.02693601813166,-27.311735563532334,50,2518
Brisbane,87be8d18dffffff,153.02766960813088,-27.28773010451453,50,2518
Brisbane,87be8d18dffffff,153.02768652138997,-27.308444138284955,50,2518
Brisbane,87be8d18dffffff,153.02778834253493,-27.2989031386225,50,2518
Brisbane,87be8d18dffffff,153.0279817003285,-27.305556312461754,50,2518
Brisbane,87be8d18dffffff,153.02825857458345,-27.295075151140107,50,2518
Brisbane,87be8d18dffffff,153.02914739100862,-27.29331883228691,50,2518
Brisbane,87be8d18dffffff,153.0292184580277,-27.2996248258466,50,2518
Brisbane,87be8d18dffffff,153.02980865935896,-27.307916366844193,50,2518
Brisbane,87be8d18dffffff,153.03107029889458,-27.297024883024417,50,2518
Brisbane,87be8d18dffffff,153.03126507298447,-27.304974770267286,50,2518
Brisbane,87be8d18dffffff,153.03288925946495,-27.299932177615634,50,2518
Brisbane,87be8d18dffffff,153.0335618187432,-27.297512055560297,50,2518
Brisbane,87be8d18dffffff,153.0347670017704,-27.292060647141522,50,2518
Brisbane,87be8d18dffffff,153.03553140347753,-27.303225759301803,50,2518
Brisbane,87be8d18dffffff,153.035660453499,-27.29613527660591,50,2518
Brisbane,87be8d18dffffff,153.0358540396692,-27.301666747869486,50,2518
Brisbane,87be8d18effffff,153.04652147279523,-27.265571228608437,50,121
Brisbane,87be8d18effffff,153.0581102527286,-27.260299143217065,50,121
Brisbane,87be8d18effffff,153.06411958530782,-27.26186306807601,50,121
Brisbane,87be8d198ffffff,153.06142043537602,-27.21993994490316,50,613
Brisbane,87be8d198ffffff,153.06845097164944,-27.227280806179316,50,613
Brisbane,87be8d198ffffff,153.06920511312705,-27.223049972020856,50,613
Brisbane,87be8d198ffffff,153.0692421718658,-27.21744491202933,50,613
Brisbane,87be8d198ffffff,153.07417534315613,-27.219366857605923,50,613
Brisbane,87be8d198ffffff,153.07489668649413,-27.23662168923235,50,613
Brisbane,87be8d198ffffff,153.07606665121813,-27.225994272385197,50,613
Brisbane,87be8d198ffffff,153.07608670896502,-27.23486153338562,50,613
Brisbane,87be8d198ffffff,153.0804641819836,-27.21825725718019,50,613
Brisbane,87be8d198ffffff,153.08233278400868,-27.232220033939665,50,613
Brisbane,87be8d198ffffff,153.0840453178215,-27.218224245761164,50,613
Brisbane,87be8d198ffffff,153.08670167724446,-27.22375617271593,50,613
Brisbane,87be8d199ffffff,153.03422512845583,-27.23275049909814,50,458
Brisbane,87be8d199ffffff,153.03781595049,-27.224783706098115,50,458
Brisbane,87be8d199ffffff,153.03833959440686,-27.227700927177438,50,458
Brisbane,87be8d199ffffff,153.04150416034108,-27.230912308784166,50,458
Brisbane,87be8d199ffffff,153.04305120048002,-27.231979534907207,50,458
Brisbane,87be8d199ffffff,153.0430587234828,-27.221484247211343,50,458
Brisbane,87be8d199ffffff,153.04547151510943,-27.225917396974317,50,458
Brisbane,87be8d199ffffff,153.047996943203,-27.23651659719667,50,458
Brisbane,87be8d199ffffff,153.04813326301738,-27.22733916689513,50,458
Brisbane,87be8d19affffff,153.0715717555183,-27.211738924746435,50,257
Brisbane,87be8d19affffff,153.07708064133917,-27.205557330870015,50,257
Brisbane,87be8d19affffff,153.08078913851375,-27.209282683789738,50,257
Brisbane,87be8d19affffff,153.08774443795858,-27.20624372276056,50,257
Brisbane,87be8d19affffff,153.09101571627727,-27.210215113203684,50,257
Brisbane,87be8d19bffffff,153.06103259134176,-27.21409822095828,50,100
Brisbane,87be8d19bffffff,153.06516451512636,-27.215006296525285,50,100
Brisbane,87be8d19dffffff,153.05860863876637,-27.250634530666296,50,315
Brisbane,87be8d19dffffff,153.06058341684616,-27.256236265555245,50,315
Brisbane,87be8d19dffffff,153.06270854254956,-27.25723253238199,50,315
Brisbane,87be8d19dffffff,153.067889505574,-27.2501176035206,50,315
Brisbane,87be8d19dffffff,153.07451432368774,-27.243786370636183,50,315
Brisbane,87be8d19dffffff,153.07512592756336,-27.239991538128937,50,315
Brisbane,87be8d1a1ffffff,153.0914406666905,-27.34574305456103,50,1810
Brisbane,87be8d1a1ffffff,153.09171087701668,-27.341044606840686,50,1810
Brisbane,87be8d1a1ffffff,153.0929643339954,-27.348572846259653,50,1810
Brisbane,87be8d1a1ffffff,153.09309805622303,-27.350242706726334,50,1810
Brisbane,87be8d1a1ffffff,153.09314723771868,-27.345783106729165,50,1810
Brisbane,87be8d1a1ffffff,153.0932081026025,-27.347178079152062,50,1810
Brisbane,87be8d1a1ffffff,153.0933640280909,-27.33979503020145,50,1810
Brisbane,87be8d1a1ffffff,153.09341746167306,-27.343003532962175,50,1810
Brisbane,87be8d1a1ffffff,153.09477392590824,-27.352349205795257,50,1810
Brisbane,87be8d1a1ffffff,153.09483265180117,-27.34905196874009,50,1810
Brisbane,87be8d1a1ffffff,153.09525395510292,-27.34690935013939,50,1810
Brisbane,87be8d1a1ffffff,153.09568072024848,-27.350407390946703,50,1810
Brisbane,87be8d1a1ffffff,153.0971525587764,-27.34483700263265,50,1810
Brisbane,87be8d1a1ffffff,153.09767295239223,-27.34981522897418,50,1810
Brisbane,87be8d1a1ffffff,153.09816533059595,-27.353484769589258,50,1810
Brisbane,87be8d1a1ffffff,153.10015054619495,-27.34778325608591,50,1810
Brisbane,87be8d1a1ffffff,153.1004117588461,-27.35423063207727,50,1810
Brisbane,87be8d1a1ffffff,153.10042202360924,-27.352177730288243,50,1810
Brisbane,87be8d1a1ffffff,153.1005493700924,-27.35041922494618,50,1810
Brisbane,87be8d1a1ffffff,153.10192638473822,-27.347869119622136,50,1810
Brisbane,87be8d1a1ffffff,153.103449159897,-27.35224829756347,50,1810
Brisbane,87be8d1a1ffffff,153.10374374999273,-27.346665646925594,50,1810
Brisbane,87be8d1a1ffffff,153.10463628879006,-27.354495005244875,50,1810
Brisbane,87be8d1a1ffffff,153.10538883810162,-27.35324635885676,50,1810
Brisbane,87be8d1a1ffffff,153.1057535942327,-27.34815110992812,50,1810
Brisbane,87be8d1a1ffffff,153.1059023700376,-27.35125526577885,50,1810
Brisbane,87be8d1a1ffffff,153.10655288307524,-27.355296619898738,50,1810
Brisbane,87be8d1a1ffffff,153.10783355165023,-27.349466536504565,50,1810
Brisbane,87be8d1a1ffffff,153.10840104526537,-27.356442452349047,50,1810
Brisbane,87be8d1a1ffffff,153.10872315502428,-27.35802179957689,50,1810
Brisbane,87be8d1a1ffffff,153.10948219080495,-27.355224204589565,50,1810
Brisbane,87be8d1a1ffffff,153.1100722644042,-27.351366987891222,50,1810
Brisbane,87be8d1a1ffffff,153.11106684767128,-27.352544874709427,50,1810
Brisbane,87be8d1a1ffffff,153.11276359112355,-27.349496786333784,50,1810
Brisbane,87be8d1a1ffffff,153.11301862382106,-27.352757837750328,50,1810
Brisbane,87be8d1a1ffffff,153.11443224044703,-27.350700458962173,50,1810
Brisbane,87be8d1a9ffffff,153.0300041379055,-27.34642921638469,50,53
Brisbane,87be8d1aaffffff,153.05382243001569,-27.307283911882685,50,1651
Brisbane,87be8d1aaffffff,153.05495370901102,-27.310315595243583,50,1651
Brisbane,87be8d1aaffffff,153.05629677289483,-27.30567945156142,50,1651
Brisbane,87be8d1aaffffff,153.05647694015187,-27.314417965231442,50,1651
Brisbane,87be8d1aaffffff,153.0567593209413,-27.31201769242487,50,1651
Brisbane,87be8d1aaffffff,153.05682838076416,-27.31921172623874,50,1651
Brisbane,87be8d1aaffffff,153.05731830740604,-27.308996208393168,50,1651
Brisbane,87be8d1aaffffff,153.05762130806534,-27.317163923519274,50,1651
Brisbane,87be8d1aaffffff,153.05798987796933,-27.307765561176048,50,1651
Brisbane,87be8d1aaffffff,153.05823123623384,-27.314496556093495,50,1651
Brisbane,87be8d1aaffffff,153.05881474168797,-27.302535035820284,50,1651
Brisbane,87be8d1aaffffff,153.05905079963134,-27.31897227404171,50,1651
Brisbane,87be8d1aaffffff,153.0591345215073,-27.31242135693783,50,1651
Brisbane,87be8d1aaffffff,153.0615011023952,-27.30857910472378,50,1651
Brisbane,87be8d1aaffffff,153.06199486074908,-27.306216716446162,50,1651
Brisbane,87be8d1aaffffff,153.06231766749315,-27.31586648877457,50,1651
Brisbane,87be8d1aaffffff,153.06339386636228,-27.30562238588443,50,1651
Brisbane,87be8d1aaffffff,153.06398486555648,-27.31344995823652,50,1651
Brisbane,87be8d1aaffffff,153.06421386200103,-27.30879133820031,50,1651
Brisbane,87be8d1aaffffff,153.06431881497997,-27.29957870363776,50,1651
Brisbane,87be8d1aaffffff,153.0651454997421,-27.315774477867443,50,1651
Brisbane,87be8d1aaffffff,153.06550529049423,-27.321325106599033,50,1651
Brisbane,87be8d1aaffffff,153.0659604472154,-27.307374249071493,50,1651
Brisbane,87be8d1aaffffff,153.06611441151603,-27.312464258455094,50,1651
Brisbane,87be8d1aaffffff,153.06651039926814,-27.30910249302284,50,1651
Brisbane,87be8d1aaffffff,153.06809394930744,-27.313636478357235,50,1651
Brisbane,87be8d1aaffffff,153.06830636267367,-27.312043574732485,50,1651
Brisbane,87be8d1aaffffff,153.06928341152715,-27.31474946186723,50,1651
Brisbane,87be8d1aaffffff,153.07003118250555,-27.32045687231746,50,1651
Brisbane,87be8d1aaffffff,153.07109690868728,-27.322460675602134,50,1651
Brisbane,87be8d1aaffffff,153.07229451830472,-27.31896190567416,50,1651
Brisbane,87be8d1aaffffff,153.07275866982636,-27.322168982054574,50,1651
Brisbane,87be8d1aaffffff,153.07431696546323,-27.321613898429227,50,1651
Brisbane,87be8d1abffffff,153.03571799800147,-27.321008269085517,50,73
Brisbane,87be8d1abffffff,153.04361883856419,-27.32365128704933,50,73
Brisbane,87be8d1acffffff,153.0714881698882,-27.35115050333242,50,182
Brisbane,87be8d1acffffff,153.07552572841215,-27.35253988580747,50,182
Brisbane,87be8d1acffffff,153.0818649626018,-27.35345417149405,50,182
Brisbane,87be8d1acffffff,153.0818683676893,-27.34421720304264,50,182
Brisbane,87be8d1aeffffff,153.0727851941136,-27.327091360396494,50,504
Brisbane,87be8d1aeffffff,153.0728988430551,-27.324962307421508,50,504
Brisbane,87be8d1aeffffff,153.07424881200643,-27.331403481356986,50,504
Brisbane,87be8d1aeffffff,153.0746223528264,-27.33365668301686,50,504
Brisbane,87be8d1aeffffff,153.08130505315205,-27.323195869223927,50,504
Brisbane,87be8d1aeffffff,153.08167490557273,-27.33343951020669,50,504
Brisbane,87be8d1aeffffff,153.08281648918538,-27.331278054841544,50,504
Brisbane,87be8d1aeffffff,153.084579028023,-27.32919597586948,50,504
Brisbane,87be8d1aeffffff,153.0856669863734,-27.337260766147793,50,504
Brisbane,87be8d1aeffffff,153.08654827162704,-27.326932070128418,50,504
Brisbane,87be8d56dffffff,153.09674812348015,-27.2034895346161,50,871
Brisbane,87be8d56dffffff,153.10127766136424,-27.204265857798056,50,871
Brisbane,87be8d56dffffff,153.1045360374843,-27.205732671758213,50,871
Brisbane,87be8d56dffffff,153.1053774819804,-27.194645192241133,50,871
Brisbane,87be8d56dffffff,153.1062702853838,-27.191950651385696,50,871
Brisbane,87be8d56dffffff,153.1067531461062,-27.19912508851524,50,871
Brisbane,87be8d56dffffff,153.1070537152442,-27.20486942789927,50,871
Brisbane,87be8d56dffffff,153.1076755131706,-27.191314029529995,50,871
Brisbane,87be8d56dffffff,153.1079383195932,-27.202898943160886,50,871
Brisbane,87be8d56dffffff,153.10868572979498,-27.208815802780972,50,871
Brisbane,87be8d56dffffff,153.10874879810393,-27.205628285229782,50,871
Brisbane,87be8d56dffffff,153.10970059612214,-27.20125392640924,50,871
Brisbane,87be8d56dffffff,153.1113037779346,-27.197303631313094,50,871
Brisbane,87be8d56dffffff,153.11136301038013,-27.19448736703897,50,871
Brisbane,87be8d56dffffff,153.11177374321568,-27.20009724916442,50,871
Brisbane,87be8d56dffffff,153.11270308673923,-27.195385375065324,50,871
Brisbane,87be8d56dffffff,153.11398529411855,-27.198888442702327,50,871
Brisbane,87be8d56dffffff,153.11494068731622,-27.196029316077077,50,871
Brisbane,87be8d802ffffff,153.12340980662827,-27.691401232331497,50,33
Brisbane,87be8d80cffffff,153.06553236420203,-27.734687254451725,50,34
Brisbane,87be8d832ffffff,153.18997029571287,-27.707685113838227,50,30
Brisbane,87be8d840ffffff,152.94781068790235,-27.75359635385226,50,27
Brisbane,87be8d843ffffff,152.91588051550875,-27.750267932270788,50,42
Brisbane,87be8d88affffff,153.11746211856533,-27.522283215997895,50,42
Brisbane,87be8d892ffffff,153.22722003371072,-27.486269294090377,50,80
Brisbane,87be8d892ffffff,153.23398711590298,-27.495006019916612,50,80
Brisbane,87be8d894ffffff,153.22869785040217,-27.535519504741618,50,20
Brisbane,87be8d89bffffff,153.13680250754652,-27.48229298302792,50,44
Brisbane,87be8d8acffffff,153.1514737161263,-27.641393313371356,50,20
Brisbane,87be8d8b6ffffff,153.27735352880578,-27.575634621024783,50,44
Brisbane,87be8d8c9ffffff,152.88666961415413,-27.603910100842366,50,247
Brisbane,87be8d8c9ffffff,152.89036631245344,-27.594097274185966,50,247
Brisbane,87be8d8c9ffffff,152.89249288810984,-27.605852507137424,50,247
Brisbane,87be8d8c9ffffff,152.9020135858052,-27.60880628188897,50,247
Brisbane,87be8d8c9ffffff,152.9036611410964,-27.59962152100947,50,247
Brisbane,87be8d8d0ffffff,153.02549392062656,-27.55193887214041,50,30
Brisbane,87be8d8d2ffffff,153.0363116151313,-27.519804750342466,50,89
Brisbane,87be8d8d2ffffff,153.04184554622208,-27.519922049889107,50,89
Brisbane,87be8d8d6ffffff,153.07138012531993,-27.53717896580806,50,35
Brisbane,87be8d8d8ffffff,152.9648915454362,-27.541692763885518,50,42
Brisbane,87be8d8d9ffffff,152.94696506631135,-27.553127570111887,50,25
Brisbane,87be8d8daffffff,152.97197911473603,-27.517137367954287,50,82
Brisbane,87be8d8daffffff,152.97322612092665,-27.527329825900996,50,82
Brisbane,87be8d8dcffffff,152.99474249137117,-27.55690357739624,50,41
Brisbane,87be8d8deffffff,152.98002006697772,-27.538254421721795,50,612
Brisbane,87be8d8deffffff,152.98450014890307,-27.53030794389572,50,612
Brisbane,87be8d8deffffff,152.98467645871165,-27.536933522442613,50,612
Brisbane,87be8d8deffffff,152.98709814623632,-27.536468247678492,50,612
Brisbane,87be8d8deffffff,152.99153216165212,-27.54638661306718,50,612
Brisbane,87be8d8deffffff,152.99153268674155,-27.53358040849427,50,612
Brisbane,87be8d8deffffff,152.99409639446594,-27.537304269753907,50,612
Brisbane,87be8d8deffffff,152.99515304805007,-27.538442147593297,50,612
Brisbane,87be8d8deffffff,152.99554796010497,-27.53058514783267,50,612
Brisbane,87be8d8deffffff,152.9996391825599,-27.531358078062297,50,612
Brisbane,87be8d8deffffff,153.00155396602062,-27.537856610470218,50,612
Brisbane,87be8d8deffffff,153.00435263779613,-27.541257080104007,50,612
Brisbane,87be8d8e9ffffff,152.92609166933894,-27.65787629370872,50,27
Brisbane,87be8d989ffffff,153.20447706449727,-27.67222025314681,50,75
Brisbane,87be8d989ffffff,153.22200223449508,-27.682711680327454,50,75
Brisbane,87be8d98dffffff,153.22313627443305,-27.706877642695822,50,144
Brisbane,87be8d98dffffff,153.23054986690067,-27.70639894982676,50,144
Brisbane,87be8d98dffffff,153.23233103226343,-27.698522098364847,50,144
Brisbane,87be8d99effffff,153.29959532395435,-27.628333146864524,50,36
Brisbane,87be8db8effffff,152.7634013283313,-27.63303781242195,50,36
Brisbane,87be8db90ffffff,152.85770968501836,-27.578626820047724,50,28
Brisbane,87be8db92ffffff,152.86689074326267,-27.567617486256488,50,63
Brisbane,87be8db9cffffff,152.79500147521557,-27.607603824906988,50,68
Brisbane,87be8dba1ffffff,152.81845256203837,-27.69227608916925,50,45
Brisbane,87be8dc48ffffff,153.14707900842777,-27.395091659172735,50,273
Brisbane,87be8dc48ffffff,153.15837887243632,-27.40176192828028,50,273
Brisbane,87be8dc48ffffff,153.15923385169978,-27.40804940691647,50,273
Brisbane,87be8dc48ffffff,153.16376155769305,-27.39177507140024,50,273
Brisbane,87be8dc48ffffff,153.16632354214198,-27.39665456398062,50,273
Brisbane,87be8dc48ffffff,153.1708941062938,-27.40414445738014,50,273
Brisbane,87be8dc4affffff,153.173549612932,-27.3821125370072,50,85
Brisbane,87be8dc4affffff,153.17377540975994,-27.38589085802929,50,85
Brisbane,87be8dc4bffffff,153.12821482104388,-27.376112703275528,50,200
Brisbane,87be8dc4bffffff,153.13544882865878,-27.388790631692576,50,200
Brisbane,87be8dc4bffffff,153.13982373490407,-27.38155309455473,50,200
Brisbane,87be8dc4bffffff,153.14310718759492,-27.374806273556352,50,200
Brisbane,87be8dc4cffffff,153.16483273249523,-27.41107981105446,50,2927
Brisbane,87be8dc4cffffff,153.16488520033428,-27.412342699176904,50,2927
Brisbane,87be8dc4cffffff,153.16571275186433,-27.41330310684489,50,2927
Brisbane,87be8dc4cffffff,153.16608280641876,-27.415878450950398,50,2927
Brisbane,87be8dc4cffffff,153.16620633935227,-27.40991812871506,50,2927
Brisbane,87be8dc4cffffff,153.16628770392145,-27.40876729246696,50,2927
Brisbane,87be8dc4cffffff,153.16652164511638,-27.41818252916998,50,2927
Brisbane,87be8dc4cffffff,153.16664164413226,-27.411119729760006,50,2927
Brisbane,87be8dc4cffffff,153.166914165657,-27.416740690835667,50,2927
Brisbane,87be8dc4cffffff,153.16707037909003,-27.42135711837,50,2927
Brisbane,87be8dc4cffffff,153.1671974888876,-27.412766828789394,50,2927
Brisbane,87be8dc4cffffff,153.1673315686271,-27.41963628874739,50,2927
Brisbane,87be8dc4cffffff,153.16748646716707,-27.408305119524783,50,2927
Brisbane,87be8dc4cffffff,153.16753230892442,-27.414898994206702,50,2927
Brisbane,87be8dc4cffffff,153.16768787503096,-27.418307513984704,50,2927
Brisbane,87be8dc4cffffff,153.16780898767502,-27.423479911534272,50,2927
Brisbane,87be8dc4cffffff,153.16813449651,-27.41615831544225,50,2927
Brisbane,87be8dc4cffffff,153.1681353444716,-27.410060849352703,50,2927
Brisbane,87be8dc4cffffff,153.168182867038,-27.42051817424885,50,2927
Brisbane,87be8dc4cffffff,153.16829359798237,-27.40736612881041,50,2927
Brisbane,87be8dc4cffffff,153.16838591041645,-27.412543883623552,50,2927
Brisbane,87be8dc4cffffff,153.16851492453043,-27.41435360283154,50,2927
Brisbane,87be8dc4cffffff,153.16874685607428,-27.41108227835273,50,2927
Brisbane,87be8dc4cffffff,153.16882621872614,-27.422416544118065,50,2927
Brisbane,87be8dc4cffffff,153.16913250494252,-27.421317962214438,50,2927
Brisbane,87be8dc4cffffff,153.16944346539609,-27.40657923555295,50,2927
Brisbane,87be8dc4cffffff,153.16952445561867,-27.40854258839205,50,2927
Brisbane,87be8dc4cffffff,153.16963697546274,-27.41769752391056,50,2927
Brisbane,87be8dc4cffffff,153.16964664111615,-27.41402632190249,50,2927
Brisbane,87be8dc4cffffff,153.1697045769677,-27.423575448072693,50,2927
Brisbane,87be8dc4cffffff,153.16981551777843,-27.41003739385099,50,2927
Brisbane,87be8dc4cffffff,153.17006931041922,-27.415614180238386,50,2927
Brisbane,87be8dc4cffffff,153.17008713691033,-27.418811895215846,50,2927
Brisbane,87be8dc4cffffff,153.1703145722151,-27.420522000234186,50,2927
Brisbane,87be8dc4cffffff,153.17039345684717,-27.413178256025933,50,2927
Brisbane,87be8dc4cffffff,153.17047835395448,-27.421690263009967,50,2927
Brisbane,87be8dc4cffffff,153.1705346410285,-27.407023498160317,50,2927
Brisbane,87be8dc4cffffff,153.17058262616914,-27.40526537427842,50,2927
Brisbane,87be8dc4cffffff,153.1706008045492,-27.41651776717818,50,2927
Brisbane,87be8dc4cffffff,153.1707209256133,-27.40820118508984,50,2927
Brisbane,87be8dc4cffffff,153.1707811819357,-27.411701850667715,50,2927
Brisbane,87be8dc4cffffff,153.17080388469643,-27.41457285657912,50,2927
Brisbane,87be8dc4cffffff,153.17128295213766,-27.406153926088184,50,2927
Brisbane,87be8dc4cffffff,153.17172954368635,-27.413612698455864,50,2927
Brisbane,87be8dc4cffffff,153.1717840260119,-27.40991665728469,50,2927
Brisbane,87be8dc4cffffff,153.1718908361501,-27.40822462969784,50,2927
Brisbane,87be8dc4cffffff,153.1719041588976,-27.412050703015215,50,2927
Brisbane,87be8dc4cffffff,153.17227441208192,-27.405138194550183,50,2927
Brisbane,87be8dc4cffffff,153.172478513063,-27.415726814967783,50,2927
Brisbane,87be8dc4cffffff,153.1727962056575,-27.410828085716897,50,2927
Brisbane,87be8dc4cffffff,153.1728239310089,-27.408975292090453,50,2927
Brisbane,87be8dc4cffffff,153.17300009116025,-27.41384357621687,50,2927
Brisbane,87be8dc4cffffff,153.1731887572246,-27.412213871850252,50,2927
Brisbane,87be8dc4cffffff,153.17320098477057,-27.407173770034994,50,2927
Brisbane,87be8dc4cffffff,153.17337261986665,-27.404546733864102,50,2927
Brisbane,87be8dc4cffffff,153.17360902401018,-27.40615489477847,50,2927
Brisbane,87be8dc4cffffff,153.1738629431646,-27.41487488876909,50,2927
Brisbane,87be8dc4cffffff,153.17408168751575,-27.41287661509706,50,2927
Brisbane,87be8dc4cffffff,153.17419283473197,-27.408618090132503,50,2927
Brisbane,87be8dc4dffffff,153.15992779416734,-27.426280528310876,50,20
Brisbane,87be8dc4effffff,153.17817968072407,-27.38382140966447,50,30
Brisbane,87be8dc58ffffff,153.1998029035258,-27.351970059489624,50,62
Brisbane,87be8dc59ffffff,153.18803424915453,-27.3496122782961,50,48
Brisbane,87be8dc5dffffff,153.18016282139047,-27.366520422336286,50,3729
Brisbane,87be8dc5dffffff,153.1808494834935,-27.367906177878215,50,3729
Brisbane,87be8dc5dffffff,153.1814171184762,-27.370083236693915,50,3729
Brisbane,87be8dc5dffffff,153.1819387652457,-27.366571713837892,50,3729
Brisbane,87be8dc5dffffff,153.18194755412557,-27.37390263828983,50,3729
Brisbane,87be8dc5dffffff,153.1819718435568,-27.36522860987114,50,3729
Brisbane,87be8dc5dffffff,153.18201263428784,-27.372477309219732,50,3729
Brisbane,87be8dc5dffffff,153.1823685302109,-27.368854755967607,50,3729
Brisbane,87be8dc5dffffff,153.1825913327286,-27.362917638323083,50,3729
Brisbane,87be8dc5dffffff,153.1827342153939,-27.371327833105465,50,3729
Brisbane,87be8dc5dffffff,153.1830728127045,-27.378000618050617,50,3729
Brisbane,87be8dc5dffffff,153.1831266553048,-27.376216499554438,50,3729
Brisbane,87be8dc5dffffff,153.18344118223254,-27.362017981640058,50,3729
Brisbane,87be8dc5dffffff,153.1834447950575,-27.369608845135826,50,3729
Brisbane,87be8dc5dffffff,153.18360367296512,-27.364891202146772,50,3729
Brisbane,87be8dc5dffffff,153.1836865946039,-27.3732992838008,50,3729
Brisbane,87be8dc5dffffff,153.1837417799195,-27.367607246660075,50,3729
Brisbane,87be8dc5dffffff,153.18392364624373,-27.37500902592433,50,3729
Brisbane,87be8dc5dffffff,153.18403276013558,-27.370724719011406,50,3729
Brisbane,87be8dc5dffffff,153.18423290317622,-27.363833514740705,50,3729
Brisbane,87be8dc5dffffff,153.18480599172702,-27.362694915503358,50,3729
Brisbane,87be8dc5dffffff,153.18509743487496,-27.372721495395115,50,3729
Brisbane,87be8dc5dffffff,153.1851733714986,-27.377080761358688,50,3729
Brisbane,87be8dc5dffffff,153.18534311480786,-27.361366477332222,50,3729
Brisbane,87be8dc5dffffff,153.1857292633845,-27.374400627135515,50,3729
Brisbane,87be8dc5dffffff,153.18585110546655,-27.36898005112108,50,3729
Brisbane,87be8dc5dffffff,153.18589030901595,-27.365024506093004,50,3729
Brisbane,87be8dc5dffffff,153.18616955104474,-27.375516503598654,50,3729
Brisbane,87be8dc5dffffff,153.18620389379424,-27.367196956498383,50,3729
Brisbane,87be8dc5dffffff,153.18622012609822,-27.36270194371292,50,3729
Brisbane,87be8dc5dffffff,153.18625623359105,-27.37019653631442,50,3729
Brisbane,87be8dc5dffffff,153.18681250194007,-27.360626667999306,50,3729
Brisbane,87be8dc5dffffff,153.18709235036837,-27.372687908934807,50,3729
Brisbane,87be8dc5dffffff,153.18710720999627,-27.364432277801093,50,3729
Brisbane,87be8dc5dffffff,153.1871149978158,-27.359239972812592,50,3729
Brisbane,87be8dc5dffffff,153.187236758385,-27.369197798012028,50,3729
Brisbane,87be8dc5dffffff,153.1872477573032,-27.36587235046764,50,3729
Brisbane,87be8dc5dffffff,153.1875906087833,-27.373763470882366,50,3729
Brisbane,87be8dc5dffffff,153.18787666975558,-27.370812441184906,50,3729
Brisbane,87be8dc5dffffff,153.18808075803528,-27.36770022507501,50,3729
Brisbane,87be8dc5dffffff,153.18834286321837,-27.36003193057255,50,3729
Brisbane,87be8dc5dffffff,153.18841105881924,-27.37240137665362,50,3729
Brisbane,87be8dc5dffffff,153.18847858825097,-27.361234159245445,50,3729
Brisbane,87be8dc5dffffff,153.18859855258228,-27.366541451561396,50,3729
Brisbane,87be8dc5dffffff,153.18860907196793,-27.35886049176375,50,3729
Brisbane,87be8dc5dffffff,153.18891086373546,-27.365157540051644,50,3729
Brisbane,87be8dc5dffffff,153.18952553054075,-27.370623576241872,50,3729
Brisbane,87be8dc5dffffff,153.18974182924416,-27.3677675854637,50,3729
Brisbane,87be8dc5dffffff,153.1897805924222,-27.363095111920043,50,3729
Brisbane,87be8dc5dffffff,153.18989871676598,-27.357826784359265,50,3729
Brisbane,87be8dc5dffffff,153.19008200475008,-27.369226532849346,50,3729
Brisbane,87be8dc5dffffff,153.19059369944745,-27.364796502921173,50,3729
Brisbane,87be8dc5dffffff,153.19071249122965,-27.3612305478612,50,3729
Brisbane,87be8dc5dffffff,153.19093770210705,-27.359200766356167,50,3729
Brisbane,87be8dc5dffffff,153.19107627738913,-27.356311938244517,50,3729
Brisbane,87be8dc5dffffff,153.1911722471052,-27.363629928418312,50,3729
Brisbane,87be8dc5dffffff,153.1912601888442,-27.365947705433555,50,3729
Brisbane,87be8dc5dffffff,153.19192611830536,-27.36492075315861,50,3729
Brisbane,87be8dc5dffffff,153.19227657028944,-27.359635844906506,50,3729
Brisbane,87be8dc5dffffff,153.19233406555043,-27.36222916532167,50,3729
Brisbane,87be8dc5dffffff,153.19239458707003,-27.35695873978693,50,3729
Brisbane,87be8dc5dffffff,153.19254570686255,-27.358196729116308,50,3729
Brisbane,87be8dc5dffffff,153.19291949655803,-27.360947206494906,50,3729
Brisbane,87be8dc5dffffff,153.19359517000112,-27.364766450527334,50,3729
Brisbane,87be8dc5dffffff,153.19381498879372,-27.36229294636524,50,3729
Brisbane,87be8dc5dffffff,153.19395764350608,-27.363535075699364,50,3729
Brisbane,87be8dc5dffffff,153.1942818362115,-27.35640751977247,50,3729
Brisbane,87be8dc5dffffff,153.1944488180997,-27.360432112857715,50,3729
Brisbane,87be8dc5dffffff,153.19501609827188,-27.3581656635653,50,3729
Brisbane,87be8dc5dffffff,153.19543785352798,-27.356984254403706,50,3729
Brisbane,87be8dc5dffffff,153.1955733249472,-27.35924725562012,50,3729
Brisbane,87be8dc5dffffff,153.19615102542744,-27.361475399991726,50,3729
Brisbane,87be8dc5dffffff,153.1969147785372,-27.357982810984183,50,3729
Brisbane,87be8dc5dffffff,153.19696801147253,-27.36010175625015,50,3729
Brisbane,87be8dc5dffffff,153.19841926268805,-27.357781217295333,50,3729
Brisbane,87be8dc61ffffff,153.2364302620889,-27.478961707680018,50,1578
Brisbane,87be8dc61ffffff,153.2371576937865,-27.475582760020917,50,1578
Brisbane,87be8dc61ffffff,153.23722544074613,-27.476432888332635,50,1578
Brisbane,87be8dc61ffffff,153.23735216494987,-27.47010697275115,50,1578
Brisbane,87be8dc61ffffff,153.23746990732292,-27.478179329213983,50,1578
Brisbane,87be8dc61ffffff,153.2378417490172,-27.46754854350706,50,1578
Brisbane,87be8dc61ffffff,153.23797131949485,-27.473766610155423,50,1578
Brisbane,87be8dc61ffffff,153.23797212563383,-27.469171563981913,50,1578
Brisbane,87be8dc61ffffff,153.23804179064106,-27.46835954069555,50,1578
Brisbane,87be8dc61ffffff,153.2380927331153,-27.47707077852879,50,1578
Brisbane,87be8dc61ffffff,153.2382408931916,-27.478666418012292,50,1578
Brisbane,87be8dc61ffffff,153.23856326312435,-27.476123405169325,50,1578
Brisbane,87be8dc61ffffff,153.2385953988183,-27.47491943368192,50,1578
Brisbane,87be8dc61ffffff,153.23893433724095,-27.470597141624143,50,1578
Brisbane,87be8dc61ffffff,153.23896109084154,-27.467007298839977,50,1578
Brisbane,87be8dc61ffffff,153.23917804270636,-27.47417285080624,50,1578
Brisbane,87be8dc61ffffff,153.23921692946305,-27.47275289206248,50,1578
Brisbane,87be8dc61ffffff,153.23951593502096,-27.471238398621935,50,1578
Brisbane,87be8dc61ffffff,153.23955106632502,-27.469765491045024,50,1578
Brisbane,87be8dc61ffffff,153.23969544517882,-27.477272527463622,50,1578
Brisbane,87be8dc61ffffff,153.23973314052247,-27.474919505582406,50,1578
Brisbane,87be8dc61ffffff,153.23980761134445,-27.465561972017664,50,1578
Brisbane,87be8dc61ffffff,153.2398372742491,-27.468186486873325,50,1578
Brisbane,87be8dc61ffffff,153.23996655686514,-27.475915259096247,50,1578
Brisbane,87be8dc61ffffff,153.24051044329292,-27.470222016536024,50,1578
Brisbane,87be8dc61ffffff,153.24063511526737,-27.466488542171533,50,1578
Brisbane,87be8dc61ffffff,153.2406993301579,-27.47493497616224,50,1578
Brisbane,87be8dc61ffffff,153.24070617013422,-27.477011933013546,50,1578
Brisbane,87be8dc61ffffff,153.24077668997398,-27.468632262558618,50,1578
Brisbane,87be8dc61ffffff,153.24082270043652,-27.465576234031268,50,1578
Brisbane,87be8dc61ffffff,153.24123663589654,-27.476301539472757,50,1578
Brisbane,87be8dc61ffffff,153.24196238155625,-27.475586430307068,50,1578
Brisbane,87be8dc65ffffff,153.2387147473046,-27.48055975418027,50,2917
Brisbane,87be8dc65ffffff,153.23942740564925,-27.483291309270417,50,2917
Brisbane,87be8dc65ffffff,153.24002474263708,-27.48149362623204,50,2917
Brisbane,87be8dc65ffffff,153.2402377899145,-27.48498319169873,50,2917
Brisbane,87be8dc65ffffff,153.2406353422474,-27.48880677000303,50,2917
Brisbane,87be8dc65ffffff,153.24098017713533,-27.486265415525324,50,2917
Brisbane,87be8dc65ffffff,153.24107908055123,-27.47985428482662,50,2917
Brisbane,87be8dc65ffffff,153.24128344613047,-27.482454916337865,50,2917
Brisbane,87be8dc65ffffff,153.24142089490206,-27.49102195157759,50,2917
Brisbane,87be8dc65ffffff,153.2424352127619,-27.48554553989376,50,2917
Brisbane,87be8dc65ffffff,153.24244636473495,-27.48968205627678,50,2917
Brisbane,87be8dc65ffffff,153.2425034871959,-27.484104490753417,50,2917
Brisbane,87be8dc65ffffff,153.24298700847487,-27.481973808132892,50,2917
Brisbane,87be8dc65ffffff,153.24333839088996,-27.488023113339707,50,2917
Brisbane,87be8dc65ffffff,153.24366219039865,-27.49203851820761,50,2917
Brisbane,87be8dc65ffffff,153.24408409523988,-27.48595687212126,50,2917
Brisbane,87be8dc65ffffff,153.24417710443473,-27.48931044601406,50,2917
Brisbane,87be8dc65ffffff,153.24449999655644,-27.482702896670528,50,2917
Brisbane,87be8dc65ffffff,153.24493841848476,-27.490705978684918,50,2917
Brisbane,87be8dc65ffffff,153.24580719403133,-27.485680708183285,50,2917
Brisbane,87be8dc65ffffff,153.24625625101064,-27.482441596162516,50,2917
Brisbane,87be8dc65ffffff,153.24639307052024,-27.49383721747478,50,2917
Brisbane,87be8dc65ffffff,153.24681635988904,-27.487290306534295,50,2917
Brisbane,87be8dc65ffffff,153.24690365838603,-27.490553180815954,50,2917
Brisbane,87be8dc65ffffff,153.24768411601144,-27.48848207420455,50,2917
Brisbane,87be8dc65ffffff,153.24786725101922,-27.494591369775048,50,2917
Brisbane,87be8dc65ffffff,153.2480036710129,-27.48489392721541,50,2917
Brisbane,87be8dc65ffffff,153.2482038219206,-27.489741740755296,50,2917
Brisbane,87be8dc65ffffff,153.24855599018116,-27.487370371004822,50,2917
Brisbane,87be8dc65ffffff,153.24936492845887,-27.493447297428744,50,2917
Brisbane,87be8dc65ffffff,153.2494467906704,-27.48176386973634,50,2917
Brisbane,87be8dc65ffffff,153.24969871177325,-27.491899396782784,50,2917
Brisbane,87be8dc65ffffff,153.25001271559339,-27.484762913750565,50,2917
Brisbane,87be8dc65ffffff,153.25038855027148,-27.490287000511817,50,2917
Brisbane,87be8dc65ffffff,153.2508069376798,-27.486903121927792,50,2917
Brisbane,87be8dc65ffffff,153.25103640048826,-27.481705659535695,50,2917
Brisbane,87be8dc65ffffff,153.25112263860316,-27.493952884288333,50,2917
Brisbane,87be8dc65ffffff,153.25168024756948,-27.495309444823402,50,2917
Brisbane,87be8dc65ffffff,153.25215816440533,-27.492150493000967,50,2917
Brisbane,87be8dc65ffffff,153.25292144041896,-27.48823761875996,50,2917
Brisbane,87be8dc65ffffff,153.25301221046314,-27.486027228785325,50,2917
Brisbane,87be8dc65ffffff,153.25360479417895,-27.484188681443467,50,2917
Brisbane,87be8dc65ffffff,153.25367458614477,-27.49165355282692,50,2917
Brisbane,87be8dc65ffffff,153.2540171080094,-27.495548398646047,50,2917
Brisbane,87be8dc65ffffff,153.2544973973101,-27.489339864284016,50,2917
Brisbane,87be8dc65ffffff,153.2546838171408,-27.485942178520546,50,2917
Brisbane,87be8dc65ffffff,153.25512846062728,-27.493431814282513,50,2917
Brisbane,87be8dc65ffffff,153.2551918356744,-27.48320023849035,50,2917
Brisbane,87be8dc65ffffff,153.25667495057792,-27.496254943038686,50,2917
Brisbane,87be8dc65ffffff,153.25735087659282,-27.49126321078648,50,2917
Brisbane,87be8dc65ffffff,153.25754273266614,-27.484259646674044,50,2917
Brisbane,87be8dc65ffffff,153.25759479520093,-27.485742632353748,50,2917
Brisbane,87be8dc65ffffff,153.25828389052595,-27.482381562164257,50,2917
Brisbane,87be8dc65ffffff,153.25902612606544,-27.487435109487418,50,2917
Brisbane,87be8dc65ffffff,153.25915159803304,-27.489157767598172,50,2917
Brisbane,87be8dc65ffffff,153.25973843378895,-27.48320878249065,50,2917
Brisbane,87be8dc65ffffff,153.26012848619195,-27.485509785608354,50,2917
Brisbane,87be8dc65ffffff,153.26047910771146,-27.487932406574025,50,2917
Brisbane,87be8dc68ffffff,153.17593666843058,-27.452995997441963,50,4322
Brisbane,87be8dc68ffffff,153.17648405740212,-27.450992232138066,50,4322
Brisbane,87be8dc68ffffff,153.17665700249356,-27.454711195136923,50,4322
Brisbane,87be8dc68ffffff,153.17677683320684,-27.457201217547727,50,4322
Brisbane,87be8dc68ffffff,153.17682873312842,-27.44940296574464,50,4322
Brisbane,87be8dc68ffffff,153.17697095399967,-27.458605426511035,50,4322
Brisbane,87be8dc68ffffff,153.17803243104586,-27.46155500421914,50,4322
Brisbane,87be8dc68ffffff,153.17814729377199,-27.448137231287934,50,4322
Brisbane,87be8dc68ffffff,153.17820048304904,-27.45113168298165,50,4322
Brisbane,87be8dc68ffffff,153.17848843698417,-27.452865724339397,50,4322
Brisbane,87be8dc68ffffff,153.17848845339515,-27.45944616592425,50,4322
Brisbane,87be8dc68ffffff,153.17854336167707,-27.456335778357357,50,4322
Brisbane,87be8dc68ffffff,153.17910947105256,-27.454607407362733,50,4322
Brisbane,87be8dc68ffffff,153.17933376239154,-27.46247687760829,50,4322
Brisbane,87be8dc68ffffff,153.17952126179264,-27.447114620872163,50,4322
Brisbane,87be8dc68ffffff,153.17958711043806,-27.463831477206156,50,4322
Brisbane,87be8dc68ffffff,153.179644259669,-27.46091424647385,50,4322
Brisbane,87be8dc68ffffff,153.1798208019158,-27.451859762710576,50,4322
Brisbane,87be8dc68ffffff,153.18012269020053,-27.449693588769147,50,4322
Brisbane,87be8dc68ffffff,153.18012579536477,-27.45329542840424,50,4322
Brisbane,87be8dc68ffffff,153.18023111548632,-27.457863964100767,50,4322
Brisbane,87be8dc68ffffff,153.18074289610692,-27.459912571730587,50,4322
Brisbane,87be8dc68ffffff,153.18113365168887,-27.454729424165652,50,4322
Brisbane,87be8dc68ffffff,153.1812200720171,-27.448131532060348,50,4322
Brisbane,87be8dc68ffffff,153.18124308823693,-27.456622331206585,50,4322
Brisbane,87be8dc68ffffff,153.1813206060768,-27.46161545676061,50,4322
Brisbane,87be8dc68ffffff,153.1815339295046,-27.450464385983565,50,4322
Brisbane,87be8dc68ffffff,153.18160987267706,-27.463338844968135,50,4322
Brisbane,87be8dc68ffffff,153.1817667591455,-27.44577378343968,50,4322
Brisbane,87be8dc68ffffff,153.18179805327537,-27.45290913840545,50,4322
Brisbane,87be8dc68ffffff,153.1822093978254,-27.459521076136834,50,4322
Brisbane,87be8dc68ffffff,153.18274533892856,-27.456753397303572,50,4322
Brisbane,87be8dc68ffffff,153.1828217737027,-27.4539386577745,50,4322
Brisbane,87be8dc68ffffff,153.18282869617437,-27.458302307859164,50,4322
Brisbane,87be8dc68ffffff,153.18298704136723,-27.447098605053288,50,4322
Brisbane,87be8dc68ffffff,153.183077938194,-27.460734553085555,50,4322
Brisbane,87be8dc68ffffff,153.18315386429782,-27.462482781795952,50,4322
Brisbane,87be8dc68ffffff,153.18321778248645,-27.45177485090433,50,4322
Brisbane,87be8dc68ffffff,153.18379813670163,-27.4489058888978,50,4322
Brisbane,87be8dc68ffffff,153.1841077079496,-27.46457200751594,50,4322
Brisbane,87be8dc68ffffff,153.18428526913036,-27.455699720888582,50,4322
Brisbane,87be8dc68ffffff,153.18429584961535,-27.4463334094833,50,4322
Brisbane,87be8dc68ffffff,153.18441153374255,-27.461510112435576,50,4322
Brisbane,87be8dc68ffffff,153.18465905998622,-27.45762129702741,50,4322
Brisbane,87be8dc68ffffff,153.18495824978734,-27.451128581421347,50,4322
Brisbane,87be8dc68ffffff,153.185055992463,-27.45380467385249,50,4322
Brisbane,87be8dc68ffffff,153.1851017047144,-27.46035416111636,50,4322
Brisbane,87be8dc68ffffff,153.1853461447982,-27.447651761762256,50,4322
Brisbane,87be8dc68ffffff,153.18536028165866,-27.46374045704535,50,4322
Brisbane,87be8dc68ffffff,153.18545019488292,-27.45907071919129,50,4322
Brisbane,87be8dc68ffffff,153.1861739879444,-27.46206782959971,50,4322
Brisbane,87be8dc68ffffff,153.18627104409367,-27.45782513970882,50,4322
Brisbane,87be8dc68ffffff,153.18627336733726,-27.4520597008621,50,4322
Brisbane,87be8dc68ffffff,153.18633001834849,-27.44959269665956,50,4322
Brisbane,87be8dc68ffffff,153.18641927957555,-27.46570274336377,50,4322
Brisbane,87be8dc68ffffff,153.18660784952644,-27.455293774310245,50,4322
Brisbane,87be8dc68ffffff,153.18702592387822,-27.44739518391877,50,4322
Brisbane,87be8dc68ffffff,153.18737329640499,-27.460660427424123,50,4322
Brisbane,87be8dc68ffffff,153.18740794371578,-27.464465671230876,50,4322
Brisbane,87be8dc68ffffff,153.18742887568078,-27.454158799114328,50,4322
Brisbane,87be8dc68ffffff,153.18774343753267,-27.456125382797676,50,4322
Brisbane,87be8dc68ffffff,153.18790345856476,-27.45871551101057,50,4322
Brisbane,87be8dc68ffffff,153.18797312938804,-27.46584926818491,50,4322
Brisbane,87be8dc68ffffff,153.18809556652195,-27.453002561435312,50,4322
Brisbane,87be8dc68ffffff,153.18865941768624,-27.46296253136177,50,4322
Brisbane,87be8dc68ffffff,153.18898362742175,-27.45705007802737,50,4322
Brisbane,87be8dc68ffffff,153.18959082290942,-27.454514516381685,50,4322
Brisbane,87be8dc68ffffff,153.1898333903547,-27.466046609824012,50,4322
Brisbane,87be8dc68ffffff,153.1898432445629,-27.45191825537977,50,4322
Brisbane,87be8dc68ffffff,153.18988640614478,-27.461756092810134,50,4322
Brisbane,87be8dc68ffffff,153.19007416918407,-27.464262662087137,50,4322
Brisbane,87be8dc68ffffff,153.19069604827817,-27.458964687813847,50,4322
Brisbane,87be8dc68ffffff,153.19073167163882,-27.46058747382531,50,4322
Brisbane,87be8dc68ffffff,153.190883079196,-27.457626115464983,50,4322
Brisbane,87be8dc68ffffff,153.1911067622071,-27.465228990780698,50,4322
Brisbane,87be8dc68ffffff,153.19140478227027,-27.456329825010236,50,4322
Brisbane,87be8dc68ffffff,153.19148211493143,-27.46360757044504,50,4322
Brisbane,87be8dc68ffffff,153.1915346627821,-27.4512222429969,50,4322
Brisbane,87be8dc68ffffff,153.19155013456557,-27.453994107923524,50,4322
Brisbane,87be8dc68ffffff,153.19217918576118,-27.45272196909942,50,4322
Brisbane,87be8dc68ffffff,153.19223367456334,-27.466502318870504,50,4322
Brisbane,87be8dc68ffffff,153.19232397067745,-27.459378668081907,50,4322
Brisbane,87be8dc68ffffff,153.19266916766074,-27.45700045953111,50,4322
Brisbane,87be8dc68ffffff,153.1934841905711,-27.458246402669857,50,4322
Brisbane,87be8dc68ffffff,153.19353818981708,-27.45455029973981,50,4322
Brisbane,87be8dc68ffffff,153.19365438994365,-27.45309325725775,50,4322
Brisbane,87be8dc68ffffff,153.19427562531288,-27.456680875516433,50,4322
Brisbane,87be8dc6bffffff,153.15900862716163,-27.43212067874614,50,1099
Brisbane,87be8dc6bffffff,153.1598554689781,-27.4422487696767,50,1099
Brisbane,87be8dc6bffffff,153.16017056747043,-27.433170741729935,50,1099
Brisbane,87be8dc6bffffff,153.1612162883527,-27.444425575592515,50,1099
Brisbane,87be8dc6bffffff,153.16175615722247,-27.435902159348053,50,1099
Brisbane,87be8dc6bffffff,153.1626798577024,-27.43045560702714,50,1099
Brisbane,87be8dc6bffffff,153.16353270765728,-27.4371885902845,50,1099
Brisbane,87be8dc6bffffff,153.16440775713707,-27.427738830555395,50,1099
Brisbane,87be8dc6bffffff,153.16528533168272,-27.442638699781284,50,1099
Brisbane,87be8dc6bffffff,153.16539145042034,-27.44415487828521,50,1099
Brisbane,87be8dc6bffffff,153.16745453600961,-27.434940848264635,50,1099
Brisbane,87be8dc6bffffff,153.16826507820494,-27.43772329471824,50,1099
Brisbane,87be8dc6bffffff,153.16829654506077,-27.42768509761704,50,1099
Brisbane,87be8dc6bffffff,153.16889287409035,-27.42467428404397,50,1099
Brisbane,87be8dc6bffffff,153.17007581360713,-27.439136411413813,50,1099
Brisbane,87be8dc6bffffff,153.1712596592812,-27.444960786706908,50,1099
Brisbane,87be8dc6bffffff,153.17194892254616,-27.441831416114887,50,1099
Brisbane,87be8dc6bffffff,153.1727722242489,-27.438577303481207,50,1099
Brisbane,87be8dc6bffffff,153.17282663906093,-27.446679113544622,50,1099
Brisbane,87be8dc6bffffff,153.17464759692257,-27.438487215975798,50,1099
Brisbane,87be8dc6bffffff,153.1764834710877,-27.444582994491906,50,1099
Brisbane,87be8dc6bffffff,153.17855311304936,-27.444931582828353,50,1099
Brisbane,87be8dc6cffffff,153.19397088362618,-27.470019239441086,50,2956
Brisbane,87be8dc6cffffff,153.19535372205004,-27.476016801670312,50,2956
Brisbane,87be8dc6cffffff,153.19591756058483,-27.478301065634504,50,2956
Brisbane,87be8dc6cffffff,153.1963399317221,-27.477072672764447,50,2956
Brisbane,87be8dc6cffffff,153.19664510759887,-27.479690663395143,50,2956
Brisbane,87be8dc6cffffff,153.19712671362225,-27.476456710664042,50,2956
Brisbane,87be8dc6cffffff,153.1971660285229,-27.47857455387548,50,2956
Brisbane,87be8dc6cffffff,153.19759766301493,-27.474291743316563,50,2956
Brisbane,87be8dc6cffffff,153.19774476084925,-27.475394343098394,50,2956
Brisbane,87be8dc6cffffff,153.19812371272084,-27.481247199585496,50,2956
Brisbane,87be8dc6cffffff,153.19823622068657,-27.477048383527055,50,2956
Brisbane,87be8dc6cffffff,153.198497349779,-27.476170703832576,50,2956
Brisbane,87be8dc6cffffff,153.19865372040005,-27.479799330598425,50,2956
Brisbane,87be8dc6cffffff,153.19867604628786,-27.474597892460356,50,2956
Brisbane,87be8dc6cffffff,153.19874989164413,-27.47861367567367,50,2956
Brisbane,87be8dc6cffffff,153.1990768680233,-27.47377255233834,50,2956
Brisbane,87be8dc6cffffff,153.19908636867234,-27.48152556189222,50,2956
Brisbane,87be8dc6cffffff,153.19933073497265,-27.477415654102163,50,2956
Brisbane,87be8dc6cffffff,153.19949179165542,-27.480664527986622,50,2956
Brisbane,87be8dc6cffffff,153.199945835613,-27.479066562446906,50,2956
Brisbane,87be8dc6cffffff,153.2001179472418,-27.474212982114476,50,2956
Brisbane,87be8dc6cffffff,153.2001363930274,-27.476884890085667,50,2956
Brisbane,87be8dc6cffffff,153.2003795037343,-27.4781319282895,50,2956
Brisbane,87be8dc6cffffff,153.20039552029803,-27.480138613459523,50,2956
Brisbane,87be8dc6cffffff,153.20056058125746,-27.475787156686454,50,2956
Brisbane,87be8dc6cffffff,153.2007367024163,-27.481334645584226,50,2956
Brisbane,87be8dc6cffffff,153.20105588755777,-27.47891355727931,50,2956
Brisbane,87be8dc6cffffff,153.20115460955682,-27.474651328489575,50,2956
Brisbane,87be8dc6cffffff,153.20133789076036,-27.4777263981349,50,2956
Brisbane,87be8dc6cffffff,153.2016054789433,-27.480854934407876,50,2956
Brisbane,87be8dc6cffffff,153.20171742475057,-27.48180688402836,50,2956
Brisbane,87be8dc6cffffff,153.2019916001505,-27.473071909441042,50,2956
Brisbane,87be8dc6cffffff,153.20208986590345,-27.47833577632788,50,2956
Brisbane,87be8dc6cffffff,153.20237067073398,-27.4765835340207,50,2956
Brisbane,87be8dc6cffffff,153.2024842747178,-27.482474677988094,50,2956
Brisbane,87be8dc6cffffff,153.20249131366404,-27.479465161150653,50,2956
Brisbane,87be8dc6cffffff,153.20275582953687,-27.481247870815288,50,2956
Brisbane,87be8dc6cffffff,153.20285571142946,-27.474204885707845,50,2956
Brisbane,87be8dc6cffffff,153.20367065990862,-27.47780470029579,50,2956
Brisbane,87be8dc6cffffff,153.20387538162154,-27.482725959325613,50,2956
Brisbane,87be8dc6cffffff,153.20425980199025,-27.480222518404283,50,2956
Brisbane,87be8dc6cffffff,153.2047184526519,-27.481026243408017,50,2956
Brisbane,87be8dc6cffffff,153.20491394578772,-27.482076704354082,50,2956
Brisbane,87be8dc6cffffff,153.20493992626862,-27.48300091022447,50,2956
Brisbane,87be8dc6cffffff,153.20584079288625,-27.481555277365707,50,2956
Brisbane,87be8dc6cffffff,153.20612702527683,-27.483380363098064,50,2956
Brisbane,87be8dc6cffffff,153.20635153781936,-27.482381325977755,50,2956
Brisbane,87be8dc6cffffff,153.2068442964712,-27.48162712087536,50,2956
Brisbane,87be8dc6cffffff,153.20730517381799,-27.48358934703466,50,2956
Brisbane,87be8dc6cffffff,153.20780017052445,-27.482485239247428,50,2956
Brisbane,87be8dc6cffffff,153.20843696933852,-27.48416182820804,50,2956
Brisbane,87be8dc6cffffff,153.20875799344645,-27.482832749313136,50,2956
Brisbane,87be8dc6cffffff,153.209926943945,-27.483244376238712,50,2956
Brisbane,87be8dc6cffffff,153.21029214383245,-27.484350300726224,50,2956
Brisbane,87be8dc6cffffff,153.21103239359888,-27.48294356814142,50,2956
Brisbane,87be8dc6cffffff,153.21147141448122,-27.484237753728305,50,2956
Brisbane,87be8dc6cffffff,153.2122174317668,-27.482643206386257,50,2956
Brisbane,87be8dc6cffffff,153.2133095461837,-27.48352981177484,50,2956
Brisbane,87be8dc6cffffff,153.21439411652804,-27.48223997448366,50,2956
Brisbane,87be8dc6dffffff,153.16926751212074,-27.473634312954946,50,140
Brisbane,87be8dc6dffffff,153.17919758624691,-27.474524110014592,50,140
Brisbane,87be8dc6dffffff,153.19202964163736,-27.47090778558973,50,140
Brisbane,87be8dd48ffffff,153.27871374820987,-27.52363615782913,50,197
Brisbane,87be8dd48ffffff,153.2838133844298,-27.52351014054062,50,197
Brisbane,87be8dd48ffffff,153.28697387416517,-27.518460106152144,50,197
Brisbane,87be8dd48ffffff,153.29138126252994,-27.52907026755038,50,197
Brisbane,87be8dd49ffffff,153.27570112757647,-27.51885844800697,50,28
Brisbane,87be8dd4dffffff,153.2730108731366,-27.543620778046243,50,189
Brisbane,87be8dd4dffffff,153.27478118977493,-27.544699215505684,50,189
Brisbane,87be8dd4dffffff,153.2756465262796,-27.547319388561508,50,189
Brisbane,87be8dd4dffffff,153.27717789364118,-27.545301762097434,50,189
Brisbane,87be8dd68ffffff,153.305474304078,-27.570943697394483,50,31
Brisbane,87be8dd69ffffff,153.29107990105823,-27.579738495459463,50,60
Brisbane,87be8dd6bffffff,153.30088219217114,-27.566193548591418,50,106
Brisbane,87be8dd6bffffff,153.30644271407158,-27.566630367769612,50,106
Brisbane,87be8dd6dffffff,153.30010237387953,-27.605648943280976,50,72
Brisbane,87be8dd6dffffff,153.30469106380048,-27.592138441316013,50,72
Canberra–Queanbeyan,87be0d269ffffff,149.14508619238896,-35.18611643815509,50,221
Canberra–Queanbeyan,87be0d269ffffff,149.1544152777917,-35.192669717056674,50,221
Canberra–Queanbeyan,87be0d269ffffff,149.15592008366258,-35.19108563817235,50,221
Canberra–Queanbeyan,87be0d269ffffff,149.15708663210432,-35.18829330878707,50,221
Canberra–Queanbeyan,87be72520ffffff,149.0495620044602,-35.22230767162348,50,265
Canberra–Queanbeyan,87be72520ffffff,149.06047105516055,-35.215590195102294,50,265
Canberra–Queanbeyan,87be72520ffffff,149.0621546314544,-35.211092793892085,50,265
Canberra–Queanbeyan,87be72520ffffff,149.06384561918114,-35.22231977175764,50,265
Canberra–Queanbeyan,87be72520ffffff,149.06393556995334,-35.218698668030264,50,265
Canberra–Queanbeyan,87be72521ffffff,149.02921984522087,-35.22740660530517,50,169
Canberra–Queanbeyan,87be72521ffffff,149.03859739545038,-35.215299600662156,50,169
Canberra–Queanbeyan,87be72521ffffff,149.04550880840728,-35.229799371986225,50,169
Canberra–Queanbeyan,87be72523ffffff,149.03080038457455,-35.20832064157156,50,86
Canberra–Queanbeyan,87be72523ffffff,149.03974922182556,-35.20094115179915,50,86
Canberra–Queanbeyan,87be72524ffffff,149.06938802889576,-35.241129126341676,50,622
Canberra–Queanbeyan,87be72524ffffff,149.07038640187835,-35.233283996363134,50,622
Canberra–Queanbeyan,87be72524ffffff,149.07407658399376,-35.23559619262245,50,622
Canberra–Queanbeyan,87be72524ffffff,149.0781002466617,-35.25096381789597,50,622
Canberra–Queanbeyan,87be72524ffffff,149.08288682614563,-35.227550634907814,50,622
Canberra–Queanbeyan,87be72524ffffff,149.08301562865702,-35.23558429641609,50,622
Canberra–Queanbeyan,87be72524ffffff,149.0841401239287,-35.24920043047932,50,622
Canberra–Queanbeyan,87be72524ffffff,149.08467497111008,-35.2518030734731,50,622
Canberra–Queanbeyan,87be72524ffffff,149.0875862824333,-35.23333046868999,50,622
Canberra–Queanbeyan,87be72524ffffff,149.0881316081982,-35.244464338232994,50,622
Canberra–Queanbeyan,87be72524ffffff,149.08856576204596,-35.23913360185649,50,622
Canberra–Queanbeyan,87be72524ffffff,149.09190642859102,-35.24053616539032,50,622
Canberra–Queanbeyan,87be72525ffffff,149.0405800622374,-35.237762263931714,50,542
Canberra–Queanbeyan,87be72525ffffff,149.04266918318177,-35.24788761771953,50,542
Canberra–Queanbeyan,87be72525ffffff,149.04644851240283,-35.249260974590435,50,542
Canberra–Queanbeyan,87be72525ffffff,149.04907177638356,-35.24349202610416,50,542
Canberra–Queanbeyan,87be72525ffffff,149.05015269887352,-35.25496604760261,50,542
Canberra–Queanbeyan,87be72525ffffff,149.0555721048116,-35.24164759310995,50,542
Canberra–Queanbeyan,87be72525ffffff,149.05614157452246,-35.25495778573729,50,542
Canberra–Queanbeyan,87be72525ffffff,149.06025273463695,-35.247294757235494,50,542
Canberra–Queanbeyan,87be72525ffffff,149.06084531336768,-35.24972896606956,50,542
Canberra–Queanbeyan,87be72525ffffff,149.06101841573738,-35.244434724917916,50,542
Canberra–Queanbeyan,87be72525ffffff,149.06739641204953,-35.24498814535936,50,542
Canberra–Queanbeyan,87be72526ffffff,149.08321311586872,-35.22413211777194,50,201
Canberra–Queanbeyan,87be72526ffffff,149.09425519478995,-35.22324766133184,50,201
Canberra–Queanbeyan,87be72526ffffff,149.10178916819189,-35.22165404374629,50,201
Canberra–Queanbeyan,87be72526ffffff,149.10386607280864,-35.22145802355461,50,201
Canberra–Queanbeyan,87be7252cffffff,148.988961565446,-35.228137565048215,50,152
Canberra–Queanbeyan,87be7252cffffff,148.99784953054402,-35.22797614191905,50,152
Canberra–Queanbeyan,87be7252cffffff,149.00034359502166,-35.219122593489836,50,152
Canberra–Queanbeyan,87be7252dffffff,148.96945358631854,-35.23139648916015,50,73
Canberra–Queanbeyan,87be7252dffffff,148.98638176424166,-35.24124928897755,50,73
Canberra–Queanbeyan,87be7252effffff,149.01265288415675,-35.19913881288014,50,61
Canberra–Queanbeyan,87be72534ffffff,149.11890390666557,-35.19410225081138,50,395
Canberra–Queanbeyan,87be72534ffffff,149.1216298714879,-35.18236912734465,50,395
Canberra–Queanbeyan,87be72534ffffff,149.12362573438492,-35.18386037805963,50,395
Canberra–Queanbeyan,87be72534ffffff,149.13170250796523,-35.200728310375894,50,395
Canberra–Queanbeyan,87be72534ffffff,149.13650385822007,-35.19218467812155,50,395
Canberra–Queanbeyan,87be72534ffffff,149.137029109927,-35.18881337626253,50,395
Canberra–Queanbeyan,87be72534ffffff,149.13795485351255,-35.19768218678261,50,395
Canberra–Queanbeyan,87be72534ffffff,149.1431717968916,-35.19364535031896,50,395
Canberra–Queanbeyan,87be72535ffffff,149.0887997094481,-35.18705745431388,50,194
Canberra–Queanbeyan,87be72535ffffff,149.09821327473844,-35.19035991876671,50,194
Canberra–Queanbeyan,87be72535ffffff,149.10121359719145,-35.18298173335623,50,194
Canberra–Queanbeyan,87be72535ffffff,149.10724336191393,-35.189342284825194,50,194
Canberra–Queanbeyan,87be72536ffffff,149.1284265636482,-35.16584626375204,50,769
Canberra–Queanbeyan,87be72536ffffff,149.12930790051854,-35.160191819126986,50,769
Canberra–Queanbeyan,87be72536ffffff,149.13260116090171,-35.165922475519004,50,769
Canberra–Queanbeyan,87be72536ffffff,149.13380228430788,-35.16871339083286,50,769
Canberra–Queanbeyan,87be72536ffffff,149.13384805972098,-35.158536769996736,50,769
Canberra–Queanbeyan,87be72536ffffff,149.13394033669712,-35.16104974201227,50,769
Canberra–Queanbeyan,87be72536ffffff,149.1355344515818,-35.17046639237931,50,769
Canberra–Queanbeyan,87be72536ffffff,149.13820835053767,-35.165021804773026,50,769
Canberra–Queanbeyan,87be72536ffffff,149.14085472964413,-35.17203321988312,50,769
Canberra–Queanbeyan,87be72536ffffff,149.14125502636043,-35.169127157226896,50,769
Canberra–Queanbeyan,87be72536ffffff,149.1436383708822,-35.15754231547968,50,769
Canberra–Queanbeyan,87be72536ffffff,149.14651152503328,-35.17021969190095,50,769
Canberra–Queanbeyan,87be72536ffffff,149.14690818004155,-35.16280873933094,50,769
Canberra–Queanbeyan,87be72536ffffff,149.14735934328078,-35.15632608267207,50,769
Canberra–Queanbeyan,87be72536ffffff,149.15117693560052,-35.16764645468484,50,769
Canberra–Queanbeyan,87be72c03ffffff,149.0701504648122,-35.4253432994969,50,111
Canberra–Queanbeyan,87be72c03ffffff,149.07592511196967,-35.417922176727345,50,111
Canberra–Queanbeyan,87be72c10ffffff,149.13602494320673,-35.394108075002,50,177
Canberra–Queanbeyan,87be72c10ffffff,149.14228413137707,-35.40220197545964,50,177
Canberra–Queanbeyan,87be72c10ffffff,149.1427905654482,-35.40823039362906,50,177
Canberra–Queanbeyan,87be72c10ffffff,149.16096624120726,-35.39775120701503,50,177
Canberra–Queanbeyan,87be72c11ffffff,149.10978489929335,-35.41265719990996,50,99
Canberra–Queanbeyan,87be72c11ffffff,149.1279936979172,-35.4128401506235,50,99
Canberra–Queanbeyan,87be72c12ffffff,149.16917787810405,-35.38276533226933,50,42
Canberra–Queanbeyan,87be72c13ffffff,149.12535212349295,-35.37904517800232,50,50
Canberra–Queanbeyan,87be72c18ffffff,149.06679624287767,-35.38993616907231,50,226
Canberra–Queanbeyan,87be72c18ffffff,149.07551078266968,-35.392882676228076,50,226
Canberra–Queanbeyan,87be72c18ffffff,149.08032107616626,-35.39514763957125,50,226
Canberra–Queanbeyan,87be72c18ffffff,149.0806301166263,-35.397896328707766,50,226
Canberra–Queanbeyan,87be72c18ffffff,149.08160428355728,-35.38170521987704,50,226
Canberra–Queanbeyan,87be72c19ffffff,149.03804612272305,-35.39118001112956,50,52
Canberra–Queanbeyan,87be72c1affffff,149.06908964177242,-35.36781759652668,50,303
Canberra–Queanbeyan,87be72c1affffff,149.07855263934772,-35.37326511298444,50,303
Canberra–Queanbeyan,87be72c1affffff,149.0785660958721,-35.371179566511344,50,303
Canberra–Queanbeyan,87be72c1affffff,149.0851110489592,-35.378145408803604,50,303
Canberra–Queanbeyan,87be72c1affffff,149.0888086945811,-35.371168716662815,50,303
Canberra–Queanbeyan,87be72c1affffff,149.09048951189862,-35.3754527655805,50,303
Canberra–Queanbeyan,87be72c1bffffff,149.05335904850656,-35.376888671210445,50,85
Canberra–Queanbeyan,87be72c1bffffff,149.06624334368914,-35.367716551959305,50,85
Canberra–Queanbeyan,87be72c1cffffff,149.08281467914315,-35.40036439206616,50,233
Canberra–Queanbeyan,87be72c1cffffff,149.08393074300147,-35.403510312082666,50,233
Canberra–Queanbeyan,87be72c1cffffff,149.08423847418385,-35.41469315497869,50,233
Canberra–Queanbeyan,87be72c1cffffff,149.0933931786631,-35.399053206886755,50,233
Canberra–Queanbeyan,87be72c1cffffff,149.0957039155979,-35.40532447578113,50,233
Canberra–Queanbeyan,87be72c1dffffff,149.06228994521535,-35.42127838195738,50,133
Canberra–Queanbeyan,87be72c1dffffff,149.06914817859408,-35.4070688483555,50,133
Canberra–Queanbeyan,87be72c1dffffff,149.06916741233405,-35.42252311246337,50,133
Canberra–Queanbeyan,87be72c1effffff,149.09071760748995,-35.38817756906859,50,254
Canberra–Queanbeyan,87be72c1effffff,149.09409929801225,-35.38009777248082,50,254
Canberra–Queanbeyan,87be72c1effffff,149.09731933103436,-35.37406746087539,50,254
Canberra–Queanbeyan,87be72c1effffff,149.11383521238548,-35.388700062405796,50,254
Canberra–Queanbeyan,87be72c1effffff,149.11550199140407,-35.38828648431334,50,254
Canberra–Queanbeyan,87be72c80ffffff,149.16697990021237,-35.292581743018985,50,148
Canberra–Queanbeyan,87be72c80ffffff,149.16762341086107,-35.28279136374105,50,148
Canberra–Queanbeyan,87be72c80ffffff,149.1728180255029,-35.29944108169912,50,148
Canberra–Queanbeyan,87be72c81ffffff,149.1242355095092,-35.288646979892995,50,768
Canberra–Queanbeyan,87be72c81ffffff,149.12720070997798,-35.289463761527884,50,768
Canberra–Queanbeyan,87be72c81ffffff,149.12844388731438,-35.298135374375406,50,768
Canberra–Queanbeyan,87be72c81ffffff,149.13456613867058,-35.2859256291884,50,768
Canberra–Queanbeyan,87be72c81ffffff,149.13642594218356,-35.2933355520519,50,768
Canberra–Queanbeyan,87be72c81ffffff,149.14102038734933,-35.28965511063377,50,768
Canberra–Queanbeyan,87be72c81ffffff,149.14261160907455,-35.29146546123537,50,768
Canberra–Queanbeyan,87be72c81ffffff,149.14268591770062,-35.28656787419682,50,768
Canberra–Queanbeyan,87be72c81ffffff,149.14562665448014,-35.289176820461485,50,768
Canberra–Queanbeyan,87be72c81ffffff,149.14762305540754,-35.28407917850305,50,768
Canberra–Queanbeyan,87be72c81ffffff,149.14945168886285,-35.296186858837615,50,768
Canberra–Queanbeyan,87be72c81ffffff,149.1494771386198,-35.29404908055769,50,768
Canberra–Queanbeyan,87be72c81ffffff,149.15065876405131,-35.29917635062622,50,768
Canberra–Queanbeyan,87be72c81ffffff,149.15250508890432,-35.2885970780168,50,768
Canberra–Queanbeyan,87be72c81ffffff,149.15444951514368,-35.29800487967893,50,768
Canberra–Queanbeyan,87be72c83ffffff,149.1351389678004,-35.268191552135214,50,1336
Canberra–Queanbeyan,87be72c83ffffff,149.13548317490427,-35.27051645365996,50,1336
Canberra–Queanbeyan,87be72c83ffffff,149.13563371956494,-35.26687484154469,50,1336
Canberra–Queanbeyan,87be72c83ffffff,149.13797734628054,-35.27064978608173,50,1336
Canberra–Queanbeyan,87be72c83ffffff,149.13819464794858,-35.27627651372552,50,1336
Canberra–Queanbeyan,87be72c83ffffff,149.13911294831337,-35.267390499930656,50,1336
Canberra–Queanbeyan,87be72c83ffffff,149.14057495212091,-35.26467745133568,50,1336
Canberra–Queanbeyan,87be72c83ffffff,149.14254423971997,-35.27157343187085,50,1336
Canberra–Queanbeyan,87be72c83ffffff,149.1447599066914,-35.271650629095994,50,1336
Canberra–Queanbeyan,87be72c83ffffff,149.14509621528202,-35.266028607731286,50,1336
Canberra–Queanbeyan,87be72c83ffffff,149.14536556170162,-35.26078871452573,50,1336
Canberra–Queanbeyan,87be72c83ffffff,149.14565024325984,-35.27543112151609,50,1336
Canberra–Queanbeyan,87be72c83ffffff,149.14600871463392,-35.26945743927505,50,1336
Canberra–Queanbeyan,87be72c83ffffff,149.14621524862605,-35.273728454746255,50,1336
Canberra–Queanbeyan,87be72c83ffffff,149.14621644845505,-35.27678131184156,50,1336
Canberra–Queanbeyan,87be72c83ffffff,149.1470635080422,-35.270790260267596,50,1336
Canberra–Queanbeyan,87be72c83ffffff,149.14743698911636,-35.27998086660453,50,1336
Canberra–Queanbeyan,87be72c83ffffff,149.1478529684921,-35.2777014368528,50,1336
Canberra–Queanbeyan,87be72c83ffffff,149.14788333416087,-35.27520666421525,50,1336
Canberra–Queanbeyan,87be72c83ffffff,149.14842683677327,-35.27187069394792,50,1336
Canberra–Queanbeyan,87be72c83ffffff,149.1495340677604,-35.27675243119892,50,1336
Canberra–Queanbeyan,87be72c83ffffff,149.14965458798846,-35.279619222140134,50,1336
Canberra–Queanbeyan,87be72c83ffffff,149.15063546383269,-35.26777436462901,50,1336
Canberra–Queanbeyan,87be72c83ffffff,149.15104097306758,-35.27504871019028,50,1336
Canberra–Queanbeyan,87be72c83ffffff,149.15137140730005,-35.26434672646973,50,1336
Canberra–Queanbeyan,87be72c83ffffff,149.15261172982366,-35.2605736429366,50,1336
Canberra–Queanbeyan,87be72c83ffffff,149.15493465770777,-35.26177792402657,50,1336
Canberra–Queanbeyan,87be72c84ffffff,149.1780292330076,-35.3145422159362,50,384
Canberra–Queanbeyan,87be72c84ffffff,149.18126490527513,-35.316187407618024,50,384
Canberra–Queanbeyan,87be72c84ffffff,149.18854145867476,-35.30508795597904,50,384
Canberra–Queanbeyan,87be72c84ffffff,149.19013384105511,-35.30828046692195,50,384
Canberra–Queanbeyan,87be72c84ffffff,149.1915038355854,-35.301640276371714,50,384
Canberra–Queanbeyan,87be72c84ffffff,149.19427274796874,-35.29782987337232,50,384
Canberra–Queanbeyan,87be72c84ffffff,149.1959269651066,-35.2974935721286,50,384
Canberra–Queanbeyan,87be72c84ffffff,149.19810966148188,-35.31170625874718,50,384
Canberra–Queanbeyan,87be72c85ffffff,149.14383243641961,-35.311708824517304,50,4927
Canberra–Queanbeyan,87be72c85ffffff,149.14479145162912,-35.31544031313556,50,4927
Canberra–Queanbeyan,87be72c85ffffff,149.1453505781858,-35.320061429415226,50,4927
Canberra–Queanbeyan,87be72c85ffffff,149.14591428593755,-35.30995800970411,50,4927
Canberra–Queanbeyan,87be72c85ffffff,149.14627382744627,-35.3182873881986,50,4927
Canberra–Queanbeyan,87be72c85ffffff,149.14710569084238,-35.316703393229574,50,4927
Canberra–Queanbeyan,87be72c85ffffff,149.14715753259932,-35.31999793805468,50,4927
Canberra–Queanbeyan,87be72c85ffffff,149.14720063144424,-35.31160722661983,50,4927
Canberra–Queanbeyan,87be72c85ffffff,149.1476619556941,-35.30580218295106,50,4927
Canberra–Queanbeyan,87be72c85ffffff,149.1485163345076,-35.31810891259052,50,4927
Canberra–Queanbeyan,87be72c85ffffff,149.14869120657508,-35.319476913723186,50,4927
Canberra–Queanbeyan,87be72c85ffffff,149.14887311224993,-35.32129176369359,50,4927
Canberra–Queanbeyan,87be72c85ffffff,149.14899750629397,-35.311515923257076,50,4927
Canberra–Queanbeyan,87be72c85ffffff,149.14919610015545,-35.307668443015615,50,4927
Canberra–Queanbeyan,87be72c85ffffff,149.1495125303597,-35.303759792519166,50,4927
Canberra–Queanbeyan,87be72c85ffffff,149.15019622788452,-35.317109188091244,50,4927
Canberra–Queanbeyan,87be72c85ffffff,149.15105070993448,-35.31483399377339,50,4927
Canberra–Queanbeyan,87be72c85ffffff,149.15146978972982,-35.31181299423308,50,4927
Canberra–Queanbeyan,87be72c85ffffff,149.15162114565302,-35.30736240592108,50,4927
Canberra–Queanbeyan,87be72c85ffffff,149.1517215308367,-35.31015007414134,50,4927
Canberra–Queanbeyan,87be72c85ffffff,149.15182192036656,-35.30484526241714,50,4927
Canberra–Queanbeyan,87be72c85ffffff,149.15185018624624,-35.30136207008276,50,4927
Canberra–Queanbeyan,87be72c85ffffff,149.15202045394525,-35.32204846776734,50,4927
Canberra–Queanbeyan,87be72c85ffffff,149.1521400308504,-35.31663886872831,50,4927
Canberra–Queanbeyan,87be72c85ffffff,149.1522891223679,-35.320088010257656,50,4927
Canberra–Queanbeyan,87be72c85ffffff,149.15272792942272,-35.30320174545245,50,4927
Canberra–Queanbeyan,87be72c85ffffff,149.15311231681758,-35.30926437925102,50,4927
Canberra–Queanbeyan,87be72c85ffffff,149.153232904352,-35.30652791136248,50,4927
Canberra–Queanbeyan,87be72c85ffffff,149.153299934127,-35.29997386768939,50,4927
Canberra–Queanbeyan,87be72c85ffffff,149.15357722732358,-35.301990664298096,50,4927
Canberra–Queanbeyan,87be72c85ffffff,149.15382494195677,-35.31704092972311,50,4927
Canberra–Queanbeyan,87be72c85ffffff,149.15384883944188,-35.3205556517459,50,4927
Canberra–Queanbeyan,87be72c85ffffff,149.1540857397255,-35.31317378586899,50,4927
Canberra–Queanbeyan,87be72c85ffffff,149.15497506534464,-35.311870150601585,50,4927
Canberra–Queanbeyan,87be72c85ffffff,149.15508351067177,-35.30571110014104,50,4927
Canberra–Queanbeyan,87be72c85ffffff,149.15524024038592,-35.303566029154965,50,4927
Canberra–Queanbeyan,87be72c85ffffff,149.1554723863379,-35.302162197199,50,4927
Canberra–Queanbeyan,87be72c85ffffff,149.1558177602178,-35.314768076364736,50,4927
Canberra–Queanbeyan,87be72c85ffffff,149.15609707628354,-35.319069019828675,50,4927
Canberra–Queanbeyan,87be72c85ffffff,149.15613689338505,-35.310750494562605,50,4927
Canberra–Queanbeyan,87be72c85ffffff,149.15694652642532,-35.3176187134297,50,4927
Canberra–Queanbeyan,87be72c85ffffff,149.1572499296929,-35.304277737904634,50,4927
Canberra–Queanbeyan,87be72c85ffffff,149.15750635233297,-35.31297978944831,50,4927
Canberra–Queanbeyan,87be72c85ffffff,149.15751153867458,-35.30758840828745,50,4927
Canberra–Queanbeyan,87be72c85ffffff,149.15752797541117,-35.32336042571929,50,4927
Canberra–Queanbeyan,87be72c85ffffff,149.1576122652369,-35.3093948441784,50,4927
Canberra–Queanbeyan,87be72c85ffffff,149.15786401017272,-35.315773812151626,50,4927
Canberra–Queanbeyan,87be72c85ffffff,149.1579409219576,-35.30295820873526,50,4927
Canberra–Queanbeyan,87be72c85ffffff,149.15891082309162,-35.3195805620483,50,4927
Canberra–Queanbeyan,87be72c85ffffff,149.15910154170402,-35.29975823938598,50,4927
Canberra–Queanbeyan,87be72c85ffffff,149.15931641257768,-35.30118143474987,50,4927
Canberra–Queanbeyan,87be72c85ffffff,149.15932875711724,-35.31503885088426,50,4927
Canberra–Queanbeyan,87be72c85ffffff,149.15958349411184,-35.30583651780922,50,4927
Canberra–Queanbeyan,87be72c85ffffff,149.15961134347768,-35.32120781335143,50,4927
Canberra–Queanbeyan,87be72c85ffffff,149.1597212638756,-35.316627875288304,50,4927
Canberra–Queanbeyan,87be72c85ffffff,149.16008028366835,-35.30276126597523,50,4927
Canberra–Queanbeyan,87be72c85ffffff,149.16071042276997,-35.31880617196848,50,4927
Canberra–Queanbeyan,87be72c85ffffff,149.16102708864645,-35.30473064628392,50,4927
Canberra–Queanbeyan,87be72c85ffffff,149.16106532919966,-35.313797550688825,50,4927
Canberra–Queanbeyan,87be72c85ffffff,149.16114504130047,-35.311109778961736,50,4927
Canberra–Queanbeyan,87be72c85ffffff,149.16118768738338,-35.3242903587418,50,4927
Canberra–Queanbeyan,87be72c85ffffff,149.16122515315212,-35.32023061543961,50,4927
Canberra–Queanbeyan,87be72c85ffffff,149.16162063267473,-35.306615566911184,50,4927
Canberra–Queanbeyan,87be72c85ffffff,149.16198831674822,-35.321715158948386,50,4927
Canberra–Queanbeyan,87be72c85ffffff,149.16260854416925,-35.30222459085818,50,4927
Canberra–Queanbeyan,87be72c85ffffff,149.16281054137565,-35.322967510731374,50,4927
Canberra–Queanbeyan,87be72c85ffffff,149.16285527751347,-35.31285414670709,50,4927
Canberra–Queanbeyan,87be72c85ffffff,149.16298546768166,-35.320364892636675,50,4927
Canberra–Queanbeyan,87be72c85ffffff,149.1633792878989,-35.315028262237455,50,4927
Canberra–Queanbeyan,87be72c85ffffff,149.1634543198711,-35.310298868740645,50,4927
Canberra–Queanbeyan,87be72c85ffffff,149.1635606614775,-35.318746122361,50,4927
Canberra–Queanbeyan,87be72c85ffffff,149.16376255999884,-35.31653274495951,50,4927
Canberra–Queanbeyan,87be72c85ffffff,149.16398830710892,-35.30453320881853,50,4927
Canberra–Queanbeyan,87be72c85ffffff,149.16449017185528,-35.30758117075119,50,4927
Canberra–Queanbeyan,87be72c85ffffff,149.16503018829306,-35.3223785320803,50,4927
Canberra–Queanbeyan,87be72c85ffffff,149.16510308959664,-35.302454372749416,50,4927
Canberra–Queanbeyan,87be72c85ffffff,149.16518720960931,-35.31277070440335,50,4927
Canberra–Queanbeyan,87be72c85ffffff,149.16546242841704,-35.316545569903184,50,4927
Canberra–Queanbeyan,87be72c85ffffff,149.16561613329068,-35.31958918038775,50,4927
Canberra–Queanbeyan,87be72c85ffffff,149.16563293059244,-35.31452147249455,50,4927
Canberra–Queanbeyan,87be72c85ffffff,149.16634947800443,-35.31103360745117,50,4927
Canberra–Queanbeyan,87be72c85ffffff,149.16668213068604,-35.309140734890164,50,4927
Canberra–Queanbeyan,87be72c85ffffff,149.16681236554106,-35.30216402515912,50,4927
Canberra–Queanbeyan,87be72c85ffffff,149.16765951824434,-35.30356617624726,50,4927
Canberra–Queanbeyan,87be72c85ffffff,149.1680187682192,-35.31516380302456,50,4927
Canberra–Queanbeyan,87be72c85ffffff,149.16817050956004,-35.31377427371011,50,4927
Canberra–Queanbeyan,87be72c85ffffff,149.16818643903264,-35.31713746996064,50,4927
Canberra–Queanbeyan,87be72c85ffffff,149.16837941834692,-35.307973127441,50,4927
Canberra–Queanbeyan,87be72c85ffffff,149.16849053172874,-35.32043899363395,50,4927
Canberra–Queanbeyan,87be72c85ffffff,149.16943699598326,-35.310004649062655,50,4927
Canberra–Queanbeyan,87be72c85ffffff,149.1695962163544,-35.316113773321995,50,4927
Canberra–Queanbeyan,87be72c85ffffff,149.16976605050533,-35.31955858844562,50,4927
Canberra–Queanbeyan,87be72c85ffffff,149.1702600302522,-35.302769615841434,50,4927
Canberra–Queanbeyan,87be72c85ffffff,149.17048461411946,-35.30439741999079,50,4927
Canberra–Queanbeyan,87be72c85ffffff,149.17074805378886,-35.31800936199941,50,4927
Canberra–Queanbeyan,87be72c85ffffff,149.17172232550703,-35.31464356802071,50,4927
Canberra–Queanbeyan,87be72c85ffffff,149.17179380222248,-35.30895030738244,50,4927
Canberra–Queanbeyan,87be72c85ffffff,149.17249356671127,-35.31101625200343,50,4927
Canberra–Queanbeyan,87be72c85ffffff,149.17343825598064,-35.31577229505882,50,4927
Canberra–Queanbeyan,87be72c88ffffff,149.09592655005173,-35.2872449667969,50,49
Canberra–Queanbeyan,87be72c8affffff,149.08638766864323,-35.25841926418152,50,792
Canberra–Queanbeyan,87be72c8affffff,149.08850138979616,-35.2528197457759,50,792
Canberra–Queanbeyan,87be72c8affffff,149.09082358712718,-35.25692568138622,50,792
Canberra–Queanbeyan,87be72c8affffff,149.09227497386053,-35.25758076700404,50,792
Canberra–Queanbeyan,87be72c8affffff,149.0964069463873,-35.25365818002067,50,792
Canberra–Queanbeyan,87be72c8affffff,149.09693407334169,-35.250929818537486,50,792
Canberra–Queanbeyan,87be72c8affffff,149.09706564662326,-35.25489977364027,50,792
Canberra–Queanbeyan,87be72c8affffff,149.09757696596608,-35.24419815086266,50,792
Canberra–Queanbeyan,87be72c8affffff,149.10094964984935,-35.259561617674656,50,792
Canberra–Queanbeyan,87be72c8affffff,149.10209519654336,-35.24621407329286,50,792
Canberra–Queanbeyan,87be72c8affffff,149.10805913864257,-35.247667582843064,50,792
Canberra–Queanbeyan,87be72c8affffff,149.11076154397634,-35.24966773854983,50,792
Canberra–Queanbeyan,87be72c8affffff,149.11107203021226,-35.258169681357444,50,792
Canberra–Queanbeyan,87be72c8affffff,149.11308031674892,-35.261541693247615,50,792
Canberra–Queanbeyan,87be72c8affffff,149.113437147488,-35.25870106294313,50,792
Canberra–Queanbeyan,87be72c8affffff,149.11511523190177,-35.26218396209168,50,792
Canberra–Queanbeyan,87be72c8bffffff,149.05746441426598,-35.25882622609271,50,2294
Canberra–Queanbeyan,87be72c8bffffff,149.0581936567174,-35.2563849444888,50,2294
Canberra–Queanbeyan,87be72c8bffffff,149.06044859835137,-35.26113023146204,50,2294
Canberra–Queanbeyan,87be72c8bffffff,149.06126221110281,-35.25974887216222,50,2294
Canberra–Queanbeyan,87be72c8bffffff,149.0625898987455,-35.257767856984856,50,2294
Canberra–Queanbeyan,87be72c8bffffff,149.0625899584502,-35.262183847601435,50,2294
Canberra–Queanbeyan,87be72c8bffffff,149.06330996684056,-35.26353288625937,50,2294
Canberra–Queanbeyan,87be72c8bffffff,149.0635266811013,-35.25398154724396,50,2294
Canberra–Queanbeyan,87be72c8bffffff,149.06391355454403,-35.25644327543707,50,2294
Canberra–Queanbeyan,87be72c8bffffff,149.06441924541264,-35.25872327666179,50,2294
Canberra–Queanbeyan,87be72c8bffffff,149.06505170761184,-35.25158619841323,50,2294
Canberra–Queanbeyan,87be72c8bffffff,149.06520403149517,-35.261515109496436,50,2294
Canberra–Queanbeyan,87be72c8bffffff,149.06531114353888,-35.26347126365925,50,2294
Canberra–Queanbeyan,87be72c8bffffff,149.06554321622977,-35.25382151808538,50,2294
Canberra–Queanbeyan,87be72c8bffffff,149.06684667754465,-35.2586814686695,50,2294
Canberra–Queanbeyan,87be72c8bffffff,149.06705018926434,-35.2632438075212,50,2294
Canberra–Queanbeyan,87be72c8bffffff,149.0674124311661,-35.26112725292636,50,2294
Canberra–Queanbeyan,87be72c8bffffff,149.06756599409815,-35.255423889953654,50,2294
Canberra–Queanbeyan,87be72c8bffffff,149.06770592586327,-35.25209509492543,50,2294
Canberra–Queanbeyan,87be72c8bffffff,149.06822145889865,-35.24931130057894,50,2294
Canberra–Queanbeyan,87be72c8bffffff,149.06959756951034,-35.25721535019549,50,2294
Canberra–Queanbeyan,87be72c8bffffff,149.06974322340497,-35.2588116281716,50,2294
Canberra–Queanbeyan,87be72c8bffffff,149.07026036452697,-35.251758770546125,50,2294
Canberra–Queanbeyan,87be72c8bffffff,149.07047705158013,-35.260333036653805,50,2294
Canberra–Queanbeyan,87be72c8bffffff,149.07144085374694,-35.26479793770497,50,2294
Canberra–Queanbeyan,87be72c8bffffff,149.07177556950452,-35.25936873747221,50,2294
Canberra–Queanbeyan,87be72c8bffffff,149.07240268095796,-35.25307318913472,50,2294
Canberra–Queanbeyan,87be72c8bffffff,149.0725000301791,-35.255430543513484,50,2294
Canberra–Queanbeyan,87be72c8bffffff,149.07293037149506,-35.26060826971255,50,2294
Canberra–Queanbeyan,87be72c8bffffff,149.07381986919702,-35.2622630955552,50,2294
Canberra–Queanbeyan,87be72c8bffffff,149.07436664450498,-35.25330281076148,50,2294
Canberra–Queanbeyan,87be72c8bffffff,149.07469709604666,-35.25169604286215,50,2294
Canberra–Queanbeyan,87be72c8bffffff,149.07673103679767,-35.26204551178043,50,2294
Canberra–Queanbeyan,87be72c8bffffff,149.07703872836817,-35.25634964968599,50,2294
Canberra–Queanbeyan,87be72c8bffffff,149.07851127385138,-35.258271369661884,50,2294
Canberra–Queanbeyan,87be72c8bffffff,149.0793721607918,-35.25689264709116,50,2294
Canberra–Queanbeyan,87be72c8bffffff,149.07976311246776,-35.25226985591606,50,2294
Canberra–Queanbeyan,87be72c8bffffff,149.08043805380072,-35.25467847413881,50,2294
Canberra–Queanbeyan,87be72c8bffffff,149.08075603864958,-35.2593234293427,50,2294
Canberra–Queanbeyan,87be72c8bffffff,149.08154410887113,-35.263700062523604,50,2294
Canberra–Queanbeyan,87be72c8bffffff,149.08191431322288,-35.2532859235692,50,2294
Canberra–Queanbeyan,87be72c8bffffff,149.08295265248168,-35.25651231215627,50,2294
Canberra–Queanbeyan,87be72c8bffffff,149.08343067385172,-35.26380980530764,50,2294
Canberra–Queanbeyan,87be72c8bffffff,149.08389462453465,-35.2548688973996,50,2294
Canberra–Queanbeyan,87be72c8bffffff,149.08434481828874,-35.25782288455435,50,2294
Canberra–Queanbeyan,87be72c8bffffff,149.085391912174,-35.26108105333291,50,2294
Canberra–Queanbeyan,87be72c8cffffff,149.10067857939472,-35.297236843949385,50,557
Canberra–Queanbeyan,87be72c8cffffff,149.10182584238945,-35.301730807469625,50,557
Canberra–Queanbeyan,87be72c8cffffff,149.10201446573637,-35.30817086517098,50,557
Canberra–Queanbeyan,87be72c8cffffff,149.10624623460376,-35.29917822580197,50,557
Canberra–Queanbeyan,87be72c8cffffff,149.11177041869362,-35.30099872887314,50,557
Canberra–Queanbeyan,87be72c8cffffff,149.11311087755283,-35.29061351194707,50,557
Canberra–Queanbeyan,87be72c8cffffff,149.11358837914847,-35.30206377239588,50,557
Canberra–Queanbeyan,87be72c8cffffff,149.11458346454327,-35.30970813390723,50,557
Canberra–Queanbeyan,87be72c8cffffff,149.11485335718612,-35.29095470751256,50,557
Canberra–Queanbeyan,87be72c8cffffff,149.11566430470734,-35.29543878275961,50,557
Canberra–Queanbeyan,87be72c8cffffff,149.11856100232404,-35.30022686683942,50,557
Canberra–Queanbeyan,87be72c8dffffff,149.0714190987877,-35.30367899671077,50,133
Canberra–Queanbeyan,87be72c8dffffff,149.08919265534493,-35.292952141110575,50,133
Canberra–Queanbeyan,87be72c8dffffff,149.09299737630414,-35.30094906090505,50,133
Canberra–Queanbeyan,87be72c8effffff,149.1088782860936,-35.28523197684309,50,629
Canberra–Queanbeyan,87be72c8effffff,149.1094163054405,-35.28253996992228,50,629
Canberra–Queanbeyan,87be72c8effffff,149.11956749554054,-35.28064073215453,50,629
Canberra–Queanbeyan,87be72c8effffff,149.11984971846314,-35.27924614512485,50,629
Canberra–Queanbeyan,87be72c8effffff,149.1215233060232,-35.27412465349506,50,629
Canberra–Queanbeyan,87be72c8effffff,149.12225607055132,-35.26788300259758,50,629
Canberra–Queanbeyan,87be72c8effffff,149.12309967210004,-35.285771661000645,50,629
Canberra–Queanbeyan,87be72c8effffff,149.1233222789882,-35.2813137381116,50,629
Canberra–Queanbeyan,87be72c8effffff,149.12555554588488,-35.285710597413285,50,629
Canberra–Queanbeyan,87be72c8effffff,149.1275179763412,-35.269022144052784,50,629
Canberra–Queanbeyan,87be72c8effffff,149.130034179898,-35.27279763314181,50,629
Canberra–Queanbeyan,87be72c8effffff,149.13260327878177,-35.27760886635118,50,629
Canberra–Queanbeyan,87be72c8effffff,149.13438131745457,-35.28089380441503,50,629
Canberra–Queanbeyan,87be72c98ffffff,149.13574268498658,-35.23125074232097,50,90
Canberra–Queanbeyan,87be72c98ffffff,149.14020288300935,-35.2266672723416,50,90
Canberra–Queanbeyan,87be72c99ffffff,149.10025523595732,-35.24329547538837,50,299
Canberra–Queanbeyan,87be72c99ffffff,149.1095496864119,-35.227410255308406,50,299
Canberra–Queanbeyan,87be72c99ffffff,149.11055984558845,-35.222855994212495,50,299
Canberra–Queanbeyan,87be72c99ffffff,149.11521525053027,-35.23023152403152,50,299
Canberra–Queanbeyan,87be72c99ffffff,149.11823162576874,-35.24252448013514,50,299
Canberra–Queanbeyan,87be72c99ffffff,149.1209425289001,-35.24035425617423,50,299
Canberra–Queanbeyan,87be72c9affffff,149.15024269210267,-35.212480409189475,50,153
Canberra–Queanbeyan,87be72c9affffff,149.15122129986872,-35.196310246594734,50,153
Canberra–Queanbeyan,87be72c9affffff,149.15207996443485,-35.20338537195616,50,153
Canberra–Queanbeyan,87be72c9bffffff,149.1082441839113,-35.205317901126996,50,307
Canberra–Queanbeyan,87be72c9bffffff,149.12350785681247,-35.21142254625315,50,307
Canberra–Queanbeyan,87be72c9bffffff,149.12654532794636,-35.20171640266109,50,307
Canberra–Queanbeyan,87be72c9bffffff,149.1295330529556,-35.220009975153445,50,307
Canberra–Queanbeyan,87be72c9bffffff,149.12975961897655,-35.20889959216843,50,307
Canberra–Queanbeyan,87be72c9bffffff,149.1312097487058,-35.20493088309746,50,307
Canberra–Queanbeyan,87be72c9cffffff,149.1440451602807,-35.24919564919218,50,1426
Canberra–Queanbeyan,87be72c9cffffff,149.14502043620337,-35.241738079923685,50,1426
Canberra–Queanbeyan,87be72c9cffffff,149.14573259307622,-35.25245778966694,50,1426
Canberra–Queanbeyan,87be72c9cffffff,149.14596481657247,-35.25642071445514,50,1426
Canberra–Queanbeyan,87be72c9cffffff,149.1471599039526,-35.244349965642606,50,1426
Canberra–Queanbeyan,87be72c9cffffff,149.14899382201375,-35.2510347055864,50,1426
Canberra–Queanbeyan,87be72c9cffffff,149.14922090116968,-35.24798167912946,50,1426
Canberra–Queanbeyan,87be72c9cffffff,149.1516944212124,-35.25125786361687,50,1426
Canberra–Queanbeyan,87be72c9cffffff,149.15208402540864,-35.256182601217574,50,1426
Canberra–Queanbeyan,87be72c9cffffff,149.152434805202,-35.23960035207856,50,1426
Canberra–Queanbeyan,87be72c9cffffff,149.15314866011653,-35.25003838239459,50,1426
Canberra–Queanbeyan,87be72c9cffffff,149.1537682842344,-35.24182251129362,50,1426
Canberra–Queanbeyan,87be72c9cffffff,149.15382099910252,-35.254677358866495,50,1426
Canberra–Queanbeyan,87be72c9cffffff,149.1558481483958,-35.25432255279294,50,1426
Canberra–Queanbeyan,87be72c9cffffff,149.15739701068247,-35.24442043062982,50,1426
Canberra–Queanbeyan,87be72c9cffffff,149.15758171938407,-35.24132907186782,50,1426
Canberra–Queanbeyan,87be72c9cffffff,149.15823501331852,-35.24703787277902,50,1426
Canberra–Queanbeyan,87be72c9cffffff,149.15854283104744,-35.25297667477432,50,1426
Canberra–Queanbeyan,87be72c9cffffff,149.1593210044861,-35.25027525901172,50,1426
Canberra–Queanbeyan,87be72c9cffffff,149.16060674980056,-35.2514184803849,50,1426
Canberra–Queanbeyan,87be72c9cffffff,149.1618811315048,-35.25413911932203,50,1426
Canberra–Queanbeyan,87be72c9cffffff,149.16190867985057,-35.23727094005085,50,1426
Canberra–Queanbeyan,87be72c9cffffff,149.16213132220042,-35.24744851036242,50,1426
Canberra–Queanbeyan,87be72c9cffffff,149.16445788227065,-35.23790120467437,50,1426
Canberra–Queanbeyan,87be72c9cffffff,149.1649249252607,-35.25357030927582,50,1426
Canberra–Queanbeyan,87be72c9cffffff,149.16635329675668,-35.24895672355426,50,1426
Canberra–Queanbeyan,87be72c9cffffff,149.16638909061626,-35.244191329093596,50,1426
Canberra–Queanbeyan,87be72c9cffffff,149.16696594017418,-35.246841610644736,50,1426
Canberra–Queanbeyan,87be72c9cffffff,149.16741289034047,-35.23828281417358,50,1426
Canberra–Queanbeyan,87be72c9dffffff,149.11442924338297,-35.25040657070112,50,447
Canberra–Queanbeyan,87be72c9dffffff,149.11655384447297,-35.25281678191007,50,447
Canberra–Queanbeyan,87be72c9dffffff,149.12097993571086,-35.253193189889025,50,447
Canberra–Queanbeyan,87be72c9dffffff,149.12114341247892,-35.24554540184934,50,447
Canberra–Queanbeyan,87be72c9dffffff,149.1250322859482,-35.24478858531222,50,447
Canberra–Queanbeyan,87be72c9dffffff,149.1253544435627,-35.264038308700215,50,447
Canberra–Queanbeyan,87be72c9dffffff,149.13136528403098,-35.25454859669238,50,447
Canberra–Queanbeyan,87be72c9dffffff,149.13793318039623,-35.254615750474706,50,447
Canberra–Queanbeyan,87be72c9dffffff,149.1406109502205,-35.25874517566389,50,447
Canberra–Queanbeyan,87be72c9effffff,149.15350375599706,-35.223628618181344,50,721
Canberra–Queanbeyan,87be72c9effffff,149.15750864572618,-35.230034640367094,50,721
Canberra–Queanbeyan,87be72c9effffff,149.1576331838622,-35.23527859752825,50,721
Canberra–Queanbeyan,87be72c9effffff,149.1578644577564,-35.2215740038547,50,721
Canberra–Queanbeyan,87be72c9effffff,149.15899289741733,-35.22785503225078,50,721
Canberra–Queanbeyan,87be72c9effffff,149.16273685257855,-35.2350749196008,50,721
Canberra–Queanbeyan,87be72c9effffff,149.16434516477364,-35.2202285223894,50,721
Canberra–Queanbeyan,87be72c9effffff,149.16504342358556,-35.234890967653214,50,721
Canberra–Queanbeyan,87be72c9effffff,149.16712055925453,-35.21799957099474,50,721
Canberra–Queanbeyan,87be72c9effffff,149.167504786424,-35.22760038370854,50,721
Canberra–Queanbeyan,87be72c9effffff,149.16832922660873,-35.21472214372547,50,721
Canberra–Queanbeyan,87be72c9effffff,149.16834763972625,-35.23287263803127,50,721
Canberra–Queanbeyan,87be72c9effffff,149.1698690786763,-35.2169045471448,50,721
Canberra–Queanbeyan,87be72c9effffff,149.17874766634384,-35.21709617513583,50,721
Canberra–Queanbeyan,87be72ca0ffffff,149.1948011729627,-35.35350339059163,50,31
Canberra–Queanbeyan,87be72ca1ffffff,149.17878086156273,-35.350978831315096,50,52
Canberra–Queanbeyan,87be72ca3ffffff,149.17219963520384,-35.323876202319944,50,294
Canberra–Queanbeyan,87be72ca3ffffff,149.18077418352567,-35.338868603411086,50,294
Canberra–Queanbeyan,87be72ca3ffffff,149.1830206324099,-35.319297404094,50,294
Canberra–Queanbeyan,87be72ca3ffffff,149.18885609143277,-35.325627473413164,50,294
Canberra–Queanbeyan,87be72ca3ffffff,149.1903209033923,-35.33174218958969,50,294
Canberra–Queanbeyan,87be72ca3ffffff,149.19232268589514,-35.333181745048726,50,294
Canberra–Queanbeyan,87be72ca4ffffff,149.2255340452504,-35.35932027444859,50,23
Canberra–Queanbeyan,87be72ca5ffffff,149.17974900459504,-35.36574934397182,50,163
Canberra–Queanbeyan,87be72ca5ffffff,149.18461852578312,-35.36268919269209,50,163
Canberra–Queanbeyan,87be72ca5ffffff,149.19726629793118,-35.370258698971256,50,163
Canberra–Queanbeyan,87be72ca6ffffff,149.21707144884164,-35.34471426802879,50,65
Canberra–Queanbeyan,87be72ca8ffffff,149.10388625267043,-35.335201828464236,50,1211
Canberra–Queanbeyan,87be72ca8ffffff,149.10657496954911,-35.34541539038605,50,1211
Canberra–Queanbeyan,87be72ca8ffffff,149.1090368847126,-35.332553661187646,50,1211
Canberra–Queanbeyan,87be72ca8ffffff,149.1099381076072,-35.3483228796986,50,1211
Canberra–Queanbeyan,87be72ca8ffffff,149.11068318681617,-35.34006402098761,50,1211
Canberra–Queanbeyan,87be72ca8ffffff,149.11158333913417,-35.329465944313135,50,1211
Canberra–Queanbeyan,87be72ca8ffffff,149.1123900202543,-35.33634412851947,50,1211
Canberra–Queanbeyan,87be72ca8ffffff,149.11319119443127,-35.34576749738481,50,1211
Canberra–Queanbeyan,87be72ca8ffffff,149.1138025705249,-35.34958952191205,50,1211
Canberra–Queanbeyan,87be72ca8ffffff,149.11613708850714,-35.34437460947854,50,1211
Canberra–Queanbeyan,87be72ca8ffffff,149.11647990780378,-35.32960245838088,50,1211
Canberra–Queanbeyan,87be72ca8ffffff,149.11872627144618,-35.34567190009279,50,1211
Canberra–Queanbeyan,87be72ca8ffffff,149.12099968244445,-35.3419381228219,50,1211
Canberra–Queanbeyan,87be72ca8ffffff,149.12166076038284,-35.34832395570167,50,1211
Canberra–Queanbeyan,87be72ca8ffffff,149.12463604132964,-35.33316915900149,50,1211
Canberra–Queanbeyan,87be72ca8ffffff,149.12470203978825,-35.3470244206749,50,1211
Canberra–Queanbeyan,87be72ca8ffffff,149.12562697938552,-35.34479927628784,50,1211
Canberra–Queanbeyan,87be72ca8ffffff,149.12567517337155,-35.33589540873289,50,1211
Canberra–Queanbeyan,87be72ca8ffffff,149.12660801714063,-35.33179316081051,50,1211
Canberra–Queanbeyan,87be72ca8ffffff,149.1279870173016,-35.34304540706839,50,1211
Canberra–Queanbeyan,87be72ca8ffffff,149.13026198523752,-35.33524793609241,50,1211
Canberra–Queanbeyan,87be72ca8ffffff,149.13174110577452,-35.3400562812475,50,1211
Canberra–Queanbeyan,87be72ca8ffffff,149.13265386877868,-35.332230070890844,50,1211
Canberra–Queanbeyan,87be72ca8ffffff,149.13417895078047,-35.34479279500279,50,1211
Canberra–Queanbeyan,87be72ca9ffffff,149.07741736704702,-35.34422473729123,50,3300
Canberra–Queanbeyan,87be72ca9ffffff,149.07786303012406,-35.34629649013173,50,3300
Canberra–Queanbeyan,87be72ca9ffffff,149.0792897209532,-35.34525293498212,50,3300
Canberra–Queanbeyan,87be72ca9ffffff,149.07973551406351,-35.33677427622161,50,3300
Canberra–Queanbeyan,87be72ca9ffffff,149.0806193255218,-35.35104282323563,50,3300
Canberra–Queanbeyan,87be72ca9ffffff,149.0808837802211,-35.342124642068896,50,3300
Canberra–Queanbeyan,87be72ca9ffffff,149.08159751558824,-35.3474941549462,50,3300
Canberra–Queanbeyan,87be72ca9ffffff,149.08194520173586,-35.3356164206586,50,3300
Canberra–Queanbeyan,87be72ca9ffffff,149.0828266313936,-35.34547319617581,50,3300
Canberra–Queanbeyan,87be72ca9ffffff,149.08291357571306,-35.342019460562696,50,3300
Canberra–Queanbeyan,87be72ca9ffffff,149.08313500698702,-35.33407701537692,50,3300
Canberra–Queanbeyan,87be72ca9ffffff,149.08344554485913,-35.34390147939375,50,3300
Canberra–Queanbeyan,87be72ca9ffffff,149.08345363066206,-35.33836065797307,50,3300
Canberra–Queanbeyan,87be72ca9ffffff,149.08389083962263,-35.34755378630646,50,3300
Canberra–Queanbeyan,87be72ca9ffffff,149.08452973307487,-35.34594621041208,50,3300
Canberra–Queanbeyan,87be72ca9ffffff,149.0847227197459,-35.34985492587744,50,3300
Canberra–Queanbeyan,87be72ca9ffffff,149.08541364695898,-35.34054282505805,50,3300
Canberra–Queanbeyan,87be72ca9ffffff,149.08635293784297,-35.33172659368256,50,3300
Canberra–Queanbeyan,87be72ca9ffffff,149.08655214571033,-35.35058188660069,50,3300
Canberra–Queanbeyan,87be72ca9ffffff,149.0868066539917,-35.33883308391182,50,3300
Canberra–Queanbeyan,87be72ca9ffffff,149.08696616272763,-35.34407967278271,50,3300
Canberra–Queanbeyan,87be72ca9ffffff,149.08738229877207,-35.35384319211858,50,3300
Canberra–Queanbeyan,87be72ca9ffffff,149.0876119454341,-35.33672663051129,50,3300
Canberra–Queanbeyan,87be72ca9ffffff,149.08857372669584,-35.34923191251144,50,3300
Canberra–Queanbeyan,87be72ca9ffffff,149.0889279258188,-35.35301744135089,50,3300
Canberra–Queanbeyan,87be72ca9ffffff,149.08923214802618,-35.35135594506258,50,3300
Canberra–Queanbeyan,87be72ca9ffffff,149.0892435871546,-35.33522129354699,50,3300
Canberra–Queanbeyan,87be72ca9ffffff,149.08937424119583,-35.35482346707268,50,3300
Canberra–Queanbeyan,87be72ca9ffffff,149.0896503906958,-35.331226380274046,50,3300
Canberra–Queanbeyan,87be72ca9ffffff,149.09002189531915,-35.34453430951568,50,3300
Canberra–Queanbeyan,87be72ca9ffffff,149.09032452783495,-35.33295923162414,50,3300
Canberra–Queanbeyan,87be72ca9ffffff,149.09084830464357,-35.342434145821606,50,3300
Canberra–Queanbeyan,87be72ca9ffffff,149.090910119292,-35.33589161596897,50,3300
Canberra–Queanbeyan,87be72ca9ffffff,149.09103068827162,-35.337836391804224,50,3300
Canberra–Queanbeyan,87be72ca9ffffff,149.0918958647469,-35.35129413785967,50,3300
Canberra–Queanbeyan,87be72ca9ffffff,149.0920151664395,-35.34406319157174,50,3300
Canberra–Queanbeyan,87be72ca9ffffff,149.09235731210322,-35.34879646074732,50,3300
Canberra–Queanbeyan,87be72ca9ffffff,149.09281574214972,-35.342056781896495,50,3300
Canberra–Queanbeyan,87be72ca9ffffff,149.09295771636687,-35.3554204202896,50,3300
Canberra–Queanbeyan,87be72ca9ffffff,149.0940142723504,-35.34501851509703,50,3300
Canberra–Queanbeyan,87be72ca9ffffff,149.09455246858118,-35.33558494982045,50,3300
Canberra–Queanbeyan,87be72ca9ffffff,149.0947319743701,-35.350012469947636,50,3300
Canberra–Queanbeyan,87be72ca9ffffff,149.09474407777893,-35.34091933318016,50,3300
Canberra–Queanbeyan,87be72ca9ffffff,149.09529981313455,-35.35498769021077,50,3300
Canberra–Queanbeyan,87be72ca9ffffff,149.09533152461958,-35.33344717873869,50,3300
Canberra–Queanbeyan,87be72ca9ffffff,149.09599678943349,-35.34845530523843,50,3300
Canberra–Queanbeyan,87be72ca9ffffff,149.0962594349613,-35.34552790570952,50,3300
Canberra–Queanbeyan,87be72ca9ffffff,149.09673199068078,-35.35262443164935,50,3300
Canberra–Queanbeyan,87be72ca9ffffff,149.0968564706913,-35.341315105244135,50,3300
Canberra–Queanbeyan,87be72ca9ffffff,149.09752543608167,-35.334464924624434,50,3300
Canberra–Queanbeyan,87be72ca9ffffff,149.09757646164314,-35.34008854070879,50,3300
Canberra–Queanbeyan,87be72ca9ffffff,149.09785816355975,-35.34673518307076,50,3300
Canberra–Queanbeyan,87be72ca9ffffff,149.09828010377558,-35.335885671825714,50,3300
Canberra–Queanbeyan,87be72ca9ffffff,149.09837890775748,-35.35012263205474,50,3300
Canberra–Queanbeyan,87be72ca9ffffff,149.09885079148492,-35.341851501989474,50,3300
Canberra–Queanbeyan,87be72ca9ffffff,149.09895390503496,-35.33787533258202,50,3300
Canberra–Queanbeyan,87be72ca9ffffff,149.09961770064996,-35.34056511748577,50,3300
Canberra–Queanbeyan,87be72ca9ffffff,149.1003640266394,-35.344724272181224,50,3300
Canberra–Queanbeyan,87be72ca9ffffff,149.10073196133987,-35.3341789582628,50,3300
Canberra–Queanbeyan,87be72ca9ffffff,149.10146834850153,-35.34920276490103,50,3300
Canberra–Queanbeyan,87be72ca9ffffff,149.10161380182035,-35.33985083897491,50,3300
Canberra–Queanbeyan,87be72ca9ffffff,149.10342159872954,-35.34565859485568,50,3300
Canberra–Queanbeyan,87be72ca9ffffff,149.10349537166687,-35.34158471433353,50,3300
Canberra–Queanbeyan,87be72ca9ffffff,149.10366062569472,-35.34711244921494,50,3300
Canberra–Queanbeyan,87be72ca9ffffff,149.10379325551648,-35.33585811053411,50,3300
Canberra–Queanbeyan,87be72ca9ffffff,149.10609660562903,-35.34630718128528,50,3300
Canberra–Queanbeyan,87be72caaffffff,149.115654432961,-35.31163335453218,50,328
Canberra–Queanbeyan,87be72caaffffff,149.1182235854837,-35.31686064508732,50,328
Canberra–Queanbeyan,87be72caaffffff,149.12241575831817,-35.313685152593145,50,328
Canberra–Queanbeyan,87be72caaffffff,149.12362177911928,-35.31789729983264,50,328
Canberra–Queanbeyan,87be72caaffffff,149.12725151430584,-35.303534621618674,50,328
Canberra–Queanbeyan,87be72caaffffff,149.13574892643973,-35.32489096398015,50,328
Canberra–Queanbeyan,87be72caaffffff,149.13582492802954,-35.31535872668832,50,328
Canberra–Queanbeyan,87be72cabffffff,149.08540212652062,-35.32017264790771,50,559
Canberra–Queanbeyan,87be72cabffffff,149.0861849592207,-35.32299717248441,50,559
Canberra–Queanbeyan,87be72cabffffff,149.09130119252669,-35.3181185695789,50,559
Canberra–Queanbeyan,87be72cabffffff,149.0916693774053,-35.31622852202257,50,559
Canberra–Queanbeyan,87be72cabffffff,149.0917012758121,-35.31478270463981,50,559
Canberra–Queanbeyan,87be72cabffffff,149.10526434696897,-35.33114634070019,50,559
Canberra–Queanbeyan,87be72cabffffff,149.10622653446737,-35.317000670893414,50,559
Canberra–Queanbeyan,87be72cabffffff,149.1079118544992,-35.321228395103724,50,559
Canberra–Queanbeyan,87be72cabffffff,149.10910318442387,-35.31634240300533,50,559
Canberra–Queanbeyan,87be72cabffffff,149.11204443711108,-35.31232031276115,50,559
Canberra–Queanbeyan,87be72cabffffff,149.11402266457586,-35.31835641987581,50,559
Canberra–Queanbeyan,87be72cacffffff,149.12323945457788,-35.35343539815973,50,367
Canberra–Queanbeyan,87be72cacffffff,149.13576071597672,-35.35030123635603,50,367
Canberra–Queanbeyan,87be72cacffffff,149.13584849614108,-35.35360364471292,50,367
Canberra–Queanbeyan,87be72cacffffff,149.13854462659174,-35.36823908654858,50,367
Canberra–Queanbeyan,87be72cacffffff,149.1405931699887,-35.36953992755861,50,367
Canberra–Queanbeyan,87be72cacffffff,149.1509115042856,-35.352543756990215,50,367
Canberra–Queanbeyan,87be72cacffffff,149.1514465588786,-35.35492298860103,50,367
Canberra–Queanbeyan,87be72cadffffff,149.0990612426749,-35.36979174350264,50,313
Canberra–Queanbeyan,87be72cadffffff,149.10744817636063,-35.36448212489768,50,313
Canberra–Queanbeyan,87be72cadffffff,149.11237324287808,-35.36259617277042,50,313
Canberra–Queanbeyan,87be72cadffffff,149.11859151464296,-35.353450755741726,50,313
Canberra–Queanbeyan,87be72cadffffff,149.11990100546703,-35.35477870532178,50,313
Canberra–Queanbeyan,87be72cadffffff,149.12102248040262,-35.364240002938594,50,313
Canberra–Queanbeyan,87be72caeffffff,149.147396689913,-35.324988508355894,50,136
Canberra–Queanbeyan,87be72caeffffff,149.1505056716433,-35.341843951666355,50,136
Canberra–Queanbeyan,87be72caeffffff,149.15316617875806,-35.346121207397495,50,136
Canberra–Queanbeyan,87be72cd2ffffff,149.03402664670907,-35.25078662095042,50,97
Canberra–Queanbeyan,87be72cd2ffffff,149.03627547425768,-35.24619967019213,50,97
Canberra–Queanbeyan,87be72cd4ffffff,149.02168911023134,-35.294721868248736,50,32
Canberra–Queanbeyan,87be72cf0ffffff,149.02955556893355,-35.33562010749329,50,120
Canberra–Queanbeyan,87be72cf0ffffff,149.0522193587778,-35.331648708473466,50,120
Canberra–Queanbeyan,87be72cf3ffffff,149.01468242814275,-35.30609567950226,50,27
Canberra–Queanbeyan,87be72cf4ffffff,149.04789090191076,-35.3494226500228,50,975
Canberra–Queanbeyan,87be72cf4ffffff,149.04859345784385,-35.35358877198618,50,975
Canberra–Queanbeyan,87be72cf4ffffff,149.0494251656285,-35.34268344877195,50,975
Canberra–Queanbeyan,87be72cf4ffffff,149.05062703783491,-35.34103225867299,50,975
Canberra–Queanbeyan,87be72cf4ffffff,149.05346708592057,-35.3428641717725,50,975
Canberra–Queanbeyan,87be72cf4ffffff,149.05524349519882,-35.338373754321736,50,975
Canberra–Queanbeyan,87be72cf4ffffff,149.05611754623274,-35.35857015879703,50,975
Canberra–Queanbeyan,87be72cf4ffffff,149.05700221568426,-35.35581467113213,50,975
Canberra–Queanbeyan,87be72cf4ffffff,149.05713574965344,-35.35040683647867,50,975
Canberra–Queanbeyan,87be72cf4ffffff,149.05747257452467,-35.340719698334034,50,975
Canberra–Queanbeyan,87be72cf4ffffff,149.06239904982715,-35.35364999914859,50,975
Canberra–Queanbeyan,87be72cf4ffffff,149.06260555817627,-35.34089901685437,50,975
Canberra–Queanbeyan,87be72cf4ffffff,149.06399666487548,-35.34956802782551,50,975
Canberra–Queanbeyan,87be72cf4ffffff,149.06427013013658,-35.34217374361756,50,975
Canberra–Queanbeyan,87be72cf4ffffff,149.06728161129064,-35.34277901982471,50,975
Canberra–Queanbeyan,87be72cf4ffffff,149.06752362544043,-35.34452732431593,50,975
Canberra–Queanbeyan,87be72cf4ffffff,149.06954772829175,-35.34702509952339,50,975
Canberra–Queanbeyan,87be72cf4ffffff,149.07273634745272,-35.35405310162825,50,975
Canberra–Queanbeyan,87be72cf4ffffff,149.0746587393026,-35.34471825924428,50,975
Canberra–Queanbeyan,87be72cf4ffffff,149.0778797958757,-35.35278687905049,50,975
Canberra–Queanbeyan,87be72cf5ffffff,149.0350989610057,-35.36243558039059,50,270
Canberra–Queanbeyan,87be72cf5ffffff,149.03805544932123,-35.348908387171385,50,270
Canberra–Queanbeyan,87be72cf5ffffff,149.04005189498255,-35.35601282060291,50,270
Canberra–Queanbeyan,87be72cf5ffffff,149.04268964288175,-35.35162031705141,50,270
Canberra–Queanbeyan,87be72cf5ffffff,149.0463699670287,-35.35520562325179,50,270
Canberra–Queanbeyan,87be72cf6ffffff,149.0565542498936,-35.323892419277946,50,543
Canberra–Queanbeyan,87be72cf6ffffff,149.0582028911386,-35.327781321580005,50,543
Canberra–Queanbeyan,87be72cf6ffffff,149.06181385419833,-35.322836446979046,50,543
Canberra–Queanbeyan,87be72cf6ffffff,149.0653330276537,-35.31500560750294,50,543
Canberra–Queanbeyan,87be72cf6ffffff,149.06791724631088,-35.31940321666488,50,543
Canberra–Queanbeyan,87be72cf6ffffff,149.07000359054092,-35.337559945254114,50,543
Canberra–Queanbeyan,87be72cf6ffffff,149.0724282125399,-35.3355227197333,50,543
Canberra–Queanbeyan,87be72cf6ffffff,149.07794800298868,-35.334486251259364,50,543
Canberra–Queanbeyan,87be72cf6ffffff,149.0794987957994,-35.32114638665234,50,543
Canberra–Queanbeyan,87be72cf6ffffff,149.08088245718096,-35.3247714698551,50,543
Canberra–Queanbeyan,87be72cf6ffffff,149.0811068437783,-35.32647529145386,50,543
Canberra–Queanbeyan,87be72d8bffffff,149.1920068887609,-35.38816188788485,50,259
Canberra–Queanbeyan,87be72d8bffffff,149.19629193427846,-35.3956377221123,50,259
Canberra–Queanbeyan,87be72d8bffffff,149.2025600222653,-35.37789873048412,50,259
Canberra–Queanbeyan,87be72d8bffffff,149.2032642960461,-35.39848410196396,50,259
Canberra–Queanbeyan,87be72d8bffffff,149.2068067520525,-35.396313592472,50,259
Canberra–Queanbeyan,87be72d99ffffff,149.24344437126538,-35.36975833947304,50,53
Canberra–Queanbeyan,87be72d9bffffff,149.2510433262073,-35.33870683311615,50,23
Darwin,879450a48ffffff,130.8414111026294,-12.380755608696576,50,3221
Darwin,879450a48ffffff,130.84183560857912,-12.38212817550266,50,3221
Darwin,879450a48ffffff,130.8420074605947,-12.380109382163058,50,3221
Darwin,879450a48ffffff,130.84202888256576,-12.380942303377795,50,3221
Darwin,879450a48ffffff,130.8421371271206,-12.383331444277124,50,3221
Darwin,879450a48ffffff,130.84230338910254,-12.379195370612752,50,3221
Darwin,879450a48ffffff,130.8424735905872,-12.382340462615142,50,3221
Darwin,879450a48ffffff,130.84284552467088,-12.380205863146607,50,3221
Darwin,879450a48ffffff,130.84292131750308,-12.380998928234925,50,3221
Darwin,879450a48ffffff,130.84311673920732,-12.382671704324828,50,3221
Darwin,879450a48ffffff,130.84328726339274,-12.37938603661171,50,3221
Darwin,879450a48ffffff,130.84331151285969,-12.381905943421645,50,3221
Darwin,879450a48ffffff,130.84338085094112,-12.383618076986956,50,3221
Darwin,879450a48ffffff,130.84356440826096,-12.380057147360114,50,3221
Darwin,879450a48ffffff,130.84372330645311,-12.381093475335167,50,3221
Darwin,879450a48ffffff,130.84381554476607,-12.38254896906396,50,3221
Darwin,879450a48ffffff,130.84381570681805,-12.385529006110536,50,3221
Darwin,879450a48ffffff,130.84391557790676,-12.384446404387477,50,3221
Darwin,879450a48ffffff,130.84419124335864,-12.379314665508018,50,3221
Darwin,879450a48ffffff,130.8442156586252,-12.386963443468067,50,3221
Darwin,879450a48ffffff,130.8442795634388,-12.386284572026444,50,3221
Darwin,879450a48ffffff,130.84433708159747,-12.38029402767675,50,3221
Darwin,879450a48ffffff,130.84437663969985,-12.381230013608185,50,3221
Darwin,879450a48ffffff,130.84445387138248,-12.382524229842062,50,3221
Darwin,879450a48ffffff,130.84451445010123,-12.385634921076099,50,3221
Darwin,879450a48ffffff,130.84451683682363,-12.384659728952226,50,3221
Darwin,879450a48ffffff,130.84461828985465,-12.383285152773361,50,3221
Darwin,879450a48ffffff,130.84500116760748,-12.38520067666044,50,3221
Darwin,879450a48ffffff,130.84504986088731,-12.384067941729851,50,3221
Darwin,879450a48ffffff,130.84508354471396,-12.381002561475627,50,3221
Darwin,879450a48ffffff,130.84508979102185,-12.386303383998621,50,3221
Darwin,879450a48ffffff,130.8452255791247,-12.38223047438233,50,3221
Darwin,879450a48ffffff,130.84525130678392,-12.383253273191864,50,3221
Darwin,879450a48ffffff,130.8454409641306,-12.379835539821379,50,3221
Darwin,879450a48ffffff,130.84547181769167,-12.384628805754803,50,3221
Darwin,879450a48ffffff,130.84549096958813,-12.38150900050584,50,3221
Darwin,879450a48ffffff,130.8459154297852,-12.380407510387192,50,3221
Darwin,879450a48ffffff,130.84614553100022,-12.383670574254095,50,3221
Darwin,879450a48ffffff,130.84616914327594,-12.381271314123039,50,3221
Darwin,879450a48ffffff,130.8462122510043,-12.382021580787706,50,3221
Darwin,879450a48ffffff,130.84627681574807,-12.385424877741935,50,3221
Darwin,879450a48ffffff,130.8463313423189,-12.38295238263202,50,3221
Darwin,879450a48ffffff,130.84639470703948,-12.379527513104055,50,3221
Darwin,879450a48ffffff,130.8463948893656,-12.38471265359515,50,3221
Darwin,879450a48ffffff,130.84668001803172,-12.380861805858483,50,3221
Darwin,879450a48ffffff,130.84682673339472,-12.378279537022756,50,3221
Darwin,879450a48ffffff,130.8468905674514,-12.383857158585368,50,3221
Darwin,879450a48ffffff,130.84701944914804,-12.379002837992577,50,3221
Darwin,879450a48ffffff,130.84720879598606,-12.380070455313275,50,3221
Darwin,879450a48ffffff,130.8472615788607,-12.384680519876433,50,3221
Darwin,879450a48ffffff,130.84729226835665,-12.381120129427286,50,3221
Darwin,879450a48ffffff,130.84731120277584,-12.377656787702703,50,3221
Darwin,879450a48ffffff,130.84734130024134,-12.38294540784628,50,3221
Darwin,879450a48ffffff,130.84754291851692,-12.38226427616445,50,3221
Darwin,879450a48ffffff,130.84763950907774,-12.378804117923986,50,3221
Darwin,879450a48ffffff,130.84772069513508,-12.384018941464392,50,3221
Darwin,879450a48ffffff,130.84797246060754,-12.377992956906578,50,3221
Darwin,879450a48ffffff,130.84797533948858,-12.376626785141838,50,3221
Darwin,879450a48ffffff,130.84799032943351,-12.3816236935166,50,3221
Darwin,879450a48ffffff,130.8481635962981,-12.379611258878715,50,3221
Darwin,879450a48ffffff,130.84817882542262,-12.38226062925622,50,3221
Darwin,879450a48ffffff,130.84824220184834,-12.380411656959236,50,3221
Darwin,879450a48ffffff,130.84838908786483,-12.383698624591684,50,3221
Darwin,879450a48ffffff,130.84876566104006,-12.381017836613218,50,3221
Darwin,879450a48ffffff,130.8490001636929,-12.382900522865873,50,3221
Darwin,879450a49ffffff,130.85073235769661,-12.379916562229837,50,347
Darwin,879450a49ffffff,130.85872743374648,-12.386879685992099,50,347
Darwin,879450a49ffffff,130.86102671378288,-12.382120951843628,50,347
Darwin,879450a49ffffff,130.86190574066097,-12.372576039721007,50,347
Darwin,879450a49ffffff,130.8671781067739,-12.370871137039638,50,347
Darwin,879450a49ffffff,130.86821532841375,-12.372369835325413,50,347
Darwin,879450a49ffffff,130.86908914134557,-12.37862157307443,50,347
Darwin,879450a4affffff,130.8193962959484,-12.406151612366623,50,705
Darwin,879450a4affffff,130.8208508480072,-12.40600860199122,50,705
Darwin,879450a4affffff,130.82220817097794,-12.406175792404644,50,705
Darwin,879450a4affffff,130.8235347484882,-12.406735040604678,50,705
Darwin,879450a4affffff,130.8244286119288,-12.407888064553728,50,705
Darwin,879450a4affffff,130.8252976190866,-12.406134308690236,50,705
Darwin,879450a4affffff,130.82531791377485,-12.409180223918975,50,705
Darwin,879450a4affffff,130.82698059627268,-12.408032157475754,50,705
Darwin,879450a4affffff,130.82810914300612,-12.40937575379705,50,705
Darwin,879450a4affffff,130.82907711012047,-12.407843882615664,50,705
Darwin,879450a4affffff,130.83015195694037,-12.409599746607379,50,705
Darwin,879450a4affffff,130.83078953276163,-12.407518476292237,50,705
Darwin,879450a4affffff,130.83176010224577,-12.409647813002474,50,705
Darwin,879450a4affffff,130.8333773513593,-12.408631640676134,50,705
Darwin,879450a4bffffff,130.86032712935523,-12.401735658313768,50,43
Darwin,879450a59ffffff,130.81779911360454,-12.409260657958125,50,1070
Darwin,879450a59ffffff,130.8179007439027,-12.407743685470532,50,1070
Darwin,879450a59ffffff,130.81903093741673,-12.406861383496063,50,1070
Darwin,879450a59ffffff,130.81904194811935,-12.412600258257974,50,1070
Darwin,879450a59ffffff,130.8192961603874,-12.409990675911107,50,1070
Darwin,879450a59ffffff,130.8197850966795,-12.40854022927374,50,1070
Darwin,879450a59ffffff,130.82050181265222,-12.412412943452225,50,1070
Darwin,879450a59ffffff,130.82118780479843,-12.41029152448327,50,1070
Darwin,879450a59ffffff,130.8213224470618,-12.41408915774844,50,1070
Darwin,879450a59ffffff,130.82146481260241,-12.408109275076269,50,1070
Darwin,879450a59ffffff,130.82291886304907,-12.412588559321291,50,1070
Darwin,879450a59ffffff,130.82325140452636,-12.409430499281795,50,1070
Darwin,879450a59ffffff,130.8234561759235,-12.410952536730903,50,1070
Darwin,879450a59ffffff,130.82476455029257,-12.41051181268735,50,1070
Darwin,879450a59ffffff,130.82619606615512,-12.411115535814101,50,1070
Darwin,879450a59ffffff,130.82784700917827,-12.411400807236866,50,1070
Darwin,879450a59ffffff,130.83072826158286,-12.412145444227415,50,1070
Darwin,879450a59ffffff,130.8309772336005,-12.417250279339388,50,1070
Darwin,879450a59ffffff,130.8309822708934,-12.414219532240764,50,1070
Darwin,879450a59ffffff,130.8317912791914,-12.416191422024704,50,1070
Darwin,879450a59ffffff,130.83209476944765,-12.420120256230401,50,1070
Darwin,879450a5dffffff,130.81645407977473,-12.407814762292473,50,2021
Darwin,879450a5dffffff,130.81646148567322,-12.40727462605611,50,2021
Darwin,879450a5dffffff,130.81655945141932,-12.407555657074326,50,2021
Darwin,879450a5dffffff,130.8165791626424,-12.407016401731147,50,2021
Darwin,879450a5dffffff,130.81670771931493,-12.40686927637682,50,2021
Darwin,879450a5dffffff,130.81674015995196,-12.4074621001394,50,2021
Darwin,879450a5dffffff,130.81674980787747,-12.407138344006942,50,2021
Darwin,879450a5dffffff,130.81682924488047,-12.407625895275883,50,2021
Darwin,879450a5dffffff,130.81686901536597,-12.406438066015717,50,2021
Darwin,879450a5dffffff,130.8170191796807,-12.407432611895544,50,2021
Darwin,879450a5dffffff,130.81702111415376,-12.407221871402593,50,2021
Darwin,879450a5dffffff,130.817046632252,-12.406806107734635,50,2021
Darwin,879450a5dffffff,130.81712624102394,-12.406563407843418,50,2021
Darwin,879450a5dffffff,130.8171305648778,-12.406117924591621,50,2021
Darwin,879450a5dffffff,130.81713183988668,-12.406330349601731,50,2021
Darwin,879450a5dffffff,130.81714161423528,-12.407065067455118,50,2021
Darwin,879450a5dffffff,130.81722476400728,-12.407277067089117,50,2021
Darwin,879450a5dffffff,130.8173599233974,-12.406319820112904,50,2021
Darwin,879450a5dffffff,130.81739660311598,-12.406113264053365,50,2021
Darwin,879450a5dffffff,130.8174262860418,-12.405891083454657,50,2021
Darwin,879450a5dffffff,130.8174387219951,-12.40717139921653,50,2021
Darwin,879450a5dffffff,130.81744807783153,-12.406719669308194,50,2021
Darwin,879450a5dffffff,130.81749109295117,-12.406910063662222,50,2021
Darwin,879450a5dffffff,130.8175036222126,-12.40645019307744,50,2021
Darwin,879450a5dffffff,130.8175644822688,-12.406209166228615,50,2021
Darwin,879450a5dffffff,130.8176820228452,-12.405912265402714,50,2021
Darwin,879450a5dffffff,130.81768921443398,-12.406590661563477,50,2021
Darwin,879450a5dffffff,130.81769676597884,-12.407002464895974,50,2021
Darwin,879450a5dffffff,130.81777321042378,-12.405699463839563,50,2021
Darwin,879450a5dffffff,130.81781574091545,-12.406408236286222,50,2021
Darwin,879450a5dffffff,130.81781875475588,-12.406065998788396,50,2021
Darwin,879450a5dffffff,130.81782928255723,-12.406705338676888,50,2021
Darwin,879450a5dffffff,130.81792444195082,-12.405824364089849,50,2021
Darwin,879450a5dffffff,130.81796402491432,-12.40655895100582,50,2021
Darwin,879450a5dffffff,130.8179966372081,-12.406084811825782,50,2021
Darwin,879450a5dffffff,130.81800205665965,-12.406799836414907,50,2021
Darwin,879450a5dffffff,130.8180503517274,-12.40546615874223,50,2021
Darwin,879450a5dffffff,130.81809019857886,-12.405671988740941,50,2021
Darwin,879450a5dffffff,130.81811579027448,-12.406356551398511,50,2021
Darwin,879450a5dffffff,130.8181659689972,-12.405912419414612,50,2021
Darwin,879450a5dffffff,130.818194987427,-12.406579803368524,50,2021
Darwin,879451d1affffff,130.93991685531245,-12.420841006954031,50,466
Darwin,879451d1affffff,130.94089239510126,-12.428645187721719,50,466
Darwin,879451d1affffff,130.94527203395376,-12.411882476892842,50,466
Darwin,879451d1affffff,130.94757700363712,-12.431105941172206,50,466
Darwin,879451d1affffff,130.95086246804016,-12.41468295068707,50,466
Darwin,879451d1affffff,130.95282190723742,-12.431326673638422,50,466
Darwin,879451d1affffff,130.95445655913127,-12.41862426405331,50,466
Darwin,879451d1affffff,130.9554857937354,-12.43085150543372,50,466
Darwin,879451d1affffff,130.96085839544855,-12.425012450859628,50,466
Darwin,879451d30ffffff,130.88129352075217,-12.34488096078884,50,124
Darwin,879451d30ffffff,130.88327030264668,-12.34303594944219,50,124
Darwin,879451d30ffffff,130.88501151856698,-12.34217617166159,50,124
Darwin,879451d31ffffff,130.88937887414548,-12.339929997029069,50,4332
Darwin,879451d31ffffff,130.8903639281937,-12.339105043720116,50,4332
Darwin,879451d31ffffff,130.89077378865613,-12.340006640446067,50,4332
Darwin,879451d31ffffff,130.89088764553043,-12.337489932106235,50,4332
Darwin,879451d31ffffff,130.89121616731248,-12.340874765562683,50,4332
Darwin,879451d31ffffff,130.89208136250664,-12.336118479393603,50,4332
Darwin,879451d31ffffff,130.89223555872877,-12.33744273263086,50,4332
Darwin,879451d31ffffff,130.89225515335158,-12.335070405704998,50,4332
Darwin,879451d31ffffff,130.89231925729305,-12.341286886525586,50,4332
Darwin,879451d31ffffff,130.8923571963698,-12.338744455987653,50,4332
Darwin,879451d31ffffff,130.89258196530182,-12.340348216040711,50,4332
Darwin,879451d31ffffff,130.89302226183113,-12.336424681935947,50,4332
Darwin,879451d31ffffff,130.89336757184338,-12.334405878189418,50,4332
Darwin,879451d31ffffff,130.89350602023217,-12.340667073757636,50,4332
Darwin,879451d31ffffff,130.89387329184228,-12.33291212175199,50,4332
Darwin,879451d31ffffff,130.89388301857645,-12.34176443742917,50,4332
Darwin,879451d31ffffff,130.89400143539953,-12.336856679168909,50,4332
Darwin,879451d31ffffff,130.8941347604053,-12.337959512712578,50,4332
Darwin,879451d31ffffff,130.89423466851133,-12.335859550756046,50,4332
Darwin,879451d31ffffff,130.89428092115176,-12.33471143675805,50,4332
Darwin,879451d31ffffff,130.89445363711116,-12.340131438503137,50,4332
Darwin,879451d31ffffff,130.89482032351717,-12.341247677546988,50,4332
Darwin,879451d31ffffff,130.8948375756727,-12.333065995636051,50,4332
Darwin,879451d31ffffff,130.89496973921743,-12.336559850831533,50,4332
Darwin,879451d31ffffff,130.8949762371581,-12.339162022983407,50,4332
Darwin,879451d31ffffff,130.89503376001377,-12.331932783076027,50,4332
Darwin,879451d31ffffff,130.89522029529786,-12.337763098747663,50,4332
Darwin,879451d31ffffff,130.89551352594447,-12.342473790519913,50,4332
Darwin,879451d31ffffff,130.8955857215257,-12.334725894303721,50,4332
Darwin,879451d31ffffff,130.89584353522937,-12.330625087475653,50,4332
Darwin,879451d31ffffff,130.8961315562385,-12.333586217506259,50,4332
Darwin,879451d31ffffff,130.8961843204327,-12.331891402403185,50,4332
Darwin,879451d31ffffff,130.89620748207395,-12.335723578748935,50,4332
Darwin,879451d31ffffff,130.89623544618004,-12.33965078397443,50,4332
Darwin,879451d31ffffff,130.89638730667576,-12.34080186418817,50,4332
Darwin,879451d31ffffff,130.89639860711932,-12.337078544680336,50,4332
Darwin,879451d31ffffff,130.89681283002005,-12.330361456645795,50,4332
Darwin,879451d31ffffff,130.89700551980238,-12.34216542208567,50,4332
Darwin,879451d31ffffff,130.8971550473277,-12.332524317762626,50,4332
Darwin,879451d31ffffff,130.8972336452776,-12.337791307234333,50,4332
Darwin,879451d31ffffff,130.89725467283466,-12.339685925119694,50,4332
Darwin,879451d31ffffff,130.89733077399052,-12.335345984857796,50,4332
Darwin,879451d31ffffff,130.89733771178734,-12.341130407378246,50,4332
Darwin,879451d31ffffff,130.89740063077213,-12.336601180395638,50,4332
Darwin,879451d31ffffff,130.89771376368074,-12.33379967349883,50,4332
Darwin,879451d31ffffff,130.897771214559,-12.33084553966648,50,4332
Darwin,879451d31ffffff,130.89830488123178,-12.341311108062392,50,4332
Darwin,879451d31ffffff,130.89838723601807,-12.340043652117561,50,4332
Darwin,879451d31ffffff,130.89853445879098,-12.3344844573096,50,4332
Darwin,879451d31ffffff,130.89874741723054,-12.342277792511346,50,4332
Darwin,879451d31ffffff,130.8987628346312,-12.331716998661468,50,4332
Darwin,879451d31ffffff,130.89879861143746,-12.338523530687016,50,4332
Darwin,879451d31ffffff,130.89888163986853,-12.335890030544359,50,4332
Darwin,879451d31ffffff,130.89910250707845,-12.337496723916013,50,4332
Darwin,879451d31ffffff,130.89916877529677,-12.343733269656969,50,4332
Darwin,879451d31ffffff,130.8991785886917,-12.332853000273648,50,4332
Darwin,879451d31ffffff,130.89972711738827,-12.339787566474353,50,4332
Darwin,879451d31ffffff,130.89973282493187,-12.336385759361571,50,4332
Darwin,879451d31ffffff,130.899957043369,-12.335417235994418,50,4332
Darwin,879451d31ffffff,130.89997487342342,-12.334222769321173,50,4332
Darwin,879451d31ffffff,130.90027779796165,-12.343067713392125,50,4332
Darwin,879451d31ffffff,130.90031018218315,-12.34160023324249,50,4332
Darwin,879451d31ffffff,130.9005732483962,-12.338395075890752,50,4332
Darwin,879451d31ffffff,130.90069182891926,-12.336132646752683,50,4332
Darwin,879451d31ffffff,130.90079524708517,-12.343929027589056,50,4332
Darwin,879451d31ffffff,130.90080971180242,-12.33729743232851,50,4332
Darwin,879451d31ffffff,130.9008975006661,-12.334655711327638,50,4332
Darwin,879451d31ffffff,130.90090652616342,-12.333644579957914,50,4332
Darwin,879451d31ffffff,130.9012658101034,-12.341887416171627,50,4332
Darwin,879451d31ffffff,130.90131154359872,-12.343006453680717,50,4332
Darwin,879451d31ffffff,130.90173320210812,-12.33806811185234,50,4332
Darwin,879451d31ffffff,130.90186591134542,-12.33404030950258,50,4332
Darwin,879451d31ffffff,130.90186747451645,-12.340682329388944,50,4332
Darwin,879451d31ffffff,130.90214747413276,-12.342357606865919,50,4332
Darwin,879451d31ffffff,130.90224783934835,-12.343457843014411,50,4332
Darwin,879451d31ffffff,130.9023516760483,-12.336026810141774,50,4332
Darwin,879451d31ffffff,130.90246610272578,-12.339632379317196,50,4332
Darwin,879451d31ffffff,130.90257233277637,-12.334807164134576,50,4332
Darwin,879451d31ffffff,130.90260601865194,-12.337005840043648,50,4332
Darwin,879451d31ffffff,130.9033274348968,-12.340087548748762,50,4332
Darwin,879451d31ffffff,130.90332775013601,-12.337901347936008,50,4332
Darwin,879451d31ffffff,130.90361678176666,-12.34169446870008,50,4332
Darwin,879451d31ffffff,130.9037017554715,-12.336314004100453,50,4332
Darwin,879451d31ffffff,130.90390854882926,-12.338991914018218,50,4332
Darwin,879451d31ffffff,130.90401296557226,-12.33512902109939,50,4332
Darwin,879451d31ffffff,130.90430374011584,-12.338019485672481,50,4332
Darwin,879451d31ffffff,130.9046567966209,-12.339902500919719,50,4332
Darwin,879451d32ffffff,130.8677405743406,-12.363553747240296,50,414
Darwin,879451d32ffffff,130.86862680811709,-12.365848733627894,50,414
Darwin,879451d32ffffff,130.8695594399808,-12.36128555526344,50,414
Darwin,879451d32ffffff,130.8717740653233,-12.366288181907608,50,414
Darwin,879451d32ffffff,130.87258621064402,-12.354545685514527,50,414
Darwin,879451d32ffffff,130.87372039981935,-12.360315698611663,50,414
Darwin,879451d32ffffff,130.87763913302865,-12.35164047469092,50,414
Darwin,879451d32ffffff,130.87803999132674,-12.358734408395287,50,414
Darwin,879451d33ffffff,130.88400654458673,-12.361310724920905,50,554
Darwin,879451d33ffffff,130.88888370989727,-12.351778294244399,50,554
Darwin,879451d33ffffff,130.8894993599537,-12.357668806116237,50,554
Darwin,879451d33ffffff,130.88967211276687,-12.35589547490342,50,554
Darwin,879451d33ffffff,130.89002489357824,-12.345385009302005,50,554
Darwin,879451d33ffffff,130.89120619898088,-12.353199699087535,50,554
Darwin,879451d33ffffff,130.89393556758964,-12.347271642477583,50,554
Darwin,879451d33ffffff,130.89431164233164,-12.355888533608415,50,554
Darwin,879451d33ffffff,130.8957954660845,-12.343928627631891,50,554
Darwin,879451d33ffffff,130.89621815992228,-12.355640273006905,50,554
Darwin,879451d33ffffff,130.89679901293732,-12.35198662656086,50,554
Darwin,879451d81ffffff,130.89874943863404,-12.479982296702033,50,108
Darwin,879451d81ffffff,130.91327908698818,-12.47961534502039,50,108
Darwin,879451d88ffffff,130.93682550199463,-12.494074967372157,50,79
Darwin,879451d88ffffff,130.94220689229084,-12.501264077648447,50,79
Darwin,879451da2ffffff,130.85897898708407,-12.445856576024413,50,42
Darwin,879451da4ffffff,130.83442977962932,-12.419999374061314,50,525
Darwin,879451da4ffffff,130.83504390798652,-12.412145147770522,50,525
Darwin,879451da4ffffff,130.840125134815,-12.42374236628476,50,525
Darwin,879451da4ffffff,130.84410759811803,-12.427923856225494,50,525
Darwin,879451da4ffffff,130.84420396789645,-12.40539347848136,50,525
Darwin,879451da4ffffff,130.8469603081166,-12.412400930013536,50,525
Darwin,879451da4ffffff,130.84705561721444,-12.420272001347401,50,525
Darwin,879451da4ffffff,130.84851425104293,-12.415957346948845,50,525
Darwin,879451da4ffffff,130.85225456148987,-12.41702751436488,50,525
Darwin,879451da4ffffff,130.85383298554487,-12.421981535871625,50,525
Darwin,879451da4ffffff,130.8546733049221,-12.419835917215757,50,525
Darwin,879451da6ffffff,130.84608151512273,-12.4417965162039,50,62
Darwin,879451da9ffffff,130.94238570075532,-12.444060617012772,50,89
Darwin,879451da9ffffff,130.94942103101621,-12.437786928522486,50,89
Darwin,879451dadffffff,130.91594338236305,-12.418870098201074,50,407
Darwin,879451dadffffff,130.919649559088,-12.420539045987097,50,407
Darwin,879451dadffffff,130.92006705023215,-12.427238893989879,50,407
Darwin,879451dadffffff,130.92493291863602,-12.43500298647252,50,407
Darwin,879451dadffffff,130.92518865806983,-12.417541411163315,50,407
Darwin,879451dadffffff,130.9281017014973,-12.414895229982378,50,407
Darwin,879451dadffffff,130.93090417423818,-12.43323904678489,50,407
Darwin,879451dadffffff,130.93824994343078,-12.424853282063761,50,407
Darwin,879451db1ffffff,130.83795987509285,-12.464392456468001,50,188
Darwin,879451db1ffffff,130.84111856681363,-12.463566491053724,50,188
Darwin,879451db1ffffff,130.84748770724903,-12.471595230885061,50,188
Darwin,879451db1ffffff,130.8496877263652,-12.47065109750321,50,188
Darwin,879451db5ffffff,130.83278188183985,-12.447138570916069,50,42
Hobart,87bf4c34dffffff,147.23189330987296,-42.75662655171576,50,284
Hobart,87bf4c34dffffff,147.23222347881696,-42.75345004605507,50,284
Hobart,87bf4c34dffffff,147.23476554835352,-42.76161074076235,50,284
Hobart,87bf4c34dffffff,147.23563205357,-42.758922925524224,50,284
Hobart,87bf4c34dffffff,147.24035708712344,-42.76498669256965,50,284
Hobart,87bf4c34dffffff,147.24084177271874,-42.76306033038501,50,284
Hobart,87bf4ca4affffff,147.3120416014252,-42.98634001874072,50,24
Hobart,87bf4ca59ffffff,147.31482942640406,-42.9683520889023,50,31
Hobart,87bf4ca5bffffff,147.34519027986926,-42.94254510030299,50,81
Hobart,87bf4ca5bffffff,147.35534585614437,-42.95167473210969,50,81
Hobart,87bf4dda4ffffff,147.29668635356998,-42.979483107990134,50,22
Hobart,87bf4ddb0ffffff,147.33047918413828,-42.9057643143492,50,74
Hobart,87bf4ddb0ffffff,147.33772007362126,-42.90914944656547,50,74
Hobart,87bf4ddb3ffffff,147.32658846789454,-42.88495220288241,50,29
Hobart,87bf4ddb5ffffff,147.3241005901997,-42.92647389764932,50,271
Hobart,87bf4ddb5ffffff,147.32884193951523,-42.92454640554415,50,271
Hobart,87bf4ddb5ffffff,147.33426028137788,-42.938671297772125,50,271
Hobart,87bf4ddb5ffffff,147.33456814934462,-42.93169366216145,50,271
Hobart,87bf4ddb5ffffff,147.33581050633148,-42.92584625672765,50,271
Hobart,87bf4ddb5ffffff,147.33653561439536,-42.9305804897192,50,271
Melbourne,87be62240ffffff,145.3745554811429,-37.73994886856924,50,54
Melbourne,87be62245ffffff,145.34458907177836,-37.74472349500764,50,218
Melbourne,87be62245ffffff,145.35052530977967,-37.74572150079964,50,218
Melbourne,87be62245ffffff,145.36569729299057,-37.76023640811066,50,218
Melbourne,87be62245ffffff,145.3741746367058,-37.75087760700051,50,218
Melbourne,87be62260ffffff,145.39515971670414,-37.77555435699076,50,40
Melbourne,87be62263ffffff,145.38566414962506,-37.77579560914241,50,44
Melbourne,87be6226effffff,145.34047735411127,-37.77240017322886,50,107
Melbourne,87be6226effffff,145.35250131198438,-37.76373947698102,50,107
Melbourne,87be62368ffffff,145.4410153701934,-37.91629085270531,50,74
Melbourne,87be62368ffffff,145.44354328175095,-37.91622576830743,50,74
Melbourne,87be63010ffffff,144.72201990959388,-37.91075416562188,50,100
Melbourne,87be63010ffffff,144.73333136434383,-37.900708368908376,50,100
Melbourne,87be6301cffffff,144.66306609718913,-37.911064518875406,50,38
Melbourne,87be6301effffff,144.68733592892917,-37.886995588782625,50,51
Melbourne,87be63080ffffff,144.7552733579472,-37.78991864577125,50,68
Melbourne,87be63083ffffff,144.73975769631497,-37.783766727178346,50,46
Melbourne,87be63094ffffff,144.83155325103303,-37.768794416594204,50,28
Melbourne,87be63095ffffff,144.80075067333036,-37.7656320353565,50,33
Melbourne,87be6309dffffff,144.7017397927721,-37.76047637587305,50,28
Melbourne,87be630a0ffffff,144.7906524733535,-37.862138269158834,50,53
Melbourne,87be630a4ffffff,144.77979224053715,-37.87301953464808,50,2486
Melbourne,87be630a4ffffff,144.7809164087075,-37.88121372750503,50,2486
Melbourne,87be630a4ffffff,144.78282833979844,-37.88479861821084,50,2486
Melbourne,87be630a4ffffff,144.78371876535934,-37.88331151310369,50,2486
Melbourne,87be630a4ffffff,144.78389465708094,-37.88115501496956,50,2486
Melbourne,87be630a4ffffff,144.7841358452489,-37.8788277744013,50,2486
Melbourne,87be630a4ffffff,144.78498726022735,-37.87244358188775,50,2486
Melbourne,87be630a4ffffff,144.78574625009418,-37.870735767938775,50,2486
Melbourne,87be630a4ffffff,144.78625193004825,-37.8777082155949,50,2486
Melbourne,87be630a4ffffff,144.78706163405536,-37.88366506635948,50,2486
Melbourne,87be630a4ffffff,144.78736674058175,-37.887823739545745,50,2486
Melbourne,87be630a4ffffff,144.7874270300692,-37.868112014131874,50,2486
Melbourne,87be630a4ffffff,144.78749903623336,-37.87250823028917,50,2486
Melbourne,87be630a4ffffff,144.7887611524756,-37.87527035191822,50,2486
Melbourne,87be630a4ffffff,144.7891402305839,-37.88538606294144,50,2486
Melbourne,87be630a4ffffff,144.78971609473976,-37.88682961276614,50,2486
Melbourne,87be630a4ffffff,144.78996967681613,-37.88328701220011,50,2486
Melbourne,87be630a4ffffff,144.79004912665752,-37.888243157110594,50,2486
Melbourne,87be630a4ffffff,144.79073185076373,-37.87971206193644,50,2486
Melbourne,87be630a4ffffff,144.79143752620686,-37.88682372323035,50,2486
Melbourne,87be630a4ffffff,144.79143848012865,-37.86416129787676,50,2486
Melbourne,87be630a4ffffff,144.7918425218217,-37.86948467792953,50,2486
Melbourne,87be630a4ffffff,144.79235803957027,-37.88890042585658,50,2486
Melbourne,87be630a4ffffff,144.79253533259873,-37.86583018847003,50,2486
Melbourne,87be630a4ffffff,144.79261438452164,-37.86745627761022,50,2486
Melbourne,87be630a4ffffff,144.79370196686253,-37.8843656327232,50,2486
Melbourne,87be630a4ffffff,144.79465432019404,-37.878041717105106,50,2486
Melbourne,87be630a4ffffff,144.79484628872152,-37.86933939534082,50,2486
Melbourne,87be630a4ffffff,144.79582523407748,-37.88745494210281,50,2486
Melbourne,87be630a4ffffff,144.79599883497986,-37.872589996785884,50,2486
Melbourne,87be630a4ffffff,144.7960964937911,-37.88276100503751,50,2486
Melbourne,87be630a4ffffff,144.79706408359905,-37.88633775510972,50,2486
Melbourne,87be630a4ffffff,144.7970881820391,-37.87583781231449,50,2486
Melbourne,87be630a4ffffff,144.79733203328942,-37.86742393886392,50,2486
Melbourne,87be630a4ffffff,144.79752713018746,-37.88488791756092,50,2486
Melbourne,87be630a4ffffff,144.79805689511568,-37.87466307459358,50,2486
Melbourne,87be630a4ffffff,144.79878638702598,-37.86866948817368,50,2486
Melbourne,87be630a4ffffff,144.79885224917484,-37.887716505236206,50,2486
Melbourne,87be630a4ffffff,144.7991657745779,-37.8727202923314,50,2486
Melbourne,87be630a4ffffff,144.80013033530935,-37.87137251915432,50,2486
Melbourne,87be630a4ffffff,144.80053539778436,-37.881866934634125,50,2486
Melbourne,87be630a4ffffff,144.80099509276985,-37.87302549039739,50,2486
Melbourne,87be630a4ffffff,144.80137321902058,-37.879602447516596,50,2486
Melbourne,87be630a4ffffff,144.80200362105737,-37.88488890105339,50,2486
Melbourne,87be630a4ffffff,144.80201079108895,-37.88661019139486,50,2486
Melbourne,87be630a4ffffff,144.80295564739947,-37.88185010525975,50,2486
Melbourne,87be630a4ffffff,144.8045475902153,-37.88451672609782,50,2486
Melbourne,87be630a4ffffff,144.80511232263646,-37.87569304452783,50,2486
Melbourne,87be630a4ffffff,144.8058806052001,-37.88033246925426,50,2486
Melbourne,87be630a4ffffff,144.80604838144882,-37.873319753617935,50,2486
Melbourne,87be630a6ffffff,144.79311781231738,-37.86040092738172,50,159
Melbourne,87be630a6ffffff,144.79771606240348,-37.862710955375974,50,159
Melbourne,87be630a6ffffff,144.81504693416994,-37.85396795591095,50,159
Melbourne,87be630aeffffff,144.7306149728834,-37.84219172638167,50,23
Melbourne,87be630b1ffffff,144.7942406337151,-37.8141115333821,50,72
Melbourne,87be630b1ffffff,144.80071840695615,-37.81210924457422,50,72
Melbourne,87be630b5ffffff,144.80435692377912,-37.84033222872538,50,781
Melbourne,87be630b5ffffff,144.8060750672505,-37.84241004737128,50,781
Melbourne,87be630b5ffffff,144.80667966678124,-37.8273519409611,50,781
Melbourne,87be630b5ffffff,144.8072273527778,-37.84094758450676,50,781
Melbourne,87be630b5ffffff,144.8079143580795,-37.835823075518654,50,781
Melbourne,87be630b5ffffff,144.80858166210368,-37.84369540013512,50,781
Melbourne,87be630b5ffffff,144.81257969755356,-37.838081229614595,50,781
Melbourne,87be630b5ffffff,144.8126518782315,-37.83631849449972,50,781
Melbourne,87be630b5ffffff,144.81566040727,-37.82693817393556,50,781
Melbourne,87be630b5ffffff,144.81584297602413,-37.821571431894455,50,781
Melbourne,87be630b5ffffff,144.81817117049204,-37.828174874362695,50,781
Melbourne,87be630b5ffffff,144.81836351547142,-37.829542574149166,50,781
Melbourne,87be630b5ffffff,144.81919692367032,-37.824425951060945,50,781
Melbourne,87be630b5ffffff,144.82399110235448,-37.840315163110304,50,781
Melbourne,87be630b5ffffff,144.82673818029733,-37.82582919804273,50,781
Melbourne,87be630b5ffffff,144.82863827752033,-37.82687318525756,50,781
Melbourne,87be6318bffffff,144.77093197952183,-37.90755012775921,50,634
Melbourne,87be6318bffffff,144.772941746512,-37.89869799919686,50,634
Melbourne,87be6318bffffff,144.7739934224988,-37.89400581930097,50,634
Melbourne,87be6318bffffff,144.77529551060528,-37.89640542134343,50,634
Melbourne,87be6318bffffff,144.77593053906344,-37.894932565529444,50,634
Melbourne,87be6318bffffff,144.77662219576195,-37.90893473796896,50,634
Melbourne,87be6318bffffff,144.77722371468562,-37.89722797992088,50,634
Melbourne,87be6318bffffff,144.77887605153873,-37.90034289637725,50,634
Melbourne,87be6318bffffff,144.77930053058031,-37.90507316636588,50,634
Melbourne,87be6318bffffff,144.78006781973934,-37.89175392724863,50,634
Melbourne,87be6318bffffff,144.78215477267128,-37.88860624614431,50,634
Melbourne,87be6318bffffff,144.784224204826,-37.88879400402596,50,634
Melbourne,87be6318bffffff,144.7913679209098,-37.89001585227942,50,634
Melbourne,87be63198ffffff,144.8379397247395,-37.86627225308011,50,190
Melbourne,87be63198ffffff,144.8413854642102,-37.865864699916614,50,190
Melbourne,87be63198ffffff,144.85404798283815,-37.86176267337115,50,190
Melbourne,87be63198ffffff,144.85648376028612,-37.86146888714561,50,190
Melbourne,87be63199ffffff,144.81199906428654,-37.86948280579193,50,371
Melbourne,87be63199ffffff,144.81489622070018,-37.86565535341194,50,371
Melbourne,87be63199ffffff,144.8152502921076,-37.86970412254687,50,371
Melbourne,87be63199ffffff,144.81636366064438,-37.87343865390867,50,371
Melbourne,87be63199ffffff,144.82500837396785,-37.865624002962946,50,371
Melbourne,87be63199ffffff,144.8283286568668,-37.86961081681217,50,371
Melbourne,87be63199ffffff,144.83129525655727,-37.86472536484036,50,371
Melbourne,87be63199ffffff,144.83135079815457,-37.868614627958785,50,371
Melbourne,87be6319affffff,144.85378492196435,-37.852484164348375,50,711
Melbourne,87be6319affffff,144.85468379158087,-37.84507438123842,50,711
Melbourne,87be6319affffff,144.8559934274533,-37.84134494006524,50,711
Melbourne,87be6319affffff,144.85758767432165,-37.853309952074326,50,711
Melbourne,87be6319affffff,144.85778663830197,-37.854771054082875,50,711
Melbourne,87be6319affffff,144.85825961764297,-37.84792415903379,50,711
Melbourne,87be6319affffff,144.86042328647386,-37.843884798345734,50,711
Melbourne,87be6319affffff,144.86150397091842,-37.83734011253514,50,711
Melbourne,87be6319affffff,144.8615257262411,-37.84746823510426,50,711
Melbourne,87be6319affffff,144.86738844699923,-37.85062782029137,50,711
Melbourne,87be6319affffff,144.86909609119274,-37.8467935128779,50,711
Melbourne,87be6319affffff,144.87454074738352,-37.85472471034781,50,711
Melbourne,87be6319affffff,144.8754984497017,-37.848265188350005,50,711
Melbourne,87be6319affffff,144.8777858741326,-37.84585479096697,50,711
Melbourne,87be6319bffffff,144.83906148764976,-37.84494756227355,50,41
Melbourne,87be6319effffff,144.87324618739734,-37.85908927021997,50,1227
Melbourne,87be6319effffff,144.87397357856597,-37.860769525346065,50,1227
Melbourne,87be6319effffff,144.87563443545645,-37.86299918310546,50,1227
Melbourne,87be6319effffff,144.8785980351674,-37.85994058710249,50,1227
Melbourne,87be6319effffff,144.8786761952694,-37.85838848205058,50,1227
Melbourne,87be6319effffff,144.8787849827987,-37.86300264846575,50,1227
Melbourne,87be6319effffff,144.87883957701752,-37.865992285275205,50,1227
Melbourne,87be6319effffff,144.87886686938592,-37.85599883373301,50,1227
Melbourne,87be6319effffff,144.87924695314564,-37.86166516132283,50,1227
Melbourne,87be6319effffff,144.8806229141253,-37.85794217453651,50,1227
Melbourne,87be6319effffff,144.88206030580733,-37.864260807295395,50,1227
Melbourne,87be6319effffff,144.88214976373294,-37.85665070141862,50,1227
Melbourne,87be6319effffff,144.88232457144412,-37.865865323050684,50,1227
Melbourne,87be6319effffff,144.883338049484,-37.85989571076894,50,1227
Melbourne,87be6319effffff,144.88337551419485,-37.86294992717306,50,1227
Melbourne,87be6319effffff,144.88524374231898,-37.86474357507804,50,1227
Melbourne,87be6319effffff,144.88562246031742,-37.86824258843471,50,1227
Melbourne,87be6319effffff,144.88767767542518,-37.866280379611126,50,1227
Melbourne,87be6319effffff,144.88801836279214,-37.86279064608551,50,1227
Melbourne,87be6319effffff,144.8896735845406,-37.866657785385726,50,1227
Melbourne,87be6319effffff,144.8909995133952,-37.85936624326791,50,1227
Melbourne,87be6319effffff,144.89140681662326,-37.8630968811312,50,1227
Melbourne,87be6319effffff,144.89293492623017,-37.86513164871705,50,1227
Melbourne,87be6319effffff,144.89362375641494,-37.85969106517867,50,1227
Melbourne,87be6319effffff,144.8939871420746,-37.862433562121474,50,1227
Melbourne,87be63401ffffff,144.99225839217365,-37.621984745026126,50,352
Melbourne,87be63401ffffff,144.9987848104654,-37.61952102574666,50,352
Melbourne,87be63401ffffff,145.00584909828473,-37.6378643321805,50,352
Melbourne,87be63401ffffff,145.0074553754779,-37.61855928478533,50,352
Melbourne,87be63401ffffff,145.00770595974888,-37.624392146411545,50,352
Melbourne,87be63401ffffff,145.0083312484286,-37.631484281287634,50,352
Melbourne,87be63401ffffff,145.01077056807233,-37.63479422140342,50,352
Melbourne,87be63420ffffff,145.05491851035725,-37.682788166942736,50,56
Melbourne,87be63425ffffff,145.0397448955119,-37.69659308557607,50,205
Melbourne,87be63425ffffff,145.05153384718844,-37.70714703601456,50,205
Melbourne,87be63425ffffff,145.05183002640064,-37.69439705231643,50,205
Melbourne,87be63425ffffff,145.05928656397785,-37.708565988338314,50,205
Melbourne,87be63426ffffff,145.07585983926975,-37.67473319358797,50,239
Melbourne,87be63426ffffff,145.07813553186938,-37.672950701878534,50,239
Melbourne,87be63426ffffff,145.083928955459,-37.67197049224965,50,239
Melbourne,87be63426ffffff,145.0923853553152,-37.67392520330413,50,239
Melbourne,87be63426ffffff,145.0981532465093,-37.67146079169517,50,239
Melbourne,87be6342affffff,144.9893261538972,-37.65648083836415,50,111
Melbourne,87be6342affffff,145.00209722465956,-37.64856182278973,50,111
Melbourne,87be63430ffffff,145.0970703542362,-37.63770673294754,50,536
Melbourne,87be63430ffffff,145.09840703855858,-37.63575105175168,50,536
Melbourne,87be63430ffffff,145.09915246658875,-37.62750955474976,50,536
Melbourne,87be63430ffffff,145.101451662217,-37.629332710223686,50,536
Melbourne,87be63430ffffff,145.1023681199048,-37.623031573091886,50,536
Melbourne,87be63430ffffff,145.1028446369575,-37.630922802319134,50,536
Melbourne,87be63430ffffff,145.10399386290385,-37.6412363461843,50,536
Melbourne,87be63430ffffff,145.113768198896,-37.63453549826123,50,536
Melbourne,87be63430ffffff,145.11581711927758,-37.63810037078569,50,536
Melbourne,87be63430ffffff,145.1196153479276,-37.638062546027896,50,536
Melbourne,87be63430ffffff,145.12284867307795,-37.63756131520468,50,536
Melbourne,87be63431ffffff,145.07982535742627,-37.64014281430411,50,83
Melbourne,87be63431ffffff,145.09066170072006,-37.62669006417259,50,83
Melbourne,87be63432ffffff,145.12139579279707,-37.62317005096322,50,20
Melbourne,87be63433ffffff,145.084378312927,-37.61181528829673,50,43
Melbourne,87be63452ffffff,144.8856546108419,-37.57329378080017,50,21
Melbourne,87be63456ffffff,144.91180212497497,-37.60020806865318,50,64
Melbourne,87be63470ffffff,144.8913314657731,-37.66099907136906,50,1378
Melbourne,87be63470ffffff,144.89276478219418,-37.6650486768273,50,1378
Melbourne,87be63470ffffff,144.8932652404859,-37.65223052352832,50,1378
Melbourne,87be63470ffffff,144.8937247150955,-37.66296690576825,50,1378
Melbourne,87be63470ffffff,144.89412809821886,-37.65665775270084,50,1378
Melbourne,87be63470ffffff,144.89555218014786,-37.65870414289142,50,1378
Melbourne,87be63470ffffff,144.8968452654472,-37.65201633137565,50,1378
Melbourne,87be63470ffffff,144.898029338873,-37.6491876237743,50,1378
Melbourne,87be63470ffffff,144.89846554027545,-37.660624354410615,50,1378
Melbourne,87be63470ffffff,144.89994904146693,-37.664458578528865,50,1378
Melbourne,87be63470ffffff,144.90009551887428,-37.6666403544729,50,1378
Melbourne,87be63470ffffff,144.9022179893462,-37.65764200376416,50,1378
Melbourne,87be63470ffffff,144.90276842534055,-37.66093021034638,50,1378
Melbourne,87be63470ffffff,144.90295906521033,-37.667742834387916,50,1378
Melbourne,87be63470ffffff,144.9041740407604,-37.64540047076399,50,1378
Melbourne,87be63470ffffff,144.90443718166307,-37.6603713894581,50,1378
Melbourne,87be63470ffffff,144.90550080888715,-37.66434025738403,50,1378
Melbourne,87be63470ffffff,144.90793237832088,-37.663493871799595,50,1378
Melbourne,87be63470ffffff,144.90835555344242,-37.65886150824019,50,1378
Melbourne,87be63470ffffff,144.90850767885053,-37.665033638184845,50,1378
Melbourne,87be63470ffffff,144.91070965104146,-37.666122013004106,50,1378
Melbourne,87be63470ffffff,144.9113083148159,-37.65199738554929,50,1378
Melbourne,87be63470ffffff,144.91199519321702,-37.64975369124173,50,1378
Melbourne,87be63470ffffff,144.91268926349443,-37.65571289089388,50,1378
Melbourne,87be63470ffffff,144.91318472305758,-37.65302219121319,50,1378
Melbourne,87be63470ffffff,144.91445148430728,-37.64783762043796,50,1378
Melbourne,87be63470ffffff,144.9160762804162,-37.660739605831665,50,1378
Melbourne,87be63470ffffff,144.91788293366065,-37.65304135613338,50,1378
Melbourne,87be63474ffffff,144.90787009201384,-37.67662585960899,50,877
Melbourne,87be63474ffffff,144.91270878543727,-37.677850463960986,50,877
Melbourne,87be63474ffffff,144.9140427863219,-37.666350461882324,50,877
Melbourne,87be63474ffffff,144.91617004336726,-37.68096725062331,50,877
Melbourne,87be63474ffffff,144.91660693788546,-37.67944851248476,50,877
Melbourne,87be63474ffffff,144.91748554611897,-37.668750441865065,50,877
Melbourne,87be63474ffffff,144.9180639285643,-37.67102357261716,50,877
Melbourne,87be63474ffffff,144.92096119990057,-37.68205991465762,50,877
Melbourne,87be63474ffffff,144.922071095747,-37.665665490326724,50,877
Melbourne,87be63474ffffff,144.92237120376404,-37.675190621202724,50,877
Melbourne,87be63474ffffff,144.92593010648022,-37.677915643352115,50,877
Melbourne,87be63474ffffff,144.92752976222258,-37.67258868364523,50,877
Melbourne,87be63474ffffff,144.9323798882898,-37.683561472848076,50,877
Melbourne,87be63474ffffff,144.93325117138303,-37.68171271011966,50,877
Melbourne,87be63474ffffff,144.93338023645222,-37.67117605536852,50,877
Melbourne,87be63474ffffff,144.9351662493584,-37.67196424551898,50,877
Melbourne,87be63474ffffff,144.93575887094127,-37.670680793001495,50,877
Melbourne,87be63474ffffff,144.93638793443506,-37.67352541892245,50,877
Melbourne,87be634ecffffff,144.8806414461226,-37.56389661390476,50,23
Melbourne,87be63500ffffff,145.16712129867295,-37.74310335020582,50,24
Melbourne,87be63501ffffff,145.12615429158794,-37.757689797573555,50,78
Melbourne,87be63501ffffff,145.1372751778223,-37.75325011701376,50,78
Melbourne,87be63502ffffff,145.16689837990998,-37.732187352597585,50,87
Melbourne,87be63502ffffff,145.17096379200822,-37.7257267281932,50,87
Melbourne,87be63503ffffff,145.13221146298167,-37.735921239338246,50,164
Melbourne,87be63503ffffff,145.14820623620372,-37.74555908574279,50,164
Melbourne,87be63503ffffff,145.15856222559682,-37.72733603867056,50,164
Melbourne,87be63504ffffff,145.19262316209404,-37.77226387934034,50,46
Melbourne,87be63505ffffff,145.1545893465117,-37.771908930448916,50,54
Melbourne,87be63506ffffff,145.1921431946404,-37.743447867401606,50,43
Melbourne,87be63508ffffff,145.0713548232907,-37.737607922474595,50,635
Melbourne,87be63508ffffff,145.07249637347462,-37.741713818758285,50,635
Melbourne,87be63508ffffff,145.07320484089624,-37.74412387712441,50,635
Melbourne,87be63508ffffff,145.07343761954826,-37.736242282931634,50,635
Melbourne,87be63508ffffff,145.07923263636022,-37.73430544825511,50,635
Melbourne,87be63508ffffff,145.08312214846148,-37.733389635071354,50,635
Melbourne,87be63508ffffff,145.08341876761077,-37.74520811083404,50,635
Melbourne,87be63508ffffff,145.08343990177454,-37.74243890027165,50,635
Melbourne,87be63508ffffff,145.08414111547216,-37.751291943204635,50,635
Melbourne,87be63508ffffff,145.08812668927774,-37.747307061980074,50,635
Melbourne,87be63508ffffff,145.0920842690058,-37.74679540844148,50,635
Melbourne,87be63508ffffff,145.09473414301095,-37.73904133623359,50,635
Melbourne,87be63508ffffff,145.09766147305356,-37.74487425049745,50,635
Melbourne,87be63509ffffff,145.04166862204838,-37.73931806374384,50,58
Melbourne,87be6350affffff,145.09358248099505,-37.71217457711501,50,85
Melbourne,87be6350affffff,145.09937787958998,-37.728118864661354,50,85
Melbourne,87be6350bffffff,145.05210556805213,-37.72138725178868,50,533
Melbourne,87be6350bffffff,145.05670325130419,-37.71332631600595,50,533
Melbourne,87be6350bffffff,145.0589609026432,-37.71513314887274,50,533
Melbourne,87be6350bffffff,145.063196562067,-37.72128772993149,50,533
Melbourne,87be6350bffffff,145.06442120799966,-37.72800729252118,50,533
Melbourne,87be6350bffffff,145.0668308291695,-37.72680543970264,50,533
Melbourne,87be6350bffffff,145.06941355295064,-37.724060072073804,50,533
Melbourne,87be6350bffffff,145.07135639638744,-37.72250994202984,50,533
Melbourne,87be6350bffffff,145.07551982691484,-37.71950750283915,50,533
Melbourne,87be6350bffffff,145.0756574017924,-37.716668423512054,50,533
Melbourne,87be6350bffffff,145.07968893160034,-37.71769689738281,50,533
Melbourne,87be6350cffffff,145.09538442990205,-37.751047461698924,50,44
Melbourne,87be6350dffffff,145.06769108270677,-37.76044654772306,50,32
Melbourne,87be6350effffff,145.10172097026876,-37.731119507736814,50,31
Melbourne,87be63514ffffff,145.2333787603648,-37.71933435496538,50,22
Melbourne,87be63515ffffff,145.21727766290027,-37.72510643681242,50,24
Melbourne,87be63518ffffff,145.1362426188727,-37.69754696971272,50,98
Melbourne,87be63518ffffff,145.1375978674945,-37.70234362527537,50,98
Melbourne,87be63519ffffff,145.09511105546437,-37.70127698663466,50,235
Melbourne,87be63519ffffff,145.106263019841,-37.688005044641415,50,235
Melbourne,87be63519ffffff,145.1139287314125,-37.69089560992721,50,235
Melbourne,87be63519ffffff,145.1147408190291,-37.6944186252493,50,235
Melbourne,87be63519ffffff,145.11969760536726,-37.6882166535749,50,235
Melbourne,87be6351affffff,145.15834381310827,-37.67067051224803,50,51
Melbourne,87be6351bffffff,145.1097054387917,-37.67681994000659,50,128
Melbourne,87be6351bffffff,145.11990987720097,-37.67463772232142,50,128
Melbourne,87be6351bffffff,145.12182809885454,-37.68167661620626,50,128
Melbourne,87be6351cffffff,145.1430020127403,-37.7105351914574,50,133
Melbourne,87be6351cffffff,145.1483674161521,-37.706436051300415,50,133
Melbourne,87be6351cffffff,145.15959290440114,-37.70344353055722,50,133
Melbourne,87be6351dffffff,145.12128747494762,-37.70609085217856,50,235
Melbourne,87be6351dffffff,145.12434763561188,-37.71862066194974,50,235
Melbourne,87be6351dffffff,145.1331795279266,-37.712863339928845,50,235
Melbourne,87be6351dffffff,145.13397620798494,-37.70952240419788,50,235
Melbourne,87be6351dffffff,145.1365353820967,-37.71927644620217,50,235
Melbourne,87be6351effffff,145.17009483304415,-37.679441263655946,50,49
Melbourne,87be63520ffffff,145.1836632804727,-37.8149602250282,50,51
Melbourne,87be63521ffffff,145.1526624419043,-37.8155358767102,50,128
Melbourne,87be63521ffffff,145.16087226915383,-37.81589997785121,50,128
Melbourne,87be63521ffffff,145.1707657635853,-37.81624430585452,50,128
Melbourne,87be63523ffffff,145.17147320115012,-37.80549946472976,50,34
Melbourne,87be63524ffffff,145.2165324397106,-37.82596248801115,50,72
Melbourne,87be63524ffffff,145.21791241208632,-37.83123755302244,50,72
Melbourne,87be63525ffffff,145.18370767368282,-37.83248141026,50,49
Melbourne,87be63526ffffff,145.22113574065955,-37.821311556299584,50,64
Melbourne,87be63528ffffff,145.11175449291196,-37.79302367364351,50,61
Melbourne,87be63529ffffff,145.0841180058822,-37.80307154975917,50,72
Melbourne,87be63529ffffff,145.08431430454377,-37.81230697610751,50,72
Melbourne,87be6352affffff,145.11816554205524,-37.77755774398534,50,47
Melbourne,87be6352bffffff,145.08621238279528,-37.78860060381122,50,71
Melbourne,87be6352bffffff,145.0982417025479,-37.786696756644005,50,71
Melbourne,87be6352cffffff,145.11916716225414,-37.81365676513898,50,24
Melbourne,87be6352dffffff,145.09085341007517,-37.82844916072481,50,31
Melbourne,87be6352effffff,145.14605965942673,-37.789765196318456,50,23
Melbourne,87be63533ffffff,145.22350001927362,-37.75172260791709,50,33
Melbourne,87be63534ffffff,145.25244290304664,-37.78660714224557,50,48
Melbourne,87be63540ffffff,144.9451004781918,-37.77005160665439,50,117
Melbourne,87be63540ffffff,144.96352011698178,-37.765928101478146,50,117
Melbourne,87be63544ffffff,144.9645844218663,-37.787524616748314,50,20
Melbourne,87be63545ffffff,144.93636270188935,-37.80522303069605,50,358
Melbourne,87be63545ffffff,144.94337299914744,-37.802160696174994,50,358
Melbourne,87be63545ffffff,144.94764061327749,-37.808775411825344,50,358
Melbourne,87be63545ffffff,144.94891883696374,-37.804388137486825,50,358
Melbourne,87be63545ffffff,144.94985785614318,-37.80618881696731,50,358
Melbourne,87be63545ffffff,144.95533207245816,-37.795870708147156,50,358
Melbourne,87be63545ffffff,144.95625780354064,-37.792017937975075,50,358
Melbourne,87be63546ffffff,144.99078755485354,-37.77076344096571,50,20
Melbourne,87be63556ffffff,145.0224199760244,-37.724779421258106,50,335
Melbourne,87be63556ffffff,145.02701335380482,-37.72894847415416,50,335
Melbourne,87be63556ffffff,145.03189352897311,-37.72912201204706,50,335
Melbourne,87be63556ffffff,145.037008241634,-37.728302942081875,50,335
Melbourne,87be63556ffffff,145.0433681032752,-37.730786661304236,50,335
Melbourne,87be63556ffffff,145.04546577610907,-37.72841574535521,50,335
Melbourne,87be63556ffffff,145.04557511218724,-37.72206813131112,50,335
Melbourne,87be63558ffffff,144.92426420169866,-37.72016158733407,50,25
Melbourne,87be6355affffff,144.94110644439507,-37.69876378382242,50,20
Melbourne,87be6355bffffff,144.90699281477274,-37.69392738744927,50,86
Melbourne,87be6355bffffff,144.9137434731552,-37.70145551513188,50,86
Melbourne,87be6355effffff,144.95246594491027,-37.70819696212129,50,66
Melbourne,87be63560ffffff,144.973962611313,-37.83492666187907,50,84
Melbourne,87be63560ffffff,144.98513606620418,-37.83171253186529,50,84
Melbourne,87be63563ffffff,144.97774476198953,-37.818000673531415,50,33
Melbourne,87be63566ffffff,145.02143828272986,-37.8290764164363,50,42
Melbourne,87be63568ffffff,144.89390870420308,-37.81889135415722,50,31
Melbourne,87be63570ffffff,145.02596611330466,-37.778338340235045,50,103
Melbourne,87be63570ffffff,145.0389803950685,-37.795614524588466,50,103
Melbourne,87be63571ffffff,144.99728283774863,-37.79951642126897,50,421
Melbourne,87be63571ffffff,144.99865219772786,-37.78185802270085,50,421
Melbourne,87be63571ffffff,145.00052152400374,-37.791205939144426,50,421
Melbourne,87be63571ffffff,145.0006363548497,-37.78092510380345,50,421
Melbourne,87be63571ffffff,145.00140698231536,-37.78287853950814,50,421
Melbourne,87be63571ffffff,145.00742819498393,-37.78310352660576,50,421
Melbourne,87be63571ffffff,145.0084249427783,-37.78639307225729,50,421
Melbourne,87be63571ffffff,145.01441187703105,-37.78269013964778,50,421
Melbourne,87be63571ffffff,145.01452445463184,-37.7966972429024,50,421
Melbourne,87be63572ffffff,145.05805989251382,-37.76711600268101,50,34
Melbourne,87be63573ffffff,145.01054388378242,-37.75984895871765,50,68
Melbourne,87be63575ffffff,145.02362215110313,-37.80420548005651,50,30
Melbourne,87be63576ffffff,145.06775153931133,-37.78785461574447,50,27
Melbourne,87be63589ffffff,145.13906422935457,-37.58853558103363,50,49
Melbourne,87be635a8ffffff,145.19197368305868,-37.63684143352114,50,67
Melbourne,87be635adffffff,145.17537995084427,-37.6687118681571,50,44
Melbourne,87be63724ffffff,144.67153594330046,-37.73682659656982,50,35
Melbourne,87be63726ffffff,144.67478680897503,-37.72979316318578,50,39
Melbourne,87be63809ffffff,144.7537930392732,-38.357943878397684,50,74
Melbourne,87be63809ffffff,144.75987612742063,-38.35620747854019,50,74
Melbourne,87be6382effffff,144.83866509467478,-38.42732100963047,50,45
Melbourne,87be638edffffff,144.67455334195807,-38.313773186624125,50,26
Melbourne,87be63c09ffffff,145.10137636401842,-38.0272913934148,50,320
Melbourne,87be63c09ffffff,145.10546617408582,-38.02327862444179,50,320
Melbourne,87be63c09ffffff,145.10965616127095,-38.01895332847753,50,320
Melbourne,87be63c09ffffff,145.11682892568228,-38.039974265147585,50,320
Melbourne,87be63c09ffffff,145.11957035876006,-38.02354147705601,50,320
Melbourne,87be63c09ffffff,145.1204717595176,-38.032153621367485,50,320
Melbourne,87be63c09ffffff,145.1219078812143,-38.035340335186035,50,320
Melbourne,87be63c0affffff,145.15229041476584,-38.015502991423745,50,75
Melbourne,87be63c0affffff,145.16264223411125,-38.00229989556009,50,75
Melbourne,87be63c0bffffff,145.11601594199163,-38.01330517389857,50,210
Melbourne,87be63c0bffffff,145.1167975804562,-37.99856862097289,50,210
Melbourne,87be63c0bffffff,145.1204650212404,-38.005153159163974,50,210
Melbourne,87be63c0bffffff,145.13609585809095,-38.011348532306904,50,210
Melbourne,87be63c0cffffff,145.17090517241598,-38.05190390311704,50,32
Melbourne,87be63c0dffffff,145.11550028550673,-38.052802016879355,50,71
Melbourne,87be63c0dffffff,145.11957211024415,-38.04423888647712,50,71
Melbourne,87be63c14ffffff,145.2925428433981,-38.02141578227469,50,19
Melbourne,87be63c19ffffff,145.1560726166735,-37.970503472636864,50,48
Melbourne,87be63c1bffffff,145.17680100059926,-37.95021736011437,50,34
Melbourne,87be63c1effffff,145.21441573643907,-37.981024491034184,50,211
Melbourne,87be63c1effffff,145.2144930626806,-37.969330122225706,50,211
Melbourne,87be63c1effffff,145.21466458510355,-37.96663152022211,50,211
Melbourne,87be63c1effffff,145.2161904087097,-37.973183663799226,50,211
Melbourne,87be63c21ffffff,145.22497405356503,-38.09561951290167,50,20
Melbourne,87be63c28ffffff,145.15993218057042,-38.08464855533841,50,247
Melbourne,87be63c28ffffff,145.16164427473464,-38.087208053840165,50,247
Melbourne,87be63c28ffffff,145.16548926948997,-38.07360979002585,50,247
Melbourne,87be63c28ffffff,145.16784205159172,-38.09620041717121,50,247
Melbourne,87be63c28ffffff,145.17238906108227,-38.0946193098998,50,247
Melbourne,87be63c29ffffff,145.1247484140171,-38.09312982794258,50,309
Melbourne,87be63c29ffffff,145.12809469565332,-38.08654595465721,50,309
Melbourne,87be63c29ffffff,145.1282607450887,-38.094758507787915,50,309
Melbourne,87be63c29ffffff,145.13047555845458,-38.08646874686663,50,309
Melbourne,87be63c29ffffff,145.1337364614825,-38.08905776440282,50,309
Melbourne,87be63c29ffffff,145.14718619815082,-38.09544728858971,50,309
Melbourne,87be63c2affffff,145.1639736585109,-38.06067999202199,50,207
Melbourne,87be63c2affffff,145.16527744170085,-38.06388462071948,50,207
Melbourne,87be63c2affffff,145.17102630658627,-38.057409208958504,50,207
Melbourne,87be63c2affffff,145.189772684197,-38.069574982973265,50,207
Melbourne,87be63c2bffffff,145.14797110344207,-38.05775239579991,50,34
Melbourne,87be63c33ffffff,145.26642931125713,-38.03480302196455,50,196
Melbourne,87be63c33ffffff,145.2733108881921,-38.02096210860474,50,196
Melbourne,87be63c33ffffff,145.28368317572426,-38.04238463390814,50,196
Melbourne,87be63c33ffffff,145.2885174692622,-38.03171703459707,50,196
Melbourne,87be63c36ffffff,145.3326740107683,-38.03710232397128,50,19
Melbourne,87be63c53ffffff,145.03093172633288,-37.99108929552026,50,498
Melbourne,87be63c53ffffff,145.031386278691,-37.98863333012949,50,498
Melbourne,87be63c53ffffff,145.03390656155844,-37.989762556309415,50,498
Melbourne,87be63c53ffffff,145.03504937772968,-37.99461860832594,50,498
Melbourne,87be63c53ffffff,145.03751277257638,-37.988862328400806,50,498
Melbourne,87be63c53ffffff,145.03950039748173,-37.987982302304665,50,498
Melbourne,87be63c53ffffff,145.04044805318858,-37.9916759142831,50,498
Melbourne,87be63c53ffffff,145.04267975492124,-37.986880026248166,50,498
Melbourne,87be63c53ffffff,145.04410647875545,-37.98464983356014,50,498
Melbourne,87be63c53ffffff,145.04855345166487,-37.98635545201777,50,498
Melbourne,87be63c56ffffff,145.10067660737812,-38.006515908638036,50,20
Melbourne,87be63c84ffffff,145.3147601115527,-37.90384855775783,50,95
Melbourne,87be63c84ffffff,145.31888651612348,-37.91190479219211,50,95
Melbourne,87be63c86ffffff,145.32940204593453,-37.86961538686761,50,42
Melbourne,87be63c89ffffff,145.17419595225405,-37.869998900109806,50,383
Melbourne,87be63c89ffffff,145.17897217300003,-37.87903010247701,50,383
Melbourne,87be63c89ffffff,145.17988401528342,-37.885102044565436,50,383
Melbourne,87be63c89ffffff,145.1815457286036,-37.87165656803266,50,383
Melbourne,87be63c89ffffff,145.19241780169256,-37.87808526150093,50,383
Melbourne,87be63c89ffffff,145.19250471769786,-37.8681357925452,50,383
Melbourne,87be63c89ffffff,145.19494933557903,-37.88087321948781,50,383
Melbourne,87be63c89ffffff,145.2006294334434,-37.87593277748493,50,383
Melbourne,87be63c8affffff,145.23568700688227,-37.855653314863076,50,37
Melbourne,87be63c8bffffff,145.18918282456727,-37.8443806155219,50,57
Melbourne,87be63c8dffffff,145.1951076582651,-37.89869327541214,50,171
Melbourne,87be63c8dffffff,145.20094610445628,-37.896894958299654,50,171
Melbourne,87be63c8dffffff,145.20344115573963,-37.89672482456282,50,171
Melbourne,87be63c8dffffff,145.20482456679406,-37.890952449404736,50,171
Melbourne,87be63c8effffff,145.24207057231155,-37.86432763081767,50,36
Melbourne,87be63c91ffffff,145.30506124913126,-37.84222883214668,50,80
Melbourne,87be63c91ffffff,145.3148133534094,-37.841334985787086,50,80
Melbourne,87be63c95ffffff,145.33879997999765,-37.85132044995105,50,23
Melbourne,87be63c99ffffff,145.2250268702015,-37.82711531110477,50,92
Melbourne,87be63c99ffffff,145.2423522987541,-37.83725978615132,50,92
Melbourne,87be63c9affffff,145.28769239138774,-37.80286681258186,50,57
Melbourne,87be63c9bffffff,145.24224028465264,-37.79709169944327,50,21
Melbourne,87be63ca9ffffff,145.19960989276348,-37.94029083074547,50,151
Melbourne,87be63ca9ffffff,145.2102916886091,-37.93268934031718,50,151
Melbourne,87be63ca9ffffff,145.21461128057658,-37.941585916895995,50,151
Melbourne,87be63caaffffff,145.26475698498115,-37.91432289094978,50,61
Melbourne,87be63cabffffff,145.22756284603113,-37.90247137695764,50,87
Melbourne,87be63cabffffff,145.23469898798703,-37.9120643445118,50,87
Melbourne,87be63cadffffff,145.24026112338842,-37.952945999694194,50,50
Melbourne,87be63cb0ffffff,145.3796268511442,-37.90546802850387,50,53
Melbourne,87be63cb3ffffff,145.34771230005717,-37.87701540981799,50,35
Melbourne,87be63cc0ffffff,145.0815405160827,-37.91444730410765,50,28
Melbourne,87be63cc5ffffff,145.07796369073913,-37.92701981100044,50,19
Melbourne,87be63cc6ffffff,145.12349203576173,-37.89730149233193,50,37
Melbourne,87be63ccbffffff,144.98294330055265,-37.88121035733478,50,98
Melbourne,87be63ccbffffff,144.99976943273464,-37.87925837687755,50,98
Melbourne,87be63cd0ffffff,145.14076102199283,-37.848273177466226,50,95
Melbourne,87be63cd0ffffff,145.1453816161997,-37.85885593360676,50,95
Melbourne,87be63cd1ffffff,145.1053849875635,-37.85178954009156,50,40
Melbourne,87be63cd2ffffff,145.13607999078764,-37.83142357146368,50,625
Melbourne,87be63cd2ffffff,145.13807703872791,-37.83093753479955,50,625
Melbourne,87be63cd2ffffff,145.13821993988924,-37.84311125177647,50,625
Melbourne,87be63cd2ffffff,145.1424035390342,-37.838375231166594,50,625
Melbourne,87be63cd2ffffff,145.143863084413,-37.83919778085178,50,625
Melbourne,87be63cd2ffffff,145.14491529613454,-37.845844230226184,50,625
Melbourne,87be63cd2ffffff,145.14744008455386,-37.83269960815085,50,625
Melbourne,87be63cd2ffffff,145.1503705895448,-37.83102279865566,50,625
Melbourne,87be63cd2ffffff,145.15540242001322,-37.84162150572013,50,625
Melbourne,87be63cd2ffffff,145.1598473029,-37.84290233909838,50,625
Melbourne,87be63cd2ffffff,145.1609278617434,-37.840832895263,50,625
Melbourne,87be63cd2ffffff,145.16178917269787,-37.83612489183904,50,625
Melbourne,87be63cd2ffffff,145.16218615528075,-37.84217349732827,50,625
Melbourne,87be63cd3ffffff,145.12282887816923,-37.84143591489811,50,141
Melbourne,87be63cd3ffffff,145.1234433591075,-37.84787811890937,50,141
Melbourne,87be63cd3ffffff,145.12621895220968,-37.83799208421258,50,141
Melbourne,87be63cd4ffffff,145.15393656612832,-37.86936017387533,50,80
Melbourne,87be63cd4ffffff,145.16381555178953,-37.877859669734434,50,80
Melbourne,87be63cd5ffffff,145.11791891844754,-37.8819105627981,50,160
Melbourne,87be63cd5ffffff,145.1317747130918,-37.874272519190605,50,160
Melbourne,87be63cd5ffffff,145.14112190840572,-37.87721563712824,50,160
Melbourne,87be63cd6ffffff,145.15908079907106,-37.860627447590076,50,46
Melbourne,87be63cd8ffffff,145.0546317732159,-37.8468883032386,50,38
Melbourne,87be63cdaffffff,145.08066035801284,-37.830947704356035,50,47
Melbourne,87be63cdbffffff,145.0334211157426,-37.820384144664295,50,19
Melbourne,87be63cdcffffff,145.0841280334808,-37.87478545806879,50,60
Melbourne,87be63cddffffff,145.03910272530686,-37.87039361857785,50,25
Melbourne,87be63cdeffffff,145.07978519991892,-37.84605217067582,50,206
Melbourne,87be63cdeffffff,145.08733441545337,-37.85483540430154,50,206
Melbourne,87be63cdeffffff,145.09382868991372,-37.85420638711805,50,206
Melbourne,87be63cdeffffff,145.1034370773863,-37.84002134460012,50,206
Melbourne,87be63ce2ffffff,145.13538337951837,-37.93998341756437,50,24
Melbourne,87be63ce3ffffff,145.0823707614355,-37.94731567294689,50,229
Melbourne,87be63ce3ffffff,145.091014976666,-37.953044892985965,50,229
Melbourne,87be63ce3ffffff,145.09600935818872,-37.955446985245366,50,229
Melbourne,87be63ce3ffffff,145.10411352744552,-37.949327876145055,50,229
Melbourne,87be63ce3ffffff,145.10642757253046,-37.95496166442856,50,229
Melbourne,87be63ce4ffffff,145.12816145508413,-37.97414769770566,50,214
Melbourne,87be63ce4ffffff,145.13349025585654,-37.975598880601964,50,214
Melbourne,87be63ce4ffffff,145.13859836053587,-37.98937470894456,50,214
Melbourne,87be63ce4ffffff,145.14638251519975,-37.98539965053497,50,214
Melbourne,87be63ce6ffffff,145.14413749863257,-37.96131152377817,50,19
Melbourne,87be63cecffffff,145.05565904325388,-37.98257375159002,50,52
Melbourne,87be63cedffffff,145.03089790505942,-37.983351970245025,50,23
Melbourne,87be63cf1ffffff,145.13524114073098,-37.93032723504057,50,58
Melbourne,87be63cf2ffffff,145.1690076271086,-37.89494267787146,50,81
Melbourne,87be63cf2ffffff,145.1843792853943,-37.89671876182262,50,81
Melbourne,87be63cf3ffffff,145.13345536149762,-37.899881757830826,50,30
Melbourne,87be63cf4ffffff,145.17967470900774,-37.93260925415449,50,28
Melbourne,87be63cf6ffffff,145.18545872073366,-37.908471096333486,50,340
Melbourne,87be63cf6ffffff,145.1870785278837,-37.9163393558354,50,340
Melbourne,87be63cf6ffffff,145.1889273332698,-37.92640764839277,50,340
Melbourne,87be63cf6ffffff,145.19343736428388,-37.908815569565675,50,340
Melbourne,87be63cf6ffffff,145.19751273085407,-37.927823362475564,50,340
Melbourne,87be63cf6ffffff,145.1996513818361,-37.92590294936919,50,340
Melbourne,87be63cf6ffffff,145.20227435298952,-37.9246974285419,50,340
Melbourne,87be63d0affffff,145.267690650357,-38.13693693801523,50,95
Melbourne,87be63d0affffff,145.29242614010113,-38.13596516163237,50,95
Melbourne,87be63d1cffffff,145.33191817683436,-38.12467715696146,50,71
Melbourne,87be63d1cffffff,145.33591601421597,-38.129162286866396,50,71
Melbourne,87be63da0ffffff,145.44720991854314,-38.08301612091134,50,140
Melbourne,87be63da0ffffff,145.4563617221868,-38.06627669036952,50,140
Melbourne,87be63da0ffffff,145.46279847681697,-38.06610288505501,50,140
Melbourne,87be63dabffffff,145.36651913291635,-38.037940310600234,50,64
Melbourne,87be63dadffffff,145.36841615330553,-38.08437944871461,50,31
Perth,87a726459ffffff,115.70012194486405,-31.6004784617598,50,904
Perth,87a726459ffffff,115.70039863176825,-31.60221187164429,50,904
Perth,87a726459ffffff,115.70083234612731,-31.59896366476275,50,904
Perth,87a726459ffffff,115.7013309069455,-31.597057754884176,50,904
Perth,87a726459ffffff,115.70190363785098,-31.594859893361587,50,904
Perth,87a726459ffffff,115.70215105928763,-31.60342534366967,50,904
Perth,87a726459ffffff,115.70228026954297,-31.601626483824685,50,904
Perth,87a726459ffffff,115.70290016951277,-31.599328253584044,50,904
Perth,87a726459ffffff,115.70390442849038,-31.596901894922134,50,904
Perth,87a726459ffffff,115.7048478785378,-31.602348162185322,50,904
Perth,87a726459ffffff,115.70641558790678,-31.600712961986545,50,904
Perth,87a726459ffffff,115.706594762022,-31.605412225481423,50,904
Perth,87a726459ffffff,115.70677614859116,-31.603796142881357,50,904
Perth,87a726459ffffff,115.70838746656813,-31.606520199844727,50,904
Perth,87a726459ffffff,115.70879212610672,-31.605210319942252,50,904
Perth,87a726459ffffff,115.70904072733332,-31.60317292038496,50,904
Perth,87a726459ffffff,115.70919594773255,-31.60859815334408,50,904
Perth,87a726459ffffff,115.71112199424248,-31.607787148810193,50,904
Perth,87a726474ffffff,115.79043834180146,-31.69060896172299,50,55
Perth,87a726571ffffff,115.79746514409052,-31.798471533418176,50,761
Perth,87a726571ffffff,115.7995993664418,-31.806588468914246,50,761
Perth,87a726571ffffff,115.80247973031558,-31.79463930348588,50,761
Perth,87a726571ffffff,115.80281453171402,-31.80213880351673,50,761
Perth,87a726571ffffff,115.80422721042058,-31.800574840949217,50,761
Perth,87a726571ffffff,115.80758450729527,-31.79851478858754,50,761
Perth,87a726571ffffff,115.80950806767292,-31.79219104541651,50,761
Perth,87a726571ffffff,115.8095537175531,-31.79541860844287,50,761
Perth,87a726571ffffff,115.81154637087876,-31.797355030151863,50,761
Perth,87a726571ffffff,115.8137988706108,-31.803885223640982,50,761
Perth,87a726571ffffff,115.81512078404255,-31.797157291784117,50,761
Perth,87a726571ffffff,115.81619794478506,-31.80452672013677,50,761
Perth,87a726571ffffff,115.81712271241065,-31.799692771722583,50,761
Perth,87a726571ffffff,115.81714555618358,-31.80184093981803,50,761
Perth,87a726571ffffff,115.81881826132538,-31.79912517085061,50,761
Perth,87a726c08ffffff,115.79883721323569,-32.00140580424275,50,2777
Perth,87a726c08ffffff,115.79942796754663,-31.999431741748527,50,2777
Perth,87a726c08ffffff,115.79977015664237,-32.00235997164677,50,2777
Perth,87a726c08ffffff,115.79990098607415,-32.000598034087105,50,2777
Perth,87a726c08ffffff,115.80064425287583,-31.99738543486886,50,2777
Perth,87a726c08ffffff,115.80144633366122,-31.994551605186416,50,2777
Perth,87a726c08ffffff,115.80154839777593,-31.99920179874357,50,2777
Perth,87a726c08ffffff,115.80185604485084,-32.002116981222116,50,2777
Perth,87a726c08ffffff,115.80199546997066,-31.9971133439913,50,2777
Perth,87a726c08ffffff,115.80207609803395,-32.00066918908494,50,2777
Perth,87a726c08ffffff,115.80219192970144,-31.99248629429072,50,2777
Perth,87a726c08ffffff,115.80300243348435,-31.99579428679952,50,2777
Perth,87a726c08ffffff,115.80353379961775,-31.997921864493417,50,2777
Perth,87a726c08ffffff,115.80368303447511,-32.001497866701094,50,2777
Perth,87a726c08ffffff,115.80369284262989,-31.99233840778226,50,2777
Perth,87a726c08ffffff,115.80370955873278,-31.999257163714727,50,2777
Perth,87a726c08ffffff,115.80449984427794,-31.996821985299803,50,2777
Perth,87a726c08ffffff,115.8045926782859,-32.00243535118687,50,2777
Perth,87a726c08ffffff,115.8048502298918,-31.993941800096614,50,2777
Perth,87a726c08ffffff,115.80513663250431,-31.991674367642904,50,2777
Perth,87a726c08ffffff,115.80513680543585,-31.995548548124635,50,2777
Perth,87a726c08ffffff,115.80546696625935,-31.99887518555931,50,2777
Perth,87a726c08ffffff,115.8061018341619,-32.000386628641806,50,2777
Perth,87a726c08ffffff,115.80623428547528,-31.99345254410818,50,2777
Perth,87a726c08ffffff,115.80629564929357,-31.997654132756587,50,2777
Perth,87a726c08ffffff,115.80702825071825,-31.990986400378127,50,2777
Perth,87a726c08ffffff,115.80718098949552,-32.001120485629194,50,2777
Perth,87a726c08ffffff,115.80719724281353,-31.992605273871103,50,2777
Perth,87a726c08ffffff,115.8072140959225,-31.996716980462516,50,2777
Perth,87a726c08ffffff,115.80724179461457,-31.994379967068728,50,2777
Perth,87a726c08ffffff,115.80774282364888,-31.999575111202972,50,2777
Perth,87a726c08ffffff,115.80781970185436,-31.995618711060555,50,2777
Perth,87a726c08ffffff,115.80850120410864,-31.997112110656396,50,2777
Perth,87a726c08ffffff,115.80872703229728,-32.001090316189256,50,2777
Perth,87a726c08ffffff,115.8089887013659,-31.99451171584199,50,2777
Perth,87a726c08ffffff,115.80911139080503,-31.99318300161717,50,2777
Perth,87a726c08ffffff,115.80952848892495,-31.99875900305382,50,2777
Perth,87a726c08ffffff,115.8096122621102,-31.990494111128278,50,2777
Perth,87a726c08ffffff,115.81043965704129,-31.997725073412724,50,2777
Perth,87a726c08ffffff,115.81047877859073,-31.99473524190179,50,2777
Perth,87a726c08ffffff,115.81066415722775,-31.993131006725864,50,2777
Perth,87a726c08ffffff,115.81066742461381,-31.9913901196034,50,2777
Perth,87a726c08ffffff,115.81081155748541,-31.996236770356397,50,2777
Perth,87a726c08ffffff,115.81138121563116,-31.999154091045117,50,2777
Perth,87a726c08ffffff,115.81139525954482,-31.990236280898504,50,2777
Perth,87a726c08ffffff,115.8119452473839,-31.998075022516378,50,2777
Perth,87a726c08ffffff,115.81204023770255,-31.995428180823243,50,2777
Perth,87a726c08ffffff,115.81225411742415,-31.993237938026045,50,2777
Perth,87a726c08ffffff,115.8124185643094,-31.99184443268277,50,2777
Perth,87a726c08ffffff,115.81280142010291,-31.990621235806152,50,2777
Perth,87a726c08ffffff,115.81319854703003,-31.994328599616072,50,2777
Perth,87a726c08ffffff,115.8140345003257,-31.991363268041667,50,2777
Perth,87a726c08ffffff,115.81445916958636,-31.98999074938548,50,2777
Perth,87a726c08ffffff,115.8148689578539,-31.992315795207357,50,2777
Perth,87a726c08ffffff,115.8159759519477,-31.98941098064443,50,2777
Perth,87a726c08ffffff,115.8159953096454,-31.990691945805544,50,2777
Perth,87a726c11ffffff,115.88840785974156,-32.00360944849422,50,1139
Perth,87a726c11ffffff,115.89066648803411,-31.99826897577551,50,1139
Perth,87a726c11ffffff,115.89212363453912,-32.006278426560065,50,1139
Perth,87a726c11ffffff,115.89270439356848,-32.01011235040817,50,1139
Perth,87a726c11ffffff,115.89313330437666,-32.00453666535754,50,1139
Perth,87a726c11ffffff,115.89351425296839,-31.99800867482579,50,1139
Perth,87a726c11ffffff,115.89493815464562,-32.00240535121744,50,1139
Perth,87a726c11ffffff,115.89531082985108,-32.008069662405255,50,1139
Perth,87a726c11ffffff,115.89700184152629,-32.008288761945124,50,1139
Perth,87a726c11ffffff,115.89747353496652,-32.01035173808264,50,1139
Perth,87a726c11ffffff,115.89896703952368,-31.99883678141645,50,1139
Perth,87a726c11ffffff,115.89910311941408,-32.003737331472024,50,1139
Perth,87a726c11ffffff,115.90083370650117,-32.00458774772057,50,1139
Perth,87a726c11ffffff,115.90111528162817,-32.00228820590784,50,1139
Perth,87a726c11ffffff,115.90167438328523,-32.01261151147307,50,1139
Perth,87a726c11ffffff,115.90285638131613,-32.0024077953191,50,1139
Perth,87a726c11ffffff,115.9043826190874,-32.006095451708795,50,1139
Perth,87a726c11ffffff,115.90486741076396,-32.004195402227914,50,1139
Perth,87a726c11ffffff,115.90636218993782,-32.008486601257204,50,1139
Perth,87a726c11ffffff,115.90926565058382,-32.00315564937071,50,1139
Perth,87a726c11ffffff,115.91028566527181,-32.01145401899388,50,1139
Perth,87a726c11ffffff,115.91030550393408,-32.00888826357835,50,1139
Perth,87a726c11ffffff,115.91067807396884,-32.005084455239704,50,1139
Perth,87a726c98ffffff,115.9783031544363,-31.897970333164636,50,862
Perth,87a726c98ffffff,115.9785610969059,-31.89587333252418,50,862
Perth,87a726c98ffffff,115.97976990926487,-31.892384894182758,50,862
Perth,87a726c98ffffff,115.98111669404095,-31.89065231857546,50,862
Perth,87a726c98ffffff,115.98231836511042,-31.90069370869347,50,862
Perth,87a726c98ffffff,115.98323069851068,-31.893842713303734,50,862
Perth,87a726c98ffffff,115.98363720096512,-31.891382019391347,50,862
Perth,87a726c98ffffff,115.98391143129197,-31.8985195218313,50,862
Perth,87a726c98ffffff,115.98511413144712,-31.893716678791723,50,862
Perth,87a726c98ffffff,115.98548799621258,-31.88729596981183,50,862
Perth,87a726c98ffffff,115.98649039804747,-31.897113747713092,50,862
Perth,87a726c98ffffff,115.98690832241786,-31.893408833707245,50,862
Perth,87a726c98ffffff,115.99015817642547,-31.892453522146393,50,862
Perth,87a726c98ffffff,115.99246938567791,-31.89297916620732,50,862
Perth,87a726c98ffffff,115.99452519978755,-31.89314303571836,50,862
Perth,87a726c98ffffff,115.99735561999528,-31.896420943338764,50,862
Perth,87a726c98ffffff,116.00400714463723,-31.893381218086137,50,862
Perth,87a726ca6ffffff,115.99466518596417,-31.99693553551222,50,649
Perth,87a726ca6ffffff,115.99793019932393,-31.993971053820502,50,649
Perth,87a726ca6ffffff,116.00075442041192,-31.99371049103556,50,649
Perth,87a726ca6ffffff,116.00348115441993,-31.9961264886359,50,649
Perth,87a726ca6ffffff,116.00547336654178,-31.994910310916364,50,649
Perth,87a726ca6ffffff,116.00595136019011,-32.00092922415923,50,649
Perth,87a726ca6ffffff,116.00947614060752,-31.993919740819994,50,649
Perth,87a726ca6ffffff,116.0096831127366,-32.00515452581612,50,649
Perth,87a726ca6ffffff,116.01192283381404,-32.00436441824923,50,649
Perth,87a726ca6ffffff,116.01348220664282,-32.00477569471313,50,649
Perth,87a726ca6ffffff,116.01527402094224,-31.99547014458538,50,649
Perth,87a726ca6ffffff,116.01720823292577,-32.00175806102428,50,649
Perth,87a726ca6ffffff,116.01850141102625,-31.99547809550859,50,649
Perth,87a726cc1ffffff,115.78605618517796,-31.89855748139949,50,2131
Perth,87a726cc1ffffff,115.78631851323013,-31.900459062071835,50,2131
Perth,87a726cc1ffffff,115.78724297234147,-31.89289573985809,50,2131
Perth,87a726cc1ffffff,115.78817729994337,-31.897283645088155,50,2131
Perth,87a726cc1ffffff,115.78981014656814,-31.900974260418135,50,2131
Perth,87a726cc1ffffff,115.79033429878324,-31.89601324594951,50,2131
Perth,87a726cc1ffffff,115.79040343802971,-31.89141911288464,50,2131
Perth,87a726cc1ffffff,115.79176293481437,-31.894745769948994,50,2131
Perth,87a726cc1ffffff,115.7922411326317,-31.890247314158085,50,2131
Perth,87a726cc1ffffff,115.792730356617,-31.903894221939677,50,2131
Perth,87a726cc1ffffff,115.79325139402117,-31.905545889983383,50,2131
Perth,87a726cc1ffffff,115.79390733840127,-31.90220551032907,50,2131
Perth,87a726cc1ffffff,115.79491858777087,-31.89518964139122,50,2131
Perth,87a726cc1ffffff,115.79493425274366,-31.900973926497734,50,2131
Perth,87a726cc1ffffff,115.79506866150318,-31.89225451559364,50,2131
Perth,87a726cc1ffffff,115.79540413909015,-31.90707331163354,50,2131
Perth,87a726cc1ffffff,115.79544405672779,-31.888313307821974,50,2131
Perth,87a726cc1ffffff,115.79553193270243,-31.899479049322675,50,2131
Perth,87a726cc1ffffff,115.7957931330738,-31.905468740597048,50,2131
Perth,87a726cc1ffffff,115.7962607702206,-31.891286207422407,50,2131
Perth,87a726cc1ffffff,115.796588574567,-31.90120678525657,50,2131
Perth,87a726cc1ffffff,115.79790498779332,-31.89530471456992,50,2131
Perth,87a726cc1ffffff,115.79819976571486,-31.89282267392503,50,2131
Perth,87a726cc1ffffff,115.79835676691418,-31.888845321397636,50,2131
Perth,87a726cc1ffffff,115.79897381687721,-31.902454008642753,50,2131
Perth,87a726cc1ffffff,115.8004071486556,-31.893115264607108,50,2131
Perth,87a726cc1ffffff,115.8006979916994,-31.899878965627234,50,2131
Perth,87a726cc1ffffff,115.8012695354403,-31.90222540804848,50,2131
Perth,87a726cc1ffffff,115.8018221637213,-31.905143874083638,50,2131
Perth,87a726cc1ffffff,115.8019950631235,-31.896088144668234,50,2131
Perth,87a726cc1ffffff,115.80242573005656,-31.891601243719915,50,2131
Perth,87a726cc1ffffff,115.80332531531924,-31.89859104075876,50,2131
Perth,87a726cc1ffffff,115.80402254419715,-31.90276725114794,50,2131
Perth,87a726cc1ffffff,115.80451003724538,-31.90084097802127,50,2131
Perth,87a726cc1ffffff,115.8051066180327,-31.905557341915532,50,2131
Perth,87a726cc1ffffff,115.80616075505478,-31.891627290899404,50,2131
Perth,87a726cc1ffffff,115.80620120203928,-31.89426921165643,50,2131
Perth,87a726cc1ffffff,115.80635486065312,-31.903186788832258,50,2131
Perth,87a726cc1ffffff,115.80666943826446,-31.89832026345003,50,2131
Perth,87a726cc1ffffff,115.80752919140014,-31.893122561157526,50,2131
Perth,87a726cc1ffffff,115.80845392931137,-31.900383015445676,50,2131
Perth,87a726cc1ffffff,115.80869979624018,-31.898156738760882,50,2131
Perth,87a726cc1ffffff,115.80884938984586,-31.89404689596257,50,2131
Perth,87a726cd6ffffff,115.8899601569177,-31.891942753932646,50,1032
Perth,87a726cd6ffffff,115.89230687399113,-31.893549965875593,50,1032
Perth,87a726cd6ffffff,115.89248729785707,-31.88540719578689,50,1032
Perth,87a726cd6ffffff,115.89390172417866,-31.892002049905553,50,1032
Perth,87a726cd6ffffff,115.89667877707899,-31.893831943131243,50,1032
Perth,87a726cd6ffffff,115.89670537958571,-31.883031665201365,50,1032
Perth,87a726cd6ffffff,115.89773695002539,-31.896046302010912,50,1032
Perth,87a726cd6ffffff,115.89877139331438,-31.887247668074163,50,1032
Perth,87a726cd6ffffff,115.90162338507234,-31.89108772238234,50,1032
Perth,87a726cd6ffffff,115.90233163695248,-31.895217066680832,50,1032
Perth,87a726cd6ffffff,115.90299742799657,-31.899621560226294,50,1032
Perth,87a726cd6ffffff,115.90304644631482,-31.890066933004437,50,1032
Perth,87a726cd6ffffff,115.90346093306194,-31.88505288862599,50,1032
Perth,87a726cd6ffffff,115.90420492185378,-31.88380794156549,50,1032
Perth,87a726cd6ffffff,115.90527274560603,-31.895597856352754,50,1032
Perth,87a726cd6ffffff,115.90691947163282,-31.882540266635925,50,1032
Perth,87a726cd6ffffff,115.90734582030316,-31.89390427299879,50,1032
Perth,87a726cd6ffffff,115.9085923421849,-31.89152361681549,50,1032
Perth,87a726cd6ffffff,115.91018692985256,-31.88792140134022,50,1032
Perth,87a726cd6ffffff,115.91281465045458,-31.890639206909302,50,1032
Perth,87a726cd6ffffff,115.91454721734563,-31.892310482760365,50,1032
Perth,87a726d19ffffff,115.88062172450057,-32.09851813393581,50,1005
Perth,87a726d19ffffff,115.8821073277537,-32.10117644367605,50,1005
Perth,87a726d19ffffff,115.88416450370525,-32.09973148940692,50,1005
Perth,87a726d19ffffff,115.88549699054693,-32.10564181164296,50,1005
Perth,87a726d19ffffff,115.88949628606413,-32.10797286420223,50,1005
Perth,87a726d19ffffff,115.89092519451881,-32.10719413329814,50,1005
Perth,87a726d19ffffff,115.89130863471271,-32.094264468512456,50,1005
Perth,87a726d19ffffff,115.89234602670881,-32.091879313208764,50,1005
Perth,87a726d19ffffff,115.89248421251237,-32.1002760736461,50,1005
Perth,87a726d19ffffff,115.89292536565759,-32.10958140366639,50,1005
Perth,87a726d19ffffff,115.89348849801776,-32.104006712440366,50,1005
Perth,87a726d19ffffff,115.8936958885947,-32.10664443624197,50,1005
Perth,87a726d19ffffff,115.89467750603488,-32.093676118056365,50,1005
Perth,87a726d19ffffff,115.8952880434598,-32.091946461356585,50,1005
Perth,87a726d19ffffff,115.89579952856035,-32.0956753513954,50,1005
Perth,87a726d19ffffff,115.89586486129554,-32.107050745604866,50,1005
Perth,87a726d19ffffff,115.90233401764264,-32.1062713251702,50,1005
Perth,87a726d19ffffff,115.90303285041877,-32.10078332676242,50,1005
Perth,87a726d19ffffff,115.90326941036218,-32.104911176895754,50,1005
Perth,87a726d19ffffff,115.90380765966262,-32.09859547149534,50,1005
Perth,87a726d50ffffff,115.79083715420464,-32.095671185852616,50,998
Perth,87a726d50ffffff,115.79131048563403,-32.098973338344074,50,998
Perth,87a726d50ffffff,115.79251269544358,-32.09580452470636,50,998
Perth,87a726d50ffffff,115.79565842238502,-32.092091734118924,50,998
Perth,87a726d50ffffff,115.79587622840754,-32.10107945436907,50,998
Perth,87a726d50ffffff,115.79779990464236,-32.096033675562424,50,998
Perth,87a726d50ffffff,115.79800057147314,-32.10288423422923,50,998
Perth,87a726d50ffffff,115.79844107380649,-32.09182120466865,50,998
Perth,87a726d50ffffff,115.79906274253703,-32.08738105410784,50,998
Perth,87a726d50ffffff,115.79979657763606,-32.10374633104736,50,998
Perth,87a726d50ffffff,115.80023097888572,-32.096855509075255,50,998
Perth,87a726d50ffffff,115.80066006098527,-32.10228992221031,50,998
Perth,87a726d50ffffff,115.80131934754819,-32.093599112989075,50,998
Perth,87a726d50ffffff,115.80230678660472,-32.08736519069825,50,998
Perth,87a726d50ffffff,115.80514291352044,-32.09074493631646,50,998
Perth,87a726d50ffffff,115.80520039549437,-32.09895001976138,50,998
Perth,87a726d50ffffff,115.80702238363398,-32.09742000596233,50,998
Perth,87a726d50ffffff,115.81008718035446,-32.09275095411622,50,998
Perth,87a726d50ffffff,115.81218690928128,-32.091598961070254,50,998
Perth,87a726d50ffffff,115.81245291586382,-32.099709426879755,50,998
Perth,87a726daeffffff,115.98947573309816,-32.09796259641226,50,213
Perth,87a726daeffffff,115.99574789713431,-32.102949990078415,50,213
Perth,87a726daeffffff,115.99993476913345,-32.084363655119,50,213
Perth,87a726daeffffff,116.00537279244207,-32.09456444899596,50,213
Perth,87c9922cbffffff,115.99965556062347,-32.21516801915114,50,136
Perth,87c9922cbffffff,116.00005896752714,-32.20397023122855,50,136
Perth,87c9922cbffffff,116.005037904864,-32.210080072387434,50,136
Perth,87c99260affffff,116.19853918629443,-31.89774823356432,50,300
Perth,87c99260affffff,116.20005336972552,-31.89387533122473,50,300
Perth,87c99260affffff,116.20375428917518,-31.89277896837459,50,300
Perth,87c99260affffff,116.20411394773468,-31.907309412122416,50,300
Perth,87c99260affffff,116.2067584376557,-31.907579806451764,50,300
Perth,87c99260affffff,116.21661063762028,-31.897656881633818,50,300
Perth,87c993490ffffff,115.79043842126696,-32.19475606614876,50,61
Perth,87c9934acffffff,115.80646112924578,-32.3006358191398,50,393
Perth,87c9934acffffff,115.80937961826228,-32.2987600389377,50,393
Perth,87c9934acffffff,115.809423844741,-32.30047343117735,50,393
Perth,87c9934acffffff,115.80967656735642,-32.30265753811115,50,393
Perth,87c9934acffffff,115.81175375776607,-32.303079127702404,50,393
Perth,87c9934acffffff,115.8147774849922,-32.29937509236794,50,393
Perth,87c9934acffffff,115.81594906491073,-32.300605684301466,50,393
Perth,87c9934acffffff,115.81792467220149,-32.300350684855424,50,393
Sydney,87be081a6ffffff,150.67959851324224,-34.04897452483318,50,97
Sydney,87be081a6ffffff,150.6897423143917,-34.05159329968108,50,97
Sydney,87be081b0ffffff,150.69101352859929,-34.020171844770594,50,26
Sydney,87be081b4ffffff,150.72068693424458,-34.020531451730896,50,22
Sydney,87be08410ffffff,150.80169506006007,-33.63036081972114,50,25
Sydney,87be08412ffffff,150.816216267029,-33.60884694467842,50,30
Sydney,87be08424ffffff,150.80731409256634,-33.75851149317203,50,54
Sydney,87be08425ffffff,150.76909901168523,-33.77202505363221,50,43
Sydney,87be08426ffffff,150.8145690069321,-33.743659348398964,50,53
Sydney,87be08429ffffff,150.6728711372945,-33.741489195085315,50,126
Sydney,87be08429ffffff,150.67989727103767,-33.735289341714164,50,126
Sydney,87be08429ffffff,150.6817212881146,-33.737184446845156,50,126
Sydney,87be0842cffffff,150.7314338834308,-33.75823265096338,50,28
Sydney,87be08442ffffff,150.5749549038284,-33.69187365712487,50,78
Sydney,87be08442ffffff,150.57911345576238,-33.69746843572706,50,78
Sydney,87be08450ffffff,150.60780904261654,-33.66748123206396,50,46
Sydney,87be08455ffffff,150.59155955999833,-33.702835991815434,50,137
Sydney,87be08455ffffff,150.60671585134716,-33.69134419879856,50,137
Sydney,87be08455ffffff,150.60727996911098,-33.69723328370585,50,137
Sydney,87be0845cffffff,150.54957324532765,-33.670512748353076,50,29
Sydney,87be08474ffffff,150.65465450983834,-33.739128860219104,50,81
Sydney,87be08474ffffff,150.65785965952088,-33.74392325448886,50,81
Sydney,87be08475ffffff,150.63628972301368,-33.75389341833034,50,50
Sydney,87be08476ffffff,150.64723726222562,-33.72382345478115,50,34
Sydney,87be084a5ffffff,150.85031168190702,-33.610239397957606,50,39
Sydney,87be084adffffff,150.75539934919772,-33.60025372289137,50,28
Sydney,87be08502ffffff,150.89491088077543,-33.77807894694188,50,34
Sydney,87be08509ffffff,150.78850154169646,-33.80719686071525,50,42
Sydney,87be0850affffff,150.82017432024324,-33.78619162339232,50,36
Sydney,87be0850bffffff,150.80327549886167,-33.780375965220905,50,46
Sydney,87be08510ffffff,150.94414663482175,-33.75338038234248,50,29
Sydney,87be08511ffffff,150.9139344487976,-33.77291390501213,50,61
Sydney,87be08513ffffff,150.913138531428,-33.74184756063855,50,61
Sydney,87be08515ffffff,150.91844212199535,-33.78418704695279,50,94
Sydney,87be08515ffffff,150.92587942730086,-33.780602218482606,50,94
Sydney,87be08516ffffff,150.97430201709233,-33.75146986010253,50,22
Sydney,87be08518ffffff,150.85299529251992,-33.75610671006622,50,49
Sydney,87be08519ffffff,150.81806064153935,-33.758046064495254,50,26
Sydney,87be0851affffff,150.8586085798188,-33.73393733981016,50,23
Sydney,87be0851bffffff,150.82977985624564,-33.74180453732113,50,24
Sydney,87be0851cffffff,150.86376139958787,-33.768339828378345,50,27
Sydney,87be08520ffffff,150.91876822323107,-33.85808946782165,50,30
Sydney,87be08521ffffff,150.90150244553644,-33.87999221456536,50,25
Sydney,87be08522ffffff,150.9164897985573,-33.850595384043864,50,25
Sydney,87be08523ffffff,150.9113172963305,-33.84691824819574,50,25
Sydney,87be08524ffffff,150.94989424200926,-33.880564865991325,50,41
Sydney,87be0852effffff,150.85887752634542,-33.865334502057586,50,23
Sydney,87be08530ffffff,150.95411138059615,-33.82189720812039,50,29
Sydney,87be08531ffffff,150.94329580706767,-33.82189602194541,50,60
Sydney,87be08532ffffff,150.9769532227951,-33.79933798209999,50,50
Sydney,87be08533ffffff,150.95547475302536,-33.80868197596497,50,56
Sydney,87be08534ffffff,150.99769481863447,-33.841512249443916,50,63
Sydney,87be08536ffffff,150.97861395253383,-33.812949888129495,50,299
Sydney,87be08536ffffff,150.98667755152155,-33.81674456290409,50,299
Sydney,87be08536ffffff,150.9984976711731,-33.815593236144565,50,299
Sydney,87be08536ffffff,151.00041615250066,-33.806019877410726,50,299
Sydney,87be08536ffffff,151.00164510327232,-33.818071091744166,50,299
Sydney,87be08536ffffff,151.0076705896956,-33.81170673175548,50,299
Sydney,87be0855affffff,150.67247863787657,-33.768085740353214,50,31
Sydney,87be08581ffffff,150.9334226461375,-33.6619506267612,50,47
Sydney,87be0858effffff,150.8949401700803,-33.63840304423127,50,46
Sydney,87be085a0ffffff,150.99391357897866,-33.71518444096193,50,46
Sydney,87be085a4ffffff,150.99449448665382,-33.71866792838143,50,48
Sydney,87be085aaffffff,150.9138082342704,-33.68875543568677,50,54
Sydney,87be085adffffff,150.8986376001684,-33.72502380559874,50,48
Sydney,87be085aeffffff,150.93312126858498,-33.706039741592896,50,23
Sydney,87be08c10ffffff,151.00594228881883,-34.038765022698584,50,32
Sydney,87be08c50ffffff,150.80742954379284,-34.087812505132675,50,113
Sydney,87be08c50ffffff,150.8168958616732,-34.08251394870765,50,113
Sydney,87be08c52ffffff,150.80534302210506,-34.063182707244565,50,83
Sydney,87be08c52ffffff,150.8123713464802,-34.05145522546439,50,83
Sydney,87be08c53ffffff,150.7894478520823,-34.05172901613695,50,30
Sydney,87be08c54ffffff,150.819097340115,-34.09219204945381,50,69
Sydney,87be08c56ffffff,150.83658168286865,-34.07703743378908,50,90
Sydney,87be08c56ffffff,150.83918203338317,-34.069750948637314,50,90
Sydney,87be08c58ffffff,150.7330040599481,-34.07045976249146,50,57
Sydney,87be08c5effffff,150.75317895271215,-34.0756841749126,50,1198
Sydney,87be08c5effffff,150.75400007444492,-34.068899456665164,50,1198
Sydney,87be08c5effffff,150.75529716592814,-34.06746106163674,50,1198
Sydney,87be08c5effffff,150.75803396971108,-34.0634060521278,50,1198
Sydney,87be08c5effffff,150.75825188923872,-34.06972725200141,50,1198
Sydney,87be08c5effffff,150.7587689476052,-34.06184540350471,50,1198
Sydney,87be08c5effffff,150.76057741918265,-34.07747470181672,50,1198
Sydney,87be08c5effffff,150.76059766157707,-34.08054340154233,50,1198
Sydney,87be08c5effffff,150.7606702988105,-34.062904810696004,50,1198
Sydney,87be08c5effffff,150.76116199410612,-34.05983546594673,50,1198
Sydney,87be08c5effffff,150.76166751444288,-34.06739580776676,50,1198
Sydney,87be08c5effffff,150.76391762951965,-34.065178670746356,50,1198
Sydney,87be08c5effffff,150.76490821505834,-34.07268684557131,50,1198
Sydney,87be08c5effffff,150.76622716749057,-34.0634604392618,50,1198
Sydney,87be08c5effffff,150.7666121617692,-34.067782829431756,50,1198
Sydney,87be08c5effffff,150.76738632674727,-34.07912391914654,50,1198
Sydney,87be08c5effffff,150.76760263871776,-34.076743960980615,50,1198
Sydney,87be08c5effffff,150.76795763390024,-34.06019372841856,50,1198
Sydney,87be08c5effffff,150.76965798761677,-34.06805793765895,50,1198
Sydney,87be08c5effffff,150.7717573532356,-34.06751460899198,50,1198
Sydney,87be08c5effffff,150.77199489574278,-34.071166901236744,50,1198
Sydney,87be08c5effffff,150.77375656284696,-34.05998024427763,50,1198
Sydney,87be08c5effffff,150.77414251845983,-34.06132006453314,50,1198
Sydney,87be08c5effffff,150.77506941972828,-34.07348184556084,50,1198
Sydney,87be08c80ffffff,151.02984250616723,-33.92915694043754,50,29
Sydney,87be08c81ffffff,150.99290037026995,-33.94566782082951,50,35
Sydney,87be08c82ffffff,151.03750867344314,-33.924349822869324,50,33
Sydney,87be08c83ffffff,151.01569623361078,-33.91755213742284,50,26
Sydney,87be08c84ffffff,151.0413109088732,-33.96391339254835,50,66
Sydney,87be08c85ffffff,151.02487269407663,-33.965308315807725,50,35
Sydney,87be08c86ffffff,151.04268165867,-33.92896566917754,50,37
Sydney,87be08c8bffffff,150.92300772359638,-33.91266421395403,50,51
Sydney,87be08c8cffffff,150.96792503286676,-33.94966598905107,50,45
Sydney,87be08c90ffffff,151.0750706897725,-33.89009923525718,50,42
Sydney,87be08c91ffffff,151.03696683484262,-33.88982912076201,50,27
Sydney,87be08c92ffffff,151.0679103677511,-33.86238133283472,50,117
Sydney,87be08c92ffffff,151.07575468026153,-33.85400896217309,50,117
Sydney,87be08c93ffffff,151.05541279734192,-33.861170312320894,50,23
Sydney,87be08c94ffffff,151.08624743546832,-33.8994610411016,50,51
Sydney,87be08c95ffffff,151.07419748487402,-33.91218499424522,50,34
Sydney,87be08c96ffffff,151.11364970190667,-33.87891119192901,50,70
Sydney,87be08c9affffff,150.99231491653077,-33.85746872291171,50,40
Sydney,87be08c9bffffff,150.97742143813596,-33.87031509407746,50,24
Sydney,87be08c9cffffff,151.0114944463223,-33.90756400748023,50,59
Sydney,87be08c9dffffff,150.97265766117067,-33.898560626563935,50,34
Sydney,87be08ca0ffffff,151.0433615225601,-33.99037860949924,50,32
Sydney,87be08ca2ffffff,151.0623432757984,-33.97341754171006,50,237
Sydney,87be08ca2ffffff,151.06628012284398,-33.96839040132715,50,237
Sydney,87be08ca2ffffff,151.06749490269218,-33.98119288142375,50,237
Sydney,87be08ca2ffffff,151.06893413803675,-33.97690665781666,50,237
Sydney,87be08ca2ffffff,151.07413743309726,-33.963824711735754,50,237
Sydney,87be08ca3ffffff,151.02248577556082,-33.97250963390648,50,39
Sydney,87be08ca4ffffff,151.07433437554243,-34.00791776765986,50,37
Sydney,87be08ca5ffffff,151.050525297633,-34.01352672407507,50,31
Sydney,87be08ca6ffffff,151.07134775353165,-33.99261711155003,50,185
Sydney,87be08ca6ffffff,151.07998712169226,-34.0016747868984,50,185
Sydney,87be08ca6ffffff,151.08641152863862,-33.98036595209641,50,185
Sydney,87be08ca6ffffff,151.08734715026858,-34.0004467687817,50,185
Sydney,87be08caeffffff,150.9992755220292,-33.97346141736906,50,27
Sydney,87be08cb0ffffff,151.09472878543383,-33.949213200677846,50,44
Sydney,87be08cb1ffffff,151.0586092445254,-33.94862182328144,50,39
Sydney,87be08cb2ffffff,151.11758510522048,-33.91309033853483,50,89
Sydney,87be08cb2ffffff,151.1253976001528,-33.92524566434777,50,89
Sydney,87be08cb3ffffff,151.09238995723905,-33.92604850417191,50,76
Sydney,87be08cb3ffffff,151.093654157791,-33.923686332444326,50,76
Sydney,87be08cb4ffffff,151.12425366620235,-33.97329197487738,50,74
Sydney,87be08cb4ffffff,151.1245909738487,-33.96563783958415,50,74
Sydney,87be08cb5ffffff,151.0768646149186,-33.96287339122491,50,79
Sydney,87be08cb5ffffff,151.0900703759575,-33.97526730128017,50,79
Sydney,87be08cb6ffffff,151.12504205470125,-33.946064918112945,50,168
Sydney,87be08cb6ffffff,151.13059113985744,-33.932712489225516,50,168
Sydney,87be08cb6ffffff,151.13112782618705,-33.946504483452834,50,168
Sydney,87be08ce2ffffff,150.85633649139226,-34.01059238827069,50,33
Sydney,87be08ce3ffffff,150.82848932021926,-34.00373162161972,50,33
Sydney,87be08ce5ffffff,150.83720837755286,-34.053523379377374,50,25
Sydney,87be08cedffffff,150.77914701682116,-34.04838823398039,50,24
Sydney,87be08cf1ffffff,150.8751936267831,-33.97712750238844,50,30
Sydney,87be08cf5ffffff,150.90123136128338,-34.00620916445751,50,32
Sydney,87be08d80ffffff,151.14865412520518,-34.06223364889447,50,47
Sydney,87be08d82ffffff,151.15890031405527,-34.0446851149291,50,188
Sydney,87be08d82ffffff,151.16575448497068,-34.03627750750666,50,188
Sydney,87be08d82ffffff,151.17334350936062,-34.03397210597414,50,188
Sydney,87be08d82ffffff,151.17727544490052,-34.03327713773564,50,188
Sydney,87be08d83ffffff,151.14746507024424,-34.040689333002206,50,39
Sydney,87be08d8affffff,151.08146472432514,-34.038270006856024,50,80
Sydney,87be08d8affffff,151.0964797801615,-34.03488074377213,50,80
Sydney,87be08d8effffff,151.1159922099807,-34.0589383414329,50,93
Sydney,87be08d8effffff,151.12023616772163,-34.038606109007404,50,93
Sydney,87be08d91ffffff,151.16800615639724,-34.012647319818015,50,473
Sydney,87be08d91ffffff,151.17007891797022,-34.02652475150542,50,473
Sydney,87be08d91ffffff,151.17028958617001,-34.02362693135971,50,473
Sydney,87be08d91ffffff,151.17142666363497,-34.01036241992418,50,473
Sydney,87be08d91ffffff,151.1715976483203,-34.021418316347926,50,473
Sydney,87be08d91ffffff,151.17218795317956,-34.00733124759449,50,473
Sydney,87be08d91ffffff,151.1728203623441,-34.009574498395196,50,473
Sydney,87be08d91ffffff,151.1801730624631,-34.028952646163425,50,473
Sydney,87be08d91ffffff,151.1877997412942,-34.00780282310518,50,473
Sydney,87be08d91ffffff,151.18844799177745,-34.02023416020229,50,473
Sydney,87be08d94ffffff,151.21838958155905,-34.02945410569568,50,98
Sydney,87be08d94ffffff,151.22221145776294,-34.024830118084864,50,98
Sydney,87be08d95ffffff,151.1840282341959,-34.02965952504591,50,1078
Sydney,87be08d95ffffff,151.18576109065899,-34.03221597431146,50,1078
Sydney,87be08d95ffffff,151.18935785143856,-34.02834363105064,50,1078
Sydney,87be08d95ffffff,151.1921199100961,-34.02928479263266,50,1078
Sydney,87be08d95ffffff,151.19262197557873,-34.02230259811241,50,1078
Sydney,87be08d95ffffff,151.1939373262996,-34.024415853743406,50,1078
Sydney,87be08d95ffffff,151.19536745962918,-34.02681796673818,50,1078
Sydney,87be08d95ffffff,151.19550618663501,-34.03029681966587,50,1078
Sydney,87be08d95ffffff,151.19704861249858,-34.03162280518282,50,1078
Sydney,87be08d95ffffff,151.1980565410501,-34.03515974313066,50,1078
Sydney,87be08d95ffffff,151.19858845795827,-34.02421151764758,50,1078
Sydney,87be08d95ffffff,151.20284936610614,-34.03959622217749,50,1078
Sydney,87be08d95ffffff,151.20440667291624,-34.03478798250351,50,1078
Sydney,87be08d95ffffff,151.20524811993232,-34.02629014860568,50,1078
Sydney,87be08d95ffffff,151.2054546326014,-34.03762604421411,50,1078
Sydney,87be08d95ffffff,151.20590319007988,-34.02494382593532,50,1078
Sydney,87be08d95ffffff,151.20714465176667,-34.031493459931006,50,1078
Sydney,87be08d95ffffff,151.20752491297952,-34.03570287942544,50,1078
Sydney,87be08d95ffffff,151.20842312910654,-34.040398318112274,50,1078
Sydney,87be08d95ffffff,151.21079799357295,-34.040456967884936,50,1078
Sydney,87be08d95ffffff,151.210894921439,-34.03215233869078,50,1078
Sydney,87be08d95ffffff,151.2113337058402,-34.036092085557165,50,1078
Sydney,87be08d96ffffff,151.22064676536377,-34.00481815623508,50,144
Sydney,87be08d96ffffff,151.2243983388044,-34.010135362348734,50,144
Sydney,87be08d96ffffff,151.22837308583675,-34.01560624816502,50,144
Sydney,87be08d98ffffff,151.1271466685687,-33.99247429915533,50,114
Sydney,87be08d98ffffff,151.13423759969214,-33.99976865780774,50,114
Sydney,87be08d99ffffff,151.10883010689994,-34.018284578076276,50,34
Sydney,87be08d9affffff,151.13870660815513,-33.96819074668092,50,61
Sydney,87be08d9bffffff,151.10646516238808,-33.9925266533828,50,83
Sydney,87be08d9bffffff,151.12427414194124,-33.981943273545305,50,83
Sydney,87be08d9dffffff,151.10940205138772,-34.02511510334832,50,792
Sydney,87be08d9dffffff,151.1101152521805,-34.03018064064963,50,792
Sydney,87be08d9dffffff,151.1138794053441,-34.02936331187851,50,792
Sydney,87be08d9dffffff,151.1150860599043,-34.026182525760454,50,792
Sydney,87be08d9dffffff,151.11546861481335,-34.018834498262144,50,792
Sydney,87be08d9dffffff,151.11553624954115,-34.020243412990844,50,792
Sydney,87be08d9dffffff,151.11927892843164,-34.02654602019166,50,792
Sydney,87be08d9dffffff,151.12281487022165,-34.01901383670892,50,792
Sydney,87be08d9dffffff,151.12296135378043,-34.02546875314192,50,792
Sydney,87be08d9dffffff,151.12396998974404,-34.0358696368942,50,792
Sydney,87be08d9dffffff,151.12416092255273,-34.020917617176075,50,792
Sydney,87be08d9dffffff,151.12453541932874,-34.01681572185954,50,792
Sydney,87be08d9dffffff,151.12459368385848,-34.03751818517189,50,792
Sydney,87be08d9dffffff,151.12613201898924,-34.03287180094442,50,792
Sydney,87be08d9dffffff,151.12875677488498,-34.030472601201964,50,792
Sydney,87be08d9dffffff,151.13064928271984,-34.027143506876854,50,792
Sydney,87be08db3ffffff,151.21209404040403,-34.0410037801645,50,101
Sydney,87be08db3ffffff,151.21454541704722,-34.040080874602374,50,101
Sydney,87be0e200ffffff,151.28164210870102,-33.746747692346446,50,49
Sydney,87be0e201ffffff,151.24592148229075,-33.75180330033543,50,33
Sydney,87be0e202ffffff,151.29968617927625,-33.72827953369601,50,33
Sydney,87be0e203ffffff,151.2669676038066,-33.721984717269,50,26
Sydney,87be0e204ffffff,151.30202933285977,-33.747749055638735,50,49
Sydney,87be0e205ffffff,151.27810020371115,-33.77039363474907,50,56
Sydney,87be0e206ffffff,151.29817868571595,-33.731740118742984,50,1914
Sydney,87be0e206ffffff,151.29954118698433,-33.73514149900359,50,1914
Sydney,87be0e206ffffff,151.29992466004185,-33.737057684676145,50,1914
Sydney,87be0e206ffffff,151.30019379727972,-33.731985742751895,50,1914
Sydney,87be0e206ffffff,151.30030087721417,-33.73369743998208,50,1914
Sydney,87be0e206ffffff,151.30041209315854,-33.73067432327397,50,1914
Sydney,87be0e206ffffff,151.30111513188615,-33.738990534716656,50,1914
Sydney,87be0e206ffffff,151.30111890729174,-33.74269378103023,50,1914
Sydney,87be0e206ffffff,151.30170497822323,-33.73720430457492,50,1914
Sydney,87be0e206ffffff,151.30178265866638,-33.740964862938576,50,1914
Sydney,87be0e206ffffff,151.30181032612134,-33.73331091217677,50,1914
Sydney,87be0e206ffffff,151.30198390845058,-33.731798232987344,50,1914
Sydney,87be0e206ffffff,151.3023664831486,-33.7448362020477,50,1914
Sydney,87be0e206ffffff,151.30255198645787,-33.73538967199846,50,1914
Sydney,87be0e206ffffff,151.30258398657836,-33.739719591742706,50,1914
Sydney,87be0e206ffffff,151.3026543445312,-33.742323413705215,50,1914
Sydney,87be0e206ffffff,151.3030674189835,-33.738024377472165,50,1914
Sydney,87be0e206ffffff,151.30446741165736,-33.737498535847585,50,1914
Sydney,87be0e206ffffff,151.30449955428426,-33.743581452421374,50,1914
Sydney,87be0e206ffffff,151.30469947844313,-33.739824112179065,50,1914
Sydney,87be0e206ffffff,151.30479163602647,-33.745752789295494,50,1914
Sydney,87be0e206ffffff,151.3051874024123,-33.73442925556343,50,1914
Sydney,87be0e206ffffff,151.30527194155576,-33.74100811624655,50,1914
Sydney,87be0e206ffffff,151.3056719847032,-33.74464455097251,50,1914
Sydney,87be0e206ffffff,151.3057425306897,-33.74264985208998,50,1914
Sydney,87be0e206ffffff,151.3062968482822,-33.73766491555736,50,1914
Sydney,87be0e206ffffff,151.30675325385857,-33.74125963848883,50,1914
Sydney,87be0e206ffffff,151.30675585724202,-33.73899487990161,50,1914
Sydney,87be0e206ffffff,151.3073112075707,-33.74395639294257,50,1914
Sydney,87be0e206ffffff,151.3076674443336,-33.742377736315916,50,1914
Sydney,87be0e206ffffff,151.30901958033215,-33.73926203144218,50,1914
Sydney,87be0e206ffffff,151.30947227608462,-33.741992207104495,50,1914
Sydney,87be0e206ffffff,151.31080921636251,-33.73975583016503,50,1914
Sydney,87be0e206ffffff,151.31153318952943,-33.74230918669995,50,1914
Sydney,87be0e206ffffff,151.31198725933422,-33.740659496848856,50,1914
Sydney,87be0e206ffffff,151.31325424488006,-33.739538701698436,50,1914
Sydney,87be0e206ffffff,151.31350835781163,-33.7413453772768,50,1914
Sydney,87be0e206ffffff,151.31485617499337,-33.74221885017529,50,1914
Sydney,87be0e20cffffff,151.2348116897207,-33.74024084429036,50,38
Sydney,87be0e20dffffff,151.1958244079543,-33.76035621377923,50,26
Sydney,87be0e211ffffff,151.29612400653406,-33.68990160409354,50,264
Sydney,87be0e211ffffff,151.30007648022823,-33.7048954201803,50,264
Sydney,87be0e211ffffff,151.30103884646672,-33.69326141832469,50,264
Sydney,87be0e211ffffff,151.3024843021362,-33.687128805914064,50,264
Sydney,87be0e211ffffff,151.30719064229518,-33.685005439485025,50,264
Sydney,87be0e213ffffff,151.32001767888974,-33.66566395962581,50,60
Sydney,87be0e219ffffff,151.23229964827487,-33.69122481094118,50,45
Sydney,87be0e21affffff,151.2627604195415,-33.66185358220396,50,54
Sydney,87be0e21cffffff,151.2824985426363,-33.69497485576456,50,67
Sydney,87be0e21effffff,151.2703901079623,-33.68019842568236,50,40
Sydney,87be0e220ffffff,151.30249181648912,-33.80537537852711,50,364
Sydney,87be0e220ffffff,151.30336425537843,-33.80620702255057,50,364
Sydney,87be0e220ffffff,151.30423061641284,-33.80859991779326,50,364
Sydney,87be0e220ffffff,151.3048455443438,-33.807326486301754,50,364
Sydney,87be0e220ffffff,151.30539102616623,-33.80834496502552,50,364
Sydney,87be0e220ffffff,151.30636195986108,-33.80722833255409,50,364
Sydney,87be0e220ffffff,151.3066354928554,-33.80905052360202,50,364
Sydney,87be0e221ffffff,151.27738663305044,-33.7998171936077,50,614
Sydney,87be0e221ffffff,151.27942506211062,-33.795353606056985,50,614
Sydney,87be0e221ffffff,151.28313303113393,-33.79570776780895,50,614
Sydney,87be0e221ffffff,151.28374676665757,-33.807632794831385,50,614
Sydney,87be0e221ffffff,151.28642234181967,-33.794758206492794,50,614
Sydney,87be0e221ffffff,151.2910331693558,-33.81324100046877,50,614
Sydney,87be0e221ffffff,151.29222116774366,-33.80142759860305,50,614
Sydney,87be0e221ffffff,151.29548715240577,-33.80558182495539,50,614
Sydney,87be0e221ffffff,151.29566702631638,-33.80893385092645,50,614
Sydney,87be0e221ffffff,151.29834008520425,-33.80072104844789,50,614
Sydney,87be0e221ffffff,151.29852502054547,-33.81106364619115,50,614
Sydney,87be0e221ffffff,151.301142993848,-33.803607698643575,50,614
Sydney,87be0e223ffffff,151.28590376998488,-33.790567881089224,50,33
Sydney,87be0e225ffffff,151.2934771291389,-33.81648663935365,50,404
Sydney,87be0e225ffffff,151.2942004239915,-33.82090085581998,50,404
Sydney,87be0e225ffffff,151.29572806238897,-33.82035022957213,50,404
Sydney,87be0e225ffffff,151.29632721022472,-33.82208368021262,50,404
Sydney,87be0e225ffffff,151.2985352467623,-33.813908831485485,50,404
Sydney,87be0e225ffffff,151.29864632053648,-33.81951313823411,50,404
Sydney,87be0e225ffffff,151.29925539748555,-33.8179620067006,50,404
Sydney,87be0e225ffffff,151.30158416508752,-33.81646123962703,50,404
Sydney,87be0e228ffffff,151.24352404251096,-33.78297171079114,50,35
Sydney,87be0e229ffffff,151.20711047722182,-33.793035898314145,50,39
Sydney,87be0e22affffff,151.24911888005957,-33.76803935876656,50,33
Sydney,87be0e22bffffff,151.23340322277028,-33.77921696986627,50,31
Sydney,87be0e22cffffff,151.2643498975608,-33.80356658154967,50,31
Sydney,87be0e22dffffff,151.21623156175676,-33.811937586627515,50,61
Sydney,87be0e22effffff,151.27229275199156,-33.78161037534685,50,141
Sydney,87be0e22effffff,151.27769241838507,-33.787251199450445,50,141
Sydney,87be0e22effffff,151.27827721405913,-33.78136735757096,50,141
Sydney,87be0e240ffffff,151.07977681026324,-33.783193630797776,50,189
Sydney,87be0e240ffffff,151.08578460994346,-33.77488396014845,50,189
Sydney,87be0e240ffffff,151.09093434642529,-33.78452164816031,50,189
Sydney,87be0e240ffffff,151.09260412272113,-33.78532981902958,50,189
Sydney,87be0e241ffffff,151.064079976164,-33.79311587730321,50,39
Sydney,87be0e242ffffff,151.1004899139789,-33.75844491952185,50,43
Sydney,87be0e243ffffff,151.06241016464628,-33.75085063521363,50,44
Sydney,87be0e244ffffff,151.0990490288483,-33.78845704271021,50,39
Sydney,87be0e245ffffff,151.07575768624133,-33.80634549029855,50,118
Sydney,87be0e245ffffff,151.08991519657886,-33.79998117851088,50,118
Sydney,87be0e246ffffff,151.1137380440748,-33.77458355933414,50,32
Sydney,87be0e248ffffff,151.00884254951362,-33.76075188419268,50,38
Sydney,87be0e249ffffff,150.985617944273,-33.785656314062166,50,119
Sydney,87be0e249ffffff,150.9899724177047,-33.77672456056365,50,119
Sydney,87be0e24bffffff,150.9890396060949,-33.73786981148733,50,81
Sydney,87be0e24bffffff,150.99611758896359,-33.74248119314001,50,81
Sydney,87be0e24cffffff,151.0176323503373,-33.785953754818955,50,28
Sydney,87be0e24dffffff,151.00936153415205,-33.783480702658856,50,105
Sydney,87be0e24dffffff,151.01471334830268,-33.782689379143555,50,105
Sydney,87be0e24effffff,151.04932924038818,-33.762624654810644,50,23
Sydney,87be0e250ffffff,151.14371197359281,-33.73199747975376,50,38
Sydney,87be0e254ffffff,151.14283588314288,-33.748097420442775,50,100
Sydney,87be0e254ffffff,151.1598305558776,-33.73700715325788,50,100
Sydney,87be0e255ffffff,151.12807727391203,-33.7372801386736,50,24
Sydney,87be0e256ffffff,151.14977680516841,-33.72372487353037,50,27
Sydney,87be0e258ffffff,151.06897346291973,-33.71543633700844,50,28
Sydney,87be0e25dffffff,151.0506117309352,-33.7345590285686,50,43
Sydney,87be0e25effffff,151.0845812893829,-33.714355794332356,50,32
Sydney,87be0e260ffffff,151.12908654483886,-33.827891323373066,50,53
Sydney,87be0e261ffffff,151.07896807727946,-33.84112222487828,50,516
Sydney,87be0e261ffffff,151.08044666347055,-33.84176104800863,50,516
Sydney,87be0e261ffffff,151.08443184336906,-33.8276565474686,50,516
Sydney,87be0e261ffffff,151.08656409806997,-33.84544946256432,50,516
Sydney,87be0e261ffffff,151.08886738719607,-33.83955368390849,50,516
Sydney,87be0e261ffffff,151.09049486082432,-33.84177422802742,50,516
Sydney,87be0e261ffffff,151.0914504115729,-33.85024086126754,50,516
Sydney,87be0e261ffffff,151.09420884948398,-33.834917779781065,50,516
Sydney,87be0e261ffffff,151.09434971884482,-33.846252874222266,50,516
Sydney,87be0e261ffffff,151.09516812863907,-33.84385682475427,50,516
Sydney,87be0e262ffffff,151.11689853722075,-33.80689060102113,50,121
Sydney,87be0e262ffffff,151.12228401478362,-33.81314498836496,50,121
Sydney,87be0e263ffffff,151.08897692591435,-33.816240189783244,50,54
Sydney,87be0e264ffffff,151.14471084801724,-33.85489465490893,50,50
Sydney,87be0e265ffffff,151.0954848392293,-33.86402601160421,50,49
Sydney,87be0e266ffffff,151.13585076657102,-33.83015000182579,50,151
Sydney,87be0e266ffffff,151.13696661046663,-33.83607348285653,50,151
Sydney,87be0e266ffffff,151.1371157827961,-33.82516103963025,50,151
Sydney,87be0e269ffffff,151.0106479008105,-33.828190407051785,50,64
Sydney,87be0e26affffff,151.03947074031802,-33.80891525392266,50,35
Sydney,87be0e26bffffff,151.03564581299574,-33.80832214233036,50,48
Sydney,87be0e26cffffff,151.04720635178572,-33.84628792520158,50,572
Sydney,87be0e26cffffff,151.0496482648971,-33.83900102044687,50,572
Sydney,87be0e26cffffff,151.05398593024825,-33.83930425315138,50,572
Sydney,87be0e26cffffff,151.05584416141434,-33.849585890753204,50,572
Sydney,87be0e26cffffff,151.0559176275418,-33.84182018526079,50,572
Sydney,87be0e26cffffff,151.05862592562877,-33.847708589569415,50,572
Sydney,87be0e26cffffff,151.0601629669573,-33.83255450460189,50,572
Sydney,87be0e26cffffff,151.06242406115732,-33.844165037775774,50,572
Sydney,87be0e26cffffff,151.06276372684513,-33.83505585474248,50,572
Sydney,87be0e26cffffff,151.06595762843128,-33.8522350154892,50,572
Sydney,87be0e26cffffff,151.0672720679268,-33.848959318041615,50,572
Sydney,87be0e26dffffff,151.03122456976283,-33.846443663789046,50,48
Sydney,87be0e26effffff,151.05654113558228,-33.823104290440575,50,290
Sydney,87be0e26effffff,151.063140618249,-33.83234079629941,50,290
Sydney,87be0e26effffff,151.06400076858404,-33.820491815036036,50,290
Sydney,87be0e26effffff,151.06433522739704,-33.81355212105097,50,290
Sydney,87be0e26effffff,151.06498104949583,-33.82869722348257,50,290
Sydney,87be0e26effffff,151.06656738833473,-33.824395596698146,50,290
Sydney,87be0e270ffffff,151.1518967599418,-33.778804542540804,50,196
Sydney,87be0e270ffffff,151.1597589525501,-33.77850345533394,50,196
Sydney,87be0e270ffffff,151.1627137235889,-33.795844095045034,50,196
Sydney,87be0e270ffffff,151.16773041619714,-33.783579595135166,50,196
Sydney,87be0e271ffffff,151.1272476810259,-33.77952728869508,50,45
Sydney,87be0e272ffffff,151.16509850953378,-33.76339259778661,50,90
Sydney,87be0e272ffffff,151.16982702910727,-33.75074513644573,50,90
Sydney,87be0e273ffffff,151.1561384936893,-33.772381824946514,50,41
Sydney,87be0e274ffffff,151.190320886492,-33.81013029079799,50,35
Sydney,87be0e275ffffff,151.14860173354083,-33.803776264336186,50,46
Sydney,87be0e276ffffff,151.19283735769324,-33.77490516278461,50,50
Sydney,87be0e285ffffff,151.32960134598406,-33.60051706896736,50,30
Sydney,87be0e2acffffff,151.33166790211817,-33.64177506025479,50,62
Sydney,87be0e2aeffffff,151.3293769707289,-33.61935566793803,50,106
Sydney,87be0e2aeffffff,151.33107335370002,-33.61884344737082,50,106
Sydney,87be0e2e5ffffff,151.15992921059797,-33.7039679837181,50,26
Sydney,87be0e340ffffff,151.21119633829872,-33.909867040722176,50,777
Sydney,87be0e340ffffff,151.21190192609677,-33.90713139884951,50,777
Sydney,87be0e340ffffff,151.2127976233857,-33.89770853964605,50,777
Sydney,87be0e340ffffff,151.21406575573582,-33.907638235391374,50,777
Sydney,87be0e340ffffff,151.21501572454912,-33.8975565877177,50,777
Sydney,87be0e340ffffff,151.21560869442314,-33.895493696165396,50,777
Sydney,87be0e340ffffff,151.21578513985918,-33.906723746688606,50,777
Sydney,87be0e340ffffff,151.21634860339725,-33.91181042858729,50,777
Sydney,87be0e340ffffff,151.2174536706656,-33.91035564120486,50,777
Sydney,87be0e340ffffff,151.2205006225526,-33.89587948565587,50,777
Sydney,87be0e340ffffff,151.22458299189208,-33.89798963288317,50,777
Sydney,87be0e340ffffff,151.22543571056357,-33.89491902653171,50,777
Sydney,87be0e340ffffff,151.22722097297867,-33.908373880112116,50,777
Sydney,87be0e340ffffff,151.22845167126263,-33.912700554650954,50,777
Sydney,87be0e340ffffff,151.22946296543716,-33.898216996159476,50,777
Sydney,87be0e340ffffff,151.2338819384914,-33.895758064113075,50,777
Sydney,87be0e341ffffff,151.1824156470738,-33.90778607718854,50,218
Sydney,87be0e341ffffff,151.1853694517126,-33.90477579918147,50,218
Sydney,87be0e341ffffff,151.19339392508508,-33.90646835116502,50,218
Sydney,87be0e341ffffff,151.19807163158555,-33.89751780385941,50,218
Sydney,87be0e342ffffff,151.2287382970452,-33.875637288079176,50,133
Sydney,87be0e342ffffff,151.23087476605585,-33.89025076791634,50,133
Sydney,87be0e342ffffff,151.2398762036221,-33.87024694314498,50,133
Sydney,87be0e343ffffff,151.1965649188785,-33.88158220043182,50,178
Sydney,87be0e343ffffff,151.21012457116095,-33.88261554565191,50,178
Sydney,87be0e343ffffff,151.21119548627578,-33.884852772220896,50,178
Sydney,87be0e343ffffff,151.21310517282063,-33.8774260853212,50,178
Sydney,87be0e344ffffff,151.22968968742163,-33.91965702934837,50,178
Sydney,87be0e344ffffff,151.2394649423465,-33.92754450849275,50,178
Sydney,87be0e344ffffff,151.24045776450131,-33.91362067463029,50,178
Sydney,87be0e344ffffff,151.2506825810276,-33.91895782036919,50,178
Sydney,87be0e345ffffff,151.22409346455657,-33.918217989021926,50,80
Sydney,87be0e345ffffff,151.2262795289082,-33.92810231491833,50,80
Sydney,87be0e346ffffff,151.237754638304,-33.89704075451064,50,162
Sydney,87be0e346ffffff,151.2421839374876,-33.89049221945473,50,162
Sydney,87be0e346ffffff,151.24994473701136,-33.888065938387726,50,162
Sydney,87be0e348ffffff,151.1412307183315,-33.88265986394977,50,166
Sydney,87be0e348ffffff,151.14430132852453,-33.89281196706668,50,166
Sydney,87be0e348ffffff,151.1530810525669,-33.90422550885365,50,166
Sydney,87be0e349ffffff,151.10802704599863,-33.9006109040521,50,90
Sydney,87be0e349ffffff,151.1241796421196,-33.9058146222139,50,90
Sydney,87be0e34affffff,151.14164478922086,-33.8669888416271,50,94
Sydney,87be0e34affffff,151.15892447946638,-33.86802023928746,50,94
Sydney,87be0e34bffffff,151.1203608551026,-33.86769654967236,50,128
Sydney,87be0e34bffffff,151.1267607615921,-33.88384201283125,50,128
Sydney,87be0e34bffffff,151.1359678161261,-33.87511085364737,50,128
Sydney,87be0e34cffffff,151.16896348966787,-33.91534107336251,50,164
Sydney,87be0e34cffffff,151.16980269666885,-33.91890486316746,50,164
Sydney,87be0e34cffffff,151.1701726602643,-33.903623237085505,50,164
Sydney,87be0e34dffffff,151.1288940636667,-33.9109324701636,50,172
Sydney,87be0e34dffffff,151.12949434165694,-33.92155872368879,50,172
Sydney,87be0e34dffffff,151.13568277988156,-33.92722194765888,50,172
Sydney,87be0e34effffff,151.16785161204803,-33.88401217912041,50,197
Sydney,87be0e34effffff,151.17162615646376,-33.88334295475604,50,197
Sydney,87be0e34effffff,151.17477974184087,-33.88690619752192,50,197
Sydney,87be0e34effffff,151.1756331389929,-33.89324460721722,50,197
Sydney,87be0e350ffffff,151.2815305709433,-33.85391185612806,50,26
Sydney,87be0e351ffffff,151.24317489791952,-33.84617322642871,50,24
Sydney,87be0e353ffffff,151.25803084230907,-33.83677874896782,50,60
Sydney,87be0e354ffffff,151.27575863120006,-33.87003297059412,50,27
Sydney,87be0e355ffffff,151.25360256210809,-33.87981722537614,50,54
Sydney,87be0e358ffffff,151.2060632031925,-33.83566184600538,50,45
Sydney,87be0e359ffffff,151.16800546826835,-33.858566891836986,50,53
Sydney,87be0e35affffff,151.2121170516092,-33.82604698604166,50,62
Sydney,87be0e35bffffff,151.1695768438272,-33.83294492253146,50,29
Sydney,87be0e35cffffff,151.20616451658634,-33.871122120438734,50,305
Sydney,87be0e35cffffff,151.20785382900834,-33.86304047052821,50,305
Sydney,87be0e35cffffff,151.20990494576085,-33.84834298056052,50,305
Sydney,87be0e35cffffff,151.21482130971515,-33.86143370224797,50,305
Sydney,87be0e35cffffff,151.21496249684637,-33.86847751821661,50,305
Sydney,87be0e35cffffff,151.22735514743076,-33.86423290204744,50,305
Sydney,87be0e35dffffff,151.1816685228789,-33.85856691563751,50,109
Sydney,87be0e35dffffff,151.1861499001007,-33.85607705351913,50,109
Sydney,87be0e35effffff,151.21591897746515,-33.83738598613153,50,108
Sydney,87be0e35effffff,151.23088382107292,-33.83356132587661,50,108
Sydney,87be0e360ffffff,151.24415585086518,-33.95456818220774,50,330
Sydney,87be0e360ffffff,151.25023250460956,-33.95387791433263,50,330
Sydney,87be0e360ffffff,151.25220645624617,-33.94928719688491,50,330
Sydney,87be0e360ffffff,151.2546857551504,-33.957269131073495,50,330
Sydney,87be0e360ffffff,151.2562150240187,-33.955427947474014,50,330
Sydney,87be0e360ffffff,151.26334783296312,-33.95833472269245,50,330
Sydney,87be0e360ffffff,151.2638360053877,-33.96449014044135,50,330
Sydney,87be0e361ffffff,151.22196701497018,-33.95477498083623,50,23
Sydney,87be0e362ffffff,151.25024867342185,-33.936714718035546,50,754
Sydney,87be0e362ffffff,151.25106076983118,-33.941108520228106,50,754
Sydney,87be0e362ffffff,151.25141587259793,-33.93020953339396,50,754
Sydney,87be0e362ffffff,151.25260857921532,-33.944940437926334,50,754
Sydney,87be0e362ffffff,151.25531994040793,-33.93259829229578,50,754
Sydney,87be0e362ffffff,151.25672975469095,-33.93593267196825,50,754
Sydney,87be0e362ffffff,151.25676029138754,-33.92604719137168,50,754
Sydney,87be0e362ffffff,151.2568095273987,-33.9299893659639,50,754
Sydney,87be0e362ffffff,151.257577955258,-33.937835963460856,50,754
Sydney,87be0e362ffffff,151.25789682733065,-33.931031632612275,50,754
Sydney,87be0e362ffffff,151.2580984420511,-33.928827053823916,50,754
Sydney,87be0e362ffffff,151.25849911541277,-33.94290373751428,50,754
Sydney,87be0e362ffffff,151.25924735116604,-33.93730359586869,50,754
Sydney,87be0e362ffffff,151.25934776537272,-33.92647482336602,50,754
Sydney,87be0e362ffffff,151.2604248006106,-33.927534639832366,50,754
Sydney,87be0e363ffffff,151.22266607550904,-33.94177562589063,50,49
Sydney,87be0e365ffffff,151.24222021374678,-33.98705237364881,50,45
Sydney,87be0e369ffffff,151.14869072185311,-33.96856214071117,50,56
Sydney,87be0e36affffff,151.19755332865554,-33.936292377850364,50,35
Sydney,87be0e36bffffff,151.14683001296328,-33.93186709746006,50,187
Sydney,87be0e36bffffff,151.1516155862264,-33.94246540097963,50,187
Sydney,87be0e36bffffff,151.16122025255348,-33.93184310363777,50,187
Sydney,87be0e36bffffff,151.17074458759296,-33.93641817535011,50,187
Sydney,87be0e36effffff,151.19814266222454,-33.943287027880466,50,446
Sydney,87be0e36effffff,151.1991286810258,-33.949304740178114,50,446
Sydney,87be0e36effffff,151.2000780886995,-33.94396214098374,50,446
Sydney,87be0e36effffff,151.2003296827221,-33.93932724264299,50,446
Sydney,87be0e36effffff,151.2011345777416,-33.94996902575693,50,446
Sydney,87be0e36effffff,151.20296120861258,-33.943338630004114,50,446
Sydney,87be0e36effffff,151.20394745535665,-33.94004848227533,50,446
Sydney,87be0e36effffff,151.2075184458346,-33.95873231339595,50,446
Sydney,87be0e36effffff,151.2170185359774,-33.94981669967633,50,446
Sydney,87be0e371ffffff,151.2590553924548,-33.908084005055905,50,56
Sydney,87be0e373ffffff,151.2674211997818,-33.88594304543402,50,80
Sydney,87be0e373ffffff,151.27392176991296,-33.88395046260444,50,80
Sydney,87be0eacbffffff,151.24914266194858,-33.99737224671632,50,116
Sydney,87be0eacbffffff,151.24925040145888,-33.9990802086888,50,116
