{
  "type": "Topology",
  "arcs": [
    [
      [600086, 175658],
      [79, -10],
      [58, 120],
      [7, 51],
      [32, 34],
      [75, 28],
      [43, -65],
      [-6, -39],
      [30, -23],
      [19, -53],
      [36, 1],
      [66, -40],
      [11, -43],
      [65, -20],
      [15, -23],
      [32, 2],
      [14, -27],
      [-19, -67],
      [37, 6],
      [-1, 35],
      [34, 13],
      [25, -28],
      [53, 33],
      [-43, 16],
      [-39, 62],
      [-44, 8],
      [-27, 36],
      [35, 7],
      [-27, 46],
      [-29, 0],
      [-6, 47],
      [36, 51],
      [50, -3],
      [17, 45],
      [-33, 32],
      [25, 57],
      [47, 31],
      [-66, 20],
      [-15, 30],
      [29, 20],
      [79, 11],
      [66, 75],
      [10, 93],
      [25, 38],
      [-17, 24],
      [5, 69],
      [-5, 89],
      [35, -26],
      [24, -75],
      [35, -30],
      [37, 4],
      [45, -12],
      [35, -28],
      [42, 1],
      [4, 28],
      [-26, 33],
      [-25, -6],
      [-24, 43],
      [7, 62],
      [-29, 66],
      [0, 30],
      [-40, 11],
      [-51, 75],
      [-60, 37],
      [-7, 35],
      [46, 53],
      [15, 35],
      [-17, 54],
      [20, 18],
      [64, 89],
      [34, 68],
      [2, 42],
      [-54, 26],
      [31, 33],
      [82, 11],
      [95, -73],
      [-89, -11],
      [-33, -54],
      [-23, -57],
      [-20, -113],
      [11, -82],
      [25, -20],
      [26, 18],
      [35, -53],
      [42, -33],
      [36, -8],
      [12, -48],
      [-21, -23],
      [-42, -8],
      [-13, -87],
      [23, -21],
      [6, -43],
      [84, -13],
      [24, -35],
      [0, -40],
      [49, -59],
      [-44, -36],
      [-12, -79],
      [16, -50],
      [-22, -17],
      [-75, 6],
      [-47, -55],
      [35, -119],
      [-4, -30],
      [-68, 11],
      [-39, -56],
      [11, -45],
      [-49, -20],
      [-27, -57],
      [-4, -57],
      [19, -54],
      [23, -18],
      [4, -43],
      [-27, -36],
      [-49, -12],
      [-41, -53],
      [-16, -67],
      [37, -60],
      [-9, -20],
      [-59, -2],
      [-27, -59],
      [-27, -27],
      [-43, -77],
      [-28, -86],
      [-2, -52],
      [29, -13],
      [27, -42],
      [42, -19],
      [-66, -39],
      [-27, -55],
      [20, -55],
      [-29, -2],
      [-27, 27],
      [-32, -24],
      [-25, 18],
      [-58, -5],
      [-38, -19],
      [-5, -51],
      [-16, -45],
      [2, -41],
      [-55, -64],
      [-26, 62],
      [-28, -8],
      [-101, 29],
      [-52, 29],
      [-65, -35],
      [-16, -34],
      [-73, -4],
      [-38, -39],
      [7, -45],
      [32, -35],
      [-8, -33],
      [50, -55],
      [72, 108],
      [24, 6],
      [10, 49],
      [30, 6],
      [41, -36],
      [124, -90],
      [26, 5],
      [23, 39],
      [0, 30],
      [25, 102],
      [42, 49],
      [13, 84],
      [67, 12],
      [55, 21],
      [-54, -101],
      [-50, -119],
      [-17, -61],
      [-9, -86],
      [9, -83],
      [25, -80],
      [30, -41],
      [36, -21],
      [21, -64],
      [42, -20],
      [49, 12],
      [25, -8],
      [48, -67],
      [-92, -12],
      [-124, -57],
      [-104, 15],
      [-77, -39],
      [27, -53],
      [39, -13],
      [44, 66],
      [61, 12],
      [-68, -70],
      [-26, -45],
      [0, -31],
      [32, -9],
      [21, -77],
      [18, -18],
      [13, -113],
      [-79, -34],
      [-71, -88],
      [5, -109],
      [31, -46],
      [-12, -24],
      [-42, 27],
      [-47, -35],
      [26, -52],
      [-43, -30],
      [-11, -34],
      [-1, -109],
      [12, -45],
      [24, -39],
      [30, 0],
      [34, -35],
      [56, 0],
      [22, 28],
      [60, -63],
      [3, -28],
      [32, -50],
      [56, -14],
      [-24, -77],
      [-47, -19],
      [7, -34],
      [-13, -48],
      [-33, -25],
      [14, -53],
      [-6, -38],
      [-25, -12],
      [-91, 37],
      [-11, 13],
      [-84, 14],
      [-20, -6],
      [-36, 34],
      [20, 116],
      [51, 26],
      [-21, 61],
      [-47, 34],
      [-38, -49],
      [-6, 69],
      [55, 56],
      [-11, 36],
      [-67, 32],
      [-28, -23],
      [-29, 9],
      [-84, -31],
      [-83, 64],
      [-49, -15],
      [58, -41],
      [20, -61],
      [32, -20],
      [39, -52],
      [6, -54],
      [-29, -36],
      [-65, 28],
      [-27, -32],
      [-65, -32],
      [-13, -53],
      [-34, -10],
      [-1, 49],
      [-30, 65],
      [-92, 23],
      [-38, 53],
      [25, 41],
      [-14, 59],
      [-38, -12],
      [-11, 29],
      [-92, -11],
      [-28, -38],
      [-47, 6],
      [-41, -11],
      [-32, 25],
      [3, 28],
      [63, 60],
      [-27, 23],
      [-40, 57],
      [21, 31],
      [7, 64],
      [-37, 81],
      [-26, 13],
      [-12, 33],
      [4, 90],
      [-41, -20],
      [-9, -77],
      [-68, -20],
      [-111, 19],
      [-59, 37],
      [-52, 80],
      [-42, 28],
      [-41, -25],
      [18, -41],
      [52, -2],
      [35, -107],
      [44, -1],
      [30, -23],
      [42, 7],
      [33, -19],
      [79, 6],
      [52, 16],
      [38, -41],
      [12, -47],
      [-27, -35],
      [-72, 8],
      [-25, -39],
      [-73, 24],
      [-34, 28],
      [-25, -6],
      [83, -61],
      [-24, -68],
      [98, 21],
      [38, 40],
      [24, -21],
      [-18, -42],
      [11, -87],
      [-55, 8],
      [-19, -12],
      [-34, 28],
      [-22, -68],
      [94, -18],
      [29, 7],
      [39, -35],
      [-23, -40],
      [-16, -82],
      [-46, -33],
      [-56, 9],
      [-17, -68],
      [46, 1],
      [5, -46],
      [97, 94],
      [72, 2],
      [30, 21],
      [-28, 66],
      [27, 60],
      [59, -1],
      [46, -33],
      [18, 21],
      [26, 68],
      [35, -57],
      [-26, -39],
      [1, -43],
      [36, -52],
      [44, -2],
      [20, -37],
      [0, -45],
      [-27, -16],
      [21, -55],
      [-23, -21],
      [10, -33],
      [44, -35],
      [34, 34],
      [45, -2],
      [49, 16],
      [20, 23],
      [50, 18],
      [43, -69],
      [-14, -15],
      [-48, -1],
      [-17, -35],
      [-62, -5],
      [-1, -82],
      [12, -63],
      [-66, -9],
      [-81, -27],
      [30, -40],
      [2, -37],
      [-37, -10],
      [-47, 26],
      [-49, -5],
      [5, -41],
      [22, -17],
      [-19, -66],
      [16, -35],
      [-15, -26],
      [-36, 13],
      [-17, 108],
      [-36, 22],
      [-34, -4],
      [-35, 27],
      [-5, 91],
      [-25, -15],
      [-11, -41],
      [-31, -32],
      [-33, 90],
      [9, 32],
      [-49, -3],
      [22, -55],
      [-5, -52],
      [20, -47],
      [-41, -2],
      [-34, 42],
      [-57, -43],
      [-21, 60],
      [-40, 27],
      [-52, -10],
      [31, -56],
      [28, -80],
      [-22, -61],
      [-91, 57],
      [-24, -18],
      [-38, 39],
      [-8, 62],
      [-36, 20],
      [-23, -91],
      [-51, -6],
      [-6, 54],
      [-42, 34],
      [9, 35],
      [-37, 27],
      [-12, -45],
      [-38, -5],
      [5, -33],
      [45, -22],
      [-89, -13],
      [11, 84],
      [16, 24],
      [-10, 49],
      [-57, 31],
      [-18, -15],
      [1, -48],
      [-31, 12],
      [20, 63],
      [-23, 45],
      [-22, -66],
      [-20, -14],
      [40, -69],
      [-8, -18],
      [-70, 40],
      [-28, -18],
      [-30, 37],
      [84, 77],
      [-17, 38],
      [-50, 34],
      [-25, -3],
      [-78, 86],
      [-20, -6],
      [-43, -49],
      [51, -41],
      [-4, -21],
      [-82, -31],
      [-14, 28],
      [-43, 0],
      [-57, 77],
      [36, 4],
      [-40, 48],
      [-47, -53],
      [-48, 11],
      [-32, 25],
      [7, 34],
      [-34, 49],
      [-2, -86],
      [-43, -17],
      [-39, 15],
      [-18, 28],
      [57, 42],
      [-13, 105],
      [-68, 44],
      [9, 27],
      [-35, 46],
      [4, 43],
      [-19, 49],
      [-26, -67],
      [0, -44],
      [39, -17],
      [1, -40],
      [-75, -1],
      [18, -27],
      [67, 13],
      [51, -37],
      [5, -103],
      [-60, -24],
      [5, -46],
      [101, -53],
      [51, 22],
      [70, -32],
      [25, -30],
      [56, 0],
      [-19, -35],
      [26, -32],
      [39, 5],
      [89, -36],
      [32, 30],
      [40, 9],
      [56, 38],
      [32, -7],
      [-34, -53],
      [-41, 1],
      [-23, -15],
      [18, -60],
      [-111, -25],
      [-82, 31],
      [-20, -3],
      [-18, -45],
      [-35, 30],
      [-30, 68],
      [-64, 29],
      [-74, 7],
      [1, -23],
      [-35, -45],
      [-41, 12],
      [-47, -33],
      [-29, 12],
      [-41, -12],
      [9, -48],
      [-69, -2],
      [-17, 79],
      [-32, 3],
      [-46, -22],
      [-18, 30],
      [-36, -31],
      [-11, 31],
      [-44, 32],
      [-35, 11],
      [26, 52],
      [-18, 36],
      [-49, -71],
      [-39, 8],
      [15, 57],
      [-29, 18],
      [-37, 53],
      [-19, -31],
      [20, -60],
      [-50, -22],
      [-2, 52],
      [-14, 35],
      [-73, 13],
      [-36, -11],
      [-5, 66],
      [-24, 52],
      [-36, 26],
      [-52, 17],
      [-9, 35],
      [-38, 12],
      [-23, -21],
      [-55, 8],
      [-24, 27],
      [-36, 9],
      [-79, -18],
      [-45, -2],
      [-27, 24],
      [-27, -7],
      [-7, -35],
      [45, -3],
      [43, -26],
      [105, -7],
      [-148, -191],
      [25, -45],
      [61, 1],
      [-5, -81],
      [39, 1],
      [10, 92],
      [4, 122],
      [67, 91],
      [41, 4],
      [71, -30],
      [9, -23],
      [-18, -51],
      [-41, -15],
      [-22, -24],
      [5, -48],
      [31, -37],
      [41, 5],
      [27, 56],
      [26, 18],
      [33, -28],
      [-9, -71],
      [-56, -26],
      [1, -57],
      [56, 46],
      [44, 3],
      [17, -27],
      [-45, -50],
      [-8, -31],
      [27, -18],
      [42, 21],
      [43, 111],
      [28, -19],
      [70, 13],
      [37, -101],
      [32, 8],
      [16, 29],
      [65, -8],
      [-12, -45],
      [-35, -63],
      [-47, -42],
      [24, -28],
      [39, 5],
      [14, -40],
      [-22, -9],
      [-52, 9],
      [-18, -37],
      [56, -42],
      [67, 7],
      [-12, -45],
      [-75, -22],
      [-7, -15],
      [49, -64],
      [31, 4],
      [29, 27],
      [87, 23],
      [17, 31],
      [-23, 80],
      [-23, 31],
      [9, 36],
      [-12, 33],
      [-40, 9],
      [-17, 36],
      [35, 32],
      [41, 19],
      [7, 24],
      [48, 8],
      [35, -56],
      [1, -41],
      [62, -7],
      [42, 45],
      [62, 20],
      [27, -48],
      [-32, -50],
      [-13, -40],
      [30, -2],
      [83, 56],
      [31, 66],
      [-60, 16],
      [-28, 23],
      [96, 30],
      [32, 17],
      [32, -61],
      [52, -2],
      [-2, -38],
      [35, -22],
      [33, -57],
      [47, -56],
      [43, -6],
      [-35, -34],
      [-27, 8],
      [-26, -34],
      [-53, 17],
      [-15, -33],
      [-47, 1],
      [-75, -57],
      [-63, -7],
      [-24, -14],
      [36, -64],
      [-82, -32],
      [8, -40],
      [48, 15],
      [57, -13],
      [41, -36],
      [15, 28],
      [2, 45],
      [20, 39],
      [43, 10],
      [50, 26],
      [16, 43],
      [52, 0],
      [13, 34],
      [66, 36],
      [30, 7],
      [-8, 55],
      [36, 2],
      [10, 30],
      [38, -3],
      [61, 32],
      [59, 76],
      [30, -10],
      [47, -44],
      [79, -40],
      [-89, -10],
      [63, -61],
      [75, 45],
      [49, -53],
      [12, -45],
      [-78, -5],
      [-13, -27],
      [-73, -5],
      [-87, -45],
      [-36, -51],
      [122, 57],
      [13, -5],
      [-31, -74],
      [-17, -17],
      [-76, -16],
      [-112, -32],
      [30, -25],
      [33, -6],
      [54, 29],
      [30, -16],
      [42, 22],
      [23, -39],
      [32, -10],
      [22, -40],
      [47, 36],
      [-22, 38],
      [-32, 18],
      [-33, 46],
      [36, 44],
      [39, 10],
      [-10, 27],
      [54, 30],
      [36, -4],
      [21, -23],
      [-22, -65],
      [52, -23],
      [5, -70],
      [35, -18],
      [12, 55],
      [-13, 23],
      [-25, 223],
      [3, 33],
      [50, 2],
      [41, 21],
      [35, -15],
      [37, 13],
      [13, -22],
      [-18, -101],
      [39, -7],
      [39, 71],
      [51, -49],
      [-5, -33],
      [16, -26],
      [43, 20],
      [20, 52],
      [23, -52],
      [-52, -74],
      [32, 7],
      [25, -18],
      [36, 86],
      [24, 21],
      [25, 58],
      [42, -25],
      [-33, -36],
      [-9, -58],
      [8, -44],
      [-21, -45],
      [46, -19],
      [25, -26],
      [-29, -33],
      [9, -19],
      [42, -10],
      [26, 30],
      [13, 47],
      [-7, 50],
      [87, 27],
      [30, -48],
      [-18, -53],
      [36, -38],
      [52, 7],
      [-4, 20],
      [64, 39],
      [1, 39],
      [-21, 35],
      [10, 26],
      [40, 21],
      [46, -19],
      [42, 11],
      [-55, -90],
      [13, -27],
      [83, -33],
      [45, 0],
      [18, 37],
      [32, 7],
      [25, -19],
      [55, 52],
      [18, 42],
      [-38, 63],
      [7, 33],
      [-22, 66],
      [-31, 43],
      [-22, 61],
      [32, 19],
      [57, 55],
      [31, -72],
      [34, -13],
      [-1, 53],
      [20, 17],
      [37, -39],
      [14, 69],
      [58, 12],
      [10, 54],
      [-32, 27],
      [-53, 12],
      [44, 41],
      [-16, 36],
      [22, 42],
      [39, 14],
      [9, -69],
      [47, -66],
      [-11, -31],
      [22, -25],
      [23, -55],
      [10, -51],
      [-26, -44],
      [1, -97],
      [-29, -60],
      [-27, -16],
      [16, -50],
      [5, -70],
      [-8, -62],
      [14, -41],
      [-31, -64],
      [18, -92],
      [31, -56],
      [7, -59],
      [-3, -73],
      [-38, -38],
      [-38, 55],
      [-59, -10],
      [-58, -47],
      [9, -59],
      [27, -19],
      [-29, -26],
      [-28, 3],
      [-45, -27],
      [-32, -62],
      [29, -42],
      [-1, -79],
      [17, -27],
      [2, -41],
      [-53, -17],
      [-22, -22],
      [-70, 28],
      [-24, -13],
      [25, -34],
      [-35, -39],
      [-45, -29],
      [0, -41],
      [20, -52],
      [34, -37],
      [-24, -22],
      [5, -52],
      [28, -39],
      [-19, -89],
      [38, -15],
      [46, -38],
      [-67, -67],
      [-43, -5],
      [-19, -24],
      [-18, -94],
      [29, -47],
      [44, -21],
      [52, -45],
      [21, -32],
      [-45, -36],
      [32, -37],
      [15, -61],
      [-3, -41],
      [-102, 22],
      [-51, 48],
      [-53, 19],
      [-27, -20],
      [97, -125],
      [24, -63],
      [-16, -39],
      [-114, -35],
      [37, -30],
      [12, -53],
      [-35, -59],
      [2, -49],
      [16, -42],
      [-62, -138],
      [8, -38],
      [-36, -7],
      [6, 50],
      [-34, 14],
      [-63, -45],
      [-13, 25],
      [-69, 25],
      [16, 31],
      [-25, 47],
      [21, 21],
      [-12, 28],
      [-59, 25],
      [-33, -29],
      [-58, 36],
      [46, 33],
      [-20, 71],
      [-36, 18],
      [18, 53],
      [-20, 32],
      [-31, 22],
      [-49, 11],
      [-97, -54],
      [-37, -42],
      [-32, -59],
      [-16, -7],
      [-43, 44],
      [40, 169],
      [-11, 27],
      [159, 57],
      [-14, 33],
      [-32, -3],
      [-271, -74],
      [-50, 215],
      [28, 5],
      [68, -41],
      [9, -39],
      [59, -10],
      [-35, 55],
      [-75, 50],
      [-68, 29],
      [-100, 57],
      [7, -33],
      [-22, -34],
      [48, -210],
      [21, -71],
      [-9, -18],
      [-44, -2],
      [-18, 21],
      [-19, 84],
      [2, 24],
      [-61, 258],
      [-33, 26],
      [-46, -12],
      [-21, -62],
      [23, -102],
      [54, -25],
      [24, -46],
      [-32, -45],
      [-45, -11],
      [-41, 13],
      [-20, 26],
      [-48, 204],
      [-74, 65],
      [-55, 33],
      [-48, -16],
      [-57, -56],
      [-68, -107],
      [-56, -155],
      [-57, -126],
      [-20, -107],
      [-21, -53],
      [-6, -138],
      [20, -76],
      [-56, -49],
      [-70, -9],
      [-22, -27],
      [-15, -85],
      [-64, -9],
      [-84, -30],
      [-51, -8],
      [-37, 52],
      [-24, 10],
      [-25, 65],
      [5, 51],
      [58, 52],
      [49, 72],
      [33, 79],
      [-30, 33],
      [-54, -25],
      [-40, -52],
      [-27, 3],
      [-25, -35],
      [-47, -22],
      [-24, -42],
      [16, -43],
      [-37, -42],
      [-30, 23],
      [-58, -18],
      [32, -22],
      [-52, -41],
      [-90, 29],
      [17, 46],
      [-10, 45],
      [-34, 19],
      [34, 33],
      [-6, 37],
      [-33, 11],
      [-8, -37],
      [-39, -51],
      [-88, 41],
      [-104, -7],
      [-29, 35],
      [47, 59],
      [44, 42],
      [-23, 37],
      [-25, -52],
      [-53, -41],
      [-21, 8],
      [-32, -38],
      [33, -27],
      [-3, -38],
      [-74, -9],
      [-60, -20],
      [-32, 30],
      [-36, -35],
      [-41, 71],
      [52, 63],
      [-30, 14],
      [-55, 5],
      [-17, -39],
      [-41, 17],
      [-8, 72],
      [-42, 19],
      [-37, -20],
      [-11, -41],
      [-39, -9],
      [-29, 48],
      [33, 17],
      [43, 51],
      [-66, -18],
      [-17, -31],
      [-28, 10],
      [-2, -56],
      [52, -75],
      [-39, -36],
      [-38, -10],
      [-42, 8],
      [-36, 26],
      [-22, -25],
      [-54, -4],
      [-38, 12],
      [-42, -7],
      [-14, 36],
      [10, 59],
      [-51, 10],
      [5, 20],
      [83, 5],
      [22, 18],
      [-9, 57],
      [-36, 29],
      [29, 39],
      [47, 25],
      [36, 61],
      [43, 22],
      [-2, 84],
      [-41, 25],
      [-32, 91],
      [-29, 12],
      [-1, -60],
      [25, -52],
      [49, -73],
      [-60, -41],
      [4, -30],
      [-49, -30],
      [-104, -12],
      [-47, -27],
      [-70, -11],
      [-20, 54],
      [22, 19],
      [-6, 53],
      [10, 39],
      [-41, 74],
      [-11, -43],
      [19, -59],
      [-15, -51],
      [-53, -14],
      [-5, -17],
      [26, -44],
      [-26, -18],
      [-61, -81],
      [5, -16],
      [83, 98],
      [29, 7],
      [41, -27],
      [109, 9],
      [50, 14],
      [43, -88],
      [-67, -4],
      [-49, -30],
      [-17, -56],
      [5, -24],
      [52, -7],
      [9, -23],
      [-19, -33],
      [57, -34],
      [63, 13],
      [54, -11],
      [75, -5],
      [78, -21],
      [68, 21],
      [39, 29],
      [41, 64],
      [39, -46],
      [52, -3],
      [11, -32],
      [-29, -33],
      [-110, -3],
      [-30, -40],
      [-43, -16],
      [-12, -31],
      [2, -54],
      [-77, -20],
      [-23, -44],
      [-54, -14],
      [-14, -39],
      [27, -11],
      [-7, -34],
      [57, -60],
      [14, -75],
      [50, 57],
      [-41, 58],
      [-39, 21],
      [-9, 39],
      [12, 35],
      [55, -17],
      [4, 50],
      [35, 4],
      [94, -54],
      [-18, 68],
      [-20, 39],
      [5, 35],
      [34, 27],
      [71, 28],
      [65, 5],
      [45, 22],
      [34, -24],
      [-10, -88],
      [76, 72],
      [30, -38],
      [59, 6],
      [-28, 30],
      [7, 29],
      [68, 13],
      [52, -19],
      [51, -4],
      [9, -50],
      [23, -55],
      [-29, -17],
      [-13, -34],
      [-36, 48],
      [-33, -40],
      [54, -55],
      [-85, -23],
      [34, -25],
      [34, 15],
      [23, -33],
      [42, -8],
      [3, 34],
      [21, 27],
      [-1, 30],
      [66, 69],
      [-4, 56],
      [-17, 49],
      [63, -1],
      [-13, -31],
      [8, -38],
      [-15, -49],
      [15, -33],
      [38, 7],
      [39, -19],
      [35, 3],
      [47, 24],
      [56, -23],
      [24, 27],
      [52, -42],
      [-13, -57],
      [41, -52],
      [-17, -33],
      [-69, -4],
      [24, -97],
      [20, 71],
      [69, 34],
      [25, -25],
      [26, 21],
      [5, 49],
      [51, 34],
      [38, 7],
      [16, -33],
      [-44, -65],
      [6, -46],
      [22, -36],
      [65, -58],
      [51, -13],
      [-39, -53],
      [35, -132],
      [62, -71],
      [158, -33],
      [22, 12],
      [67, -5],
      [77, 90],
      [37, 10],
      [36, 51],
      [-10, 53],
      [-81, 51],
      [-70, 64],
      [-67, 22],
      [-36, 22],
      [-59, 83],
      [17, 16],
      [74, -5],
      [161, 10],
      [20, 32],
      [35, 13],
      [59, 86],
      [6, 50],
      [-55, 1],
      [25, 70],
      [17, -3],
      [158, -114],
      [31, -39],
      [-35, -50],
      [45, -23],
      [16, 20],
      [45, -23],
      [-20, -34],
      [-34, -17],
      [-85, -14],
      [-29, 52],
      [-52, -10],
      [-23, 9],
      [-108, -33],
      [-21, -39],
      [13, -47],
      [33, -38],
      [59, -28],
      [63, -10],
      [48, 4],
      [17, 49],
      [37, 19],
      [24, -31],
      [6, -41],
      [38, -33],
      [69, -13],
      [45, 64],
      [31, 15],
      [11, 41],
      [61, 1],
      [13, -22],
      [109, 2],
      [55, 32],
      [-2, 17],
      [93, 30],
      [1, 33],
      [-62, 8],
      [-55, -6],
      [-4, 38],
      [28, 21],
      [-20, 24],
      [-49, 4],
      [-149, 27],
      [34, 27],
      [126, -19],
      [16, 8],
      [147, -13],
      [94, 8],
      [77, 36],
      [38, 55],
      [71, 30],
      [92, -52],
      [31, -77],
      [-12, -18],
      [20, -34],
      [19, -120],
      [-34, -46],
      [6, -34],
      [-19, -64],
      [24, -23],
      [-48, -55],
      [-34, -94],
      [-25, -11],
      [-55, -84],
      [-47, -11],
      [-63, -29],
      [-114, -1],
      [-32, 27],
      [-79, -8],
      [-34, -22],
      [-34, 59],
      [-44, 36],
      [-82, 33],
      [-60, 5],
      [-160, -28],
      [-68, -25],
      [-117, -67],
      [-78, -81],
      [-38, -52],
      [-41, -71],
      [10, -20],
      [-26, -44],
      [58, -57],
      [-41, -72],
      [-7, -40],
      [48, -48],
      [-16, -21],
      [-15, -68],
      [-49, -29],
      [-50, 12],
      [-40, -25],
      [-22, 58],
      [13, 30],
      [-23, 86],
      [5, 45],
      [27, 51],
      [39, 31],
      [-13, 53],
      [-59, -9],
      [-18, -27],
      [-44, -2],
      [14, -48],
      [-71, -104],
      [33, -38],
      [-13, -48],
      [-2, -78],
      [-45, 1],
      [-54, 39],
      [11, 112],
      [21, 46],
      [10, 52],
      [19, 36],
      [0, 34],
      [-73, 17],
      [22, -42],
      [-25, -33],
      [-25, -70],
      [-48, -10],
      [-15, 46],
      [-34, -46],
      [30, -37],
      [34, -13],
      [-5, -42],
      [-44, -6],
      [-19, -17],
      [-49, 4],
      [-66, 40],
      [-2, -51],
      [-123, -36],
      [-16, 41],
      [33, 34],
      [-7, 46],
      [58, 14],
      [-36, 36],
      [14, 46],
      [-6, 32],
      [-54, -49],
      [-35, 14],
      [-36, -11],
      [-13, 45],
      [27, 15],
      [28, 53],
      [27, 28],
      [-31, 39],
      [27, 112],
      [22, 34],
      [-81, -9],
      [26, -32],
      [-28, -74],
      [-9, -75],
      [-48, -25],
      [-20, -49],
      [-29, -7],
      [-13, 39],
      [24, 96],
      [-56, 60],
      [-58, -23],
      [9, -46],
      [-47, -104],
      [-77, 38],
      [-29, -10],
      [52, -39],
      [21, -59],
      [-56, -8],
      [-13, -48],
      [44, 5],
      [0, -28],
      [-46, 1],
      [-36, 36],
      [-1, 39],
      [-25, 18],
      [-95, -28],
      [-75, -13],
      [38, 210],
      [17, 34],
      [-174, 140],
      [3, 20],
      [-101, 17],
      [-50, -33],
      [-63, -60],
      [-12, -50],
      [-29, -54],
      [-47, -39],
      [-446, -196],
      [-70, -47],
      [-47, -55],
      [-21, -39],
      [-17, -62],
      [-3, -92],
      [158, -25],
      [-22, -85],
      [-27, -47],
      [-43, -30],
      [-121, 19],
      [-169, -176],
      [-21, -25],
      [-32, 26],
      [31, 34],
      [8, 53],
      [37, 7],
      [51, 56],
      [12, 69],
      [-67, -10],
      [16, 98],
      [93, 29],
      [2, 41],
      [-56, -1],
      [21, 38],
      [-1, 42],
      [-74, 13],
      [-27, 69],
      [18, 78],
      [-65, 113],
      [-23, 11],
      [-90, -11],
      [-41, 19],
      [-32, 30],
      [-41, 19],
      [-142, 18],
      [-16, 28],
      [-48, -16],
      [-95, 68],
      [-26, 33],
      [-37, 73],
      [-7, 59],
      [30, 123],
      [27, 63],
      [85, 96],
      [-275, 44],
      [-60, -331],
      [-489, 78],
      [-108, 22],
      [-80, 8],
      [-22, 35],
      [-47, -10],
      [-67, -34],
      [-75, 10],
      [-57, 45],
      [-89, 14],
      [-9, 65],
      [6, 70],
      [-36, 48],
      [-49, -10],
      [-58, 50],
      [-28, -29],
      [-30, 5],
      [-21, 42],
      [-46, 39],
      [-56, 21],
      [-84, -229],
      [-11, -21],
      [-95, -84],
      [-70, -167],
      [24, -1],
      [31, 30],
      [43, -4],
      [-34, -78],
      [28, -9],
      [-72, -63],
      [-30, 9],
      [-42, -11],
      [-19, -48],
      [32, 0],
      [-58, -142],
      [51, -26],
      [12, -30],
      [-7, -68],
      [27, -74],
      [-21, -117],
      [-68, 10],
      [-16, -87],
      [-57, 0],
      [-22, -27],
      [-226, -207],
      [-39, -43],
      [-19, 5],
      [-40, -53],
      [28, -3],
      [-13, -72],
      [45, -7],
      [-16, -92],
      [-133, 21],
      [-37, 30],
      [65, 44],
      [-74, 58],
      [-67, 30],
      [21, -109],
      [-4, -29],
      [-36, 2],
      [-39, -82],
      [-5, -93],
      [-86, -79],
      [-14, -2],
      [-75, 43],
      [-55, 48],
      [-18, 39],
      [-53, 7],
      [-13, -71],
      [-63, 7],
      [-26, -14],
      [-12, 57],
      [23, 60],
      [73, -11],
      [1, 64],
      [-56, 37],
      [-54, 67],
      [-44, 133],
      [-53, 126],
      [24, 48],
      [49, 39],
      [-13, 14],
      [-256, -62],
      [-104, 55],
      [-28, 43],
      [-206, -24],
      [-40, 55],
      [-61, 16],
      [-77, -1],
      [-50, -24],
      [-53, -4],
      [-89, 15],
      [-80, -20],
      [-148, 22],
      [36, -37],
      [41, -17],
      [73, -60],
      [5, -23],
      [-16, -83],
      [-67, -69],
      [-25, -8],
      [-71, 10],
      [-15, -160],
      [-111, 8],
      [-38, 11],
      [-13, 90],
      [7, 92],
      [-353, 58],
      [-15, -32],
      [-212, 43],
      [-131, 51],
      [-65, 42],
      [38, 107],
      [44, 89],
      [43, -2],
      [55, 22],
      [39, 65],
      [-87, 42],
      [0, 46],
      [32, 88],
      [-11, 35],
      [32, 19],
      [11, 68],
      [25, 39],
      [27, 68],
      [3, 50],
      [40, 48],
      [-2, 50],
      [47, 34],
      [7, 76],
      [46, 47],
      [-46, 52],
      [-37, -28],
      [-58, 0],
      [-51, 17],
      [-54, 75],
      [158, 70],
      [46, -7],
      [45, 36],
      [35, 1],
      [63, 123],
      [110, -12],
      [-15, -53],
      [64, 5],
      [49, -13],
      [83, 2],
      [-4, -18],
      [162, 6],
      [24, 5],
      [27, 83],
      [-87, 74],
      [43, 54],
      [74, -61],
      [112, 57],
      [43, 35],
      [-10, 65],
      [19, 71],
      [82, 66],
      [70, -32],
      [32, 31],
      [56, 87],
      [-1, 69],
      [33, 75],
      [2, 85],
      [28, 52],
      [4, 85],
      [21, 80],
      [1, 36],
      [267, -39],
      [19, -87],
      [-31, -12],
      [-8, -33],
      [25, -27],
      [4, -105],
      [-9, -54],
      [19, -11],
      [5, -42],
      [-13, -46],
      [23, -83],
      [-7, -110],
      [-24, -37],
      [3, -43],
      [41, -54],
      [158, -188],
      [46, 44],
      [38, 51],
      [222, 214],
      [120, 157],
      [117, 115],
      [145, 92],
      [30, 26],
      [-164, 128],
      [107, 118],
      [67, -53],
      [60, 82],
      [39, 94],
      [97, -7],
      [14, 87],
      [-160, 15],
      [-403, 61],
      [12, 34],
      [-20, 65],
      [-11, 97],
      [-23, 32],
      [10, 102],
      [14, 5],
      [30, 59],
      [47, -7],
      [52, 302],
      [10, 97],
      [146, -16],
      [35, -10],
      [10, 54],
      [85, 28],
      [96, 54],
      [107, -180],
      [186, -29],
      [7, 28],
      [55, 18],
      [13, 23],
      [33, -1],
      [75, 30],
      [-14, 40],
      [-41, 56],
      [-63, 45],
      [-43, 39],
      [57, 1],
      [43, 47],
      [-34, 16],
      [51, 35],
      [-40, 26],
      [8, 20],
      [-42, 26],
      [16, 46],
      [32, 22],
      [60, -25],
      [-39, 59],
      [12, 27],
      [-1, 50],
      [-31, 29],
      [34, 31],
      [36, 188],
      [13, 44],
      [-309, 47],
      [16, 18],
      [-34, 32],
      [-135, 70],
      [-84, -488],
      [-117, -22],
      [-97, 94],
      [-95, 124],
      [-45, 81],
      [-96, 218],
      [-86, 100],
      [-29, 51],
      [-7, 50],
      [-2, 210],
      [-7, 23],
      [-72, 140],
      [-6, 56],
      [-2, 114],
      [-12, 39],
      [-110, 174],
      [-5, 28],
      [47, 310],
      [-148, 17],
      [-88, 5],
      [-155, 2],
      [-165, -10],
      [-104, -12],
      [-256, -35],
      [-95, -3],
      [-119, 12],
      [-39, -48],
      [-36, -75],
      [-37, -186],
      [-41, -137],
      [-84, 6],
      [-29, -42],
      [-24, -10],
      [-78, 35],
      [-17, 38],
      [-26, 10],
      [-92, -7],
      [-33, 16],
      [-31, 53],
      [26, 31],
      [114, -18],
      [20, 106],
      [-41, 12],
      [-150, 22],
      [-8, -43],
      [-33, 27],
      [-41, 54],
      [13, 27],
      [-78, 13],
      [-27, 19],
      [-14, 61],
      [40, 36],
      [7, 68],
      [13, 29],
      [4, 84],
      [-66, 34],
      [-37, 100],
      [-28, 15],
      [-98, -107],
      [-103, -120],
      [-42, 20],
      [-52, -12],
      [-30, 11],
      [-41, -10],
      [-31, -48],
      [-48, -5],
      [-21, 32],
      [10, 21],
      [-68, 53],
      [-39, -18],
      [11, 67],
      [-45, 6],
      [-4, -23],
      [-49, -14],
      [-49, 13],
      [-42, -12],
      [-19, 77],
      [-26, 3],
      [12, 67],
      [149, -23],
      [4, 19],
      [-71, 38],
      [-64, 84],
      [-3, 37],
      [-20, 29],
      [-97, 20],
      [17, 94],
      [-168, 25],
      [83, 475],
      [-34, 6],
      [-9, -49],
      [-94, 13],
      [12, 72],
      [-76, 11],
      [-15, -85],
      [-141, 21],
      [-9, -55],
      [-78, 12],
      [35, 196],
      [-44, 7],
      [-22, -132],
      [-79, 12],
      [-7, 81],
      [-25, 4],
      [-12, -67],
      [-79, 13],
      [-14, 56],
      [-89, 63],
      [14, 84],
      [-150, 66],
      [-49, -8],
      [-13, -88],
      [36, -5],
      [-8, -54],
      [-161, 22],
      [-159, 7],
      [-13, 39],
      [42, 40],
      [24, 47],
      [-10, 47],
      [-25, 14],
      [17, 97],
      [80, -13],
      [30, 121],
      [-71, 11],
      [29, 159],
      [87, -13],
      [32, 170],
      [115, -18],
      [14, 74],
      [87, -14],
      [12, 36],
      [-30, 33],
      [16, 27],
      [49, 9],
      [-7, 26],
      [71, -11],
      [-10, -53],
      [48, -7],
      [-14, -79],
      [-54, 8],
      [-6, -32],
      [138, -26],
      [10, 116],
      [23, -3],
      [20, 90],
      [35, -5],
      [7, 36],
      [48, -8],
      [8, 43],
      [-13, 37],
      [47, -8],
      [12, 65],
      [-12, 41],
      [70, -11],
      [29, 44],
      [86, -16],
      [-7, -49],
      [52, -8],
      [-14, -79],
      [43, -5],
      [36, 47],
      [8, 43],
      [-16, 45],
      [283, -44],
      [27, -30],
      [-12, -63],
      [84, -12],
      [-4, -20],
      [76, -12],
      [10, 57],
      [136, -20],
      [4, 22],
      [144, -22],
      [14, 84],
      [292, -45],
      [110, -12],
      [-14, -74],
      [-16, 2],
      [-40, -219],
      [-2, -72],
      [17, -3],
      [-12, -67],
      [91, -14],
      [-19, 159],
      [18, 74],
      [15, 13],
      [144, -23],
      [4, 25],
      [125, -20],
      [-46, -257],
      [62, -14],
      [42, -79],
      [54, -8],
      [27, 28],
      [110, -101],
      [-11, -28],
      [70, -69],
      [-15, -89],
      [49, -7],
      [7, 40],
      [63, 90],
      [45, 25],
      [103, -16],
      [-15, -84],
      [257, -39],
      [-24, -67],
      [2, -56],
      [48, -56],
      [21, 19],
      [78, -12],
      [4, 33],
      [290, -43],
      [-100, -10],
      [-87, 5],
      [-101, -11],
      [-50, 6],
      [94, -68],
      [-24, -48],
      [46, -12],
      [18, -32],
      [55, 6],
      [35, -54],
      [-49, -47],
      [-79, -38],
      [-97, 16],
      [-14, 27],
      [-51, -11],
      [-6, -28],
      [-53, 28],
      [-11, 45],
      [-38, -95],
      [124, -18],
      [-14, -69],
      [246, -45],
      [8, 36],
      [134, 84],
      [17, 33],
      [-7, 37],
      [74, 94],
      [44, 1],
      [38, -23],
      [1, -183],
      [-117, -87],
      [82, 8],
      [11, -26],
      [48, -11],
      [32, 57],
      [-10, 33],
      [23, 29],
      [93, -8],
      [29, 48],
      [50, -37],
      [96, -52],
      [17, -26],
      [15, 107],
      [-47, 14],
      [7, 55],
      [-36, 6],
      [6, 32],
      [29, 14],
      [42, -6],
      [4, 24],
      [-41, 8],
      [8, 30],
      [38, -1],
      [57, 38],
      [-25, 45],
      [529, -78],
      [54, 313],
      [-535, 83],
      [29, 190],
      [-5, 30],
      [57, 21],
      [29, 38],
      [-19, 23],
      [79, 32],
      [29, 109],
      [43, 67],
      [65, 1],
      [30, 13],
      [43, -61],
      [45, -8],
      [35, 17],
      [-65, 74],
      [-202, 253],
      [-11, 27],
      [-154, -109],
      [-104, 201],
      [-17, -18],
      [-46, 89],
      [-126, -135],
      [-72, -35],
      [-117, -120],
      [-415, 64],
      [2, 98],
      [-189, 29],
      [47, 272],
      [190, -29],
      [-5, -23],
      [170, -23],
      [-12, -28],
      [122, -18],
      [69, 3],
      [228, -33],
      [204, 207],
      [-4, 7],
      [-136, 48],
      [-7, 7],
      [-379, 132],
      [-189, 70],
      [35, 220],
      [15, 23],
      [-152, 167],
      [-99, -22],
      [60, 67],
      [50, 25],
      [40, -26],
      [43, 29],
      [57, 18],
      [-53, 68],
      [65, 35],
      [21, 47],
      [66, -19],
      [-12, -44],
      [46, -24],
      [98, -30],
      [6, -36],
      [111, 14],
      [13, 75],
      [41, -6],
      [20, -33],
      [40, -29],
      [151, -6],
      [35, 86],
      [48, 17],
      [4, -34],
      [60, -53],
      [25, -47],
      [159, -168],
      [9, -29],
      [59, -10],
      [4, 35],
      [-35, 38],
      [35, 43],
      [23, -44],
      [40, 9],
      [58, -43],
      [29, 41],
      [35, 18],
      [49, -15],
      [109, 39],
      [159, 84],
      [19, -43],
      [54, 36],
      [62, -63],
      [42, 21],
      [23, -43],
      [25, -8],
      [26, -49],
      [44, -46],
      [126, -109],
      [-128, 14],
      [15, -27],
      [-61, -23],
      [17, -19],
      [-41, -36],
      [37, -42],
      [-26, -20],
      [24, -56],
      [43, -41],
      [33, -17],
      [4, -26],
      [92, -47],
      [-17, -57],
      [34, 0],
      [76, -43],
      [10, -47],
      [24, 8],
      [72, -13],
      [-22, -38],
      [74, -5],
      [-24, -35],
      [48, -47],
      [18, -38],
      [33, -28],
      [63, 98],
      [91, 162],
      [59, 89],
      [101, 164],
      [131, 219],
      [179, -93],
      [40, -7],
      [97, -50],
      [-51, -87],
      [68, -36],
      [-257, -360],
      [6, -104],
      [68, -94],
      [13, -86],
      [27, -11],
      [74, 12],
      [47, 67],
      [12, -34],
      [61, 72],
      [44, -21],
      [-19, -20],
      [28, -24],
      [-5, -25],
      [73, -3],
      [43, -23],
      [17, -56],
      [33, -33],
      [51, -29],
      [63, -10],
      [11, -65],
      [30, -46],
      [44, -3],
      [18, -27],
      [58, -11],
      [28, -33],
      [26, 2],
      [19, -33],
      [25, -6],
      [3, -45],
      [27, -23],
      [11, -32],
      [54, -53],
      [17, -46],
      [52, -29],
      [59, 20],
      [111, -18],
      [4, 26],
      [40, -6],
      [37, -21],
      [35, 6],
      [31, 56],
      [65, 0],
      [12, 64],
      [83, -20],
      [17, 36],
      [109, -9],
      [25, -32],
      [38, -11],
      [86, -53],
      [23, 18],
      [185, -113],
      [40, -3],
      [20, 54],
      [-24, 41],
      [-56, 51],
      [0, 56],
      [13, 48],
      [-7, 67],
      [48, -31],
      [-8, -18],
      [109, -69],
      [68, -62],
      [20, -1],
      [40, -54],
      [3, -53],
      [-64, -31],
      [-4, -33],
      [-64, -2],
      [-51, 32],
      [3, -43],
      [-45, -47],
      [2, -30],
      [-41, -56],
      [47, -43],
      [19, -47],
      [-121, 13],
      [-11, -40],
      [53, 5],
      [11, -25],
      [55, 15],
      [47, -10],
      [20, 28],
      [54, -15],
      [54, 78],
      [46, -30],
      [43, 41],
      [46, 5],
      [72, -11],
      [4, 21],
      [46, 7],
      [19, 23],
      [142, 3],
      [85, 58],
      [84, 87],
      [60, 2],
      [5, -63],
      [37, -16],
      [228, -35],
      [-24, 59],
      [10, 56],
      [-123, 20],
      [-7, -37],
      [-57, 9],
      [18, 104],
      [102, -17],
      [-14, 30],
      [18, 104],
      [-64, 12],
      [38, 42],
      [75, -24],
      [2, 42],
      [36, 16],
      [-21, 30],
      [17, 21],
      [-23, 32],
      [7, 28],
      [-41, 7],
      [-7, -35],
      [-67, 3],
      [5, 32],
      [52, 7],
      [7, 52],
      [-56, 20],
      [31, 143],
      [18, 42],
      [26, 5],
      [85, 38],
      [25, 26],
      [49, 1],
      [15, 19],
      [-23, 33],
      [-7, 58],
      [39, 101],
      [25, 18],
      [37, -21],
      [-8, -45],
      [5, -60],
      [38, -10],
      [36, 60],
      [24, 8],
      [19, 37],
      [33, 3],
      [42, 41],
      [1, 42],
      [-44, 108],
      [15, 51],
      [28, 29],
      [-20, 87],
      [34, 33],
      [53, 71],
      [-3, 40],
      [58, -22],
      [36, -40],
      [9, -70],
      [20, -31],
      [-5, -46],
      [21, -47],
      [44, -25],
      [36, 1],
      [-13, -50],
      [12, -55],
      [69, 51],
      [-17, 31],
      [39, 32],
      [7, 42],
      [-55, -7],
      [-72, 12],
      [0, 50],
      [22, 9],
      [34, -25],
      [60, 13],
      [6, 22],
      [-34, 33],
      [-3, 33],
      [64, 5],
      [41, -6],
      [-28, 74],
      [-48, -1],
      [-24, 33],
      [-43, -14],
      [-28, 15],
      [-58, -30],
      [-25, 2],
      [-38, 30],
      [18, 27],
      [37, -6],
      [-16, 52],
      [-37, 44],
      [69, -13],
      [19, 27],
      [7, 50],
      [-55, 2],
      [38, 44],
      [-23, 74],
      [70, 37],
      [10, -14],
      [-58, -35],
      [14, -52],
      [81, 2],
      [25, 36],
      [88, -44],
      [-12, -20],
      [7, -45],
      [33, -27],
      [-25, -19],
      [2, -43],
      [40, 30],
      [93, 1],
      [26, -63],
      [32, -25],
      [12, -38],
      [-45, -60],
      [-99, -74],
      [-26, -50],
      [3, -80],
      [-93, -163],
      [-31, -23],
      [-49, -12],
      [-35, -48],
      [18, -58],
      [-10, -53],
      [81, -13],
      [-26, -125],
      [-71, 11],
      [-11, -63],
      [-38, 6],
      [-7, -42],
      [-84, 12],
      [-18, 25],
      [-42, -35],
      [-55, -71],
      [-30, -140],
      [-19, -119],
      [41, -6],
      [19, -208],
      [-4, -36],
      [60, -10],
      [32, -24],
      [-8, -40],
      [26, -65],
      [-6, -26],
      [90, -30],
      [50, 8],
      [76, -16],
      [-20, -41],
      [16, -13],
      [70, -13],
      [-30, 59],
      [6, 27],
      [-32, 132],
      [70, -11],
      [32, 173],
      [147, -23],
      [-31, -173],
      [323, -52],
      [20, 40],
      [37, 31],
      [106, -13],
      [98, 0],
      [50, -78],
      [-19, -119],
      [50, -16],
      [34, 3],
      [101, 28],
      [29, 19],
      [51, 59],
      [64, 40],
      [-49, 74],
      [46, 1],
      [10, 37],
      [31, -16],
      [25, 78],
      [55, 65],
      [-24, 27],
      [-26, -13],
      [-70, 2],
      [-42, 13],
      [-37, -4],
      [17, 91],
      [-49, 14],
      [-51, -47],
      [-68, -1],
      [-49, -19],
      [-7, 49],
      [12, 15],
      [-25, 45],
      [-24, -48],
      [-25, 11],
      [-24, -48],
      [-120, 19],
      [-55, -22],
      [-29, -40],
      [-22, 17],
      [30, 34],
      [-6, 54],
      [22, 40],
      [-8, 39],
      [-46, 28],
      [3, 55],
      [74, -13],
      [31, 37],
      [-57, 7],
      [232, 151],
      [18, 8],
      [29, -39],
      [72, 47],
      [53, -70],
      [-21, -18],
      [40, -54],
      [42, -9],
      [1, -47],
      [65, -24],
      [77, -9],
      [2, -51],
      [45, -20],
      [5, 30],
      [125, -16],
      [58, 27],
      [54, -29],
      [45, 29],
      [1, 66],
      [98, -14],
      [-4, -27],
      [-65, -127],
      [4, -21],
      [-29, -35],
      [96, -64],
      [19, 50],
      [75, 37],
      [4, 18],
      [54, 7],
      [17, 44],
      [28, 33],
      [61, 158],
      [-2, 32],
      [17, 65],
      [55, 54],
      [74, 23],
      [28, 31],
      [94, 41]
    ],
    [
      [598474, 172098],
      [19, -51],
      [-32, -17],
      [-66, 10],
      [-1, 45],
      [54, 20],
      [26, -7]
    ],
    [
      [600475, 176031],
      [17, 0],
      [30, -78],
      [-14, -42],
      [-41, -27],
      [-46, 37],
      [-19, -4],
      [-41, 38],
      [15, 54],
      [36, 27],
      [46, -17],
      [17, 12]
    ],
    [
      [565777, 144009],
      [201, 128],
      [46, 69],
      [53, 31],
      [40, -3],
      [-25, -134],
      [56, -19],
      [22, -20],
      [64, -20],
      [-45, -244],
      [-40, 6],
      [5, -47],
      [33, -67],
      [-24, -81],
      [14, -66],
      [-16, -44],
      [-90, 13],
      [-15, -89],
      [49, -25],
      [-36, -25],
      [-52, -18],
      [-157, -26],
      [-38, 20],
      [-36, -32],
      [-79, 11],
      [-76, 21],
      [-5, 30],
      [-32, 22],
      [18, 51],
      [-34, 1],
      [-43, -241],
      [15, -2],
      [-19, -101],
      [-52, 9],
      [-16, -84],
      [-72, 12],
      [-46, -263],
      [-235, 34],
      [-10, 62],
      [56, 3],
      [-1, 64],
      [23, 57],
      [-24, 25],
      [-29, 2],
      [-35, 49],
      [-18, 82],
      [-46, 3],
      [-32, -24],
      [-61, 16],
      [-59, 50],
      [-27, -39],
      [-315, -373],
      [-85, -68],
      [-114, 119],
      [-17, -18],
      [0, -190],
      [-16, -84],
      [-25, -49],
      [-54, -61],
      [-121, -97],
      [-82, -38],
      [-43, -59],
      [85, -115],
      [20, -42],
      [-1, -60],
      [-21, -85],
      [-72, -35],
      [-93, -94],
      [-118, -81],
      [-20, -22],
      [45, -22],
      [24, -45],
      [-141, -59],
      [-35, -9],
      [-26, -83],
      [3, -28],
      [-32, -49],
      [-185, 96],
      [-206, 48],
      [43, 72],
      [-21, 58],
      [-54, 39],
      [-75, 75],
      [95, 80],
      [33, 39],
      [19, 63],
      [-21, 20],
      [-9, 43],
      [-42, 64],
      [-53, 122],
      [-52, 65],
      [-32, -21],
      [-86, 57],
      [-41, 51],
      [-91, 0],
      [-67, 33],
      [16, 92],
      [35, 40],
      [5, 44],
      [-11, 84],
      [-24, 15],
      [37, 40],
      [5, 29],
      [27, 22],
      [80, -4],
      [25, -23],
      [28, 99],
      [-97, 31],
      [-38, 72],
      [-52, 20],
      [-110, -6],
      [-36, 29],
      [-30, -33],
      [-52, -20],
      [-93, 27],
      [-57, 37],
      [-41, 67],
      [34, 45],
      [48, 37],
      [55, 29],
      [114, 83],
      [29, 31],
      [-90, 18],
      [-20, 19],
      [-6, 58],
      [-57, 41],
      [-15, -5],
      [-22, 269],
      [-25, 36],
      [7, 25],
      [-89, 32],
      [0, 49],
      [-46, -1],
      [33, 53],
      [-18, 64],
      [38, 9],
      [18, 73],
      [-27, 65],
      [8, 69],
      [-12, 42],
      [-30, 1],
      [28, 100],
      [73, -15],
      [30, 173],
      [-38, 45],
      [-84, 32],
      [-70, 64],
      [-44, 31],
      [-59, 21],
      [-43, 77],
      [-56, 48],
      [69, 72],
      [106, 17],
      [39, 262],
      [-4, 39],
      [48, 23],
      [-3, 21],
      [169, 206],
      [24, -40],
      [45, -27],
      [44, -9],
      [96, 14],
      [80, -1],
      [-15, -48],
      [-26, -37],
      [-69, -53],
      [-21, -36],
      [-9, -55],
      [-49, -50],
      [-5, -41],
      [14, -39],
      [-68, -37],
      [-24, -52],
      [-21, -160],
      [-36, -67],
      [-11, -68],
      [41, 7],
      [105, -22],
      [66, 28],
      [61, -19],
      [18, -29],
      [-36, -68],
      [13, -80],
      [23, -8],
      [136, 38],
      [29, 29],
      [100, 43],
      [89, 66],
      [28, 43],
      [5, 118],
      [22, 57],
      [55, 41],
      [37, 40],
      [22, -69],
      [58, 4],
      [28, 38],
      [-2, 45],
      [31, 45],
      [-4, 34],
      [81, 44],
      [84, 14],
      [60, -3],
      [10, -29],
      [-14, -55],
      [2, -46],
      [41, -31],
      [14, 50],
      [-14, 54],
      [26, 66],
      [76, 35],
      [74, 92],
      [-16, 61],
      [-23, 160],
      [20, 21],
      [-6, 55],
      [-35, 29],
      [-80, 19],
      [-57, -8],
      [-93, 9],
      [-58, 27],
      [-34, 28],
      [-33, -35],
      [-20, -64],
      [-3, -46],
      [-36, -10],
      [-46, 30],
      [-116, -15],
      [-63, -18],
      [-44, -38],
      [-33, 9],
      [-34, 61],
      [-34, -9],
      [-49, 20],
      [7, 48],
      [-84, 63],
      [-80, -23],
      [-40, 15],
      [-40, 52],
      [-78, 22],
      [-28, -25],
      [-67, 15],
      [-40, 56],
      [-25, 7],
      [-29, 48],
      [-31, 18],
      [22, 99],
      [-51, 55],
      [-58, 82],
      [-75, 47],
      [-176, 48],
      [-75, -8],
      [-21, -14],
      [-44, -60],
      [-18, -57],
      [-125, -73],
      [-37, -46],
      [-99, -12],
      [-32, 57],
      [-81, 18],
      [8, 37],
      [-40, 54],
      [-40, 27],
      [-43, 50],
      [63, 41],
      [256, 69],
      [55, 100],
      [51, -5],
      [-4, -26],
      [71, -10],
      [20, 18],
      [12, 79],
      [-21, 4],
      [-29, 217],
      [179, 130],
      [5, 19],
      [109, -7],
      [14, 24],
      [-9, 62],
      [-14, 14],
      [182, 144],
      [28, 7],
      [112, -7],
      [74, 37],
      [30, -39],
      [33, -22],
      [151, -53],
      [116, -18],
      [45, -15],
      [61, -37],
      [74, -21],
      [50, -66],
      [25, -18],
      [52, -67],
      [73, -40],
      [33, -45],
      [5, -38],
      [31, -31],
      [20, -44],
      [36, -21],
      [13, 59],
      [29, 56],
      [7, 45],
      [26, 41],
      [44, 32],
      [-250, 231],
      [-58, 86],
      [28, 21],
      [42, 71],
      [29, 29],
      [41, 16],
      [57, 160],
      [97, 96],
      [25, 152],
      [20, 26],
      [-59, 9],
      [36, 205],
      [2, 34],
      [96, -4],
      [51, 49],
      [48, 4],
      [13, 16],
      [46, -2],
      [38, -47],
      [115, -20],
      [3, -74],
      [68, -42],
      [10, -53],
      [-20, -77],
      [46, -50],
      [10, -31],
      [38, -2],
      [21, -35],
      [53, -5],
      [41, 61],
      [-1, 42],
      [23, 45],
      [-8, 36],
      [69, 35],
      [40, -10],
      [59, 26],
      [174, -20],
      [-6, -67],
      [19, -35],
      [-92, -144],
      [-97, -84],
      [103, -16],
      [12, -15],
      [-22, -123],
      [-46, 7],
      [-25, -22],
      [-9, -48],
      [-54, -37],
      [46, -26],
      [53, 1],
      [80, 28],
      [58, -11],
      [34, -29],
      [45, -10],
      [32, -43],
      [70, -58],
      [8, -20],
      [-13, -102],
      [7, -68],
      [13, -35],
      [-30, -32],
      [43, -55],
      [26, -65],
      [56, -60],
      [88, -39],
      [74, 2],
      [52, -13],
      [-127, -109],
      [-37, -23],
      [-84, -33],
      [6, -11],
      [-20, -85],
      [-29, -43],
      [-17, -58],
      [0, -38],
      [24, -97],
      [3, -50],
      [-21, -79],
      [23, -64],
      [-11, -42],
      [-39, -47],
      [-32, -57],
      [-108, -35],
      [-21, -16],
      [-96, -116],
      [-11, -29],
      [-5, -100],
      [21, -55],
      [55, -54],
      [68, -41],
      [-1, -41],
      [28, -17],
      [33, 69],
      [108, -13],
      [54, 42],
      [79, 0],
      [-34, -65],
      [-25, 0],
      [0, -54],
      [45, -30],
      [20, 31],
      [32, -25],
      [45, 35],
      [22, -11],
      [41, 181],
      [138, -19],
      [-25, -160],
      [58, 6],
      [1, -131],
      [36, 0],
      [0, -42],
      [78, -52],
      [61, 76],
      [86, -57],
      [-58, -73],
      [42, -46],
      [-45, -47],
      [66, -29],
      [-37, -59],
      [-59, 11],
      [-20, -9],
      [-44, 29],
      [-49, -91],
      [-37, 3],
      [1, -140],
      [129, 11],
      [85, -4],
      [30, -116],
      [-112, -202],
      [91, 29],
      [81, 44],
      [29, 25],
      [32, 6],
      [44, -22],
      [9, -41],
      [-16, -69],
      [45, -18],
      [50, 38],
      [55, 13],
      [43, -44],
      [-30, -53]
    ],
    [
      [498353, 89004],
      [-64, -152],
      [-14, -73],
      [0, -49],
      [13, -54],
      [102, -5],
      [2, -37],
      [-34, -23],
      [-6, -100],
      [-36, -20],
      [-6, -121],
      [-33, 0],
      [-166, 41],
      [-87, 7],
      [-6, 78],
      [-40, 42],
      [-55, 17],
      [-42, -12],
      [-63, -52],
      [33, -35],
      [10, -88],
      [46, -20],
      [22, -80],
      [-31, -65],
      [-61, -1],
      [10, -39],
      [41, -73],
      [-37, -46],
      [-49, 5],
      [20, -41],
      [5, -43],
      [59, -28],
      [-13, -54],
      [20, -30],
      [52, -43],
      [55, -21],
      [0, -29],
      [30, -38],
      [43, -21],
      [96, -9],
      [16, -51],
      [43, -43],
      [0, -49],
      [-67, -85],
      [-18, -72],
      [9, -52],
      [-5, -89],
      [23, -54],
      [41, -30],
      [32, -43],
      [72, -11],
      [-29, -36],
      [4, -51],
      [-123, -37],
      [-65, 24],
      [-37, 49],
      [-45, 23],
      [-56, 8],
      [-28, 20],
      [-12, 67],
      [-64, 58],
      [-39, -3],
      [-23, -42],
      [0, -75],
      [-133, 23],
      [-13, -54],
      [126, -26],
      [56, 2],
      [16, -14],
      [140, -39],
      [63, -50],
      [125, -34],
      [56, -92],
      [10, -72],
      [-25, -35],
      [72, -45],
      [1, -35],
      [73, 7],
      [32, -18],
      [21, -51],
      [-1, -58],
      [50, -39],
      [43, 1],
      [-6, -55],
      [-51, -4],
      [-153, 48],
      [-64, 5],
      [-47, -8],
      [-88, 11],
      [-120, 31],
      [-95, 41],
      [-113, 32],
      [-75, 36],
      [-236, 54],
      [-79, -14],
      [-127, 30],
      [-127, 43],
      [-67, 6],
      [-35, 23],
      [-74, 3],
      [-3, 43],
      [80, 53],
      [70, 4],
      [71, -15],
      [3, -42],
      [31, 6],
      [51, -13],
      [10, 23],
      [76, -25],
      [15, 34],
      [100, -34],
      [43, 97],
      [101, -35],
      [-200, 483],
      [-234, 10],
      [-160, -6],
      [149, 121],
      [36, 20],
      [175, 141],
      [-2, 1140],
      [-360, -1],
      [0, 491],
      [123, -20],
      [51, 232],
      [231, -38],
      [44, 202],
      [-353, 60],
      [116, 527],
      [-40, 7],
      [-143, -61],
      [-63, 114],
      [-299, -128],
      [-269, -54],
      [-152, -183],
      [-231, -242],
      [-5, -31],
      [-50, -118],
      [-10, -51],
      [-72, -143],
      [-125, 35],
      [-55, -32],
      [-11, -83],
      [-51, -35],
      [4, -42],
      [-388, 112],
      [-100, 22],
      [-9, -34],
      [5, -71],
      [29, -75],
      [-73, -166],
      [1, -97],
      [-35, -118],
      [-15, -16],
      [-96, -45],
      [-146, -34],
      [-92, -50],
      [-171, -142],
      [439, -57],
      [-75, -60],
      [-58, -59],
      [-85, -100],
      [-88, -81],
      [-72, -48],
      [-160, -80],
      [-69, -59],
      [-49, -287],
      [-145, 25],
      [-27, -108],
      [-103, 15],
      [-5, 40],
      [-34, -9],
      [-110, 15],
      [-50, -17],
      [-5, -21],
      [-74, 0],
      [-40, 14],
      [14, 79],
      [-138, -71],
      [-8, -116],
      [-46, -5],
      [-29, -17],
      [-44, -128],
      [-104, 1],
      [-2, -58],
      [50, 0],
      [-1, -72],
      [-23, -37],
      [-49, -17],
      [-4, -67],
      [-38, 1],
      [-4, -48],
      [94, -16],
      [-11, -251],
      [-58, -5],
      [-38, 25],
      [-46, 5],
      [-97, 64],
      [-63, 90],
      [-85, 2],
      [-8, -47],
      [-34, 15],
      [-21, -19],
      [-34, -83],
      [-100, 34],
      [-71, 10],
      [3, 82],
      [-66, 2],
      [-5, -80],
      [-158, 5],
      [3, 78],
      [-310, 10],
      [-52, 19],
      [-2, -47],
      [-21, -89],
      [-82, 11],
      [-31, -16],
      [-122, -15],
      [-197, 2],
      [-5, -9],
      [-234, 33],
      [13, -36],
      [-23, -107],
      [13, -33],
      [-52, -90],
      [-23, 3],
      [-1, -61],
      [42, -63],
      [69, -13],
      [102, -37],
      [1, 17],
      [84, -26],
      [-2, -67],
      [50, -2],
      [111, -52],
      [-5, -107],
      [85, -49],
      [15, -40],
      [67, -66],
      [22, -42],
      [-134, 4],
      [-129, 117],
      [-64, 39],
      [-88, 78],
      [-39, 44],
      [-78, 50],
      [-88, 97],
      [-37, 35],
      [-43, 19],
      [-23, 34],
      [-83, 62],
      [-10, 20],
      [-50, 24],
      [-8, 20],
      [-50, 34],
      [-72, 84],
      [-40, 16],
      [-39, 60],
      [-36, -4],
      [-61, 66],
      [-61, 52],
      [-87, 66],
      [-65, 59],
      [-17, 48],
      [-52, 9],
      [-65, 55],
      [-84, 54],
      [-32, 1],
      [-13, 67],
      [-97, 66],
      [-54, 15],
      [2, 33],
      [-40, 49],
      [-50, 41],
      [-86, 31],
      [-51, 69],
      [-45, 35],
      [-43, -11],
      [-34, 35],
      [-319, 184],
      [-71, 34],
      [-84, 51],
      [-16, -3],
      [-78, 62],
      [-16, 32],
      [-58, 14],
      [-62, 63],
      [-49, 33],
      [-57, -4],
      [-6, 33],
      [-37, 15],
      [-104, 98],
      [-64, 30],
      [-53, 45],
      [-120, 76],
      [-8, 39],
      [26, 6],
      [14, -39],
      [99, -54],
      [47, -14],
      [49, 5],
      [43, -17],
      [100, 39],
      [106, 14],
      [76, -33],
      [52, -40],
      [86, -38],
      [81, -23],
      [87, -47],
      [37, -10],
      [32, -42],
      [67, -16],
      [81, -6],
      [56, 18],
      [66, -51],
      [169, -34],
      [101, -43],
      [13, -47],
      [-5, -59],
      [18, -56],
      [58, -50],
      [6, -49],
      [25, -32],
      [57, -36],
      [121, -47],
      [44, -34],
      [77, -41],
      [-21, -30],
      [13, -61],
      [62, -55],
      [129, -56],
      [126, -27],
      [57, -20],
      [363, -86],
      [67, -4],
      [20, -21],
      [96, -19],
      [55, 2],
      [65, -17],
      [201, -14],
      [235, 32],
      [144, 31],
      [350, 121],
      [54, 10],
      [188, 62],
      [96, 28],
      [98, 44],
      [100, 17],
      [89, 22],
      [106, 35],
      [227, 113],
      [137, 40],
      [276, 136],
      [224, 125],
      [81, 58],
      [114, 103],
      [82, 101],
      [28, 56],
      [20, 104],
      [-45, 33],
      [-31, 45],
      [-104, 37],
      [-11, 41],
      [62, 80],
      [49, 81],
      [28, 18],
      [44, 75],
      [104, 103],
      [18, 39],
      [0, 73],
      [34, 16],
      [54, -13],
      [29, 17],
      [124, 108],
      [172, 207],
      [35, 83],
      [12, 74],
      [-17, 40],
      [19, 65],
      [-18, 51],
      [2, 29],
      [-32, 17],
      [17, 27],
      [-20, 58],
      [18, 35],
      [70, 60],
      [17, 25],
      [1, 89],
      [29, 33],
      [10, 40],
      [64, -3],
      [54, 33],
      [64, -6],
      [69, 51],
      [47, 61],
      [81, 64],
      [90, 58],
      [33, 53],
      [18, 8],
      [70, 104],
      [44, 81],
      [19, 50],
      [17, 90],
      [54, 58],
      [19, 63],
      [97, 54],
      [59, 127],
      [59, 30],
      [37, -29],
      [57, 16],
      [35, 26],
      [77, 104],
      [62, 41],
      [89, 40],
      [67, 119],
      [25, 36],
      [29, 76],
      [32, 120],
      [28, 161],
      [23, 252],
      [1, 235],
      [-8, 129],
      [-27, 174],
      [-38, 142],
      [-2, 31],
      [-51, 202],
      [-70, 203],
      [-80, 186],
      [-108, 221],
      [-98, 167],
      [-87, 121],
      [-78, 78],
      [-19, -4],
      [-63, 97],
      [-125, 134],
      [-78, 67],
      [-125, 86],
      [-107, 54],
      [-65, 18],
      [-123, -78],
      [-83, -75],
      [-13, -28],
      [-62, 27],
      [-68, 7],
      [0, 19],
      [-47, 54],
      [-2, 27],
      [-47, 58],
      [-61, 58],
      [-57, 23],
      [-9, 38],
      [-69, 117],
      [-47, 59],
      [15, 54],
      [-12, 53],
      [11, 20],
      [-43, 82],
      [-104, 135],
      [-69, 70],
      [-40, 23],
      [-17, 36],
      [-36, 23],
      [-12, 75],
      [115, -32],
      [-23, 72],
      [-133, 164],
      [-73, 54],
      [10, 74],
      [20, 21],
      [-20, 68],
      [-1, 47],
      [-21, 32],
      [13, 95],
      [-31, 40],
      [5, 53],
      [-11, 41],
      [42, 89],
      [-3, 75],
      [-30, 55],
      [-71, 80],
      [-49, 39],
      [-19, 82],
      [-21, 53],
      [-2, 46],
      [21, 36],
      [-3, 33],
      [-32, 42],
      [-63, 55],
      [24, 26],
      [-14, 47],
      [-42, 26],
      [-68, 68],
      [-92, 52],
      [-232, 117],
      [-77, 30],
      [-74, 49],
      [-37, -24],
      [-109, 71],
      [-141, 7],
      [-55, -22],
      [-31, -27],
      [66, -97],
      [-81, -44],
      [-97, 147],
      [-5, 49],
      [-59, -2],
      [33, -95],
      [38, -73],
      [-5, -16],
      [-110, 129],
      [-20, 37],
      [-34, -40],
      [46, -81],
      [-11, -28],
      [-49, 16],
      [1, -45],
      [88, -74],
      [25, -70],
      [-6, -34],
      [20, -44],
      [30, -9],
      [68, 12],
      [31, -9],
      [67, -66],
      [-40, -36],
      [-150, -95],
      [-56, 5],
      [-40, 29],
      [-49, 14],
      [-52, 42],
      [-40, 5],
      [-17, -17],
      [-67, 1],
      [-21, 39],
      [-50, 10],
      [-58, -30],
      [-52, 70],
      [4, 35],
      [-25, 24],
      [-77, 33],
      [-67, -26],
      [-59, -12],
      [-83, -51],
      [-38, 3],
      [-60, -13],
      [-54, -45],
      [-26, -35],
      [-54, -24],
      [-33, -36],
      [-96, -2],
      [-34, 8],
      [-127, 3],
      [-94, -30],
      [-88, -49],
      [-99, -97],
      [-17, -83],
      [0, -48],
      [16, -26],
      [-14, -51],
      [-52, -55],
      [-50, -8],
      [-25, -35],
      [-4, -41],
      [-41, -16],
      [-89, 20],
      [-50, -2],
      [-45, -25],
      [-64, 3],
      [-71, -61],
      [36, -21],
      [-14, -95],
      [61, -22],
      [25, -23],
      [53, -9],
      [32, -37],
      [-41, -82],
      [-198, 23],
      [9, 49],
      [-53, 14],
      [-50, -2],
      [-8, -48],
      [-129, 15],
      [-8, -49],
      [-185, 22],
      [8, 48],
      [-617, 78],
      [43, 270],
      [-32, 3],
      [-49, -32],
      [-35, 35],
      [-53, -52],
      [-205, -158],
      [-34, -19],
      [-973, -369],
      [-17, 23],
      [-51, 26],
      [-104, 15],
      [17, 96],
      [20, -3],
      [-21, 99],
      [4, 26],
      [-276, -119],
      [-63, 13],
      [-66, 50],
      [-21, 45],
      [10, 105],
      [-14, 22],
      [-81, 10],
      [-35, 54],
      [10, 101],
      [-91, 14],
      [13, 136],
      [24, 140],
      [-31, 11],
      [-294, 23],
      [44, 257],
      [346, 137],
      [-204, 161],
      [58, 60],
      [297, 280],
      [36, -12],
      [40, -40],
      [44, -18],
      [-29, -50],
      [25, -22],
      [54, -20],
      [21, 23],
      [49, 267],
      [403, -49],
      [117, 39],
      [101, 5],
      [36, 203],
      [44, 271],
      [765, -96],
      [67, -15],
      [705, -66],
      [34, 269],
      [-305, 30],
      [36, 276],
      [163, -17],
      [-18, 140],
      [-21, 63],
      [-389, 189],
      [21, 172],
      [-279, 58],
      [-18, 0],
      [-42, -282],
      [-34, -256],
      [-308, 27],
      [35, 270],
      [-197, 27],
      [37, 86],
      [3, 62],
      [-41, 6],
      [13, 101],
      [-166, 20],
      [-839, -36],
      [79, 487],
      [150, -19],
      [4, 26],
      [144, -52],
      [25, 160],
      [149, -119],
      [128, -84],
      [27, 158],
      [90, -12],
      [113, 4],
      [47, 10],
      [9, 105],
      [64, -4],
      [-10, 49],
      [-54, 10],
      [26, 163],
      [383, -48],
      [38, 274],
      [52, 275],
      [42, 266],
      [611, -79],
      [308, -30],
      [3, 23],
      [52, -13],
      [66, -39],
      [54, 32],
      [73, 0],
      [-64, -65],
      [12, -33],
      [78, -21],
      [22, -34],
      [25, -86],
      [37, 0],
      [80, 20],
      [112, -2],
      [64, 19],
      [41, 30],
      [102, -10],
      [-11, 41],
      [42, 44],
      [-24, 16],
      [-5, 38],
      [37, 16],
      [56, -5],
      [15, 13],
      [-82, 64],
      [-42, -3],
      [-13, 32],
      [67, -6],
      [26, 27],
      [-39, 27],
      [-71, -5],
      [-34, 56],
      [24, 23],
      [37, -6],
      [41, -33],
      [33, 51],
      [67, -16],
      [31, -24],
      [31, -1],
      [42, 259],
      [121, -25],
      [336, -45],
      [33, -48],
      [-9, -36],
      [30, -36],
      [-13, -63],
      [61, -31],
      [46, -48],
      [63, -2],
      [43, -54],
      [-21, -29],
      [62, -43],
      [145, -8],
      [26, 148],
      [170, -13],
      [-77, 155],
      [-106, 17],
      [30, 186],
      [-11, 34],
      [15, 84],
      [79, -10],
      [9, 53],
      [18, 31],
      [-72, 6],
      [30, 192],
      [145, -20],
      [27, 99],
      [-24, 99],
      [110, -16],
      [17, 79],
      [-143, 22],
      [-67, 285],
      [-48, 149],
      [-40, 148],
      [87, 503],
      [84, 266],
      [149, 247],
      [8, 19],
      [44, 248],
      [7, 18],
      [339, -47],
      [554, -73],
      [459, -47],
      [-45, -40],
      [16, -37],
      [3, -70],
      [-29, -49],
      [12, -44],
      [30, -39],
      [444, -56],
      [-40, -268],
      [-355, 42],
      [-155, 19],
      [-56, -111],
      [-66, -163],
      [44, -57],
      [-37, -126],
      [14, -31],
      [-7, -51],
      [27, -17],
      [-15, -55],
      [-34, -43],
      [13, -36],
      [-50, -21],
      [-5, -25],
      [-40, 5],
      [-16, -19],
      [31, -46],
      [-25, -14],
      [29, -90],
      [-49, -15],
      [-12, -65],
      [-34, -30],
      [-13, -63],
      [20, -29],
      [-5, -43],
      [-19, -16],
      [5, -44],
      [-92, -3],
      [84, -116],
      [36, -10],
      [29, -49],
      [6, -98],
      [-45, -37],
      [38, -10],
      [-3, -32],
      [60, -51],
      [-27, -65],
      [19, -47],
      [53, -24],
      [64, -4],
      [25, -45],
      [28, -1],
      [27, -40],
      [-16, -44],
      [27, -6],
      [11, -40],
      [48, -30],
      [31, -60],
      [-29, -43],
      [16, -33],
      [-10, -31],
      [33, -40],
      [-35, -25],
      [-41, -84],
      [44, -20],
      [16, -55],
      [-30, -22],
      [31, -33],
      [26, 20],
      [67, -8],
      [4, 68],
      [30, 59],
      [55, 62],
      [34, 69],
      [9, 39],
      [72, 405],
      [4, 38],
      [-7, 95],
      [-23, 75],
      [-1, 42],
      [21, 25],
      [54, 29],
      [-32, 25],
      [-3, 88],
      [31, 1],
      [-1, 96],
      [-251, 28],
      [16, 96],
      [60, 20],
      [20, 26],
      [80, -11],
      [11, 71],
      [45, 12],
      [42, -46],
      [4, -35],
      [48, -22],
      [-14, -82],
      [-26, -60],
      [63, 13],
      [33, 28],
      [12, 36],
      [13, 84],
      [105, -124],
      [-23, -57],
      [223, -24],
      [30, 158],
      [44, -6],
      [-22, -158],
      [304, -35],
      [39, 277],
      [122, -21],
      [75, -3],
      [261, -31],
      [42, 269],
      [518, -70],
      [-10, -68],
      [69, 28],
      [28, -1],
      [18, 29],
      [14, 71],
      [-20, 52],
      [-23, 21],
      [45, 62],
      [51, 8],
      [-14, 30],
      [28, 28],
      [116, -16],
      [15, 84],
      [156, 11],
      [112, -25],
      [29, -37],
      [-58, -370],
      [-38, -227],
      [-29, -210],
      [-32, -188],
      [157, -20],
      [-21, -135],
      [-33, 4],
      [-11, -73],
      [-81, 10],
      [-5, -27],
      [-46, -16],
      [-19, -126],
      [-39, -32],
      [-157, 21],
      [18, 137],
      [-179, 22],
      [-36, -35],
      [-92, 32],
      [19, -106],
      [38, -20],
      [-13, -40],
      [28, -10],
      [-72, -76],
      [-43, -12],
      [-6, -30],
      [17, -30],
      [-9, -79],
      [-86, 10],
      [-17, -33],
      [36, -23],
      [87, -3],
      [38, 21],
      [-11, 61],
      [57, 38],
      [-71, 29],
      [14, 34],
      [41, -28],
      [42, 16],
      [167, -19],
      [8, 50],
      [45, 4],
      [6, -36],
      [37, -22],
      [44, -53],
      [-40, -118],
      [13, -42],
      [-17, -81],
      [54, -25],
      [-18, -118],
      [139, 29],
      [45, 29],
      [75, 10],
      [71, -11],
      [2, 82],
      [22, 43],
      [35, -5],
      [29, 25],
      [22, 95],
      [24, 29],
      [115, 35],
      [53, -64],
      [19, -68],
      [-21, -51],
      [26, -42],
      [34, 34],
      [45, 7],
      [57, 42],
      [36, 3],
      [33, -37],
      [60, 30],
      [-10, 39],
      [27, 10],
      [11, 41],
      [-8, 39],
      [36, 67],
      [49, -10],
      [27, 94],
      [18, 21],
      [-34, 25],
      [3, 80],
      [27, 24],
      [-30, 28],
      [0, 30],
      [-60, 7],
      [6, 41],
      [43, -5],
      [19, 109],
      [-33, 45],
      [5, 38],
      [48, -17],
      [-5, -33],
      [58, -6],
      [-3, -52],
      [63, -14],
      [83, 8],
      [86, 36],
      [34, 43],
      [76, 4],
      [7, -23],
      [-13, -95],
      [-40, 6],
      [-12, -67],
      [-31, 4],
      [-55, 35],
      [59, -153],
      [22, -35],
      [-13, -46],
      [31, -31],
      [-20, -40],
      [-41, 21],
      [-11, -59],
      [-55, 27],
      [-27, -42],
      [-24, 13],
      [-35, -53],
      [-25, -86],
      [-101, -18],
      [-94, 13],
      [-32, -43],
      [151, -20],
      [-39, -48],
      [67, -36],
      [-17, -96],
      [-155, 20],
      [-27, -170],
      [-14, -39],
      [61, -67],
      [81, -12],
      [4, 20],
      [58, -5],
      [83, -51],
      [39, -8],
      [-25, -152],
      [-39, 6],
      [-7, -41],
      [-77, 11],
      [-36, -230],
      [-160, 20],
      [-29, -40],
      [-42, 4],
      [-23, -165],
      [55, 16],
      [24, -25],
      [46, 19],
      [41, -12],
      [71, 23],
      [43, 38],
      [37, -7],
      [-18, -94],
      [-32, -28],
      [104, 6],
      [-11, -101],
      [-44, -45],
      [4, -60],
      [68, -47],
      [44, 9],
      [-9, 89],
      [8, 41],
      [29, 41],
      [-59, 63],
      [23, 28],
      [37, 14],
      [48, 59],
      [28, -25],
      [64, -7],
      [48, -24],
      [109, 113],
      [25, -11],
      [81, 12],
      [25, 45],
      [115, 21],
      [60, -23],
      [-23, -72],
      [22, -43],
      [11, -73],
      [57, -1],
      [36, -22],
      [-32, -69],
      [35, -20],
      [12, -39],
      [1, -68],
      [24, -53],
      [-39, -241],
      [-304, 36],
      [-38, -8],
      [-45, 46],
      [-41, 11],
      [-29, -30],
      [-37, -5],
      [-7, -49],
      [-83, 9],
      [-55, -130],
      [193, -26],
      [7, 44],
      [51, 4],
      [-2, -26],
      [36, -28],
      [177, -22],
      [-35, -62],
      [9, -40],
      [67, 0],
      [91, -13],
      [15, 95],
      [223, -29],
      [56, 24],
      [61, -10],
      [77, -25],
      [37, 7],
      [69, 51],
      [4, 13],
      [106, 24],
      [151, -15],
      [21, 143],
      [287, -39],
      [-16, 131],
      [218, -17],
      [24, 137],
      [311, -34],
      [60, 360],
      [479, -182],
      [78, -46],
      [39, 66],
      [36, 184],
      [-129, 10],
      [-13, 34],
      [146, -19],
      [-2, -16],
      [163, 10],
      [-37, -222],
      [458, -61],
      [-88, -530],
      [148, -1],
      [-2, -57],
      [30, -84],
      [23, -14],
      [102, 1],
      [4, 37],
      [84, -1],
      [12, -37],
      [-1, -76],
      [11, -32],
      [9, -126],
      [53, -45],
      [-65, -39],
      [-394, -245],
      [-8, -21],
      [-58, -14],
      [-80, -61],
      [-76, 16],
      [-12, 40],
      [-51, 86],
      [-7, 32],
      [-32, 21],
      [-122, 4],
      [9, -29],
      [-11, -71],
      [-31, -78],
      [34, -44],
      [-2, -21],
      [66, -20],
      [-22, -78],
      [-23, 5],
      [-18, -63],
      [-103, 38],
      [-43, -47],
      [47, -21],
      [24, -73],
      [-25, -29],
      [-52, 13],
      [-42, -59],
      [-24, -11],
      [19, -44],
      [-53, -21],
      [32, -41],
      [-27, -23],
      [5, -59],
      [46, -50],
      [17, -89],
      [-112, -59],
      [10, -26],
      [60, -13],
      [48, 5],
      [24, -53],
      [28, -27],
      [19, -54],
      [-94, -8],
      [-22, -85],
      [18, -43],
      [-4, -74],
      [15, -44],
      [160, 36],
      [39, -2],
      [28, 26],
      [50, 22],
      [60, 6],
      [36, -10],
      [134, 50],
      [122, 3],
      [32, 37],
      [30, 67],
      [50, 19],
      [2, 43],
      [92, -22],
      [62, -7],
      [-31, -85],
      [-73, -86],
      [-18, -58],
      [44, -49],
      [79, -19],
      [-43, -40],
      [111, -62],
      [8, -60],
      [-51, -19],
      [-5, -39],
      [-61, 11],
      [-3, 31],
      [-28, 14],
      [-14, 52],
      [18, 43],
      [-68, 58],
      [-34, -6],
      [9, -37],
      [-53, -9],
      [-4, -47],
      [-41, -12],
      [-50, -28],
      [0, -99],
      [83, 10],
      [49, -46],
      [77, -90],
      [40, -21],
      [52, 28],
      [37, -1],
      [97, 57],
      [45, -7],
      [26, -26],
      [66, -4],
      [21, 38],
      [59, 18],
      [48, 76],
      [2, 59],
      [41, 49],
      [23, -13],
      [-12, -58],
      [60, 21],
      [-15, -67],
      [34, -82],
      [-27, -82],
      [46, -16],
      [74, -62],
      [-1, -26],
      [59, -156],
      [32, -22],
      [25, 20],
      [38, -99],
      [69, -1],
      [-23, -45],
      [26, -11],
      [-21, -37],
      [50, -12],
      [-24, -137],
      [-112, 15],
      [-17, -79],
      [69, -22],
      [-18, -98],
      [72, -15],
      [15, 36],
      [85, 105],
      [47, 30],
      [109, -13],
      [9, 70],
      [32, 10],
      [54, 52],
      [62, 3],
      [33, 41],
      [0, 58],
      [139, -19],
      [-3, -20],
      [47, -75],
      [-21, -119],
      [-154, 22],
      [7, -24],
      [-11, -63],
      [-44, -70],
      [-1, -39],
      [26, -33],
      [-20, -17],
      [20, -32],
      [36, -22],
      [66, -11],
      [21, -22],
      [46, -4],
      [-25, -81],
      [-77, -26],
      [-34, 20],
      [-90, 7],
      [1, 34],
      [-252, 34],
      [-68, 103],
      [-48, -3],
      [-34, -184],
      [115, -16],
      [-11, -62],
      [89, -13],
      [-9, -82],
      [29, -34],
      [14, -53],
      [-2, -43],
      [-218, 31],
      [27, 150],
      [-51, 7],
      [-51, -39],
      [-13, 68],
      [-38, -3],
      [-22, 52],
      [-108, 46],
      [-19, -19],
      [-95, 31],
      [-41, 28],
      [-7, 63],
      [-259, -7],
      [-69, 69],
      [-7, 28],
      [-50, -1],
      [-1, 43],
      [-60, 4],
      [-36, -9],
      [-56, 14],
      [-146, -16],
      [-53, 5],
      [-35, 32],
      [63, 65],
      [66, 30],
      [36, 0],
      [-13, 37],
      [-45, 45],
      [37, 28],
      [79, -11],
      [15, 84],
      [-45, -7],
      [-23, 20],
      [-93, 16],
      [-16, 19],
      [-47, -2],
      [-61, -26],
      [-41, 9],
      [-129, -38],
      [-72, -65],
      [-25, -35],
      [19, -83],
      [-146, 1],
      [-119, 45],
      [-52, -24],
      [-31, -30],
      [-95, 10],
      [-4, -29],
      [-31, -7],
      [11, -44],
      [-23, -68],
      [71, -10],
      [18, -90],
      [-147, -194],
      [-85, 69],
      [-251, 84],
      [-73, -9],
      [6, 94],
      [15, 34],
      [-12, 75],
      [31, 168],
      [131, -17],
      [49, 222],
      [-46, 33],
      [-14, -48],
      [-46, -11],
      [-21, 35],
      [-34, -10],
      [-132, -1],
      [-139, 100],
      [-58, 58],
      [-81, 48],
      [-62, 68],
      [-148, 81],
      [-97, -6],
      [-61, -25],
      [-57, -53],
      [237, -201],
      [1, -47],
      [-152, -139],
      [-24, 12],
      [-278, -87],
      [-191, 27],
      [-56, -312],
      [419, -57],
      [42, -56],
      [3, -58],
      [25, -8],
      [58, -57],
      [45, -9],
      [-22, -29],
      [0, -36],
      [22, -111],
      [19, -53],
      [36, -39],
      [-31, -45],
      [-33, 4],
      [-53, -34],
      [-8, -47],
      [415, -59],
      [25, 50],
      [46, 13],
      [57, -8],
      [7, 25],
      [56, -11],
      [61, 1],
      [142, 39],
      [-22, -120],
      [-15, 20],
      [-85, 10],
      [-11, -59],
      [-19, -24],
      [146, -88],
      [33, -62],
      [-9, -28],
      [-47, -68],
      [7, -22],
      [154, -20],
      [93, 82],
      [-3, -79],
      [48, -12],
      [-28, -140],
      [-71, 2],
      [0, -58],
      [55, -41],
      [63, 5],
      [61, -33],
      [13, 29],
      [66, -9],
      [58, -44],
      [6, -35],
      [-37, -136],
      [98, -16],
      [-28, -165],
      [63, -9],
      [-9, -28],
      [-39, -37],
      [9, -20],
      [5, -79],
      [57, 110],
      [222, -34],
      [10, -62],
      [24, 9],
      [96, -2],
      [33, -32],
      [170, -28],
      [792, -121],
      [-14, -76],
      [290, -45],
      [-4, 37],
      [30, 40],
      [15, 53],
      [159, -24],
      [84, -9],
      [9, 11],
      [80, 4],
      [163, -25],
      [17, 87],
      [28, -28],
      [8, -35],
      [301, -47],
      [-28, -58],
      [-7, -41],
      [42, -6],
      [10, -25],
      [-32, -26],
      [-21, -47],
      [14, -59],
      [-12, -42],
      [-41, -7],
      [-51, -255],
      [-129, -60],
      [159, -76],
      [-46, -241],
      [-196, 31],
      [-160, 22],
      [-31, 17],
      [-48, -257],
      [20, -58],
      [-36, -22],
      [-9, -39],
      [-64, 8],
      [-18, -95],
      [-57, 8],
      [7, 40],
      [-26, 18],
      [-166, 25],
      [-3, -15],
      [-178, 16],
      [-11, -38],
      [-83, -445],
      [0, -25],
      [-52, -279],
      [-318, 46],
      [-52, -271],
      [-503, 74],
      [104, 544],
      [-1100, 154],
      [-25, 3],
      [-13, -68],
      [-138, 19],
      [12, 69],
      [-244, 35],
      [-35, -189],
      [90, -68],
      [47, -101],
      [47, -191],
      [-16, -57],
      [-466, 65],
      [22, 133],
      [-454, 63],
      [-641, 82],
      [-126, -737],
      [325, -43],
      [-29, -174],
      [77, -10],
      [7, -59],
      [-25, -147],
      [-133, 18],
      [-21, 27],
      [-177, -116],
      [-79, 57],
      [-9, 65],
      [14, 87],
      [-104, 14],
      [-216, 7],
      [-4, -733],
      [-264, 1],
      [0, -234],
      [35, -74],
      [119, 0],
      [-4, -38],
      [110, -26],
      [0, -148],
      [12, -10],
      [-97, -84],
      [-3, -20],
      [402, 1],
      [181, -5]
    ],
    [
      [498137, 87945],
      [-73, -75],
      [3, 53],
      [-11, 39],
      [22, 23],
      [35, 0],
      [24, -40]
    ],
    [
      [624140, 288259],
      [-99, 13],
      [-8, 16],
      [-111, 281],
      [-28, 12],
      [15, 87],
      [-73, 12],
      [19, 117],
      [-213, 34],
      [-7, 19],
      [29, 42],
      [-23, 26],
      [-28, 5],
      [13, 39],
      [47, 34],
      [22, 54],
      [-48, 12],
      [-13, 32],
      [24, 39],
      [106, 54],
      [75, -7],
      [60, 42],
      [55, 16],
      [29, 29],
      [78, 32],
      [35, -22],
      [58, -8],
      [58, -69],
      [-2, -25],
      [53, -76],
      [44, -31],
      [64, -29],
      [109, 91],
      [34, 15],
      [66, 114],
      [21, -13],
      [27, 41],
      [-17, 35],
      [9, 25],
      [-29, 21],
      [-26, 49],
      [-56, 18],
      [-60, 121],
      [-6, 54],
      [-31, 19],
      [-11, 27],
      [2, 81],
      [-164, 46],
      [-36, 19],
      [-67, -8],
      [-20, 64],
      [-82, 101],
      [139, 117],
      [16, 31],
      [50, 2],
      [31, -15],
      [27, -44],
      [42, -4],
      [12, -78],
      [50, 18],
      [51, -110],
      [29, -34],
      [-7, -28],
      [27, -36],
      [3, -58],
      [168, -16],
      [59, 6],
      [99, 24],
      [125, -3],
      [96, -28],
      [31, 68],
      [65, 11],
      [122, -24],
      [-18, 53],
      [134, -23],
      [19, -20],
      [80, 15],
      [9, -14],
      [126, 39],
      [-15, 62],
      [-33, 31],
      [10, 44],
      [-6, 67],
      [-30, 11],
      [3, 28],
      [-42, 48],
      [40, 23],
      [5, 35],
      [43, 7],
      [-43, 87],
      [63, 23],
      [11, -44],
      [37, -34],
      [72, -27],
      [37, 19],
      [61, -2],
      [64, -15],
      [30, -29],
      [15, 28],
      [20, 117],
      [-35, 115],
      [9, 46],
      [-19, 21],
      [34, 53],
      [-2, 24],
      [-45, 61],
      [20, 37],
      [42, 46],
      [40, -7],
      [30, 14],
      [67, -1],
      [11, 65],
      [-17, 3],
      [19, 121],
      [-140, 21],
      [24, 35],
      [15, 50],
      [35, 35],
      [41, -39],
      [52, 19],
      [63, -10],
      [86, -75],
      [50, -11],
      [28, 159],
      [96, -14],
      [-6, -41],
      [89, -14],
      [-13, -75],
      [137, -190],
      [-6, -34],
      [-50, -10],
      [3, -35],
      [31, -30],
      [-14, -21],
      [41, -65],
      [51, -122],
      [4, -56],
      [-17, -75],
      [-40, -95],
      [-9, -186],
      [10, -38],
      [108, 28],
      [-8, 32],
      [9, 52],
      [78, 197],
      [47, 286],
      [87, -9],
      [206, -34],
      [16, 107],
      [-33, 6],
      [-46, 115],
      [-22, 8],
      [8, 46],
      [-50, 8],
      [17, 108],
      [22, 1],
      [34, -30],
      [83, -3],
      [9, -25],
      [55, -60],
      [4, -23],
      [55, 18],
      [69, -24],
      [30, 7],
      [40, 32],
      [35, 82],
      [57, -17],
      [-30, 54],
      [11, 57],
      [46, 11],
      [8, 45],
      [-69, 12],
      [-5, 19],
      [-41, 19],
      [11, 66],
      [-97, 15],
      [3, 20],
      [-67, 10],
      [-59, 104],
      [-37, 20],
      [16, 43],
      [27, 23],
      [52, 0],
      [48, 25],
      [62, -27],
      [97, -30],
      [68, 104],
      [-47, 18],
      [71, 63],
      [50, 56],
      [48, -16],
      [-6, -37],
      [158, -25],
      [12, 70],
      [127, -21],
      [115, -24],
      [5, 9],
      [97, -14],
      [-8, -77],
      [27, -4],
      [-20, -128],
      [66, -11],
      [16, 96],
      [108, -17],
      [15, -53],
      [73, -12],
      [12, 68],
      [122, -17],
      [-10, 59],
      [60, 3],
      [19, 120],
      [88, 47],
      [43, 17],
      [2, 39],
      [-25, 19],
      [-116, 35],
      [0, 26],
      [-39, 85],
      [-60, 35],
      [3, 39],
      [-36, 18],
      [7, 35],
      [33, -15],
      [6, 36],
      [-139, 20],
      [-10, -52],
      [-216, 33],
      [-15, -90],
      [-138, 24],
      [-17, -56],
      [-39, 37],
      [-30, -3],
      [-21, -30],
      [-80, 9],
      [-22, 21],
      [-38, -3],
      [-25, 19],
      [9, 55],
      [65, -20],
      [37, 45],
      [-8, 108],
      [36, 69],
      [47, 28],
      [6, 34],
      [-67, 54],
      [4, 43],
      [-30, 34],
      [-12, 79],
      [-23, 11],
      [17, 121],
      [-83, 12],
      [6, 46],
      [-28, -2],
      [-55, -30],
      [-61, -13],
      [-31, 68],
      [17, 137],
      [49, 1],
      [27, 193],
      [-247, 36],
      [36, 222],
      [21, 34],
      [36, -19],
      [43, -57],
      [51, -2],
      [43, 24],
      [135, -2],
      [77, 18],
      [80, -28],
      [24, 3],
      [15, 95],
      [-58, -16],
      [-59, 53],
      [-18, 37],
      [-53, 39],
      [-5, 27],
      [-47, 7],
      [13, 83],
      [-184, 28],
      [14, 40],
      [70, 48],
      [7, 18],
      [43, 14],
      [42, 64],
      [131, 49],
      [22, 20],
      [-29, 38],
      [-18, 127],
      [4, 28],
      [-21, 24],
      [26, 49],
      [-3, 34],
      [-42, -1],
      [-28, -54],
      [-24, 1],
      [-48, 36],
      [-40, -43],
      [-20, 48],
      [-50, 16],
      [-7, 29],
      [21, 18],
      [23, 48],
      [-33, 10],
      [-46, -49],
      [-26, -9],
      [-10, 79],
      [-72, 5],
      [-23, 48],
      [22, 152],
      [40, 34],
      [23, -5],
      [70, 50],
      [32, -1],
      [6, -49],
      [45, -59],
      [2, -27],
      [31, -48],
      [35, 17],
      [-3, 22],
      [27, 32],
      [12, 50],
      [26, -3],
      [14, 85],
      [15, 22],
      [13, 78],
      [-110, 17],
      [17, 45],
      [11, 72],
      [37, 32],
      [46, 9],
      [-17, 30],
      [6, 43],
      [-91, 24],
      [-17, 20],
      [30, 23],
      [8, 86],
      [68, 25],
      [31, 0],
      [24, 144],
      [23, 17],
      [-15, 45],
      [9, 26],
      [-25, 53],
      [-33, 17],
      [-10, 50],
      [94, 49],
      [31, -9],
      [-19, -38],
      [43, -32],
      [38, 30],
      [41, 6],
      [1, 39],
      [29, 21],
      [-7, 99],
      [-46, 31],
      [-21, 60],
      [-24, -16],
      [-43, 12],
      [-31, 34],
      [-75, -14],
      [-6, -17],
      [-55, 41],
      [-82, 32],
      [13, 32],
      [31, -15],
      [58, 18],
      [67, -11],
      [60, 36],
      [30, 3],
      [64, -18],
      [49, 39],
      [-81, 57],
      [-33, 39],
      [-25, 11],
      [15, 112],
      [51, 328],
      [261, -37],
      [42, 268],
      [19, 2],
      [18, 121],
      [-177, 25],
      [19, 122],
      [-233, 37],
      [-34, 70],
      [-15, 67],
      [-65, 30],
      [-30, -8],
      [-41, 21],
      [-117, 22],
      [-72, 30],
      [29, 186],
      [42, -56],
      [39, 9],
      [25, -31],
      [43, 37],
      [29, 5],
      [-58, 55],
      [-15, 55],
      [37, 92],
      [48, 85],
      [32, 107],
      [-22, 68],
      [-121, -18],
      [-84, 6],
      [18, 27],
      [-9, 46],
      [-51, 47],
      [-86, 24],
      [25, 177],
      [17, -2],
      [17, 111],
      [-10, 41],
      [-44, 24],
      [18, 46],
      [-13, 31],
      [-66, 29],
      [-14, -25],
      [-60, -45],
      [-39, -17],
      [-21, 19],
      [-10, -70],
      [25, -2],
      [20, -36],
      [-25, -85],
      [-49, -15],
      [-39, 63],
      [4, 25],
      [-47, 7],
      [-11, 50],
      [-114, 6],
      [33, 199],
      [16, 26],
      [-138, 20],
      [13, 87],
      [69, -12],
      [16, 99],
      [102, -18],
      [53, 59],
      [31, -2],
      [22, 21],
      [3, 56],
      [70, 42],
      [63, 26],
      [-5, -73],
      [27, 0],
      [88, 68],
      [65, 1],
      [45, -22],
      [-21, -35],
      [27, -25],
      [40, 17],
      [53, 7],
      [7, 33],
      [-58, 25],
      [21, 47],
      [-68, 1],
      [-11, 70],
      [-64, 45],
      [-30, -9],
      [-86, 192],
      [-44, 7],
      [16, 83],
      [41, -7],
      [19, 132],
      [-14, 36],
      [-2, 83],
      [-40, 20],
      [-34, 56],
      [-22, 6],
      [-81, -32],
      [-27, -43],
      [-30, -28],
      [-33, 10],
      [-41, -20],
      [-30, 7],
      [-29, -32],
      [-41, 22],
      [-13, -24],
      [-63, -12],
      [-14, 12],
      [-52, -30],
      [-218, 33],
      [6, 46],
      [-109, 16],
      [-48, 49],
      [-4, 36],
      [137, 21],
      [47, 31],
      [0, 95],
      [13, 35],
      [32, 36],
      [5, 26],
      [-62, 87],
      [78, -52],
      [71, -9],
      [15, 98],
      [16, 45],
      [30, 42],
      [20, 108],
      [29, 32],
      [397, -65],
      [100, -26],
      [15, 90],
      [94, -28],
      [243, -40],
      [46, 53],
      [25, 12],
      [-17, 33],
      [-14, 65],
      [-19, 40],
      [-9, 92],
      [-16, 27],
      [-16, 126],
      [-22, 30],
      [47, 13],
      [34, -17],
      [9, 50],
      [77, -66],
      [189, -31],
      [103, -20],
      [-31, -152],
      [-1, -52],
      [-17, -19],
      [11, -46],
      [-21, -56],
      [-10, -70],
      [11, -39],
      [36, -51],
      [9, -56],
      [61, 6],
      [145, -19],
      [17, 132],
      [130, -14],
      [19, 3],
      [151, -18],
      [6, -135],
      [-3, -113],
      [195, 14],
      [151, -27],
      [78, 19],
      [126, 92],
      [102, 50],
      [27, 26],
      [115, 26],
      [-24, -147],
      [214, -36],
      [-10, -88],
      [70, -9],
      [-53, -341],
      [-145, 21],
      [-9, -35],
      [23, -84],
      [-12, -81],
      [-55, -7],
      [-345, -83],
      [-38, -18],
      [-98, -96],
      [-22, -40],
      [45, -34],
      [-60, -76],
      [-31, -25],
      [-47, -97],
      [36, -9],
      [57, -54],
      [-5, -47],
      [-49, -14],
      [22, -27],
      [33, 21],
      [57, 13],
      [26, 65],
      [24, -43],
      [53, -21],
      [27, 17],
      [5, 37],
      [36, -17],
      [-29, -47],
      [35, -19],
      [28, 23],
      [28, -11],
      [10, -41],
      [-22, -15],
      [-53, -3],
      [-23, -16],
      [-27, -45],
      [-36, -9],
      [-6, -35],
      [-61, -26],
      [-21, -21],
      [-66, 21],
      [-7, -42],
      [66, -10],
      [57, -88],
      [-15, -62],
      [-21, -17],
      [-9, -44],
      [60, -9],
      [10, 42],
      [51, -8],
      [-10, -57],
      [-25, 4],
      [-11, -70],
      [117, -28],
      [26, 3],
      [9, 57],
      [57, 17],
      [101, -22],
      [21, -27],
      [2, -37],
      [-86, -133],
      [-36, 6],
      [3, 29],
      [-122, -12],
      [-105, 8],
      [70, -52],
      [-50, -27],
      [-14, -87],
      [34, -14],
      [16, 19],
      [34, -22],
      [61, 15],
      [16, 40],
      [62, -49],
      [58, 14],
      [35, 18],
      [40, 0],
      [28, -56],
      [46, 18],
      [14, -28],
      [-41, -36],
      [4, -25],
      [49, 22],
      [15, 43],
      [28, -6],
      [6, -31],
      [31, -10],
      [31, -44],
      [33, 8],
      [9, 53],
      [48, 10],
      [40, -46],
      [-8, -54],
      [-49, 8],
      [-39, -27],
      [-46, -46],
      [20, -54],
      [-75, -157],
      [-29, -35],
      [4, -36],
      [-20, -26],
      [4, -69],
      [31, -101],
      [37, -75],
      [63, -87],
      [51, 2],
      [71, 15],
      [34, 27],
      [61, -10],
      [86, -28],
      [74, -32],
      [82, -13],
      [104, -44],
      [57, -11],
      [49, 8],
      [56, -15],
      [67, -57],
      [43, -15],
      [27, 12],
      [0, 45],
      [65, -24],
      [66, 24],
      [59, 38],
      [49, 18],
      [31, 43],
      [-20, 67],
      [18, 46],
      [29, 13],
      [81, -14],
      [21, 22],
      [40, -18],
      [16, -105],
      [17, -25],
      [-21, -54],
      [5, -34],
      [22, -24],
      [-11, -28],
      [-1, -65],
      [44, -59],
      [-26, -36],
      [-19, -72],
      [5, -37],
      [-19, -59],
      [-4, -75],
      [43, -85],
      [-52, -85],
      [-61, -195],
      [-23, -119],
      [15, -32],
      [-40, -98],
      [-7, -33],
      [-73, -29],
      [-9, 38],
      [-41, 46],
      [-62, 29],
      [-69, 17],
      [-53, -19],
      [-36, -38],
      [-45, 20],
      [-43, -33],
      [-46, -62],
      [-36, 16],
      [-15, 40],
      [-49, 26],
      [-36, 45],
      [-28, 101],
      [-11, 79],
      [22, 107],
      [40, 34],
      [66, 148],
      [-17, 68],
      [-98, 32],
      [-34, -41],
      [-146, -25],
      [-11, 22],
      [-67, -22],
      [23, -93],
      [36, -27],
      [59, -18],
      [20, -76],
      [42, -58],
      [25, -48],
      [20, -61],
      [23, -125],
      [26, -55],
      [28, -36],
      [59, -40],
      [44, -15],
      [-209, -314],
      [-36, -43],
      [13, -28],
      [4, -71],
      [-10, -160],
      [8, -76],
      [34, -132],
      [20, -51],
      [32, -25],
      [-6, -31],
      [59, -82],
      [36, -40],
      [51, -24],
      [71, 1],
      [71, -65],
      [23, -47],
      [-11, -30],
      [-70, -15],
      [11, -20],
      [-25, -41],
      [190, -106],
      [8, -74],
      [27, 18],
      [65, -12],
      [113, -77],
      [22, -22],
      [74, -27],
      [39, 0],
      [84, -42],
      [50, -14],
      [152, -84],
      [61, -52],
      [59, -28],
      [77, 17],
      [13, -9],
      [141, -12],
      [67, -43],
      [19, -129],
      [-9, -57],
      [7, -29],
      [52, -35],
      [-31, -56],
      [-80, -63],
      [-17, -23],
      [-108, -68],
      [36, -81],
      [32, -40],
      [-36, -35],
      [-22, -42],
      [-23, -75],
      [19, -37],
      [-22, -48],
      [-4, -54],
      [-77, -140],
      [-79, -65],
      [-205, -108],
      [-71, -40],
      [-66, -68],
      [-60, -92],
      [-29, -26],
      [-4, -24],
      [-35, -28],
      [-23, 16],
      [-199, -76],
      [-80, -16],
      [-110, 7],
      [-226, 69],
      [-102, 24],
      [-70, 7],
      [-62, 14],
      [-53, -4],
      [-62, -17],
      [-43, -43],
      [-8, -56],
      [12, -52],
      [50, -103],
      [18, -73],
      [10, -121],
      [51, -69],
      [-2, -28],
      [-93, -90],
      [-58, -25],
      [-57, 22],
      [-26, 77],
      [-19, 85],
      [-47, 55],
      [-50, -3],
      [-40, -54],
      [-7, -50],
      [28, -151],
      [-24, -43],
      [-52, -13],
      [-125, 169],
      [-57, 49],
      [-77, -7],
      [-32, -17],
      [-93, -79],
      [-104, -111],
      [-65, -110],
      [-15, -52],
      [3, -35],
      [37, -37],
      [87, -16],
      [170, 19],
      [51, -17],
      [62, -64],
      [31, -86],
      [-16, -19],
      [-103, -27],
      [-109, -13],
      [-57, -24],
      [-54, -37],
      [-39, -80],
      [-7, -68],
      [30, -30],
      [39, -12],
      [96, -3],
      [27, -12],
      [7, -35],
      [-28, -30],
      [-110, -21],
      [-58, 6],
      [-48, 26],
      [-30, 28],
      [-50, 23],
      [-66, 76],
      [2, 24],
      [-161, 125],
      [-72, 28],
      [-35, -2],
      [-42, -51],
      [-29, -71],
      [-9, -69],
      [16, -81],
      [66, -114],
      [7, -54],
      [-23, -80],
      [2, -53],
      [61, -104],
      [-3, -39],
      [-42, -15],
      [-74, 1],
      [-48, 61],
      [-22, 78],
      [-50, 64],
      [-77, 57],
      [-79, 44],
      [-80, 12],
      [-35, 14],
      [-81, 9],
      [-89, -29],
      [-57, -12],
      [-38, -37],
      [-8, -32],
      [-7, -145],
      [13, 2],
      [12, 158],
      [26, 34],
      [64, 7],
      [207, 1],
      [55, -13],
      [67, -30],
      [90, -79],
      [32, -41],
      [8, -45],
      [50, -82],
      [30, -18],
      [98, -15],
      [51, 16],
      [14, 31],
      [-2, 64],
      [-48, 73],
      [-13, 54],
      [25, 83],
      [1, 37],
      [-54, 112],
      [-32, 89],
      [0, 61],
      [40, 92],
      [39, 29],
      [40, -20],
      [113, -100],
      [85, -101],
      [59, -60],
      [75, -54],
      [62, -4],
      [54, 5],
      [103, -1],
      [46, 28],
      [22, 57],
      [-11, 41],
      [-46, 24],
      [-78, 5],
      [-67, 30],
      [7, 34],
      [27, 59],
      [40, 47],
      [29, 11],
      [166, 11],
      [63, 10],
      [49, 38],
      [9, 29],
      [-3, 63],
      [-27, 54],
      [-93, 76],
      [-39, 18],
      [-238, 0],
      [-27, 7],
      [-20, 35],
      [21, 43],
      [86, 124],
      [33, 40],
      [87, 77],
      [65, 45],
      [55, 13],
      [27, -26],
      [96, -151],
      [49, -50],
      [47, -10],
      [33, 9],
      [21, 23],
      [21, 73],
      [-7, 165],
      [7, 50],
      [28, 4],
      [41, -78],
      [25, -113],
      [58, -48],
      [31, -6],
      [48, 25],
      [86, 33],
      [58, 54],
      [11, 73],
      [-60, 122],
      [-3, 84],
      [-10, 93],
      [-22, 94],
      [-16, 43],
      [17, 35],
      [32, 14],
      [74, -3],
      [98, -18],
      [106, -34],
      [165, -42],
      [-4, -22],
      [76, -26],
      [3, 17],
      [75, 0],
      [30, -16],
      [56, 15],
      [40, 29],
      [49, -10],
      [77, 49],
      [129, 69],
      [20, 21],
      [43, 16],
      [101, 122],
      [111, 72],
      [61, 51],
      [67, 33],
      [29, -4],
      [69, 49],
      [33, 34],
      [62, 98],
      [53, 110],
      [44, 68],
      [54, 53],
      [-19, 28],
      [103, 9],
      [54, -7],
      [-2, 66],
      [-96, -23],
      [2, 90],
      [-30, 12],
      [-1, 29],
      [73, 174],
      [117, 130],
      [102, 175],
      [-32, 20],
      [21, 35],
      [76, 84],
      [16, -9],
      [171, 273],
      [225, -140],
      [-386, -616],
      [29, -41],
      [15, -51],
      [27, -50],
      [-45, -10],
      [-7, -18],
      [-46, -31],
      [-168, 48],
      [-8, -50],
      [-29, -33],
      [6, -55],
      [73, -5],
      [14, -28],
      [42, -34],
      [15, -71],
      [-3, -89],
      [-9, -48],
      [-59, -23],
      [13, -43],
      [-6, -68],
      [-24, -30],
      [13, -45],
      [29, -25],
      [9, -50],
      [-11, -16],
      [39, -52],
      [27, -108],
      [60, -67],
      [42, -28],
      [92, -16],
      [16, -23],
      [-20, -25],
      [-4, -44],
      [47, -9],
      [45, 19],
      [36, -32],
      [14, -73],
      [-19, -23],
      [12, -29],
      [-75, -55],
      [40, -63],
      [15, -68],
      [19, -21],
      [-5, -45],
      [-36, -72],
      [34, 5],
      [52, 35],
      [79, 25],
      [17, -9],
      [20, -125],
      [55, -35],
      [95, -11],
      [85, 20],
      [75, -34],
      [79, 9],
      [78, 20],
      [56, 32],
      [37, 54],
      [-8, 30],
      [35, 56],
      [-27, 41],
      [4, 55],
      [38, 41],
      [28, -13],
      [-13, -92],
      [-15, -43],
      [8, -23],
      [34, -19],
      [-6, -46],
      [-16, -12],
      [12, -45],
      [100, -22],
      [71, 5],
      [31, -23],
      [46, -1],
      [15, 24],
      [44, -24],
      [24, -74],
      [-12, -47],
      [-51, -42],
      [50, -42],
      [9, -61],
      [54, -51],
      [-24, -66],
      [-21, -18],
      [25, -36],
      [-36, -87],
      [-5, -56],
      [34, -5],
      [-5, -40],
      [104, 8],
      [87, -9],
      [113, 21],
      [71, 4],
      [31, 17],
      [45, 0],
      [-3, -54],
      [-67, -217],
      [-24, -21],
      [12, -25],
      [8, -73],
      [-47, -19],
      [-25, -23],
      [-45, -65],
      [39, -39],
      [32, -3],
      [28, -66],
      [-47, -37],
      [27, -72],
      [45, -12],
      [-6, -47],
      [22, -26],
      [43, -15],
      [26, -38],
      [4, -29],
      [-18, -68],
      [36, 9],
      [58, -6],
      [77, 24],
      [72, -4],
      [72, -28],
      [13, -42],
      [-5, -37],
      [-45, -40],
      [-18, -52],
      [53, -75],
      [7, -36],
      [29, -26],
      [34, -7],
      [47, 45],
      [46, -33],
      [-85, -62],
      [-15, -35],
      [17, -31],
      [-7, -36],
      [-44, 13],
      [-46, -24],
      [-51, -70],
      [-28, -24],
      [-1, -54],
      [-14, -46],
      [4, -50],
      [37, -34],
      [-12, -30],
      [1, -52],
      [20, -45],
      [73, -64],
      [44, -46],
      [6, -65],
      [-22, -19],
      [0, -87],
      [25, -17],
      [7, -59],
      [-12, -59],
      [18, -90],
      [38, -6],
      [-35, -66],
      [-42, -39],
      [-31, -53],
      [-47, 8],
      [-41, 50],
      [-192, 135],
      [-40, 42],
      [-29, 63],
      [-8, 67],
      [16, 183],
      [23, 95],
      [-3, 59],
      [-15, 71],
      [-508, 91],
      [16, 29],
      [9, 72],
      [-22, 89],
      [-49, 55],
      [5, 86],
      [17, 126],
      [-170, 24],
      [46, 33],
      [0, 79],
      [13, 38],
      [-119, 28],
      [-129, 17],
      [-21, -138],
      [-23, -57],
      [-16, -79],
      [-25, -57],
      [11, -39],
      [-45, -66],
      [-63, 37],
      [-44, 72],
      [-258, 40],
      [-32, 89],
      [3, 17],
      [133, 134],
      [-83, 71],
      [-47, 14],
      [-100, 17],
      [8, -81],
      [-30, -41],
      [-1, -57],
      [11, -28],
      [6, -68],
      [-31, -121],
      [-39, -49],
      [-28, -75],
      [-74, -61],
      [-43, -76],
      [-12, -97],
      [6, -42],
      [-26, -63],
      [-61, -17],
      [-86, 59],
      [43, 5],
      [-36, 79],
      [-36, 17],
      [-30, -8],
      [-10, 33],
      [44, 74],
      [2, 32],
      [-28, 13],
      [-13, 38],
      [46, 30],
      [9, 26],
      [43, 26],
      [-10, 51],
      [34, 62],
      [-24, 40],
      [50, 48],
      [33, 44],
      [-47, 66],
      [12, 58],
      [25, 50],
      [-1, 39],
      [82, 35],
      [76, -8],
      [5, 45],
      [-28, 39],
      [-5, 62],
      [-16, 26],
      [-102, 29],
      [-10, 23],
      [16, 29],
      [5, 53],
      [-16, 28],
      [5, 33],
      [-37, 4],
      [-46, -34],
      [-58, 14],
      [-13, 60],
      [-26, 45],
      [7, 29],
      [98, 64],
      [16, 33],
      [-52, 31],
      [-33, -21],
      [-38, 8],
      [-24, 36],
      [-50, 34],
      [-19, 31],
      [-103, 70],
      [-48, 13],
      [-28, 23],
      [26, 169],
      [-80, -12],
      [-49, -1],
      [-120, 25],
      [-125, 52],
      [-113, 21],
      [-28, -154],
      [-10, 1],
      [-13, -149],
      [-35, -204],
      [-13, -37],
      [-49, -85],
      [193, -31],
      [-6, -40],
      [31, -5],
      [-16, -94],
      [-83, -5],
      [-50, 13],
      [31, -51],
      [81, -74],
      [-56, -340],
      [161, -27],
      [29, -23],
      [-20, -45],
      [17, -24],
      [-37, -62],
      [1, -61],
      [53, -52],
      [31, -11],
      [29, -59],
      [44, -52],
      [20, -49],
      [84, -13],
      [-24, -142],
      [-62, 42],
      [-25, -160],
      [134, -21],
      [-34, -219],
      [102, -14],
      [-3, -21],
      [105, -16],
      [-32, -205],
      [204, -32],
      [13, 83],
      [54, -11],
      [29, 11],
      [59, 3],
      [29, -27],
      [-13, -52],
      [60, -28],
      [13, -18],
      [101, -16],
      [-35, -223],
      [192, -29],
      [16, 15],
      [66, -90],
      [50, -89],
      [31, 4],
      [154, -85],
      [-5, 58],
      [388, -64],
      [-32, -188],
      [-33, 3],
      [-25, -146],
      [56, -32],
      [43, -55],
      [-3, -32],
      [-32, -44],
      [-33, -22],
      [-26, 15],
      [-93, 14],
      [-9, -45],
      [9, -50],
      [39, -69],
      [-14, -28],
      [-44, -14],
      [-11, -32],
      [27, -60],
      [-7, -18],
      [-70, -25],
      [-17, -46],
      [-20, -8],
      [-99, 21],
      [-125, -2],
      [-16, -18],
      [46, -54],
      [104, -9],
      [80, -38],
      [71, -17],
      [34, -42],
      [-65, -65],
      [-20, 14],
      [0, 53],
      [-41, 6],
      [-59, -34],
      [-42, -37],
      [-49, -4],
      [36, -64],
      [25, -74],
      [-25, -41],
      [-30, -15],
      [-120, -36],
      [-36, 13],
      [-83, -12],
      [-22, -12],
      [-22, -74],
      [-37, -45],
      [-5, -139],
      [27, -94],
      [-15, -96],
      [-33, -38],
      [-39, -13],
      [-50, 8],
      [-69, 50],
      [-20, 37],
      [-17, -103],
      [-55, 6],
      [-48, 16],
      [-50, 31],
      [-61, -18],
      [-42, 29],
      [-109, 17],
      [41, 247],
      [261, -41],
      [22, 132],
      [-70, 11],
      [19, 81],
      [-16, 31],
      [-67, 18],
      [-16, -49],
      [-171, 30],
      [-33, 65],
      [-32, -3],
      [-74, -28],
      [-34, -29],
      [-61, -5],
      [-90, -61],
      [-21, -50],
      [-25, -20],
      [21, -26],
      [-27, -157],
      [-45, 7],
      [7, 41],
      [-124, 21],
      [1, 15],
      [-91, 16],
      [9, 49],
      [23, 52],
      [34, 27],
      [45, 88],
      [30, 97],
      [124, 286],
      [-319, 54],
      [20, -78],
      [-3, -44],
      [-69, -61],
      [-98, -75],
      [-77, -38],
      [-74, 12],
      [52, 323],
      [-238, 39],
      [-18, -94],
      [-38, -147],
      [0, -43],
      [-27, -151],
      [-180, 28],
      [-2, -97],
      [20, -49],
      [-69, 12],
      [-25, -131],
      [-487, 78],
      [-172, -98],
      [-17, 14],
      [-123, 14],
      [-8, -118],
      [-39, -95],
      [-304, 48],
      [-90, 40],
      [-76, 2],
      [-23, 48],
      [-87, 106],
      [-51, 12],
      [-17, 60],
      [5, 128],
      [-8, 42],
      [31, 8],
      [6, 36],
      [59, 7],
      [156, -26],
      [84, -34],
      [28, 167],
      [111, -19],
      [98, 17],
      [207, -32],
      [8, 56],
      [47, 143],
      [48, 49],
      [-562, 92],
      [-57, -27],
      [-99, -101],
      [-23, -44],
      [-58, -43],
      [-53, -11],
      [-26, -100],
      [-111, -235],
      [-38, -37],
      [-71, -26],
      [-25, -30],
      [-8, -44],
      [2, -98],
      [-10, -120],
      [-30, -94],
      [-240, 38],
      [-9, -54],
      [-178, 30],
      [-6, -34],
      [-29, -46],
      [-151, 25],
      [4, 19],
      [-296, 50],
      [44, 259],
      [29, 159],
      [-274, 47],
      [43, 270],
      [67, 49],
      [7, 41],
      [26, 24],
      [-6, 42],
      [45, 34],
      [14, 42],
      [92, 18],
      [69, -24],
      [13, 16],
      [47, 288],
      [42, 239],
      [-31, 4],
      [-60, -83],
      [-79, 21],
      [9, -47],
      [63, -25],
      [-10, -59],
      [-49, -40],
      [-11, -58],
      [27, -16],
      [6, -51],
      [-35, -11],
      [-29, -40],
      [-74, -25],
      [-41, -44],
      [-35, 6],
      [-89, 50],
      [-46, 46],
      [-30, 11],
      [-43, 60],
      [-159, 26],
      [-5, -31],
      [-160, 24],
      [12, 19],
      [-68, 70],
      [2, 29],
      [51, 39],
      [-41, 78],
      [-44, 14],
      [10, 46],
      [-29, 6],
      [-10, 62],
      [16, 34],
      [-57, 10],
      [22, 147],
      [-173, 26],
      [-25, -147],
      [-43, -10],
      [-105, -111],
      [-67, 73],
      [-27, 0],
      [-108, 35],
      [24, 72],
      [-30, 5],
      [34, 203],
      [-83, 12],
      [3, 34],
      [86, -7],
      [33, -13],
      [36, 5],
      [16, 99],
      [-140, 21],
      [30, 197],
      [14, 68],
      [108, -18],
      [-43, 66],
      [-7, 57],
      [-119, 23],
      [-44, -25],
      [-51, 4],
      [-106, -42],
      [-12, -74],
      [-122, 65],
      [-67, -52],
      [-54, -26],
      [-117, -39],
      [-36, -17],
      [-23, -38],
      [46, -54],
      [27, -6],
      [-20, -63],
      [43, -57],
      [45, -32],
      [-79, -103],
      [-12, -26],
      [9, -34],
      [-9, -35],
      [22, -67],
      [-47, -32],
      [14, -76],
      [59, -55],
      [82, -38],
      [-38, -25],
      [-22, -38],
      [9, -37],
      [35, 1],
      [-5, -36],
      [28, -33],
      [67, 5],
      [119, -28],
      [54, -8],
      [-18, -119],
      [106, -16],
      [-19, -121],
      [-206, 32],
      [-4, -24],
      [-104, 18],
      [-12, 48],
      [-20, 11],
      [-13, 43],
      [17, 49],
      [-32, 29],
      [-22, 42],
      [-50, -32],
      [-48, -20],
      [-67, -3],
      [-42, 10],
      [-86, 48],
      [-103, 72],
      [-97, 55],
      [-43, 7],
      [-85, -2],
      [27, 31],
      [-9, 53],
      [-49, 14],
      [-57, 77],
      [-27, -11],
      [-9, 45],
      [-50, 14],
      [36, -113],
      [6, -54],
      [25, -44],
      [-15, -46],
      [78, -101],
      [-54, -322],
      [-53, 16],
      [-140, -15],
      [-21, 205],
      [101, 66],
      [-37, 34],
      [41, 26],
      [-13, 57],
      [-10, 98],
      [-42, 17],
      [-35, 30],
      [-37, 80],
      [38, 142],
      [-190, 28],
      [-256, 49],
      [-19, 24],
      [20, 23],
      [27, -8],
      [29, 32],
      [-4, 32],
      [49, 9],
      [12, 81],
      [-107, -2],
      [-47, -49],
      [-34, 10],
      [-19, -41],
      [-22, 16],
      [-23, 88],
      [-23, 23],
      [-115, 15],
      [-42, -17],
      [-12, -75],
      [-32, -64],
      [-2, -38]
    ],
    [
      [632381, 293078],
      [-11, -42],
      [-99, 90],
      [-67, 32],
      [9, 13],
      [85, 49],
      [61, -73],
      [22, -69]
    ],
    [
      [634098, 290653],
      [9, 27],
      [41, -5],
      [28, -47],
      [-78, 25]
    ],
    [
      [385607, 154776],
      [27, -81],
      [60, -74],
      [32, -55],
      [57, -77],
      [58, -59],
      [32, -59],
      [54, -151],
      [-3, -56],
      [-27, -10],
      [-32, 28],
      [-104, 3],
      [-119, -33],
      [-25, -43],
      [-69, -90],
      [-48, 24],
      [-45, 51],
      [-4, 43],
      [-26, 59],
      [1, 89],
      [20, 66],
      [19, 186],
      [48, 123],
      [14, 98],
      [-19, 59],
      [-71, 93],
      [-39, 16],
      [-23, 48],
      [25, 27],
      [54, -3],
      [55, -54],
      [51, -78],
      [47, -90]
    ],
    [
      [385307, 154986],
      [41, 38],
      [15, -38],
      [-56, 0]
    ],
    [
      [385565, 153995],
      [64, 56],
      [44, 74],
      [111, 37],
      [18, -6],
      [24, -65],
      [60, -30],
      [-62, -79],
      [-57, -20],
      [-97, 6],
      [-105, 27]
    ],
    [
      [384189, 144004],
      [25, 63],
      [24, 34],
      [13, 60],
      [10, 145],
      [5, 152],
      [-7, 66],
      [10, 44],
      [-8, 127],
      [-41, 280],
      [-39, 108],
      [6, 70],
      [-11, 55],
      [15, 50],
      [9, 86],
      [42, 28],
      [72, 14],
      [75, 67],
      [52, 32],
      [43, 55],
      [14, 39],
      [10, 139],
      [-3, 79],
      [18, 27],
      [59, 0],
      [24, 16],
      [30, 60],
      [7, 45],
      [-9, 184],
      [-32, 187],
      [26, 62],
      [12, 54],
      [18, 30],
      [-4, 155],
      [-11, 134],
      [-15, 96],
      [-39, 120],
      [13, 63],
      [-18, 56],
      [-18, 93],
      [4, 107],
      [23, 12],
      [41, 62],
      [-2, 94],
      [-13, 55],
      [8, 29],
      [-7, 60],
      [-36, 67],
      [1, 61],
      [48, 53],
      [4, 46],
      [-19, 62],
      [14, 49],
      [-1, 71],
      [-11, 83],
      [-19, 67],
      [16, 51],
      [36, 67],
      [7, 93],
      [22, 47],
      [51, 57],
      [25, 80],
      [71, 104],
      [88, 80],
      [31, 35],
      [94, 79],
      [5, 29],
      [27, 39],
      [7, 45],
      [-12, 67],
      [26, 82],
      [97, 183],
      [41, 162],
      [50, 113],
      [8, 37],
      [62, 62],
      [28, 11],
      [26, 34],
      [37, 102],
      [-4, 107],
      [-17, 81],
      [-35, 109],
      [-47, 207],
      [-8, 123],
      [-11, 49],
      [-17, 143],
      [17, 72],
      [0, 94],
      [-21, 96],
      [29, 9],
      [-9, 106],
      [-25, 80],
      [-57, 109],
      [-5, 56],
      [-82, 217],
      [-39, 126],
      [-32, 171],
      [-21, 71],
      [-40, 174],
      [-65, 245],
      [-13, 81],
      [-19, 56],
      [-12, 78],
      [-57, 189],
      [-16, 92],
      [-55, 176],
      [-37, 190],
      [-5, 120],
      [8, 92],
      [18, 67],
      [40, 112],
      [35, 50],
      [30, 64],
      [34, 98],
      [56, 108],
      [17, 74],
      [6, 74],
      [-12, 172],
      [-26, 103],
      [-75, 3],
      [-31, 10],
      [63, 94],
      [-50, 69],
      [-76, 75],
      [31, 34],
      [85, 137],
      [46, 61],
      [148, 105],
      [63, 27],
      [79, 10],
      [104, -36],
      [46, -31],
      [34, -93],
      [-20, -105],
      [-23, -58],
      [-21, -126],
      [-20, -81],
      [-12, -173],
      [35, -135],
      [-8, -94],
      [-3, -106],
      [-54, -85],
      [-33, -65],
      [2, -119],
      [-9, -109],
      [-25, -7],
      [-19, -38],
      [-42, 5],
      [-61, -19],
      [-24, -62],
      [25, -107],
      [29, 0],
      [-18, 107],
      [6, 21],
      [68, 13],
      [75, 35],
      [68, -20],
      [6, 17],
      [-65, 15],
      [21, 89],
      [9, 85],
      [51, 14],
      [-42, 47],
      [30, 50],
      [47, 105],
      [37, 62],
      [-9, 10],
      [3, 94],
      [68, -22],
      [139, -34],
      [56, -5],
      [36, -17],
      [138, -34],
      [-27, 28],
      [5, 42],
      [56, 47],
      [80, -19],
      [-35, 41],
      [36, 66],
      [31, 9],
      [21, 63],
      [24, 19],
      [35, -7],
      [6, 38],
      [-45, 11],
      [-11, 59],
      [-35, 40],
      [9, 28],
      [-2, 84],
      [-63, 69],
      [-12, 47],
      [-34, 38],
      [-36, 95],
      [20, 56],
      [-17, 64],
      [19, 39],
      [-12, 70],
      [-24, 31],
      [-9, 49],
      [-83, 132],
      [-69, 64],
      [-3, 15],
      [99, 51],
      [24, 35],
      [-40, 48],
      [136, 29],
      [12, -40],
      [62, -56],
      [42, -54],
      [22, -49],
      [41, -3],
      [55, 25],
      [-81, 80],
      [-64, 216],
      [100, 24],
      [272, -182],
      [208, -146],
      [-24, -36],
      [27, -19],
      [-22, -27],
      [43, -29],
      [49, 63],
      [-32, 102],
      [-13, 65],
      [-52, 169],
      [64, 11],
      [44, -2],
      [129, 160],
      [27, 67],
      [295, 522],
      [476, -228],
      [49, 88],
      [-95, 45],
      [347, 613],
      [164, 315],
      [193, -84],
      [-45, -89],
      [194, -83],
      [-55, -101],
      [69, -1],
      [58, -26],
      [89, 167],
      [78, -33],
      [60, 81],
      [277, -177],
      [-9, -80],
      [-56, -55],
      [-17, -204],
      [-1, -109],
      [5, -181],
      [-143, -168],
      [-64, -112],
      [-16, 8],
      [-81, -74],
      [-113, -93],
      [-153, -272],
      [-57, 28],
      [-29, -98],
      [97, -47],
      [-26, -26],
      [5, -45],
      [1, -131],
      [56, -10],
      [60, 5],
      [22, 17],
      [48, -10],
      [47, -25],
      [35, 47],
      [33, 6],
      [30, -43],
      [43, 33],
      [33, -37],
      [57, -9],
      [85, 11],
      [38, 66],
      [77, -33],
      [51, -77],
      [15, -66],
      [-41, -52],
      [25, -34],
      [-9, -21],
      [47, -19],
      [86, -96],
      [-97, -25],
      [137, -21],
      [50, -57],
      [-54, -45],
      [41, -63],
      [-41, -43],
      [36, -40],
      [-115, -85],
      [-79, -32],
      [176, -77],
      [-8, -6],
      [252, -76],
      [-29, -12],
      [-41, -54],
      [-10, -80],
      [-21, -60],
      [71, -72],
      [-220, 62],
      [-14, -42],
      [-67, -5],
      [-31, -89],
      [-36, -3],
      [-75, -61],
      [-10, -112],
      [17, -43],
      [-14, -65],
      [-23, -54],
      [-52, -17],
      [10, -18],
      [-34, -39],
      [9, -140],
      [-25, -54],
      [37, -45],
      [28, -106],
      [-82, -19],
      [17, -73],
      [-123, -24],
      [3, -52],
      [-32, -6],
      [36, -51],
      [8, -132],
      [-106, -6],
      [16, -229],
      [81, -3],
      [-89, -74],
      [-31, -52],
      [-64, -36],
      [-27, 44],
      [-54, 40],
      [-78, 38],
      [-27, 21],
      [9, -154],
      [66, 3],
      [3, -29],
      [31, -6],
      [100, -50],
      [22, 24],
      [74, -65],
      [88, -52],
      [70, -78],
      [-38, -89],
      [-109, 13],
      [-45, -17],
      [-136, 3],
      [-21, -49],
      [5, -45],
      [54, -28],
      [-58, -69],
      [-69, 50],
      [-38, -1],
      [-37, -27],
      [-73, -3],
      [9, -135],
      [-131, -10],
      [8, -93],
      [103, 4],
      [30, -33],
      [185, 11],
      [4, -68],
      [224, 12],
      [-14, -147],
      [60, 2],
      [83, -10],
      [-61, -76],
      [-42, -5],
      [-58, 31],
      [-74, 25],
      [-45, 40],
      [-94, 31],
      [-5, 19],
      [-46, 35],
      [-77, -11],
      [-58, -26],
      [-33, 7],
      [-55, -57],
      [-89, 36],
      [40, -51],
      [2, -92],
      [155, -260],
      [-11, -29],
      [-53, 1],
      [-71, 13],
      [-74, 30],
      [-34, -10],
      [-17, 50],
      [15, 67],
      [-27, 17],
      [-61, -1],
      [-93, -41],
      [-84, -56],
      [-244, -16],
      [-44, -52],
      [10, -36],
      [-47, -17],
      [1, -39],
      [-97, -52],
      [-30, -43],
      [6, -105],
      [-19, -33],
      [95, 4],
      [50, -9],
      [14, 46],
      [248, 14],
      [8, -118],
      [83, -4],
      [128, -58],
      [-33, -38],
      [-40, 11],
      [-49, -3],
      [-36, 31],
      [-81, 5],
      [-16, 10],
      [-189, 46],
      [-46, -6],
      [-60, -31],
      [20, -286],
      [54, -42],
      [96, 4],
      [-21, -25],
      [3, -44],
      [-43, -54],
      [-110, -256],
      [1, -38],
      [-45, -2],
      [6, -98],
      [38, -23],
      [68, 1],
      [-13, -48],
      [-61, 15],
      [-37, -5],
      [-31, -37],
      [53, -40],
      [-8, -38],
      [24, -25],
      [-80, -6],
      [5, -59],
      [-108, -8],
      [6, -73],
      [-36, 20],
      [-9, 30],
      [-93, -181],
      [-24, -16],
      [37, -100],
      [-89, -6],
      [7, -100],
      [62, 4],
      [10, -85],
      [-13, -16],
      [-49, -6],
      [-104, -64],
      [-106, -22],
      [3, -63],
      [-105, 1],
      [4, -44],
      [-107, -7],
      [7, -98],
      [-213, -13],
      [7, -100],
      [-140, -8],
      [-71, -67],
      [3, -36],
      [-41, -2],
      [-52, -99],
      [45, 2],
      [-29, -67],
      [4, -38],
      [-130, -7],
      [4, -71],
      [-62, -54],
      [59, -3],
      [-70, -166],
      [89, 6],
      [17, -252],
      [-48, -11],
      [-55, -37],
      [-81, -32],
      [-84, -9],
      [-68, -29],
      [-80, -76],
      [-75, 0],
      [-75, -81],
      [-56, -45],
      [6, -70],
      [-76, -32],
      [-33, -36],
      [-78, 11],
      [17, -81],
      [-67, -46],
      [-95, -12],
      [14, -55],
      [77, -58],
      [50, -64],
      [8, -110],
      [-25, -2],
      [-75, -102],
      [-103, -7],
      [-28, -123],
      [37, -90],
      [47, -671],
      [50, -792],
      [-430, -24],
      [34, -545],
      [-6, -25],
      [-59, -85],
      [-29, -65],
      [-92, -71],
      [-100, -113],
      [-45, -66],
      [-30, 7],
      [-25, 33],
      [-89, 73],
      [-56, 2]
    ],
    [
      [667, 194064],
      [-49, 0],
      [-129, 213],
      [-30, 106],
      [-67, 0],
      [0, 63],
      [-52, 0],
      [0, 62],
      [-44, -1],
      [-15, 62],
      [3, 111],
      [-4, 66],
      [-280, 0],
      [29, 108],
      [10, 80],
      [35, 96],
      [19, 15],
      [11, 131],
      [62, 116],
      [33, 90],
      [4, 51],
      [27, -1],
      [11, 33],
      [10, 97],
      [48, 58],
      [36, 0],
      [53, 52],
      [14, 53],
      [38, 21],
      [65, 77],
      [22, 56],
      [38, 17],
      [24, -31],
      [47, 27],
      [44, 58],
      [63, 66],
      [43, 61],
      [39, 38],
      [81, 98],
      [39, 84],
      [48, 51],
      [55, 101],
      [29, 20],
      [33, 61],
      [47, 55],
      [38, 76],
      [25, 68],
      [50, 65],
      [37, 100],
      [26, 9],
      [83, 125],
      [5, -21],
      [95, -46],
      [49, 11],
      [-20, -91],
      [15, -37],
      [93, -91],
      [21, -61],
      [6, -59],
      [-27, -67],
      [-33, -55],
      [43, 7],
      [-2, -67],
      [-33, -89],
      [-2, -57],
      [36, -1],
      [1, -41],
      [-104, -28],
      [-55, -59],
      [-84, -12],
      [-63, 7],
      [-44, -18],
      [-19, -39],
      [-69, -68],
      [-76, -30],
      [-197, -24],
      [-77, -71],
      [-52, -131],
      [-9, -50],
      [12, -60],
      [20, -34],
      [57, -59],
      [-13, -25],
      [-49, -31],
      [-92, -28],
      [-49, -4],
      [-79, -34],
      [-12, -74],
      [-77, -99],
      [-68, 39],
      [-31, -29],
      [37, -46],
      [-58, -22],
      [-11, -21],
      [-7, -86],
      [16, -59],
      [-6, -95],
      [19, -53],
      [100, -92],
      [-1, -35],
      [-31, -96],
      [23, -39],
      [-17, -25],
      [-1, -49],
      [44, -74],
      [7, -35],
      [33, -48],
      [40, -30],
      [39, -60],
      [-38, -78],
      [3, -89],
      [43, -106]
    ],
    [
      [323, 214844],
      [740, 0],
      [32, -79],
      [90, -138],
      [27, 0],
      [171, -237],
      [88, -85],
      [70, -96],
      [34, -61],
      [22, -60],
      [11, -62],
      [32, -98],
      [34, -132],
      [-141, 1],
      [0, -127],
      [39, -92],
      [120, -194],
      [29, -62],
      [67, -68],
      [25, -51],
      [81, -202],
      [34, -112],
      [29, -64],
      [20, -67],
      [34, -145],
      [76, -252],
      [109, -206],
      [12, -41],
      [16, -154],
      [115, 27],
      [203, 65],
      [33, -11],
      [43, 14],
      [124, 15],
      [-141, 246],
      [-30, 99],
      [-22, 45],
      [-27, 26],
      [-108, 39],
      [-31, 26],
      [-184, 224],
      [-109, 137],
      [-25, 69],
      [3, 46],
      [85, 62],
      [233, 20],
      [420, 2],
      [110, 26],
      [33, -5],
      [59, -55],
      [107, -1],
      [33, -83],
      [59, -74],
      [160, -71],
      [33, -166],
      [-64, -220],
      [-157, -356],
      [-16, -29],
      [-1, -275],
      [-27, -52],
      [82, 0],
      [0, -71],
      [87, 5],
      [-1, -215],
      [86, 36],
      [53, -92],
      [-16, -7],
      [26, -71],
      [36, 0],
      [47, -41],
      [-19, -30],
      [0, -139],
      [180, -1],
      [1, -119],
      [-21, -70],
      [47, -55],
      [13, -31],
      [3, -93],
      [80, 1],
      [32, 75],
      [-7, 169],
      [-6, 262],
      [26, 25],
      [75, 18],
      [156, 0],
      [3, -73],
      [23, -35],
      [36, -26],
      [19, -42],
      [0, -245],
      [-50, -108],
      [-10, -84],
      [-74, -79],
      [68, -29],
      [203, -1],
      [50, -304],
      [2, -119],
      [-68, 1],
      [-2, -54],
      [105, -1],
      [78, -27],
      [176, -150],
      [242, -150],
      [73, -37],
      [54, -18],
      [21, -42],
      [2, -47],
      [-7, -176],
      [590, -3],
      [255, 3],
      [-1, 173],
      [34, 1],
      [0, 125],
      [-90, 136],
      [-16, 34],
      [-1, 320],
      [12, 2],
      [-13, 333],
      [-93, 0],
      [-11, 209],
      [-32, 258],
      [0, 86],
      [19, 0],
      [21, 73],
      [136, -28],
      [171, 75],
      [23, 6],
      [19, 43],
      [60, 202],
      [55, -57],
      [29, -51],
      [48, 34],
      [61, 10],
      [99, 55],
      [-8, 36],
      [58, 17],
      [14, 16],
      [118, -8],
      [-1, 32],
      [190, -1],
      [63, -127],
      [4, -60],
      [-108, 0],
      [0, -70],
      [-32, 0],
      [-35, -56],
      [-1, -75],
      [21, -49],
      [6, -57],
      [21, -84],
      [87, -6],
      [-11, 188],
      [63, 0],
      [4, -76],
      [103, 0],
      [-88, -139],
      [-46, -36],
      [-24, -56],
      [0, -43],
      [-118, -9],
      [-35, -61],
      [5, -28],
      [48, -13],
      [5, -57],
      [-92, -45],
      [-64, -1],
      [-42, -46],
      [-75, 0],
      [14, 75],
      [-86, -1],
      [-88, -76],
      [-202, 1],
      [-1, -69],
      [28, -82],
      [0, -182],
      [73, 0],
      [-1, -257],
      [-36, -59],
      [-86, -19],
      [46, -197],
      [8, -72],
      [17, -10],
      [120, 1],
      [-21, -104],
      [-27, -69],
      [3, -79],
      [182, -1],
      [25, -26],
      [62, -7],
      [111, -53],
      [210, -11],
      [59, -22],
      [36, -37],
      [117, 67],
      [78, 93],
      [34, 24],
      [84, 37],
      [3, -18],
      [53, 8],
      [122, -19],
      [54, 11],
      [3, -93],
      [-50, 2],
      [-15, -34],
      [30, -56],
      [24, -18],
      [196, 1],
      [0, -117],
      [-47, 0],
      [0, -97],
      [-45, -77],
      [0, -68],
      [41, 0],
      [16, -39],
      [-16, -49],
      [-1, -84],
      [124, 0],
      [0, -102],
      [54, 5],
      [121, -5],
      [66, 10],
      [175, -20],
      [71, -22],
      [104, 34],
      [52, 2],
      [119, 35],
      [89, -1],
      [89, -20],
      [2, 346],
      [6, 127],
      [122, 2],
      [7, 74],
      [78, -1],
      [40, 20],
      [69, 0],
      [0, -112],
      [-119, 0],
      [0, -61],
      [-40, -11],
      [47, -178],
      [-1, -116],
      [276, 0],
      [-2, 159],
      [-35, 36],
      [4, 171],
      [-13, 0],
      [-1, 83],
      [92, 3],
      [0, 103],
      [-16, 50],
      [50, -1],
      [-1, 35],
      [137, -1],
      [1, -138],
      [109, 0],
      [0, -43],
      [86, -9],
      [0, -68],
      [25, 0],
      [0, -83],
      [-22, -4],
      [1, -150],
      [209, 0],
      [11, 7],
      [156, 2],
      [43, 97],
      [-3, 36],
      [-54, -10],
      [-114, -5],
      [6, 26],
      [52, 14],
      [-1, 39],
      [-31, 88],
      [-9, 112],
      [48, -30],
      [35, -5],
      [2, 123],
      [107, -2],
      [0, -45],
      [143, -2],
      [0, -25],
      [48, -23],
      [-1, -153],
      [-81, -24],
      [102, -134],
      [-123, -70],
      [166, -5],
      [-1, -119],
      [26, 8],
      [69, 58],
      [54, 12],
      [63, -5],
      [-18, -54],
      [-71, -65],
      [-20, -67],
      [-68, -1],
      [-21, 13],
      [-89, 8],
      [-50, -32],
      [-184, -170],
      [-96, 17],
      [-43, 79],
      [-175, -24],
      [-90, 2],
      [-12, -55],
      [-51, 8],
      [38, -180],
      [28, -34],
      [35, 0],
      [0, -68],
      [18, -55],
      [-39, -17],
      [-44, 0],
      [-44, 24],
      [38, 17],
      [0, 31],
      [-36, 0],
      [-25, 51],
      [-59, 71],
      [-22, -49],
      [-1, -146],
      [-231, 1],
      [-54, 17],
      [0, 72],
      [-43, 1],
      [12, 69],
      [55, 30],
      [0, 78],
      [52, 0],
      [0, 28],
      [48, 94],
      [-41, 21],
      [-125, -55],
      [-34, -7],
      [-50, -36],
      [-137, -82],
      [-95, -67],
      [-13, 40],
      [-174, 1],
      [-1, -104],
      [-75, 6],
      [-458, 0],
      [-1, -228],
      [-61, 1],
      [-9, 22],
      [-51, 43],
      [-50, 68],
      [-45, 0],
      [-7, -26],
      [-1, -123],
      [-25, -4],
      [-33, 26],
      [4, 50],
      [-49, 0],
      [0, 52],
      [-47, -14],
      [0, 31],
      [-34, -1],
      [-24, -31],
      [-1, -127],
      [-28, 18],
      [6, 41],
      [-64, 100],
      [-26, 8],
      [-76, -38],
      [-43, -30],
      [-14, -56],
      [-42, 15],
      [-99, 13],
      [-11, -36],
      [5, -69],
      [-7, -25],
      [20, -95],
      [33, -10],
      [56, 28],
      [36, 43],
      [26, -22],
      [13, -74],
      [95, -41],
      [0, -127],
      [60, 0],
      [0, -51],
      [-26, 0],
      [0, -106],
      [107, 0],
      [0, -55],
      [33, 0],
      [-1, -180],
      [4, -77],
      [39, -19],
      [90, 22],
      [79, -13],
      [29, 13],
      [38, -42],
      [-5, -28],
      [-44, 0],
      [0, -29],
      [-111, 0],
      [10, -45],
      [-29, -22],
      [-48, 1],
      [-12, -32],
      [16, -20],
      [0, -55],
      [39, -89],
      [-1, -63],
      [-83, 0],
      [-16, -25],
      [0, -71],
      [-39, -1],
      [1, -50],
      [-112, 0],
      [-33, -7],
      [-60, -40],
      [-22, -53],
      [2, -96],
      [-153, 3],
      [-31, 81],
      [-99, 46],
      [-31, 8],
      [-34, 29],
      [-85, 28],
      [-61, -60],
      [34, -31],
      [-10, -24],
      [-78, -74],
      [135, -129],
      [62, 59],
      [126, -119],
      [-65, -24],
      [-61, 25],
      [-97, -20],
      [-54, 6],
      [-23, -14],
      [-45, 40],
      [-60, -23],
      [-136, -34],
      [17, -39],
      [35, -143],
      [54, -107],
      [13, -70],
      [-7, -70],
      [65, 63],
      [4, -35],
      [58, -55],
      [40, 36],
      [38, -36],
      [-137, -130],
      [52, -48],
      [-53, -51],
      [70, -66],
      [-34, -32],
      [32, -30],
      [37, 36],
      [69, -64],
      [-106, -102],
      [1, -58],
      [25, 0],
      [10, -51],
      [-8, -99],
      [-32, -2],
      [0, -118],
      [-12, -79],
      [88, 8],
      [0, -76],
      [27, 0],
      [1, -167],
      [219, 3],
      [-1, -18],
      [126, -83],
      [53, 34],
      [0, 79],
      [117, 0],
      [0, 85],
      [50, 0],
      [81, 135],
      [119, -18],
      [37, 123],
      [194, 5],
      [2, -129],
      [22, -1],
      [-11, -54],
      [-61, -78],
      [52, 0],
      [0, -227],
      [28, -11],
      [24, -73],
      [67, -45],
      [68, -9],
      [-11, -23],
      [0, -258],
      [-178, 1],
      [54, -71],
      [7, -60],
      [-59, 0],
      [0, -17],
      [-63, -21],
      [-32, -43],
      [-47, 31],
      [-59, -76],
      [-179, 86],
      [1, -157],
      [53, 0],
      [1, -92],
      [-53, -1],
      [0, -37],
      [229, -1],
      [0, -103],
      [-17, -38],
      [17, -28],
      [149, 0],
      [0, -618],
      [-353, 0],
      [13, 30],
      [-3, 46],
      [-21, 33],
      [-76, 0],
      [1, 52],
      [-60, -12],
      [-83, 0],
      [0, -53],
      [-233, 1],
      [0, 43],
      [-274, 2],
      [0, -19],
      [-114, 0],
      [-8, -26],
      [56, 0],
      [31, -61],
      [7, -199],
      [-23, -4],
      [3, -90],
      [-16, -15],
      [25, -36],
      [67, 2],
      [2, -62],
      [-92, 12],
      [-11, -85],
      [16, 0],
      [1, -85],
      [-15, -71],
      [-16, -11],
      [11, -57],
      [-40, 23],
      [-90, 17],
      [-78, 0],
      [-18, 88],
      [-65, -1],
      [-47, -176],
      [-124, -441],
      [-2, 34],
      [-20, 38],
      [-50, 34],
      [-235, -2],
      [-7, 617],
      [117, 2],
      [-57, 23],
      [3, 21],
      [-32, 58],
      [-5, 207],
      [-30, 4],
      [-2, 224],
      [233, 3],
      [-2, 190],
      [-234, 5],
      [-3, 30],
      [-75, 0],
      [0, -37],
      [-87, 0],
      [0, 151],
      [18, 0],
      [0, 171],
      [-28, 0],
      [-15, 45],
      [-23, 121],
      [5, 80],
      [18, 104],
      [14, 29],
      [33, -31],
      [48, 47],
      [-200, 189],
      [-26, 20],
      [-158, -3],
      [-6, -92],
      [-38, -1],
      [-77, 46],
      [-93, 11],
      [-1, 36],
      [-140, 0],
      [-26, 7],
      [-260, 131],
      [-8, 21],
      [13, 64],
      [-7, 49],
      [48, 71],
      [8, 42],
      [-49, 7],
      [-30, 25],
      [-48, -90],
      [-42, -35],
      [-39, -75],
      [-83, 42],
      [-39, 7],
      [-76, -2],
      [-137, 44],
      [-68, 28],
      [-65, 35],
      [0, -127],
      [40, -62],
      [2, -150],
      [-13, -81],
      [-18, -21],
      [83, -109],
      [-103, -1],
      [1, -104],
      [18, 0],
      [2, -208],
      [-145, -2],
      [1, -161],
      [44, -80],
      [10, -223],
      [-33, -74],
      [10, -105],
      [-90, -45],
      [-30, -5],
      [-234, 39],
      [-142, -10],
      [-63, -34],
      [3, -28],
      [-26, -58],
      [-23, -77],
      [-16, -78],
      [4, -58],
      [92, -20],
      [47, -20],
      [67, -53],
      [60, -11],
      [88, 17],
      [-30, 75],
      [78, 9],
      [22, -65],
      [70, 18],
      [154, -1],
      [79, 33],
      [97, 68],
      [30, 10],
      [119, 21],
      [4, -335],
      [35, -44],
      [8, -30],
      [1, -200],
      [-318, -1],
      [-85, -15],
      [2, -34],
      [24, -45],
      [-32, -56],
      [-44, -14],
      [-27, -35],
      [9, -107],
      [-13, -47],
      [-93, 26],
      [-105, 14],
      [-37, -6],
      [-51, -66],
      [-26, -52],
      [-71, -282],
      [-114, 16],
      [3, 34],
      [42, 128],
      [-6, 46],
      [13, 84],
      [71, 35],
      [-1, 50],
      [-73, -19],
      [-69, -39],
      [-61, -13],
      [-88, 5],
      [-46, 24],
      [-63, 77],
      [-13, 67],
      [-121, -49],
      [-31, 32],
      [6, 77],
      [-31, 54],
      [38, 22],
      [3, 109],
      [13, 41],
      [-79, 29],
      [-99, 1],
      [-69, 25],
      [-71, 0],
      [-2, -375],
      [54, -6],
      [-2, -145],
      [79, -70],
      [42, -53],
      [16, -93],
      [-8, -26],
      [11, -111],
      [32, -41],
      [22, -4],
      [76, 15],
      [199, 0],
      [61, 22],
      [48, -1],
      [48, -21],
      [-13, -29],
      [-26, -111],
      [156, 0],
      [-29, -110],
      [-65, -191],
      [-8, -51],
      [2, -75],
      [54, -79],
      [59, -96],
      [17, -68],
      [0, -279],
      [-80, 1],
      [-2, -131],
      [-64, 16],
      [-87, 0],
      [-132, -37],
      [-45, -24],
      [-57, 10],
      [-46, -13],
      [-47, -30],
      [-42, -1],
      [2, -426],
      [-57, 19],
      [-157, 35],
      [-45, 70],
      [-45, 4],
      [-64, -8],
      [-42, -93],
      [-32, -100],
      [-12, -95],
      [11, -69],
      [34, -83],
      [6, -63],
      [-13, -48],
      [6, -83],
      [-7, -98],
      [5, -110],
      [-11, -50],
      [-40, -51],
      [33, -10],
      [-16, -70],
      [1, -228],
      [-5, -25],
      [-47, 2],
      [-5, 46],
      [-79, -1],
      [-22, -47],
      [-16, -89],
      [381, 0],
      [6, -81],
      [54, -103],
      [2, -49],
      [-31, -124],
      [-26, -145],
      [-13, 0],
      [-25, 136],
      [-98, -47],
      [-127, -89],
      [-33, -37],
      [-37, -93],
      [-15, -121],
      [-10, -36],
      [-32, -49],
      [-58, -56],
      [-32, -56],
      [-16, -87],
      [97, 2],
      [105, 46],
      [54, 13],
      [132, 0],
      [54, -25],
      [4, -49],
      [-88, -267],
      [37, -41],
      [17, 24],
      [39, 5],
      [26, -47],
      [35, 9],
      [73, 47],
      [43, -3],
      [16, -43],
      [61, -47],
      [42, 10],
      [30, 28],
      [32, -3],
      [6, -69],
      [-38, -79],
      [-4, -78],
      [-20, -61],
      [31, -57],
      [-20, -66],
      [74, -14],
      [62, -57],
      [38, -61],
      [-32, -42],
      [-3, -59],
      [-26, 0],
      [-49, -103],
      [233, -62],
      [41, -23],
      [18, 11],
      [346, -81],
      [-20, -77],
      [-73, -58],
      [-10, -26],
      [-42, -7],
      [-6, -31],
      [29, -97],
      [-22, -80],
      [-35, -7],
      [-31, 57],
      [-58, 56],
      [-3, 34],
      [16, 54],
      [-32, 38],
      [-63, 36],
      [-46, 55],
      [-18, 98],
      [-53, 43],
      [2, -252],
      [-3, -136],
      [1, -256],
      [-153, 28],
      [-27, -1],
      [-4, 121],
      [13, 62],
      [-21, 69],
      [39, 24],
      [-19, 55],
      [-65, -19],
      [-57, 15],
      [-53, -6],
      [-30, 21],
      [-93, -11],
      [1, 34],
      [-84, 18],
      [1, -155],
      [-75, -10],
      [-9, -10],
      [-99, 23],
      [-65, 24],
      [-27, -19],
      [-53, 53],
      [-3, 38],
      [60, 38],
      [-18, 108],
      [-70, 24],
      [-10, 76],
      [25, 7],
      [10, 46],
      [-59, 93],
      [-74, 50],
      [-111, 26],
      [-138, -11],
      [-56, -23],
      [-45, -31],
      [-67, -2],
      [-61, -25],
      [-41, -2],
      [-79, 62],
      [2, 59],
      [17, 29],
      [35, 23],
      [-48, 88],
      [-1, 64],
      [14, 112],
      [46, 35],
      [-4, 60],
      [-64, 97],
      [31, 97],
      [-37, 20],
      [-28, -21],
      [-62, 53],
      [-22, 50],
      [9, 47],
      [100, 19],
      [33, -19],
      [68, 26],
      [69, 64],
      [73, 131],
      [11, 6],
      [42, 79],
      [20, 11],
      [46, 106],
      [41, 176],
      [34, 82],
      [12, 66],
      [30, 111],
      [6, 97],
      [-1, 97],
      [27, 234],
      [12, 69],
      [-1, 90],
      [20, 61],
      [2, 41],
      [-12, 173],
      [-20, 108],
      [-20, 64],
      [-8, 165],
      [-11, 57],
      [-35, 97],
      [-19, 39],
      [-75, 103],
      [-40, 42],
      [-36, 74],
      [-60, 82],
      [-142, 147],
      [-78, 71],
      [-68, 36],
      [7, 43],
      [86, -2],
      [71, 18],
      [76, 46],
      [71, 5],
      [48, 34],
      [78, 101],
      [35, 72],
      [28, 102],
      [12, 103],
      [3, 129],
      [-13, 130],
      [-17, 77],
      [-35, 94],
      [-75, 126],
      [-79, 78],
      [-71, 33],
      [-66, 1],
      [-97, 52],
      [-53, 14],
      [-133, -12],
      [-66, 2],
      [-10, 26],
      [34, 67],
      [4, 49],
      [-42, 89],
      [32, 94],
      [-13, 103],
      [-55, 91],
      [-39, 36],
      [-45, 18],
      [-14, 36],
      [-35, 27],
      [-50, -6],
      [-38, 12],
      [7, 59],
      [-18, 35],
      [31, 9],
      [42, -37],
      [52, -19],
      [64, -7],
      [27, -13],
      [26, -76],
      [38, -5],
      [52, -27],
      [37, -6],
      [81, 16],
      [71, -5],
      [80, -27],
      [85, 8],
      [110, 63],
      [139, 123],
      [173, 191],
      [87, 117],
      [39, 92],
      [23, 88],
      [3, 73],
      [-16, 47],
      [-2, 55],
      [-20, 56],
      [-42, 42],
      [9, 42],
      [73, 111],
      [46, 41],
      [99, 146],
      [71, 150],
      [29, 112],
      [10, 95],
      [-1, 116],
      [-65, 219],
      [-14, 71],
      [-52, 0],
      [-1, 61],
      [-64, 1],
      [-11, 61],
      [40, 26],
      [-6, 43],
      [16, 13],
      [11, 72],
      [-6, 165],
      [-26, 83],
      [-40, 6],
      [-70, 51],
      [-44, 12],
      [-128, 14],
      [-49, -37],
      [-73, 33],
      [120, 35],
      [37, 5],
      [102, 61],
      [32, 48],
      [36, 73],
      [34, 111],
      [13, 104],
      [-3, 70],
      [-12, 42],
      [-40, 11],
      [-43, 47],
      [-17, 35],
      [-4, 68],
      [53, 14],
      [-31, 51],
      [-68, 125],
      [-32, 39],
      [-15, 55],
      [5, 74],
      [16, 25],
      [-11, 95],
      [-24, 21],
      [-23, 94],
      [14, 30],
      [-21, 61],
      [-25, 18],
      [-63, 5],
      [-24, 47],
      [-53, 17],
      [3, 27],
      [49, 22],
      [31, 27],
      [134, 152],
      [31, 30],
      [123, 26],
      [18, 18],
      [53, 146],
      [-37, 64],
      [-1, 37],
      [69, 19],
      [56, -17],
      [53, -43],
      [34, -6],
      [53, 14],
      [25, 57],
      [112, 138],
      [7, 120],
      [103, -31],
      [45, -24],
      [52, -40],
      [78, -27],
      [84, -19],
      [25, -25],
      [51, -19],
      [49, -33],
      [4, -47],
      [-46, -10],
      [15, -51],
      [57, 14],
      [48, 37],
      [34, 11],
      [51, 35],
      [28, 36],
      [31, 71],
      [16, 85],
      [3, 102],
      [-11, 30],
      [69, 22],
      [54, -22],
      [44, 12],
      [31, 23],
      [21, 44],
      [43, -2],
      [53, -44],
      [2, -41],
      [31, -47],
      [46, -9],
      [10, -25],
      [-28, -42],
      [-4, -129],
      [31, -35],
      [35, -16],
      [-3, -28],
      [-30, -38],
      [10, -105],
      [21, -58],
      [40, -23],
      [46, -83],
      [6, -81],
      [28, 62],
      [-19, 66],
      [8, 21],
      [53, 22],
      [40, 41],
      [29, 54],
      [138, -18],
      [42, 38],
      [39, 14],
      [33, 51],
      [-18, 25],
      [20, 23],
      [39, -12],
      [52, 15],
      [54, 26],
      [18, 39],
      [95, -54],
      [41, 2],
      [-7, -85],
      [37, 23],
      [14, 34],
      [-41, 66],
      [-46, 9],
      [-22, 54],
      [-20, 9],
      [-69, -7],
      [-56, 3],
      [-14, -23],
      [-66, -24],
      [-90, -11],
      [-35, -24],
      [-31, -80],
      [-6, -58],
      [-15, -26],
      [-42, 52],
      [-87, 29],
      [-43, -27],
      [-13, -28],
      [9, -47],
      [-40, -28],
      [-25, 33],
      [-27, 7],
      [47, 47],
      [-7, 50],
      [-60, 108],
      [-5, 33],
      [15, 43],
      [-12, 77],
      [-37, 20],
      [4, 86],
      [-25, 45],
      [28, 96],
      [7, 79],
      [-29, 117],
      [-31, 68],
      [-62, 103],
      [3, 77],
      [-15, 83],
      [-34, 78],
      [6, 33],
      [37, 17],
      [43, -39],
      [30, -70],
      [30, -23],
      [85, -39],
      [93, -26],
      [55, 12],
      [81, 58],
      [73, -6],
      [53, 7],
      [78, 40],
      [69, 50],
      [38, 43],
      [9, 57],
      [-14, 31],
      [-91, 165],
      [-11, 108],
      [17, 62],
      [50, 28],
      [60, -10],
      [53, -69],
      [1, -102],
      [37, -64],
      [26, -16],
      [76, -6],
      [100, 20],
      [110, 43],
      [41, 42],
      [6, 66],
      [-53, 2],
      [-41, 48],
      [-64, 34],
      [-7, 36],
      [29, 52],
      [86, 44],
      [101, 19],
      [106, 1],
      [83, 28],
      [-259, -7],
      [-91, -28],
      [-53, -42],
      [-23, -62],
      [15, -53],
      [96, -86],
      [25, -47],
      [-25, -41],
      [-55, -21],
      [-135, -13],
      [-74, 26],
      [-29, 42],
      [31, 83],
      [2, 31],
      [-112, 100],
      [-81, 6],
      [-43, -32],
      [-38, -55],
      [-16, -55],
      [0, -78],
      [52, -187],
      [-5, -31],
      [-34, -78],
      [58, 44],
      [35, -26],
      [-19, -26],
      [-59, -45],
      [-61, -27],
      [-53, -8],
      [-3, 36],
      [36, 14],
      [-400, 142],
      [-44, -8],
      [-45, -46],
      [-119, -35],
      [-80, -105],
      [-56, -30],
      [-8, -19],
      [-105, -22],
      [-27, -12],
      [-63, -62],
      [-14, -41],
      [-1, -48],
      [24, -45],
      [78, -33],
      [-28, -33],
      [-80, 11],
      [-39, -25],
      [-38, -66],
      [-50, -43],
      [-25, -90],
      [-25, -34],
      [-50, -29],
      [-53, -15],
      [-109, -9],
      [-94, -30],
      [-21, 72],
      [-58, 82],
      [-3, 82],
      [-10, 27],
      [-70, 35],
      [-64, 14],
      [-45, -2],
      [-46, -24],
      [-12, -108],
      [-26, -78],
      [8, -30],
      [42, 3],
      [-40, -94],
      [2, -67],
      [52, -44],
      [107, -75],
      [4, -10],
      [-83, -117],
      [-44, -42],
      [-126, 49],
      [-73, -5],
      [-113, -59],
      [3, -37],
      [31, -34],
      [43, -16],
      [10, -48],
      [-35, -110],
      [-78, -29],
      [-12, 16],
      [-76, -10],
      [-138, -157],
      [-5, -31],
      [-51, -49],
      [-51, -11],
      [-49, 14],
      [42, 70],
      [-32, 25],
      [50, 114],
      [21, 15],
      [88, 8],
      [34, 44],
      [57, 143],
      [38, 50],
      [26, 53],
      [9, 47],
      [18, 208],
      [-13, 73],
      [7, 80],
      [-1, 79],
      [-22, 37],
      [14, 21],
      [-2, 46],
      [25, 111],
      [-3, 63],
      [23, 96],
      [11, 78],
      [3, 123],
      [-1, 251],
      [-7, 113],
      [5, 41],
      [-7, 144],
      [14, 13],
      [-2, 241],
      [9, 138],
      [-1, 247],
      [4, 53],
      [-11, 89],
      [-7, 129],
      [-25, 157],
      [-16, 37],
      [-6, 89],
      [12, 48],
      [-6, 184],
      [7, 15],
      [-9, 164],
      [-13, 54],
      [14, 43],
      [-20, 82],
      [-4, 81],
      [-25, 51],
      [-8, 43],
      [-81, 136],
      [-22, 24],
      [-50, -21],
      [-42, 12],
      [70, 43],
      [-19, 45],
      [-47, 28],
      [-158, 264],
      [4, 34],
      [44, 75],
      [29, 103],
      [12, 86],
      [5, 95],
      [-15, 84],
      [-2, 89],
      [-20, 65],
      [-24, 142],
      [-19, 33],
      [-27, 111],
      [-24, 136],
      [-78, 266],
      [-47, 131],
      [-31, 48],
      [-115, 157],
      [-21, 41],
      [-23, 74],
      [-19, 148],
      [-61, 165],
      [-45, 43],
      [-20, 63],
      [26, 16],
      [-5, 56],
      [-38, 96],
      [-99, 92],
      [-15, 57],
      [-8, 136],
      [-45, 118],
      [-22, 106],
      [-66, 116],
      [-27, 64],
      [-51, 61],
      [-31, 48],
      [-76, 75],
      [-36, 53],
      [-17, 46],
      [-61, 114],
      [-15, 60],
      [-3, 97],
      [-18, 36],
      [-50, 62],
      [-33, 24],
      [-45, 81],
      [-21, 21],
      [-15, 58],
      [-45, 114],
      [-60, 110],
      [-34, 86],
      [-42, 82],
      [-45, 62],
      [-33, 125]
    ],
    [
      [1209, 201046],
      [70, -27],
      [-45, -36],
      [-25, 63]
    ],
    [
      [532672, 1855],
      [24, 30],
      [-87, 171],
      [154, 61],
      [-6, 104],
      [-15, 36],
      [21, 68],
      [78, -4],
      [69, 13],
      [45, -7],
      [182, -63],
      [34, 49],
      [38, -32],
      [60, 23],
      [26, 33],
      [12, 42],
      [45, 18],
      [-58, 75],
      [-55, 5],
      [-15, 142],
      [-60, 12],
      [-1, 40],
      [-76, 12],
      [-20, -68],
      [-58, 27],
      [-14, -15],
      [-62, -11],
      [-53, 23],
      [28, 70],
      [-2, 21],
      [-96, 16],
      [40, 26],
      [64, 18],
      [-19, 25],
      [-33, -17],
      [-72, 57],
      [-67, 5],
      [34, 40],
      [-6, 38],
      [-45, -11],
      [-26, -31],
      [-39, 31],
      [-34, -2],
      [-59, -69],
      [-21, 35],
      [2, 35],
      [-116, -1],
      [-3, -18],
      [-114, 65],
      [38, 25],
      [12, 43],
      [43, 21],
      [28, 34],
      [-176, 95],
      [93, 59],
      [-40, 24],
      [37, 28],
      [-33, 33],
      [25, 15],
      [-55, 30],
      [85, 80],
      [-31, 90],
      [-13, 63],
      [-61, 5],
      [-75, 66],
      [-22, -17],
      [-130, 25],
      [-18, -32],
      [-56, -30],
      [-24, 27],
      [45, 40],
      [71, 40],
      [22, 25],
      [131, -7],
      [18, 32],
      [36, 4],
      [20, 49],
      [-12, 62],
      [48, -5],
      [9, 40],
      [39, 4],
      [23, 47],
      [-141, 20],
      [-17, 67],
      [-46, 18],
      [-20, 28],
      [-47, 15],
      [-31, -51],
      [-54, 71],
      [25, 4],
      [-37, 62],
      [49, 36],
      [-13, 17],
      [63, 34],
      [97, -13],
      [62, 31],
      [-33, 72],
      [11, 94],
      [-9, 53],
      [-34, 61],
      [-23, 89],
      [-19, 41],
      [-47, 63],
      [-49, 148],
      [72, -27],
      [62, -66],
      [18, -77],
      [94, -44],
      [19, -51],
      [33, 17],
      [47, -50],
      [19, 18],
      [49, 1],
      [16, -23],
      [-3, -56],
      [67, -107],
      [6, -54],
      [-25, -20],
      [-3, -42],
      [-49, -50],
      [-17, -40],
      [58, -6],
      [77, -42],
      [5, 47],
      [44, 0],
      [50, -23],
      [53, -63],
      [77, 6],
      [38, 29],
      [61, 7],
      [44, -8],
      [-42, -47],
      [-61, -20],
      [-22, -27],
      [-51, -33],
      [-19, 12],
      [-194, 67],
      [-27, -36],
      [23, -24],
      [51, -8],
      [13, -26],
      [46, 4],
      [-66, -65],
      [-76, -32],
      [-25, -62],
      [-36, -38],
      [34, -39],
      [44, 27],
      [6, -48],
      [46, 24],
      [15, -77],
      [-44, -5],
      [-49, 27],
      [-19, -19],
      [17, -55],
      [61, -1],
      [61, -57],
      [57, -1],
      [24, -17],
      [21, -48],
      [26, 0],
      [43, -53],
      [48, 0],
      [43, -17],
      [14, 30],
      [66, 40],
      [36, 40],
      [74, 6],
      [54, 24],
      [28, -16],
      [34, 13],
      [105, -33],
      [49, -59],
      [-90, -26],
      [-37, -20],
      [-68, -67],
      [50, -27],
      [47, 17],
      [19, -70],
      [50, 7],
      [-1, 80],
      [-28, 18],
      [21, 30],
      [104, -10],
      [90, -42],
      [22, 5],
      [81, -55],
      [20, -42],
      [5, -67],
      [-43, -41],
      [-50, 3],
      [-4, -65],
      [-45, -21],
      [-10, -33],
      [34, -19],
      [33, 24],
      [85, 3],
      [70, 23],
      [12, -44],
      [-29, -19],
      [9, -66],
      [-90, 3],
      [-36, -49],
      [1, -29],
      [82, -42],
      [64, -44],
      [35, -62],
      [77, -4],
      [32, -37],
      [-17, -64],
      [-26, -31],
      [11, -59],
      [67, -66],
      [25, 10],
      [14, -102],
      [-76, -9],
      [-71, -58],
      [81, -5],
      [30, -12],
      [-18, -53],
      [8, -37],
      [-47, -42],
      [-32, -10],
      [-31, -113],
      [19, -19],
      [46, 7],
      [41, -18],
      [-22, -31],
      [44, -40],
      [59, -21],
      [24, -23],
      [64, -16],
      [116, 5],
      [33, -29],
      [-13, -43],
      [12, -25],
      [45, -30],
      [5, -62],
      [16, -40],
      [11, -100],
      [-19, -45],
      [-5, -68],
      [-46, -82],
      [-29, -96],
      [26, -32],
      [-23, -27],
      [-20, -79],
      [13, -42],
      [-25, -14],
      [-145, -35],
      [-21, -21],
      [-14, -49],
      [-50, -90],
      [12, -82],
      [-16, -42],
      [-33, -31],
      [3, -66],
      [-41, -26],
      [-130, -37],
      [-4, -22],
      [-45, -38],
      [-25, -59],
      [32, -17],
      [63, -64],
      [-9, -39],
      [13, -101],
      [-26, -86],
      [-25, -4],
      [-39, -61],
      [-5, -57],
      [19, -21],
      [52, -3],
      [-11, -33],
      [34, -12],
      [-7, -54],
      [-103, -15],
      [-31, 30],
      [-47, -10],
      [-53, 37],
      [-97, 9],
      [-7, 67],
      [-34, 19],
      [0, 49],
      [-46, 25],
      [-34, 40],
      [-36, 16],
      [19, 37],
      [-45, 5],
      [-112, 55],
      [-2, -36],
      [-31, -85],
      [-157, 91],
      [50, 63],
      [-48, 29],
      [-1, 40],
      [66, 95],
      [-82, 12],
      [14, 20],
      [-72, 69],
      [127, 103],
      [-38, 28],
      [146, 93],
      [46, 13],
      [154, 6],
      [115, -7],
      [59, -11],
      [37, 54],
      [27, -41],
      [-10, -80],
      [41, -40],
      [45, 38],
      [49, 13],
      [-70, 57],
      [92, 33],
      [-3, 34],
      [63, -7],
      [5, 25],
      [67, 67],
      [-64, 16],
      [28, 64],
      [-20, 139],
      [50, 223],
      [12, 65],
      [-130, 18],
      [-217, 37],
      [-136, 26],
      [6, 64],
      [80, 116],
      [5, 52],
      [-37, -11],
      [-17, -30],
      [-103, 2],
      [-65, 154],
      [45, 13],
      [-28, 64],
      [-43, -10],
      [-112, -71],
      [-58, -17],
      [-59, -5],
      [-91, -93],
      [-72, -29],
      [-129, 13]
    ],
    [
      [536168, 3622],
      [21, 41],
      [24, -3],
      [22, -77],
      [83, -70],
      [46, 1],
      [84, -38],
      [84, 46],
      [145, 136],
      [3, 95],
      [14, 28],
      [96, -25],
      [70, 44],
      [18, -66],
      [-21, -25],
      [-1, -47],
      [30, -73],
      [45, -53],
      [79, -45],
      [93, -5],
      [74, 4],
      [110, 18],
      [136, 36],
      [223, -5],
      [191, 14],
      [88, -2],
      [159, -47],
      [92, -18],
      [108, -68],
      [33, -67],
      [57, -53],
      [40, -10],
      [71, -55],
      [45, -54],
      [-20, -34],
      [-57, 10],
      [-148, 82],
      [-116, 49],
      [-53, 13],
      [-207, 17],
      [-102, 2],
      [-154, -22],
      [-312, -74],
      [-63, -20],
      [-173, -74],
      [-105, -59],
      [-122, -82],
      [-159, -135],
      [-41, -42],
      [-14, -47],
      [126, -113],
      [10, -61],
      [-33, -60],
      [-86, -124],
      [-10, -43],
      [-48, -79],
      [11, -38],
      [-45, -60],
      [-34, -71],
      [-31, -119],
      [5, -67],
      [16, -40],
      [41, -52],
      [41, -21],
      [165, 25],
      [37, -11],
      [0, -37],
      [-236, -26],
      [-11, 50],
      [-27, 20],
      [-38, 58],
      [-124, -28],
      [-59, 98],
      [-58, 49],
      [-88, 0],
      [-146, -45],
      [-37, 8],
      [-42, -12],
      [-48, -45],
      [-120, 49],
      [-83, 17],
      [-70, 6],
      [-86, -3],
      [-61, -30],
      [-26, -41],
      [33, -44],
      [21, -53],
      [-21, -32],
      [8, -50],
      [-21, -48],
      [-44, -26],
      [-42, -55],
      [-31, -64],
      [-33, -30],
      [-11, -52],
      [-45, -80],
      [-91, 20],
      [-32, 27],
      [-78, -20],
      [-16, 67],
      [23, 21],
      [1, 56],
      [30, 37],
      [7, 93],
      [-16, 69],
      [-24, 22],
      [31, 22],
      [21, 41],
      [53, 38],
      [30, 52],
      [-2, 66],
      [-51, 114],
      [-37, 38],
      [-21, 80],
      [-22, 34],
      [-74, 42],
      [-30, 50],
      [37, 27],
      [-4, 38],
      [-34, 34],
      [-100, 32],
      [-94, 18],
      [-112, -18],
      [-6, 27],
      [-45, 19],
      [-87, 5],
      [-106, -8],
      [-8, -31],
      [-61, -27],
      [-56, 72],
      [7, 61],
      [31, 27],
      [29, -7],
      [25, 56],
      [-52, 23],
      [-24, -39],
      [-105, -31],
      [-31, -33],
      [-60, -3],
      [-24, 73],
      [1, 28],
      [44, 26],
      [-7, 25],
      [32, 43],
      [-75, -1],
      [15, 44],
      [-14, 54],
      [36, 40],
      [25, 8],
      [13, 76],
      [59, 93],
      [-59, 7],
      [-1, -32],
      [-82, -59],
      [-34, 35],
      [-61, 6],
      [-21, 49],
      [-83, 32],
      [-1, 66],
      [56, 47],
      [3, 19],
      [51, 14],
      [-29, 30],
      [-73, -27],
      [-30, -31],
      [-53, -15],
      [-39, 58],
      [1, 34],
      [-39, 30],
      [-46, 76],
      [-34, 19],
      [-80, 65],
      [-40, 23],
      [3, 69],
      [49, 45],
      [64, 16],
      [11, 42],
      [51, 7],
      [63, 36],
      [49, 7],
      [45, 77],
      [62, 17],
      [187, -7],
      [42, 49],
      [60, 14],
      [-2, -80],
      [93, -63],
      [-4, -72],
      [-233, 13],
      [2, 22],
      [-65, 5],
      [-3, -35],
      [-75, -16],
      [44, -68],
      [7, -72],
      [38, -36],
      [41, -5],
      [23, -41],
      [78, -71],
      [-3, -38],
      [108, 37],
      [4, -27],
      [79, -70],
      [26, 12],
      [64, -64],
      [-55, -25],
      [10, -22],
      [65, -49],
      [14, 52],
      [73, -85],
      [95, -22],
      [47, -39],
      [76, 3],
      [20, -18],
      [26, -60],
      [107, 0],
      [167, -18],
      [54, 0],
      [8, -23],
      [-32, -56],
      [45, -19],
      [-33, -107],
      [17, -142],
      [118, -13],
      [-21, -98],
      [147, -22],
      [-22, -33],
      [87, -13],
      [51, -43],
      [241, 28],
      [24, -160],
      [-53, -7],
      [-3, -64],
      [63, 3],
      [186, -33],
      [-20, 310],
      [8, 38],
      [-10, 38],
      [-53, -8],
      [-11, 68],
      [6, 66],
      [56, 57],
      [92, 23],
      [28, 37],
      [-13, 89],
      [-59, 31],
      [-5, 46],
      [-102, 48],
      [28, 22],
      [-74, 55],
      [-123, 76],
      [-107, 58],
      [-31, -58],
      [-155, 90],
      [-90, -21],
      [-40, -35],
      [-14, 65],
      [32, 59],
      [28, 15],
      [91, 10],
      [21, -30],
      [80, -9],
      [24, 21],
      [55, 10],
      [81, 99],
      [41, -25],
      [61, 38],
      [26, 0],
      [40, -72],
      [119, 38],
      [119, 112],
      [49, 94]
    ],
    [
      [532638, 5327],
      [-33, -74],
      [9, -38],
      [55, -41],
      [-2, -17],
      [-68, -3],
      [-38, -42],
      [-24, -73],
      [-59, -63],
      [-5, -53],
      [33, -26],
      [42, -57],
      [-47, -26],
      [-44, 58],
      [-36, 70],
      [-24, 7],
      [-5, 67],
      [-33, 9],
      [-153, 89],
      [-33, 11],
      [-77, -35],
      [-96, 73],
      [-122, 41],
      [-49, -5],
      [-104, 119],
      [-33, 19],
      [-41, 56],
      [-60, 23],
      [-41, 58],
      [-28, 120],
      [206, 28],
      [-102, 50],
      [-35, 0],
      [-69, 44],
      [-33, 46],
      [-95, 54],
      [-45, 54],
      [-89, 80],
      [120, 47],
      [91, 43],
      [67, 10],
      [53, 21],
      [58, 39],
      [40, 14],
      [80, 72],
      [-14, 51],
      [46, 24],
      [77, 55],
      [132, 21],
      [32, -72],
      [87, -26],
      [43, 45],
      [88, -12],
      [77, -51],
      [45, 4],
      [47, -21],
      [50, 22],
      [29, 33],
      [86, 9],
      [43, -23],
      [47, 31],
      [54, -14],
      [-30, -32],
      [20, -53],
      [-42, -29],
      [31, -21],
      [2, -52],
      [-27, -44],
      [-21, -86],
      [13, -77],
      [16, -12],
      [16, -69],
      [-47, 6],
      [-185, -47],
      [-17, -33],
      [-56, -36],
      [-2, -46],
      [16, -22],
      [165, -39],
      [-44, -128],
      [74, -49],
      [-24, -55],
      [42, -21]
    ],
    [
      [532688, 5170],
      [117, 17],
      [-9, -178],
      [155, 16],
      [-33, -99],
      [-37, 18],
      [-77, -8],
      [-7, -42],
      [-69, -74],
      [-4, -34],
      [22, -60],
      [123, 40],
      [49, -17],
      [-23, -81],
      [57, -8],
      [6, -53],
      [48, -28],
      [-23, -23],
      [23, -85],
      [-21, -70],
      [-32, -13],
      [-30, -36],
      [-72, -1],
      [-24, 15],
      [-50, -17],
      [-79, 47],
      [-33, 42],
      [10, 46],
      [-17, 88],
      [-55, 94],
      [25, 41],
      [-8, 41],
      [22, 20],
      [7, 59],
      [19, 19],
      [-48, 70],
      [-36, 8],
      [-45, 32],
      [-10, 33],
      [34, 52],
      [12, 61],
      [27, 32],
      [71, 15],
      [15, 21]
    ],
    [
      [533443, 3738],
      [-48, 50],
      [-97, 16],
      [-8, 19],
      [-65, -1],
      [-74, 26],
      [-8, 32],
      [-39, 27],
      [-95, 41],
      [-51, 48],
      [-9, 45],
      [14, 32],
      [36, 5],
      [70, 36],
      [41, 51],
      [32, 22],
      [45, -68],
      [-1, -103],
      [49, 5],
      [55, -38],
      [78, -16],
      [-26, -40],
      [13, -36],
      [80, -56],
      [108, -43],
      [-29, -50],
      [-71, -4]
    ],
    [
      [257316, 575895],
      [-16, -6],
      [0, -45],
      [23, -64],
      [6, -67],
      [-30, -124],
      [-58, -1],
      [1, -273],
      [111, -155],
      [-2, -53],
      [-31, -113],
      [-31, 4],
      [1, -42],
      [143, -124],
      [85, -33],
      [33, -27],
      [67, -122],
      [7, -162],
      [246, 1],
      [0, 136],
      [252, 1],
      [0, -170],
      [78, 1],
      [-1, 33],
      [172, 1],
      [1, -272],
      [253, 0],
      [500, 3],
      [1, -142],
      [535, 1],
      [1, -82],
      [99, -132],
      [16, -5],
      [0, -210],
      [-249, -239],
      [-256, 0],
      [0, -37],
      [-144, 0],
      [2, -339],
      [4, -176],
      [17, -27],
      [250, 310],
      [1, -282],
      [253, 0],
      [1, -275],
      [-130, 0],
      [68, -81],
      [122, -192],
      [-157, -2],
      [-33, 28],
      [1, 85],
      [-71, 58],
      [-53, 22],
      [0, -191],
      [-167, 0],
      [-84, -4],
      [-336, -1],
      [6, 86],
      [-2, 76],
      [9, 20],
      [-31, 33],
      [-112, -87],
      [-88, -52],
      [-129, 117],
      [-41, 54],
      [-22, 49],
      [-28, 139],
      [-108, -1],
      [-30, -32],
      [-52, -21],
      [-30, 12],
      [-60, 0],
      [-28, -33],
      [-18, -128],
      [-80, 13],
      [-22, 47],
      [5, 94],
      [66, 84],
      [-17, 22],
      [-31, -58],
      [-29, -32],
      [-45, 13],
      [-31, 78],
      [-54, 60],
      [-51, 84],
      [-19, 70],
      [-2, 47],
      [9, 38],
      [108, 151],
      [74, 19],
      [-8, 19],
      [-39, 0],
      [-46, 38],
      [-50, -95],
      [-43, -49],
      [-85, -72],
      [-44, -11],
      [-120, 17],
      [-49, -30],
      [-21, 29],
      [-52, 34],
      [-59, 3],
      [-5, -73],
      [-48, -59],
      [-49, -22],
      [-8, 16],
      [-46, -40],
      [0, -99],
      [-205, 42],
      [-229, 189],
      [363, 149],
      [1, 46],
      [54, 49],
      [23, 34],
      [93, 32],
      [99, 3],
      [65, 63],
      [22, 47],
      [65, 55],
      [-24, 7],
      [-76, -66],
      [-14, -47],
      [-52, -28],
      [-157, -8],
      [-23, 10],
      [-64, -19],
      [-31, 10],
      [-31, 32],
      [-15, 36],
      [-6, 51],
      [-14, 26],
      [20, 36],
      [-26, 17],
      [-29, 40],
      [-4, 79],
      [34, 35],
      [-18, 13],
      [-27, -34],
      [-27, 2],
      [-33, -53],
      [37, -15],
      [17, -46],
      [-4, -24],
      [25, -34],
      [20, -101],
      [-25, -32],
      [-43, -15],
      [-54, 17],
      [-66, 53],
      [-73, 46],
      [-27, 30],
      [-55, 21],
      [-19, 21],
      [-43, 11],
      [-33, 25],
      [-60, 30],
      [19, 93],
      [14, 13],
      [95, -4],
      [52, 55],
      [-13, 44],
      [-28, -48],
      [-80, -5],
      [-42, 21],
      [-55, 6],
      [-25, 32],
      [-43, 21],
      [-15, -54],
      [2, -69],
      [44, -29],
      [15, -28],
      [-19, -60],
      [-24, -25],
      [-10, -61],
      [8, -38],
      [25, -46],
      [-17, -11],
      [16, -73],
      [-12, -52],
      [19, -49],
      [-128, -60],
      [-53, 12],
      [15, 52],
      [-8, 55],
      [-29, 1],
      [-20, 42],
      [-70, 53],
      [-30, 46],
      [-45, 5],
      [-49, -22],
      [-57, 3],
      [-10, 12],
      [-76, -3],
      [-20, 36],
      [14, 46],
      [-24, 26],
      [23, 25],
      [38, 16],
      [-2, 24],
      [38, 26],
      [11, 37],
      [71, -37],
      [55, 76],
      [26, 65],
      [-12, 57],
      [34, 82],
      [18, 64],
      [14, 84],
      [-25, 48],
      [-10, 45],
      [-20, 18],
      [-37, 108],
      [-31, 64],
      [-29, -5],
      [-60, -33],
      [-56, -18],
      [-12, 11],
      [-6, 70],
      [-36, 44],
      [11, 34],
      [23, 17],
      [37, -2],
      [42, 13],
      [61, -29],
      [32, 2],
      [105, -57],
      [40, -44],
      [16, -1],
      [25, 68],
      [41, 23],
      [62, 76],
      [34, 131],
      [15, 95],
      [-35, 41],
      [-55, 31],
      [-1, 49],
      [-24, 20],
      [-13, 44],
      [13, 25],
      [70, 7],
      [26, 38],
      [63, 24],
      [27, 33],
      [46, -27],
      [83, -6],
      [2, 29],
      [49, 108],
      [2, 28],
      [45, 55],
      [21, 40],
      [48, 121],
      [60, 74],
      [149, 162],
      [89, 45],
      [25, 29],
      [56, 96],
      [23, 49],
      [27, 21],
      [23, -4],
      [41, -47],
      [91, -36]
    ]
  ],
  "transform": {
    "scale": [0.00005941181203072561, 0.00005327232799194919],
    "translate": [115.61762517367423, -43.01394786052346]
  },
  "objects": {
    "cities": {
      "type": "GeometryCollection",
      "geometries": [
        {
          "arcs": [[[0]], [[1]], [[2]]],
          "type": "MultiPolygon",
          "properties": { "CITY": "Sydney" }
        },
        {
          "arcs": [[3]],
          "type": "Polygon",
          "properties": { "CITY": "Canberra–Queanbeyan" }
        },
        {
          "arcs": [[[4]], [[5]]],
          "type": "MultiPolygon",
          "properties": { "CITY": "Melbourne" }
        },
        {
          "arcs": [[[6]], [[7]], [[8]]],
          "type": "MultiPolygon",
          "properties": { "CITY": "Brisbane" }
        },
        {
          "arcs": [[[9]], [[10]], [[11]], [[12]]],
          "type": "MultiPolygon",
          "properties": { "CITY": "Adelaide" }
        },
        {
          "arcs": [[[13]], [[14]], [[15]]],
          "type": "MultiPolygon",
          "properties": { "CITY": "Perth" }
        },
        {
          "arcs": [[[16]], [[17]], [[18]], [[19]], [[20]]],
          "type": "MultiPolygon",
          "properties": { "CITY": "Hobart" }
        },
        {
          "arcs": [[21]],
          "type": "Polygon",
          "properties": { "CITY": "Darwin" }
        }
      ]
    }
  }
}
